scenario,fold,gene_family
exclude_currently_suppressed22,1,GF_00002
exclude_currently_suppressed22,1,GF_00008
exclude_currently_suppressed22,1,GF_00011
exclude_currently_suppressed22,1,GF_00012
exclude_currently_suppressed22,1,GF_00013
exclude_currently_suppressed22,1,GF_00014
exclude_currently_suppressed22,1,GF_00015
exclude_currently_suppressed22,1,GF_00017
exclude_currently_suppressed22,1,GF_00018
exclude_currently_suppressed22,1,GF_00036
exclude_currently_suppressed22,1,GF_00043
exclude_currently_suppressed22,1,GF_00044
exclude_currently_suppressed22,1,GF_00046
exclude_currently_suppressed22,1,GF_00047
exclude_currently_suppressed22,1,GF_00048
exclude_currently_suppressed22,1,GF_00049
exclude_currently_suppressed22,1,GF_00050
exclude_currently_suppressed22,1,GF_00051
exclude_currently_suppressed22,1,GF_00052
exclude_currently_suppressed22,1,GF_00071
exclude_currently_suppressed22,1,GF_00072
exclude_currently_suppressed22,1,GF_00073
exclude_currently_suppressed22,1,GF_00074
exclude_currently_suppressed22,1,GF_00075
exclude_currently_suppressed22,1,GF_00077
exclude_currently_suppressed22,1,GF_00078
exclude_currently_suppressed22,1,GF_00079
exclude_currently_suppressed22,1,GF_00080
exclude_currently_suppressed22,1,GF_00081
exclude_currently_suppressed22,1,GF_00082
exclude_currently_suppressed22,1,GF_00083
exclude_currently_suppressed22,1,GF_00084
exclude_currently_suppressed22,1,GF_00085
exclude_currently_suppressed22,1,GF_00087
exclude_currently_suppressed22,1,GF_00088
exclude_currently_suppressed22,1,GF_00093
exclude_currently_suppressed22,1,GF_00094
exclude_currently_suppressed22,1,GF_00104
exclude_currently_suppressed22,1,GF_00105
exclude_currently_suppressed22,1,GF_00106
exclude_currently_suppressed22,1,GF_00107
exclude_currently_suppressed22,1,GF_00108
exclude_currently_suppressed22,1,GF_00109
exclude_currently_suppressed22,1,GF_00110
exclude_currently_suppressed22,1,GF_00111
exclude_currently_suppressed22,1,GF_00112
exclude_currently_suppressed22,1,GF_00113
exclude_currently_suppressed22,1,GF_00114
exclude_currently_suppressed22,1,GF_00115
exclude_currently_suppressed22,1,GF_00116
exclude_currently_suppressed22,1,GF_00117
exclude_currently_suppressed22,1,GF_00120
exclude_currently_suppressed22,1,GF_00121
exclude_currently_suppressed22,1,GF_00122
exclude_currently_suppressed22,1,GF_00123
exclude_currently_suppressed22,1,GF_00124
exclude_currently_suppressed22,1,GF_00125
exclude_currently_suppressed22,1,GF_00136
exclude_currently_suppressed22,1,GF_00137
exclude_currently_suppressed22,1,GF_00138
exclude_currently_suppressed22,1,GF_00139
exclude_currently_suppressed22,1,GF_00141
exclude_currently_suppressed22,1,GF_00142
exclude_currently_suppressed22,1,GF_00143
exclude_currently_suppressed22,1,GF_00155
exclude_currently_suppressed22,1,GF_00164
exclude_currently_suppressed22,1,GF_00170
exclude_currently_suppressed22,1,GF_00175
exclude_currently_suppressed22,1,GF_00178
exclude_currently_suppressed22,1,GF_00179
exclude_currently_suppressed22,1,GF_00180
exclude_currently_suppressed22,1,GF_00185
exclude_currently_suppressed22,1,GF_00208
exclude_currently_suppressed22,1,GF_00220
exclude_currently_suppressed22,1,GF_00228
exclude_currently_suppressed22,1,GF_00229
exclude_currently_suppressed22,1,GF_00235
exclude_currently_suppressed22,1,GF_00244
exclude_currently_suppressed22,1,GF_00250
exclude_currently_suppressed22,1,GF_00251
exclude_currently_suppressed22,1,GF_00262
exclude_currently_suppressed22,1,GF_00281
exclude_currently_suppressed22,1,GF_00282
exclude_currently_suppressed22,1,GF_00290
exclude_currently_suppressed22,1,GF_00296
exclude_currently_suppressed22,1,GF_00300
exclude_currently_suppressed22,1,GF_00302
exclude_currently_suppressed22,1,GF_00303
exclude_currently_suppressed22,1,GF_00305
exclude_currently_suppressed22,1,GF_00309
exclude_currently_suppressed22,1,GF_00310
exclude_currently_suppressed22,1,GF_00311
exclude_currently_suppressed22,1,GF_00312
exclude_currently_suppressed22,1,GF_00313
exclude_currently_suppressed22,1,GF_00314
exclude_currently_suppressed22,1,GF_00315
exclude_currently_suppressed22,1,GF_00316
exclude_currently_suppressed22,1,GF_00317
exclude_currently_suppressed22,1,GF_00318
exclude_currently_suppressed22,1,GF_00319
exclude_currently_suppressed22,1,GF_00320
exclude_currently_suppressed22,1,GF_00321
exclude_currently_suppressed22,1,GF_00323
exclude_currently_suppressed22,1,GF_00324
exclude_currently_suppressed22,1,GF_00325
exclude_currently_suppressed22,1,GF_00326
exclude_currently_suppressed22,1,GF_00327
exclude_currently_suppressed22,1,GF_00329
exclude_currently_suppressed22,1,GF_00330
exclude_currently_suppressed22,1,GF_00331
exclude_currently_suppressed22,1,GF_00332
exclude_currently_suppressed22,1,GF_00333
exclude_currently_suppressed22,1,GF_00335
exclude_currently_suppressed22,1,GF_00336
exclude_currently_suppressed22,1,GF_00338
exclude_currently_suppressed22,1,GF_00340
exclude_currently_suppressed22,1,GF_00341
exclude_currently_suppressed22,1,GF_00342
exclude_currently_suppressed22,1,GF_00343
exclude_currently_suppressed22,1,GF_00344
exclude_currently_suppressed22,1,GF_00346
exclude_currently_suppressed22,1,GF_00347
exclude_currently_suppressed22,1,GF_00348
exclude_currently_suppressed22,1,GF_00349
exclude_currently_suppressed22,1,GF_00350
exclude_currently_suppressed22,1,GF_00351
exclude_currently_suppressed22,1,GF_00352
exclude_currently_suppressed22,1,GF_00353
exclude_currently_suppressed22,1,GF_00358
exclude_currently_suppressed22,1,GF_00360
exclude_currently_suppressed22,1,GF_00362
exclude_currently_suppressed22,1,GF_00363
exclude_currently_suppressed22,1,GF_00364
exclude_currently_suppressed22,1,GF_00365
exclude_currently_suppressed22,1,GF_00369
exclude_currently_suppressed22,1,GF_00378
exclude_currently_suppressed22,1,GF_00381
exclude_currently_suppressed22,1,GF_00384
exclude_currently_suppressed22,1,GF_00385
exclude_currently_suppressed22,1,GF_00386
exclude_currently_suppressed22,1,GF_00387
exclude_currently_suppressed22,1,GF_00388
exclude_currently_suppressed22,1,GF_00389
exclude_currently_suppressed22,1,GF_00390
exclude_currently_suppressed22,1,GF_00391
exclude_currently_suppressed22,1,GF_00392
exclude_currently_suppressed22,1,GF_00393
exclude_currently_suppressed22,1,GF_00394
exclude_currently_suppressed22,1,GF_00395
exclude_currently_suppressed22,1,GF_00396
exclude_currently_suppressed22,1,GF_00400
exclude_currently_suppressed22,1,GF_00401
exclude_currently_suppressed22,1,GF_00402
exclude_currently_suppressed22,1,GF_00403
exclude_currently_suppressed22,1,GF_00404
exclude_currently_suppressed22,1,GF_00405
exclude_currently_suppressed22,1,GF_00406
exclude_currently_suppressed22,1,GF_00407
exclude_currently_suppressed22,1,GF_00408
exclude_currently_suppressed22,1,GF_00409
exclude_currently_suppressed22,1,GF_00410
exclude_currently_suppressed22,1,GF_00411
exclude_currently_suppressed22,1,GF_00413
exclude_currently_suppressed22,1,GF_00414
exclude_currently_suppressed22,1,GF_00415
exclude_currently_suppressed22,1,GF_00417
exclude_currently_suppressed22,1,GF_00418
exclude_currently_suppressed22,1,GF_00419
exclude_currently_suppressed22,1,GF_00421
exclude_currently_suppressed22,1,GF_00422
exclude_currently_suppressed22,1,GF_00424
exclude_currently_suppressed22,1,GF_00426
exclude_currently_suppressed22,1,GF_00427
exclude_currently_suppressed22,1,GF_00428
exclude_currently_suppressed22,1,GF_00429
exclude_currently_suppressed22,1,GF_00430
exclude_currently_suppressed22,1,GF_00431
exclude_currently_suppressed22,1,GF_00432
exclude_currently_suppressed22,1,GF_00433
exclude_currently_suppressed22,1,GF_00434
exclude_currently_suppressed22,1,GF_00435
exclude_currently_suppressed22,1,GF_00436
exclude_currently_suppressed22,1,GF_00437
exclude_currently_suppressed22,1,GF_00438
exclude_currently_suppressed22,1,GF_00440
exclude_currently_suppressed22,1,GF_00441
exclude_currently_suppressed22,1,GF_00455
exclude_currently_suppressed22,1,GF_00457
exclude_currently_suppressed22,1,GF_00458
exclude_currently_suppressed22,1,GF_00471
exclude_currently_suppressed22,1,GF_00472
exclude_currently_suppressed22,1,GF_00474
exclude_currently_suppressed22,1,GF_00477
exclude_currently_suppressed22,1,GF_00480
exclude_currently_suppressed22,1,GF_00482
exclude_currently_suppressed22,1,GF_00488
exclude_currently_suppressed22,1,GF_00489
exclude_currently_suppressed22,1,GF_00491
exclude_currently_suppressed22,1,GF_00503
exclude_currently_suppressed22,1,GF_00522
exclude_currently_suppressed22,1,GF_00523
exclude_currently_suppressed22,1,GF_00524
exclude_currently_suppressed22,1,GF_00525
exclude_currently_suppressed22,1,GF_00527
exclude_currently_suppressed22,1,GF_00528
exclude_currently_suppressed22,1,GF_00529
exclude_currently_suppressed22,1,GF_00530
exclude_currently_suppressed22,1,GF_00531
exclude_currently_suppressed22,1,GF_00536
exclude_currently_suppressed22,1,GF_00538
exclude_currently_suppressed22,1,GF_00546
exclude_currently_suppressed22,1,GF_00547
exclude_currently_suppressed22,1,GF_00548
exclude_currently_suppressed22,1,GF_00549
exclude_currently_suppressed22,1,GF_00564
exclude_currently_suppressed22,1,GF_00565
exclude_currently_suppressed22,1,GF_00566
exclude_currently_suppressed22,1,GF_00569
exclude_currently_suppressed22,1,GF_00570
exclude_currently_suppressed22,1,GF_00572
exclude_currently_suppressed22,1,GF_00574
exclude_currently_suppressed22,1,GF_00578
exclude_currently_suppressed22,1,GF_00580
exclude_currently_suppressed22,1,GF_00588
exclude_currently_suppressed22,1,GF_00591
exclude_currently_suppressed22,1,GF_00593
exclude_currently_suppressed22,1,GF_00594
exclude_currently_suppressed22,1,GF_00595
exclude_currently_suppressed22,1,GF_00599
exclude_currently_suppressed22,1,GF_00600
exclude_currently_suppressed22,1,GF_00601
exclude_currently_suppressed22,1,GF_00602
exclude_currently_suppressed22,1,GF_00603
exclude_currently_suppressed22,1,GF_00604
exclude_currently_suppressed22,1,GF_00605
exclude_currently_suppressed22,1,GF_00606
exclude_currently_suppressed22,1,GF_00607
exclude_currently_suppressed22,1,GF_00608
exclude_currently_suppressed22,1,GF_00609
exclude_currently_suppressed22,1,GF_00611
exclude_currently_suppressed22,1,GF_00612
exclude_currently_suppressed22,1,GF_00613
exclude_currently_suppressed22,1,GF_00614
exclude_currently_suppressed22,1,GF_00615
exclude_currently_suppressed22,1,GF_00616
exclude_currently_suppressed22,1,GF_00617
exclude_currently_suppressed22,1,GF_00618
exclude_currently_suppressed22,1,GF_00619
exclude_currently_suppressed22,1,GF_00620
exclude_currently_suppressed22,1,GF_00621
exclude_currently_suppressed22,1,GF_00622
exclude_currently_suppressed22,1,GF_00623
exclude_currently_suppressed22,1,GF_00624
exclude_currently_suppressed22,1,GF_00632
exclude_currently_suppressed22,1,GF_00633
exclude_currently_suppressed22,1,GF_00635
exclude_currently_suppressed22,1,GF_00636
exclude_currently_suppressed22,1,GF_00637
exclude_currently_suppressed22,1,GF_00638
exclude_currently_suppressed22,1,GF_00640
exclude_currently_suppressed22,1,GF_00641
exclude_currently_suppressed22,1,GF_00642
exclude_currently_suppressed22,1,GF_00643
exclude_currently_suppressed22,1,GF_00655
exclude_currently_suppressed22,1,GF_00658
exclude_currently_suppressed22,1,GF_00661
exclude_currently_suppressed22,1,GF_00669
exclude_currently_suppressed22,1,GF_00675
exclude_currently_suppressed22,1,GF_00676
exclude_currently_suppressed22,1,GF_00680
exclude_currently_suppressed22,1,GF_00681
exclude_currently_suppressed22,1,GF_00682
exclude_currently_suppressed22,1,GF_00683
exclude_currently_suppressed22,1,GF_00684
exclude_currently_suppressed22,1,GF_00687
exclude_currently_suppressed22,1,GF_00688
exclude_currently_suppressed22,1,GF_00695
exclude_currently_suppressed22,1,GF_00699
exclude_currently_suppressed22,1,GF_00702
exclude_currently_suppressed22,1,GF_00709
exclude_currently_suppressed22,1,GF_00717
exclude_currently_suppressed22,1,GF_00722
exclude_currently_suppressed22,1,GF_00723
exclude_currently_suppressed22,1,GF_00724
exclude_currently_suppressed22,1,GF_00725
exclude_currently_suppressed22,1,GF_00726
exclude_currently_suppressed22,1,GF_00727
exclude_currently_suppressed22,1,GF_00728
exclude_currently_suppressed22,1,GF_00729
exclude_currently_suppressed22,1,GF_00732
exclude_currently_suppressed22,1,GF_00736
exclude_currently_suppressed22,1,GF_00740
exclude_currently_suppressed22,1,GF_00741
exclude_currently_suppressed22,1,GF_00744
exclude_currently_suppressed22,1,GF_00751
exclude_currently_suppressed22,1,GF_00755
exclude_currently_suppressed22,1,GF_00756
exclude_currently_suppressed22,1,GF_00761
exclude_currently_suppressed22,1,GF_00770
exclude_currently_suppressed22,1,GF_00771
exclude_currently_suppressed22,1,GF_00773
exclude_currently_suppressed22,1,GF_00776
exclude_currently_suppressed22,1,GF_00777
exclude_currently_suppressed22,1,GF_00785
exclude_currently_suppressed22,1,GF_00796
exclude_currently_suppressed22,1,GF_00798
exclude_currently_suppressed22,1,GF_00810
exclude_currently_suppressed22,1,GF_00811
exclude_currently_suppressed22,1,GF_00813
exclude_currently_suppressed22,1,GF_00814
exclude_currently_suppressed22,1,GF_00816
exclude_currently_suppressed22,1,GF_00819
exclude_currently_suppressed22,1,GF_00828
exclude_currently_suppressed22,1,GF_00843
exclude_currently_suppressed22,1,GF_00845
exclude_currently_suppressed22,1,GF_00856
exclude_currently_suppressed22,1,GF_00857
exclude_currently_suppressed22,1,GF_00860
exclude_currently_suppressed22,1,GF_00864
exclude_currently_suppressed22,1,GF_00866
exclude_currently_suppressed22,1,GF_00867
exclude_currently_suppressed22,1,GF_00868
exclude_currently_suppressed22,1,GF_00869
exclude_currently_suppressed22,1,GF_00870
exclude_currently_suppressed22,1,GF_00871
exclude_currently_suppressed22,1,GF_00872
exclude_currently_suppressed22,1,GF_00873
exclude_currently_suppressed22,1,GF_00874
exclude_currently_suppressed22,1,GF_00887
exclude_currently_suppressed22,1,GF_00888
exclude_currently_suppressed22,1,GF_00895
exclude_currently_suppressed22,1,GF_00916
exclude_currently_suppressed22,1,GF_00917
exclude_currently_suppressed22,1,GF_00927
exclude_currently_suppressed22,1,GF_00930
exclude_currently_suppressed22,1,GF_00931
exclude_currently_suppressed22,1,GF_00932
exclude_currently_suppressed22,1,GF_00933
exclude_currently_suppressed22,1,GF_00946
exclude_currently_suppressed22,1,GF_00947
exclude_currently_suppressed22,1,GF_00949
exclude_currently_suppressed22,1,GF_00957
exclude_currently_suppressed22,1,GF_00958
exclude_currently_suppressed22,1,GF_00959
exclude_currently_suppressed22,1,GF_00960
exclude_currently_suppressed22,1,GF_00963
exclude_currently_suppressed22,1,GF_00966
exclude_currently_suppressed22,1,GF_00968
exclude_currently_suppressed22,1,GF_00969
exclude_currently_suppressed22,1,GF_00970
exclude_currently_suppressed22,1,GF_00971
exclude_currently_suppressed22,1,GF_00972
exclude_currently_suppressed22,1,GF_00982
exclude_currently_suppressed22,1,GF_01004
exclude_currently_suppressed22,1,GF_01005
exclude_currently_suppressed22,1,GF_01012
exclude_currently_suppressed22,1,GF_01013
exclude_currently_suppressed22,1,GF_01016
exclude_currently_suppressed22,1,GF_01026
exclude_currently_suppressed22,1,GF_01027
exclude_currently_suppressed22,1,GF_01028
exclude_currently_suppressed22,1,GF_01054
exclude_currently_suppressed22,1,GF_01230
exclude_currently_suppressed22,1,GF_01231
exclude_currently_suppressed22,1,GF_01232
exclude_currently_suppressed22,1,GF_01233
exclude_currently_suppressed22,1,GF_01234
exclude_currently_suppressed22,1,GF_01235
exclude_currently_suppressed22,1,GF_01236
exclude_currently_suppressed22,1,GF_01237
exclude_currently_suppressed22,1,GF_01239
exclude_currently_suppressed22,1,GF_01240
exclude_currently_suppressed22,1,GF_01241
exclude_currently_suppressed22,1,GF_01242
exclude_currently_suppressed22,1,GF_01244
exclude_currently_suppressed22,1,GF_01245
exclude_currently_suppressed22,1,GF_01246
exclude_currently_suppressed22,1,GF_01247
exclude_currently_suppressed22,1,GF_01248
exclude_currently_suppressed22,1,GF_01253
exclude_currently_suppressed22,1,GF_01266
exclude_currently_suppressed22,1,GF_01279
exclude_currently_suppressed22,1,GF_01287
exclude_currently_suppressed22,1,GF_01290
exclude_currently_suppressed22,1,GF_01291
exclude_currently_suppressed22,1,GF_01292
exclude_currently_suppressed22,1,GF_01293
exclude_currently_suppressed22,1,GF_01297
exclude_currently_suppressed22,1,GF_01303
exclude_currently_suppressed22,1,GF_01306
exclude_currently_suppressed22,1,GF_01308
exclude_currently_suppressed22,1,GF_01314
exclude_currently_suppressed22,1,GF_01315
exclude_currently_suppressed22,1,GF_01327
exclude_currently_suppressed22,1,GF_01328
exclude_currently_suppressed22,1,GF_01329
exclude_currently_suppressed22,1,GF_01330
exclude_currently_suppressed22,1,GF_01331
exclude_currently_suppressed22,1,GF_01332
exclude_currently_suppressed22,1,GF_01333
exclude_currently_suppressed22,1,GF_01334
exclude_currently_suppressed22,1,GF_01336
exclude_currently_suppressed22,1,GF_01337
exclude_currently_suppressed22,1,GF_01338
exclude_currently_suppressed22,1,GF_01357
exclude_currently_suppressed22,1,GF_01359
exclude_currently_suppressed22,1,GF_01365
exclude_currently_suppressed22,1,GF_01371
exclude_currently_suppressed22,1,GF_01372
exclude_currently_suppressed22,1,GF_01373
exclude_currently_suppressed22,1,GF_01374
exclude_currently_suppressed22,1,GF_01375
exclude_currently_suppressed22,1,GF_01376
exclude_currently_suppressed22,1,GF_01377
exclude_currently_suppressed22,1,GF_01378
exclude_currently_suppressed22,1,GF_01379
exclude_currently_suppressed22,1,GF_01380
exclude_currently_suppressed22,1,GF_01381
exclude_currently_suppressed22,1,GF_01382
exclude_currently_suppressed22,1,GF_01383
exclude_currently_suppressed22,1,GF_01384
exclude_currently_suppressed22,1,GF_01385
exclude_currently_suppressed22,1,GF_01386
exclude_currently_suppressed22,1,GF_01387
exclude_currently_suppressed22,1,GF_01390
exclude_currently_suppressed22,1,GF_01391
exclude_currently_suppressed22,1,GF_01393
exclude_currently_suppressed22,1,GF_01394
exclude_currently_suppressed22,1,GF_01395
exclude_currently_suppressed22,1,GF_01396
exclude_currently_suppressed22,1,GF_01397
exclude_currently_suppressed22,1,GF_01399
exclude_currently_suppressed22,1,GF_01400
exclude_currently_suppressed22,1,GF_01401
exclude_currently_suppressed22,1,GF_01404
exclude_currently_suppressed22,1,GF_01409
exclude_currently_suppressed22,1,GF_01425
exclude_currently_suppressed22,1,GF_01426
exclude_currently_suppressed22,1,GF_01428
exclude_currently_suppressed22,1,GF_01439
exclude_currently_suppressed22,1,GF_01445
exclude_currently_suppressed22,1,GF_01446
exclude_currently_suppressed22,1,GF_01447
exclude_currently_suppressed22,1,GF_01448
exclude_currently_suppressed22,1,GF_01449
exclude_currently_suppressed22,1,GF_01456
exclude_currently_suppressed22,1,GF_01458
exclude_currently_suppressed22,1,GF_01460
exclude_currently_suppressed22,1,GF_01461
exclude_currently_suppressed22,1,GF_01462
exclude_currently_suppressed22,1,GF_01466
exclude_currently_suppressed22,1,GF_01476
exclude_currently_suppressed22,1,GF_01477
exclude_currently_suppressed22,1,GF_01479
exclude_currently_suppressed22,1,GF_01480
exclude_currently_suppressed22,1,GF_01487
exclude_currently_suppressed22,1,GF_01488
exclude_currently_suppressed22,1,GF_01502
exclude_currently_suppressed22,1,GF_01504
exclude_currently_suppressed22,1,GF_01512
exclude_currently_suppressed22,1,GF_01527
exclude_currently_suppressed22,1,GF_01534
exclude_currently_suppressed22,1,GF_01536
exclude_currently_suppressed22,1,GF_01537
exclude_currently_suppressed22,1,GF_01538
exclude_currently_suppressed22,1,GF_01539
exclude_currently_suppressed22,1,GF_01540
exclude_currently_suppressed22,1,GF_01541
exclude_currently_suppressed22,1,GF_01542
exclude_currently_suppressed22,1,GF_01543
exclude_currently_suppressed22,1,GF_01544
exclude_currently_suppressed22,1,GF_01546
exclude_currently_suppressed22,1,GF_01547
exclude_currently_suppressed22,1,GF_01548
exclude_currently_suppressed22,1,GF_01549
exclude_currently_suppressed22,1,GF_01552
exclude_currently_suppressed22,1,GF_01553
exclude_currently_suppressed22,1,GF_01579
exclude_currently_suppressed22,1,GF_01580
exclude_currently_suppressed22,1,GF_01583
exclude_currently_suppressed22,1,GF_01584
exclude_currently_suppressed22,1,GF_01587
exclude_currently_suppressed22,1,GF_01591
exclude_currently_suppressed22,1,GF_01592
exclude_currently_suppressed22,1,GF_01598
exclude_currently_suppressed22,1,GF_01616
exclude_currently_suppressed22,1,GF_01617
exclude_currently_suppressed22,1,GF_01618
exclude_currently_suppressed22,1,GF_01619
exclude_currently_suppressed22,1,GF_01620
exclude_currently_suppressed22,1,GF_01621
exclude_currently_suppressed22,1,GF_01623
exclude_currently_suppressed22,1,GF_01625
exclude_currently_suppressed22,1,GF_01626
exclude_currently_suppressed22,1,GF_01627
exclude_currently_suppressed22,1,GF_01628
exclude_currently_suppressed22,1,GF_01629
exclude_currently_suppressed22,1,GF_01630
exclude_currently_suppressed22,1,GF_01633
exclude_currently_suppressed22,1,GF_01634
exclude_currently_suppressed22,1,GF_01635
exclude_currently_suppressed22,1,GF_01636
exclude_currently_suppressed22,1,GF_01637
exclude_currently_suppressed22,1,GF_01638
exclude_currently_suppressed22,1,GF_01639
exclude_currently_suppressed22,1,GF_01641
exclude_currently_suppressed22,1,GF_01648
exclude_currently_suppressed22,1,GF_01661
exclude_currently_suppressed22,1,GF_01672
exclude_currently_suppressed22,1,GF_01673
exclude_currently_suppressed22,1,GF_01674
exclude_currently_suppressed22,1,GF_01675
exclude_currently_suppressed22,1,GF_01676
exclude_currently_suppressed22,1,GF_01677
exclude_currently_suppressed22,1,GF_01678
exclude_currently_suppressed22,1,GF_01679
exclude_currently_suppressed22,1,GF_01680
exclude_currently_suppressed22,1,GF_01681
exclude_currently_suppressed22,1,GF_01683
exclude_currently_suppressed22,1,GF_01684
exclude_currently_suppressed22,1,GF_01685
exclude_currently_suppressed22,1,GF_01688
exclude_currently_suppressed22,1,GF_01689
exclude_currently_suppressed22,1,GF_01690
exclude_currently_suppressed22,1,GF_01691
exclude_currently_suppressed22,1,GF_01692
exclude_currently_suppressed22,1,GF_01693
exclude_currently_suppressed22,1,GF_01732
exclude_currently_suppressed22,1,GF_01733
exclude_currently_suppressed22,1,GF_01734
exclude_currently_suppressed22,1,GF_01735
exclude_currently_suppressed22,1,GF_01736
exclude_currently_suppressed22,1,GF_01737
exclude_currently_suppressed22,1,GF_01740
exclude_currently_suppressed22,1,GF_01741
exclude_currently_suppressed22,1,GF_01742
exclude_currently_suppressed22,1,GF_01745
exclude_currently_suppressed22,1,GF_01763
exclude_currently_suppressed22,1,GF_01770
exclude_currently_suppressed22,1,GF_01783
exclude_currently_suppressed22,1,GF_01799
exclude_currently_suppressed22,1,GF_01801
exclude_currently_suppressed22,1,GF_01802
exclude_currently_suppressed22,1,GF_01803
exclude_currently_suppressed22,1,GF_01805
exclude_currently_suppressed22,1,GF_01806
exclude_currently_suppressed22,1,GF_01807
exclude_currently_suppressed22,1,GF_01808
exclude_currently_suppressed22,1,GF_01809
exclude_currently_suppressed22,1,GF_01810
exclude_currently_suppressed22,1,GF_01811
exclude_currently_suppressed22,1,GF_01812
exclude_currently_suppressed22,1,GF_01813
exclude_currently_suppressed22,1,GF_01814
exclude_currently_suppressed22,1,GF_01815
exclude_currently_suppressed22,1,GF_01816
exclude_currently_suppressed22,1,GF_01817
exclude_currently_suppressed22,1,GF_01818
exclude_currently_suppressed22,1,GF_01819
exclude_currently_suppressed22,1,GF_01822
exclude_currently_suppressed22,1,GF_01823
exclude_currently_suppressed22,1,GF_01834
exclude_currently_suppressed22,1,GF_01836
exclude_currently_suppressed22,1,GF_01837
exclude_currently_suppressed22,1,GF_01840
exclude_currently_suppressed22,1,GF_01841
exclude_currently_suppressed22,1,GF_01844
exclude_currently_suppressed22,1,GF_01850
exclude_currently_suppressed22,1,GF_01856
exclude_currently_suppressed22,1,GF_01857
exclude_currently_suppressed22,1,GF_01860
exclude_currently_suppressed22,1,GF_01866
exclude_currently_suppressed22,1,GF_01868
exclude_currently_suppressed22,1,GF_01870
exclude_currently_suppressed22,1,GF_01872
exclude_currently_suppressed22,1,GF_01879
exclude_currently_suppressed22,1,GF_01885
exclude_currently_suppressed22,1,GF_01897
exclude_currently_suppressed22,1,GF_01898
exclude_currently_suppressed22,1,GF_01899
exclude_currently_suppressed22,1,GF_01900
exclude_currently_suppressed22,1,GF_01901
exclude_currently_suppressed22,1,GF_01902
exclude_currently_suppressed22,1,GF_01904
exclude_currently_suppressed22,1,GF_01919
exclude_currently_suppressed22,1,GF_01921
exclude_currently_suppressed22,1,GF_01923
exclude_currently_suppressed22,1,GF_01925
exclude_currently_suppressed22,1,GF_01926
exclude_currently_suppressed22,1,GF_01927
exclude_currently_suppressed22,1,GF_01928
exclude_currently_suppressed22,1,GF_01929
exclude_currently_suppressed22,1,GF_01930
exclude_currently_suppressed22,1,GF_01945
exclude_currently_suppressed22,1,GF_02041
exclude_currently_suppressed22,1,GF_02059
exclude_currently_suppressed22,1,GF_02060
exclude_currently_suppressed22,1,GF_02069
exclude_currently_suppressed22,1,GF_02070
exclude_currently_suppressed22,1,GF_02071
exclude_currently_suppressed22,1,GF_02072
exclude_currently_suppressed22,1,GF_02074
exclude_currently_suppressed22,1,GF_02075
exclude_currently_suppressed22,1,GF_02076
exclude_currently_suppressed22,1,GF_02081
exclude_currently_suppressed22,1,GF_02084
exclude_currently_suppressed22,1,GF_02085
exclude_currently_suppressed22,1,GF_02086
exclude_currently_suppressed22,1,GF_02088
exclude_currently_suppressed22,1,GF_02089
exclude_currently_suppressed22,1,GF_02090
exclude_currently_suppressed22,1,GF_02091
exclude_currently_suppressed22,1,GF_02092
exclude_currently_suppressed22,1,GF_02093
exclude_currently_suppressed22,1,GF_02094
exclude_currently_suppressed22,1,GF_02101
exclude_currently_suppressed22,1,GF_02109
exclude_currently_suppressed22,1,GF_02110
exclude_currently_suppressed22,1,GF_02113
exclude_currently_suppressed22,1,GF_02122
exclude_currently_suppressed22,1,GF_02130
exclude_currently_suppressed22,1,GF_02131
exclude_currently_suppressed22,1,GF_02136
exclude_currently_suppressed22,1,GF_02137
exclude_currently_suppressed22,1,GF_02138
exclude_currently_suppressed22,1,GF_02139
exclude_currently_suppressed22,1,GF_02140
exclude_currently_suppressed22,1,GF_02141
exclude_currently_suppressed22,1,GF_02142
exclude_currently_suppressed22,1,GF_02143
exclude_currently_suppressed22,1,GF_02145
exclude_currently_suppressed22,1,GF_02152
exclude_currently_suppressed22,1,GF_02157
exclude_currently_suppressed22,1,GF_02158
exclude_currently_suppressed22,1,GF_02159
exclude_currently_suppressed22,1,GF_02172
exclude_currently_suppressed22,1,GF_02178
exclude_currently_suppressed22,1,GF_02180
exclude_currently_suppressed22,1,GF_02184
exclude_currently_suppressed22,1,GF_02194
exclude_currently_suppressed22,1,GF_02215
exclude_currently_suppressed22,1,GF_02216
exclude_currently_suppressed22,1,GF_02217
exclude_currently_suppressed22,1,GF_02218
exclude_currently_suppressed22,1,GF_02219
exclude_currently_suppressed22,1,GF_02220
exclude_currently_suppressed22,1,GF_02222
exclude_currently_suppressed22,1,GF_02223
exclude_currently_suppressed22,1,GF_02224
exclude_currently_suppressed22,1,GF_02225
exclude_currently_suppressed22,1,GF_02226
exclude_currently_suppressed22,1,GF_02227
exclude_currently_suppressed22,1,GF_02228
exclude_currently_suppressed22,1,GF_02229
exclude_currently_suppressed22,1,GF_02230
exclude_currently_suppressed22,1,GF_02260
exclude_currently_suppressed22,1,GF_02261
exclude_currently_suppressed22,1,GF_02262
exclude_currently_suppressed22,1,GF_02263
exclude_currently_suppressed22,1,GF_02264
exclude_currently_suppressed22,1,GF_02265
exclude_currently_suppressed22,1,GF_02266
exclude_currently_suppressed22,2,GF_00008
exclude_currently_suppressed22,2,GF_00012
exclude_currently_suppressed22,2,GF_00013
exclude_currently_suppressed22,2,GF_00014
exclude_currently_suppressed22,2,GF_00015
exclude_currently_suppressed22,2,GF_00017
exclude_currently_suppressed22,2,GF_00018
exclude_currently_suppressed22,2,GF_00036
exclude_currently_suppressed22,2,GF_00043
exclude_currently_suppressed22,2,GF_00044
exclude_currently_suppressed22,2,GF_00046
exclude_currently_suppressed22,2,GF_00047
exclude_currently_suppressed22,2,GF_00048
exclude_currently_suppressed22,2,GF_00049
exclude_currently_suppressed22,2,GF_00051
exclude_currently_suppressed22,2,GF_00052
exclude_currently_suppressed22,2,GF_00071
exclude_currently_suppressed22,2,GF_00072
exclude_currently_suppressed22,2,GF_00073
exclude_currently_suppressed22,2,GF_00074
exclude_currently_suppressed22,2,GF_00075
exclude_currently_suppressed22,2,GF_00076
exclude_currently_suppressed22,2,GF_00077
exclude_currently_suppressed22,2,GF_00078
exclude_currently_suppressed22,2,GF_00079
exclude_currently_suppressed22,2,GF_00081
exclude_currently_suppressed22,2,GF_00082
exclude_currently_suppressed22,2,GF_00083
exclude_currently_suppressed22,2,GF_00084
exclude_currently_suppressed22,2,GF_00085
exclude_currently_suppressed22,2,GF_00087
exclude_currently_suppressed22,2,GF_00088
exclude_currently_suppressed22,2,GF_00093
exclude_currently_suppressed22,2,GF_00094
exclude_currently_suppressed22,2,GF_00104
exclude_currently_suppressed22,2,GF_00105
exclude_currently_suppressed22,2,GF_00106
exclude_currently_suppressed22,2,GF_00107
exclude_currently_suppressed22,2,GF_00108
exclude_currently_suppressed22,2,GF_00109
exclude_currently_suppressed22,2,GF_00111
exclude_currently_suppressed22,2,GF_00112
exclude_currently_suppressed22,2,GF_00113
exclude_currently_suppressed22,2,GF_00114
exclude_currently_suppressed22,2,GF_00115
exclude_currently_suppressed22,2,GF_00116
exclude_currently_suppressed22,2,GF_00117
exclude_currently_suppressed22,2,GF_00120
exclude_currently_suppressed22,2,GF_00121
exclude_currently_suppressed22,2,GF_00122
exclude_currently_suppressed22,2,GF_00123
exclude_currently_suppressed22,2,GF_00124
exclude_currently_suppressed22,2,GF_00125
exclude_currently_suppressed22,2,GF_00136
exclude_currently_suppressed22,2,GF_00137
exclude_currently_suppressed22,2,GF_00138
exclude_currently_suppressed22,2,GF_00139
exclude_currently_suppressed22,2,GF_00141
exclude_currently_suppressed22,2,GF_00142
exclude_currently_suppressed22,2,GF_00143
exclude_currently_suppressed22,2,GF_00155
exclude_currently_suppressed22,2,GF_00164
exclude_currently_suppressed22,2,GF_00175
exclude_currently_suppressed22,2,GF_00178
exclude_currently_suppressed22,2,GF_00179
exclude_currently_suppressed22,2,GF_00180
exclude_currently_suppressed22,2,GF_00185
exclude_currently_suppressed22,2,GF_00220
exclude_currently_suppressed22,2,GF_00228
exclude_currently_suppressed22,2,GF_00229
exclude_currently_suppressed22,2,GF_00244
exclude_currently_suppressed22,2,GF_00251
exclude_currently_suppressed22,2,GF_00262
exclude_currently_suppressed22,2,GF_00281
exclude_currently_suppressed22,2,GF_00290
exclude_currently_suppressed22,2,GF_00296
exclude_currently_suppressed22,2,GF_00300
exclude_currently_suppressed22,2,GF_00302
exclude_currently_suppressed22,2,GF_00303
exclude_currently_suppressed22,2,GF_00305
exclude_currently_suppressed22,2,GF_00309
exclude_currently_suppressed22,2,GF_00311
exclude_currently_suppressed22,2,GF_00312
exclude_currently_suppressed22,2,GF_00313
exclude_currently_suppressed22,2,GF_00314
exclude_currently_suppressed22,2,GF_00315
exclude_currently_suppressed22,2,GF_00316
exclude_currently_suppressed22,2,GF_00317
exclude_currently_suppressed22,2,GF_00318
exclude_currently_suppressed22,2,GF_00319
exclude_currently_suppressed22,2,GF_00320
exclude_currently_suppressed22,2,GF_00321
exclude_currently_suppressed22,2,GF_00323
exclude_currently_suppressed22,2,GF_00324
exclude_currently_suppressed22,2,GF_00325
exclude_currently_suppressed22,2,GF_00326
exclude_currently_suppressed22,2,GF_00327
exclude_currently_suppressed22,2,GF_00329
exclude_currently_suppressed22,2,GF_00330
exclude_currently_suppressed22,2,GF_00331
exclude_currently_suppressed22,2,GF_00332
exclude_currently_suppressed22,2,GF_00333
exclude_currently_suppressed22,2,GF_00335
exclude_currently_suppressed22,2,GF_00336
exclude_currently_suppressed22,2,GF_00339
exclude_currently_suppressed22,2,GF_00340
exclude_currently_suppressed22,2,GF_00341
exclude_currently_suppressed22,2,GF_00342
exclude_currently_suppressed22,2,GF_00343
exclude_currently_suppressed22,2,GF_00344
exclude_currently_suppressed22,2,GF_00346
exclude_currently_suppressed22,2,GF_00347
exclude_currently_suppressed22,2,GF_00348
exclude_currently_suppressed22,2,GF_00349
exclude_currently_suppressed22,2,GF_00350
exclude_currently_suppressed22,2,GF_00351
exclude_currently_suppressed22,2,GF_00352
exclude_currently_suppressed22,2,GF_00353
exclude_currently_suppressed22,2,GF_00358
exclude_currently_suppressed22,2,GF_00360
exclude_currently_suppressed22,2,GF_00362
exclude_currently_suppressed22,2,GF_00363
exclude_currently_suppressed22,2,GF_00364
exclude_currently_suppressed22,2,GF_00365
exclude_currently_suppressed22,2,GF_00369
exclude_currently_suppressed22,2,GF_00381
exclude_currently_suppressed22,2,GF_00384
exclude_currently_suppressed22,2,GF_00385
exclude_currently_suppressed22,2,GF_00386
exclude_currently_suppressed22,2,GF_00387
exclude_currently_suppressed22,2,GF_00388
exclude_currently_suppressed22,2,GF_00389
exclude_currently_suppressed22,2,GF_00390
exclude_currently_suppressed22,2,GF_00391
exclude_currently_suppressed22,2,GF_00393
exclude_currently_suppressed22,2,GF_00395
exclude_currently_suppressed22,2,GF_00396
exclude_currently_suppressed22,2,GF_00400
exclude_currently_suppressed22,2,GF_00401
exclude_currently_suppressed22,2,GF_00402
exclude_currently_suppressed22,2,GF_00403
exclude_currently_suppressed22,2,GF_00404
exclude_currently_suppressed22,2,GF_00405
exclude_currently_suppressed22,2,GF_00408
exclude_currently_suppressed22,2,GF_00409
exclude_currently_suppressed22,2,GF_00410
exclude_currently_suppressed22,2,GF_00413
exclude_currently_suppressed22,2,GF_00414
exclude_currently_suppressed22,2,GF_00415
exclude_currently_suppressed22,2,GF_00422
exclude_currently_suppressed22,2,GF_00424
exclude_currently_suppressed22,2,GF_00426
exclude_currently_suppressed22,2,GF_00427
exclude_currently_suppressed22,2,GF_00428
exclude_currently_suppressed22,2,GF_00429
exclude_currently_suppressed22,2,GF_00430
exclude_currently_suppressed22,2,GF_00431
exclude_currently_suppressed22,2,GF_00432
exclude_currently_suppressed22,2,GF_00433
exclude_currently_suppressed22,2,GF_00434
exclude_currently_suppressed22,2,GF_00435
exclude_currently_suppressed22,2,GF_00436
exclude_currently_suppressed22,2,GF_00437
exclude_currently_suppressed22,2,GF_00438
exclude_currently_suppressed22,2,GF_00440
exclude_currently_suppressed22,2,GF_00441
exclude_currently_suppressed22,2,GF_00455
exclude_currently_suppressed22,2,GF_00457
exclude_currently_suppressed22,2,GF_00458
exclude_currently_suppressed22,2,GF_00471
exclude_currently_suppressed22,2,GF_00477
exclude_currently_suppressed22,2,GF_00480
exclude_currently_suppressed22,2,GF_00488
exclude_currently_suppressed22,2,GF_00489
exclude_currently_suppressed22,2,GF_00503
exclude_currently_suppressed22,2,GF_00522
exclude_currently_suppressed22,2,GF_00523
exclude_currently_suppressed22,2,GF_00524
exclude_currently_suppressed22,2,GF_00525
exclude_currently_suppressed22,2,GF_00527
exclude_currently_suppressed22,2,GF_00528
exclude_currently_suppressed22,2,GF_00529
exclude_currently_suppressed22,2,GF_00530
exclude_currently_suppressed22,2,GF_00531
exclude_currently_suppressed22,2,GF_00536
exclude_currently_suppressed22,2,GF_00538
exclude_currently_suppressed22,2,GF_00546
exclude_currently_suppressed22,2,GF_00547
exclude_currently_suppressed22,2,GF_00548
exclude_currently_suppressed22,2,GF_00549
exclude_currently_suppressed22,2,GF_00564
exclude_currently_suppressed22,2,GF_00565
exclude_currently_suppressed22,2,GF_00566
exclude_currently_suppressed22,2,GF_00569
exclude_currently_suppressed22,2,GF_00570
exclude_currently_suppressed22,2,GF_00580
exclude_currently_suppressed22,2,GF_00588
exclude_currently_suppressed22,2,GF_00594
exclude_currently_suppressed22,2,GF_00595
exclude_currently_suppressed22,2,GF_00599
exclude_currently_suppressed22,2,GF_00601
exclude_currently_suppressed22,2,GF_00603
exclude_currently_suppressed22,2,GF_00604
exclude_currently_suppressed22,2,GF_00606
exclude_currently_suppressed22,2,GF_00607
exclude_currently_suppressed22,2,GF_00608
exclude_currently_suppressed22,2,GF_00609
exclude_currently_suppressed22,2,GF_00611
exclude_currently_suppressed22,2,GF_00612
exclude_currently_suppressed22,2,GF_00613
exclude_currently_suppressed22,2,GF_00614
exclude_currently_suppressed22,2,GF_00615
exclude_currently_suppressed22,2,GF_00616
exclude_currently_suppressed22,2,GF_00617
exclude_currently_suppressed22,2,GF_00618
exclude_currently_suppressed22,2,GF_00619
exclude_currently_suppressed22,2,GF_00620
exclude_currently_suppressed22,2,GF_00622
exclude_currently_suppressed22,2,GF_00623
exclude_currently_suppressed22,2,GF_00624
exclude_currently_suppressed22,2,GF_00632
exclude_currently_suppressed22,2,GF_00633
exclude_currently_suppressed22,2,GF_00635
exclude_currently_suppressed22,2,GF_00636
exclude_currently_suppressed22,2,GF_00637
exclude_currently_suppressed22,2,GF_00638
exclude_currently_suppressed22,2,GF_00642
exclude_currently_suppressed22,2,GF_00643
exclude_currently_suppressed22,2,GF_00655
exclude_currently_suppressed22,2,GF_00658
exclude_currently_suppressed22,2,GF_00661
exclude_currently_suppressed22,2,GF_00669
exclude_currently_suppressed22,2,GF_00680
exclude_currently_suppressed22,2,GF_00681
exclude_currently_suppressed22,2,GF_00682
exclude_currently_suppressed22,2,GF_00683
exclude_currently_suppressed22,2,GF_00684
exclude_currently_suppressed22,2,GF_00687
exclude_currently_suppressed22,2,GF_00688
exclude_currently_suppressed22,2,GF_00699
exclude_currently_suppressed22,2,GF_00702
exclude_currently_suppressed22,2,GF_00723
exclude_currently_suppressed22,2,GF_00724
exclude_currently_suppressed22,2,GF_00725
exclude_currently_suppressed22,2,GF_00726
exclude_currently_suppressed22,2,GF_00727
exclude_currently_suppressed22,2,GF_00728
exclude_currently_suppressed22,2,GF_00729
exclude_currently_suppressed22,2,GF_00736
exclude_currently_suppressed22,2,GF_00740
exclude_currently_suppressed22,2,GF_00741
exclude_currently_suppressed22,2,GF_00744
exclude_currently_suppressed22,2,GF_00751
exclude_currently_suppressed22,2,GF_00755
exclude_currently_suppressed22,2,GF_00756
exclude_currently_suppressed22,2,GF_00761
exclude_currently_suppressed22,2,GF_00771
exclude_currently_suppressed22,2,GF_00773
exclude_currently_suppressed22,2,GF_00776
exclude_currently_suppressed22,2,GF_00777
exclude_currently_suppressed22,2,GF_00796
exclude_currently_suppressed22,2,GF_00810
exclude_currently_suppressed22,2,GF_00811
exclude_currently_suppressed22,2,GF_00813
exclude_currently_suppressed22,2,GF_00814
exclude_currently_suppressed22,2,GF_00816
exclude_currently_suppressed22,2,GF_00819
exclude_currently_suppressed22,2,GF_00828
exclude_currently_suppressed22,2,GF_00843
exclude_currently_suppressed22,2,GF_00845
exclude_currently_suppressed22,2,GF_00856
exclude_currently_suppressed22,2,GF_00857
exclude_currently_suppressed22,2,GF_00860
exclude_currently_suppressed22,2,GF_00864
exclude_currently_suppressed22,2,GF_00866
exclude_currently_suppressed22,2,GF_00867
exclude_currently_suppressed22,2,GF_00868
exclude_currently_suppressed22,2,GF_00869
exclude_currently_suppressed22,2,GF_00870
exclude_currently_suppressed22,2,GF_00873
exclude_currently_suppressed22,2,GF_00874
exclude_currently_suppressed22,2,GF_00888
exclude_currently_suppressed22,2,GF_00895
exclude_currently_suppressed22,2,GF_00916
exclude_currently_suppressed22,2,GF_00927
exclude_currently_suppressed22,2,GF_00931
exclude_currently_suppressed22,2,GF_00932
exclude_currently_suppressed22,2,GF_00933
exclude_currently_suppressed22,2,GF_00946
exclude_currently_suppressed22,2,GF_00947
exclude_currently_suppressed22,2,GF_00949
exclude_currently_suppressed22,2,GF_00957
exclude_currently_suppressed22,2,GF_00958
exclude_currently_suppressed22,2,GF_00960
exclude_currently_suppressed22,2,GF_00963
exclude_currently_suppressed22,2,GF_00966
exclude_currently_suppressed22,2,GF_00968
exclude_currently_suppressed22,2,GF_00969
exclude_currently_suppressed22,2,GF_00970
exclude_currently_suppressed22,2,GF_00971
exclude_currently_suppressed22,2,GF_00982
exclude_currently_suppressed22,2,GF_01004
exclude_currently_suppressed22,2,GF_01005
exclude_currently_suppressed22,2,GF_01026
exclude_currently_suppressed22,2,GF_01027
exclude_currently_suppressed22,2,GF_01028
exclude_currently_suppressed22,2,GF_01054
exclude_currently_suppressed22,2,GF_01230
exclude_currently_suppressed22,2,GF_01231
exclude_currently_suppressed22,2,GF_01233
exclude_currently_suppressed22,2,GF_01234
exclude_currently_suppressed22,2,GF_01235
exclude_currently_suppressed22,2,GF_01236
exclude_currently_suppressed22,2,GF_01237
exclude_currently_suppressed22,2,GF_01239
exclude_currently_suppressed22,2,GF_01240
exclude_currently_suppressed22,2,GF_01241
exclude_currently_suppressed22,2,GF_01242
exclude_currently_suppressed22,2,GF_01244
exclude_currently_suppressed22,2,GF_01245
exclude_currently_suppressed22,2,GF_01246
exclude_currently_suppressed22,2,GF_01247
exclude_currently_suppressed22,2,GF_01248
exclude_currently_suppressed22,2,GF_01266
exclude_currently_suppressed22,2,GF_01287
exclude_currently_suppressed22,2,GF_01290
exclude_currently_suppressed22,2,GF_01292
exclude_currently_suppressed22,2,GF_01293
exclude_currently_suppressed22,2,GF_01297
exclude_currently_suppressed22,2,GF_01306
exclude_currently_suppressed22,2,GF_01314
exclude_currently_suppressed22,2,GF_01315
exclude_currently_suppressed22,2,GF_01327
exclude_currently_suppressed22,2,GF_01329
exclude_currently_suppressed22,2,GF_01330
exclude_currently_suppressed22,2,GF_01331
exclude_currently_suppressed22,2,GF_01332
exclude_currently_suppressed22,2,GF_01333
exclude_currently_suppressed22,2,GF_01334
exclude_currently_suppressed22,2,GF_01336
exclude_currently_suppressed22,2,GF_01337
exclude_currently_suppressed22,2,GF_01338
exclude_currently_suppressed22,2,GF_01359
exclude_currently_suppressed22,2,GF_01372
exclude_currently_suppressed22,2,GF_01374
exclude_currently_suppressed22,2,GF_01375
exclude_currently_suppressed22,2,GF_01376
exclude_currently_suppressed22,2,GF_01377
exclude_currently_suppressed22,2,GF_01379
exclude_currently_suppressed22,2,GF_01381
exclude_currently_suppressed22,2,GF_01382
exclude_currently_suppressed22,2,GF_01383
exclude_currently_suppressed22,2,GF_01385
exclude_currently_suppressed22,2,GF_01387
exclude_currently_suppressed22,2,GF_01390
exclude_currently_suppressed22,2,GF_01391
exclude_currently_suppressed22,2,GF_01393
exclude_currently_suppressed22,2,GF_01394
exclude_currently_suppressed22,2,GF_01395
exclude_currently_suppressed22,2,GF_01396
exclude_currently_suppressed22,2,GF_01397
exclude_currently_suppressed22,2,GF_01399
exclude_currently_suppressed22,2,GF_01400
exclude_currently_suppressed22,2,GF_01401
exclude_currently_suppressed22,2,GF_01409
exclude_currently_suppressed22,2,GF_01425
exclude_currently_suppressed22,2,GF_01426
exclude_currently_suppressed22,2,GF_01439
exclude_currently_suppressed22,2,GF_01445
exclude_currently_suppressed22,2,GF_01446
exclude_currently_suppressed22,2,GF_01447
exclude_currently_suppressed22,2,GF_01449
exclude_currently_suppressed22,2,GF_01456
exclude_currently_suppressed22,2,GF_01458
exclude_currently_suppressed22,2,GF_01460
exclude_currently_suppressed22,2,GF_01461
exclude_currently_suppressed22,2,GF_01462
exclude_currently_suppressed22,2,GF_01464
exclude_currently_suppressed22,2,GF_01466
exclude_currently_suppressed22,2,GF_01476
exclude_currently_suppressed22,2,GF_01477
exclude_currently_suppressed22,2,GF_01479
exclude_currently_suppressed22,2,GF_01481
exclude_currently_suppressed22,2,GF_01487
exclude_currently_suppressed22,2,GF_01502
exclude_currently_suppressed22,2,GF_01504
exclude_currently_suppressed22,2,GF_01512
exclude_currently_suppressed22,2,GF_01514
exclude_currently_suppressed22,2,GF_01527
exclude_currently_suppressed22,2,GF_01534
exclude_currently_suppressed22,2,GF_01535
exclude_currently_suppressed22,2,GF_01536
exclude_currently_suppressed22,2,GF_01538
exclude_currently_suppressed22,2,GF_01539
exclude_currently_suppressed22,2,GF_01540
exclude_currently_suppressed22,2,GF_01541
exclude_currently_suppressed22,2,GF_01542
exclude_currently_suppressed22,2,GF_01544
exclude_currently_suppressed22,2,GF_01547
exclude_currently_suppressed22,2,GF_01549
exclude_currently_suppressed22,2,GF_01550
exclude_currently_suppressed22,2,GF_01552
exclude_currently_suppressed22,2,GF_01553
exclude_currently_suppressed22,2,GF_01579
exclude_currently_suppressed22,2,GF_01580
exclude_currently_suppressed22,2,GF_01583
exclude_currently_suppressed22,2,GF_01584
exclude_currently_suppressed22,2,GF_01591
exclude_currently_suppressed22,2,GF_01592
exclude_currently_suppressed22,2,GF_01617
exclude_currently_suppressed22,2,GF_01618
exclude_currently_suppressed22,2,GF_01619
exclude_currently_suppressed22,2,GF_01620
exclude_currently_suppressed22,2,GF_01621
exclude_currently_suppressed22,2,GF_01623
exclude_currently_suppressed22,2,GF_01625
exclude_currently_suppressed22,2,GF_01626
exclude_currently_suppressed22,2,GF_01627
exclude_currently_suppressed22,2,GF_01628
exclude_currently_suppressed22,2,GF_01629
exclude_currently_suppressed22,2,GF_01636
exclude_currently_suppressed22,2,GF_01638
exclude_currently_suppressed22,2,GF_01641
exclude_currently_suppressed22,2,GF_01648
exclude_currently_suppressed22,2,GF_01659
exclude_currently_suppressed22,2,GF_01661
exclude_currently_suppressed22,2,GF_01673
exclude_currently_suppressed22,2,GF_01674
exclude_currently_suppressed22,2,GF_01675
exclude_currently_suppressed22,2,GF_01676
exclude_currently_suppressed22,2,GF_01677
exclude_currently_suppressed22,2,GF_01678
exclude_currently_suppressed22,2,GF_01679
exclude_currently_suppressed22,2,GF_01680
exclude_currently_suppressed22,2,GF_01681
exclude_currently_suppressed22,2,GF_01683
exclude_currently_suppressed22,2,GF_01684
exclude_currently_suppressed22,2,GF_01685
exclude_currently_suppressed22,2,GF_01688
exclude_currently_suppressed22,2,GF_01689
exclude_currently_suppressed22,2,GF_01690
exclude_currently_suppressed22,2,GF_01691
exclude_currently_suppressed22,2,GF_01692
exclude_currently_suppressed22,2,GF_01693
exclude_currently_suppressed22,2,GF_01732
exclude_currently_suppressed22,2,GF_01733
exclude_currently_suppressed22,2,GF_01734
exclude_currently_suppressed22,2,GF_01735
exclude_currently_suppressed22,2,GF_01736
exclude_currently_suppressed22,2,GF_01737
exclude_currently_suppressed22,2,GF_01741
exclude_currently_suppressed22,2,GF_01742
exclude_currently_suppressed22,2,GF_01745
exclude_currently_suppressed22,2,GF_01763
exclude_currently_suppressed22,2,GF_01783
exclude_currently_suppressed22,2,GF_01799
exclude_currently_suppressed22,2,GF_01801
exclude_currently_suppressed22,2,GF_01802
exclude_currently_suppressed22,2,GF_01803
exclude_currently_suppressed22,2,GF_01805
exclude_currently_suppressed22,2,GF_01806
exclude_currently_suppressed22,2,GF_01807
exclude_currently_suppressed22,2,GF_01808
exclude_currently_suppressed22,2,GF_01809
exclude_currently_suppressed22,2,GF_01810
exclude_currently_suppressed22,2,GF_01811
exclude_currently_suppressed22,2,GF_01812
exclude_currently_suppressed22,2,GF_01813
exclude_currently_suppressed22,2,GF_01814
exclude_currently_suppressed22,2,GF_01815
exclude_currently_suppressed22,2,GF_01816
exclude_currently_suppressed22,2,GF_01818
exclude_currently_suppressed22,2,GF_01819
exclude_currently_suppressed22,2,GF_01822
exclude_currently_suppressed22,2,GF_01834
exclude_currently_suppressed22,2,GF_01836
exclude_currently_suppressed22,2,GF_01837
exclude_currently_suppressed22,2,GF_01840
exclude_currently_suppressed22,2,GF_01841
exclude_currently_suppressed22,2,GF_01844
exclude_currently_suppressed22,2,GF_01856
exclude_currently_suppressed22,2,GF_01860
exclude_currently_suppressed22,2,GF_01870
exclude_currently_suppressed22,2,GF_01872
exclude_currently_suppressed22,2,GF_01897
exclude_currently_suppressed22,2,GF_01898
exclude_currently_suppressed22,2,GF_01899
exclude_currently_suppressed22,2,GF_01900
exclude_currently_suppressed22,2,GF_01902
exclude_currently_suppressed22,2,GF_01904
exclude_currently_suppressed22,2,GF_01919
exclude_currently_suppressed22,2,GF_01921
exclude_currently_suppressed22,2,GF_01923
exclude_currently_suppressed22,2,GF_01925
exclude_currently_suppressed22,2,GF_01926
exclude_currently_suppressed22,2,GF_01927
exclude_currently_suppressed22,2,GF_01928
exclude_currently_suppressed22,2,GF_01929
exclude_currently_suppressed22,2,GF_01930
exclude_currently_suppressed22,2,GF_01945
exclude_currently_suppressed22,2,GF_02041
exclude_currently_suppressed22,2,GF_02059
exclude_currently_suppressed22,2,GF_02060
exclude_currently_suppressed22,2,GF_02069
exclude_currently_suppressed22,2,GF_02070
exclude_currently_suppressed22,2,GF_02071
exclude_currently_suppressed22,2,GF_02072
exclude_currently_suppressed22,2,GF_02075
exclude_currently_suppressed22,2,GF_02076
exclude_currently_suppressed22,2,GF_02084
exclude_currently_suppressed22,2,GF_02085
exclude_currently_suppressed22,2,GF_02086
exclude_currently_suppressed22,2,GF_02088
exclude_currently_suppressed22,2,GF_02089
exclude_currently_suppressed22,2,GF_02091
exclude_currently_suppressed22,2,GF_02092
exclude_currently_suppressed22,2,GF_02093
exclude_currently_suppressed22,2,GF_02094
exclude_currently_suppressed22,2,GF_02101
exclude_currently_suppressed22,2,GF_02109
exclude_currently_suppressed22,2,GF_02113
exclude_currently_suppressed22,2,GF_02122
exclude_currently_suppressed22,2,GF_02130
exclude_currently_suppressed22,2,GF_02131
exclude_currently_suppressed22,2,GF_02132
exclude_currently_suppressed22,2,GF_02136
exclude_currently_suppressed22,2,GF_02137
exclude_currently_suppressed22,2,GF_02138
exclude_currently_suppressed22,2,GF_02139
exclude_currently_suppressed22,2,GF_02140
exclude_currently_suppressed22,2,GF_02141
exclude_currently_suppressed22,2,GF_02142
exclude_currently_suppressed22,2,GF_02143
exclude_currently_suppressed22,2,GF_02145
exclude_currently_suppressed22,2,GF_02152
exclude_currently_suppressed22,2,GF_02157
exclude_currently_suppressed22,2,GF_02158
exclude_currently_suppressed22,2,GF_02168
exclude_currently_suppressed22,2,GF_02172
exclude_currently_suppressed22,2,GF_02178
exclude_currently_suppressed22,2,GF_02180
exclude_currently_suppressed22,2,GF_02184
exclude_currently_suppressed22,2,GF_02216
exclude_currently_suppressed22,2,GF_02217
exclude_currently_suppressed22,2,GF_02218
exclude_currently_suppressed22,2,GF_02219
exclude_currently_suppressed22,2,GF_02220
exclude_currently_suppressed22,2,GF_02223
exclude_currently_suppressed22,2,GF_02224
exclude_currently_suppressed22,2,GF_02225
exclude_currently_suppressed22,2,GF_02226
exclude_currently_suppressed22,2,GF_02227
exclude_currently_suppressed22,2,GF_02228
exclude_currently_suppressed22,2,GF_02229
exclude_currently_suppressed22,2,GF_02230
exclude_currently_suppressed22,2,GF_02260
exclude_currently_suppressed22,2,GF_02261
exclude_currently_suppressed22,2,GF_02262
exclude_currently_suppressed22,2,GF_02263
exclude_currently_suppressed22,2,GF_02264
exclude_currently_suppressed22,2,GF_02266
exclude_currently_suppressed22,3,GF_00002
exclude_currently_suppressed22,3,GF_00008
exclude_currently_suppressed22,3,GF_00011
exclude_currently_suppressed22,3,GF_00012
exclude_currently_suppressed22,3,GF_00013
exclude_currently_suppressed22,3,GF_00014
exclude_currently_suppressed22,3,GF_00015
exclude_currently_suppressed22,3,GF_00017
exclude_currently_suppressed22,3,GF_00018
exclude_currently_suppressed22,3,GF_00036
exclude_currently_suppressed22,3,GF_00043
exclude_currently_suppressed22,3,GF_00044
exclude_currently_suppressed22,3,GF_00046
exclude_currently_suppressed22,3,GF_00047
exclude_currently_suppressed22,3,GF_00048
exclude_currently_suppressed22,3,GF_00049
exclude_currently_suppressed22,3,GF_00051
exclude_currently_suppressed22,3,GF_00052
exclude_currently_suppressed22,3,GF_00072
exclude_currently_suppressed22,3,GF_00073
exclude_currently_suppressed22,3,GF_00074
exclude_currently_suppressed22,3,GF_00075
exclude_currently_suppressed22,3,GF_00077
exclude_currently_suppressed22,3,GF_00078
exclude_currently_suppressed22,3,GF_00079
exclude_currently_suppressed22,3,GF_00080
exclude_currently_suppressed22,3,GF_00081
exclude_currently_suppressed22,3,GF_00082
exclude_currently_suppressed22,3,GF_00083
exclude_currently_suppressed22,3,GF_00084
exclude_currently_suppressed22,3,GF_00085
exclude_currently_suppressed22,3,GF_00087
exclude_currently_suppressed22,3,GF_00088
exclude_currently_suppressed22,3,GF_00093
exclude_currently_suppressed22,3,GF_00094
exclude_currently_suppressed22,3,GF_00104
exclude_currently_suppressed22,3,GF_00105
exclude_currently_suppressed22,3,GF_00106
exclude_currently_suppressed22,3,GF_00107
exclude_currently_suppressed22,3,GF_00108
exclude_currently_suppressed22,3,GF_00111
exclude_currently_suppressed22,3,GF_00112
exclude_currently_suppressed22,3,GF_00114
exclude_currently_suppressed22,3,GF_00115
exclude_currently_suppressed22,3,GF_00116
exclude_currently_suppressed22,3,GF_00117
exclude_currently_suppressed22,3,GF_00120
exclude_currently_suppressed22,3,GF_00121
exclude_currently_suppressed22,3,GF_00122
exclude_currently_suppressed22,3,GF_00123
exclude_currently_suppressed22,3,GF_00124
exclude_currently_suppressed22,3,GF_00125
exclude_currently_suppressed22,3,GF_00136
exclude_currently_suppressed22,3,GF_00137
exclude_currently_suppressed22,3,GF_00138
exclude_currently_suppressed22,3,GF_00139
exclude_currently_suppressed22,3,GF_00141
exclude_currently_suppressed22,3,GF_00143
exclude_currently_suppressed22,3,GF_00155
exclude_currently_suppressed22,3,GF_00164
exclude_currently_suppressed22,3,GF_00170
exclude_currently_suppressed22,3,GF_00175
exclude_currently_suppressed22,3,GF_00178
exclude_currently_suppressed22,3,GF_00179
exclude_currently_suppressed22,3,GF_00180
exclude_currently_suppressed22,3,GF_00185
exclude_currently_suppressed22,3,GF_00220
exclude_currently_suppressed22,3,GF_00228
exclude_currently_suppressed22,3,GF_00229
exclude_currently_suppressed22,3,GF_00235
exclude_currently_suppressed22,3,GF_00244
exclude_currently_suppressed22,3,GF_00251
exclude_currently_suppressed22,3,GF_00262
exclude_currently_suppressed22,3,GF_00281
exclude_currently_suppressed22,3,GF_00290
exclude_currently_suppressed22,3,GF_00296
exclude_currently_suppressed22,3,GF_00300
exclude_currently_suppressed22,3,GF_00302
exclude_currently_suppressed22,3,GF_00303
exclude_currently_suppressed22,3,GF_00305
exclude_currently_suppressed22,3,GF_00309
exclude_currently_suppressed22,3,GF_00311
exclude_currently_suppressed22,3,GF_00312
exclude_currently_suppressed22,3,GF_00313
exclude_currently_suppressed22,3,GF_00314
exclude_currently_suppressed22,3,GF_00315
exclude_currently_suppressed22,3,GF_00316
exclude_currently_suppressed22,3,GF_00317
exclude_currently_suppressed22,3,GF_00318
exclude_currently_suppressed22,3,GF_00319
exclude_currently_suppressed22,3,GF_00320
exclude_currently_suppressed22,3,GF_00321
exclude_currently_suppressed22,3,GF_00323
exclude_currently_suppressed22,3,GF_00324
exclude_currently_suppressed22,3,GF_00325
exclude_currently_suppressed22,3,GF_00326
exclude_currently_suppressed22,3,GF_00327
exclude_currently_suppressed22,3,GF_00329
exclude_currently_suppressed22,3,GF_00330
exclude_currently_suppressed22,3,GF_00331
exclude_currently_suppressed22,3,GF_00332
exclude_currently_suppressed22,3,GF_00333
exclude_currently_suppressed22,3,GF_00335
exclude_currently_suppressed22,3,GF_00336
exclude_currently_suppressed22,3,GF_00338
exclude_currently_suppressed22,3,GF_00340
exclude_currently_suppressed22,3,GF_00341
exclude_currently_suppressed22,3,GF_00342
exclude_currently_suppressed22,3,GF_00343
exclude_currently_suppressed22,3,GF_00344
exclude_currently_suppressed22,3,GF_00346
exclude_currently_suppressed22,3,GF_00347
exclude_currently_suppressed22,3,GF_00349
exclude_currently_suppressed22,3,GF_00350
exclude_currently_suppressed22,3,GF_00352
exclude_currently_suppressed22,3,GF_00353
exclude_currently_suppressed22,3,GF_00355
exclude_currently_suppressed22,3,GF_00358
exclude_currently_suppressed22,3,GF_00360
exclude_currently_suppressed22,3,GF_00362
exclude_currently_suppressed22,3,GF_00363
exclude_currently_suppressed22,3,GF_00364
exclude_currently_suppressed22,3,GF_00365
exclude_currently_suppressed22,3,GF_00369
exclude_currently_suppressed22,3,GF_00381
exclude_currently_suppressed22,3,GF_00384
exclude_currently_suppressed22,3,GF_00385
exclude_currently_suppressed22,3,GF_00386
exclude_currently_suppressed22,3,GF_00387
exclude_currently_suppressed22,3,GF_00388
exclude_currently_suppressed22,3,GF_00389
exclude_currently_suppressed22,3,GF_00391
exclude_currently_suppressed22,3,GF_00393
exclude_currently_suppressed22,3,GF_00394
exclude_currently_suppressed22,3,GF_00395
exclude_currently_suppressed22,3,GF_00396
exclude_currently_suppressed22,3,GF_00400
exclude_currently_suppressed22,3,GF_00401
exclude_currently_suppressed22,3,GF_00402
exclude_currently_suppressed22,3,GF_00404
exclude_currently_suppressed22,3,GF_00405
exclude_currently_suppressed22,3,GF_00406
exclude_currently_suppressed22,3,GF_00407
exclude_currently_suppressed22,3,GF_00409
exclude_currently_suppressed22,3,GF_00410
exclude_currently_suppressed22,3,GF_00413
exclude_currently_suppressed22,3,GF_00414
exclude_currently_suppressed22,3,GF_00415
exclude_currently_suppressed22,3,GF_00417
exclude_currently_suppressed22,3,GF_00418
exclude_currently_suppressed22,3,GF_00421
exclude_currently_suppressed22,3,GF_00422
exclude_currently_suppressed22,3,GF_00424
exclude_currently_suppressed22,3,GF_00426
exclude_currently_suppressed22,3,GF_00427
exclude_currently_suppressed22,3,GF_00428
exclude_currently_suppressed22,3,GF_00430
exclude_currently_suppressed22,3,GF_00431
exclude_currently_suppressed22,3,GF_00432
exclude_currently_suppressed22,3,GF_00433
exclude_currently_suppressed22,3,GF_00434
exclude_currently_suppressed22,3,GF_00435
exclude_currently_suppressed22,3,GF_00436
exclude_currently_suppressed22,3,GF_00438
exclude_currently_suppressed22,3,GF_00440
exclude_currently_suppressed22,3,GF_00441
exclude_currently_suppressed22,3,GF_00455
exclude_currently_suppressed22,3,GF_00457
exclude_currently_suppressed22,3,GF_00471
exclude_currently_suppressed22,3,GF_00477
exclude_currently_suppressed22,3,GF_00480
exclude_currently_suppressed22,3,GF_00482
exclude_currently_suppressed22,3,GF_00488
exclude_currently_suppressed22,3,GF_00491
exclude_currently_suppressed22,3,GF_00503
exclude_currently_suppressed22,3,GF_00522
exclude_currently_suppressed22,3,GF_00523
exclude_currently_suppressed22,3,GF_00524
exclude_currently_suppressed22,3,GF_00525
exclude_currently_suppressed22,3,GF_00527
exclude_currently_suppressed22,3,GF_00528
exclude_currently_suppressed22,3,GF_00529
exclude_currently_suppressed22,3,GF_00530
exclude_currently_suppressed22,3,GF_00531
exclude_currently_suppressed22,3,GF_00536
exclude_currently_suppressed22,3,GF_00538
exclude_currently_suppressed22,3,GF_00546
exclude_currently_suppressed22,3,GF_00547
exclude_currently_suppressed22,3,GF_00548
exclude_currently_suppressed22,3,GF_00549
exclude_currently_suppressed22,3,GF_00564
exclude_currently_suppressed22,3,GF_00565
exclude_currently_suppressed22,3,GF_00566
exclude_currently_suppressed22,3,GF_00569
exclude_currently_suppressed22,3,GF_00570
exclude_currently_suppressed22,3,GF_00572
exclude_currently_suppressed22,3,GF_00574
exclude_currently_suppressed22,3,GF_00578
exclude_currently_suppressed22,3,GF_00580
exclude_currently_suppressed22,3,GF_00588
exclude_currently_suppressed22,3,GF_00594
exclude_currently_suppressed22,3,GF_00595
exclude_currently_suppressed22,3,GF_00599
exclude_currently_suppressed22,3,GF_00600
exclude_currently_suppressed22,3,GF_00601
exclude_currently_suppressed22,3,GF_00602
exclude_currently_suppressed22,3,GF_00603
exclude_currently_suppressed22,3,GF_00604
exclude_currently_suppressed22,3,GF_00605
exclude_currently_suppressed22,3,GF_00606
exclude_currently_suppressed22,3,GF_00607
exclude_currently_suppressed22,3,GF_00608
exclude_currently_suppressed22,3,GF_00609
exclude_currently_suppressed22,3,GF_00611
exclude_currently_suppressed22,3,GF_00612
exclude_currently_suppressed22,3,GF_00613
exclude_currently_suppressed22,3,GF_00614
exclude_currently_suppressed22,3,GF_00615
exclude_currently_suppressed22,3,GF_00617
exclude_currently_suppressed22,3,GF_00618
exclude_currently_suppressed22,3,GF_00619
exclude_currently_suppressed22,3,GF_00620
exclude_currently_suppressed22,3,GF_00621
exclude_currently_suppressed22,3,GF_00622
exclude_currently_suppressed22,3,GF_00623
exclude_currently_suppressed22,3,GF_00624
exclude_currently_suppressed22,3,GF_00632
exclude_currently_suppressed22,3,GF_00633
exclude_currently_suppressed22,3,GF_00635
exclude_currently_suppressed22,3,GF_00636
exclude_currently_suppressed22,3,GF_00637
exclude_currently_suppressed22,3,GF_00638
exclude_currently_suppressed22,3,GF_00640
exclude_currently_suppressed22,3,GF_00641
exclude_currently_suppressed22,3,GF_00642
exclude_currently_suppressed22,3,GF_00643
exclude_currently_suppressed22,3,GF_00655
exclude_currently_suppressed22,3,GF_00658
exclude_currently_suppressed22,3,GF_00661
exclude_currently_suppressed22,3,GF_00669
exclude_currently_suppressed22,3,GF_00676
exclude_currently_suppressed22,3,GF_00681
exclude_currently_suppressed22,3,GF_00684
exclude_currently_suppressed22,3,GF_00687
exclude_currently_suppressed22,3,GF_00688
exclude_currently_suppressed22,3,GF_00695
exclude_currently_suppressed22,3,GF_00699
exclude_currently_suppressed22,3,GF_00702
exclude_currently_suppressed22,3,GF_00709
exclude_currently_suppressed22,3,GF_00722
exclude_currently_suppressed22,3,GF_00723
exclude_currently_suppressed22,3,GF_00724
exclude_currently_suppressed22,3,GF_00725
exclude_currently_suppressed22,3,GF_00726
exclude_currently_suppressed22,3,GF_00727
exclude_currently_suppressed22,3,GF_00728
exclude_currently_suppressed22,3,GF_00729
exclude_currently_suppressed22,3,GF_00732
exclude_currently_suppressed22,3,GF_00736
exclude_currently_suppressed22,3,GF_00740
exclude_currently_suppressed22,3,GF_00741
exclude_currently_suppressed22,3,GF_00744
exclude_currently_suppressed22,3,GF_00751
exclude_currently_suppressed22,3,GF_00755
exclude_currently_suppressed22,3,GF_00756
exclude_currently_suppressed22,3,GF_00761
exclude_currently_suppressed22,3,GF_00771
exclude_currently_suppressed22,3,GF_00773
exclude_currently_suppressed22,3,GF_00776
exclude_currently_suppressed22,3,GF_00777
exclude_currently_suppressed22,3,GF_00785
exclude_currently_suppressed22,3,GF_00796
exclude_currently_suppressed22,3,GF_00810
exclude_currently_suppressed22,3,GF_00811
exclude_currently_suppressed22,3,GF_00813
exclude_currently_suppressed22,3,GF_00814
exclude_currently_suppressed22,3,GF_00816
exclude_currently_suppressed22,3,GF_00819
exclude_currently_suppressed22,3,GF_00828
exclude_currently_suppressed22,3,GF_00843
exclude_currently_suppressed22,3,GF_00845
exclude_currently_suppressed22,3,GF_00857
exclude_currently_suppressed22,3,GF_00860
exclude_currently_suppressed22,3,GF_00864
exclude_currently_suppressed22,3,GF_00866
exclude_currently_suppressed22,3,GF_00867
exclude_currently_suppressed22,3,GF_00868
exclude_currently_suppressed22,3,GF_00869
exclude_currently_suppressed22,3,GF_00870
exclude_currently_suppressed22,3,GF_00871
exclude_currently_suppressed22,3,GF_00872
exclude_currently_suppressed22,3,GF_00873
exclude_currently_suppressed22,3,GF_00874
exclude_currently_suppressed22,3,GF_00895
exclude_currently_suppressed22,3,GF_00916
exclude_currently_suppressed22,3,GF_00927
exclude_currently_suppressed22,3,GF_00931
exclude_currently_suppressed22,3,GF_00933
exclude_currently_suppressed22,3,GF_00947
exclude_currently_suppressed22,3,GF_00949
exclude_currently_suppressed22,3,GF_00957
exclude_currently_suppressed22,3,GF_00958
exclude_currently_suppressed22,3,GF_00959
exclude_currently_suppressed22,3,GF_00960
exclude_currently_suppressed22,3,GF_00963
exclude_currently_suppressed22,3,GF_00966
exclude_currently_suppressed22,3,GF_00968
exclude_currently_suppressed22,3,GF_00969
exclude_currently_suppressed22,3,GF_00970
exclude_currently_suppressed22,3,GF_00971
exclude_currently_suppressed22,3,GF_00972
exclude_currently_suppressed22,3,GF_00982
exclude_currently_suppressed22,3,GF_01004
exclude_currently_suppressed22,3,GF_01005
exclude_currently_suppressed22,3,GF_01012
exclude_currently_suppressed22,3,GF_01026
exclude_currently_suppressed22,3,GF_01027
exclude_currently_suppressed22,3,GF_01028
exclude_currently_suppressed22,3,GF_01054
exclude_currently_suppressed22,3,GF_01230
exclude_currently_suppressed22,3,GF_01231
exclude_currently_suppressed22,3,GF_01232
exclude_currently_suppressed22,3,GF_01233
exclude_currently_suppressed22,3,GF_01234
exclude_currently_suppressed22,3,GF_01235
exclude_currently_suppressed22,3,GF_01236
exclude_currently_suppressed22,3,GF_01237
exclude_currently_suppressed22,3,GF_01239
exclude_currently_suppressed22,3,GF_01240
exclude_currently_suppressed22,3,GF_01241
exclude_currently_suppressed22,3,GF_01242
exclude_currently_suppressed22,3,GF_01244
exclude_currently_suppressed22,3,GF_01245
exclude_currently_suppressed22,3,GF_01246
exclude_currently_suppressed22,3,GF_01247
exclude_currently_suppressed22,3,GF_01248
exclude_currently_suppressed22,3,GF_01266
exclude_currently_suppressed22,3,GF_01287
exclude_currently_suppressed22,3,GF_01290
exclude_currently_suppressed22,3,GF_01291
exclude_currently_suppressed22,3,GF_01292
exclude_currently_suppressed22,3,GF_01293
exclude_currently_suppressed22,3,GF_01297
exclude_currently_suppressed22,3,GF_01306
exclude_currently_suppressed22,3,GF_01314
exclude_currently_suppressed22,3,GF_01315
exclude_currently_suppressed22,3,GF_01327
exclude_currently_suppressed22,3,GF_01328
exclude_currently_suppressed22,3,GF_01329
exclude_currently_suppressed22,3,GF_01330
exclude_currently_suppressed22,3,GF_01331
exclude_currently_suppressed22,3,GF_01332
exclude_currently_suppressed22,3,GF_01333
exclude_currently_suppressed22,3,GF_01337
exclude_currently_suppressed22,3,GF_01338
exclude_currently_suppressed22,3,GF_01359
exclude_currently_suppressed22,3,GF_01372
exclude_currently_suppressed22,3,GF_01373
exclude_currently_suppressed22,3,GF_01374
exclude_currently_suppressed22,3,GF_01375
exclude_currently_suppressed22,3,GF_01376
exclude_currently_suppressed22,3,GF_01377
exclude_currently_suppressed22,3,GF_01379
exclude_currently_suppressed22,3,GF_01381
exclude_currently_suppressed22,3,GF_01382
exclude_currently_suppressed22,3,GF_01383
exclude_currently_suppressed22,3,GF_01385
exclude_currently_suppressed22,3,GF_01387
exclude_currently_suppressed22,3,GF_01390
exclude_currently_suppressed22,3,GF_01391
exclude_currently_suppressed22,3,GF_01393
exclude_currently_suppressed22,3,GF_01394
exclude_currently_suppressed22,3,GF_01395
exclude_currently_suppressed22,3,GF_01396
exclude_currently_suppressed22,3,GF_01397
exclude_currently_suppressed22,3,GF_01399
exclude_currently_suppressed22,3,GF_01400
exclude_currently_suppressed22,3,GF_01401
exclude_currently_suppressed22,3,GF_01404
exclude_currently_suppressed22,3,GF_01409
exclude_currently_suppressed22,3,GF_01425
exclude_currently_suppressed22,3,GF_01426
exclude_currently_suppressed22,3,GF_01428
exclude_currently_suppressed22,3,GF_01439
exclude_currently_suppressed22,3,GF_01445
exclude_currently_suppressed22,3,GF_01446
exclude_currently_suppressed22,3,GF_01447
exclude_currently_suppressed22,3,GF_01448
exclude_currently_suppressed22,3,GF_01449
exclude_currently_suppressed22,3,GF_01456
exclude_currently_suppressed22,3,GF_01458
exclude_currently_suppressed22,3,GF_01460
exclude_currently_suppressed22,3,GF_01461
exclude_currently_suppressed22,3,GF_01466
exclude_currently_suppressed22,3,GF_01477
exclude_currently_suppressed22,3,GF_01479
exclude_currently_suppressed22,3,GF_01480
exclude_currently_suppressed22,3,GF_01487
exclude_currently_suppressed22,3,GF_01502
exclude_currently_suppressed22,3,GF_01504
exclude_currently_suppressed22,3,GF_01512
exclude_currently_suppressed22,3,GF_01514
exclude_currently_suppressed22,3,GF_01527
exclude_currently_suppressed22,3,GF_01534
exclude_currently_suppressed22,3,GF_01536
exclude_currently_suppressed22,3,GF_01538
exclude_currently_suppressed22,3,GF_01539
exclude_currently_suppressed22,3,GF_01540
exclude_currently_suppressed22,3,GF_01541
exclude_currently_suppressed22,3,GF_01542
exclude_currently_suppressed22,3,GF_01544
exclude_currently_suppressed22,3,GF_01547
exclude_currently_suppressed22,3,GF_01549
exclude_currently_suppressed22,3,GF_01552
exclude_currently_suppressed22,3,GF_01553
exclude_currently_suppressed22,3,GF_01579
exclude_currently_suppressed22,3,GF_01580
exclude_currently_suppressed22,3,GF_01583
exclude_currently_suppressed22,3,GF_01584
exclude_currently_suppressed22,3,GF_01591
exclude_currently_suppressed22,3,GF_01592
exclude_currently_suppressed22,3,GF_01616
exclude_currently_suppressed22,3,GF_01617
exclude_currently_suppressed22,3,GF_01618
exclude_currently_suppressed22,3,GF_01619
exclude_currently_suppressed22,3,GF_01620
exclude_currently_suppressed22,3,GF_01621
exclude_currently_suppressed22,3,GF_01623
exclude_currently_suppressed22,3,GF_01625
exclude_currently_suppressed22,3,GF_01626
exclude_currently_suppressed22,3,GF_01627
exclude_currently_suppressed22,3,GF_01628
exclude_currently_suppressed22,3,GF_01629
exclude_currently_suppressed22,3,GF_01634
exclude_currently_suppressed22,3,GF_01636
exclude_currently_suppressed22,3,GF_01637
exclude_currently_suppressed22,3,GF_01638
exclude_currently_suppressed22,3,GF_01639
exclude_currently_suppressed22,3,GF_01641
exclude_currently_suppressed22,3,GF_01643
exclude_currently_suppressed22,3,GF_01648
exclude_currently_suppressed22,3,GF_01659
exclude_currently_suppressed22,3,GF_01661
exclude_currently_suppressed22,3,GF_01672
exclude_currently_suppressed22,3,GF_01673
exclude_currently_suppressed22,3,GF_01674
exclude_currently_suppressed22,3,GF_01675
exclude_currently_suppressed22,3,GF_01676
exclude_currently_suppressed22,3,GF_01677
exclude_currently_suppressed22,3,GF_01678
exclude_currently_suppressed22,3,GF_01679
exclude_currently_suppressed22,3,GF_01680
exclude_currently_suppressed22,3,GF_01681
exclude_currently_suppressed22,3,GF_01683
exclude_currently_suppressed22,3,GF_01684
exclude_currently_suppressed22,3,GF_01685
exclude_currently_suppressed22,3,GF_01688
exclude_currently_suppressed22,3,GF_01689
exclude_currently_suppressed22,3,GF_01690
exclude_currently_suppressed22,3,GF_01692
exclude_currently_suppressed22,3,GF_01693
exclude_currently_suppressed22,3,GF_01732
exclude_currently_suppressed22,3,GF_01733
exclude_currently_suppressed22,3,GF_01734
exclude_currently_suppressed22,3,GF_01735
exclude_currently_suppressed22,3,GF_01736
exclude_currently_suppressed22,3,GF_01740
exclude_currently_suppressed22,3,GF_01741
exclude_currently_suppressed22,3,GF_01742
exclude_currently_suppressed22,3,GF_01745
exclude_currently_suppressed22,3,GF_01763
exclude_currently_suppressed22,3,GF_01783
exclude_currently_suppressed22,3,GF_01799
exclude_currently_suppressed22,3,GF_01802
exclude_currently_suppressed22,3,GF_01803
exclude_currently_suppressed22,3,GF_01805
exclude_currently_suppressed22,3,GF_01806
exclude_currently_suppressed22,3,GF_01807
exclude_currently_suppressed22,3,GF_01808
exclude_currently_suppressed22,3,GF_01809
exclude_currently_suppressed22,3,GF_01810
exclude_currently_suppressed22,3,GF_01811
exclude_currently_suppressed22,3,GF_01812
exclude_currently_suppressed22,3,GF_01813
exclude_currently_suppressed22,3,GF_01816
exclude_currently_suppressed22,3,GF_01818
exclude_currently_suppressed22,3,GF_01819
exclude_currently_suppressed22,3,GF_01822
exclude_currently_suppressed22,3,GF_01823
exclude_currently_suppressed22,3,GF_01834
exclude_currently_suppressed22,3,GF_01836
exclude_currently_suppressed22,3,GF_01837
exclude_currently_suppressed22,3,GF_01840
exclude_currently_suppressed22,3,GF_01841
exclude_currently_suppressed22,3,GF_01842
exclude_currently_suppressed22,3,GF_01844
exclude_currently_suppressed22,3,GF_01856
exclude_currently_suppressed22,3,GF_01860
exclude_currently_suppressed22,3,GF_01866
exclude_currently_suppressed22,3,GF_01870
exclude_currently_suppressed22,3,GF_01872
exclude_currently_suppressed22,3,GF_01885
exclude_currently_suppressed22,3,GF_01897
exclude_currently_suppressed22,3,GF_01898
exclude_currently_suppressed22,3,GF_01899
exclude_currently_suppressed22,3,GF_01900
exclude_currently_suppressed22,3,GF_01901
exclude_currently_suppressed22,3,GF_01902
exclude_currently_suppressed22,3,GF_01904
exclude_currently_suppressed22,3,GF_01919
exclude_currently_suppressed22,3,GF_01921
exclude_currently_suppressed22,3,GF_01925
exclude_currently_suppressed22,3,GF_01926
exclude_currently_suppressed22,3,GF_01927
exclude_currently_suppressed22,3,GF_01928
exclude_currently_suppressed22,3,GF_01929
exclude_currently_suppressed22,3,GF_01930
exclude_currently_suppressed22,3,GF_01945
exclude_currently_suppressed22,3,GF_02041
exclude_currently_suppressed22,3,GF_02059
exclude_currently_suppressed22,3,GF_02060
exclude_currently_suppressed22,3,GF_02069
exclude_currently_suppressed22,3,GF_02070
exclude_currently_suppressed22,3,GF_02071
exclude_currently_suppressed22,3,GF_02072
exclude_currently_suppressed22,3,GF_02074
exclude_currently_suppressed22,3,GF_02075
exclude_currently_suppressed22,3,GF_02076
exclude_currently_suppressed22,3,GF_02084
exclude_currently_suppressed22,3,GF_02085
exclude_currently_suppressed22,3,GF_02088
exclude_currently_suppressed22,3,GF_02089
exclude_currently_suppressed22,3,GF_02091
exclude_currently_suppressed22,3,GF_02092
exclude_currently_suppressed22,3,GF_02093
exclude_currently_suppressed22,3,GF_02094
exclude_currently_suppressed22,3,GF_02101
exclude_currently_suppressed22,3,GF_02109
exclude_currently_suppressed22,3,GF_02110
exclude_currently_suppressed22,3,GF_02113
exclude_currently_suppressed22,3,GF_02122
exclude_currently_suppressed22,3,GF_02130
exclude_currently_suppressed22,3,GF_02131
exclude_currently_suppressed22,3,GF_02132
exclude_currently_suppressed22,3,GF_02136
exclude_currently_suppressed22,3,GF_02137
exclude_currently_suppressed22,3,GF_02138
exclude_currently_suppressed22,3,GF_02139
exclude_currently_suppressed22,3,GF_02140
exclude_currently_suppressed22,3,GF_02141
exclude_currently_suppressed22,3,GF_02142
exclude_currently_suppressed22,3,GF_02143
exclude_currently_suppressed22,3,GF_02145
exclude_currently_suppressed22,3,GF_02152
exclude_currently_suppressed22,3,GF_02157
exclude_currently_suppressed22,3,GF_02159
exclude_currently_suppressed22,3,GF_02172
exclude_currently_suppressed22,3,GF_02178
exclude_currently_suppressed22,3,GF_02180
exclude_currently_suppressed22,3,GF_02184
exclude_currently_suppressed22,3,GF_02194
exclude_currently_suppressed22,3,GF_02215
exclude_currently_suppressed22,3,GF_02216
exclude_currently_suppressed22,3,GF_02217
exclude_currently_suppressed22,3,GF_02218
exclude_currently_suppressed22,3,GF_02219
exclude_currently_suppressed22,3,GF_02220
exclude_currently_suppressed22,3,GF_02222
exclude_currently_suppressed22,3,GF_02223
exclude_currently_suppressed22,3,GF_02224
exclude_currently_suppressed22,3,GF_02225
exclude_currently_suppressed22,3,GF_02226
exclude_currently_suppressed22,3,GF_02227
exclude_currently_suppressed22,3,GF_02228
exclude_currently_suppressed22,3,GF_02229
exclude_currently_suppressed22,3,GF_02230
exclude_currently_suppressed22,3,GF_02260
exclude_currently_suppressed22,3,GF_02262
exclude_currently_suppressed22,3,GF_02263
exclude_currently_suppressed22,3,GF_02264
exclude_currently_suppressed22,3,GF_02266
exclude_currently_suppressed22,4,GF_00002
exclude_currently_suppressed22,4,GF_00008
exclude_currently_suppressed22,4,GF_00011
exclude_currently_suppressed22,4,GF_00013
exclude_currently_suppressed22,4,GF_00014
exclude_currently_suppressed22,4,GF_00015
exclude_currently_suppressed22,4,GF_00017
exclude_currently_suppressed22,4,GF_00018
exclude_currently_suppressed22,4,GF_00036
exclude_currently_suppressed22,4,GF_00043
exclude_currently_suppressed22,4,GF_00044
exclude_currently_suppressed22,4,GF_00045
exclude_currently_suppressed22,4,GF_00046
exclude_currently_suppressed22,4,GF_00047
exclude_currently_suppressed22,4,GF_00048
exclude_currently_suppressed22,4,GF_00049
exclude_currently_suppressed22,4,GF_00051
exclude_currently_suppressed22,4,GF_00052
exclude_currently_suppressed22,4,GF_00071
exclude_currently_suppressed22,4,GF_00072
exclude_currently_suppressed22,4,GF_00073
exclude_currently_suppressed22,4,GF_00074
exclude_currently_suppressed22,4,GF_00075
exclude_currently_suppressed22,4,GF_00076
exclude_currently_suppressed22,4,GF_00077
exclude_currently_suppressed22,4,GF_00078
exclude_currently_suppressed22,4,GF_00079
exclude_currently_suppressed22,4,GF_00080
exclude_currently_suppressed22,4,GF_00081
exclude_currently_suppressed22,4,GF_00082
exclude_currently_suppressed22,4,GF_00083
exclude_currently_suppressed22,4,GF_00084
exclude_currently_suppressed22,4,GF_00085
exclude_currently_suppressed22,4,GF_00087
exclude_currently_suppressed22,4,GF_00088
exclude_currently_suppressed22,4,GF_00093
exclude_currently_suppressed22,4,GF_00094
exclude_currently_suppressed22,4,GF_00104
exclude_currently_suppressed22,4,GF_00105
exclude_currently_suppressed22,4,GF_00106
exclude_currently_suppressed22,4,GF_00107
exclude_currently_suppressed22,4,GF_00108
exclude_currently_suppressed22,4,GF_00109
exclude_currently_suppressed22,4,GF_00111
exclude_currently_suppressed22,4,GF_00112
exclude_currently_suppressed22,4,GF_00113
exclude_currently_suppressed22,4,GF_00114
exclude_currently_suppressed22,4,GF_00115
exclude_currently_suppressed22,4,GF_00116
exclude_currently_suppressed22,4,GF_00117
exclude_currently_suppressed22,4,GF_00119
exclude_currently_suppressed22,4,GF_00120
exclude_currently_suppressed22,4,GF_00121
exclude_currently_suppressed22,4,GF_00122
exclude_currently_suppressed22,4,GF_00123
exclude_currently_suppressed22,4,GF_00124
exclude_currently_suppressed22,4,GF_00125
exclude_currently_suppressed22,4,GF_00136
exclude_currently_suppressed22,4,GF_00137
exclude_currently_suppressed22,4,GF_00138
exclude_currently_suppressed22,4,GF_00139
exclude_currently_suppressed22,4,GF_00141
exclude_currently_suppressed22,4,GF_00142
exclude_currently_suppressed22,4,GF_00143
exclude_currently_suppressed22,4,GF_00155
exclude_currently_suppressed22,4,GF_00164
exclude_currently_suppressed22,4,GF_00170
exclude_currently_suppressed22,4,GF_00175
exclude_currently_suppressed22,4,GF_00178
exclude_currently_suppressed22,4,GF_00179
exclude_currently_suppressed22,4,GF_00180
exclude_currently_suppressed22,4,GF_00181
exclude_currently_suppressed22,4,GF_00185
exclude_currently_suppressed22,4,GF_00208
exclude_currently_suppressed22,4,GF_00220
exclude_currently_suppressed22,4,GF_00228
exclude_currently_suppressed22,4,GF_00229
exclude_currently_suppressed22,4,GF_00235
exclude_currently_suppressed22,4,GF_00244
exclude_currently_suppressed22,4,GF_00251
exclude_currently_suppressed22,4,GF_00262
exclude_currently_suppressed22,4,GF_00281
exclude_currently_suppressed22,4,GF_00290
exclude_currently_suppressed22,4,GF_00296
exclude_currently_suppressed22,4,GF_00300
exclude_currently_suppressed22,4,GF_00302
exclude_currently_suppressed22,4,GF_00303
exclude_currently_suppressed22,4,GF_00305
exclude_currently_suppressed22,4,GF_00309
exclude_currently_suppressed22,4,GF_00311
exclude_currently_suppressed22,4,GF_00312
exclude_currently_suppressed22,4,GF_00313
exclude_currently_suppressed22,4,GF_00314
exclude_currently_suppressed22,4,GF_00315
exclude_currently_suppressed22,4,GF_00316
exclude_currently_suppressed22,4,GF_00317
exclude_currently_suppressed22,4,GF_00318
exclude_currently_suppressed22,4,GF_00319
exclude_currently_suppressed22,4,GF_00320
exclude_currently_suppressed22,4,GF_00321
exclude_currently_suppressed22,4,GF_00323
exclude_currently_suppressed22,4,GF_00324
exclude_currently_suppressed22,4,GF_00325
exclude_currently_suppressed22,4,GF_00326
exclude_currently_suppressed22,4,GF_00327
exclude_currently_suppressed22,4,GF_00329
exclude_currently_suppressed22,4,GF_00330
exclude_currently_suppressed22,4,GF_00331
exclude_currently_suppressed22,4,GF_00332
exclude_currently_suppressed22,4,GF_00333
exclude_currently_suppressed22,4,GF_00335
exclude_currently_suppressed22,4,GF_00336
exclude_currently_suppressed22,4,GF_00338
exclude_currently_suppressed22,4,GF_00339
exclude_currently_suppressed22,4,GF_00340
exclude_currently_suppressed22,4,GF_00341
exclude_currently_suppressed22,4,GF_00342
exclude_currently_suppressed22,4,GF_00343
exclude_currently_suppressed22,4,GF_00344
exclude_currently_suppressed22,4,GF_00346
exclude_currently_suppressed22,4,GF_00347
exclude_currently_suppressed22,4,GF_00348
exclude_currently_suppressed22,4,GF_00349
exclude_currently_suppressed22,4,GF_00350
exclude_currently_suppressed22,4,GF_00352
exclude_currently_suppressed22,4,GF_00353
exclude_currently_suppressed22,4,GF_00355
exclude_currently_suppressed22,4,GF_00358
exclude_currently_suppressed22,4,GF_00359
exclude_currently_suppressed22,4,GF_00360
exclude_currently_suppressed22,4,GF_00362
exclude_currently_suppressed22,4,GF_00363
exclude_currently_suppressed22,4,GF_00364
exclude_currently_suppressed22,4,GF_00365
exclude_currently_suppressed22,4,GF_00369
exclude_currently_suppressed22,4,GF_00378
exclude_currently_suppressed22,4,GF_00381
exclude_currently_suppressed22,4,GF_00384
exclude_currently_suppressed22,4,GF_00385
exclude_currently_suppressed22,4,GF_00386
exclude_currently_suppressed22,4,GF_00387
exclude_currently_suppressed22,4,GF_00388
exclude_currently_suppressed22,4,GF_00389
exclude_currently_suppressed22,4,GF_00390
exclude_currently_suppressed22,4,GF_00391
exclude_currently_suppressed22,4,GF_00393
exclude_currently_suppressed22,4,GF_00394
exclude_currently_suppressed22,4,GF_00395
exclude_currently_suppressed22,4,GF_00396
exclude_currently_suppressed22,4,GF_00400
exclude_currently_suppressed22,4,GF_00401
exclude_currently_suppressed22,4,GF_00402
exclude_currently_suppressed22,4,GF_00403
exclude_currently_suppressed22,4,GF_00404
exclude_currently_suppressed22,4,GF_00405
exclude_currently_suppressed22,4,GF_00406
exclude_currently_suppressed22,4,GF_00407
exclude_currently_suppressed22,4,GF_00408
exclude_currently_suppressed22,4,GF_00409
exclude_currently_suppressed22,4,GF_00410
exclude_currently_suppressed22,4,GF_00411
exclude_currently_suppressed22,4,GF_00413
exclude_currently_suppressed22,4,GF_00414
exclude_currently_suppressed22,4,GF_00415
exclude_currently_suppressed22,4,GF_00417
exclude_currently_suppressed22,4,GF_00418
exclude_currently_suppressed22,4,GF_00419
exclude_currently_suppressed22,4,GF_00421
exclude_currently_suppressed22,4,GF_00422
exclude_currently_suppressed22,4,GF_00424
exclude_currently_suppressed22,4,GF_00426
exclude_currently_suppressed22,4,GF_00427
exclude_currently_suppressed22,4,GF_00428
exclude_currently_suppressed22,4,GF_00429
exclude_currently_suppressed22,4,GF_00430
exclude_currently_suppressed22,4,GF_00431
exclude_currently_suppressed22,4,GF_00432
exclude_currently_suppressed22,4,GF_00433
exclude_currently_suppressed22,4,GF_00434
exclude_currently_suppressed22,4,GF_00435
exclude_currently_suppressed22,4,GF_00436
exclude_currently_suppressed22,4,GF_00437
exclude_currently_suppressed22,4,GF_00438
exclude_currently_suppressed22,4,GF_00440
exclude_currently_suppressed22,4,GF_00441
exclude_currently_suppressed22,4,GF_00455
exclude_currently_suppressed22,4,GF_00456
exclude_currently_suppressed22,4,GF_00457
exclude_currently_suppressed22,4,GF_00458
exclude_currently_suppressed22,4,GF_00460
exclude_currently_suppressed22,4,GF_00471
exclude_currently_suppressed22,4,GF_00472
exclude_currently_suppressed22,4,GF_00477
exclude_currently_suppressed22,4,GF_00480
exclude_currently_suppressed22,4,GF_00482
exclude_currently_suppressed22,4,GF_00488
exclude_currently_suppressed22,4,GF_00489
exclude_currently_suppressed22,4,GF_00491
exclude_currently_suppressed22,4,GF_00503
exclude_currently_suppressed22,4,GF_00522
exclude_currently_suppressed22,4,GF_00523
exclude_currently_suppressed22,4,GF_00524
exclude_currently_suppressed22,4,GF_00525
exclude_currently_suppressed22,4,GF_00527
exclude_currently_suppressed22,4,GF_00528
exclude_currently_suppressed22,4,GF_00529
exclude_currently_suppressed22,4,GF_00530
exclude_currently_suppressed22,4,GF_00531
exclude_currently_suppressed22,4,GF_00536
exclude_currently_suppressed22,4,GF_00538
exclude_currently_suppressed22,4,GF_00546
exclude_currently_suppressed22,4,GF_00547
exclude_currently_suppressed22,4,GF_00548
exclude_currently_suppressed22,4,GF_00549
exclude_currently_suppressed22,4,GF_00564
exclude_currently_suppressed22,4,GF_00565
exclude_currently_suppressed22,4,GF_00566
exclude_currently_suppressed22,4,GF_00569
exclude_currently_suppressed22,4,GF_00570
exclude_currently_suppressed22,4,GF_00572
exclude_currently_suppressed22,4,GF_00574
exclude_currently_suppressed22,4,GF_00578
exclude_currently_suppressed22,4,GF_00580
exclude_currently_suppressed22,4,GF_00588
exclude_currently_suppressed22,4,GF_00593
exclude_currently_suppressed22,4,GF_00594
exclude_currently_suppressed22,4,GF_00595
exclude_currently_suppressed22,4,GF_00599
exclude_currently_suppressed22,4,GF_00600
exclude_currently_suppressed22,4,GF_00601
exclude_currently_suppressed22,4,GF_00602
exclude_currently_suppressed22,4,GF_00603
exclude_currently_suppressed22,4,GF_00604
exclude_currently_suppressed22,4,GF_00605
exclude_currently_suppressed22,4,GF_00606
exclude_currently_suppressed22,4,GF_00607
exclude_currently_suppressed22,4,GF_00608
exclude_currently_suppressed22,4,GF_00609
exclude_currently_suppressed22,4,GF_00611
exclude_currently_suppressed22,4,GF_00612
exclude_currently_suppressed22,4,GF_00613
exclude_currently_suppressed22,4,GF_00614
exclude_currently_suppressed22,4,GF_00615
exclude_currently_suppressed22,4,GF_00616
exclude_currently_suppressed22,4,GF_00617
exclude_currently_suppressed22,4,GF_00618
exclude_currently_suppressed22,4,GF_00619
exclude_currently_suppressed22,4,GF_00620
exclude_currently_suppressed22,4,GF_00621
exclude_currently_suppressed22,4,GF_00622
exclude_currently_suppressed22,4,GF_00623
exclude_currently_suppressed22,4,GF_00624
exclude_currently_suppressed22,4,GF_00632
exclude_currently_suppressed22,4,GF_00633
exclude_currently_suppressed22,4,GF_00634
exclude_currently_suppressed22,4,GF_00635
exclude_currently_suppressed22,4,GF_00636
exclude_currently_suppressed22,4,GF_00637
exclude_currently_suppressed22,4,GF_00638
exclude_currently_suppressed22,4,GF_00640
exclude_currently_suppressed22,4,GF_00641
exclude_currently_suppressed22,4,GF_00642
exclude_currently_suppressed22,4,GF_00643
exclude_currently_suppressed22,4,GF_00655
exclude_currently_suppressed22,4,GF_00658
exclude_currently_suppressed22,4,GF_00659
exclude_currently_suppressed22,4,GF_00661
exclude_currently_suppressed22,4,GF_00669
exclude_currently_suppressed22,4,GF_00676
exclude_currently_suppressed22,4,GF_00680
exclude_currently_suppressed22,4,GF_00681
exclude_currently_suppressed22,4,GF_00682
exclude_currently_suppressed22,4,GF_00683
exclude_currently_suppressed22,4,GF_00684
exclude_currently_suppressed22,4,GF_00687
exclude_currently_suppressed22,4,GF_00688
exclude_currently_suppressed22,4,GF_00695
exclude_currently_suppressed22,4,GF_00699
exclude_currently_suppressed22,4,GF_00702
exclude_currently_suppressed22,4,GF_00709
exclude_currently_suppressed22,4,GF_00722
exclude_currently_suppressed22,4,GF_00723
exclude_currently_suppressed22,4,GF_00724
exclude_currently_suppressed22,4,GF_00725
exclude_currently_suppressed22,4,GF_00726
exclude_currently_suppressed22,4,GF_00727
exclude_currently_suppressed22,4,GF_00728
exclude_currently_suppressed22,4,GF_00729
exclude_currently_suppressed22,4,GF_00732
exclude_currently_suppressed22,4,GF_00736
exclude_currently_suppressed22,4,GF_00740
exclude_currently_suppressed22,4,GF_00741
exclude_currently_suppressed22,4,GF_00744
exclude_currently_suppressed22,4,GF_00751
exclude_currently_suppressed22,4,GF_00755
exclude_currently_suppressed22,4,GF_00756
exclude_currently_suppressed22,4,GF_00761
exclude_currently_suppressed22,4,GF_00771
exclude_currently_suppressed22,4,GF_00773
exclude_currently_suppressed22,4,GF_00776
exclude_currently_suppressed22,4,GF_00777
exclude_currently_suppressed22,4,GF_00785
exclude_currently_suppressed22,4,GF_00796
exclude_currently_suppressed22,4,GF_00810
exclude_currently_suppressed22,4,GF_00811
exclude_currently_suppressed22,4,GF_00813
exclude_currently_suppressed22,4,GF_00814
exclude_currently_suppressed22,4,GF_00816
exclude_currently_suppressed22,4,GF_00819
exclude_currently_suppressed22,4,GF_00828
exclude_currently_suppressed22,4,GF_00843
exclude_currently_suppressed22,4,GF_00845
exclude_currently_suppressed22,4,GF_00856
exclude_currently_suppressed22,4,GF_00857
exclude_currently_suppressed22,4,GF_00860
exclude_currently_suppressed22,4,GF_00864
exclude_currently_suppressed22,4,GF_00866
exclude_currently_suppressed22,4,GF_00867
exclude_currently_suppressed22,4,GF_00868
exclude_currently_suppressed22,4,GF_00869
exclude_currently_suppressed22,4,GF_00870
exclude_currently_suppressed22,4,GF_00872
exclude_currently_suppressed22,4,GF_00873
exclude_currently_suppressed22,4,GF_00874
exclude_currently_suppressed22,4,GF_00888
exclude_currently_suppressed22,4,GF_00895
exclude_currently_suppressed22,4,GF_00916
exclude_currently_suppressed22,4,GF_00927
exclude_currently_suppressed22,4,GF_00931
exclude_currently_suppressed22,4,GF_00932
exclude_currently_suppressed22,4,GF_00933
exclude_currently_suppressed22,4,GF_00946
exclude_currently_suppressed22,4,GF_00947
exclude_currently_suppressed22,4,GF_00949
exclude_currently_suppressed22,4,GF_00957
exclude_currently_suppressed22,4,GF_00958
exclude_currently_suppressed22,4,GF_00959
exclude_currently_suppressed22,4,GF_00960
exclude_currently_suppressed22,4,GF_00966
exclude_currently_suppressed22,4,GF_00968
exclude_currently_suppressed22,4,GF_00969
exclude_currently_suppressed22,4,GF_00970
exclude_currently_suppressed22,4,GF_00971
exclude_currently_suppressed22,4,GF_00972
exclude_currently_suppressed22,4,GF_00982
exclude_currently_suppressed22,4,GF_01004
exclude_currently_suppressed22,4,GF_01005
exclude_currently_suppressed22,4,GF_01012
exclude_currently_suppressed22,4,GF_01026
exclude_currently_suppressed22,4,GF_01027
exclude_currently_suppressed22,4,GF_01028
exclude_currently_suppressed22,4,GF_01054
exclude_currently_suppressed22,4,GF_01147
exclude_currently_suppressed22,4,GF_01230
exclude_currently_suppressed22,4,GF_01231
exclude_currently_suppressed22,4,GF_01232
exclude_currently_suppressed22,4,GF_01233
exclude_currently_suppressed22,4,GF_01234
exclude_currently_suppressed22,4,GF_01235
exclude_currently_suppressed22,4,GF_01236
exclude_currently_suppressed22,4,GF_01237
exclude_currently_suppressed22,4,GF_01238
exclude_currently_suppressed22,4,GF_01239
exclude_currently_suppressed22,4,GF_01240
exclude_currently_suppressed22,4,GF_01241
exclude_currently_suppressed22,4,GF_01242
exclude_currently_suppressed22,4,GF_01244
exclude_currently_suppressed22,4,GF_01245
exclude_currently_suppressed22,4,GF_01246
exclude_currently_suppressed22,4,GF_01247
exclude_currently_suppressed22,4,GF_01248
exclude_currently_suppressed22,4,GF_01253
exclude_currently_suppressed22,4,GF_01266
exclude_currently_suppressed22,4,GF_01279
exclude_currently_suppressed22,4,GF_01282
exclude_currently_suppressed22,4,GF_01287
exclude_currently_suppressed22,4,GF_01290
exclude_currently_suppressed22,4,GF_01291
exclude_currently_suppressed22,4,GF_01292
exclude_currently_suppressed22,4,GF_01293
exclude_currently_suppressed22,4,GF_01297
exclude_currently_suppressed22,4,GF_01306
exclude_currently_suppressed22,4,GF_01314
exclude_currently_suppressed22,4,GF_01315
exclude_currently_suppressed22,4,GF_01327
exclude_currently_suppressed22,4,GF_01328
exclude_currently_suppressed22,4,GF_01329
exclude_currently_suppressed22,4,GF_01330
exclude_currently_suppressed22,4,GF_01331
exclude_currently_suppressed22,4,GF_01332
exclude_currently_suppressed22,4,GF_01333
exclude_currently_suppressed22,4,GF_01334
exclude_currently_suppressed22,4,GF_01336
exclude_currently_suppressed22,4,GF_01337
exclude_currently_suppressed22,4,GF_01338
exclude_currently_suppressed22,4,GF_01357
exclude_currently_suppressed22,4,GF_01359
exclude_currently_suppressed22,4,GF_01365
exclude_currently_suppressed22,4,GF_01372
exclude_currently_suppressed22,4,GF_01373
exclude_currently_suppressed22,4,GF_01374
exclude_currently_suppressed22,4,GF_01375
exclude_currently_suppressed22,4,GF_01376
exclude_currently_suppressed22,4,GF_01377
exclude_currently_suppressed22,4,GF_01378
exclude_currently_suppressed22,4,GF_01379
exclude_currently_suppressed22,4,GF_01380
exclude_currently_suppressed22,4,GF_01381
exclude_currently_suppressed22,4,GF_01382
exclude_currently_suppressed22,4,GF_01383
exclude_currently_suppressed22,4,GF_01384
exclude_currently_suppressed22,4,GF_01385
exclude_currently_suppressed22,4,GF_01386
exclude_currently_suppressed22,4,GF_01387
exclude_currently_suppressed22,4,GF_01390
exclude_currently_suppressed22,4,GF_01391
exclude_currently_suppressed22,4,GF_01393
exclude_currently_suppressed22,4,GF_01394
exclude_currently_suppressed22,4,GF_01395
exclude_currently_suppressed22,4,GF_01396
exclude_currently_suppressed22,4,GF_01397
exclude_currently_suppressed22,4,GF_01399
exclude_currently_suppressed22,4,GF_01400
exclude_currently_suppressed22,4,GF_01401
exclude_currently_suppressed22,4,GF_01404
exclude_currently_suppressed22,4,GF_01409
exclude_currently_suppressed22,4,GF_01425
exclude_currently_suppressed22,4,GF_01426
exclude_currently_suppressed22,4,GF_01428
exclude_currently_suppressed22,4,GF_01439
exclude_currently_suppressed22,4,GF_01445
exclude_currently_suppressed22,4,GF_01446
exclude_currently_suppressed22,4,GF_01447
exclude_currently_suppressed22,4,GF_01448
exclude_currently_suppressed22,4,GF_01449
exclude_currently_suppressed22,4,GF_01456
exclude_currently_suppressed22,4,GF_01458
exclude_currently_suppressed22,4,GF_01460
exclude_currently_suppressed22,4,GF_01461
exclude_currently_suppressed22,4,GF_01462
exclude_currently_suppressed22,4,GF_01464
exclude_currently_suppressed22,4,GF_01466
exclude_currently_suppressed22,4,GF_01476
exclude_currently_suppressed22,4,GF_01477
exclude_currently_suppressed22,4,GF_01479
exclude_currently_suppressed22,4,GF_01480
exclude_currently_suppressed22,4,GF_01481
exclude_currently_suppressed22,4,GF_01487
exclude_currently_suppressed22,4,GF_01502
exclude_currently_suppressed22,4,GF_01504
exclude_currently_suppressed22,4,GF_01512
exclude_currently_suppressed22,4,GF_01514
exclude_currently_suppressed22,4,GF_01527
exclude_currently_suppressed22,4,GF_01534
exclude_currently_suppressed22,4,GF_01535
exclude_currently_suppressed22,4,GF_01536
exclude_currently_suppressed22,4,GF_01537
exclude_currently_suppressed22,4,GF_01538
exclude_currently_suppressed22,4,GF_01539
exclude_currently_suppressed22,4,GF_01540
exclude_currently_suppressed22,4,GF_01541
exclude_currently_suppressed22,4,GF_01542
exclude_currently_suppressed22,4,GF_01543
exclude_currently_suppressed22,4,GF_01544
exclude_currently_suppressed22,4,GF_01547
exclude_currently_suppressed22,4,GF_01549
exclude_currently_suppressed22,4,GF_01550
exclude_currently_suppressed22,4,GF_01552
exclude_currently_suppressed22,4,GF_01553
exclude_currently_suppressed22,4,GF_01579
exclude_currently_suppressed22,4,GF_01580
exclude_currently_suppressed22,4,GF_01583
exclude_currently_suppressed22,4,GF_01584
exclude_currently_suppressed22,4,GF_01591
exclude_currently_suppressed22,4,GF_01592
exclude_currently_suppressed22,4,GF_01616
exclude_currently_suppressed22,4,GF_01617
exclude_currently_suppressed22,4,GF_01618
exclude_currently_suppressed22,4,GF_01619
exclude_currently_suppressed22,4,GF_01620
exclude_currently_suppressed22,4,GF_01621
exclude_currently_suppressed22,4,GF_01623
exclude_currently_suppressed22,4,GF_01626
exclude_currently_suppressed22,4,GF_01627
exclude_currently_suppressed22,4,GF_01628
exclude_currently_suppressed22,4,GF_01629
exclude_currently_suppressed22,4,GF_01634
exclude_currently_suppressed22,4,GF_01635
exclude_currently_suppressed22,4,GF_01636
exclude_currently_suppressed22,4,GF_01637
exclude_currently_suppressed22,4,GF_01638
exclude_currently_suppressed22,4,GF_01639
exclude_currently_suppressed22,4,GF_01641
exclude_currently_suppressed22,4,GF_01643
exclude_currently_suppressed22,4,GF_01648
exclude_currently_suppressed22,4,GF_01659
exclude_currently_suppressed22,4,GF_01661
exclude_currently_suppressed22,4,GF_01672
exclude_currently_suppressed22,4,GF_01673
exclude_currently_suppressed22,4,GF_01674
exclude_currently_suppressed22,4,GF_01675
exclude_currently_suppressed22,4,GF_01676
exclude_currently_suppressed22,4,GF_01677
exclude_currently_suppressed22,4,GF_01678
exclude_currently_suppressed22,4,GF_01679
exclude_currently_suppressed22,4,GF_01680
exclude_currently_suppressed22,4,GF_01681
exclude_currently_suppressed22,4,GF_01683
exclude_currently_suppressed22,4,GF_01684
exclude_currently_suppressed22,4,GF_01685
exclude_currently_suppressed22,4,GF_01688
exclude_currently_suppressed22,4,GF_01689
exclude_currently_suppressed22,4,GF_01690
exclude_currently_suppressed22,4,GF_01691
exclude_currently_suppressed22,4,GF_01692
exclude_currently_suppressed22,4,GF_01693
exclude_currently_suppressed22,4,GF_01732
exclude_currently_suppressed22,4,GF_01733
exclude_currently_suppressed22,4,GF_01734
exclude_currently_suppressed22,4,GF_01735
exclude_currently_suppressed22,4,GF_01736
exclude_currently_suppressed22,4,GF_01740
exclude_currently_suppressed22,4,GF_01741
exclude_currently_suppressed22,4,GF_01742
exclude_currently_suppressed22,4,GF_01763
exclude_currently_suppressed22,4,GF_01783
exclude_currently_suppressed22,4,GF_01797
exclude_currently_suppressed22,4,GF_01798
exclude_currently_suppressed22,4,GF_01799
exclude_currently_suppressed22,4,GF_01801
exclude_currently_suppressed22,4,GF_01802
exclude_currently_suppressed22,4,GF_01803
exclude_currently_suppressed22,4,GF_01805
exclude_currently_suppressed22,4,GF_01806
exclude_currently_suppressed22,4,GF_01807
exclude_currently_suppressed22,4,GF_01808
exclude_currently_suppressed22,4,GF_01809
exclude_currently_suppressed22,4,GF_01810
exclude_currently_suppressed22,4,GF_01811
exclude_currently_suppressed22,4,GF_01812
exclude_currently_suppressed22,4,GF_01813
exclude_currently_suppressed22,4,GF_01814
exclude_currently_suppressed22,4,GF_01815
exclude_currently_suppressed22,4,GF_01816
exclude_currently_suppressed22,4,GF_01817
exclude_currently_suppressed22,4,GF_01818
exclude_currently_suppressed22,4,GF_01819
exclude_currently_suppressed22,4,GF_01822
exclude_currently_suppressed22,4,GF_01823
exclude_currently_suppressed22,4,GF_01834
exclude_currently_suppressed22,4,GF_01836
exclude_currently_suppressed22,4,GF_01837
exclude_currently_suppressed22,4,GF_01840
exclude_currently_suppressed22,4,GF_01841
exclude_currently_suppressed22,4,GF_01842
exclude_currently_suppressed22,4,GF_01844
exclude_currently_suppressed22,4,GF_01856
exclude_currently_suppressed22,4,GF_01860
exclude_currently_suppressed22,4,GF_01866
exclude_currently_suppressed22,4,GF_01870
exclude_currently_suppressed22,4,GF_01872
exclude_currently_suppressed22,4,GF_01885
exclude_currently_suppressed22,4,GF_01897
exclude_currently_suppressed22,4,GF_01898
exclude_currently_suppressed22,4,GF_01899
exclude_currently_suppressed22,4,GF_01900
exclude_currently_suppressed22,4,GF_01901
exclude_currently_suppressed22,4,GF_01902
exclude_currently_suppressed22,4,GF_01904
exclude_currently_suppressed22,4,GF_01919
exclude_currently_suppressed22,4,GF_01921
exclude_currently_suppressed22,4,GF_01923
exclude_currently_suppressed22,4,GF_01925
exclude_currently_suppressed22,4,GF_01926
exclude_currently_suppressed22,4,GF_01927
exclude_currently_suppressed22,4,GF_01928
exclude_currently_suppressed22,4,GF_01929
exclude_currently_suppressed22,4,GF_01930
exclude_currently_suppressed22,4,GF_01945
exclude_currently_suppressed22,4,GF_02041
exclude_currently_suppressed22,4,GF_02059
exclude_currently_suppressed22,4,GF_02060
exclude_currently_suppressed22,4,GF_02069
exclude_currently_suppressed22,4,GF_02070
exclude_currently_suppressed22,4,GF_02071
exclude_currently_suppressed22,4,GF_02072
exclude_currently_suppressed22,4,GF_02073
exclude_currently_suppressed22,4,GF_02074
exclude_currently_suppressed22,4,GF_02075
exclude_currently_suppressed22,4,GF_02076
exclude_currently_suppressed22,4,GF_02081
exclude_currently_suppressed22,4,GF_02084
exclude_currently_suppressed22,4,GF_02085
exclude_currently_suppressed22,4,GF_02088
exclude_currently_suppressed22,4,GF_02089
exclude_currently_suppressed22,4,GF_02091
exclude_currently_suppressed22,4,GF_02092
exclude_currently_suppressed22,4,GF_02093
exclude_currently_suppressed22,4,GF_02094
exclude_currently_suppressed22,4,GF_02101
exclude_currently_suppressed22,4,GF_02109
exclude_currently_suppressed22,4,GF_02110
exclude_currently_suppressed22,4,GF_02122
exclude_currently_suppressed22,4,GF_02130
exclude_currently_suppressed22,4,GF_02131
exclude_currently_suppressed22,4,GF_02132
exclude_currently_suppressed22,4,GF_02136
exclude_currently_suppressed22,4,GF_02137
exclude_currently_suppressed22,4,GF_02138
exclude_currently_suppressed22,4,GF_02139
exclude_currently_suppressed22,4,GF_02140
exclude_currently_suppressed22,4,GF_02142
exclude_currently_suppressed22,4,GF_02143
exclude_currently_suppressed22,4,GF_02145
exclude_currently_suppressed22,4,GF_02152
exclude_currently_suppressed22,4,GF_02157
exclude_currently_suppressed22,4,GF_02158
exclude_currently_suppressed22,4,GF_02159
exclude_currently_suppressed22,4,GF_02168
exclude_currently_suppressed22,4,GF_02172
exclude_currently_suppressed22,4,GF_02178
exclude_currently_suppressed22,4,GF_02180
exclude_currently_suppressed22,4,GF_02184
exclude_currently_suppressed22,4,GF_02194
exclude_currently_suppressed22,4,GF_02215
exclude_currently_suppressed22,4,GF_02216
exclude_currently_suppressed22,4,GF_02217
exclude_currently_suppressed22,4,GF_02218
exclude_currently_suppressed22,4,GF_02219
exclude_currently_suppressed22,4,GF_02220
exclude_currently_suppressed22,4,GF_02222
exclude_currently_suppressed22,4,GF_02223
exclude_currently_suppressed22,4,GF_02224
exclude_currently_suppressed22,4,GF_02225
exclude_currently_suppressed22,4,GF_02226
exclude_currently_suppressed22,4,GF_02227
exclude_currently_suppressed22,4,GF_02228
exclude_currently_suppressed22,4,GF_02229
exclude_currently_suppressed22,4,GF_02230
exclude_currently_suppressed22,4,GF_02239
exclude_currently_suppressed22,4,GF_02260
exclude_currently_suppressed22,4,GF_02261
exclude_currently_suppressed22,4,GF_02262
exclude_currently_suppressed22,4,GF_02263
exclude_currently_suppressed22,4,GF_02264
exclude_currently_suppressed22,4,GF_02266
exclude_currently_suppressed22,5,GF_00008
exclude_currently_suppressed22,5,GF_00011
exclude_currently_suppressed22,5,GF_00012
exclude_currently_suppressed22,5,GF_00013
exclude_currently_suppressed22,5,GF_00014
exclude_currently_suppressed22,5,GF_00015
exclude_currently_suppressed22,5,GF_00016
exclude_currently_suppressed22,5,GF_00017
exclude_currently_suppressed22,5,GF_00018
exclude_currently_suppressed22,5,GF_00036
exclude_currently_suppressed22,5,GF_00043
exclude_currently_suppressed22,5,GF_00044
exclude_currently_suppressed22,5,GF_00046
exclude_currently_suppressed22,5,GF_00047
exclude_currently_suppressed22,5,GF_00048
exclude_currently_suppressed22,5,GF_00051
exclude_currently_suppressed22,5,GF_00052
exclude_currently_suppressed22,5,GF_00071
exclude_currently_suppressed22,5,GF_00072
exclude_currently_suppressed22,5,GF_00073
exclude_currently_suppressed22,5,GF_00074
exclude_currently_suppressed22,5,GF_00075
exclude_currently_suppressed22,5,GF_00076
exclude_currently_suppressed22,5,GF_00077
exclude_currently_suppressed22,5,GF_00078
exclude_currently_suppressed22,5,GF_00079
exclude_currently_suppressed22,5,GF_00080
exclude_currently_suppressed22,5,GF_00081
exclude_currently_suppressed22,5,GF_00082
exclude_currently_suppressed22,5,GF_00083
exclude_currently_suppressed22,5,GF_00084
exclude_currently_suppressed22,5,GF_00085
exclude_currently_suppressed22,5,GF_00087
exclude_currently_suppressed22,5,GF_00088
exclude_currently_suppressed22,5,GF_00093
exclude_currently_suppressed22,5,GF_00094
exclude_currently_suppressed22,5,GF_00104
exclude_currently_suppressed22,5,GF_00105
exclude_currently_suppressed22,5,GF_00106
exclude_currently_suppressed22,5,GF_00107
exclude_currently_suppressed22,5,GF_00108
exclude_currently_suppressed22,5,GF_00109
exclude_currently_suppressed22,5,GF_00110
exclude_currently_suppressed22,5,GF_00111
exclude_currently_suppressed22,5,GF_00112
exclude_currently_suppressed22,5,GF_00113
exclude_currently_suppressed22,5,GF_00114
exclude_currently_suppressed22,5,GF_00115
exclude_currently_suppressed22,5,GF_00116
exclude_currently_suppressed22,5,GF_00117
exclude_currently_suppressed22,5,GF_00119
exclude_currently_suppressed22,5,GF_00120
exclude_currently_suppressed22,5,GF_00121
exclude_currently_suppressed22,5,GF_00122
exclude_currently_suppressed22,5,GF_00123
exclude_currently_suppressed22,5,GF_00124
exclude_currently_suppressed22,5,GF_00125
exclude_currently_suppressed22,5,GF_00136
exclude_currently_suppressed22,5,GF_00137
exclude_currently_suppressed22,5,GF_00138
exclude_currently_suppressed22,5,GF_00139
exclude_currently_suppressed22,5,GF_00141
exclude_currently_suppressed22,5,GF_00142
exclude_currently_suppressed22,5,GF_00143
exclude_currently_suppressed22,5,GF_00155
exclude_currently_suppressed22,5,GF_00164
exclude_currently_suppressed22,5,GF_00170
exclude_currently_suppressed22,5,GF_00175
exclude_currently_suppressed22,5,GF_00178
exclude_currently_suppressed22,5,GF_00179
exclude_currently_suppressed22,5,GF_00180
exclude_currently_suppressed22,5,GF_00181
exclude_currently_suppressed22,5,GF_00208
exclude_currently_suppressed22,5,GF_00220
exclude_currently_suppressed22,5,GF_00228
exclude_currently_suppressed22,5,GF_00229
exclude_currently_suppressed22,5,GF_00235
exclude_currently_suppressed22,5,GF_00244
exclude_currently_suppressed22,5,GF_00251
exclude_currently_suppressed22,5,GF_00262
exclude_currently_suppressed22,5,GF_00281
exclude_currently_suppressed22,5,GF_00290
exclude_currently_suppressed22,5,GF_00296
exclude_currently_suppressed22,5,GF_00300
exclude_currently_suppressed22,5,GF_00302
exclude_currently_suppressed22,5,GF_00303
exclude_currently_suppressed22,5,GF_00309
exclude_currently_suppressed22,5,GF_00310
exclude_currently_suppressed22,5,GF_00311
exclude_currently_suppressed22,5,GF_00312
exclude_currently_suppressed22,5,GF_00313
exclude_currently_suppressed22,5,GF_00314
exclude_currently_suppressed22,5,GF_00315
exclude_currently_suppressed22,5,GF_00316
exclude_currently_suppressed22,5,GF_00317
exclude_currently_suppressed22,5,GF_00318
exclude_currently_suppressed22,5,GF_00319
exclude_currently_suppressed22,5,GF_00320
exclude_currently_suppressed22,5,GF_00321
exclude_currently_suppressed22,5,GF_00322
exclude_currently_suppressed22,5,GF_00323
exclude_currently_suppressed22,5,GF_00324
exclude_currently_suppressed22,5,GF_00325
exclude_currently_suppressed22,5,GF_00326
exclude_currently_suppressed22,5,GF_00327
exclude_currently_suppressed22,5,GF_00329
exclude_currently_suppressed22,5,GF_00330
exclude_currently_suppressed22,5,GF_00331
exclude_currently_suppressed22,5,GF_00332
exclude_currently_suppressed22,5,GF_00333
exclude_currently_suppressed22,5,GF_00335
exclude_currently_suppressed22,5,GF_00336
exclude_currently_suppressed22,5,GF_00337
exclude_currently_suppressed22,5,GF_00338
exclude_currently_suppressed22,5,GF_00339
exclude_currently_suppressed22,5,GF_00340
exclude_currently_suppressed22,5,GF_00341
exclude_currently_suppressed22,5,GF_00342
exclude_currently_suppressed22,5,GF_00343
exclude_currently_suppressed22,5,GF_00344
exclude_currently_suppressed22,5,GF_00346
exclude_currently_suppressed22,5,GF_00347
exclude_currently_suppressed22,5,GF_00348
exclude_currently_suppressed22,5,GF_00349
exclude_currently_suppressed22,5,GF_00350
exclude_currently_suppressed22,5,GF_00351
exclude_currently_suppressed22,5,GF_00352
exclude_currently_suppressed22,5,GF_00353
exclude_currently_suppressed22,5,GF_00355
exclude_currently_suppressed22,5,GF_00358
exclude_currently_suppressed22,5,GF_00360
exclude_currently_suppressed22,5,GF_00362
exclude_currently_suppressed22,5,GF_00363
exclude_currently_suppressed22,5,GF_00364
exclude_currently_suppressed22,5,GF_00365
exclude_currently_suppressed22,5,GF_00369
exclude_currently_suppressed22,5,GF_00381
exclude_currently_suppressed22,5,GF_00384
exclude_currently_suppressed22,5,GF_00385
exclude_currently_suppressed22,5,GF_00386
exclude_currently_suppressed22,5,GF_00387
exclude_currently_suppressed22,5,GF_00388
exclude_currently_suppressed22,5,GF_00389
exclude_currently_suppressed22,5,GF_00391
exclude_currently_suppressed22,5,GF_00393
exclude_currently_suppressed22,5,GF_00394
exclude_currently_suppressed22,5,GF_00395
exclude_currently_suppressed22,5,GF_00396
exclude_currently_suppressed22,5,GF_00400
exclude_currently_suppressed22,5,GF_00401
exclude_currently_suppressed22,5,GF_00402
exclude_currently_suppressed22,5,GF_00403
exclude_currently_suppressed22,5,GF_00404
exclude_currently_suppressed22,5,GF_00405
exclude_currently_suppressed22,5,GF_00406
exclude_currently_suppressed22,5,GF_00407
exclude_currently_suppressed22,5,GF_00408
exclude_currently_suppressed22,5,GF_00409
exclude_currently_suppressed22,5,GF_00410
exclude_currently_suppressed22,5,GF_00413
exclude_currently_suppressed22,5,GF_00414
exclude_currently_suppressed22,5,GF_00415
exclude_currently_suppressed22,5,GF_00417
exclude_currently_suppressed22,5,GF_00418
exclude_currently_suppressed22,5,GF_00421
exclude_currently_suppressed22,5,GF_00422
exclude_currently_suppressed22,5,GF_00424
exclude_currently_suppressed22,5,GF_00426
exclude_currently_suppressed22,5,GF_00427
exclude_currently_suppressed22,5,GF_00428
exclude_currently_suppressed22,5,GF_00429
exclude_currently_suppressed22,5,GF_00430
exclude_currently_suppressed22,5,GF_00431
exclude_currently_suppressed22,5,GF_00432
exclude_currently_suppressed22,5,GF_00433
exclude_currently_suppressed22,5,GF_00434
exclude_currently_suppressed22,5,GF_00435
exclude_currently_suppressed22,5,GF_00436
exclude_currently_suppressed22,5,GF_00437
exclude_currently_suppressed22,5,GF_00438
exclude_currently_suppressed22,5,GF_00440
exclude_currently_suppressed22,5,GF_00441
exclude_currently_suppressed22,5,GF_00455
exclude_currently_suppressed22,5,GF_00456
exclude_currently_suppressed22,5,GF_00457
exclude_currently_suppressed22,5,GF_00458
exclude_currently_suppressed22,5,GF_00459
exclude_currently_suppressed22,5,GF_00471
exclude_currently_suppressed22,5,GF_00480
exclude_currently_suppressed22,5,GF_00482
exclude_currently_suppressed22,5,GF_00488
exclude_currently_suppressed22,5,GF_00503
exclude_currently_suppressed22,5,GF_00522
exclude_currently_suppressed22,5,GF_00523
exclude_currently_suppressed22,5,GF_00524
exclude_currently_suppressed22,5,GF_00525
exclude_currently_suppressed22,5,GF_00527
exclude_currently_suppressed22,5,GF_00528
exclude_currently_suppressed22,5,GF_00529
exclude_currently_suppressed22,5,GF_00530
exclude_currently_suppressed22,5,GF_00531
exclude_currently_suppressed22,5,GF_00536
exclude_currently_suppressed22,5,GF_00538
exclude_currently_suppressed22,5,GF_00546
exclude_currently_suppressed22,5,GF_00547
exclude_currently_suppressed22,5,GF_00548
exclude_currently_suppressed22,5,GF_00549
exclude_currently_suppressed22,5,GF_00564
exclude_currently_suppressed22,5,GF_00565
exclude_currently_suppressed22,5,GF_00566
exclude_currently_suppressed22,5,GF_00569
exclude_currently_suppressed22,5,GF_00570
exclude_currently_suppressed22,5,GF_00572
exclude_currently_suppressed22,5,GF_00574
exclude_currently_suppressed22,5,GF_00578
exclude_currently_suppressed22,5,GF_00580
exclude_currently_suppressed22,5,GF_00594
exclude_currently_suppressed22,5,GF_00595
exclude_currently_suppressed22,5,GF_00596
exclude_currently_suppressed22,5,GF_00599
exclude_currently_suppressed22,5,GF_00600
exclude_currently_suppressed22,5,GF_00601
exclude_currently_suppressed22,5,GF_00603
exclude_currently_suppressed22,5,GF_00604
exclude_currently_suppressed22,5,GF_00605
exclude_currently_suppressed22,5,GF_00606
exclude_currently_suppressed22,5,GF_00607
exclude_currently_suppressed22,5,GF_00608
exclude_currently_suppressed22,5,GF_00609
exclude_currently_suppressed22,5,GF_00610
exclude_currently_suppressed22,5,GF_00611
exclude_currently_suppressed22,5,GF_00612
exclude_currently_suppressed22,5,GF_00613
exclude_currently_suppressed22,5,GF_00614
exclude_currently_suppressed22,5,GF_00615
exclude_currently_suppressed22,5,GF_00617
exclude_currently_suppressed22,5,GF_00618
exclude_currently_suppressed22,5,GF_00619
exclude_currently_suppressed22,5,GF_00620
exclude_currently_suppressed22,5,GF_00621
exclude_currently_suppressed22,5,GF_00622
exclude_currently_suppressed22,5,GF_00623
exclude_currently_suppressed22,5,GF_00624
exclude_currently_suppressed22,5,GF_00632
exclude_currently_suppressed22,5,GF_00633
exclude_currently_suppressed22,5,GF_00634
exclude_currently_suppressed22,5,GF_00635
exclude_currently_suppressed22,5,GF_00636
exclude_currently_suppressed22,5,GF_00637
exclude_currently_suppressed22,5,GF_00638
exclude_currently_suppressed22,5,GF_00640
exclude_currently_suppressed22,5,GF_00641
exclude_currently_suppressed22,5,GF_00642
exclude_currently_suppressed22,5,GF_00643
exclude_currently_suppressed22,5,GF_00655
exclude_currently_suppressed22,5,GF_00658
exclude_currently_suppressed22,5,GF_00659
exclude_currently_suppressed22,5,GF_00661
exclude_currently_suppressed22,5,GF_00669
exclude_currently_suppressed22,5,GF_00676
exclude_currently_suppressed22,5,GF_00680
exclude_currently_suppressed22,5,GF_00681
exclude_currently_suppressed22,5,GF_00682
exclude_currently_suppressed22,5,GF_00683
exclude_currently_suppressed22,5,GF_00684
exclude_currently_suppressed22,5,GF_00686
exclude_currently_suppressed22,5,GF_00688
exclude_currently_suppressed22,5,GF_00695
exclude_currently_suppressed22,5,GF_00699
exclude_currently_suppressed22,5,GF_00702
exclude_currently_suppressed22,5,GF_00709
exclude_currently_suppressed22,5,GF_00722
exclude_currently_suppressed22,5,GF_00723
exclude_currently_suppressed22,5,GF_00724
exclude_currently_suppressed22,5,GF_00725
exclude_currently_suppressed22,5,GF_00726
exclude_currently_suppressed22,5,GF_00727
exclude_currently_suppressed22,5,GF_00728
exclude_currently_suppressed22,5,GF_00729
exclude_currently_suppressed22,5,GF_00732
exclude_currently_suppressed22,5,GF_00736
exclude_currently_suppressed22,5,GF_00740
exclude_currently_suppressed22,5,GF_00741
exclude_currently_suppressed22,5,GF_00744
exclude_currently_suppressed22,5,GF_00751
exclude_currently_suppressed22,5,GF_00755
exclude_currently_suppressed22,5,GF_00756
exclude_currently_suppressed22,5,GF_00761
exclude_currently_suppressed22,5,GF_00771
exclude_currently_suppressed22,5,GF_00773
exclude_currently_suppressed22,5,GF_00776
exclude_currently_suppressed22,5,GF_00777
exclude_currently_suppressed22,5,GF_00785
exclude_currently_suppressed22,5,GF_00796
exclude_currently_suppressed22,5,GF_00810
exclude_currently_suppressed22,5,GF_00811
exclude_currently_suppressed22,5,GF_00813
exclude_currently_suppressed22,5,GF_00814
exclude_currently_suppressed22,5,GF_00815
exclude_currently_suppressed22,5,GF_00816
exclude_currently_suppressed22,5,GF_00819
exclude_currently_suppressed22,5,GF_00828
exclude_currently_suppressed22,5,GF_00845
exclude_currently_suppressed22,5,GF_00857
exclude_currently_suppressed22,5,GF_00864
exclude_currently_suppressed22,5,GF_00865
exclude_currently_suppressed22,5,GF_00866
exclude_currently_suppressed22,5,GF_00868
exclude_currently_suppressed22,5,GF_00869
exclude_currently_suppressed22,5,GF_00870
exclude_currently_suppressed22,5,GF_00871
exclude_currently_suppressed22,5,GF_00873
exclude_currently_suppressed22,5,GF_00874
exclude_currently_suppressed22,5,GF_00888
exclude_currently_suppressed22,5,GF_00895
exclude_currently_suppressed22,5,GF_00916
exclude_currently_suppressed22,5,GF_00931
exclude_currently_suppressed22,5,GF_00932
exclude_currently_suppressed22,5,GF_00933
exclude_currently_suppressed22,5,GF_00946
exclude_currently_suppressed22,5,GF_00949
exclude_currently_suppressed22,5,GF_00957
exclude_currently_suppressed22,5,GF_00958
exclude_currently_suppressed22,5,GF_00959
exclude_currently_suppressed22,5,GF_00960
exclude_currently_suppressed22,5,GF_00963
exclude_currently_suppressed22,5,GF_00966
exclude_currently_suppressed22,5,GF_00967
exclude_currently_suppressed22,5,GF_00968
exclude_currently_suppressed22,5,GF_00969
exclude_currently_suppressed22,5,GF_00970
exclude_currently_suppressed22,5,GF_00971
exclude_currently_suppressed22,5,GF_00972
exclude_currently_suppressed22,5,GF_00982
exclude_currently_suppressed22,5,GF_01005
exclude_currently_suppressed22,5,GF_01012
exclude_currently_suppressed22,5,GF_01026
exclude_currently_suppressed22,5,GF_01027
exclude_currently_suppressed22,5,GF_01028
exclude_currently_suppressed22,5,GF_01054
exclude_currently_suppressed22,5,GF_01230
exclude_currently_suppressed22,5,GF_01231
exclude_currently_suppressed22,5,GF_01232
exclude_currently_suppressed22,5,GF_01233
exclude_currently_suppressed22,5,GF_01234
exclude_currently_suppressed22,5,GF_01235
exclude_currently_suppressed22,5,GF_01236
exclude_currently_suppressed22,5,GF_01237
exclude_currently_suppressed22,5,GF_01239
exclude_currently_suppressed22,5,GF_01240
exclude_currently_suppressed22,5,GF_01241
exclude_currently_suppressed22,5,GF_01242
exclude_currently_suppressed22,5,GF_01244
exclude_currently_suppressed22,5,GF_01245
exclude_currently_suppressed22,5,GF_01246
exclude_currently_suppressed22,5,GF_01247
exclude_currently_suppressed22,5,GF_01248
exclude_currently_suppressed22,5,GF_01266
exclude_currently_suppressed22,5,GF_01287
exclude_currently_suppressed22,5,GF_01290
exclude_currently_suppressed22,5,GF_01291
exclude_currently_suppressed22,5,GF_01292
exclude_currently_suppressed22,5,GF_01293
exclude_currently_suppressed22,5,GF_01297
exclude_currently_suppressed22,5,GF_01306
exclude_currently_suppressed22,5,GF_01314
exclude_currently_suppressed22,5,GF_01315
exclude_currently_suppressed22,5,GF_01327
exclude_currently_suppressed22,5,GF_01328
exclude_currently_suppressed22,5,GF_01329
exclude_currently_suppressed22,5,GF_01330
exclude_currently_suppressed22,5,GF_01331
exclude_currently_suppressed22,5,GF_01332
exclude_currently_suppressed22,5,GF_01333
exclude_currently_suppressed22,5,GF_01335
exclude_currently_suppressed22,5,GF_01336
exclude_currently_suppressed22,5,GF_01337
exclude_currently_suppressed22,5,GF_01338
exclude_currently_suppressed22,5,GF_01372
exclude_currently_suppressed22,5,GF_01373
exclude_currently_suppressed22,5,GF_01374
exclude_currently_suppressed22,5,GF_01375
exclude_currently_suppressed22,5,GF_01376
exclude_currently_suppressed22,5,GF_01377
exclude_currently_suppressed22,5,GF_01379
exclude_currently_suppressed22,5,GF_01381
exclude_currently_suppressed22,5,GF_01382
exclude_currently_suppressed22,5,GF_01383
exclude_currently_suppressed22,5,GF_01385
exclude_currently_suppressed22,5,GF_01387
exclude_currently_suppressed22,5,GF_01390
exclude_currently_suppressed22,5,GF_01391
exclude_currently_suppressed22,5,GF_01392
exclude_currently_suppressed22,5,GF_01393
exclude_currently_suppressed22,5,GF_01394
exclude_currently_suppressed22,5,GF_01395
exclude_currently_suppressed22,5,GF_01396
exclude_currently_suppressed22,5,GF_01397
exclude_currently_suppressed22,5,GF_01398
exclude_currently_suppressed22,5,GF_01399
exclude_currently_suppressed22,5,GF_01400
exclude_currently_suppressed22,5,GF_01401
exclude_currently_suppressed22,5,GF_01404
exclude_currently_suppressed22,5,GF_01409
exclude_currently_suppressed22,5,GF_01425
exclude_currently_suppressed22,5,GF_01426
exclude_currently_suppressed22,5,GF_01428
exclude_currently_suppressed22,5,GF_01439
exclude_currently_suppressed22,5,GF_01445
exclude_currently_suppressed22,5,GF_01446
exclude_currently_suppressed22,5,GF_01447
exclude_currently_suppressed22,5,GF_01448
exclude_currently_suppressed22,5,GF_01449
exclude_currently_suppressed22,5,GF_01456
exclude_currently_suppressed22,5,GF_01458
exclude_currently_suppressed22,5,GF_01460
exclude_currently_suppressed22,5,GF_01461
exclude_currently_suppressed22,5,GF_01462
exclude_currently_suppressed22,5,GF_01466
exclude_currently_suppressed22,5,GF_01476
exclude_currently_suppressed22,5,GF_01477
exclude_currently_suppressed22,5,GF_01479
exclude_currently_suppressed22,5,GF_01480
exclude_currently_suppressed22,5,GF_01481
exclude_currently_suppressed22,5,GF_01487
exclude_currently_suppressed22,5,GF_01502
exclude_currently_suppressed22,5,GF_01512
exclude_currently_suppressed22,5,GF_01514
exclude_currently_suppressed22,5,GF_01527
exclude_currently_suppressed22,5,GF_01533
exclude_currently_suppressed22,5,GF_01534
exclude_currently_suppressed22,5,GF_01536
exclude_currently_suppressed22,5,GF_01538
exclude_currently_suppressed22,5,GF_01539
exclude_currently_suppressed22,5,GF_01540
exclude_currently_suppressed22,5,GF_01541
exclude_currently_suppressed22,5,GF_01542
exclude_currently_suppressed22,5,GF_01544
exclude_currently_suppressed22,5,GF_01547
exclude_currently_suppressed22,5,GF_01549
exclude_currently_suppressed22,5,GF_01550
exclude_currently_suppressed22,5,GF_01552
exclude_currently_suppressed22,5,GF_01553
exclude_currently_suppressed22,5,GF_01579
exclude_currently_suppressed22,5,GF_01580
exclude_currently_suppressed22,5,GF_01583
exclude_currently_suppressed22,5,GF_01584
exclude_currently_suppressed22,5,GF_01591
exclude_currently_suppressed22,5,GF_01592
exclude_currently_suppressed22,5,GF_01617
exclude_currently_suppressed22,5,GF_01618
exclude_currently_suppressed22,5,GF_01619
exclude_currently_suppressed22,5,GF_01620
exclude_currently_suppressed22,5,GF_01621
exclude_currently_suppressed22,5,GF_01622
exclude_currently_suppressed22,5,GF_01623
exclude_currently_suppressed22,5,GF_01625
exclude_currently_suppressed22,5,GF_01626
exclude_currently_suppressed22,5,GF_01627
exclude_currently_suppressed22,5,GF_01628
exclude_currently_suppressed22,5,GF_01629
exclude_currently_suppressed22,5,GF_01630
exclude_currently_suppressed22,5,GF_01634
exclude_currently_suppressed22,5,GF_01636
exclude_currently_suppressed22,5,GF_01637
exclude_currently_suppressed22,5,GF_01638
exclude_currently_suppressed22,5,GF_01639
exclude_currently_suppressed22,5,GF_01641
exclude_currently_suppressed22,5,GF_01648
exclude_currently_suppressed22,5,GF_01659
exclude_currently_suppressed22,5,GF_01661
exclude_currently_suppressed22,5,GF_01673
exclude_currently_suppressed22,5,GF_01674
exclude_currently_suppressed22,5,GF_01675
exclude_currently_suppressed22,5,GF_01676
exclude_currently_suppressed22,5,GF_01677
exclude_currently_suppressed22,5,GF_01678
exclude_currently_suppressed22,5,GF_01679
exclude_currently_suppressed22,5,GF_01680
exclude_currently_suppressed22,5,GF_01681
exclude_currently_suppressed22,5,GF_01684
exclude_currently_suppressed22,5,GF_01685
exclude_currently_suppressed22,5,GF_01688
exclude_currently_suppressed22,5,GF_01689
exclude_currently_suppressed22,5,GF_01690
exclude_currently_suppressed22,5,GF_01691
exclude_currently_suppressed22,5,GF_01692
exclude_currently_suppressed22,5,GF_01693
exclude_currently_suppressed22,5,GF_01732
exclude_currently_suppressed22,5,GF_01733
exclude_currently_suppressed22,5,GF_01734
exclude_currently_suppressed22,5,GF_01735
exclude_currently_suppressed22,5,GF_01736
exclude_currently_suppressed22,5,GF_01737
exclude_currently_suppressed22,5,GF_01741
exclude_currently_suppressed22,5,GF_01742
exclude_currently_suppressed22,5,GF_01745
exclude_currently_suppressed22,5,GF_01763
exclude_currently_suppressed22,5,GF_01783
exclude_currently_suppressed22,5,GF_01798
exclude_currently_suppressed22,5,GF_01799
exclude_currently_suppressed22,5,GF_01801
exclude_currently_suppressed22,5,GF_01802
exclude_currently_suppressed22,5,GF_01803
exclude_currently_suppressed22,5,GF_01805
exclude_currently_suppressed22,5,GF_01806
exclude_currently_suppressed22,5,GF_01807
exclude_currently_suppressed22,5,GF_01808
exclude_currently_suppressed22,5,GF_01809
exclude_currently_suppressed22,5,GF_01810
exclude_currently_suppressed22,5,GF_01811
exclude_currently_suppressed22,5,GF_01812
exclude_currently_suppressed22,5,GF_01813
exclude_currently_suppressed22,5,GF_01814
exclude_currently_suppressed22,5,GF_01815
exclude_currently_suppressed22,5,GF_01816
exclude_currently_suppressed22,5,GF_01818
exclude_currently_suppressed22,5,GF_01819
exclude_currently_suppressed22,5,GF_01822
exclude_currently_suppressed22,5,GF_01823
exclude_currently_suppressed22,5,GF_01834
exclude_currently_suppressed22,5,GF_01836
exclude_currently_suppressed22,5,GF_01837
exclude_currently_suppressed22,5,GF_01840
exclude_currently_suppressed22,5,GF_01841
exclude_currently_suppressed22,5,GF_01842
exclude_currently_suppressed22,5,GF_01844
exclude_currently_suppressed22,5,GF_01856
exclude_currently_suppressed22,5,GF_01860
exclude_currently_suppressed22,5,GF_01866
exclude_currently_suppressed22,5,GF_01870
exclude_currently_suppressed22,5,GF_01885
exclude_currently_suppressed22,5,GF_01896
exclude_currently_suppressed22,5,GF_01898
exclude_currently_suppressed22,5,GF_01899
exclude_currently_suppressed22,5,GF_01900
exclude_currently_suppressed22,5,GF_01901
exclude_currently_suppressed22,5,GF_01902
exclude_currently_suppressed22,5,GF_01904
exclude_currently_suppressed22,5,GF_01919
exclude_currently_suppressed22,5,GF_01921
exclude_currently_suppressed22,5,GF_01923
exclude_currently_suppressed22,5,GF_01925
exclude_currently_suppressed22,5,GF_01926
exclude_currently_suppressed22,5,GF_01927
exclude_currently_suppressed22,5,GF_01928
exclude_currently_suppressed22,5,GF_01929
exclude_currently_suppressed22,5,GF_01930
exclude_currently_suppressed22,5,GF_01945
exclude_currently_suppressed22,5,GF_02041
exclude_currently_suppressed22,5,GF_02059
exclude_currently_suppressed22,5,GF_02060
exclude_currently_suppressed22,5,GF_02069
exclude_currently_suppressed22,5,GF_02070
exclude_currently_suppressed22,5,GF_02071
exclude_currently_suppressed22,5,GF_02072
exclude_currently_suppressed22,5,GF_02074
exclude_currently_suppressed22,5,GF_02075
exclude_currently_suppressed22,5,GF_02076
exclude_currently_suppressed22,5,GF_02084
exclude_currently_suppressed22,5,GF_02085
exclude_currently_suppressed22,5,GF_02086
exclude_currently_suppressed22,5,GF_02088
exclude_currently_suppressed22,5,GF_02089
exclude_currently_suppressed22,5,GF_02091
exclude_currently_suppressed22,5,GF_02092
exclude_currently_suppressed22,5,GF_02093
exclude_currently_suppressed22,5,GF_02094
exclude_currently_suppressed22,5,GF_02101
exclude_currently_suppressed22,5,GF_02110
exclude_currently_suppressed22,5,GF_02113
exclude_currently_suppressed22,5,GF_02122
exclude_currently_suppressed22,5,GF_02130
exclude_currently_suppressed22,5,GF_02131
exclude_currently_suppressed22,5,GF_02132
exclude_currently_suppressed22,5,GF_02136
exclude_currently_suppressed22,5,GF_02137
exclude_currently_suppressed22,5,GF_02138
exclude_currently_suppressed22,5,GF_02139
exclude_currently_suppressed22,5,GF_02140
exclude_currently_suppressed22,5,GF_02141
exclude_currently_suppressed22,5,GF_02142
exclude_currently_suppressed22,5,GF_02145
exclude_currently_suppressed22,5,GF_02152
exclude_currently_suppressed22,5,GF_02157
exclude_currently_suppressed22,5,GF_02158
exclude_currently_suppressed22,5,GF_02159
exclude_currently_suppressed22,5,GF_02168
exclude_currently_suppressed22,5,GF_02172
exclude_currently_suppressed22,5,GF_02178
exclude_currently_suppressed22,5,GF_02180
exclude_currently_suppressed22,5,GF_02184
exclude_currently_suppressed22,5,GF_02215
exclude_currently_suppressed22,5,GF_02216
exclude_currently_suppressed22,5,GF_02217
exclude_currently_suppressed22,5,GF_02218
exclude_currently_suppressed22,5,GF_02219
exclude_currently_suppressed22,5,GF_02220
exclude_currently_suppressed22,5,GF_02222
exclude_currently_suppressed22,5,GF_02223
exclude_currently_suppressed22,5,GF_02224
exclude_currently_suppressed22,5,GF_02225
exclude_currently_suppressed22,5,GF_02226
exclude_currently_suppressed22,5,GF_02227
exclude_currently_suppressed22,5,GF_02228
exclude_currently_suppressed22,5,GF_02229
exclude_currently_suppressed22,5,GF_02230
exclude_currently_suppressed22,5,GF_02260
exclude_currently_suppressed22,5,GF_02261
exclude_currently_suppressed22,5,GF_02262
exclude_currently_suppressed22,5,GF_02263
exclude_currently_suppressed22,5,GF_02264
exclude_currently_suppressed22,5,GF_02265
exclude_currently_suppressed22,5,GF_02266
current_assemblies_only401,1,GF_00002
current_assemblies_only401,1,GF_00008
current_assemblies_only401,1,GF_00011
current_assemblies_only401,1,GF_00012
current_assemblies_only401,1,GF_00013
current_assemblies_only401,1,GF_00014
current_assemblies_only401,1,GF_00015
current_assemblies_only401,1,GF_00017
current_assemblies_only401,1,GF_00018
current_assemblies_only401,1,GF_00036
current_assemblies_only401,1,GF_00043
current_assemblies_only401,1,GF_00044
current_assemblies_only401,1,GF_00046
current_assemblies_only401,1,GF_00047
current_assemblies_only401,1,GF_00048
current_assemblies_only401,1,GF_00049
current_assemblies_only401,1,GF_00050
current_assemblies_only401,1,GF_00051
current_assemblies_only401,1,GF_00052
current_assemblies_only401,1,GF_00071
current_assemblies_only401,1,GF_00072
current_assemblies_only401,1,GF_00073
current_assemblies_only401,1,GF_00074
current_assemblies_only401,1,GF_00075
current_assemblies_only401,1,GF_00076
current_assemblies_only401,1,GF_00077
current_assemblies_only401,1,GF_00078
current_assemblies_only401,1,GF_00079
current_assemblies_only401,1,GF_00080
current_assemblies_only401,1,GF_00081
current_assemblies_only401,1,GF_00082
current_assemblies_only401,1,GF_00083
current_assemblies_only401,1,GF_00084
current_assemblies_only401,1,GF_00085
current_assemblies_only401,1,GF_00087
current_assemblies_only401,1,GF_00088
current_assemblies_only401,1,GF_00093
current_assemblies_only401,1,GF_00094
current_assemblies_only401,1,GF_00104
current_assemblies_only401,1,GF_00105
current_assemblies_only401,1,GF_00106
current_assemblies_only401,1,GF_00107
current_assemblies_only401,1,GF_00108
current_assemblies_only401,1,GF_00109
current_assemblies_only401,1,GF_00110
current_assemblies_only401,1,GF_00111
current_assemblies_only401,1,GF_00112
current_assemblies_only401,1,GF_00113
current_assemblies_only401,1,GF_00114
current_assemblies_only401,1,GF_00115
current_assemblies_only401,1,GF_00116
current_assemblies_only401,1,GF_00117
current_assemblies_only401,1,GF_00120
current_assemblies_only401,1,GF_00121
current_assemblies_only401,1,GF_00122
current_assemblies_only401,1,GF_00123
current_assemblies_only401,1,GF_00124
current_assemblies_only401,1,GF_00125
current_assemblies_only401,1,GF_00136
current_assemblies_only401,1,GF_00137
current_assemblies_only401,1,GF_00138
current_assemblies_only401,1,GF_00139
current_assemblies_only401,1,GF_00141
current_assemblies_only401,1,GF_00142
current_assemblies_only401,1,GF_00143
current_assemblies_only401,1,GF_00155
current_assemblies_only401,1,GF_00164
current_assemblies_only401,1,GF_00170
current_assemblies_only401,1,GF_00175
current_assemblies_only401,1,GF_00178
current_assemblies_only401,1,GF_00179
current_assemblies_only401,1,GF_00180
current_assemblies_only401,1,GF_00185
current_assemblies_only401,1,GF_00208
current_assemblies_only401,1,GF_00220
current_assemblies_only401,1,GF_00228
current_assemblies_only401,1,GF_00229
current_assemblies_only401,1,GF_00235
current_assemblies_only401,1,GF_00244
current_assemblies_only401,1,GF_00250
current_assemblies_only401,1,GF_00251
current_assemblies_only401,1,GF_00262
current_assemblies_only401,1,GF_00281
current_assemblies_only401,1,GF_00282
current_assemblies_only401,1,GF_00290
current_assemblies_only401,1,GF_00296
current_assemblies_only401,1,GF_00300
current_assemblies_only401,1,GF_00302
current_assemblies_only401,1,GF_00303
current_assemblies_only401,1,GF_00305
current_assemblies_only401,1,GF_00309
current_assemblies_only401,1,GF_00310
current_assemblies_only401,1,GF_00311
current_assemblies_only401,1,GF_00312
current_assemblies_only401,1,GF_00313
current_assemblies_only401,1,GF_00314
current_assemblies_only401,1,GF_00315
current_assemblies_only401,1,GF_00316
current_assemblies_only401,1,GF_00317
current_assemblies_only401,1,GF_00318
current_assemblies_only401,1,GF_00319
current_assemblies_only401,1,GF_00320
current_assemblies_only401,1,GF_00321
current_assemblies_only401,1,GF_00323
current_assemblies_only401,1,GF_00324
current_assemblies_only401,1,GF_00325
current_assemblies_only401,1,GF_00326
current_assemblies_only401,1,GF_00327
current_assemblies_only401,1,GF_00329
current_assemblies_only401,1,GF_00330
current_assemblies_only401,1,GF_00331
current_assemblies_only401,1,GF_00332
current_assemblies_only401,1,GF_00333
current_assemblies_only401,1,GF_00335
current_assemblies_only401,1,GF_00336
current_assemblies_only401,1,GF_00338
current_assemblies_only401,1,GF_00340
current_assemblies_only401,1,GF_00341
current_assemblies_only401,1,GF_00342
current_assemblies_only401,1,GF_00343
current_assemblies_only401,1,GF_00344
current_assemblies_only401,1,GF_00346
current_assemblies_only401,1,GF_00347
current_assemblies_only401,1,GF_00348
current_assemblies_only401,1,GF_00349
current_assemblies_only401,1,GF_00350
current_assemblies_only401,1,GF_00351
current_assemblies_only401,1,GF_00352
current_assemblies_only401,1,GF_00353
current_assemblies_only401,1,GF_00358
current_assemblies_only401,1,GF_00360
current_assemblies_only401,1,GF_00362
current_assemblies_only401,1,GF_00363
current_assemblies_only401,1,GF_00364
current_assemblies_only401,1,GF_00365
current_assemblies_only401,1,GF_00369
current_assemblies_only401,1,GF_00378
current_assemblies_only401,1,GF_00381
current_assemblies_only401,1,GF_00384
current_assemblies_only401,1,GF_00385
current_assemblies_only401,1,GF_00386
current_assemblies_only401,1,GF_00387
current_assemblies_only401,1,GF_00388
current_assemblies_only401,1,GF_00389
current_assemblies_only401,1,GF_00390
current_assemblies_only401,1,GF_00391
current_assemblies_only401,1,GF_00392
current_assemblies_only401,1,GF_00393
current_assemblies_only401,1,GF_00394
current_assemblies_only401,1,GF_00395
current_assemblies_only401,1,GF_00396
current_assemblies_only401,1,GF_00400
current_assemblies_only401,1,GF_00401
current_assemblies_only401,1,GF_00402
current_assemblies_only401,1,GF_00403
current_assemblies_only401,1,GF_00404
current_assemblies_only401,1,GF_00405
current_assemblies_only401,1,GF_00406
current_assemblies_only401,1,GF_00407
current_assemblies_only401,1,GF_00408
current_assemblies_only401,1,GF_00409
current_assemblies_only401,1,GF_00410
current_assemblies_only401,1,GF_00411
current_assemblies_only401,1,GF_00413
current_assemblies_only401,1,GF_00414
current_assemblies_only401,1,GF_00415
current_assemblies_only401,1,GF_00417
current_assemblies_only401,1,GF_00418
current_assemblies_only401,1,GF_00419
current_assemblies_only401,1,GF_00421
current_assemblies_only401,1,GF_00422
current_assemblies_only401,1,GF_00424
current_assemblies_only401,1,GF_00426
current_assemblies_only401,1,GF_00427
current_assemblies_only401,1,GF_00428
current_assemblies_only401,1,GF_00429
current_assemblies_only401,1,GF_00430
current_assemblies_only401,1,GF_00431
current_assemblies_only401,1,GF_00432
current_assemblies_only401,1,GF_00433
current_assemblies_only401,1,GF_00434
current_assemblies_only401,1,GF_00435
current_assemblies_only401,1,GF_00436
current_assemblies_only401,1,GF_00437
current_assemblies_only401,1,GF_00438
current_assemblies_only401,1,GF_00440
current_assemblies_only401,1,GF_00441
current_assemblies_only401,1,GF_00455
current_assemblies_only401,1,GF_00457
current_assemblies_only401,1,GF_00458
current_assemblies_only401,1,GF_00471
current_assemblies_only401,1,GF_00472
current_assemblies_only401,1,GF_00474
current_assemblies_only401,1,GF_00477
current_assemblies_only401,1,GF_00480
current_assemblies_only401,1,GF_00482
current_assemblies_only401,1,GF_00488
current_assemblies_only401,1,GF_00489
current_assemblies_only401,1,GF_00491
current_assemblies_only401,1,GF_00503
current_assemblies_only401,1,GF_00522
current_assemblies_only401,1,GF_00523
current_assemblies_only401,1,GF_00524
current_assemblies_only401,1,GF_00525
current_assemblies_only401,1,GF_00527
current_assemblies_only401,1,GF_00528
current_assemblies_only401,1,GF_00529
current_assemblies_only401,1,GF_00530
current_assemblies_only401,1,GF_00531
current_assemblies_only401,1,GF_00536
current_assemblies_only401,1,GF_00538
current_assemblies_only401,1,GF_00546
current_assemblies_only401,1,GF_00547
current_assemblies_only401,1,GF_00548
current_assemblies_only401,1,GF_00549
current_assemblies_only401,1,GF_00564
current_assemblies_only401,1,GF_00565
current_assemblies_only401,1,GF_00566
current_assemblies_only401,1,GF_00569
current_assemblies_only401,1,GF_00570
current_assemblies_only401,1,GF_00572
current_assemblies_only401,1,GF_00574
current_assemblies_only401,1,GF_00578
current_assemblies_only401,1,GF_00580
current_assemblies_only401,1,GF_00588
current_assemblies_only401,1,GF_00591
current_assemblies_only401,1,GF_00593
current_assemblies_only401,1,GF_00594
current_assemblies_only401,1,GF_00595
current_assemblies_only401,1,GF_00599
current_assemblies_only401,1,GF_00600
current_assemblies_only401,1,GF_00601
current_assemblies_only401,1,GF_00602
current_assemblies_only401,1,GF_00603
current_assemblies_only401,1,GF_00604
current_assemblies_only401,1,GF_00605
current_assemblies_only401,1,GF_00606
current_assemblies_only401,1,GF_00607
current_assemblies_only401,1,GF_00608
current_assemblies_only401,1,GF_00609
current_assemblies_only401,1,GF_00611
current_assemblies_only401,1,GF_00612
current_assemblies_only401,1,GF_00613
current_assemblies_only401,1,GF_00614
current_assemblies_only401,1,GF_00615
current_assemblies_only401,1,GF_00616
current_assemblies_only401,1,GF_00617
current_assemblies_only401,1,GF_00618
current_assemblies_only401,1,GF_00619
current_assemblies_only401,1,GF_00620
current_assemblies_only401,1,GF_00621
current_assemblies_only401,1,GF_00622
current_assemblies_only401,1,GF_00623
current_assemblies_only401,1,GF_00624
current_assemblies_only401,1,GF_00632
current_assemblies_only401,1,GF_00633
current_assemblies_only401,1,GF_00635
current_assemblies_only401,1,GF_00636
current_assemblies_only401,1,GF_00637
current_assemblies_only401,1,GF_00638
current_assemblies_only401,1,GF_00640
current_assemblies_only401,1,GF_00641
current_assemblies_only401,1,GF_00642
current_assemblies_only401,1,GF_00643
current_assemblies_only401,1,GF_00655
current_assemblies_only401,1,GF_00658
current_assemblies_only401,1,GF_00661
current_assemblies_only401,1,GF_00669
current_assemblies_only401,1,GF_00675
current_assemblies_only401,1,GF_00676
current_assemblies_only401,1,GF_00680
current_assemblies_only401,1,GF_00681
current_assemblies_only401,1,GF_00682
current_assemblies_only401,1,GF_00683
current_assemblies_only401,1,GF_00684
current_assemblies_only401,1,GF_00687
current_assemblies_only401,1,GF_00688
current_assemblies_only401,1,GF_00695
current_assemblies_only401,1,GF_00699
current_assemblies_only401,1,GF_00702
current_assemblies_only401,1,GF_00709
current_assemblies_only401,1,GF_00717
current_assemblies_only401,1,GF_00722
current_assemblies_only401,1,GF_00723
current_assemblies_only401,1,GF_00724
current_assemblies_only401,1,GF_00725
current_assemblies_only401,1,GF_00726
current_assemblies_only401,1,GF_00727
current_assemblies_only401,1,GF_00728
current_assemblies_only401,1,GF_00729
current_assemblies_only401,1,GF_00732
current_assemblies_only401,1,GF_00736
current_assemblies_only401,1,GF_00740
current_assemblies_only401,1,GF_00741
current_assemblies_only401,1,GF_00744
current_assemblies_only401,1,GF_00751
current_assemblies_only401,1,GF_00755
current_assemblies_only401,1,GF_00756
current_assemblies_only401,1,GF_00761
current_assemblies_only401,1,GF_00770
current_assemblies_only401,1,GF_00771
current_assemblies_only401,1,GF_00773
current_assemblies_only401,1,GF_00776
current_assemblies_only401,1,GF_00777
current_assemblies_only401,1,GF_00785
current_assemblies_only401,1,GF_00796
current_assemblies_only401,1,GF_00798
current_assemblies_only401,1,GF_00810
current_assemblies_only401,1,GF_00811
current_assemblies_only401,1,GF_00813
current_assemblies_only401,1,GF_00814
current_assemblies_only401,1,GF_00816
current_assemblies_only401,1,GF_00819
current_assemblies_only401,1,GF_00828
current_assemblies_only401,1,GF_00843
current_assemblies_only401,1,GF_00845
current_assemblies_only401,1,GF_00856
current_assemblies_only401,1,GF_00857
current_assemblies_only401,1,GF_00860
current_assemblies_only401,1,GF_00864
current_assemblies_only401,1,GF_00866
current_assemblies_only401,1,GF_00867
current_assemblies_only401,1,GF_00868
current_assemblies_only401,1,GF_00869
current_assemblies_only401,1,GF_00870
current_assemblies_only401,1,GF_00871
current_assemblies_only401,1,GF_00872
current_assemblies_only401,1,GF_00873
current_assemblies_only401,1,GF_00874
current_assemblies_only401,1,GF_00887
current_assemblies_only401,1,GF_00888
current_assemblies_only401,1,GF_00895
current_assemblies_only401,1,GF_00916
current_assemblies_only401,1,GF_00917
current_assemblies_only401,1,GF_00927
current_assemblies_only401,1,GF_00930
current_assemblies_only401,1,GF_00931
current_assemblies_only401,1,GF_00932
current_assemblies_only401,1,GF_00933
current_assemblies_only401,1,GF_00946
current_assemblies_only401,1,GF_00947
current_assemblies_only401,1,GF_00949
current_assemblies_only401,1,GF_00957
current_assemblies_only401,1,GF_00958
current_assemblies_only401,1,GF_00959
current_assemblies_only401,1,GF_00960
current_assemblies_only401,1,GF_00963
current_assemblies_only401,1,GF_00966
current_assemblies_only401,1,GF_00968
current_assemblies_only401,1,GF_00969
current_assemblies_only401,1,GF_00970
current_assemblies_only401,1,GF_00971
current_assemblies_only401,1,GF_00972
current_assemblies_only401,1,GF_00982
current_assemblies_only401,1,GF_01004
current_assemblies_only401,1,GF_01005
current_assemblies_only401,1,GF_01012
current_assemblies_only401,1,GF_01013
current_assemblies_only401,1,GF_01016
current_assemblies_only401,1,GF_01026
current_assemblies_only401,1,GF_01027
current_assemblies_only401,1,GF_01028
current_assemblies_only401,1,GF_01054
current_assemblies_only401,1,GF_01230
current_assemblies_only401,1,GF_01231
current_assemblies_only401,1,GF_01232
current_assemblies_only401,1,GF_01233
current_assemblies_only401,1,GF_01234
current_assemblies_only401,1,GF_01235
current_assemblies_only401,1,GF_01236
current_assemblies_only401,1,GF_01237
current_assemblies_only401,1,GF_01239
current_assemblies_only401,1,GF_01240
current_assemblies_only401,1,GF_01241
current_assemblies_only401,1,GF_01242
current_assemblies_only401,1,GF_01244
current_assemblies_only401,1,GF_01245
current_assemblies_only401,1,GF_01246
current_assemblies_only401,1,GF_01247
current_assemblies_only401,1,GF_01248
current_assemblies_only401,1,GF_01253
current_assemblies_only401,1,GF_01266
current_assemblies_only401,1,GF_01279
current_assemblies_only401,1,GF_01287
current_assemblies_only401,1,GF_01290
current_assemblies_only401,1,GF_01291
current_assemblies_only401,1,GF_01292
current_assemblies_only401,1,GF_01293
current_assemblies_only401,1,GF_01297
current_assemblies_only401,1,GF_01303
current_assemblies_only401,1,GF_01306
current_assemblies_only401,1,GF_01308
current_assemblies_only401,1,GF_01314
current_assemblies_only401,1,GF_01315
current_assemblies_only401,1,GF_01327
current_assemblies_only401,1,GF_01328
current_assemblies_only401,1,GF_01329
current_assemblies_only401,1,GF_01330
current_assemblies_only401,1,GF_01331
current_assemblies_only401,1,GF_01332
current_assemblies_only401,1,GF_01333
current_assemblies_only401,1,GF_01334
current_assemblies_only401,1,GF_01336
current_assemblies_only401,1,GF_01337
current_assemblies_only401,1,GF_01338
current_assemblies_only401,1,GF_01357
current_assemblies_only401,1,GF_01359
current_assemblies_only401,1,GF_01365
current_assemblies_only401,1,GF_01371
current_assemblies_only401,1,GF_01372
current_assemblies_only401,1,GF_01373
current_assemblies_only401,1,GF_01374
current_assemblies_only401,1,GF_01375
current_assemblies_only401,1,GF_01376
current_assemblies_only401,1,GF_01377
current_assemblies_only401,1,GF_01378
current_assemblies_only401,1,GF_01379
current_assemblies_only401,1,GF_01380
current_assemblies_only401,1,GF_01381
current_assemblies_only401,1,GF_01382
current_assemblies_only401,1,GF_01383
current_assemblies_only401,1,GF_01384
current_assemblies_only401,1,GF_01385
current_assemblies_only401,1,GF_01386
current_assemblies_only401,1,GF_01387
current_assemblies_only401,1,GF_01390
current_assemblies_only401,1,GF_01391
current_assemblies_only401,1,GF_01392
current_assemblies_only401,1,GF_01393
current_assemblies_only401,1,GF_01394
current_assemblies_only401,1,GF_01395
current_assemblies_only401,1,GF_01396
current_assemblies_only401,1,GF_01397
current_assemblies_only401,1,GF_01399
current_assemblies_only401,1,GF_01400
current_assemblies_only401,1,GF_01401
current_assemblies_only401,1,GF_01404
current_assemblies_only401,1,GF_01409
current_assemblies_only401,1,GF_01425
current_assemblies_only401,1,GF_01426
current_assemblies_only401,1,GF_01428
current_assemblies_only401,1,GF_01439
current_assemblies_only401,1,GF_01445
current_assemblies_only401,1,GF_01446
current_assemblies_only401,1,GF_01447
current_assemblies_only401,1,GF_01448
current_assemblies_only401,1,GF_01449
current_assemblies_only401,1,GF_01456
current_assemblies_only401,1,GF_01458
current_assemblies_only401,1,GF_01460
current_assemblies_only401,1,GF_01461
current_assemblies_only401,1,GF_01462
current_assemblies_only401,1,GF_01466
current_assemblies_only401,1,GF_01476
current_assemblies_only401,1,GF_01477
current_assemblies_only401,1,GF_01479
current_assemblies_only401,1,GF_01480
current_assemblies_only401,1,GF_01487
current_assemblies_only401,1,GF_01488
current_assemblies_only401,1,GF_01502
current_assemblies_only401,1,GF_01504
current_assemblies_only401,1,GF_01512
current_assemblies_only401,1,GF_01527
current_assemblies_only401,1,GF_01534
current_assemblies_only401,1,GF_01536
current_assemblies_only401,1,GF_01537
current_assemblies_only401,1,GF_01538
current_assemblies_only401,1,GF_01539
current_assemblies_only401,1,GF_01540
current_assemblies_only401,1,GF_01541
current_assemblies_only401,1,GF_01542
current_assemblies_only401,1,GF_01543
current_assemblies_only401,1,GF_01544
current_assemblies_only401,1,GF_01546
current_assemblies_only401,1,GF_01547
current_assemblies_only401,1,GF_01548
current_assemblies_only401,1,GF_01549
current_assemblies_only401,1,GF_01552
current_assemblies_only401,1,GF_01553
current_assemblies_only401,1,GF_01579
current_assemblies_only401,1,GF_01580
current_assemblies_only401,1,GF_01583
current_assemblies_only401,1,GF_01584
current_assemblies_only401,1,GF_01587
current_assemblies_only401,1,GF_01591
current_assemblies_only401,1,GF_01592
current_assemblies_only401,1,GF_01598
current_assemblies_only401,1,GF_01616
current_assemblies_only401,1,GF_01617
current_assemblies_only401,1,GF_01618
current_assemblies_only401,1,GF_01619
current_assemblies_only401,1,GF_01620
current_assemblies_only401,1,GF_01621
current_assemblies_only401,1,GF_01623
current_assemblies_only401,1,GF_01625
current_assemblies_only401,1,GF_01626
current_assemblies_only401,1,GF_01627
current_assemblies_only401,1,GF_01628
current_assemblies_only401,1,GF_01629
current_assemblies_only401,1,GF_01630
current_assemblies_only401,1,GF_01633
current_assemblies_only401,1,GF_01634
current_assemblies_only401,1,GF_01635
current_assemblies_only401,1,GF_01636
current_assemblies_only401,1,GF_01637
current_assemblies_only401,1,GF_01638
current_assemblies_only401,1,GF_01639
current_assemblies_only401,1,GF_01641
current_assemblies_only401,1,GF_01648
current_assemblies_only401,1,GF_01661
current_assemblies_only401,1,GF_01672
current_assemblies_only401,1,GF_01673
current_assemblies_only401,1,GF_01674
current_assemblies_only401,1,GF_01675
current_assemblies_only401,1,GF_01676
current_assemblies_only401,1,GF_01677
current_assemblies_only401,1,GF_01678
current_assemblies_only401,1,GF_01679
current_assemblies_only401,1,GF_01680
current_assemblies_only401,1,GF_01681
current_assemblies_only401,1,GF_01683
current_assemblies_only401,1,GF_01684
current_assemblies_only401,1,GF_01685
current_assemblies_only401,1,GF_01688
current_assemblies_only401,1,GF_01689
current_assemblies_only401,1,GF_01690
current_assemblies_only401,1,GF_01691
current_assemblies_only401,1,GF_01692
current_assemblies_only401,1,GF_01693
current_assemblies_only401,1,GF_01732
current_assemblies_only401,1,GF_01733
current_assemblies_only401,1,GF_01734
current_assemblies_only401,1,GF_01735
current_assemblies_only401,1,GF_01736
current_assemblies_only401,1,GF_01737
current_assemblies_only401,1,GF_01740
current_assemblies_only401,1,GF_01741
current_assemblies_only401,1,GF_01742
current_assemblies_only401,1,GF_01745
current_assemblies_only401,1,GF_01763
current_assemblies_only401,1,GF_01770
current_assemblies_only401,1,GF_01783
current_assemblies_only401,1,GF_01799
current_assemblies_only401,1,GF_01801
current_assemblies_only401,1,GF_01802
current_assemblies_only401,1,GF_01803
current_assemblies_only401,1,GF_01805
current_assemblies_only401,1,GF_01806
current_assemblies_only401,1,GF_01807
current_assemblies_only401,1,GF_01808
current_assemblies_only401,1,GF_01809
current_assemblies_only401,1,GF_01810
current_assemblies_only401,1,GF_01811
current_assemblies_only401,1,GF_01812
current_assemblies_only401,1,GF_01813
current_assemblies_only401,1,GF_01814
current_assemblies_only401,1,GF_01815
current_assemblies_only401,1,GF_01816
current_assemblies_only401,1,GF_01817
current_assemblies_only401,1,GF_01818
current_assemblies_only401,1,GF_01819
current_assemblies_only401,1,GF_01822
current_assemblies_only401,1,GF_01823
current_assemblies_only401,1,GF_01834
current_assemblies_only401,1,GF_01836
current_assemblies_only401,1,GF_01837
current_assemblies_only401,1,GF_01840
current_assemblies_only401,1,GF_01841
current_assemblies_only401,1,GF_01844
current_assemblies_only401,1,GF_01850
current_assemblies_only401,1,GF_01856
current_assemblies_only401,1,GF_01857
current_assemblies_only401,1,GF_01860
current_assemblies_only401,1,GF_01866
current_assemblies_only401,1,GF_01868
current_assemblies_only401,1,GF_01870
current_assemblies_only401,1,GF_01872
current_assemblies_only401,1,GF_01879
current_assemblies_only401,1,GF_01885
current_assemblies_only401,1,GF_01897
current_assemblies_only401,1,GF_01898
current_assemblies_only401,1,GF_01899
current_assemblies_only401,1,GF_01900
current_assemblies_only401,1,GF_01901
current_assemblies_only401,1,GF_01902
current_assemblies_only401,1,GF_01904
current_assemblies_only401,1,GF_01919
current_assemblies_only401,1,GF_01921
current_assemblies_only401,1,GF_01923
current_assemblies_only401,1,GF_01925
current_assemblies_only401,1,GF_01926
current_assemblies_only401,1,GF_01927
current_assemblies_only401,1,GF_01928
current_assemblies_only401,1,GF_01929
current_assemblies_only401,1,GF_01930
current_assemblies_only401,1,GF_01945
current_assemblies_only401,1,GF_02041
current_assemblies_only401,1,GF_02059
current_assemblies_only401,1,GF_02060
current_assemblies_only401,1,GF_02069
current_assemblies_only401,1,GF_02070
current_assemblies_only401,1,GF_02071
current_assemblies_only401,1,GF_02072
current_assemblies_only401,1,GF_02074
current_assemblies_only401,1,GF_02075
current_assemblies_only401,1,GF_02076
current_assemblies_only401,1,GF_02081
current_assemblies_only401,1,GF_02084
current_assemblies_only401,1,GF_02085
current_assemblies_only401,1,GF_02086
current_assemblies_only401,1,GF_02088
current_assemblies_only401,1,GF_02089
current_assemblies_only401,1,GF_02090
current_assemblies_only401,1,GF_02091
current_assemblies_only401,1,GF_02092
current_assemblies_only401,1,GF_02093
current_assemblies_only401,1,GF_02094
current_assemblies_only401,1,GF_02101
current_assemblies_only401,1,GF_02109
current_assemblies_only401,1,GF_02110
current_assemblies_only401,1,GF_02113
current_assemblies_only401,1,GF_02122
current_assemblies_only401,1,GF_02130
current_assemblies_only401,1,GF_02131
current_assemblies_only401,1,GF_02136
current_assemblies_only401,1,GF_02137
current_assemblies_only401,1,GF_02138
current_assemblies_only401,1,GF_02139
current_assemblies_only401,1,GF_02140
current_assemblies_only401,1,GF_02141
current_assemblies_only401,1,GF_02142
current_assemblies_only401,1,GF_02143
current_assemblies_only401,1,GF_02145
current_assemblies_only401,1,GF_02152
current_assemblies_only401,1,GF_02157
current_assemblies_only401,1,GF_02158
current_assemblies_only401,1,GF_02159
current_assemblies_only401,1,GF_02172
current_assemblies_only401,1,GF_02178
current_assemblies_only401,1,GF_02180
current_assemblies_only401,1,GF_02184
current_assemblies_only401,1,GF_02194
current_assemblies_only401,1,GF_02215
current_assemblies_only401,1,GF_02216
current_assemblies_only401,1,GF_02217
current_assemblies_only401,1,GF_02218
current_assemblies_only401,1,GF_02219
current_assemblies_only401,1,GF_02220
current_assemblies_only401,1,GF_02222
current_assemblies_only401,1,GF_02223
current_assemblies_only401,1,GF_02224
current_assemblies_only401,1,GF_02225
current_assemblies_only401,1,GF_02226
current_assemblies_only401,1,GF_02227
current_assemblies_only401,1,GF_02228
current_assemblies_only401,1,GF_02229
current_assemblies_only401,1,GF_02230
current_assemblies_only401,1,GF_02260
current_assemblies_only401,1,GF_02261
current_assemblies_only401,1,GF_02262
current_assemblies_only401,1,GF_02263
current_assemblies_only401,1,GF_02264
current_assemblies_only401,1,GF_02265
current_assemblies_only401,1,GF_02266
current_assemblies_only401,2,GF_00008
current_assemblies_only401,2,GF_00012
current_assemblies_only401,2,GF_00013
current_assemblies_only401,2,GF_00014
current_assemblies_only401,2,GF_00015
current_assemblies_only401,2,GF_00017
current_assemblies_only401,2,GF_00018
current_assemblies_only401,2,GF_00036
current_assemblies_only401,2,GF_00043
current_assemblies_only401,2,GF_00044
current_assemblies_only401,2,GF_00046
current_assemblies_only401,2,GF_00047
current_assemblies_only401,2,GF_00048
current_assemblies_only401,2,GF_00049
current_assemblies_only401,2,GF_00051
current_assemblies_only401,2,GF_00052
current_assemblies_only401,2,GF_00071
current_assemblies_only401,2,GF_00072
current_assemblies_only401,2,GF_00073
current_assemblies_only401,2,GF_00074
current_assemblies_only401,2,GF_00075
current_assemblies_only401,2,GF_00076
current_assemblies_only401,2,GF_00077
current_assemblies_only401,2,GF_00078
current_assemblies_only401,2,GF_00079
current_assemblies_only401,2,GF_00081
current_assemblies_only401,2,GF_00082
current_assemblies_only401,2,GF_00083
current_assemblies_only401,2,GF_00084
current_assemblies_only401,2,GF_00085
current_assemblies_only401,2,GF_00087
current_assemblies_only401,2,GF_00088
current_assemblies_only401,2,GF_00093
current_assemblies_only401,2,GF_00094
current_assemblies_only401,2,GF_00104
current_assemblies_only401,2,GF_00105
current_assemblies_only401,2,GF_00106
current_assemblies_only401,2,GF_00107
current_assemblies_only401,2,GF_00108
current_assemblies_only401,2,GF_00109
current_assemblies_only401,2,GF_00110
current_assemblies_only401,2,GF_00111
current_assemblies_only401,2,GF_00112
current_assemblies_only401,2,GF_00113
current_assemblies_only401,2,GF_00114
current_assemblies_only401,2,GF_00115
current_assemblies_only401,2,GF_00116
current_assemblies_only401,2,GF_00117
current_assemblies_only401,2,GF_00120
current_assemblies_only401,2,GF_00121
current_assemblies_only401,2,GF_00122
current_assemblies_only401,2,GF_00123
current_assemblies_only401,2,GF_00124
current_assemblies_only401,2,GF_00125
current_assemblies_only401,2,GF_00136
current_assemblies_only401,2,GF_00137
current_assemblies_only401,2,GF_00138
current_assemblies_only401,2,GF_00139
current_assemblies_only401,2,GF_00141
current_assemblies_only401,2,GF_00142
current_assemblies_only401,2,GF_00143
current_assemblies_only401,2,GF_00155
current_assemblies_only401,2,GF_00164
current_assemblies_only401,2,GF_00175
current_assemblies_only401,2,GF_00178
current_assemblies_only401,2,GF_00179
current_assemblies_only401,2,GF_00180
current_assemblies_only401,2,GF_00185
current_assemblies_only401,2,GF_00220
current_assemblies_only401,2,GF_00228
current_assemblies_only401,2,GF_00229
current_assemblies_only401,2,GF_00244
current_assemblies_only401,2,GF_00251
current_assemblies_only401,2,GF_00262
current_assemblies_only401,2,GF_00281
current_assemblies_only401,2,GF_00290
current_assemblies_only401,2,GF_00296
current_assemblies_only401,2,GF_00300
current_assemblies_only401,2,GF_00302
current_assemblies_only401,2,GF_00303
current_assemblies_only401,2,GF_00305
current_assemblies_only401,2,GF_00309
current_assemblies_only401,2,GF_00311
current_assemblies_only401,2,GF_00312
current_assemblies_only401,2,GF_00313
current_assemblies_only401,2,GF_00314
current_assemblies_only401,2,GF_00315
current_assemblies_only401,2,GF_00316
current_assemblies_only401,2,GF_00317
current_assemblies_only401,2,GF_00318
current_assemblies_only401,2,GF_00319
current_assemblies_only401,2,GF_00320
current_assemblies_only401,2,GF_00321
current_assemblies_only401,2,GF_00322
current_assemblies_only401,2,GF_00323
current_assemblies_only401,2,GF_00324
current_assemblies_only401,2,GF_00325
current_assemblies_only401,2,GF_00326
current_assemblies_only401,2,GF_00327
current_assemblies_only401,2,GF_00329
current_assemblies_only401,2,GF_00330
current_assemblies_only401,2,GF_00331
current_assemblies_only401,2,GF_00332
current_assemblies_only401,2,GF_00333
current_assemblies_only401,2,GF_00335
current_assemblies_only401,2,GF_00336
current_assemblies_only401,2,GF_00339
current_assemblies_only401,2,GF_00340
current_assemblies_only401,2,GF_00341
current_assemblies_only401,2,GF_00342
current_assemblies_only401,2,GF_00343
current_assemblies_only401,2,GF_00344
current_assemblies_only401,2,GF_00346
current_assemblies_only401,2,GF_00347
current_assemblies_only401,2,GF_00348
current_assemblies_only401,2,GF_00349
current_assemblies_only401,2,GF_00350
current_assemblies_only401,2,GF_00351
current_assemblies_only401,2,GF_00352
current_assemblies_only401,2,GF_00353
current_assemblies_only401,2,GF_00358
current_assemblies_only401,2,GF_00360
current_assemblies_only401,2,GF_00362
current_assemblies_only401,2,GF_00363
current_assemblies_only401,2,GF_00364
current_assemblies_only401,2,GF_00365
current_assemblies_only401,2,GF_00369
current_assemblies_only401,2,GF_00381
current_assemblies_only401,2,GF_00384
current_assemblies_only401,2,GF_00385
current_assemblies_only401,2,GF_00386
current_assemblies_only401,2,GF_00387
current_assemblies_only401,2,GF_00388
current_assemblies_only401,2,GF_00389
current_assemblies_only401,2,GF_00390
current_assemblies_only401,2,GF_00391
current_assemblies_only401,2,GF_00393
current_assemblies_only401,2,GF_00395
current_assemblies_only401,2,GF_00396
current_assemblies_only401,2,GF_00400
current_assemblies_only401,2,GF_00401
current_assemblies_only401,2,GF_00402
current_assemblies_only401,2,GF_00403
current_assemblies_only401,2,GF_00404
current_assemblies_only401,2,GF_00405
current_assemblies_only401,2,GF_00408
current_assemblies_only401,2,GF_00409
current_assemblies_only401,2,GF_00410
current_assemblies_only401,2,GF_00413
current_assemblies_only401,2,GF_00414
current_assemblies_only401,2,GF_00415
current_assemblies_only401,2,GF_00422
current_assemblies_only401,2,GF_00424
current_assemblies_only401,2,GF_00426
current_assemblies_only401,2,GF_00427
current_assemblies_only401,2,GF_00428
current_assemblies_only401,2,GF_00429
current_assemblies_only401,2,GF_00430
current_assemblies_only401,2,GF_00431
current_assemblies_only401,2,GF_00432
current_assemblies_only401,2,GF_00433
current_assemblies_only401,2,GF_00434
current_assemblies_only401,2,GF_00435
current_assemblies_only401,2,GF_00436
current_assemblies_only401,2,GF_00437
current_assemblies_only401,2,GF_00438
current_assemblies_only401,2,GF_00440
current_assemblies_only401,2,GF_00441
current_assemblies_only401,2,GF_00455
current_assemblies_only401,2,GF_00457
current_assemblies_only401,2,GF_00458
current_assemblies_only401,2,GF_00460
current_assemblies_only401,2,GF_00471
current_assemblies_only401,2,GF_00477
current_assemblies_only401,2,GF_00480
current_assemblies_only401,2,GF_00488
current_assemblies_only401,2,GF_00489
current_assemblies_only401,2,GF_00503
current_assemblies_only401,2,GF_00522
current_assemblies_only401,2,GF_00523
current_assemblies_only401,2,GF_00524
current_assemblies_only401,2,GF_00525
current_assemblies_only401,2,GF_00527
current_assemblies_only401,2,GF_00528
current_assemblies_only401,2,GF_00529
current_assemblies_only401,2,GF_00530
current_assemblies_only401,2,GF_00531
current_assemblies_only401,2,GF_00536
current_assemblies_only401,2,GF_00538
current_assemblies_only401,2,GF_00546
current_assemblies_only401,2,GF_00547
current_assemblies_only401,2,GF_00548
current_assemblies_only401,2,GF_00549
current_assemblies_only401,2,GF_00564
current_assemblies_only401,2,GF_00565
current_assemblies_only401,2,GF_00566
current_assemblies_only401,2,GF_00569
current_assemblies_only401,2,GF_00570
current_assemblies_only401,2,GF_00580
current_assemblies_only401,2,GF_00588
current_assemblies_only401,2,GF_00594
current_assemblies_only401,2,GF_00595
current_assemblies_only401,2,GF_00599
current_assemblies_only401,2,GF_00601
current_assemblies_only401,2,GF_00603
current_assemblies_only401,2,GF_00604
current_assemblies_only401,2,GF_00606
current_assemblies_only401,2,GF_00607
current_assemblies_only401,2,GF_00608
current_assemblies_only401,2,GF_00609
current_assemblies_only401,2,GF_00611
current_assemblies_only401,2,GF_00612
current_assemblies_only401,2,GF_00613
current_assemblies_only401,2,GF_00614
current_assemblies_only401,2,GF_00615
current_assemblies_only401,2,GF_00616
current_assemblies_only401,2,GF_00617
current_assemblies_only401,2,GF_00618
current_assemblies_only401,2,GF_00619
current_assemblies_only401,2,GF_00620
current_assemblies_only401,2,GF_00622
current_assemblies_only401,2,GF_00623
current_assemblies_only401,2,GF_00624
current_assemblies_only401,2,GF_00632
current_assemblies_only401,2,GF_00633
current_assemblies_only401,2,GF_00635
current_assemblies_only401,2,GF_00636
current_assemblies_only401,2,GF_00637
current_assemblies_only401,2,GF_00638
current_assemblies_only401,2,GF_00642
current_assemblies_only401,2,GF_00643
current_assemblies_only401,2,GF_00655
current_assemblies_only401,2,GF_00658
current_assemblies_only401,2,GF_00661
current_assemblies_only401,2,GF_00669
current_assemblies_only401,2,GF_00680
current_assemblies_only401,2,GF_00681
current_assemblies_only401,2,GF_00682
current_assemblies_only401,2,GF_00683
current_assemblies_only401,2,GF_00684
current_assemblies_only401,2,GF_00687
current_assemblies_only401,2,GF_00688
current_assemblies_only401,2,GF_00699
current_assemblies_only401,2,GF_00702
current_assemblies_only401,2,GF_00723
current_assemblies_only401,2,GF_00724
current_assemblies_only401,2,GF_00725
current_assemblies_only401,2,GF_00726
current_assemblies_only401,2,GF_00727
current_assemblies_only401,2,GF_00728
current_assemblies_only401,2,GF_00729
current_assemblies_only401,2,GF_00736
current_assemblies_only401,2,GF_00740
current_assemblies_only401,2,GF_00741
current_assemblies_only401,2,GF_00744
current_assemblies_only401,2,GF_00751
current_assemblies_only401,2,GF_00755
current_assemblies_only401,2,GF_00756
current_assemblies_only401,2,GF_00761
current_assemblies_only401,2,GF_00771
current_assemblies_only401,2,GF_00773
current_assemblies_only401,2,GF_00776
current_assemblies_only401,2,GF_00777
current_assemblies_only401,2,GF_00796
current_assemblies_only401,2,GF_00810
current_assemblies_only401,2,GF_00811
current_assemblies_only401,2,GF_00813
current_assemblies_only401,2,GF_00814
current_assemblies_only401,2,GF_00816
current_assemblies_only401,2,GF_00819
current_assemblies_only401,2,GF_00828
current_assemblies_only401,2,GF_00843
current_assemblies_only401,2,GF_00845
current_assemblies_only401,2,GF_00856
current_assemblies_only401,2,GF_00857
current_assemblies_only401,2,GF_00860
current_assemblies_only401,2,GF_00864
current_assemblies_only401,2,GF_00866
current_assemblies_only401,2,GF_00867
current_assemblies_only401,2,GF_00868
current_assemblies_only401,2,GF_00869
current_assemblies_only401,2,GF_00870
current_assemblies_only401,2,GF_00873
current_assemblies_only401,2,GF_00874
current_assemblies_only401,2,GF_00888
current_assemblies_only401,2,GF_00895
current_assemblies_only401,2,GF_00916
current_assemblies_only401,2,GF_00927
current_assemblies_only401,2,GF_00931
current_assemblies_only401,2,GF_00932
current_assemblies_only401,2,GF_00933
current_assemblies_only401,2,GF_00946
current_assemblies_only401,2,GF_00947
current_assemblies_only401,2,GF_00949
current_assemblies_only401,2,GF_00957
current_assemblies_only401,2,GF_00958
current_assemblies_only401,2,GF_00960
current_assemblies_only401,2,GF_00963
current_assemblies_only401,2,GF_00966
current_assemblies_only401,2,GF_00968
current_assemblies_only401,2,GF_00969
current_assemblies_only401,2,GF_00970
current_assemblies_only401,2,GF_00971
current_assemblies_only401,2,GF_00982
current_assemblies_only401,2,GF_01004
current_assemblies_only401,2,GF_01005
current_assemblies_only401,2,GF_01026
current_assemblies_only401,2,GF_01027
current_assemblies_only401,2,GF_01028
current_assemblies_only401,2,GF_01054
current_assemblies_only401,2,GF_01230
current_assemblies_only401,2,GF_01231
current_assemblies_only401,2,GF_01233
current_assemblies_only401,2,GF_01234
current_assemblies_only401,2,GF_01235
current_assemblies_only401,2,GF_01236
current_assemblies_only401,2,GF_01237
current_assemblies_only401,2,GF_01239
current_assemblies_only401,2,GF_01240
current_assemblies_only401,2,GF_01241
current_assemblies_only401,2,GF_01242
current_assemblies_only401,2,GF_01244
current_assemblies_only401,2,GF_01245
current_assemblies_only401,2,GF_01246
current_assemblies_only401,2,GF_01247
current_assemblies_only401,2,GF_01248
current_assemblies_only401,2,GF_01266
current_assemblies_only401,2,GF_01287
current_assemblies_only401,2,GF_01290
current_assemblies_only401,2,GF_01292
current_assemblies_only401,2,GF_01293
current_assemblies_only401,2,GF_01297
current_assemblies_only401,2,GF_01306
current_assemblies_only401,2,GF_01314
current_assemblies_only401,2,GF_01315
current_assemblies_only401,2,GF_01327
current_assemblies_only401,2,GF_01329
current_assemblies_only401,2,GF_01330
current_assemblies_only401,2,GF_01331
current_assemblies_only401,2,GF_01332
current_assemblies_only401,2,GF_01333
current_assemblies_only401,2,GF_01334
current_assemblies_only401,2,GF_01336
current_assemblies_only401,2,GF_01338
current_assemblies_only401,2,GF_01359
current_assemblies_only401,2,GF_01372
current_assemblies_only401,2,GF_01374
current_assemblies_only401,2,GF_01375
current_assemblies_only401,2,GF_01376
current_assemblies_only401,2,GF_01377
current_assemblies_only401,2,GF_01379
current_assemblies_only401,2,GF_01381
current_assemblies_only401,2,GF_01382
current_assemblies_only401,2,GF_01383
current_assemblies_only401,2,GF_01385
current_assemblies_only401,2,GF_01387
current_assemblies_only401,2,GF_01390
current_assemblies_only401,2,GF_01391
current_assemblies_only401,2,GF_01393
current_assemblies_only401,2,GF_01394
current_assemblies_only401,2,GF_01395
current_assemblies_only401,2,GF_01396
current_assemblies_only401,2,GF_01397
current_assemblies_only401,2,GF_01399
current_assemblies_only401,2,GF_01400
current_assemblies_only401,2,GF_01401
current_assemblies_only401,2,GF_01409
current_assemblies_only401,2,GF_01425
current_assemblies_only401,2,GF_01426
current_assemblies_only401,2,GF_01439
current_assemblies_only401,2,GF_01445
current_assemblies_only401,2,GF_01446
current_assemblies_only401,2,GF_01447
current_assemblies_only401,2,GF_01449
current_assemblies_only401,2,GF_01456
current_assemblies_only401,2,GF_01458
current_assemblies_only401,2,GF_01460
current_assemblies_only401,2,GF_01461
current_assemblies_only401,2,GF_01462
current_assemblies_only401,2,GF_01464
current_assemblies_only401,2,GF_01466
current_assemblies_only401,2,GF_01476
current_assemblies_only401,2,GF_01477
current_assemblies_only401,2,GF_01479
current_assemblies_only401,2,GF_01481
current_assemblies_only401,2,GF_01487
current_assemblies_only401,2,GF_01502
current_assemblies_only401,2,GF_01504
current_assemblies_only401,2,GF_01512
current_assemblies_only401,2,GF_01514
current_assemblies_only401,2,GF_01527
current_assemblies_only401,2,GF_01534
current_assemblies_only401,2,GF_01535
current_assemblies_only401,2,GF_01536
current_assemblies_only401,2,GF_01538
current_assemblies_only401,2,GF_01539
current_assemblies_only401,2,GF_01540
current_assemblies_only401,2,GF_01541
current_assemblies_only401,2,GF_01542
current_assemblies_only401,2,GF_01544
current_assemblies_only401,2,GF_01547
current_assemblies_only401,2,GF_01549
current_assemblies_only401,2,GF_01550
current_assemblies_only401,2,GF_01552
current_assemblies_only401,2,GF_01553
current_assemblies_only401,2,GF_01579
current_assemblies_only401,2,GF_01580
current_assemblies_only401,2,GF_01583
current_assemblies_only401,2,GF_01584
current_assemblies_only401,2,GF_01591
current_assemblies_only401,2,GF_01592
current_assemblies_only401,2,GF_01617
current_assemblies_only401,2,GF_01618
current_assemblies_only401,2,GF_01619
current_assemblies_only401,2,GF_01620
current_assemblies_only401,2,GF_01621
current_assemblies_only401,2,GF_01623
current_assemblies_only401,2,GF_01625
current_assemblies_only401,2,GF_01626
current_assemblies_only401,2,GF_01627
current_assemblies_only401,2,GF_01628
current_assemblies_only401,2,GF_01629
current_assemblies_only401,2,GF_01636
current_assemblies_only401,2,GF_01638
current_assemblies_only401,2,GF_01641
current_assemblies_only401,2,GF_01648
current_assemblies_only401,2,GF_01661
current_assemblies_only401,2,GF_01673
current_assemblies_only401,2,GF_01674
current_assemblies_only401,2,GF_01675
current_assemblies_only401,2,GF_01676
current_assemblies_only401,2,GF_01677
current_assemblies_only401,2,GF_01678
current_assemblies_only401,2,GF_01679
current_assemblies_only401,2,GF_01680
current_assemblies_only401,2,GF_01681
current_assemblies_only401,2,GF_01683
current_assemblies_only401,2,GF_01684
current_assemblies_only401,2,GF_01685
current_assemblies_only401,2,GF_01688
current_assemblies_only401,2,GF_01689
current_assemblies_only401,2,GF_01690
current_assemblies_only401,2,GF_01691
current_assemblies_only401,2,GF_01692
current_assemblies_only401,2,GF_01693
current_assemblies_only401,2,GF_01732
current_assemblies_only401,2,GF_01733
current_assemblies_only401,2,GF_01734
current_assemblies_only401,2,GF_01735
current_assemblies_only401,2,GF_01736
current_assemblies_only401,2,GF_01737
current_assemblies_only401,2,GF_01741
current_assemblies_only401,2,GF_01742
current_assemblies_only401,2,GF_01745
current_assemblies_only401,2,GF_01763
current_assemblies_only401,2,GF_01783
current_assemblies_only401,2,GF_01799
current_assemblies_only401,2,GF_01801
current_assemblies_only401,2,GF_01802
current_assemblies_only401,2,GF_01803
current_assemblies_only401,2,GF_01805
current_assemblies_only401,2,GF_01806
current_assemblies_only401,2,GF_01807
current_assemblies_only401,2,GF_01808
current_assemblies_only401,2,GF_01809
current_assemblies_only401,2,GF_01810
current_assemblies_only401,2,GF_01811
current_assemblies_only401,2,GF_01812
current_assemblies_only401,2,GF_01813
current_assemblies_only401,2,GF_01814
current_assemblies_only401,2,GF_01815
current_assemblies_only401,2,GF_01816
current_assemblies_only401,2,GF_01818
current_assemblies_only401,2,GF_01819
current_assemblies_only401,2,GF_01822
current_assemblies_only401,2,GF_01834
current_assemblies_only401,2,GF_01836
current_assemblies_only401,2,GF_01837
current_assemblies_only401,2,GF_01840
current_assemblies_only401,2,GF_01841
current_assemblies_only401,2,GF_01844
current_assemblies_only401,2,GF_01856
current_assemblies_only401,2,GF_01860
current_assemblies_only401,2,GF_01870
current_assemblies_only401,2,GF_01872
current_assemblies_only401,2,GF_01897
current_assemblies_only401,2,GF_01898
current_assemblies_only401,2,GF_01899
current_assemblies_only401,2,GF_01900
current_assemblies_only401,2,GF_01902
current_assemblies_only401,2,GF_01904
current_assemblies_only401,2,GF_01919
current_assemblies_only401,2,GF_01921
current_assemblies_only401,2,GF_01923
current_assemblies_only401,2,GF_01925
current_assemblies_only401,2,GF_01926
current_assemblies_only401,2,GF_01927
current_assemblies_only401,2,GF_01928
current_assemblies_only401,2,GF_01929
current_assemblies_only401,2,GF_01930
current_assemblies_only401,2,GF_01945
current_assemblies_only401,2,GF_02041
current_assemblies_only401,2,GF_02059
current_assemblies_only401,2,GF_02060
current_assemblies_only401,2,GF_02069
current_assemblies_only401,2,GF_02070
current_assemblies_only401,2,GF_02071
current_assemblies_only401,2,GF_02072
current_assemblies_only401,2,GF_02075
current_assemblies_only401,2,GF_02076
current_assemblies_only401,2,GF_02084
current_assemblies_only401,2,GF_02085
current_assemblies_only401,2,GF_02086
current_assemblies_only401,2,GF_02088
current_assemblies_only401,2,GF_02089
current_assemblies_only401,2,GF_02091
current_assemblies_only401,2,GF_02092
current_assemblies_only401,2,GF_02093
current_assemblies_only401,2,GF_02094
current_assemblies_only401,2,GF_02101
current_assemblies_only401,2,GF_02109
current_assemblies_only401,2,GF_02113
current_assemblies_only401,2,GF_02122
current_assemblies_only401,2,GF_02130
current_assemblies_only401,2,GF_02131
current_assemblies_only401,2,GF_02132
current_assemblies_only401,2,GF_02136
current_assemblies_only401,2,GF_02137
current_assemblies_only401,2,GF_02138
current_assemblies_only401,2,GF_02139
current_assemblies_only401,2,GF_02140
current_assemblies_only401,2,GF_02141
current_assemblies_only401,2,GF_02142
current_assemblies_only401,2,GF_02143
current_assemblies_only401,2,GF_02145
current_assemblies_only401,2,GF_02152
current_assemblies_only401,2,GF_02157
current_assemblies_only401,2,GF_02158
current_assemblies_only401,2,GF_02168
current_assemblies_only401,2,GF_02172
current_assemblies_only401,2,GF_02178
current_assemblies_only401,2,GF_02180
current_assemblies_only401,2,GF_02184
current_assemblies_only401,2,GF_02216
current_assemblies_only401,2,GF_02217
current_assemblies_only401,2,GF_02218
current_assemblies_only401,2,GF_02219
current_assemblies_only401,2,GF_02220
current_assemblies_only401,2,GF_02223
current_assemblies_only401,2,GF_02224
current_assemblies_only401,2,GF_02225
current_assemblies_only401,2,GF_02226
current_assemblies_only401,2,GF_02227
current_assemblies_only401,2,GF_02228
current_assemblies_only401,2,GF_02229
current_assemblies_only401,2,GF_02230
current_assemblies_only401,2,GF_02260
current_assemblies_only401,2,GF_02262
current_assemblies_only401,2,GF_02263
current_assemblies_only401,2,GF_02264
current_assemblies_only401,2,GF_02266
current_assemblies_only401,3,GF_00002
current_assemblies_only401,3,GF_00008
current_assemblies_only401,3,GF_00011
current_assemblies_only401,3,GF_00012
current_assemblies_only401,3,GF_00013
current_assemblies_only401,3,GF_00014
current_assemblies_only401,3,GF_00015
current_assemblies_only401,3,GF_00017
current_assemblies_only401,3,GF_00018
current_assemblies_only401,3,GF_00036
current_assemblies_only401,3,GF_00043
current_assemblies_only401,3,GF_00044
current_assemblies_only401,3,GF_00046
current_assemblies_only401,3,GF_00047
current_assemblies_only401,3,GF_00048
current_assemblies_only401,3,GF_00049
current_assemblies_only401,3,GF_00051
current_assemblies_only401,3,GF_00052
current_assemblies_only401,3,GF_00072
current_assemblies_only401,3,GF_00073
current_assemblies_only401,3,GF_00074
current_assemblies_only401,3,GF_00075
current_assemblies_only401,3,GF_00077
current_assemblies_only401,3,GF_00078
current_assemblies_only401,3,GF_00079
current_assemblies_only401,3,GF_00080
current_assemblies_only401,3,GF_00081
current_assemblies_only401,3,GF_00082
current_assemblies_only401,3,GF_00083
current_assemblies_only401,3,GF_00084
current_assemblies_only401,3,GF_00085
current_assemblies_only401,3,GF_00087
current_assemblies_only401,3,GF_00088
current_assemblies_only401,3,GF_00093
current_assemblies_only401,3,GF_00094
current_assemblies_only401,3,GF_00104
current_assemblies_only401,3,GF_00105
current_assemblies_only401,3,GF_00106
current_assemblies_only401,3,GF_00107
current_assemblies_only401,3,GF_00108
current_assemblies_only401,3,GF_00111
current_assemblies_only401,3,GF_00112
current_assemblies_only401,3,GF_00114
current_assemblies_only401,3,GF_00115
current_assemblies_only401,3,GF_00116
current_assemblies_only401,3,GF_00117
current_assemblies_only401,3,GF_00120
current_assemblies_only401,3,GF_00121
current_assemblies_only401,3,GF_00122
current_assemblies_only401,3,GF_00123
current_assemblies_only401,3,GF_00124
current_assemblies_only401,3,GF_00125
current_assemblies_only401,3,GF_00136
current_assemblies_only401,3,GF_00137
current_assemblies_only401,3,GF_00138
current_assemblies_only401,3,GF_00139
current_assemblies_only401,3,GF_00141
current_assemblies_only401,3,GF_00143
current_assemblies_only401,3,GF_00155
current_assemblies_only401,3,GF_00164
current_assemblies_only401,3,GF_00170
current_assemblies_only401,3,GF_00175
current_assemblies_only401,3,GF_00178
current_assemblies_only401,3,GF_00179
current_assemblies_only401,3,GF_00180
current_assemblies_only401,3,GF_00185
current_assemblies_only401,3,GF_00220
current_assemblies_only401,3,GF_00228
current_assemblies_only401,3,GF_00229
current_assemblies_only401,3,GF_00235
current_assemblies_only401,3,GF_00244
current_assemblies_only401,3,GF_00251
current_assemblies_only401,3,GF_00262
current_assemblies_only401,3,GF_00281
current_assemblies_only401,3,GF_00290
current_assemblies_only401,3,GF_00296
current_assemblies_only401,3,GF_00300
current_assemblies_only401,3,GF_00302
current_assemblies_only401,3,GF_00303
current_assemblies_only401,3,GF_00305
current_assemblies_only401,3,GF_00309
current_assemblies_only401,3,GF_00311
current_assemblies_only401,3,GF_00312
current_assemblies_only401,3,GF_00313
current_assemblies_only401,3,GF_00314
current_assemblies_only401,3,GF_00315
current_assemblies_only401,3,GF_00316
current_assemblies_only401,3,GF_00317
current_assemblies_only401,3,GF_00318
current_assemblies_only401,3,GF_00319
current_assemblies_only401,3,GF_00320
current_assemblies_only401,3,GF_00321
current_assemblies_only401,3,GF_00323
current_assemblies_only401,3,GF_00324
current_assemblies_only401,3,GF_00325
current_assemblies_only401,3,GF_00326
current_assemblies_only401,3,GF_00327
current_assemblies_only401,3,GF_00329
current_assemblies_only401,3,GF_00330
current_assemblies_only401,3,GF_00331
current_assemblies_only401,3,GF_00332
current_assemblies_only401,3,GF_00333
current_assemblies_only401,3,GF_00335
current_assemblies_only401,3,GF_00336
current_assemblies_only401,3,GF_00338
current_assemblies_only401,3,GF_00340
current_assemblies_only401,3,GF_00341
current_assemblies_only401,3,GF_00342
current_assemblies_only401,3,GF_00343
current_assemblies_only401,3,GF_00344
current_assemblies_only401,3,GF_00346
current_assemblies_only401,3,GF_00347
current_assemblies_only401,3,GF_00349
current_assemblies_only401,3,GF_00350
current_assemblies_only401,3,GF_00352
current_assemblies_only401,3,GF_00353
current_assemblies_only401,3,GF_00355
current_assemblies_only401,3,GF_00358
current_assemblies_only401,3,GF_00360
current_assemblies_only401,3,GF_00362
current_assemblies_only401,3,GF_00363
current_assemblies_only401,3,GF_00364
current_assemblies_only401,3,GF_00365
current_assemblies_only401,3,GF_00369
current_assemblies_only401,3,GF_00381
current_assemblies_only401,3,GF_00384
current_assemblies_only401,3,GF_00385
current_assemblies_only401,3,GF_00386
current_assemblies_only401,3,GF_00387
current_assemblies_only401,3,GF_00388
current_assemblies_only401,3,GF_00389
current_assemblies_only401,3,GF_00391
current_assemblies_only401,3,GF_00393
current_assemblies_only401,3,GF_00394
current_assemblies_only401,3,GF_00395
current_assemblies_only401,3,GF_00396
current_assemblies_only401,3,GF_00400
current_assemblies_only401,3,GF_00401
current_assemblies_only401,3,GF_00402
current_assemblies_only401,3,GF_00403
current_assemblies_only401,3,GF_00404
current_assemblies_only401,3,GF_00405
current_assemblies_only401,3,GF_00406
current_assemblies_only401,3,GF_00407
current_assemblies_only401,3,GF_00409
current_assemblies_only401,3,GF_00410
current_assemblies_only401,3,GF_00413
current_assemblies_only401,3,GF_00414
current_assemblies_only401,3,GF_00415
current_assemblies_only401,3,GF_00417
current_assemblies_only401,3,GF_00418
current_assemblies_only401,3,GF_00421
current_assemblies_only401,3,GF_00422
current_assemblies_only401,3,GF_00424
current_assemblies_only401,3,GF_00426
current_assemblies_only401,3,GF_00427
current_assemblies_only401,3,GF_00428
current_assemblies_only401,3,GF_00430
current_assemblies_only401,3,GF_00431
current_assemblies_only401,3,GF_00432
current_assemblies_only401,3,GF_00433
current_assemblies_only401,3,GF_00434
current_assemblies_only401,3,GF_00435
current_assemblies_only401,3,GF_00436
current_assemblies_only401,3,GF_00438
current_assemblies_only401,3,GF_00440
current_assemblies_only401,3,GF_00441
current_assemblies_only401,3,GF_00455
current_assemblies_only401,3,GF_00457
current_assemblies_only401,3,GF_00471
current_assemblies_only401,3,GF_00477
current_assemblies_only401,3,GF_00480
current_assemblies_only401,3,GF_00482
current_assemblies_only401,3,GF_00488
current_assemblies_only401,3,GF_00491
current_assemblies_only401,3,GF_00503
current_assemblies_only401,3,GF_00522
current_assemblies_only401,3,GF_00523
current_assemblies_only401,3,GF_00524
current_assemblies_only401,3,GF_00525
current_assemblies_only401,3,GF_00527
current_assemblies_only401,3,GF_00528
current_assemblies_only401,3,GF_00529
current_assemblies_only401,3,GF_00530
current_assemblies_only401,3,GF_00531
current_assemblies_only401,3,GF_00536
current_assemblies_only401,3,GF_00538
current_assemblies_only401,3,GF_00546
current_assemblies_only401,3,GF_00547
current_assemblies_only401,3,GF_00548
current_assemblies_only401,3,GF_00549
current_assemblies_only401,3,GF_00564
current_assemblies_only401,3,GF_00565
current_assemblies_only401,3,GF_00566
current_assemblies_only401,3,GF_00569
current_assemblies_only401,3,GF_00570
current_assemblies_only401,3,GF_00572
current_assemblies_only401,3,GF_00574
current_assemblies_only401,3,GF_00578
current_assemblies_only401,3,GF_00580
current_assemblies_only401,3,GF_00588
current_assemblies_only401,3,GF_00594
current_assemblies_only401,3,GF_00595
current_assemblies_only401,3,GF_00599
current_assemblies_only401,3,GF_00600
current_assemblies_only401,3,GF_00601
current_assemblies_only401,3,GF_00602
current_assemblies_only401,3,GF_00603
current_assemblies_only401,3,GF_00604
current_assemblies_only401,3,GF_00605
current_assemblies_only401,3,GF_00606
current_assemblies_only401,3,GF_00607
current_assemblies_only401,3,GF_00608
current_assemblies_only401,3,GF_00609
current_assemblies_only401,3,GF_00611
current_assemblies_only401,3,GF_00612
current_assemblies_only401,3,GF_00613
current_assemblies_only401,3,GF_00614
current_assemblies_only401,3,GF_00615
current_assemblies_only401,3,GF_00617
current_assemblies_only401,3,GF_00618
current_assemblies_only401,3,GF_00619
current_assemblies_only401,3,GF_00620
current_assemblies_only401,3,GF_00621
current_assemblies_only401,3,GF_00622
current_assemblies_only401,3,GF_00623
current_assemblies_only401,3,GF_00624
current_assemblies_only401,3,GF_00632
current_assemblies_only401,3,GF_00633
current_assemblies_only401,3,GF_00635
current_assemblies_only401,3,GF_00636
current_assemblies_only401,3,GF_00637
current_assemblies_only401,3,GF_00638
current_assemblies_only401,3,GF_00640
current_assemblies_only401,3,GF_00641
current_assemblies_only401,3,GF_00642
current_assemblies_only401,3,GF_00643
current_assemblies_only401,3,GF_00655
current_assemblies_only401,3,GF_00658
current_assemblies_only401,3,GF_00661
current_assemblies_only401,3,GF_00669
current_assemblies_only401,3,GF_00676
current_assemblies_only401,3,GF_00681
current_assemblies_only401,3,GF_00684
current_assemblies_only401,3,GF_00687
current_assemblies_only401,3,GF_00688
current_assemblies_only401,3,GF_00695
current_assemblies_only401,3,GF_00699
current_assemblies_only401,3,GF_00702
current_assemblies_only401,3,GF_00709
current_assemblies_only401,3,GF_00722
current_assemblies_only401,3,GF_00723
current_assemblies_only401,3,GF_00724
current_assemblies_only401,3,GF_00725
current_assemblies_only401,3,GF_00726
current_assemblies_only401,3,GF_00727
current_assemblies_only401,3,GF_00728
current_assemblies_only401,3,GF_00729
current_assemblies_only401,3,GF_00732
current_assemblies_only401,3,GF_00736
current_assemblies_only401,3,GF_00740
current_assemblies_only401,3,GF_00741
current_assemblies_only401,3,GF_00744
current_assemblies_only401,3,GF_00751
current_assemblies_only401,3,GF_00755
current_assemblies_only401,3,GF_00756
current_assemblies_only401,3,GF_00761
current_assemblies_only401,3,GF_00771
current_assemblies_only401,3,GF_00773
current_assemblies_only401,3,GF_00776
current_assemblies_only401,3,GF_00777
current_assemblies_only401,3,GF_00785
current_assemblies_only401,3,GF_00796
current_assemblies_only401,3,GF_00810
current_assemblies_only401,3,GF_00811
current_assemblies_only401,3,GF_00813
current_assemblies_only401,3,GF_00814
current_assemblies_only401,3,GF_00816
current_assemblies_only401,3,GF_00819
current_assemblies_only401,3,GF_00828
current_assemblies_only401,3,GF_00843
current_assemblies_only401,3,GF_00845
current_assemblies_only401,3,GF_00857
current_assemblies_only401,3,GF_00860
current_assemblies_only401,3,GF_00864
current_assemblies_only401,3,GF_00866
current_assemblies_only401,3,GF_00867
current_assemblies_only401,3,GF_00868
current_assemblies_only401,3,GF_00869
current_assemblies_only401,3,GF_00870
current_assemblies_only401,3,GF_00871
current_assemblies_only401,3,GF_00872
current_assemblies_only401,3,GF_00873
current_assemblies_only401,3,GF_00874
current_assemblies_only401,3,GF_00895
current_assemblies_only401,3,GF_00916
current_assemblies_only401,3,GF_00927
current_assemblies_only401,3,GF_00931
current_assemblies_only401,3,GF_00933
current_assemblies_only401,3,GF_00947
current_assemblies_only401,3,GF_00949
current_assemblies_only401,3,GF_00957
current_assemblies_only401,3,GF_00958
current_assemblies_only401,3,GF_00959
current_assemblies_only401,3,GF_00960
current_assemblies_only401,3,GF_00963
current_assemblies_only401,3,GF_00966
current_assemblies_only401,3,GF_00968
current_assemblies_only401,3,GF_00969
current_assemblies_only401,3,GF_00970
current_assemblies_only401,3,GF_00971
current_assemblies_only401,3,GF_00972
current_assemblies_only401,3,GF_00982
current_assemblies_only401,3,GF_01004
current_assemblies_only401,3,GF_01005
current_assemblies_only401,3,GF_01012
current_assemblies_only401,3,GF_01026
current_assemblies_only401,3,GF_01027
current_assemblies_only401,3,GF_01028
current_assemblies_only401,3,GF_01054
current_assemblies_only401,3,GF_01230
current_assemblies_only401,3,GF_01231
current_assemblies_only401,3,GF_01232
current_assemblies_only401,3,GF_01233
current_assemblies_only401,3,GF_01234
current_assemblies_only401,3,GF_01235
current_assemblies_only401,3,GF_01236
current_assemblies_only401,3,GF_01237
current_assemblies_only401,3,GF_01239
current_assemblies_only401,3,GF_01240
current_assemblies_only401,3,GF_01241
current_assemblies_only401,3,GF_01242
current_assemblies_only401,3,GF_01244
current_assemblies_only401,3,GF_01245
current_assemblies_only401,3,GF_01246
current_assemblies_only401,3,GF_01247
current_assemblies_only401,3,GF_01248
current_assemblies_only401,3,GF_01266
current_assemblies_only401,3,GF_01287
current_assemblies_only401,3,GF_01290
current_assemblies_only401,3,GF_01291
current_assemblies_only401,3,GF_01292
current_assemblies_only401,3,GF_01293
current_assemblies_only401,3,GF_01297
current_assemblies_only401,3,GF_01306
current_assemblies_only401,3,GF_01314
current_assemblies_only401,3,GF_01315
current_assemblies_only401,3,GF_01327
current_assemblies_only401,3,GF_01328
current_assemblies_only401,3,GF_01329
current_assemblies_only401,3,GF_01330
current_assemblies_only401,3,GF_01331
current_assemblies_only401,3,GF_01332
current_assemblies_only401,3,GF_01333
current_assemblies_only401,3,GF_01337
current_assemblies_only401,3,GF_01338
current_assemblies_only401,3,GF_01359
current_assemblies_only401,3,GF_01372
current_assemblies_only401,3,GF_01373
current_assemblies_only401,3,GF_01374
current_assemblies_only401,3,GF_01375
current_assemblies_only401,3,GF_01376
current_assemblies_only401,3,GF_01377
current_assemblies_only401,3,GF_01379
current_assemblies_only401,3,GF_01381
current_assemblies_only401,3,GF_01382
current_assemblies_only401,3,GF_01383
current_assemblies_only401,3,GF_01385
current_assemblies_only401,3,GF_01387
current_assemblies_only401,3,GF_01390
current_assemblies_only401,3,GF_01391
current_assemblies_only401,3,GF_01392
current_assemblies_only401,3,GF_01393
current_assemblies_only401,3,GF_01394
current_assemblies_only401,3,GF_01395
current_assemblies_only401,3,GF_01396
current_assemblies_only401,3,GF_01397
current_assemblies_only401,3,GF_01399
current_assemblies_only401,3,GF_01400
current_assemblies_only401,3,GF_01401
current_assemblies_only401,3,GF_01404
current_assemblies_only401,3,GF_01409
current_assemblies_only401,3,GF_01425
current_assemblies_only401,3,GF_01426
current_assemblies_only401,3,GF_01428
current_assemblies_only401,3,GF_01439
current_assemblies_only401,3,GF_01445
current_assemblies_only401,3,GF_01446
current_assemblies_only401,3,GF_01447
current_assemblies_only401,3,GF_01448
current_assemblies_only401,3,GF_01449
current_assemblies_only401,3,GF_01456
current_assemblies_only401,3,GF_01458
current_assemblies_only401,3,GF_01460
current_assemblies_only401,3,GF_01461
current_assemblies_only401,3,GF_01466
current_assemblies_only401,3,GF_01477
current_assemblies_only401,3,GF_01479
current_assemblies_only401,3,GF_01480
current_assemblies_only401,3,GF_01487
current_assemblies_only401,3,GF_01502
current_assemblies_only401,3,GF_01504
current_assemblies_only401,3,GF_01512
current_assemblies_only401,3,GF_01514
current_assemblies_only401,3,GF_01527
current_assemblies_only401,3,GF_01534
current_assemblies_only401,3,GF_01536
current_assemblies_only401,3,GF_01538
current_assemblies_only401,3,GF_01539
current_assemblies_only401,3,GF_01540
current_assemblies_only401,3,GF_01541
current_assemblies_only401,3,GF_01542
current_assemblies_only401,3,GF_01544
current_assemblies_only401,3,GF_01547
current_assemblies_only401,3,GF_01549
current_assemblies_only401,3,GF_01552
current_assemblies_only401,3,GF_01553
current_assemblies_only401,3,GF_01579
current_assemblies_only401,3,GF_01580
current_assemblies_only401,3,GF_01583
current_assemblies_only401,3,GF_01584
current_assemblies_only401,3,GF_01591
current_assemblies_only401,3,GF_01592
current_assemblies_only401,3,GF_01616
current_assemblies_only401,3,GF_01617
current_assemblies_only401,3,GF_01618
current_assemblies_only401,3,GF_01619
current_assemblies_only401,3,GF_01620
current_assemblies_only401,3,GF_01621
current_assemblies_only401,3,GF_01623
current_assemblies_only401,3,GF_01625
current_assemblies_only401,3,GF_01626
current_assemblies_only401,3,GF_01627
current_assemblies_only401,3,GF_01628
current_assemblies_only401,3,GF_01629
current_assemblies_only401,3,GF_01634
current_assemblies_only401,3,GF_01636
current_assemblies_only401,3,GF_01637
current_assemblies_only401,3,GF_01638
current_assemblies_only401,3,GF_01639
current_assemblies_only401,3,GF_01641
current_assemblies_only401,3,GF_01643
current_assemblies_only401,3,GF_01648
current_assemblies_only401,3,GF_01659
current_assemblies_only401,3,GF_01661
current_assemblies_only401,3,GF_01672
current_assemblies_only401,3,GF_01673
current_assemblies_only401,3,GF_01674
current_assemblies_only401,3,GF_01675
current_assemblies_only401,3,GF_01676
current_assemblies_only401,3,GF_01677
current_assemblies_only401,3,GF_01678
current_assemblies_only401,3,GF_01679
current_assemblies_only401,3,GF_01680
current_assemblies_only401,3,GF_01681
current_assemblies_only401,3,GF_01683
current_assemblies_only401,3,GF_01684
current_assemblies_only401,3,GF_01685
current_assemblies_only401,3,GF_01688
current_assemblies_only401,3,GF_01689
current_assemblies_only401,3,GF_01690
current_assemblies_only401,3,GF_01692
current_assemblies_only401,3,GF_01693
current_assemblies_only401,3,GF_01732
current_assemblies_only401,3,GF_01733
current_assemblies_only401,3,GF_01734
current_assemblies_only401,3,GF_01735
current_assemblies_only401,3,GF_01736
current_assemblies_only401,3,GF_01737
current_assemblies_only401,3,GF_01740
current_assemblies_only401,3,GF_01741
current_assemblies_only401,3,GF_01742
current_assemblies_only401,3,GF_01745
current_assemblies_only401,3,GF_01763
current_assemblies_only401,3,GF_01783
current_assemblies_only401,3,GF_01799
current_assemblies_only401,3,GF_01802
current_assemblies_only401,3,GF_01803
current_assemblies_only401,3,GF_01805
current_assemblies_only401,3,GF_01806
current_assemblies_only401,3,GF_01807
current_assemblies_only401,3,GF_01808
current_assemblies_only401,3,GF_01809
current_assemblies_only401,3,GF_01810
current_assemblies_only401,3,GF_01811
current_assemblies_only401,3,GF_01812
current_assemblies_only401,3,GF_01813
current_assemblies_only401,3,GF_01815
current_assemblies_only401,3,GF_01816
current_assemblies_only401,3,GF_01818
current_assemblies_only401,3,GF_01819
current_assemblies_only401,3,GF_01822
current_assemblies_only401,3,GF_01823
current_assemblies_only401,3,GF_01834
current_assemblies_only401,3,GF_01836
current_assemblies_only401,3,GF_01837
current_assemblies_only401,3,GF_01840
current_assemblies_only401,3,GF_01841
current_assemblies_only401,3,GF_01842
current_assemblies_only401,3,GF_01844
current_assemblies_only401,3,GF_01856
current_assemblies_only401,3,GF_01860
current_assemblies_only401,3,GF_01866
current_assemblies_only401,3,GF_01870
current_assemblies_only401,3,GF_01872
current_assemblies_only401,3,GF_01885
current_assemblies_only401,3,GF_01897
current_assemblies_only401,3,GF_01898
current_assemblies_only401,3,GF_01899
current_assemblies_only401,3,GF_01900
current_assemblies_only401,3,GF_01901
current_assemblies_only401,3,GF_01902
current_assemblies_only401,3,GF_01904
current_assemblies_only401,3,GF_01919
current_assemblies_only401,3,GF_01921
current_assemblies_only401,3,GF_01925
current_assemblies_only401,3,GF_01926
current_assemblies_only401,3,GF_01927
current_assemblies_only401,3,GF_01928
current_assemblies_only401,3,GF_01929
current_assemblies_only401,3,GF_01930
current_assemblies_only401,3,GF_01945
current_assemblies_only401,3,GF_02041
current_assemblies_only401,3,GF_02059
current_assemblies_only401,3,GF_02060
current_assemblies_only401,3,GF_02069
current_assemblies_only401,3,GF_02070
current_assemblies_only401,3,GF_02071
current_assemblies_only401,3,GF_02072
current_assemblies_only401,3,GF_02074
current_assemblies_only401,3,GF_02075
current_assemblies_only401,3,GF_02076
current_assemblies_only401,3,GF_02084
current_assemblies_only401,3,GF_02085
current_assemblies_only401,3,GF_02088
current_assemblies_only401,3,GF_02089
current_assemblies_only401,3,GF_02091
current_assemblies_only401,3,GF_02092
current_assemblies_only401,3,GF_02093
current_assemblies_only401,3,GF_02094
current_assemblies_only401,3,GF_02101
current_assemblies_only401,3,GF_02109
current_assemblies_only401,3,GF_02110
current_assemblies_only401,3,GF_02113
current_assemblies_only401,3,GF_02122
current_assemblies_only401,3,GF_02130
current_assemblies_only401,3,GF_02131
current_assemblies_only401,3,GF_02132
current_assemblies_only401,3,GF_02136
current_assemblies_only401,3,GF_02137
current_assemblies_only401,3,GF_02138
current_assemblies_only401,3,GF_02139
current_assemblies_only401,3,GF_02140
current_assemblies_only401,3,GF_02141
current_assemblies_only401,3,GF_02142
current_assemblies_only401,3,GF_02143
current_assemblies_only401,3,GF_02145
current_assemblies_only401,3,GF_02152
current_assemblies_only401,3,GF_02157
current_assemblies_only401,3,GF_02159
current_assemblies_only401,3,GF_02172
current_assemblies_only401,3,GF_02178
current_assemblies_only401,3,GF_02180
current_assemblies_only401,3,GF_02184
current_assemblies_only401,3,GF_02194
current_assemblies_only401,3,GF_02215
current_assemblies_only401,3,GF_02216
current_assemblies_only401,3,GF_02217
current_assemblies_only401,3,GF_02218
current_assemblies_only401,3,GF_02219
current_assemblies_only401,3,GF_02220
current_assemblies_only401,3,GF_02222
current_assemblies_only401,3,GF_02223
current_assemblies_only401,3,GF_02224
current_assemblies_only401,3,GF_02225
current_assemblies_only401,3,GF_02226
current_assemblies_only401,3,GF_02227
current_assemblies_only401,3,GF_02228
current_assemblies_only401,3,GF_02229
current_assemblies_only401,3,GF_02230
current_assemblies_only401,3,GF_02260
current_assemblies_only401,3,GF_02262
current_assemblies_only401,3,GF_02263
current_assemblies_only401,3,GF_02264
current_assemblies_only401,3,GF_02266
current_assemblies_only401,4,GF_00002
current_assemblies_only401,4,GF_00008
current_assemblies_only401,4,GF_00011
current_assemblies_only401,4,GF_00013
current_assemblies_only401,4,GF_00014
current_assemblies_only401,4,GF_00015
current_assemblies_only401,4,GF_00017
current_assemblies_only401,4,GF_00018
current_assemblies_only401,4,GF_00036
current_assemblies_only401,4,GF_00043
current_assemblies_only401,4,GF_00044
current_assemblies_only401,4,GF_00045
current_assemblies_only401,4,GF_00046
current_assemblies_only401,4,GF_00047
current_assemblies_only401,4,GF_00048
current_assemblies_only401,4,GF_00049
current_assemblies_only401,4,GF_00051
current_assemblies_only401,4,GF_00052
current_assemblies_only401,4,GF_00071
current_assemblies_only401,4,GF_00072
current_assemblies_only401,4,GF_00073
current_assemblies_only401,4,GF_00074
current_assemblies_only401,4,GF_00075
current_assemblies_only401,4,GF_00076
current_assemblies_only401,4,GF_00077
current_assemblies_only401,4,GF_00078
current_assemblies_only401,4,GF_00079
current_assemblies_only401,4,GF_00080
current_assemblies_only401,4,GF_00081
current_assemblies_only401,4,GF_00082
current_assemblies_only401,4,GF_00083
current_assemblies_only401,4,GF_00084
current_assemblies_only401,4,GF_00085
current_assemblies_only401,4,GF_00087
current_assemblies_only401,4,GF_00088
current_assemblies_only401,4,GF_00093
current_assemblies_only401,4,GF_00094
current_assemblies_only401,4,GF_00104
current_assemblies_only401,4,GF_00105
current_assemblies_only401,4,GF_00106
current_assemblies_only401,4,GF_00107
current_assemblies_only401,4,GF_00108
current_assemblies_only401,4,GF_00109
current_assemblies_only401,4,GF_00111
current_assemblies_only401,4,GF_00112
current_assemblies_only401,4,GF_00113
current_assemblies_only401,4,GF_00114
current_assemblies_only401,4,GF_00115
current_assemblies_only401,4,GF_00116
current_assemblies_only401,4,GF_00117
current_assemblies_only401,4,GF_00119
current_assemblies_only401,4,GF_00120
current_assemblies_only401,4,GF_00121
current_assemblies_only401,4,GF_00122
current_assemblies_only401,4,GF_00123
current_assemblies_only401,4,GF_00124
current_assemblies_only401,4,GF_00125
current_assemblies_only401,4,GF_00136
current_assemblies_only401,4,GF_00137
current_assemblies_only401,4,GF_00138
current_assemblies_only401,4,GF_00139
current_assemblies_only401,4,GF_00141
current_assemblies_only401,4,GF_00142
current_assemblies_only401,4,GF_00143
current_assemblies_only401,4,GF_00155
current_assemblies_only401,4,GF_00164
current_assemblies_only401,4,GF_00170
current_assemblies_only401,4,GF_00175
current_assemblies_only401,4,GF_00178
current_assemblies_only401,4,GF_00179
current_assemblies_only401,4,GF_00180
current_assemblies_only401,4,GF_00181
current_assemblies_only401,4,GF_00185
current_assemblies_only401,4,GF_00208
current_assemblies_only401,4,GF_00220
current_assemblies_only401,4,GF_00228
current_assemblies_only401,4,GF_00229
current_assemblies_only401,4,GF_00235
current_assemblies_only401,4,GF_00244
current_assemblies_only401,4,GF_00251
current_assemblies_only401,4,GF_00262
current_assemblies_only401,4,GF_00281
current_assemblies_only401,4,GF_00290
current_assemblies_only401,4,GF_00296
current_assemblies_only401,4,GF_00300
current_assemblies_only401,4,GF_00302
current_assemblies_only401,4,GF_00303
current_assemblies_only401,4,GF_00305
current_assemblies_only401,4,GF_00309
current_assemblies_only401,4,GF_00311
current_assemblies_only401,4,GF_00312
current_assemblies_only401,4,GF_00313
current_assemblies_only401,4,GF_00314
current_assemblies_only401,4,GF_00315
current_assemblies_only401,4,GF_00316
current_assemblies_only401,4,GF_00317
current_assemblies_only401,4,GF_00318
current_assemblies_only401,4,GF_00319
current_assemblies_only401,4,GF_00320
current_assemblies_only401,4,GF_00321
current_assemblies_only401,4,GF_00323
current_assemblies_only401,4,GF_00324
current_assemblies_only401,4,GF_00325
current_assemblies_only401,4,GF_00326
current_assemblies_only401,4,GF_00327
current_assemblies_only401,4,GF_00329
current_assemblies_only401,4,GF_00330
current_assemblies_only401,4,GF_00331
current_assemblies_only401,4,GF_00332
current_assemblies_only401,4,GF_00333
current_assemblies_only401,4,GF_00335
current_assemblies_only401,4,GF_00336
current_assemblies_only401,4,GF_00338
current_assemblies_only401,4,GF_00339
current_assemblies_only401,4,GF_00340
current_assemblies_only401,4,GF_00341
current_assemblies_only401,4,GF_00342
current_assemblies_only401,4,GF_00343
current_assemblies_only401,4,GF_00344
current_assemblies_only401,4,GF_00346
current_assemblies_only401,4,GF_00347
current_assemblies_only401,4,GF_00348
current_assemblies_only401,4,GF_00349
current_assemblies_only401,4,GF_00350
current_assemblies_only401,4,GF_00351
current_assemblies_only401,4,GF_00352
current_assemblies_only401,4,GF_00353
current_assemblies_only401,4,GF_00355
current_assemblies_only401,4,GF_00358
current_assemblies_only401,4,GF_00359
current_assemblies_only401,4,GF_00360
current_assemblies_only401,4,GF_00362
current_assemblies_only401,4,GF_00363
current_assemblies_only401,4,GF_00364
current_assemblies_only401,4,GF_00365
current_assemblies_only401,4,GF_00369
current_assemblies_only401,4,GF_00378
current_assemblies_only401,4,GF_00381
current_assemblies_only401,4,GF_00384
current_assemblies_only401,4,GF_00385
current_assemblies_only401,4,GF_00386
current_assemblies_only401,4,GF_00387
current_assemblies_only401,4,GF_00388
current_assemblies_only401,4,GF_00389
current_assemblies_only401,4,GF_00390
current_assemblies_only401,4,GF_00391
current_assemblies_only401,4,GF_00393
current_assemblies_only401,4,GF_00394
current_assemblies_only401,4,GF_00395
current_assemblies_only401,4,GF_00396
current_assemblies_only401,4,GF_00400
current_assemblies_only401,4,GF_00401
current_assemblies_only401,4,GF_00402
current_assemblies_only401,4,GF_00403
current_assemblies_only401,4,GF_00404
current_assemblies_only401,4,GF_00405
current_assemblies_only401,4,GF_00406
current_assemblies_only401,4,GF_00407
current_assemblies_only401,4,GF_00408
current_assemblies_only401,4,GF_00409
current_assemblies_only401,4,GF_00410
current_assemblies_only401,4,GF_00411
current_assemblies_only401,4,GF_00413
current_assemblies_only401,4,GF_00414
current_assemblies_only401,4,GF_00415
current_assemblies_only401,4,GF_00417
current_assemblies_only401,4,GF_00418
current_assemblies_only401,4,GF_00419
current_assemblies_only401,4,GF_00421
current_assemblies_only401,4,GF_00422
current_assemblies_only401,4,GF_00424
current_assemblies_only401,4,GF_00426
current_assemblies_only401,4,GF_00427
current_assemblies_only401,4,GF_00428
current_assemblies_only401,4,GF_00429
current_assemblies_only401,4,GF_00430
current_assemblies_only401,4,GF_00431
current_assemblies_only401,4,GF_00432
current_assemblies_only401,4,GF_00433
current_assemblies_only401,4,GF_00434
current_assemblies_only401,4,GF_00435
current_assemblies_only401,4,GF_00436
current_assemblies_only401,4,GF_00437
current_assemblies_only401,4,GF_00438
current_assemblies_only401,4,GF_00440
current_assemblies_only401,4,GF_00441
current_assemblies_only401,4,GF_00455
current_assemblies_only401,4,GF_00456
current_assemblies_only401,4,GF_00457
current_assemblies_only401,4,GF_00458
current_assemblies_only401,4,GF_00460
current_assemblies_only401,4,GF_00471
current_assemblies_only401,4,GF_00472
current_assemblies_only401,4,GF_00477
current_assemblies_only401,4,GF_00480
current_assemblies_only401,4,GF_00482
current_assemblies_only401,4,GF_00488
current_assemblies_only401,4,GF_00489
current_assemblies_only401,4,GF_00491
current_assemblies_only401,4,GF_00503
current_assemblies_only401,4,GF_00522
current_assemblies_only401,4,GF_00523
current_assemblies_only401,4,GF_00524
current_assemblies_only401,4,GF_00525
current_assemblies_only401,4,GF_00527
current_assemblies_only401,4,GF_00528
current_assemblies_only401,4,GF_00529
current_assemblies_only401,4,GF_00530
current_assemblies_only401,4,GF_00531
current_assemblies_only401,4,GF_00536
current_assemblies_only401,4,GF_00538
current_assemblies_only401,4,GF_00546
current_assemblies_only401,4,GF_00547
current_assemblies_only401,4,GF_00548
current_assemblies_only401,4,GF_00549
current_assemblies_only401,4,GF_00564
current_assemblies_only401,4,GF_00565
current_assemblies_only401,4,GF_00566
current_assemblies_only401,4,GF_00569
current_assemblies_only401,4,GF_00570
current_assemblies_only401,4,GF_00572
current_assemblies_only401,4,GF_00574
current_assemblies_only401,4,GF_00578
current_assemblies_only401,4,GF_00580
current_assemblies_only401,4,GF_00588
current_assemblies_only401,4,GF_00593
current_assemblies_only401,4,GF_00594
current_assemblies_only401,4,GF_00595
current_assemblies_only401,4,GF_00599
current_assemblies_only401,4,GF_00600
current_assemblies_only401,4,GF_00601
current_assemblies_only401,4,GF_00602
current_assemblies_only401,4,GF_00603
current_assemblies_only401,4,GF_00604
current_assemblies_only401,4,GF_00605
current_assemblies_only401,4,GF_00606
current_assemblies_only401,4,GF_00607
current_assemblies_only401,4,GF_00608
current_assemblies_only401,4,GF_00609
current_assemblies_only401,4,GF_00611
current_assemblies_only401,4,GF_00612
current_assemblies_only401,4,GF_00613
current_assemblies_only401,4,GF_00614
current_assemblies_only401,4,GF_00615
current_assemblies_only401,4,GF_00616
current_assemblies_only401,4,GF_00617
current_assemblies_only401,4,GF_00618
current_assemblies_only401,4,GF_00619
current_assemblies_only401,4,GF_00620
current_assemblies_only401,4,GF_00621
current_assemblies_only401,4,GF_00622
current_assemblies_only401,4,GF_00623
current_assemblies_only401,4,GF_00624
current_assemblies_only401,4,GF_00632
current_assemblies_only401,4,GF_00633
current_assemblies_only401,4,GF_00634
current_assemblies_only401,4,GF_00635
current_assemblies_only401,4,GF_00636
current_assemblies_only401,4,GF_00637
current_assemblies_only401,4,GF_00638
current_assemblies_only401,4,GF_00640
current_assemblies_only401,4,GF_00641
current_assemblies_only401,4,GF_00642
current_assemblies_only401,4,GF_00643
current_assemblies_only401,4,GF_00655
current_assemblies_only401,4,GF_00658
current_assemblies_only401,4,GF_00659
current_assemblies_only401,4,GF_00661
current_assemblies_only401,4,GF_00669
current_assemblies_only401,4,GF_00676
current_assemblies_only401,4,GF_00680
current_assemblies_only401,4,GF_00681
current_assemblies_only401,4,GF_00682
current_assemblies_only401,4,GF_00683
current_assemblies_only401,4,GF_00684
current_assemblies_only401,4,GF_00687
current_assemblies_only401,4,GF_00688
current_assemblies_only401,4,GF_00695
current_assemblies_only401,4,GF_00699
current_assemblies_only401,4,GF_00702
current_assemblies_only401,4,GF_00709
current_assemblies_only401,4,GF_00722
current_assemblies_only401,4,GF_00723
current_assemblies_only401,4,GF_00724
current_assemblies_only401,4,GF_00725
current_assemblies_only401,4,GF_00726
current_assemblies_only401,4,GF_00727
current_assemblies_only401,4,GF_00728
current_assemblies_only401,4,GF_00729
current_assemblies_only401,4,GF_00732
current_assemblies_only401,4,GF_00736
current_assemblies_only401,4,GF_00740
current_assemblies_only401,4,GF_00741
current_assemblies_only401,4,GF_00744
current_assemblies_only401,4,GF_00751
current_assemblies_only401,4,GF_00755
current_assemblies_only401,4,GF_00756
current_assemblies_only401,4,GF_00761
current_assemblies_only401,4,GF_00771
current_assemblies_only401,4,GF_00773
current_assemblies_only401,4,GF_00776
current_assemblies_only401,4,GF_00777
current_assemblies_only401,4,GF_00785
current_assemblies_only401,4,GF_00796
current_assemblies_only401,4,GF_00810
current_assemblies_only401,4,GF_00811
current_assemblies_only401,4,GF_00813
current_assemblies_only401,4,GF_00814
current_assemblies_only401,4,GF_00816
current_assemblies_only401,4,GF_00819
current_assemblies_only401,4,GF_00828
current_assemblies_only401,4,GF_00843
current_assemblies_only401,4,GF_00845
current_assemblies_only401,4,GF_00856
current_assemblies_only401,4,GF_00857
current_assemblies_only401,4,GF_00860
current_assemblies_only401,4,GF_00864
current_assemblies_only401,4,GF_00866
current_assemblies_only401,4,GF_00867
current_assemblies_only401,4,GF_00868
current_assemblies_only401,4,GF_00869
current_assemblies_only401,4,GF_00870
current_assemblies_only401,4,GF_00872
current_assemblies_only401,4,GF_00873
current_assemblies_only401,4,GF_00874
current_assemblies_only401,4,GF_00888
current_assemblies_only401,4,GF_00895
current_assemblies_only401,4,GF_00916
current_assemblies_only401,4,GF_00927
current_assemblies_only401,4,GF_00931
current_assemblies_only401,4,GF_00932
current_assemblies_only401,4,GF_00933
current_assemblies_only401,4,GF_00946
current_assemblies_only401,4,GF_00947
current_assemblies_only401,4,GF_00949
current_assemblies_only401,4,GF_00957
current_assemblies_only401,4,GF_00958
current_assemblies_only401,4,GF_00959
current_assemblies_only401,4,GF_00960
current_assemblies_only401,4,GF_00966
current_assemblies_only401,4,GF_00968
current_assemblies_only401,4,GF_00969
current_assemblies_only401,4,GF_00970
current_assemblies_only401,4,GF_00971
current_assemblies_only401,4,GF_00972
current_assemblies_only401,4,GF_00982
current_assemblies_only401,4,GF_01004
current_assemblies_only401,4,GF_01005
current_assemblies_only401,4,GF_01012
current_assemblies_only401,4,GF_01026
current_assemblies_only401,4,GF_01027
current_assemblies_only401,4,GF_01028
current_assemblies_only401,4,GF_01054
current_assemblies_only401,4,GF_01147
current_assemblies_only401,4,GF_01230
current_assemblies_only401,4,GF_01231
current_assemblies_only401,4,GF_01232
current_assemblies_only401,4,GF_01233
current_assemblies_only401,4,GF_01234
current_assemblies_only401,4,GF_01235
current_assemblies_only401,4,GF_01236
current_assemblies_only401,4,GF_01237
current_assemblies_only401,4,GF_01238
current_assemblies_only401,4,GF_01239
current_assemblies_only401,4,GF_01240
current_assemblies_only401,4,GF_01241
current_assemblies_only401,4,GF_01242
current_assemblies_only401,4,GF_01244
current_assemblies_only401,4,GF_01245
current_assemblies_only401,4,GF_01246
current_assemblies_only401,4,GF_01247
current_assemblies_only401,4,GF_01248
current_assemblies_only401,4,GF_01253
current_assemblies_only401,4,GF_01266
current_assemblies_only401,4,GF_01279
current_assemblies_only401,4,GF_01282
current_assemblies_only401,4,GF_01287
current_assemblies_only401,4,GF_01290
current_assemblies_only401,4,GF_01291
current_assemblies_only401,4,GF_01292
current_assemblies_only401,4,GF_01293
current_assemblies_only401,4,GF_01297
current_assemblies_only401,4,GF_01306
current_assemblies_only401,4,GF_01314
current_assemblies_only401,4,GF_01315
current_assemblies_only401,4,GF_01327
current_assemblies_only401,4,GF_01328
current_assemblies_only401,4,GF_01329
current_assemblies_only401,4,GF_01330
current_assemblies_only401,4,GF_01331
current_assemblies_only401,4,GF_01332
current_assemblies_only401,4,GF_01333
current_assemblies_only401,4,GF_01334
current_assemblies_only401,4,GF_01336
current_assemblies_only401,4,GF_01337
current_assemblies_only401,4,GF_01338
current_assemblies_only401,4,GF_01357
current_assemblies_only401,4,GF_01359
current_assemblies_only401,4,GF_01365
current_assemblies_only401,4,GF_01372
current_assemblies_only401,4,GF_01373
current_assemblies_only401,4,GF_01374
current_assemblies_only401,4,GF_01375
current_assemblies_only401,4,GF_01376
current_assemblies_only401,4,GF_01377
current_assemblies_only401,4,GF_01378
current_assemblies_only401,4,GF_01379
current_assemblies_only401,4,GF_01380
current_assemblies_only401,4,GF_01381
current_assemblies_only401,4,GF_01382
current_assemblies_only401,4,GF_01383
current_assemblies_only401,4,GF_01384
current_assemblies_only401,4,GF_01385
current_assemblies_only401,4,GF_01386
current_assemblies_only401,4,GF_01387
current_assemblies_only401,4,GF_01390
current_assemblies_only401,4,GF_01391
current_assemblies_only401,4,GF_01393
current_assemblies_only401,4,GF_01394
current_assemblies_only401,4,GF_01395
current_assemblies_only401,4,GF_01396
current_assemblies_only401,4,GF_01397
current_assemblies_only401,4,GF_01399
current_assemblies_only401,4,GF_01400
current_assemblies_only401,4,GF_01401
current_assemblies_only401,4,GF_01404
current_assemblies_only401,4,GF_01409
current_assemblies_only401,4,GF_01425
current_assemblies_only401,4,GF_01426
current_assemblies_only401,4,GF_01428
current_assemblies_only401,4,GF_01439
current_assemblies_only401,4,GF_01445
current_assemblies_only401,4,GF_01446
current_assemblies_only401,4,GF_01447
current_assemblies_only401,4,GF_01448
current_assemblies_only401,4,GF_01449
current_assemblies_only401,4,GF_01456
current_assemblies_only401,4,GF_01458
current_assemblies_only401,4,GF_01460
current_assemblies_only401,4,GF_01461
current_assemblies_only401,4,GF_01462
current_assemblies_only401,4,GF_01464
current_assemblies_only401,4,GF_01466
current_assemblies_only401,4,GF_01476
current_assemblies_only401,4,GF_01477
current_assemblies_only401,4,GF_01479
current_assemblies_only401,4,GF_01480
current_assemblies_only401,4,GF_01481
current_assemblies_only401,4,GF_01487
current_assemblies_only401,4,GF_01502
current_assemblies_only401,4,GF_01504
current_assemblies_only401,4,GF_01512
current_assemblies_only401,4,GF_01514
current_assemblies_only401,4,GF_01527
current_assemblies_only401,4,GF_01534
current_assemblies_only401,4,GF_01535
current_assemblies_only401,4,GF_01536
current_assemblies_only401,4,GF_01537
current_assemblies_only401,4,GF_01538
current_assemblies_only401,4,GF_01539
current_assemblies_only401,4,GF_01540
current_assemblies_only401,4,GF_01541
current_assemblies_only401,4,GF_01542
current_assemblies_only401,4,GF_01543
current_assemblies_only401,4,GF_01544
current_assemblies_only401,4,GF_01547
current_assemblies_only401,4,GF_01549
current_assemblies_only401,4,GF_01550
current_assemblies_only401,4,GF_01552
current_assemblies_only401,4,GF_01553
current_assemblies_only401,4,GF_01579
current_assemblies_only401,4,GF_01580
current_assemblies_only401,4,GF_01583
current_assemblies_only401,4,GF_01584
current_assemblies_only401,4,GF_01591
current_assemblies_only401,4,GF_01592
current_assemblies_only401,4,GF_01616
current_assemblies_only401,4,GF_01617
current_assemblies_only401,4,GF_01618
current_assemblies_only401,4,GF_01619
current_assemblies_only401,4,GF_01620
current_assemblies_only401,4,GF_01621
current_assemblies_only401,4,GF_01623
current_assemblies_only401,4,GF_01626
current_assemblies_only401,4,GF_01627
current_assemblies_only401,4,GF_01628
current_assemblies_only401,4,GF_01629
current_assemblies_only401,4,GF_01634
current_assemblies_only401,4,GF_01635
current_assemblies_only401,4,GF_01636
current_assemblies_only401,4,GF_01637
current_assemblies_only401,4,GF_01638
current_assemblies_only401,4,GF_01639
current_assemblies_only401,4,GF_01641
current_assemblies_only401,4,GF_01643
current_assemblies_only401,4,GF_01648
current_assemblies_only401,4,GF_01659
current_assemblies_only401,4,GF_01661
current_assemblies_only401,4,GF_01672
current_assemblies_only401,4,GF_01673
current_assemblies_only401,4,GF_01674
current_assemblies_only401,4,GF_01675
current_assemblies_only401,4,GF_01676
current_assemblies_only401,4,GF_01677
current_assemblies_only401,4,GF_01678
current_assemblies_only401,4,GF_01679
current_assemblies_only401,4,GF_01680
current_assemblies_only401,4,GF_01681
current_assemblies_only401,4,GF_01683
current_assemblies_only401,4,GF_01684
current_assemblies_only401,4,GF_01685
current_assemblies_only401,4,GF_01688
current_assemblies_only401,4,GF_01689
current_assemblies_only401,4,GF_01690
current_assemblies_only401,4,GF_01691
current_assemblies_only401,4,GF_01692
current_assemblies_only401,4,GF_01693
current_assemblies_only401,4,GF_01732
current_assemblies_only401,4,GF_01733
current_assemblies_only401,4,GF_01734
current_assemblies_only401,4,GF_01735
current_assemblies_only401,4,GF_01736
current_assemblies_only401,4,GF_01740
current_assemblies_only401,4,GF_01741
current_assemblies_only401,4,GF_01742
current_assemblies_only401,4,GF_01763
current_assemblies_only401,4,GF_01783
current_assemblies_only401,4,GF_01797
current_assemblies_only401,4,GF_01798
current_assemblies_only401,4,GF_01799
current_assemblies_only401,4,GF_01801
current_assemblies_only401,4,GF_01802
current_assemblies_only401,4,GF_01803
current_assemblies_only401,4,GF_01805
current_assemblies_only401,4,GF_01806
current_assemblies_only401,4,GF_01807
current_assemblies_only401,4,GF_01808
current_assemblies_only401,4,GF_01809
current_assemblies_only401,4,GF_01810
current_assemblies_only401,4,GF_01811
current_assemblies_only401,4,GF_01812
current_assemblies_only401,4,GF_01813
current_assemblies_only401,4,GF_01814
current_assemblies_only401,4,GF_01815
current_assemblies_only401,4,GF_01816
current_assemblies_only401,4,GF_01817
current_assemblies_only401,4,GF_01818
current_assemblies_only401,4,GF_01819
current_assemblies_only401,4,GF_01822
current_assemblies_only401,4,GF_01823
current_assemblies_only401,4,GF_01834
current_assemblies_only401,4,GF_01836
current_assemblies_only401,4,GF_01837
current_assemblies_only401,4,GF_01840
current_assemblies_only401,4,GF_01841
current_assemblies_only401,4,GF_01842
current_assemblies_only401,4,GF_01844
current_assemblies_only401,4,GF_01856
current_assemblies_only401,4,GF_01860
current_assemblies_only401,4,GF_01866
current_assemblies_only401,4,GF_01870
current_assemblies_only401,4,GF_01872
current_assemblies_only401,4,GF_01885
current_assemblies_only401,4,GF_01897
current_assemblies_only401,4,GF_01898
current_assemblies_only401,4,GF_01899
current_assemblies_only401,4,GF_01900
current_assemblies_only401,4,GF_01901
current_assemblies_only401,4,GF_01902
current_assemblies_only401,4,GF_01904
current_assemblies_only401,4,GF_01919
current_assemblies_only401,4,GF_01921
current_assemblies_only401,4,GF_01923
current_assemblies_only401,4,GF_01925
current_assemblies_only401,4,GF_01926
current_assemblies_only401,4,GF_01927
current_assemblies_only401,4,GF_01928
current_assemblies_only401,4,GF_01929
current_assemblies_only401,4,GF_01930
current_assemblies_only401,4,GF_01945
current_assemblies_only401,4,GF_02041
current_assemblies_only401,4,GF_02059
current_assemblies_only401,4,GF_02060
current_assemblies_only401,4,GF_02069
current_assemblies_only401,4,GF_02070
current_assemblies_only401,4,GF_02071
current_assemblies_only401,4,GF_02072
current_assemblies_only401,4,GF_02073
current_assemblies_only401,4,GF_02074
current_assemblies_only401,4,GF_02075
current_assemblies_only401,4,GF_02076
current_assemblies_only401,4,GF_02081
current_assemblies_only401,4,GF_02084
current_assemblies_only401,4,GF_02085
current_assemblies_only401,4,GF_02088
current_assemblies_only401,4,GF_02089
current_assemblies_only401,4,GF_02091
current_assemblies_only401,4,GF_02092
current_assemblies_only401,4,GF_02093
current_assemblies_only401,4,GF_02094
current_assemblies_only401,4,GF_02101
current_assemblies_only401,4,GF_02109
current_assemblies_only401,4,GF_02110
current_assemblies_only401,4,GF_02122
current_assemblies_only401,4,GF_02130
current_assemblies_only401,4,GF_02131
current_assemblies_only401,4,GF_02132
current_assemblies_only401,4,GF_02136
current_assemblies_only401,4,GF_02137
current_assemblies_only401,4,GF_02138
current_assemblies_only401,4,GF_02139
current_assemblies_only401,4,GF_02140
current_assemblies_only401,4,GF_02142
current_assemblies_only401,4,GF_02143
current_assemblies_only401,4,GF_02145
current_assemblies_only401,4,GF_02152
current_assemblies_only401,4,GF_02157
current_assemblies_only401,4,GF_02158
current_assemblies_only401,4,GF_02159
current_assemblies_only401,4,GF_02168
current_assemblies_only401,4,GF_02172
current_assemblies_only401,4,GF_02178
current_assemblies_only401,4,GF_02180
current_assemblies_only401,4,GF_02184
current_assemblies_only401,4,GF_02194
current_assemblies_only401,4,GF_02215
current_assemblies_only401,4,GF_02216
current_assemblies_only401,4,GF_02217
current_assemblies_only401,4,GF_02218
current_assemblies_only401,4,GF_02219
current_assemblies_only401,4,GF_02220
current_assemblies_only401,4,GF_02222
current_assemblies_only401,4,GF_02223
current_assemblies_only401,4,GF_02224
current_assemblies_only401,4,GF_02225
current_assemblies_only401,4,GF_02226
current_assemblies_only401,4,GF_02227
current_assemblies_only401,4,GF_02228
current_assemblies_only401,4,GF_02229
current_assemblies_only401,4,GF_02230
current_assemblies_only401,4,GF_02239
current_assemblies_only401,4,GF_02260
current_assemblies_only401,4,GF_02262
current_assemblies_only401,4,GF_02263
current_assemblies_only401,4,GF_02264
current_assemblies_only401,4,GF_02266
current_assemblies_only401,5,GF_00008
current_assemblies_only401,5,GF_00011
current_assemblies_only401,5,GF_00012
current_assemblies_only401,5,GF_00013
current_assemblies_only401,5,GF_00014
current_assemblies_only401,5,GF_00015
current_assemblies_only401,5,GF_00016
current_assemblies_only401,5,GF_00017
current_assemblies_only401,5,GF_00018
current_assemblies_only401,5,GF_00036
current_assemblies_only401,5,GF_00043
current_assemblies_only401,5,GF_00044
current_assemblies_only401,5,GF_00046
current_assemblies_only401,5,GF_00047
current_assemblies_only401,5,GF_00048
current_assemblies_only401,5,GF_00051
current_assemblies_only401,5,GF_00052
current_assemblies_only401,5,GF_00071
current_assemblies_only401,5,GF_00072
current_assemblies_only401,5,GF_00073
current_assemblies_only401,5,GF_00074
current_assemblies_only401,5,GF_00075
current_assemblies_only401,5,GF_00076
current_assemblies_only401,5,GF_00077
current_assemblies_only401,5,GF_00078
current_assemblies_only401,5,GF_00079
current_assemblies_only401,5,GF_00080
current_assemblies_only401,5,GF_00081
current_assemblies_only401,5,GF_00082
current_assemblies_only401,5,GF_00083
current_assemblies_only401,5,GF_00084
current_assemblies_only401,5,GF_00085
current_assemblies_only401,5,GF_00087
current_assemblies_only401,5,GF_00088
current_assemblies_only401,5,GF_00093
current_assemblies_only401,5,GF_00094
current_assemblies_only401,5,GF_00104
current_assemblies_only401,5,GF_00105
current_assemblies_only401,5,GF_00106
current_assemblies_only401,5,GF_00107
current_assemblies_only401,5,GF_00108
current_assemblies_only401,5,GF_00109
current_assemblies_only401,5,GF_00110
current_assemblies_only401,5,GF_00111
current_assemblies_only401,5,GF_00112
current_assemblies_only401,5,GF_00113
current_assemblies_only401,5,GF_00114
current_assemblies_only401,5,GF_00115
current_assemblies_only401,5,GF_00116
current_assemblies_only401,5,GF_00117
current_assemblies_only401,5,GF_00119
current_assemblies_only401,5,GF_00120
current_assemblies_only401,5,GF_00121
current_assemblies_only401,5,GF_00122
current_assemblies_only401,5,GF_00123
current_assemblies_only401,5,GF_00124
current_assemblies_only401,5,GF_00125
current_assemblies_only401,5,GF_00136
current_assemblies_only401,5,GF_00137
current_assemblies_only401,5,GF_00138
current_assemblies_only401,5,GF_00139
current_assemblies_only401,5,GF_00141
current_assemblies_only401,5,GF_00142
current_assemblies_only401,5,GF_00143
current_assemblies_only401,5,GF_00155
current_assemblies_only401,5,GF_00164
current_assemblies_only401,5,GF_00170
current_assemblies_only401,5,GF_00175
current_assemblies_only401,5,GF_00178
current_assemblies_only401,5,GF_00179
current_assemblies_only401,5,GF_00180
current_assemblies_only401,5,GF_00181
current_assemblies_only401,5,GF_00208
current_assemblies_only401,5,GF_00220
current_assemblies_only401,5,GF_00228
current_assemblies_only401,5,GF_00229
current_assemblies_only401,5,GF_00235
current_assemblies_only401,5,GF_00244
current_assemblies_only401,5,GF_00251
current_assemblies_only401,5,GF_00262
current_assemblies_only401,5,GF_00281
current_assemblies_only401,5,GF_00290
current_assemblies_only401,5,GF_00296
current_assemblies_only401,5,GF_00300
current_assemblies_only401,5,GF_00302
current_assemblies_only401,5,GF_00303
current_assemblies_only401,5,GF_00309
current_assemblies_only401,5,GF_00310
current_assemblies_only401,5,GF_00311
current_assemblies_only401,5,GF_00312
current_assemblies_only401,5,GF_00313
current_assemblies_only401,5,GF_00314
current_assemblies_only401,5,GF_00315
current_assemblies_only401,5,GF_00316
current_assemblies_only401,5,GF_00317
current_assemblies_only401,5,GF_00318
current_assemblies_only401,5,GF_00319
current_assemblies_only401,5,GF_00320
current_assemblies_only401,5,GF_00321
current_assemblies_only401,5,GF_00322
current_assemblies_only401,5,GF_00323
current_assemblies_only401,5,GF_00324
current_assemblies_only401,5,GF_00325
current_assemblies_only401,5,GF_00326
current_assemblies_only401,5,GF_00327
current_assemblies_only401,5,GF_00329
current_assemblies_only401,5,GF_00330
current_assemblies_only401,5,GF_00331
current_assemblies_only401,5,GF_00332
current_assemblies_only401,5,GF_00333
current_assemblies_only401,5,GF_00335
current_assemblies_only401,5,GF_00336
current_assemblies_only401,5,GF_00337
current_assemblies_only401,5,GF_00338
current_assemblies_only401,5,GF_00339
current_assemblies_only401,5,GF_00340
current_assemblies_only401,5,GF_00341
current_assemblies_only401,5,GF_00342
current_assemblies_only401,5,GF_00343
current_assemblies_only401,5,GF_00344
current_assemblies_only401,5,GF_00346
current_assemblies_only401,5,GF_00347
current_assemblies_only401,5,GF_00348
current_assemblies_only401,5,GF_00349
current_assemblies_only401,5,GF_00350
current_assemblies_only401,5,GF_00351
current_assemblies_only401,5,GF_00352
current_assemblies_only401,5,GF_00353
current_assemblies_only401,5,GF_00355
current_assemblies_only401,5,GF_00358
current_assemblies_only401,5,GF_00360
current_assemblies_only401,5,GF_00362
current_assemblies_only401,5,GF_00363
current_assemblies_only401,5,GF_00364
current_assemblies_only401,5,GF_00365
current_assemblies_only401,5,GF_00369
current_assemblies_only401,5,GF_00381
current_assemblies_only401,5,GF_00384
current_assemblies_only401,5,GF_00385
current_assemblies_only401,5,GF_00386
current_assemblies_only401,5,GF_00387
current_assemblies_only401,5,GF_00388
current_assemblies_only401,5,GF_00389
current_assemblies_only401,5,GF_00391
current_assemblies_only401,5,GF_00393
current_assemblies_only401,5,GF_00394
current_assemblies_only401,5,GF_00395
current_assemblies_only401,5,GF_00396
current_assemblies_only401,5,GF_00400
current_assemblies_only401,5,GF_00401
current_assemblies_only401,5,GF_00402
current_assemblies_only401,5,GF_00403
current_assemblies_only401,5,GF_00404
current_assemblies_only401,5,GF_00405
current_assemblies_only401,5,GF_00406
current_assemblies_only401,5,GF_00407
current_assemblies_only401,5,GF_00408
current_assemblies_only401,5,GF_00409
current_assemblies_only401,5,GF_00410
current_assemblies_only401,5,GF_00413
current_assemblies_only401,5,GF_00414
current_assemblies_only401,5,GF_00415
current_assemblies_only401,5,GF_00417
current_assemblies_only401,5,GF_00418
current_assemblies_only401,5,GF_00421
current_assemblies_only401,5,GF_00422
current_assemblies_only401,5,GF_00424
current_assemblies_only401,5,GF_00426
current_assemblies_only401,5,GF_00427
current_assemblies_only401,5,GF_00428
current_assemblies_only401,5,GF_00429
current_assemblies_only401,5,GF_00430
current_assemblies_only401,5,GF_00431
current_assemblies_only401,5,GF_00432
current_assemblies_only401,5,GF_00433
current_assemblies_only401,5,GF_00434
current_assemblies_only401,5,GF_00435
current_assemblies_only401,5,GF_00436
current_assemblies_only401,5,GF_00437
current_assemblies_only401,5,GF_00438
current_assemblies_only401,5,GF_00440
current_assemblies_only401,5,GF_00441
current_assemblies_only401,5,GF_00455
current_assemblies_only401,5,GF_00456
current_assemblies_only401,5,GF_00457
current_assemblies_only401,5,GF_00458
current_assemblies_only401,5,GF_00459
current_assemblies_only401,5,GF_00471
current_assemblies_only401,5,GF_00480
current_assemblies_only401,5,GF_00482
current_assemblies_only401,5,GF_00488
current_assemblies_only401,5,GF_00503
current_assemblies_only401,5,GF_00522
current_assemblies_only401,5,GF_00523
current_assemblies_only401,5,GF_00524
current_assemblies_only401,5,GF_00525
current_assemblies_only401,5,GF_00527
current_assemblies_only401,5,GF_00528
current_assemblies_only401,5,GF_00529
current_assemblies_only401,5,GF_00530
current_assemblies_only401,5,GF_00531
current_assemblies_only401,5,GF_00536
current_assemblies_only401,5,GF_00538
current_assemblies_only401,5,GF_00546
current_assemblies_only401,5,GF_00547
current_assemblies_only401,5,GF_00548
current_assemblies_only401,5,GF_00549
current_assemblies_only401,5,GF_00564
current_assemblies_only401,5,GF_00565
current_assemblies_only401,5,GF_00566
current_assemblies_only401,5,GF_00569
current_assemblies_only401,5,GF_00570
current_assemblies_only401,5,GF_00572
current_assemblies_only401,5,GF_00574
current_assemblies_only401,5,GF_00578
current_assemblies_only401,5,GF_00580
current_assemblies_only401,5,GF_00594
current_assemblies_only401,5,GF_00595
current_assemblies_only401,5,GF_00596
current_assemblies_only401,5,GF_00599
current_assemblies_only401,5,GF_00600
current_assemblies_only401,5,GF_00601
current_assemblies_only401,5,GF_00603
current_assemblies_only401,5,GF_00604
current_assemblies_only401,5,GF_00605
current_assemblies_only401,5,GF_00606
current_assemblies_only401,5,GF_00607
current_assemblies_only401,5,GF_00608
current_assemblies_only401,5,GF_00609
current_assemblies_only401,5,GF_00610
current_assemblies_only401,5,GF_00611
current_assemblies_only401,5,GF_00612
current_assemblies_only401,5,GF_00613
current_assemblies_only401,5,GF_00614
current_assemblies_only401,5,GF_00615
current_assemblies_only401,5,GF_00617
current_assemblies_only401,5,GF_00618
current_assemblies_only401,5,GF_00619
current_assemblies_only401,5,GF_00620
current_assemblies_only401,5,GF_00621
current_assemblies_only401,5,GF_00622
current_assemblies_only401,5,GF_00623
current_assemblies_only401,5,GF_00624
current_assemblies_only401,5,GF_00632
current_assemblies_only401,5,GF_00633
current_assemblies_only401,5,GF_00634
current_assemblies_only401,5,GF_00635
current_assemblies_only401,5,GF_00636
current_assemblies_only401,5,GF_00637
current_assemblies_only401,5,GF_00638
current_assemblies_only401,5,GF_00640
current_assemblies_only401,5,GF_00641
current_assemblies_only401,5,GF_00642
current_assemblies_only401,5,GF_00643
current_assemblies_only401,5,GF_00655
current_assemblies_only401,5,GF_00658
current_assemblies_only401,5,GF_00659
current_assemblies_only401,5,GF_00661
current_assemblies_only401,5,GF_00669
current_assemblies_only401,5,GF_00676
current_assemblies_only401,5,GF_00680
current_assemblies_only401,5,GF_00681
current_assemblies_only401,5,GF_00682
current_assemblies_only401,5,GF_00683
current_assemblies_only401,5,GF_00684
current_assemblies_only401,5,GF_00686
current_assemblies_only401,5,GF_00688
current_assemblies_only401,5,GF_00695
current_assemblies_only401,5,GF_00699
current_assemblies_only401,5,GF_00702
current_assemblies_only401,5,GF_00709
current_assemblies_only401,5,GF_00722
current_assemblies_only401,5,GF_00723
current_assemblies_only401,5,GF_00724
current_assemblies_only401,5,GF_00725
current_assemblies_only401,5,GF_00726
current_assemblies_only401,5,GF_00727
current_assemblies_only401,5,GF_00728
current_assemblies_only401,5,GF_00729
current_assemblies_only401,5,GF_00732
current_assemblies_only401,5,GF_00736
current_assemblies_only401,5,GF_00740
current_assemblies_only401,5,GF_00741
current_assemblies_only401,5,GF_00744
current_assemblies_only401,5,GF_00751
current_assemblies_only401,5,GF_00755
current_assemblies_only401,5,GF_00756
current_assemblies_only401,5,GF_00761
current_assemblies_only401,5,GF_00771
current_assemblies_only401,5,GF_00773
current_assemblies_only401,5,GF_00776
current_assemblies_only401,5,GF_00777
current_assemblies_only401,5,GF_00785
current_assemblies_only401,5,GF_00796
current_assemblies_only401,5,GF_00810
current_assemblies_only401,5,GF_00811
current_assemblies_only401,5,GF_00813
current_assemblies_only401,5,GF_00814
current_assemblies_only401,5,GF_00815
current_assemblies_only401,5,GF_00816
current_assemblies_only401,5,GF_00819
current_assemblies_only401,5,GF_00828
current_assemblies_only401,5,GF_00845
current_assemblies_only401,5,GF_00857
current_assemblies_only401,5,GF_00864
current_assemblies_only401,5,GF_00865
current_assemblies_only401,5,GF_00866
current_assemblies_only401,5,GF_00868
current_assemblies_only401,5,GF_00869
current_assemblies_only401,5,GF_00870
current_assemblies_only401,5,GF_00871
current_assemblies_only401,5,GF_00873
current_assemblies_only401,5,GF_00874
current_assemblies_only401,5,GF_00888
current_assemblies_only401,5,GF_00895
current_assemblies_only401,5,GF_00916
current_assemblies_only401,5,GF_00931
current_assemblies_only401,5,GF_00932
current_assemblies_only401,5,GF_00933
current_assemblies_only401,5,GF_00946
current_assemblies_only401,5,GF_00949
current_assemblies_only401,5,GF_00957
current_assemblies_only401,5,GF_00958
current_assemblies_only401,5,GF_00959
current_assemblies_only401,5,GF_00960
current_assemblies_only401,5,GF_00963
current_assemblies_only401,5,GF_00966
current_assemblies_only401,5,GF_00967
current_assemblies_only401,5,GF_00968
current_assemblies_only401,5,GF_00969
current_assemblies_only401,5,GF_00970
current_assemblies_only401,5,GF_00971
current_assemblies_only401,5,GF_00972
current_assemblies_only401,5,GF_00982
current_assemblies_only401,5,GF_01005
current_assemblies_only401,5,GF_01012
current_assemblies_only401,5,GF_01026
current_assemblies_only401,5,GF_01027
current_assemblies_only401,5,GF_01028
current_assemblies_only401,5,GF_01054
current_assemblies_only401,5,GF_01230
current_assemblies_only401,5,GF_01231
current_assemblies_only401,5,GF_01232
current_assemblies_only401,5,GF_01233
current_assemblies_only401,5,GF_01234
current_assemblies_only401,5,GF_01235
current_assemblies_only401,5,GF_01236
current_assemblies_only401,5,GF_01237
current_assemblies_only401,5,GF_01239
current_assemblies_only401,5,GF_01240
current_assemblies_only401,5,GF_01241
current_assemblies_only401,5,GF_01242
current_assemblies_only401,5,GF_01244
current_assemblies_only401,5,GF_01245
current_assemblies_only401,5,GF_01246
current_assemblies_only401,5,GF_01247
current_assemblies_only401,5,GF_01248
current_assemblies_only401,5,GF_01266
current_assemblies_only401,5,GF_01287
current_assemblies_only401,5,GF_01290
current_assemblies_only401,5,GF_01291
current_assemblies_only401,5,GF_01292
current_assemblies_only401,5,GF_01293
current_assemblies_only401,5,GF_01297
current_assemblies_only401,5,GF_01306
current_assemblies_only401,5,GF_01314
current_assemblies_only401,5,GF_01315
current_assemblies_only401,5,GF_01327
current_assemblies_only401,5,GF_01328
current_assemblies_only401,5,GF_01329
current_assemblies_only401,5,GF_01330
current_assemblies_only401,5,GF_01331
current_assemblies_only401,5,GF_01332
current_assemblies_only401,5,GF_01333
current_assemblies_only401,5,GF_01335
current_assemblies_only401,5,GF_01336
current_assemblies_only401,5,GF_01337
current_assemblies_only401,5,GF_01338
current_assemblies_only401,5,GF_01372
current_assemblies_only401,5,GF_01373
current_assemblies_only401,5,GF_01374
current_assemblies_only401,5,GF_01375
current_assemblies_only401,5,GF_01376
current_assemblies_only401,5,GF_01377
current_assemblies_only401,5,GF_01379
current_assemblies_only401,5,GF_01381
current_assemblies_only401,5,GF_01382
current_assemblies_only401,5,GF_01383
current_assemblies_only401,5,GF_01385
current_assemblies_only401,5,GF_01387
current_assemblies_only401,5,GF_01390
current_assemblies_only401,5,GF_01391
current_assemblies_only401,5,GF_01392
current_assemblies_only401,5,GF_01393
current_assemblies_only401,5,GF_01394
current_assemblies_only401,5,GF_01395
current_assemblies_only401,5,GF_01396
current_assemblies_only401,5,GF_01397
current_assemblies_only401,5,GF_01398
current_assemblies_only401,5,GF_01399
current_assemblies_only401,5,GF_01400
current_assemblies_only401,5,GF_01401
current_assemblies_only401,5,GF_01404
current_assemblies_only401,5,GF_01409
current_assemblies_only401,5,GF_01425
current_assemblies_only401,5,GF_01426
current_assemblies_only401,5,GF_01428
current_assemblies_only401,5,GF_01439
current_assemblies_only401,5,GF_01445
current_assemblies_only401,5,GF_01446
current_assemblies_only401,5,GF_01447
current_assemblies_only401,5,GF_01448
current_assemblies_only401,5,GF_01449
current_assemblies_only401,5,GF_01456
current_assemblies_only401,5,GF_01458
current_assemblies_only401,5,GF_01460
current_assemblies_only401,5,GF_01461
current_assemblies_only401,5,GF_01462
current_assemblies_only401,5,GF_01466
current_assemblies_only401,5,GF_01476
current_assemblies_only401,5,GF_01477
current_assemblies_only401,5,GF_01479
current_assemblies_only401,5,GF_01480
current_assemblies_only401,5,GF_01481
current_assemblies_only401,5,GF_01487
current_assemblies_only401,5,GF_01502
current_assemblies_only401,5,GF_01512
current_assemblies_only401,5,GF_01514
current_assemblies_only401,5,GF_01527
current_assemblies_only401,5,GF_01533
current_assemblies_only401,5,GF_01534
current_assemblies_only401,5,GF_01536
current_assemblies_only401,5,GF_01538
current_assemblies_only401,5,GF_01539
current_assemblies_only401,5,GF_01540
current_assemblies_only401,5,GF_01541
current_assemblies_only401,5,GF_01542
current_assemblies_only401,5,GF_01544
current_assemblies_only401,5,GF_01547
current_assemblies_only401,5,GF_01549
current_assemblies_only401,5,GF_01550
current_assemblies_only401,5,GF_01552
current_assemblies_only401,5,GF_01553
current_assemblies_only401,5,GF_01579
current_assemblies_only401,5,GF_01580
current_assemblies_only401,5,GF_01583
current_assemblies_only401,5,GF_01584
current_assemblies_only401,5,GF_01591
current_assemblies_only401,5,GF_01592
current_assemblies_only401,5,GF_01617
current_assemblies_only401,5,GF_01618
current_assemblies_only401,5,GF_01619
current_assemblies_only401,5,GF_01620
current_assemblies_only401,5,GF_01621
current_assemblies_only401,5,GF_01622
current_assemblies_only401,5,GF_01623
current_assemblies_only401,5,GF_01625
current_assemblies_only401,5,GF_01626
current_assemblies_only401,5,GF_01627
current_assemblies_only401,5,GF_01628
current_assemblies_only401,5,GF_01629
current_assemblies_only401,5,GF_01630
current_assemblies_only401,5,GF_01634
current_assemblies_only401,5,GF_01636
current_assemblies_only401,5,GF_01637
current_assemblies_only401,5,GF_01638
current_assemblies_only401,5,GF_01639
current_assemblies_only401,5,GF_01641
current_assemblies_only401,5,GF_01648
current_assemblies_only401,5,GF_01661
current_assemblies_only401,5,GF_01673
current_assemblies_only401,5,GF_01674
current_assemblies_only401,5,GF_01675
current_assemblies_only401,5,GF_01676
current_assemblies_only401,5,GF_01677
current_assemblies_only401,5,GF_01678
current_assemblies_only401,5,GF_01679
current_assemblies_only401,5,GF_01680
current_assemblies_only401,5,GF_01681
current_assemblies_only401,5,GF_01684
current_assemblies_only401,5,GF_01685
current_assemblies_only401,5,GF_01688
current_assemblies_only401,5,GF_01689
current_assemblies_only401,5,GF_01690
current_assemblies_only401,5,GF_01691
current_assemblies_only401,5,GF_01692
current_assemblies_only401,5,GF_01693
current_assemblies_only401,5,GF_01732
current_assemblies_only401,5,GF_01733
current_assemblies_only401,5,GF_01734
current_assemblies_only401,5,GF_01735
current_assemblies_only401,5,GF_01736
current_assemblies_only401,5,GF_01737
current_assemblies_only401,5,GF_01741
current_assemblies_only401,5,GF_01742
current_assemblies_only401,5,GF_01745
current_assemblies_only401,5,GF_01763
current_assemblies_only401,5,GF_01783
current_assemblies_only401,5,GF_01798
current_assemblies_only401,5,GF_01799
current_assemblies_only401,5,GF_01801
current_assemblies_only401,5,GF_01802
current_assemblies_only401,5,GF_01803
current_assemblies_only401,5,GF_01805
current_assemblies_only401,5,GF_01806
current_assemblies_only401,5,GF_01807
current_assemblies_only401,5,GF_01808
current_assemblies_only401,5,GF_01809
current_assemblies_only401,5,GF_01810
current_assemblies_only401,5,GF_01811
current_assemblies_only401,5,GF_01812
current_assemblies_only401,5,GF_01813
current_assemblies_only401,5,GF_01814
current_assemblies_only401,5,GF_01815
current_assemblies_only401,5,GF_01816
current_assemblies_only401,5,GF_01818
current_assemblies_only401,5,GF_01819
current_assemblies_only401,5,GF_01822
current_assemblies_only401,5,GF_01823
current_assemblies_only401,5,GF_01834
current_assemblies_only401,5,GF_01836
current_assemblies_only401,5,GF_01837
current_assemblies_only401,5,GF_01840
current_assemblies_only401,5,GF_01841
current_assemblies_only401,5,GF_01842
current_assemblies_only401,5,GF_01844
current_assemblies_only401,5,GF_01856
current_assemblies_only401,5,GF_01860
current_assemblies_only401,5,GF_01866
current_assemblies_only401,5,GF_01870
current_assemblies_only401,5,GF_01885
current_assemblies_only401,5,GF_01896
current_assemblies_only401,5,GF_01898
current_assemblies_only401,5,GF_01899
current_assemblies_only401,5,GF_01900
current_assemblies_only401,5,GF_01901
current_assemblies_only401,5,GF_01902
current_assemblies_only401,5,GF_01904
current_assemblies_only401,5,GF_01919
current_assemblies_only401,5,GF_01921
current_assemblies_only401,5,GF_01923
current_assemblies_only401,5,GF_01925
current_assemblies_only401,5,GF_01926
current_assemblies_only401,5,GF_01927
current_assemblies_only401,5,GF_01928
current_assemblies_only401,5,GF_01929
current_assemblies_only401,5,GF_01930
current_assemblies_only401,5,GF_01945
current_assemblies_only401,5,GF_02041
current_assemblies_only401,5,GF_02060
current_assemblies_only401,5,GF_02069
current_assemblies_only401,5,GF_02070
current_assemblies_only401,5,GF_02071
current_assemblies_only401,5,GF_02072
current_assemblies_only401,5,GF_02074
current_assemblies_only401,5,GF_02075
current_assemblies_only401,5,GF_02076
current_assemblies_only401,5,GF_02084
current_assemblies_only401,5,GF_02085
current_assemblies_only401,5,GF_02086
current_assemblies_only401,5,GF_02088
current_assemblies_only401,5,GF_02089
current_assemblies_only401,5,GF_02091
current_assemblies_only401,5,GF_02092
current_assemblies_only401,5,GF_02093
current_assemblies_only401,5,GF_02094
current_assemblies_only401,5,GF_02101
current_assemblies_only401,5,GF_02110
current_assemblies_only401,5,GF_02113
current_assemblies_only401,5,GF_02122
current_assemblies_only401,5,GF_02130
current_assemblies_only401,5,GF_02131
current_assemblies_only401,5,GF_02132
current_assemblies_only401,5,GF_02136
current_assemblies_only401,5,GF_02137
current_assemblies_only401,5,GF_02138
current_assemblies_only401,5,GF_02139
current_assemblies_only401,5,GF_02140
current_assemblies_only401,5,GF_02141
current_assemblies_only401,5,GF_02142
current_assemblies_only401,5,GF_02145
current_assemblies_only401,5,GF_02152
current_assemblies_only401,5,GF_02157
current_assemblies_only401,5,GF_02158
current_assemblies_only401,5,GF_02159
current_assemblies_only401,5,GF_02168
current_assemblies_only401,5,GF_02172
current_assemblies_only401,5,GF_02178
current_assemblies_only401,5,GF_02180
current_assemblies_only401,5,GF_02184
current_assemblies_only401,5,GF_02215
current_assemblies_only401,5,GF_02216
current_assemblies_only401,5,GF_02217
current_assemblies_only401,5,GF_02218
current_assemblies_only401,5,GF_02219
current_assemblies_only401,5,GF_02220
current_assemblies_only401,5,GF_02222
current_assemblies_only401,5,GF_02223
current_assemblies_only401,5,GF_02224
current_assemblies_only401,5,GF_02225
current_assemblies_only401,5,GF_02226
current_assemblies_only401,5,GF_02227
current_assemblies_only401,5,GF_02228
current_assemblies_only401,5,GF_02229
current_assemblies_only401,5,GF_02230
current_assemblies_only401,5,GF_02260
current_assemblies_only401,5,GF_02261
current_assemblies_only401,5,GF_02262
current_assemblies_only401,5,GF_02263
current_assemblies_only401,5,GF_02264
current_assemblies_only401,5,GF_02265
current_assemblies_only401,5,GF_02266
