assembly_accession,nifK_best_ref,nifD_present,nifH_best_ref,nifHDK_core_call,nifH_best_evalue,scaffold_n50,checkm_completeness,coverage,checkm_contamination,nifD_best_ref,nifH_present,download_ok,number_of_scaffolds,derived_from_metagenome,nifK_best_evalue,assembly_level,genome_notes,gc_percent,total_ungapped_length,organism_name,nifK_present,annotation_date,number_of_contigs,contig_n50,annotation_fails_MAG_check,nifD_best_evalue,annotation_name,best_hit_ids,organism_full,genus,is_diazotroph,fold,assembly_base,assembly_version,organism_parsed,tax_id_parsed,strain_parsed,isolate_parsed,organism_full_normalized,organism_parsed_normalized,strain_normalized,isolate_normalized,genus_cosmetic_normalized,organism_without_genus,culture_collection_ids,family_count,profile_sha256,current_accession,public_status,public_organism,public_tax_id,public_assembly_level,public_genome_notes,public_suppression_reason,public_atypical_warnings,public_length,public_gc_count,public_annotation_date,public_protein_coding_count,public_biosample,same_genome_length,same_organism_name,same_tax_id
GCF_000007925.1,nifK-local_aln_i2.1_12182023,1.0,nifH-local_aln_i2.1_12182023,1,3.5999999999999986e-55,1751080,,,,nifD-local_aln_i2.1_12182023,1.0,1,1,0,2.4e-10,Complete Genome,,36.5,1751080,"{'infraspecific_names': {'strain': 'CCMP1375; SS120'}, 'organism_name': 'Prochlorococcus marinus subsp. marinus str. CCMP1375', 'tax_id': 167539}",1.0,,1,1751080,0,2.7e-07,GCF_000007925.1-RS_2025_04_10,H=WP_011124698.1;D=WP_011124699.1;K=WP_011124699.1,Prochlorococcus marinus subsp. marinus str. CCMP1375,Prochlorococcus,False,2,GCF_000007925,1,Prochlorococcus marinus subsp. marinus str. CCMP1375,167539,CCMP1375; SS120,,prochlorococcus marinus subsp. marinus str. ccmp1375,prochlorococcus marinus subsp. marinus str. ccmp1375,ccmp1375; ss120,,prochlorococcus,marinus subsp. marinus str. ccmp1375,CCMP 1375,223,d3dd46c081b6d6ac28bfbfc934336d73f16fd790bf99ac520711dfa4df225f25,GCF_000007925.1,current,Prochlorococcus marinus subsp. marinus str. CCMP1375,167539,Complete Genome,,,,1751080,638131,2025-04-10,1859.0,SAMN02603142,True,True,True
GCF_000009705.1,nifK-local_aln_i2.1_12182023,1.0,nifH-local_aln_i2.1_12182023,1,1.1e-162,6413771,,,,nifD-local_aln_i2.1_12182023,1.0,1,7,0,1.2999999999999999e-256,Complete Genome,,41.5,7211789,"{'infraspecific_names': {'strain': 'PCC 7120'}, 'organism_name': 'Nostoc sp. PCC 7120 = FACHB-418', 'tax_id': 103690}",1.0,,7,6413771,0,1.2e-239,GCF_000009705.1-RS_2025_02_24,H=WP_010995626.1;D=WP_044520961.1;K=WP_010995612.1,Nostoc sp. PCC 7120 = FACHB-418,Nostoc,True,1,GCF_000009705,1,Nostoc sp. PCC 7120 = FACHB-418,103690,PCC 7120,,nostoc sp. pcc 7120 = fachb-418,nostoc sp. pcc 7120 = fachb-418,pcc 7120,,nostoc,sp. pcc 7120 = fachb-418,FACHB 418;PCC 7120,1305,bbcadadce55604a6d731dd9fd614010abe629b2c0bad67ba5784c3eb08811a26,GCF_000009705.1,current,Nostoc sp. PCC 7120 = FACHB-418,103690,Complete Genome,,,,7211789,2976185,2025-02-24,5964.0,SAMD00061094,True,True,True
GCF_000009725.1,nifK-local_aln_i2.1_12182023,1.0,nifH-local_aln_i2.1_12182023,0,1.2e-52,3573470,,,,nifD-local_aln_i2.1_12182023,1.0,1,5,0,7.2e-05,Complete Genome,,47.5,3947019,"{'infraspecific_names': {'strain': 'PCC 6803'}, 'organism_name': 'Synechocystis sp. PCC 6803', 'tax_id': 1148}",0.0,,5,3573470,0,1e-11,GCF_000009725.1-RS_2025_06_29,H=WP_041426077.1;D=WP_010873342.1;K=WP_010873342.1,Synechocystis sp. PCC 6803,Synechocystis,False,4,GCF_000009725,1,Synechocystis sp. PCC 6803,1148,PCC 6803,,synechocystis sp. pcc 6803,synechocystis sp. pcc 6803,pcc 6803,,synechocystis,sp. pcc 6803,PCC 6803,287,a610b7d0490c1a18db51c5aaa8767f8385b23b0b183576b8c58cada2bb404a37,GCF_000009725.1,current,Synechocystis sp. PCC 6803,1148,Complete Genome,,,,3947019,1869553,2025-06-29,3630.0,SAMD00061113,True,True,True
GCF_000010065.1,nifK-local_aln_i2.1_12182023,1.0,nifH-local_aln_i2.1_12182023,1,5.3e-51,2696255,,,,nifD-local_aln_i2.1_12182023,1.0,1,1,0,7.9e-07,Complete Genome,,55.5,2696255,"{'infraspecific_names': {'strain': 'PCC 6301'}, 'organism_name': 'Synechococcus elongatus PCC 6301', 'tax_id': 269084}",1.0,,1,2696255,0,1.1e-11,GCF_000010065.1-RS_2025_03_15,H=WP_011242451.1;D=WP_011244566.1;K=WP_011244566.1,Synechococcus elongatus PCC 6301,Synechococcus,False,4,GCF_000010065,1,Synechococcus elongatus PCC 6301,269084,PCC 6301,,synechococcus elongatus pcc 6301,synechococcus elongatus pcc 6301,pcc 6301,,synechococcus,elongatus pcc 6301,PCC 6301,164,077a7b7cee51d0e20280fdb6cf76e500ac8af99dca6c51ca2d86aeca69686458,GCF_000010065.1,current,Synechococcus elongatus PCC 6301,269084,Complete Genome,,,,2696255,1495999,2025-03-15,2657.0,SAMD00061073,True,True,True
GCF_000010625.1,nifK-local_aln_i2.1_12182023,1.0,nifH-local_aln_i2.1_12182023,0,8.5e-54,5842795,,,,nifD-local_aln_i2.1_12182023,1.0,1,1,0,0.00084,Complete Genome,,42.5,5842795,"{'infraspecific_names': {'strain': 'NIES-843'}, 'organism_name': 'Microcystis aeruginosa NIES-843', 'tax_id': 449447}",0.0,,1,5842795,0,9.9e-10,GCF_000010625.1-RS_2025_04_07,H=WP_002759152.1;D=WP_002796162.1;K=WP_002796162.1,Microcystis aeruginosa NIES-843,Microcystis,False,5,GCF_000010625,1,Microcystis aeruginosa NIES-843,449447,NIES-843,,microcystis aeruginosa nies-843,microcystis aeruginosa nies-843,nies-843,,microcystis,aeruginosa nies-843,NIES 843,337,6698cdcadc179dd2436ca09ea8221a8692cb488fce172fdc4a4bffb766aecded,GCF_000010625.1,current,Microcystis aeruginosa NIES-843,449447,Complete Genome,,,,5842795,2473292,2025-04-07,5230.0,SAMD00060936,True,True,True
GCF_000011345.1,nifK-local_aln_i2.1_12182023,1.0,nifH-local_aln_i2.1_12182023,0,4.799999999999999e-53,2593857,,,,nifD-local_aln_i2.1_12182023,1.0,1,1,0,0.00039,Complete Genome,,54.0,2593857,"{'infraspecific_names': {'strain': 'BP-1'}, 'organism_name': 'Thermosynechococcus vestitus BP-1', 'tax_id': 197221}",0.0,,1,2593857,0,3.7e-10,GCF_000011345.1-RS_2025_04_07,H=WP_164921031.1;D=WP_011058224.1;K=WP_011058224.1,Thermosynechococcus vestitus BP-1,Thermosynechococcus,False,5,GCF_000011345,1,Thermosynechococcus vestitus BP-1,197221,BP-1,,thermosynechococcus vestitus bp-1,thermosynechococcus vestitus bp-1,bp-1,,thermosynechococcus,vestitus bp-1,,187,b89448d9c4c3a36cc966b42b8f5a2ca20dcddee2dd99b4d1077107218e4c4e93,GCF_000011345.1,current,Thermosynechococcus vestitus BP-1,197221,Complete Genome,,,,2593857,1398554,2025-04-07,2449.0,SAMD00061106,True,True,True
GCF_000011385.1,nifK-local_aln_i2.1_12182023,1.0,nifH-local_aln_i2.1_12182023,1,1.5999999999999998e-49,4659019,,,,nifD-local_aln_i2.1_12182023,1.0,1,1,0,7.3e-09,Complete Genome,,62.0,4659019,"{'infraspecific_names': {'strain': 'PCC 7421'}, 'organism_name': 'Gloeobacter violaceus PCC 7421', 'tax_id': 251221}",1.0,,1,4659019,0,3.3e-06,GCF_000011385.1-RS_2024_12_11,H=WP_011142366.1;D=WP_011140219.1;K=WP_011140219.1,Gloeobacter violaceus PCC 7421,Gloeobacter,False,1,GCF_000011385,1,Gloeobacter violaceus PCC 7421,251221,PCC 7421,,gloeobacter violaceus pcc 7421,gloeobacter violaceus pcc 7421,pcc 7421,,gloeobacter,violaceus pcc 7421,PCC 7421,39,5af718c9e91b405383fb81e566c39b43239387f7641759075b59908007a2552f,GCF_000011385.1,current,Gloeobacter violaceus PCC 7421,251221,Complete Genome,,,,4659019,2888492,2024-12-11,4488.0,SAMD00061120,True,True,True
GCF_000011465.1,nifK-local_aln_i2.1_12182023,1.0,nifH-local_aln_i2.1_12182023,1,3.7999999999999997e-54,1657990,,,,nifD-local_aln_i2.1_12182023,1.0,1,1,0,2.6e-08,Complete Genome,,31.0,1657990,"{'infraspecific_names': {'strain': 'MED4'}, 'organism_name': 'Prochlorococcus marinus subsp. pastoris str. CCMP1986', 'tax_id': 59919}",1.0,,1,1657990,0,9.1e-10,GCF_000011465.1-RS_2025_01_23,H=WP_011132178.1;D=WP_011132179.1;K=WP_011132179.1,Prochlorococcus marinus subsp. pastoris str. CCMP1986,Prochlorococcus,False,2,GCF_000011465,1,Prochlorococcus marinus subsp. pastoris str. CCMP1986,59919,MED4,,prochlorococcus marinus subsp. pastoris str. ccmp1986,prochlorococcus marinus subsp. pastoris str. ccmp1986,med4,,prochlorococcus,marinus subsp. pastoris str. ccmp1986,CCMP 1986,175,ca34b7cd86e3438e5ef5a08bcfe4cbfab89f38add84e609afa845327e4be48f1,GCF_000011465.1,current,Prochlorococcus marinus subsp. pastoris str. CCMP1986,59919,Complete Genome,,,,1657990,510647,2025-01-23,1877.0,SAMEA3138209,True,True,True
GCF_000011485.1,nifK-local_aln_i2.1_12182023,0.0,nifH-local_aln_i2.1_12182023,0,4.9999999999999996e-54,2410873,,,,nifD-local_aln_i2.1_12182023,1.0,1,1,0,1.8e-05,Complete Genome,,50.5,2410873,"{'infraspecific_names': {'strain': 'MIT9313'}, 'organism_name': 'Prochlorococcus marinus str. MIT 9313', 'tax_id': 74547}",0.0,,1,2410873,0,2.4e-05,GCF_000011485.1-RS_2025_03_11,H=WP_011130587.1;D=WP_011130586.1;K=WP_011130586.1,Prochlorococcus marinus str. MIT 9313,Prochlorococcus,False,2,GCF_000011485,1,Prochlorococcus marinus str. MIT 9313,74547,MIT9313,,prochlorococcus marinus str. mit 9313,prochlorococcus marinus str. mit 9313,mit9313,,prochlorococcus,marinus str. mit 9313,,428,51feb482505f7414b75394d63bf2eaa4a47648d672f46032ee832ac72a0d8476,GCF_000011485.1,current,Prochlorococcus marinus str. MIT 9313,74547,Complete Genome,,,,2410873,1223271,2025-03-11,2389.0,SAMEA3138210,True,True,True
GCF_000012465.1,nifK-local_aln_i2.1_12182023,1.0,nifH-local_aln_i2.1_12182023,1,7e-55,1842899,,,,nifD-local_aln_i2.1_12182023,1.0,1,1,0,8.3e-11,Complete Genome,,35.0,1842899,"{'infraspecific_names': {'strain': 'NATL2A'}, 'organism_name': 'Prochlorococcus marinus str. NATL2A', 'tax_id': 59920}",1.0,,1,1842899,0,5.3e-10,GCF_000012465.1-RS_2025_05_23,H=WP_011294504.1;D=WP_011294506.1;K=WP_011294506.1,Prochlorococcus marinus str. NATL2A,Prochlorococcus,False,2,GCF_000012465,1,Prochlorococcus marinus str. NATL2A,59920,NATL2A,,prochlorococcus marinus str. natl2a,prochlorococcus marinus str. natl2a,natl2a,,prochlorococcus,marinus str. natl2a,,221,62dd273fc9435b1ef32f2fbe76c0e4a1fa25333f8cb825c3cc0187c2e5a2c481,GCF_000012465.1,current,Prochlorococcus marinus str. NATL2A,59920,Complete Genome,,,,1842899,647282,2025-05-23,2058.0,SAMN00623057,True,True,True
GCF_000012505.1,nifK-local_aln_i2.1_12182023,1.0,nifH-local_aln_i2.1_12182023,1,2.5e-53,2234828,,,,nifD-local_aln_i2.1_12182023,1.0,1,1,0,3.1e-06,Complete Genome,,54.0,2234828,"{'infraspecific_names': {'strain': 'CC9902'}, 'organism_name': 'Synechococcus sp. CC9902', 'tax_id': 316279}",1.0,,1,2234828,0,6.4e-07,GCF_000012505.1-RS_2024_08_13,H=WP_041425143.1;D=WP_011360389.1;K=WP_011360389.1,Synechococcus sp. CC9902,Synechococcus,False,4,GCF_000012505,1,Synechococcus sp. CC9902,316279,CC9902,,synechococcus sp. cc9902,synechococcus sp. cc9902,cc9902,,synechococcus,sp. cc9902,,474,d9db16cc3b9dc767a8d0718316fd637a1004fa253a4d16d28201384a8a52730f,GCF_000012505.1,current,Synechococcus sp. CC9902,316279,Complete Genome,,,,2234828,1210483,2024-08-13,2383.0,SAMN02598312,True,True,True
GCF_000012525.1,nifK-local_aln_i2.1_12182023,1.0,nifH-local_aln_i2.1_12182023,1,5.3e-51,2695903,,,,nifD-local_aln_i2.1_12182023,1.0,1,2,0,7.9e-07,Complete Genome,,55.5,2742269,"{'infraspecific_names': {'strain': 'PCC 7942'}, 'organism_name': 'Synechococcus elongatus PCC 7942 = FACHB-805', 'tax_id': 1140}",1.0,,2,2695903,0,1.1e-11,GCF_000012525.1-RS_2025_04_10,H=WP_011242451.1;D=WP_011244566.1;K=WP_011244566.1,Synechococcus elongatus PCC 7942 = FACHB-805,Synechococcus,False,4,GCF_000012525,1,Synechococcus elongatus PCC 7942 = FACHB-805,1140,PCC 7942,,synechococcus elongatus pcc 7942 = fachb-805,synechococcus elongatus pcc 7942 = fachb-805,pcc 7942,,synechococcus,elongatus pcc 7942 = fachb-805,FACHB 805;PCC 7942,169,4a1d6359e4f2a05a937b492e4658ef254cbf4a962c43cdece9c1ffb3f4ee826f,GCF_000012525.1,current,Synechococcus elongatus PCC 7942 = FACHB-805,1140,Complete Genome,,,,2742269,1519940,2025-04-10,2711.0,SAMN02598254,True,True,True
GCF_000012625.1,nifK-local_aln_i2.1_12182023,0.0,nifH-local_aln_i2.1_12182023,0,1.1e-52,2510659,,,,nifD-local_aln_i2.1_12182023,1.0,1,1,0,1.1e-06,Complete Genome,,59.0,2510659,"{'infraspecific_names': {'strain': 'CC9605'}, 'organism_name': 'Synechococcus sp. CC9605', 'tax_id': 110662}",1.0,,1,2510659,0,0.00039,GCF_000012625.1-RS_2024_09_15,H=WP_011363740.1;D=WP_011363742.1;K=WP_011363742.1,Synechococcus sp. CC9605,Synechococcus,False,4,GCF_000012625,1,Synechococcus sp. CC9605,110662,CC9605,,synechococcus sp. cc9605,synechococcus sp. cc9605,cc9605,,synechococcus,sp. cc9605,,519,402dc3e45cf8234cf7e998e1001df527ced258e69c3c0a65f505529250495d65,GCF_000012625.1,current,Synechococcus sp. CC9605,110662,Complete Genome,,,,2510659,1486753,2024-09-15,2773.0,SAMN02598311,True,True,True
GCF_000012645.1,nifK-local_aln_i2.1_12182023,1.0,nifH-local_aln_i2.1_12182023,1,5.599999999999998e-54,1709204,,,,nifD-local_aln_i2.1_12182023,1.0,1,1,0,8.6e-08,Complete Genome,,31.0,1709204,"{'infraspecific_names': {'strain': 'MIT 9312'}, 'organism_name': 'Prochlorococcus marinus str. MIT 9312', 'tax_id': 74546}",1.0,,1,1709204,0,1.1e-10,GCF_000012645.1-RS_2025_01_27,H=WP_011376102.1;D=WP_011376103.1;K=WP_011376103.1,Prochlorococcus marinus str. MIT 9312,Prochlorococcus,False,2,GCF_000012645,1,Prochlorococcus marinus str. MIT 9312,74546,MIT 9312,,prochlorococcus marinus str. mit 9312,prochlorococcus marinus str. mit 9312,mit 9312,,prochlorococcus,marinus str. mit 9312,,177,1bddedb018bc86c8c2f6793c298aeaea6bf4c32965096f51c43161950457dee8,GCF_000012645.1,current,Prochlorococcus marinus str. MIT 9312,74546,Complete Genome,,,,1709204,533451,2025-01-27,1876.0,SAMN02598321,True,True,True
GCF_000013205.1,nifK-local_aln_i2.1_12182023,1.0,nifH-local_aln_i2.1_12182023,1,7.9e-161,2932766,,,,nifD-local_aln_i2.1_12182023,1.0,1,1,0,4.4e-235,Complete Genome,,60.0,2932766,"{'infraspecific_names': {'strain': 'JA-3-3Ab'}, 'organism_name': 'Synechococcus sp. JA-3-3Ab', 'tax_id': 321327}",1.0,,1,2932766,0,3.2000000000000003e-253,GCF_000013205.1-RS_2024_08_13,H=WP_011430651.1;D=WP_011430650.1;K=WP_011430649.1,Synechococcus sp. JA-3-3Ab,Synechococcus,True,4,GCF_000013205,1,Synechococcus sp. JA-3-3Ab,321327,JA-3-3Ab,,synechococcus sp. ja-3-3ab,synechococcus sp. ja-3-3ab,ja-3-3ab,,synechococcus,sp. ja-3-3ab,,64,f43c5e0840169856a441c37990c1b2acdb0c931d8b0e07ccb0e35a301e95fd06,GCF_000013205.1,current,Synechococcus sp. JA-3-3Ab,321327,Complete Genome,,,,2932766,1766620,2024-08-13,2714.0,SAMN02604048,True,True,True
GCF_000013225.1,nifK-local_aln_i2.1_12182023,1.0,nifH-local_aln_i2.1_12182023,1,7.9e-161,3046682,,,,nifD-local_aln_i2.1_12182023,1.0,1,1,0,6e-235,Complete Genome,,58.5,3046682,"{'infraspecific_names': {'strain': ""JA-2-3B'a(2-13)""}, 'organism_name': ""Synechococcus sp. JA-2-3B'a(2-13)"", 'tax_id': 321332}",1.0,,1,3046682,0,2.4e-252,GCF_000013225.1-RS_2024_08_13,H=WP_011430651.1;D=WP_011432082.1;K=WP_011432083.1,Synechococcus sp. JA-2-3B'a(2-13),Synechococcus,True,4,GCF_000013225,1,Synechococcus sp. JA-2-3B'a(2-13),321332,JA-2-3B'a(2-13),,synechococcus sp. ja-2-3b'a(2-13),synechococcus sp. ja-2-3b'a(2-13),ja-2-3b'a(2-13),,synechococcus,sp. ja-2-3b'a(2-13),,63,518494e76538d050a6367738a0227713f4cbbaec7f9058032e7aa2f1f9bed480,GCF_000013225.1,current,Synechococcus sp. JA-2-3B'a(2-13),321332,Complete Genome,,,,3046682,1780796,2024-08-13,2729.0,SAMN02604049,True,True,True
GCF_000014265.1,nifK-local_aln_i2.1_12182023,1.0,nifH-local_aln_i2.1_12182023,1,1.8e-159,7750108,,,,nifD-local_aln_i2.1_12182023,1.0,1,1,0,9.6e-240,Complete Genome,,34.0,7750108,"{'infraspecific_names': {'strain': 'IMS101'}, 'organism_name': 'Trichodesmium erythraeum IMS101', 'tax_id': 203124}",1.0,,1,7750108,0,7e-252,GCF_000014265.1-RS_2024_08_16,H=WP_011613474.1;D=WP_011613475.1;K=WP_011613476.1,Trichodesmium erythraeum IMS101,Trichodesmium,True,4,GCF_000014265,1,Trichodesmium erythraeum IMS101,203124,IMS101,,trichodesmium erythraeum ims101,trichodesmium erythraeum ims101,ims101,,trichodesmium,erythraeum ims101,,217,ec03de942ce97196df4f1528563b099555dd3f1fff96cf370b17e09b4d35a297,GCF_000014265.1,current,Trichodesmium erythraeum IMS101,203124,Complete Genome,,,,7750108,2646147,2024-08-16,4989.0,SAMN02598485,True,True,True
GCF_000014585.1,nifK-local_aln_i2.1_12182023,0.0,nifH-local_aln_i2.1_12182023,0,1.4999999999999999e-53,2606748,,,,nifD-local_aln_i2.1_12182023,1.0,1,1,0,3.4e-06,Complete Genome,,52.5,2606748,"{'infraspecific_names': {'strain': 'CC9311'}, 'organism_name': 'Synechococcus sp. CC9311', 'tax_id': 64471}",1.0,,1,2606748,0,1.6e-05,GCF_000014585.1-RS_2024_08_13,H=WP_011619890.1;D=WP_011619889.1;K=WP_011619889.1,Synechococcus sp. CC9311,Synechococcus,False,4,GCF_000014585,1,Synechococcus sp. CC9311,64471,CC9311,,synechococcus sp. cc9311,synechococcus sp. cc9311,cc9311,,synechococcus,sp. cc9311,,528,ad1d926dff1451a57b0af2b52b6b6528a80fec17eb8da7c2218ce8606c55a164,GCF_000014585.1,current,Synechococcus sp. CC9311,64471,Complete Genome,,,,2606748,1367170,2024-08-13,2699.0,SAMN02604031,True,True,True
GCF_000015645.1,nifK-local_aln_i2.1_12182023,1.0,nifH-local_aln_i2.1_12182023,1,5.599999999999998e-54,1669886,,,,nifD-local_aln_i2.1_12182023,1.0,1,1,0,9.1e-09,Complete Genome,,31.5,1669886,"{'infraspecific_names': {'strain': 'AS9601'}, 'organism_name': 'Prochlorococcus marinus str. AS9601', 'tax_id': 146891}",1.0,,1,1669886,0,3.3e-11,GCF_000015645.1-RS_2025_05_21,H=WP_011818051.1;D=WP_011818052.1;K=WP_011818052.1,Prochlorococcus marinus str. AS9601,Prochlorococcus,False,2,GCF_000015645,1,Prochlorococcus marinus str. AS9601,146891,AS9601,,prochlorococcus marinus str. as9601,prochlorococcus marinus str. as9601,as9601,,prochlorococcus,marinus str. as9601,,176,35c7d975a431be991028b64d8c60986c5bc2e09c87eabeb151205b35d7e68c33,GCF_000015645.1,current,Prochlorococcus marinus str. AS9601,146891,Complete Genome,,,,1669886,523034,2025-05-21,1846.0,SAMN02603921,True,True,True
GCF_000015665.1,nifK-local_aln_i2.1_12182023,1.0,nifH-local_aln_i2.1_12182023,1,5.299999999999997e-54,1704176,,,,nifD-local_aln_i2.1_12182023,1.0,1,1,0,7.8e-09,Complete Genome,,31.0,1704176,"{'infraspecific_names': {'strain': 'MIT 9515'}, 'organism_name': 'Prochlorococcus marinus str. MIT 9515', 'tax_id': 167542}",1.0,,1,1704176,0,4.1e-09,GCF_000015665.1-RS_2025_03_28,H=WP_011819923.1;D=WP_011819924.1;K=WP_011819924.1,Prochlorococcus marinus str. MIT 9515,Prochlorococcus,False,2,GCF_000015665,1,Prochlorococcus marinus str. MIT 9515,167542,MIT 9515,,prochlorococcus marinus str. mit 9515,prochlorococcus marinus str. mit 9515,mit 9515,,prochlorococcus,marinus str. mit 9515,,173,0b57df997c4f946b5fd1c07a24fcf8a35a9059647063234bbc5142c63ac88199,GCF_000015665.1,current,Prochlorococcus marinus str. MIT 9515,167542,Complete Genome,,,,1704176,524787,2026-03-30,1878.0,SAMN02603924,True,True,True
GCF_000015685.1,nifK-local_aln_i2.1_12182023,1.0,nifH-local_aln_i2.1_12182023,1,7e-55,1864731,,,,nifD-local_aln_i2.1_12182023,1.0,1,1,0,9.7e-11,Complete Genome,,35.0,1864731,"{'infraspecific_names': {'strain': 'NATL1A'}, 'organism_name': 'Prochlorococcus marinus str. NATL1A', 'tax_id': 167555}",1.0,,1,1864731,0,4.8e-10,GCF_000015685.1-RS_2025_01_27,H=WP_011294504.1;D=WP_011823334.1;K=WP_011823334.1,Prochlorococcus marinus str. NATL1A,Prochlorococcus,False,2,GCF_000015685,1,Prochlorococcus marinus str. NATL1A,167555,NATL1A,,prochlorococcus marinus str. natl1a,prochlorococcus marinus str. natl1a,natl1a,,prochlorococcus,marinus str. natl1a,,220,6a64a746842de17eeeb5941cd70d83fb1380a9aac48888d2b404400bd20f9766,GCF_000015685.1,current,Prochlorococcus marinus str. NATL1A,167555,Complete Genome,,,,1864731,652270,2025-01-27,2083.0,SAMN02603287,True,True,True
GCF_000015705.1,nifK-local_aln_i2.1_12182023,0.0,nifH-local_aln_i2.1_12182023,0,5.499999999999999e-53,2682675,,,,nifD-local_aln_i2.1_12182023,1.0,1,1,0,3.3e-05,Complete Genome,,50.0,2682675,"{'infraspecific_names': {'strain': 'MIT 9303'}, 'organism_name': 'Prochlorococcus marinus str. MIT 9303', 'tax_id': 59922}",0.0,,1,2682675,0,1.7e-05,GCF_000015705.1-RS_2025_05_21,H=WP_011825458.1;D=WP_011825459.1;K=WP_011825459.1,Prochlorococcus marinus str. MIT 9303,Prochlorococcus,False,2,GCF_000015705,1,Prochlorococcus marinus str. MIT 9303,59922,MIT 9303,,prochlorococcus marinus str. mit 9303,prochlorococcus marinus str. mit 9303,mit 9303,,prochlorococcus,marinus str. mit 9303,,420,8c3acce7756fba00d52521a585ed8e2db72184f19ea2f32f345e3a12752a3f46,GCF_000015705.1,current,Prochlorococcus marinus str. MIT 9303,59922,Complete Genome,,,,2682675,1341541,2025-05-21,2587.0,SAMN02603917,True,True,True
GCF_000015965.1,nifK-local_aln_i2.1_12182023,1.0,nifH-local_aln_i2.1_12182023,1,3.9999999999999997e-53,1641879,,,,nifD-local_aln_i2.1_12182023,1.0,1,1,0,7.5e-09,Complete Genome,,31.5,1641879,"{'infraspecific_names': {'strain': 'MIT 9301'}, 'organism_name': 'Prochlorococcus marinus str. MIT 9301', 'tax_id': 167546}",1.0,,1,1641879,0,1.5e-11,GCF_000015965.1-RS_2025_05_23,H=WP_011862562.1;D=WP_011862563.1;K=WP_011862563.1,Prochlorococcus marinus str. MIT 9301,Prochlorococcus,False,2,GCF_000015965,1,Prochlorococcus marinus str. MIT 9301,167546,MIT 9301,,prochlorococcus marinus str. mit 9301,prochlorococcus marinus str. mit 9301,mit 9301,,prochlorococcus,marinus str. mit 9301,,177,6e6c5b453b35acef7f61e52bd2ccb5b4489fcebc1c8b68377c4ac94e11bf7258,GCF_000015965.1,current,Prochlorococcus marinus str. MIT 9301,167546,Complete Genome,,,,1641879,514563,2025-05-23,1850.0,SAMN02603288,True,True,True
GCF_000017845.1,nifK-local_aln_i2.1_12182023,1.0,nifH-local_aln_i2.1_12182023,1,4.3000000000000004e-157,4934271,,,,nifD-local_aln_i2.1_12182023,1.0,1,6,0,8.9e-238,Complete Genome,,38.0,5460377,"{'infraspecific_names': {'strain': 'ATCC 51142'}, 'organism_name': 'Crocosphaera subtropica ATCC 51142', 'tax_id': 43989}",1.0,,6,4934271,0,1.2e-255,GCF_000017845.1-RS_2025_04_15,H=WP_009546639.1;D=WP_009546640.1;K=WP_009546641.1,Crocosphaera subtropica ATCC 51142,Crocosphaera,True,5,GCF_000017845,1,Crocosphaera subtropica ATCC 51142,43989,ATCC 51142,,crocosphaera subtropica atcc 51142,crocosphaera subtropica atcc 51142,atcc 51142,,crocosphaera,subtropica atcc 51142,ATCC 51142,266,6f921d43fcd08b2cb7a6711450a1a3e08a207584272e29bdc1814ff2220d8ba1,GCF_000017845.1,current,Crocosphaera subtropica ATCC 51142,43989,Complete Genome,,,,5460377,2071773,2026-04-15,4963.0,SAMN02604312,True,True,True
GCF_000018065.1,nifK-local_aln_i2.1_12182023,1.0,nifH-local_aln_i2.1_12182023,1,3.1e-54,1738790,,,,nifD-local_aln_i2.1_12182023,1.0,1,1,0,5.6e-09,Complete Genome,,31.0,1738790,"{'infraspecific_names': {'strain': 'MIT 9215'}, 'organism_name': 'Prochlorococcus marinus str. MIT 9215', 'tax_id': 93060}",1.0,,1,1738790,0,2.5e-11,GCF_000018065.1-RS_2025_05_22,H=WP_002805445.1;D=WP_012007365.1;K=WP_012007365.1,Prochlorococcus marinus str. MIT 9215,Prochlorococcus,False,2,GCF_000018065,1,Prochlorococcus marinus str. MIT 9215,93060,MIT 9215,,prochlorococcus marinus str. mit 9215,prochlorococcus marinus str. mit 9215,mit 9215,,prochlorococcus,marinus str. mit 9215,,177,12b6ad64a4508970a08a5c9eabc6de462e3ceee82ac1baedac18385df68a9502,GCF_000018065.1,current,Prochlorococcus marinus str. MIT 9215,93060,Complete Genome,,,,1738790,541547,2025-05-22,1930.0,SAMN02598410,True,True,True
GCF_000018105.1,nifK-local_aln_i2.1_12182023,1.0,nifH-local_aln_i2.1_12182023,1,4.1e-52,6503724,,,,nifD-local_aln_i2.1_12182023,1.0,1,10,0,1.1e-07,Complete Genome,,47.0,8361599,"{'infraspecific_names': {'strain': 'MBIC11017'}, 'organism_name': 'Acaryochloris marina MBIC11017', 'tax_id': 329726}",1.0,,10,6503724,0,4.5e-13,GCF_000018105.1-RS_2025_11_24,H=WP_010468480.1;D=WP_012162088.1;K=WP_012162088.1,Acaryochloris marina MBIC11017,Acaryochloris,False,2,GCF_000018105,1,Acaryochloris marina MBIC11017,329726,MBIC11017,,acaryochloris marina mbic11017,acaryochloris marina mbic11017,mbic11017,,acaryochloris,marina mbic11017,,188,b688b7b8daf1ae3ef750f7f0f191d689d336dd628f774c34ec3d568c714d3bba,GCF_000018105.1,current,Acaryochloris marina MBIC11017,329726,Complete Genome,,,,8361599,3926263,2025-11-24,7301.0,SAMN02604308,True,True,True
GCF_000019485.1,nifK-local_aln_i2.1_12182023,1.0,nifH-local_aln_i2.1_12182023,1,6.9e-52,3008047,,,,nifD-local_aln_i2.1_12182023,1.0,1,7,0,7.7e-06,Complete Genome,,49.0,3409935,"{'infraspecific_names': {'strain': 'PCC 7002'}, 'organism_name': 'Picosynechococcus sp. PCC 7002', 'tax_id': 32049}",1.0,,7,3008047,0,3.6e-12,GCF_000019485.1-RS_2024_11_05,H=WP_012307943.1;D=WP_012307265.1;K=WP_012307265.1,Picosynechococcus sp. PCC 7002,Picosynechococcus,False,2,GCF_000019485,1,Picosynechococcus sp. PCC 7002,32049,PCC 7002,,picosynechococcus sp. pcc 7002,picosynechococcus sp. pcc 7002,pcc 7002,,picosynechococcus,sp. pcc 7002,PCC 7002,201,839954d4d9c89d5ec22f0d0ce8ca9405ed1aee91fef04c9316a03e5fa21559cc,GCF_000019485.1,current,Picosynechococcus sp. PCC 7002,32049,Complete Genome,,,,3409935,1677246,2024-11-05,3207.0,SAMN01081740,True,True,True
GCF_000020025.1,nifK-local_aln_i2.1_12182023,1.0,nifH-local_aln_i2.1_12182023,1,3.8e-163,8234322,,,,nifD-local_aln_i2.1_12182023,1.0,1,6,0,9.000000000000004e-246,Complete Genome,,41.5,9059191,"{'infraspecific_names': {'strain': 'ATCC 29133; PCC 73102'}, 'organism_name': 'Nostoc punctiforme PCC 73102', 'tax_id': 63737}",1.0,,6,8234322,0,4.2e-240,GCF_000020025.1-RS_2025_03_15,H=WP_012407220.1;D=WP_041565131.1;K=WP_012407198.1,Nostoc punctiforme PCC 73102,Nostoc,True,1,GCF_000020025,1,Nostoc punctiforme PCC 73102,63737,ATCC 29133; PCC 73102,,nostoc punctiforme pcc 73102,nostoc punctiforme pcc 73102,atcc 29133; pcc 73102,,nostoc,punctiforme pcc 73102,ATCC 29133;PCC 73102,1316,5a34abe4bea6c3f677570aca5b399e413ecbb78d3ab04a310054da5aa9dbc79d,GCF_000020025.1,current,Nostoc punctiforme PCC 73102,63737,Complete Genome,,,,9059191,3746385,2026-03-15,7325.0,SAMN02598449,True,True,True
GCF_000021805.1,nifK-local_aln_i2.1_12182023,1.0,nifH-local_aln_i2.1_12182023,1,9.2e-155,4679413,,,,nifD-local_aln_i2.1_12182023,1.0,1,4,0,2.2e-245,Complete Genome,,40.0,4787694,"{'infraspecific_names': {'strain': 'PCC 8801'}, 'organism_name': 'Rippkaea orientalis PCC 8801', 'tax_id': 41431}",1.0,,4,4679413,0,4.6e-257,GCF_000021805.1-RS_2025_04_02,H=WP_012595104.1;D=WP_012595105.1;K=WP_012595106.1,Rippkaea orientalis PCC 8801,Rippkaea,True,4,GCF_000021805,1,Rippkaea orientalis PCC 8801,41431,PCC 8801,,rippkaea orientalis pcc 8801,rippkaea orientalis pcc 8801,pcc 8801,,rippkaea,orientalis pcc 8801,PCC 8801,287,bc6a6426d2ea8fa2c7f10946aee57cfcfe57e0cdaa63aa0c67c2824de96a272f,GCF_000021805.1,current,Rippkaea orientalis PCC 8801,41431,Complete Genome,,,,4787694,1903484,2026-04-02,4413.0,SAMN00000280,True,True,True
GCF_000021825.1,nifK-local_aln_i2.1_12182023,1.0,nifH-local_aln_i2.1_12182023,1,2.5e-156,5942652,,,,nifD-local_aln_i2.1_12182023,1.0,1,7,0,9.7e-245,Complete Genome,,38.5,6554169,"{'infraspecific_names': {'strain': 'PCC 7424'}, 'organism_name': 'Gloeothece citriformis PCC 7424', 'tax_id': 65393}",1.0,,7,5942652,0,2.3000000000000004e-258,GCF_000021825.1-RS_2025_03_28,H=WP_015954153.1;D=WP_015954152.1;K=WP_015954151.1,Gloeothece citriformis PCC 7424,Gloeothece,True,3,GCF_000021825,1,Gloeothece citriformis PCC 7424,65393,PCC 7424,,gloeothece citriformis pcc 7424,gloeothece citriformis pcc 7424,pcc 7424,,gloeothece,citriformis pcc 7424,PCC 7424,331,b79e9865749843d2fdd09825f3725840e2c16f9f0cd90e8383e2c4160cf4aca3,GCF_000021825.1,current,Gloeothece citriformis PCC 7424,65393,Complete Genome,,,,6554169,2523998,2026-03-30,5763.0,SAMN00000286,True,True,True
GCF_000025125.1,nifK-local_aln_i2.1_12182023,1.0,nifH-local_aln_i2.1_12182023,1,1.8e-154,1443806,,,,nifD-local_aln_i2.1_12182023,1.0,1,1,0,1.1e-237,Complete Genome,,31.0,1443806,"{'infraspecific_names': {'isolate': 'ALOHA', 'strain': 'ALOHA'}, 'organism_name': 'Candidatus Atelocyanobacterium thalassa isolate ALOHA', 'tax_id': 1453429}",1.0,,1,1443806,0,1.2e-252,GCF_000025125.1-RS_2025_07_20,H=WP_012954002.1;D=WP_012954003.1;K=WP_012954004.1,Candidatus Atelocyanobacterium thalassa isolate ALOHA,Candidatus,True,1,GCF_000025125,1,Candidatus Atelocyanobacterium thalassa isolate ALOHA,1453429,ALOHA,ALOHA,candidatus atelocyanobacterium thalassa isolate aloha,candidatus atelocyanobacterium thalassa isolate aloha,aloha,aloha,candidatus,atelocyanobacterium thalassa isolate aloha,,116,4c35428edea2707a7a1ce94b5479eb443d2b8d6a1311db5b87c273c9a54392b5,GCF_000025125.1,current,Candidatus Atelocyanobacterium thalassa isolate ALOHA,1453429,Complete Genome,,,,1443806,449266,2026-07-20,1157.0,SAMN02641594,True,True,True
GCF_000063505.1,nifK-local_aln_i2.1_12182023,0.0,nifH-local_aln_i2.1_12182023,0,1.9999999999999998e-53,2366980,,,,nifD-local_aln_i2.1_12182023,1.0,1,1,0,1e-05,Complete Genome,,60.0,2366980,"{'organism_name': 'Synechococcus sp. WH 7803', 'tax_id': 32051}",1.0,,1,2366980,0,2.1e-05,NCBI Prokaryotic Genome Annotation Pipeline (PGAP),H=WP_011932581.1;D=WP_011932582.1;K=WP_011932582.1,Synechococcus sp. WH 7803,Synechococcus,False,4,GCF_000063505,1,Synechococcus sp. WH 7803,32051,,,synechococcus sp. wh 7803,synechococcus sp. wh 7803,,,synechococcus,sp. wh 7803,,532,ad815877e66f9ee9ec93708af26751376aba4f0c1d2c847e7f5b8e52c3caf45d,GCF_000063505.1,suppressed,Synechococcus sp. WH 7803,32051,Complete Genome,missing strain identifier,This record was removed by RefSeq staff. Please contact info@ncbi.nlm.nih.gov for further details. Reason: missing strain identifier,,2366980,1425775,2017-04-15,2456.0,SAMEA3138264,True,True,True
GCF_000063525.1,nifK-local_aln_i2.1_12182023,0.0,nifH-local_aln_i2.1_12182023,0,1.7e-52,2224914,,,,nifD-local_aln_i2.1_12182023,1.0,1,1,0,0.00072,Complete Genome,,61.0,2224914,"{'organism_name': 'Synechococcus sp. RCC307', 'tax_id': 316278}",0.0,,1,2224914,0,0.0032,NCBI Prokaryotic Genome Annotation Pipeline (PGAP),H=WP_043737038.1;D=WP_043737035.1;K=WP_043737035.1,Synechococcus sp. RCC307,Synechococcus,False,4,GCF_000063525,1,Synechococcus sp. RCC307,316278,,,synechococcus sp. rcc307,synechococcus sp. rcc307,,,synechococcus,sp. rcc307,,329,b3b07cdae327b1b3e657fb598c6b9a87237c9f531911b337f919de4d27c53b35,GCF_000063525.1,suppressed,Synechococcus sp. RCC307,316278,Complete Genome,missing strain identifier,This record was removed by RefSeq staff. Please contact info@ncbi.nlm.nih.gov for further details. Reason: missing strain identifier,,2224914,1353715,2017-04-15,2388.0,SAMEA3138265,True,True,True
GCF_000147335.1,nifK-local_aln_i2.1_12182023,1.0,nifH-local_aln_i2.1_12182023,1,6.800000000000001e-156,6091620,,30.0,,nifD-local_aln_i2.1_12182023,1.0,1,7,0,1.1999999999999996e-242,Complete Genome,,40.0,7841948,"{'infraspecific_names': {'strain': 'PCC 7822'}, 'organism_name': 'Gloeothece verrucosa PCC 7822', 'tax_id': 497965}",1.0,,7,6091620,0,1.9000000000000001e-258,GCF_000147335.1-RS_2025_05_01,H=WP_013323681.1;D=WP_013323682.1;K=WP_013323683.1,Gloeothece verrucosa PCC 7822,Gloeothece,True,3,GCF_000147335,1,Gloeothece verrucosa PCC 7822,497965,PCC 7822,,gloeothece verrucosa pcc 7822,gloeothece verrucosa pcc 7822,pcc 7822,,gloeothece,verrucosa pcc 7822,PCC 7822,328,290b334efe507b6b69ad08ed0576595b4cd60409c6d3fa06427c0c47d6dbc3f9,GCF_000147335.1,current,Gloeothece verrucosa PCC 7822,497965,Complete Genome,,,,7841948,3128609,2026-05-01,6868.0,SAMN00000663,True,True,True
GCF_000161795.2,nifK-local_aln_i2.1_12182023,1.0,nifH-local_aln_i2.1_12182023,1,1.6e-52,2111515,,9.5,,nifD-local_aln_i2.1_12182023,1.0,1,1,0,4.9e-07,Complete Genome,,60.0,2111515,"{'infraspecific_names': {'strain': 'WH 8109'}, 'organism_name': 'Synechococcus sp. WH 8109', 'tax_id': 166314}",1.0,,1,2111515,0,8.8e-06,GCF_000161795.2-RS_2024_08_13,H=WP_025362431.1;D=WP_006851504.1;K=WP_006851504.1,Synechococcus sp. WH 8109,Synechococcus,False,4,GCF_000161795,2,Synechococcus sp. WH 8109,166314,WH 8109,,synechococcus sp. wh 8109,synechococcus sp. wh 8109,wh 8109,,synechococcus,sp. wh 8109,,517,92757d41bab9a12e3f2e02081608516746e07cea41722365e59a7618501ade73,GCF_000161795.2,current,Synechococcus sp. WH 8109,166314,Complete Genome,,,,2111515,1268727,2024-08-13,2319.0,SAMN02436260,True,True,True
GCF_000179235.2,nifK-local_aln_i2.1_12182023,0.0,nifH-local_aln_i2.1_12182023,0,5.8e-52,2789647,,40.0,,nifD-local_aln_i2.1_12182023,1.0,1,1,0,0.0011,Complete Genome,,64.0,2789647,"{'infraspecific_names': {'strain': 'CB0101'}, 'organism_name': 'Synechococcus sp. CB0101', 'tax_id': 232348}",0.0,,1,2789647,0,0.016,GCF_000179235.2-RS_2024_08_23,H=WP_010306883.1;D=WP_010306875.1;K=WP_010306875.1,Synechococcus sp. CB0101,Synechococcus,False,4,GCF_000179235,2,Synechococcus sp. CB0101,232348,CB0101,,synechococcus sp. cb0101,synechococcus sp. cb0101,cb0101,,synechococcus,sp. cb0101,,357,f6659ee41d2750f3273fbfcebaa984a75c937a313572c3eff2d53bbcf26bfb13,GCF_000179235.2,current,Synechococcus sp. CB0101,232348,Complete Genome,,,,2789647,1787021,2024-08-23,2995.0,SAMN00010394,True,True,True
GCF_000195975.1,nifK-local_aln_i2.1_12182023,0.0,nifH-local_aln_i2.1_12182023,0,1.2e-52,2434428,,,,nifD-local_aln_i2.1_12182023,1.0,1,1,0,1.1e-05,Complete Genome,,59.5,2434428,"{'infraspecific_names': {'strain': 'WH 8102'}, 'organism_name': 'Parasynechococcus marenigrum WH 8102', 'tax_id': 84588}",0.0,,1,2434428,0,0.0017,GCF_000195975.1-RS_2025_11_23,H=WP_011128585.1;D=WP_011128584.1;K=WP_011128584.1,Parasynechococcus marenigrum WH 8102,Parasynechococcus,False,5,GCF_000195975,1,Parasynechococcus marenigrum WH 8102,84588,WH 8102,,parasynechococcus marenigrum wh 8102,parasynechococcus marenigrum wh 8102,wh 8102,,parasynechococcus,marenigrum wh 8102,,518,3df6294af799782fbc263c846ef9747dcd63789a1b0856239ba88fd62b6118a1,GCF_000195975.1,current,Parasynechococcus marenigrum WH 8102,84588,Complete Genome,,,,2434428,1446525,2025-11-23,2633.0,SAMEA3138327,True,True,True
GCF_000196515.1,nifK-local_aln_i2.1_12182023,1.0,nifH-local_aln_i2.1_12182023,1,8.5e-163,5354700,,,,nifD-local_aln_i2.1_12182023,1.0,1,3,0,4e-248,Complete Genome,,38.5,5486145,"{'infraspecific_names': {'strain': '0708'}, 'organism_name': ""'Nostoc azollae' 0708"", 'tax_id': 551115}",1.0,,3,5354700,0,3.1e-257,GCF_000196515.1-RS_2025_03_28,H=WP_013190628.1;D=WP_013190627.1;K=WP_013190626.1,'Nostoc azollae' 0708,'Nostoc,True,1,GCF_000196515,1,'Nostoc azollae' 0708,551115,0708,,'nostoc azollae' 0708,'nostoc azollae' 0708,0708,,nostoc,azollae' 0708,,951,e37a238a13f91e9ebd83a3b499e66409149e622c3e418a1c4439b04e29f0ada7,GCF_000196515.1,current,'Nostoc azollae' 0708,551115,Complete Genome,,,,5486145,2105235,2026-03-30,4544.0,SAMN02598476,True,True,True
GCF_000204075.1,nifK-local_aln_i2.1_12182023,1.0,nifH-local_aln_i2.1_12182023,1,9.700000000000002e-164,6365727,,,,nifD-local_aln_i2.1_12182023,1.0,1,5,0,6.2e-259,Complete Genome,,41.5,7105752,"{'infraspecific_names': {'strain': 'ATCC 29413'}, 'organism_name': 'Trichormus variabilis ATCC 29413', 'tax_id': 240292}",1.0,,5,6365727,0,1.8e-257,GCF_000204075.1-RS_2025_01_23,H=WP_011320610.1;D=WP_011320928.1;K=WP_011320624.1,Trichormus variabilis ATCC 29413,Trichormus,True,5,GCF_000204075,1,Trichormus variabilis ATCC 29413,240292,ATCC 29413,,trichormus variabilis atcc 29413,trichormus variabilis atcc 29413,atcc 29413,,trichormus,variabilis atcc 29413,ATCC 29413,1331,db53514c9325828c49cb7c4dd1390d7670a1489525a5c221bc10bcac7d7cf60a,GCF_000204075.1,current,Trichormus variabilis ATCC 29413,240292,Complete Genome,,,,7105752,2942474,2026-01-23,5842.0,SAMN02598253,True,True,True
GCF_000270265.1,nifK-local_aln_i2.1_12182023,1.0,nifH-local_aln_i2.1_12182023,0,1.2e-52,3571103,,20.0,,nifD-local_aln_i2.1_12182023,1.0,1,1,0,7.2e-05,Complete Genome,,47.5,3571103,"{'infraspecific_names': {'strain': 'GT-S'}, 'organism_name': 'Synechocystis sp. PCC 6803', 'tax_id': 1148}",0.0,,1,3571103,0,1e-11,GCF_000270265.1-RS_2024_08_13,H=WP_041426077.1;D=WP_010873342.1;K=WP_010873342.1,Synechocystis sp. PCC 6803,Synechocystis,False,4,GCF_000270265,1,Synechocystis sp. PCC 6803,1148,GT-S,,synechocystis sp. pcc 6803,synechocystis sp. pcc 6803,gt-s,,synechocystis,sp. pcc 6803,PCC 6803,287,a11a756f746ac7ff0d76fd7be5d624f2647541b9f265607f900f4c9be516d178,GCF_000270265.1,current,Synechocystis sp. PCC 6803,1148,Complete Genome,,,,3571103,1704501,2024-08-13,3245.0,SAMD00060991,True,True,True
GCF_000284135.1,nifK-local_aln_i2.1_12182023,1.0,nifH-local_aln_i2.1_12182023,0,1.2e-52,3570004,,70.0,,nifD-local_aln_i2.1_12182023,1.0,1,1,0,7.2e-05,Complete Genome,,47.5,3570004,"{'infraspecific_names': {'strain': 'PCC 6803 substr. GT-I'}, 'organism_name': 'Synechocystis sp. PCC 6803 substr. GT-I', 'tax_id': 1080228}",0.0,,1,3570004,0,1e-11,GCF_000284135.1-RS_2024_08_13,H=WP_041426077.1;D=WP_010873342.1;K=WP_010873342.1,Synechocystis sp. PCC 6803 substr. GT-I,Synechocystis,False,4,GCF_000284135,1,Synechocystis sp. PCC 6803 substr. GT-I,1080228,PCC 6803 substr. GT-I,,synechocystis sp. pcc 6803 substr. gt-i,synechocystis sp. pcc 6803 substr. gt-i,pcc 6803 substr. gt-i,,synechocystis,sp. pcc 6803 substr. gt-i,PCC 6803,285,51f86e2efc9f514029ac9eb122094f5e898d4cfc5394d5e43636ad7f16522c35,GCF_000284135.1,current,Synechocystis sp. PCC 6803 substr. GT-I,1080228,Complete Genome,,,,3570004,1704157,2024-08-13,3245.0,SAMD00061000,True,True,True
GCF_000284215.1,nifK-local_aln_i2.1_12182023,1.0,nifH-local_aln_i2.1_12182023,0,1.2e-52,3570103,,70.0,,nifD-local_aln_i2.1_12182023,1.0,1,1,0,7.2e-05,Complete Genome,,47.5,3570103,"{'infraspecific_names': {'strain': 'PCC 6803 substr. PCC-N'}, 'organism_name': 'Synechocystis sp. PCC 6803 substr. PCC-N', 'tax_id': 1080229}",0.0,,1,3570103,0,1e-11,GCF_000284215.1-RS_2024_08_13,H=WP_041426077.1;D=WP_010873342.1;K=WP_010873342.1,Synechocystis sp. PCC 6803 substr. PCC-N,Synechocystis,False,4,GCF_000284215,1,Synechocystis sp. PCC 6803 substr. PCC-N,1080229,PCC 6803 substr. PCC-N,,synechocystis sp. pcc 6803 substr. pcc-n,synechocystis sp. pcc 6803 substr. pcc-n,pcc 6803 substr. pcc-n,,synechocystis,sp. pcc 6803 substr. pcc-n,PCC 6803,287,8ba6fa6a50688bfaace47bb0eedb06d999a4139f82a06192147f497f57c16a99,GCF_000284215.1,current,Synechocystis sp. PCC 6803 substr. PCC-N,1080229,Complete Genome,,,,3570103,1704200,2024-08-13,3246.0,SAMD00061001,True,True,True
GCF_000284455.1,nifK-local_aln_i2.1_12182023,1.0,nifH-local_aln_i2.1_12182023,0,1.2e-52,3570114,,70.0,,nifD-local_aln_i2.1_12182023,1.0,1,1,0,7.2e-05,Complete Genome,,47.5,3570114,"{'infraspecific_names': {'strain': 'PCC 6803 substr. PCC-P'}, 'organism_name': 'Synechocystis sp. PCC 6803 substr. PCC-P', 'tax_id': 1080230}",0.0,,1,3570114,0,1e-11,GCF_000284455.1-RS_2024_08_13,H=WP_041426077.1;D=WP_010873342.1;K=WP_010873342.1,Synechocystis sp. PCC 6803 substr. PCC-P,Synechocystis,False,4,GCF_000284455,1,Synechocystis sp. PCC 6803 substr. PCC-P,1080230,PCC 6803 substr. PCC-P,,synechocystis sp. pcc 6803 substr. pcc-p,synechocystis sp. pcc 6803 substr. pcc-p,pcc 6803 substr. pcc-p,,synechocystis,sp. pcc 6803 substr. pcc-p,PCC 6803,287,de4d41a557e2b90aa343196f1de6f91a984a765d5e80c60b755633d20b02ae51,GCF_000284455.1,current,Synechocystis sp. PCC 6803 substr. PCC-P,1080230,Complete Genome,,,,3570114,1704201,2024-08-13,3242.0,SAMD00060999,True,True,True
GCF_000312705.1,nifK-local_aln_i2.1_12182023,1.0,nifH-local_aln_i2.1_12182023,1,7.799999999999999e-53,4329264,,,,nifD-local_aln_i2.1_12182023,1.0,1,5,0,4.3999999999999995e-249,Complete Genome,,38.0,5305675,"{'infraspecific_names': {'strain': '90'}, 'organism_name': 'Anabaena sp. 90', 'tax_id': 46234}",1.0,,5,4329264,0,3.3e-237,GCF_000312705.1-RS_2024_08_22,H=WP_015079916.1;D=WP_051155216.1;K=WP_015081327.1,Anabaena sp. 90,Anabaena,True,3,GCF_000312705,1,Anabaena sp. 90,46234,90,,anabaena sp. 90,anabaena sp. 90,90,,anabaena,sp. 90,,917,ab33f9eec3866142c581a0caec29276f6d25998830eef1db677fa2effdde002f,GCF_000312705.1,current,Anabaena sp. 90,46234,Complete Genome,,,,5305675,2021279,2024-08-22,4813.0,SAMN02604187,True,True,True
GCF_000316515.1,nifK-local_aln_i2.1_12182023,0.0,nifH-local_aln_i2.1_12182023,0,5.1e-52,3342364,,30.0,,nifD-local_aln_i2.1_12182023,1.0,1,1,0,0.022,Complete Genome,,68.5,3342364,"{'infraspecific_names': {'strain': 'PCC 6307'}, 'organism_name': 'Cyanobium gracile PCC 6307', 'tax_id': 292564}",0.0,,1,3342364,0,0.0012,GCF_000316515.1-RS_2025_05_02,H=WP_015107703.1;D=WP_015107702.1;K=WP_015107702.1,Cyanobium gracile PCC 6307,Cyanobium,False,4,GCF_000316515,1,Cyanobium gracile PCC 6307,292564,PCC 6307,,cyanobium gracile pcc 6307,cyanobium gracile pcc 6307,pcc 6307,,cyanobium,gracile pcc 6307,PCC 6307,331,4dd0fadf6f8ee2411cc4256d8a0eae1ccb1bcf029b5487eda95bff01ce0294e9,GCF_000316515.1,current,Cyanobium gracile PCC 6307,292564,Complete Genome,,,,3342364,2296444,2026-05-02,3329.0,SAMN02261330,True,True,True
GCF_000316575.1,nifK-local_aln_i2.1_12182023,1.0,nifH-local_aln_i2.1_12182023,1,1.5000000000000002e-162,7023215,,30.0,,nifD-local_aln_i2.1_12182023,1.0,1,1,0,7.299999999999999e-247,Complete Genome,,42.0,7023215,"{'infraspecific_names': {'strain': 'PCC 7507'}, 'organism_name': 'Calothrix sp. PCC 7507', 'tax_id': 99598}",1.0,,1,7023215,0,1.5e-239,GCF_000316575.1-RS_2024_08_13,H=WP_015126422.1;D=WP_015126423.1;K=WP_015126445.1,Calothrix sp. PCC 7507,Calothrix,True,4,GCF_000316575,1,Calothrix sp. PCC 7507,99598,PCC 7507,,calothrix sp. pcc 7507,calothrix sp. pcc 7507,pcc 7507,,calothrix,sp. pcc 7507,PCC 7507,1265,16a936fd50180e057559502766e0d136ec6d0701d988e243e2ea0aa3ca1adae6,GCF_000316575.1,current,Calothrix sp. PCC 7507,99598,Complete Genome,,,,7023215,2967109,2024-08-13,5945.0,SAMN02261328,True,True,True
GCF_000316605.1,nifK-local_aln_i2.1_12182023,1.0,nifH-local_aln_i2.1_12182023,1,9.2e-52,5125950,,30.0,,nifD-local_aln_i2.1_12182023,1.0,1,1,0,9.6e-07,Complete Genome,,44.0,5125950,"{'infraspecific_names': {'strain': 'PCC 7376'}, 'organism_name': '[Leptolyngbya] sp. PCC 7376', 'tax_id': 111781}",1.0,,1,5125950,0,1e-12,GCF_000316605.1-RS_2024_11_05,H=WP_015132502.1;D=WP_015135124.1;K=WP_015135124.1,[Leptolyngbya] sp. PCC 7376,[Leptolyngbya],False,3,GCF_000316605,1,[Leptolyngbya] sp. PCC 7376,111781,PCC 7376,,[leptolyngbya] sp. pcc 7376,[leptolyngbya] sp. pcc 7376,pcc 7376,,leptolyngbya,sp. pcc 7376,PCC 7376,185,14054a74c0779208e8a45bfc94ac635ee71453f9ed6b3de19952429751c527ff,GCF_000316605.1,current,[Leptolyngbya] sp. PCC 7376,111781,Complete Genome,,,,5125950,2248619,2024-11-05,4395.0,SAMN02232033,True,True,True
GCF_000316625.1,nifK-local_aln_i2.1_12182023,1.0,nifH-local_aln_i2.1_12182023,1,6.100000000000001e-164,6329823,,30.0,,nifD-local_aln_i2.1_12182023,1.0,1,1,0,8e-257,Complete Genome,,40.5,6329823,"{'infraspecific_names': {'strain': 'PCC 7107'}, 'organism_name': 'Nostoc sp. PCC 7107', 'tax_id': 317936}",1.0,,1,6329823,0,4.4e-240,GCF_000316625.1-RS_2024_07_22,H=WP_015114149.1;D=WP_015114150.1;K=WP_015114157.1,Nostoc sp. PCC 7107,Nostoc,True,1,GCF_000316625,1,Nostoc sp. PCC 7107,317936,PCC 7107,,nostoc sp. pcc 7107,nostoc sp. pcc 7107,pcc 7107,,nostoc,sp. pcc 7107,PCC 7107,1287,75daee70d93bd5aeda5712c6d76f22d867b438081f14a40e13a4fbdc40ab2961,GCF_000316625.1,current,Nostoc sp. PCC 7107,317936,Complete Genome,,,,6329823,2554576,2024-07-22,5326.0,SAMN02261332,True,True,True
GCF_000316645.1,nifK-local_aln_i2.1_12182023,1.0,nifH-local_aln_i2.1_12182023,1,1e-160,6635030,,30.0,,nifD-local_aln_i2.1_12182023,1.0,1,3,0,8.8e-77,Complete Genome,,41.5,6718869,"{'infraspecific_names': {'strain': 'PCC 7524'}, 'organism_name': 'Nostoc sp. PCC 7524', 'tax_id': 28072}",1.0,,3,6635030,0,4.4e-240,GCF_000316645.1-RS_2025_08_24,H=WP_015141658.1;D=WP_015137572.1;K=WP_015137545.1,Nostoc sp. PCC 7524,Nostoc,True,1,GCF_000316645,1,Nostoc sp. PCC 7524,28072,PCC 7524,,nostoc sp. pcc 7524,nostoc sp. pcc 7524,pcc 7524,,nostoc,sp. pcc 7524,PCC 7524,1288,43e32ffe7f95643a7cfda1a33a209509f0648dec867a3d4fb9ffc3d02a13f3ef,GCF_000316645.1,current,Nostoc sp. PCC 7524,28072,Complete Genome,,,,6718869,2790417,2025-08-24,5481.0,SAMN02261333,True,True,True
GCF_000316665.1,nifK-local_aln_i2.1_12182023,1.0,nifH-local_aln_i2.1_12182023,1,4.1e-152,8698463,,30.0,,nifD-local_aln_i2.1_12182023,1.0,1,3,0,1e-78,Complete Genome,,37.5,8728773,"{'infraspecific_names': {'strain': 'PCC 7116'}, 'organism_name': 'Rivularia sp. PCC 7116', 'tax_id': 373994}",1.0,,3,8698463,0,6.300000000000001e-104,GCF_000316665.1-RS_2024_08_22,H=WP_015122246.1;D=WP_015122119.1;K=WP_015122118.1,Rivularia sp. PCC 7116,Rivularia,True,5,GCF_000316665,1,Rivularia sp. PCC 7116,373994,PCC 7116,,rivularia sp. pcc 7116,rivularia sp. pcc 7116,pcc 7116,,rivularia,sp. pcc 7116,PCC 7116,641,bb49cfbd8c4fffa1cd8091788687f91524df45f073f46ba8b2fb5f10f605d380,GCF_000316665.1,current,Rivularia sp. PCC 7116,373994,Complete Genome,,,,8728773,3276050,2024-08-22,6620.0,SAMN02232049,True,True,True
GCF_000316685.1,nifK-local_aln_i2.1_12182023,1.0,nifH-local_aln_i2.1_12182023,1,8.2e-52,3697276,,30.0,,nifD-local_aln_i2.1_12182023,1.0,1,2,0,9.3e-07,Complete Genome,,48.5,3720499,"{'infraspecific_names': {'strain': 'PCC 6312'}, 'organism_name': 'Synechococcus sp. PCC 6312', 'tax_id': 195253}",1.0,,2,3697276,0,4.9e-11,GCF_000316685.1-RS_2024_08_22,H=WP_015123934.1;D=WP_015124287.1;K=WP_015124287.1,Synechococcus sp. PCC 6312,Synechococcus,False,4,GCF_000316685,1,Synechococcus sp. PCC 6312,195253,PCC 6312,,synechococcus sp. pcc 6312,synechococcus sp. pcc 6312,pcc 6312,,synechococcus,sp. pcc 6312,PCC 6312,191,436cdf77551e458f240d6fc0d7bb8a11b5bbd721d5abcd899e29f7cf0c5053f2,GCF_000316685.1,current,Synechococcus sp. PCC 6312,195253,Complete Genome,,,,3720499,1804617,2024-08-22,3624.0,SAMN02261337,True,True,True
GCF_000317025.1,nifK-local_aln_i2.1_12182023,1.0,nifH-local_aln_i2.1_12182023,1,4.3000000000000005e-161,4986817,,30.0,,nifD-local_aln_i2.1_12182023,1.0,1,1,0,3.1e-244,Complete Genome,,45.0,4986817,"{'infraspecific_names': {'strain': 'PCC 7327'}, 'organism_name': 'Pleurocapsa sp. PCC 7327', 'tax_id': 118163}",1.0,,1,4986817,0,1.6999999999999998e-259,GCF_000317025.1-RS_2024_08_22,H=WP_371265304.1;D=WP_015145032.1;K=WP_015145033.1,Pleurocapsa sp. PCC 7327,Pleurocapsa,True,3,GCF_000317025,1,Pleurocapsa sp. PCC 7327,118163,PCC 7327,,pleurocapsa sp. pcc 7327,pleurocapsa sp. pcc 7327,pcc 7327,,pleurocapsa,sp. pcc 7327,PCC 7327,346,40120dde6514c1f5637cc68f4f26ec288473250a0f552012662cdd7d4f1a93a3,GCF_000317025.1,current,Pleurocapsa sp. PCC 7327,118163,Complete Genome,,,,4986817,2253709,2024-08-22,4367.0,SAMN02261346,True,True,True
GCF_000317045.1,nifK-local_aln_i2.1_12182023,1.0,nifH-local_aln_i2.1_12182023,0,2.3e-51,4681111,,30.0,,nifD-local_aln_i2.1_12182023,1.0,1,1,0,0.0039,Complete Genome,,58.5,4681111,"{'infraspecific_names': {'strain': 'PCC 7407'}, 'organism_name': 'Geitlerinema sp. PCC 7407', 'tax_id': 1173025}",0.0,,1,4681111,0,2.9e-12,GCF_000317045.1-RS_2024_11_05,H=WP_015170753.1;D=WP_015173835.1;K=WP_015173835.1,Geitlerinema sp. PCC 7407,Geitlerinema,False,3,GCF_000317045,1,Geitlerinema sp. PCC 7407,1173025,PCC 7407,,geitlerinema sp. pcc 7407,geitlerinema sp. pcc 7407,pcc 7407,,geitlerinema,sp. pcc 7407,PCC 7407,313,fdcebda88fe8b1ce193612b48d6bfc619ed2ca766b472237ac50925e6a3cad7b,GCF_000317045.1,current,Geitlerinema sp. PCC 7407,1173025,Complete Genome,,,,4681111,2736722,2024-11-05,3843.0,SAMN02261348,True,True,True
GCF_000317065.1,nifK-local_aln_i2.1_12182023,1.0,nifH-local_aln_i2.1_12182023,0,4.6e-51,4557046,,30.0,,nifD-local_aln_i2.1_12182023,1.0,1,2,0,5.1e-05,Complete Genome,,46.0,4885680,"{'infraspecific_names': {'strain': 'PCC 7367'}, 'organism_name': 'Thalassoporum mexicanum PCC 7367', 'tax_id': 82654}",0.0,,2,4557046,0,1.6e-10,GCF_000317065.1-RS_2025_02_01,H=WP_015163679.1;D=WP_015164943.1;K=WP_015164943.1,Thalassoporum mexicanum PCC 7367,Thalassoporum,False,3,GCF_000317065,1,Thalassoporum mexicanum PCC 7367,82654,PCC 7367,,thalassoporum mexicanum pcc 7367,thalassoporum mexicanum pcc 7367,pcc 7367,,thalassoporum,mexicanum pcc 7367,PCC 7367,93,489b98a5b9dcc3c68cc81e04302b9351c4bdc570d064cce7e53d7e6a6070c9f0,GCF_000317065.1,current,Thalassoporum mexicanum PCC 7367,82654,Complete Genome,,,,4885680,2258353,2026-02-01,3892.0,SAMN02261336,True,True,True
GCF_000317085.1,nifK-local_aln_i2.1_12182023,1.0,nifH-local_aln_i2.1_12182023,1,4.9e-52,3510253,,30.0,,nifD-local_aln_i2.1_12182023,1.0,1,3,0,6.5e-07,Complete Genome,,40.5,3583735,"{'infraspecific_names': {'strain': 'PCC 7502'}, 'organism_name': 'Synechococcus sp. PCC 7502', 'tax_id': 1173263}",1.0,,3,3510253,0,1.7e-11,GCF_000317085.1-RS_2024_08_22,H=WP_015169021.1;D=WP_015167061.1;K=WP_015167061.1,Synechococcus sp. PCC 7502,Synechococcus,False,4,GCF_000317085,1,Synechococcus sp. PCC 7502,1173263,PCC 7502,,synechococcus sp. pcc 7502,synechococcus sp. pcc 7502,pcc 7502,,synechococcus,sp. pcc 7502,PCC 7502,99,befdc66bbd9ba8e18a6770818db65bc9903ea518bfe41155d27957412eafa3c0,GCF_000317085.1,current,Pseudanabaenococcus habilitatus PCC 7502,1173263,Complete Genome,,,,3583735,1455754,2026-02-28,3617.0,SAMN02261356,True,False,True
GCF_000317105.1,nifK-local_aln_i2.1_12182023,1.0,nifH-local_aln_i2.1_12182023,0,6.3e-52,7689443,,30.0,,nifD-local_aln_i2.1_12182023,1.0,1,3,0,0.0001,Complete Genome,,47.5,7804270,"{'infraspecific_names': {'strain': 'PCC 6304'}, 'organism_name': 'Oxynema acuminatum PCC 6304', 'tax_id': 56110}",0.0,,3,7689443,0,1.9e-12,GCF_000317105.1-RS_2025_06_07,H=WP_015146613.1;D=WP_015150894.1;K=WP_015150894.1,Oxynema acuminatum PCC 6304,Oxynema,False,1,GCF_000317105,1,Oxynema acuminatum PCC 6304,56110,PCC 6304,,oxynema acuminatum pcc 6304,oxynema acuminatum pcc 6304,pcc 6304,,oxynema,acuminatum pcc 6304,PCC 6304,304,eddf61f1f624c7a9901a96fe5333af4571d4d44272b5a5a30c21de5f0505d1d7,GCF_000317105.1,current,Oxynema acuminatum PCC 6304,56110,Complete Genome,,,,7804270,3715787,2026-06-07,6002.0,SAMN02261334,True,True,True
GCF_000317125.1,nifK-local_aln_i2.1_12182023,1.0,nifH-local_aln_i2.1_12182023,1,1.3e-163,6315792,,30.0,,nifD-local_aln_i2.1_12182023,1.0,1,3,0,3.9999999999999997e-249,Complete Genome,,44.5,6689401,"{'infraspecific_names': {'strain': 'PCC 7203'}, 'organism_name': 'Chroococcidiopsis thermalis PCC 7203', 'tax_id': 251229}",1.0,,3,6315792,0,3.6e-255,GCF_000317125.1-RS_2025_05_02,H=WP_015156515.1;D=WP_015156514.1;K=WP_015156513.1,Chroococcidiopsis thermalis PCC 7203,Chroococcidiopsis,True,4,GCF_000317125,1,Chroococcidiopsis thermalis PCC 7203,251229,PCC 7203,,chroococcidiopsis thermalis pcc 7203,chroococcidiopsis thermalis pcc 7203,pcc 7203,,chroococcidiopsis,thermalis pcc 7203,PCC 7203,502,47d8dbc0e4fa2253dbbf2c0e94d2376ba74274ba59cb14568de8cb2de526f859,GCF_000317125.1,current,Chroococcidiopsis thermalis PCC 7203,251229,Complete Genome,,,,6689401,2975090,2026-05-02,6044.0,SAMN02261359,True,True,True
GCF_000317435.1,nifK-local_aln_i2.1_12182023,1.0,nifH-local_aln_i2.1_12182023,1,7.6e-52,6767834,,30.0,,nifD-local_aln_i2.1_12182023,1.0,1,4,0,2.3000000000000003e-249,Complete Genome,,40.0,6960392,"{'infraspecific_names': {'strain': 'PCC 6303'}, 'organism_name': 'Calothrix sp. PCC 6303', 'tax_id': 1170562}",1.0,,4,6767834,0,8.499999999999999e-238,GCF_000317435.1-RS_2025_02_14,H=WP_015199079.1;D=WP_015195999.1;K=WP_015195987.1,Calothrix sp. PCC 6303,Calothrix,True,4,GCF_000317435,1,Calothrix sp. PCC 6303,1170562,PCC 6303,,calothrix sp. pcc 6303,calothrix sp. pcc 6303,pcc 6303,,calothrix,sp. pcc 6303,PCC 6303,685,c893d1ec5b35663e88d0f7087bd48ee708398cc50c48e76036a8a2e21f3e4d90,GCF_000317435.1,current,Calothrix sp. PCC 6303,1170562,Complete Genome,,,,6960392,2770018,2025-02-14,5599.0,SAMN02261327,True,True,True
GCF_000317475.1,nifK-local_aln_i2.1_12182023,1.0,nifH-local_aln_i2.1_12182023,0,6.6e-52,7479014,,30.0,,nifD-local_aln_i2.1_12182023,1.0,1,6,0,0.00046,Complete Genome,,46.0,8272254,"{'infraspecific_names': {'strain': 'PCC 7112'}, 'organism_name': 'Phormidium nigroviride PCC 7112', 'tax_id': 179408}",0.0,,6,7479014,0,9.5e-13,GCF_000317475.1-RS_2025_09_21,H=WP_015178522.1;D=WP_015178564.1;K=WP_015178564.1,Phormidium nigroviride PCC 7112,Phormidium,False,5,GCF_000317475,1,Phormidium nigroviride PCC 7112,179408,PCC 7112,,phormidium nigroviride pcc 7112,phormidium nigroviride pcc 7112,pcc 7112,,phormidium,nigroviride pcc 7112,PCC 7112,318,45206adf97a9cba83c00fc1ba4664c42d7e017f597d8d8d850271a38c61683b6,GCF_000317475.1,current,Phormidium nigroviride PCC 7112,179408,Complete Genome,,,,8272254,3787408,2026-09-21,6776.0,SAMN02261335,True,True,True
GCF_000317495.1,nifK-local_aln_i2.1_12182023,1.0,nifH-local_aln_i2.1_12182023,1,4.6e-52,5315554,,30.0,,nifD-local_aln_i2.1_12182023,1.0,1,9,0,6.3e-06,Complete Genome,,40.0,5620407,"{'infraspecific_names': {'strain': 'PCC 9333'}, 'organism_name': 'Crinalium epipsammum PCC 9333', 'tax_id': 1173022}",1.0,,9,5315554,0,3.3e-14,GCF_000317495.1-RS_2025_11_20,H=WP_015204277.1;D=WP_015205494.1;K=WP_015205494.1,Crinalium epipsammum PCC 9333,Crinalium,False,2,GCF_000317495,1,Crinalium epipsammum PCC 9333,1173022,PCC 9333,,crinalium epipsammum pcc 9333,crinalium epipsammum pcc 9333,pcc 9333,,crinalium,epipsammum pcc 9333,PCC 9333,379,a16c7b78b3949e14a1b7310c32d0bc5d0007df773c7271283a62161d5c45be66,GCF_000317495.1,current,Crinalium epipsammum PCC 9333,1173022,Complete Genome,,,,5620407,2257303,2025-11-20,4870.0,SAMN02261349,True,True,True
GCF_000317515.1,nifK-local_aln_i2.1_12182023,1.0,nifH-local_aln_i2.1_12182023,1,1.4e-162,7470429,,30.0,,nifD-local_aln_i2.1_12182023,1.0,1,9,0,4.4000000000000015e-246,Complete Genome,,46.0,7966510,"{'infraspecific_names': {'strain': 'PCC 7113'}, 'organism_name': 'Allocoleopsis franciscana PCC 7113', 'tax_id': 1173027}",1.0,,9,7470429,0,1.1e-257,GCF_000317515.1-RS_2025_11_20,H=WP_015181338.1;D=WP_015181337.1;K=WP_015181336.1,Allocoleopsis franciscana PCC 7113,Allocoleopsis,True,2,GCF_000317515,1,Allocoleopsis franciscana PCC 7113,1173027,PCC 7113,,allocoleopsis franciscana pcc 7113,allocoleopsis franciscana pcc 7113,pcc 7113,,allocoleopsis,franciscana pcc 7113,PCC 7113,407,3c096965e4c18a78477b3ebc16deab4f0a734f03c1726deaa8362f52f4ad688d,GCF_000317515.1,current,Allocoleopsis franciscana PCC 7113,1173027,Complete Genome,,,,7966510,3681591,2025-11-20,6531.0,SAMN02261351,True,True,True
GCF_000317555.1,nifK-local_aln_i2.1_12182023,1.0,nifH-local_aln_i2.1_12182023,1,2.7e-52,5431448,,30.0,,nifD-local_aln_i2.1_12182023,1.0,1,5,0,6.6e-08,Complete Genome,,43.5,5882710,"{'infraspecific_names': {'strain': 'PCC 7428'}, 'organism_name': 'Gloeocapsa sp. PCC 7428', 'tax_id': 1173026}",1.0,,5,5431448,0,1e-14,GCF_000317555.1-RS_2024_08_13,H=WP_015187799.1;D=WP_015188044.1;K=WP_015188044.1,Gloeocapsa sp. PCC 7428,Gloeocapsa,False,1,GCF_000317555,1,Gloeocapsa sp. PCC 7428,1173026,PCC 7428,,gloeocapsa sp. pcc 7428,gloeocapsa sp. pcc 7428,pcc 7428,,gloeocapsa,sp. pcc 7428,PCC 7428,522,7ad14a6738158eacfddd98b97650cf707f0f41d35a0b403ea44cd5d7f66d3889,GCF_000317555.1,current,Gloeocapsa sp. PCC 7428,1173026,Complete Genome,,,,5882710,2550836,2024-08-13,5153.0,SAMN02261347,True,True,True
GCF_000317575.1,nifK-local_aln_i2.1_12182023,1.0,nifH-local_aln_i2.1_12182023,1,2.1999999999999997e-53,5041209,,30.0,,nifD-local_aln_i2.1_12182023,1.0,1,6,0,3.6e-07,Complete Genome,,36.0,5544990,"{'infraspecific_names': {'strain': 'PCC 7437'}, 'organism_name': 'Stanieria cyanosphaera PCC 7437', 'tax_id': 111780}",1.0,,6,5041209,0,2.1e-13,GCF_000317575.1-RS_2025_12_09,H=WP_041620182.1;D=WP_015194304.1;K=WP_015194304.1,Stanieria cyanosphaera PCC 7437,Stanieria,False,3,GCF_000317575,1,Stanieria cyanosphaera PCC 7437,111780,PCC 7437,,stanieria cyanosphaera pcc 7437,stanieria cyanosphaera pcc 7437,pcc 7437,,stanieria,cyanosphaera pcc 7437,PCC 7437,284,21e4203d2e5007fc3dbb6b595b1f8a0b514c0b4523ac54d1a4c4bb5e396991e2,GCF_000317575.1,current,Stanieria cyanosphaera PCC 7437,111780,Complete Genome,,,,5544990,2008575,2025-12-09,4860.0,SAMN02261352,True,True,True
GCF_000317615.1,nifK-local_aln_i2.1_12182023,1.0,nifH-local_aln_i2.1_12182023,1,1.1e-50,3781008,,30.0,,nifD-local_aln_i2.1_12182023,1.0,1,1,0,1.6e-08,Complete Genome,,42.5,3781008,"{'infraspecific_names': {'strain': 'PCC 8305'}, 'organism_name': 'Dactylococcopsis salina PCC 8305', 'tax_id': 13035}",1.0,,1,3781008,0,1.3e-13,GCF_000317615.1-RS_2025_12_13,H=WP_015228895.1;D=WP_015229485.1;K=WP_015229485.1,Dactylococcopsis salina PCC 8305,Dactylococcopsis,False,1,GCF_000317615,1,Dactylococcopsis salina PCC 8305,13035,PCC 8305,,dactylococcopsis salina pcc 8305,dactylococcopsis salina pcc 8305,pcc 8305,,dactylococcopsis,salina pcc 8305,PCC 8305,154,7ebac195e679b97ffca9188a2ba4d02654f0bb0138d83a180503e57545367d2c,GCF_000317615.1,current,Dactylococcopsis salina PCC 8305,13035,Complete Genome,,,,3781008,1604598,2025-12-13,3651.0,SAMN02261331,True,True,True
GCF_000317635.1,nifK-local_aln_i2.1_12182023,1.0,nifH-local_aln_i2.1_12182023,1,3e-160,4179170,,30.0,,nifD-local_aln_i2.1_12182023,1.0,1,1,0,3.2999999999999995e-229,Complete Genome,,43.0,4179170,"{'infraspecific_names': {'strain': 'PCC 7418'}, 'organism_name': 'Halothece sp. PCC 7418', 'tax_id': 65093}",1.0,,1,4179170,0,1.9999999999999999e-249,GCF_000317635.1-RS_2024_11_05,H=WP_015225829.1;D=WP_015225830.1;K=WP_216086731.1,Halothece sp. PCC 7418,Halothece,True,3,GCF_000317635,1,Halothece sp. PCC 7418,65093,PCC 7418,,halothece sp. pcc 7418,halothece sp. pcc 7418,pcc 7418,,halothece,sp. pcc 7418,PCC 7418,157,284cdab39aa488e6628f9f8324732b6aaff447935ec1b1247af27b7c89ecdf99,GCF_000317635.1,current,Halothece sp. PCC 7418,65093,Complete Genome,,,,4179170,1793806,2024-11-05,3826.0,SAMN02232029,True,True,True
GCF_000317655.1,nifK-local_aln_i2.1_12182023,1.0,nifH-local_aln_i2.1_12182023,1,6.2e-52,3163381,,30.0,,nifD-local_aln_i2.1_12182023,1.0,1,1,0,1.2e-06,Complete Genome,,38.5,3163381,"{'infraspecific_names': {'strain': 'PCC 7202'}, 'organism_name': 'Cyanobacterium stanieri PCC 7202', 'tax_id': 292563}",1.0,,1,3163381,0,3.8e-13,,H=WP_015222314.1;D=WP_015221912.1;K=WP_015221912.1,Cyanobacterium stanieri PCC 7202,Cyanobacterium,False,5,GCF_000317655,1,Cyanobacterium stanieri PCC 7202,292563,PCC 7202,,cyanobacterium stanieri pcc 7202,cyanobacterium stanieri pcc 7202,pcc 7202,,cyanobacterium,stanieri pcc 7202,PCC 7202,172,fb6c63a7089f9d6dc6f82a107be757963e6efac474c63e1f4efeaf49f6715c73,GCF_000317655.1,suppressed,Cyanobacterium stanieri PCC 7202,292563,Complete Genome,missing rRNA genes,,,3163381,1223112,,,SAMN02232010,True,True,True
GCF_000317675.1,nifK-local_aln_i2.1_12182023,1.0,nifH-local_aln_i2.1_12182023,1,1.4e-51,4114099,,30.0,,nifD-local_aln_i2.1_12182023,1.0,1,2,0,8.1e-06,Complete Genome,,35.0,4176973,"{'infraspecific_names': {'strain': 'PCC 10605'}, 'organism_name': 'Cyanobacterium aponinum PCC 10605', 'tax_id': 755178}",1.0,,2,4114099,0,2e-14,GCF_000317675.1-RS_2025_08_19,H=WP_015219581.1;D=WP_015219326.1;K=WP_015219326.1,Cyanobacterium aponinum PCC 10605,Cyanobacterium,False,5,GCF_000317675,1,Cyanobacterium aponinum PCC 10605,755178,PCC 10605,,cyanobacterium aponinum pcc 10605,cyanobacterium aponinum pcc 10605,pcc 10605,,cyanobacterium,aponinum pcc 10605,PCC 10605,192,5c296f3cd28eb34720ef472bec3715a9f75a1fd3a35803f2f6f1032c99728db9,GCF_000317675.1,current,Cyanobacterium aponinum PCC 10605,755178,Complete Genome,,,,4176973,1459076,2026-08-19,3492.0,SAMN02261329,True,True,True
GCF_000317695.1,nifK-local_aln_i2.1_12182023,1.0,nifH-local_aln_i2.1_12182023,1,1.1e-162,6395836,,30.0,,nifD-local_aln_i2.1_12182023,1.0,1,7,0,6.700000000000001e-249,Complete Genome,,39.0,7063285,"{'infraspecific_names': {'strain': 'PCC 7122'}, 'organism_name': 'Anabaena cylindrica PCC 7122', 'tax_id': 272123}",1.0,,7,6395836,0,4.799999999999996e-100,GCF_000317695.1-RS_2025_04_26,H=WP_015215476.1;D=WP_015214314.1;K=WP_015214312.1,Anabaena cylindrica PCC 7122,Anabaena,True,3,GCF_000317695,1,Anabaena cylindrica PCC 7122,272123,PCC 7122,,anabaena cylindrica pcc 7122,anabaena cylindrica pcc 7122,pcc 7122,,anabaena,cylindrica pcc 7122,PCC 7122,1116,fb03fd55ca5ed5fc42e9711ae61715c53f3771d2c4351dad93ad7df4ea1df6c2,GCF_000317695.1,current,Anabaena cylindrica PCC 7122,272123,Complete Genome,,,,7063285,2739890,2026-04-26,5946.0,SAMN02232008,True,True,True
GCF_000340785.1,nifK-local_aln_i2.1_12182023,1.0,nifH-local_aln_i2.1_12182023,0,1.2e-52,3569561,,,,nifD-local_aln_i2.1_12182023,1.0,1,8,0,7.2e-05,Complete Genome,,47.5,3949306,"{'infraspecific_names': {'strain': 'PCC 6803'}, 'organism_name': 'Synechocystis sp. PCC 6803', 'tax_id': 1148}",0.0,,8,3569561,0,1e-11,GCF_000340785.1-RS_2024_08_13,H=WP_041426077.1;D=WP_010873342.1;K=WP_010873342.1,Synechocystis sp. PCC 6803,Synechocystis,False,4,GCF_000340785,1,Synechocystis sp. PCC 6803,1148,PCC 6803,,synechocystis sp. pcc 6803,synechocystis sp. pcc 6803,pcc 6803,,synechocystis,sp. pcc 6803,PCC 6803,286,1f07957439667da50bebe5a6d604d668788d185631c1f7f4ab010b2ad20f53c4,GCF_000340785.1,current,Synechocystis sp. PCC 6803,1148,Complete Genome,,,,3949306,1870918,2024-08-13,3627.0,SAMN02603388,True,True,True
GCF_000478825.2,nifK-local_aln_i2.1_12182023,1.0,nifH-local_aln_i2.1_12182023,0,5.1e-52,3485441,,96.69,,nifD-local_aln_i2.1_12182023,1.0,1,4,0,9.6e-05,Complete Genome,,47.5,3738889,"{'infraspecific_names': {'strain': 'PCC 6714'}, 'organism_name': 'Synechocystis sp. PCC 6714', 'tax_id': 1147}",0.0,,4,3485441,0,6.6e-12,GCF_000478825.2-RS_2024_08_13,H=WP_028949217.1;D=WP_028948509.1;K=WP_028948509.1,Synechocystis sp. PCC 6714,Synechocystis,False,4,GCF_000478825,2,Synechocystis sp. PCC 6714,1147,PCC 6714,,synechocystis sp. pcc 6714,synechocystis sp. pcc 6714,pcc 6714,,synechocystis,sp. pcc 6714,PCC 6714,278,a3a351f9b83d3b81f12864c92a0bc291d5aacb64447c8008f565c45de0117732,GCF_000478825.2,current,Synechocystis sp. PCC 6714,1147,Complete Genome,,,,3738889,1777734,2024-08-13,3424.0,SAMN02471775,True,True,True
GCF_000484535.1,nifK-local_aln_i2.1_12182023,1.0,nifH-local_aln_i2.1_12182023,1,1.0000000000000001e-49,4724791,,,,nifD-local_aln_i2.1_12182023,1.0,1,1,0,2.3e-07,Complete Genome,,60.5,4724791,"{'infraspecific_names': {'strain': 'JS1'}, 'organism_name': 'Gloeobacter kilaueensis JS1', 'tax_id': 1183438}",1.0,,1,4724791,0,3.7e-07,GCF_000484535.1-RS_2025_03_29,H=WP_023175510.1;D=WP_023172462.1;K=WP_023172462.1,Gloeobacter kilaueensis JS1,Gloeobacter,False,1,GCF_000484535,1,Gloeobacter kilaueensis JS1,1183438,JS1,,gloeobacter kilaueensis js1,gloeobacter kilaueensis js1,js1,,gloeobacter,kilaueensis js1,,37,2a9c038e9844d071a63e6bfc18da20bc0386720e66ce1a783dd914d2d61d14ae,GCF_000484535.1,current,Gloeobacter kilaueensis JS1,1183438,Complete Genome,,,,4724791,2860238,2026-03-30,4453.0,SAMN02604186,True,True,True
GCF_000734895.2,nifK-local_aln_i2.1_12182023,1.0,nifH-local_aln_i2.1_12182023,1,1.8e-162,6283267,,100.0,,nifD-local_aln_i2.1_12182023,1.0,1,4,0,3.1000000000000003e-252,Complete Genome,,41.0,6420126,"{'infraspecific_names': {'strain': '336/3'}, 'organism_name': 'Calothrix sp. 336/3', 'tax_id': 1337936}",1.0,,4,6283267,0,1.2e-258,GCF_000734895.2-RS_2024_08_22,H=WP_201782714.1;D=WP_035157995.1;K=WP_035157993.1,Calothrix sp. 336/3,Calothrix,True,4,GCF_000734895,2,Calothrix sp. 336/3,1337936,336/3,,calothrix sp. 336/3,calothrix sp. 336/3,336/3,,calothrix,sp. 336/3,,806,45e18699345fd5444151db744d4c69720d75e12f21751ae43fcafbd4540d721b,GCF_000734895.2,current,Calothrix sp. 336/3,1337936,Complete Genome,,,,6420126,2638475,2024-08-22,5360.0,SAMN02909965,True,True,True
GCF_000737535.1,nifK-local_aln_i2.1_12182023,0.0,nifH-local_aln_i2.1_12182023,0,7.699999999999999e-53,2789000,,34.0,,nifD-local_aln_i2.1_12182023,1.0,1,1,0,1.6e-06,Complete Genome,,57.5,2789000,"{'infraspecific_names': {'strain': 'KORDI 100'}, 'organism_name': 'Synechococcus sp. KORDI-100', 'tax_id': 1280380}",1.0,,1,2789000,0,1.9e-05,GCF_000737535.1-RS_2024_08_13,H=WP_038543726.1;D=WP_038543735.1;K=WP_038543735.1,Synechococcus sp. KORDI-100,Synechococcus,False,4,GCF_000737535,1,Synechococcus sp. KORDI-100,1280380,KORDI 100,,synechococcus sp. kordi-100,synechococcus sp. kordi-100,kordi 100,,synechococcus,sp. kordi-100,,501,90c6007fb6044ccf3d9d1907f610b07401c6d18eb48c28e7e2c17d1a43d774e6,GCF_000737535.1,current,Synechococcus sp. KORDI-100,1280380,Complete Genome,,,,2789000,1603622,2024-08-13,2921.0,SAMN02202183,True,True,True
GCF_000737575.1,nifK-local_aln_i2.1_12182023,0.0,nifH-local_aln_i2.1_12182023,0,2.3999999999999996e-53,2585813,,32.0,,nifD-local_aln_i2.1_12182023,1.0,1,1,0,7.7e-05,Complete Genome,,61.5,2585813,"{'infraspecific_names': {'strain': 'KORDI 49'}, 'organism_name': 'Synechococcus sp. KORDI-49', 'tax_id': 585423}",0.0,,1,2585813,0,0.0026,GCF_000737575.1-RS_2024_08_22,H=WP_043695769.1;D=WP_043695771.1;K=WP_043695771.1,Synechococcus sp. KORDI-49,Synechococcus,False,4,GCF_000737575,1,Synechococcus sp. KORDI-49,585423,KORDI 49,,synechococcus sp. kordi-49,synechococcus sp. kordi-49,kordi 49,,synechococcus,sp. kordi-49,,513,119570d18c304deb4e5dc5474f4d0ddfe02e5ae89c0dea145ee7c0874d6bb03b,GCF_000737575.1,current,Synechococcus sp. KORDI-49,585423,Complete Genome,,,,2585813,1586856,2024-08-22,2617.0,SAMN02202184,True,True,True
GCF_000737595.1,nifK-local_aln_i2.1_12182023,0.0,nifH-local_aln_i2.1_12182023,0,1.9e-52,2572069,,41.0,,nifD-local_aln_i2.1_12182023,1.0,1,1,0,4.7e-07,Complete Genome,,59.0,2572069,"{'infraspecific_names': {'strain': 'KORDI 52'}, 'organism_name': 'Synechococcus sp. KORDI-52', 'tax_id': 585425}",1.0,,1,2572069,0,0.00035,GCF_000737595.1-RS_2024_08_22,H=WP_038556229.1;D=WP_038556228.1;K=WP_038556228.1,Synechococcus sp. KORDI-52,Synechococcus,False,4,GCF_000737595,1,Synechococcus sp. KORDI-52,585425,KORDI 52,,synechococcus sp. kordi-52,synechococcus sp. kordi-52,kordi 52,,synechococcus,sp. kordi-52,,513,29243f46fb7eff2a851b5434fa5d13a92a2115a82db1a504ae5d3ac507285287,GCF_000737595.1,current,Synechococcus sp. KORDI-52,585425,Complete Genome,,,,2572069,1519714,2024-08-22,2704.0,SAMN02202185,True,True,True
GCF_000757845.1,nifK-local_aln_i2.1_12182023,1.0,nifH-local_aln_i2.1_12182023,1,2.9e-54,1780061,,200.0,,nifD-local_aln_i2.1_12182023,1.0,1,1,0,3.6e-09,Complete Genome,,31.0,1780061,"{'infraspecific_names': {'strain': 'MIT 0604'}, 'organism_name': 'Prochlorococcus sp. MIT 0604', 'tax_id': 1501268}",1.0,,1,1780061,0,1.2e-10,GCF_000757845.1-RS_2024_08_13,H=WP_042849995.1;D=WP_042849996.1;K=WP_042849996.1,Prochlorococcus sp. MIT 0604,Prochlorococcus,False,2,GCF_000757845,1,Prochlorococcus sp. MIT 0604,1501268,MIT 0604,,prochlorococcus sp. mit 0604,prochlorococcus sp. mit 0604,mit 0604,,prochlorococcus,sp. mit 0604,,179,d6ba90ad1842f0a6b965a34804928bdb90404263074c5c542aa292b92a398735,GCF_000757845.1,current,Prochlorococcus sp. MIT 0604,1501268,Complete Genome,,,,1780061,554907,2024-08-13,2003.0,SAMN02769551,True,True,True
GCF_000757865.1,nifK-local_aln_i2.1_12182023,1.0,nifH-local_aln_i2.1_12182023,1,7e-55,1929203,,200.0,,nifD-local_aln_i2.1_12182023,1.0,1,1,0,4.5e-11,Complete Genome,,35.0,1929203,"{'infraspecific_names': {'strain': 'MIT 0801'}, 'organism_name': 'Prochlorococcus sp. MIT 0801', 'tax_id': 1501269}",1.0,,1,1929203,0,3e-10,GCF_000757865.1-RS_2024_08_13,H=WP_011294504.1;D=WP_038651755.1;K=WP_038651755.1,Prochlorococcus sp. MIT 0801,Prochlorococcus,False,2,GCF_000757865,1,Prochlorococcus sp. MIT 0801,1501269,MIT 0801,,prochlorococcus sp. mit 0801,prochlorococcus sp. mit 0801,mit 0801,,prochlorococcus,sp. mit 0801,,220,23f0bb864b276750adc8352dda75ab13f45c9c548055ee5361b110654c5e5e0c,GCF_000757865.1,current,Prochlorococcus sp. MIT 0801,1501269,Complete Genome,,,,1929203,673473,2024-08-13,2145.0,SAMN02769563,True,True,True
GCF_000817325.1,nifK-local_aln_i2.1_12182023,1.0,nifH-local_aln_i2.1_12182023,1,5.3e-51,2690418,,133.89,,nifD-local_aln_i2.1_12182023,1.0,1,3,0,7.9e-07,Complete Genome,,55.5,2744626,"{'infraspecific_names': {'strain': 'UTEX 2973'}, 'organism_name': 'Synechococcus elongatus UTEX 2973', 'tax_id': 1350461}",1.0,,3,2690418,0,1.1e-11,GCF_000817325.1-RS_2025_05_13,H=WP_011242451.1;D=WP_011244566.1;K=WP_011244566.1,Synechococcus elongatus UTEX 2973,Synechococcus,False,4,GCF_000817325,1,Synechococcus elongatus UTEX 2973,1350461,UTEX 2973,,synechococcus elongatus utex 2973,synechococcus elongatus utex 2973,utex 2973,,synechococcus,elongatus utex 2973,UTEX 2973,170,40a5334a361bb6d17940778a4422fe1df2611340a5058a1e68ca1c7643a46f38,GCF_000817325.1,current,Synechococcus elongatus UTEX 2973,1350461,Complete Genome,,,,2744626,1521501,2026-05-13,2715.0,SAMN03278348,True,True,True
GCF_000829235.1,nifK-local_aln_i2.1_12182023,1.0,nifH-local_aln_i2.1_12182023,1,2.6e-156,2794318,,144.0,,nifD-local_aln_i2.1_12182023,1.0,1,1,0,1.5999999999999998e-238,Complete Genome,,33.5,2794318,"{'infraspecific_names': {'isolate': 'ETSB Lake Yunoko'}, 'organism_name': 'cyanobacterium endosymbiont of Epithemia turgida isolate EtSB Lake Yunoko', 'tax_id': 1228987}",1.0,,1,2794318,0,1.2e-256,GCF_000829235.1-RS_2025_12_13,H=WP_044107033.1;D=WP_044107032.1;K=WP_044107031.1,cyanobacterium endosymbiont of Epithemia turgida isolate EtSB Lake Yunoko,cyanobacterium,True,5,GCF_000829235,1,cyanobacterium endosymbiont of Epithemia turgida isolate EtSB Lake Yunoko,1228987,,ETSB Lake Yunoko,cyanobacterium endosymbiont of epithemia turgida isolate etsb lake yunoko,cyanobacterium endosymbiont of epithemia turgida isolate etsb lake yunoko,,etsb lake yunoko,cyanobacterium,endosymbiont of epithemia turgida isolate etsb lake yunoko,,176,0030c5304828508a80e746eb8657ac4be3a14a688365ece62c7ee5240bca24d4,GCF_000829235.1,current,cyanobacterium endosymbiont of Epithemia turgida isolate EtSB Lake Yunoko,1228987,Complete Genome,,,,2794318,933679,2025-12-13,1737.0,SAMD00061037,True,True,True
GCF_000981785.1,nifK-local_aln_i2.1_12182023,1.0,nifH-local_aln_i2.1_12182023,0,5.699999999999998e-54,4294213,,123.0,,nifD-local_aln_i2.1_12182023,1.0,1,1,0,0.00083,Complete Genome,,43.0,4294213,"{'infraspecific_names': {'strain': 'NIES-2549'}, 'organism_name': 'Microcystis aeruginosa NIES-2549', 'tax_id': 1641812}",0.0,,1,4294213,0,9.4e-10,NCBI Prokaryotic Genome Annotation Pipeline (PGAP),H=WP_046662683.1;D=WP_046662557.1;K=WP_046662557.1,Microcystis aeruginosa NIES-2549,Microcystis,False,5,GCF_000981785,1,Microcystis aeruginosa NIES-2549,1641812,NIES-2549,,microcystis aeruginosa nies-2549,microcystis aeruginosa nies-2549,nies-2549,,microcystis,aeruginosa nies-2549,NIES 2549,332,0c5fc524d3fe2866a3217b3a756cb5dcb15da9d25aa8be65ed36b6c3cb694445,GCF_000981785.2,previous,Microcystis aeruginosa NIES-2549,1641812,Complete Genome,,,,4294213,1842866,2022-12-13,3843.0,SAMN03480410,True,True,True
GCF_000981785.2,nifK-local_aln_i2.1_12182023,1.0,nifH-local_aln_i2.1_12182023,0,5.699999999999998e-54,4294213,,123.0,,nifD-local_aln_i2.1_12182023,1.0,1,2,0,0.00083,Complete Genome,,43.0,4301200,"{'infraspecific_names': {'strain': 'NIES-2549'}, 'organism_name': 'Microcystis aeruginosa NIES-2549', 'tax_id': 1641812}",0.0,,2,4294213,0,9.4e-10,GCF_000981785.2-RS_2025_03_11,H=WP_046662683.1;D=WP_046662557.1;K=WP_046662557.1,Microcystis aeruginosa NIES-2549,Microcystis,False,5,GCF_000981785,2,Microcystis aeruginosa NIES-2549,1641812,NIES-2549,,microcystis aeruginosa nies-2549,microcystis aeruginosa nies-2549,nies-2549,,microcystis,aeruginosa nies-2549,NIES 2549,333,19a7727e61dc2bcfa40125e9944428903ebb86c3bdee6e1953acbb50bef56d6c,GCF_000981785.2,current,Microcystis aeruginosa NIES-2549,1641812,Complete Genome,,,,4301200,1846006,2025-03-11,3858.0,SAMN03480410,True,True,True
GCF_001182765.1,nifK-local_aln_i2.1_12182023,0.0,nifH-local_aln_i2.1_12182023,0,1.2e-52,2429688,,1100.0,,nifD-local_aln_i2.1_12182023,1.0,1,1,0,1.1e-05,Complete Genome,,59.5,2429688,"{'infraspecific_names': {'isolate': 'WH 8103'}, 'organism_name': 'Synechococcus sp. WH 8103', 'tax_id': 29410}",0.0,,1,2429688,0,0.0017,NCBI Prokaryotic Genome Annotation Pipeline (PGAP),H=WP_011128585.1;D=WP_011128584.1;K=WP_011128584.1,Synechococcus sp. WH 8103,Synechococcus,False,4,GCF_001182765,1,Synechococcus sp. WH 8103,29410,,WH 8103,synechococcus sp. wh 8103,synechococcus sp. wh 8103,,wh 8103,synechococcus,sp. wh 8103,,518,fb4d020e793c8070696a95268a83eef825b58bee6e3127b86166138d15ae605d,GCF_001182765.1,suppressed,Synechococcus sp. WH 8103,29410,Complete Genome,unverified source organism,This record was removed by RefSeq staff. Please contact info@ncbi.nlm.nih.gov for further details. Reason: unverified source organism,unverified source organism,2429688,1445025,2021-12-14,2568.0,SAMEA3233744,True,True,True
GCF_001264245.1,nifK-local_aln_i2.1_12182023,1.0,nifH-local_aln_i2.1_12182023,0,8.3e-54,5686839,,43.39,,nifD-local_aln_i2.1_12182023,1.0,1,1,0,0.0011,Complete Genome,,42.5,5686839,"{'infraspecific_names': {'strain': 'FACHB-1757'}, 'organism_name': 'Microcystis panniformis FACHB-1757', 'tax_id': 1638788}",0.0,,1,5686839,0,9.2e-10,GCF_001264245.1-RS_2025_08_18,H=WP_002773281.1;D=WP_002761981.1;K=WP_002761981.1,Microcystis panniformis FACHB-1757,Microcystis,False,5,GCF_001264245,1,Microcystis panniformis FACHB-1757,1638788,FACHB-1757,,microcystis panniformis fachb-1757,microcystis panniformis fachb-1757,fachb-1757,,microcystis,panniformis fachb-1757,FACHB 1757,315,61381867393c33b6009a5614cb1f279b4057f533da52ebb40bbc27aec1d78ab3,GCF_001264245.1,current,Microcystis panniformis FACHB-1757,1638788,Complete Genome,,,,5686839,2408639,2025-08-18,4836.0,SAMN03392520,True,True,True
GCF_001277295.1,nifK-local_aln_i2.1_12182023,1.0,nifH-local_aln_i2.1_12182023,1,1.7e-23,5705437,,50.0,,nifD-local_aln_i2.1_12182023,1.0,1,2,0,1.4000000000000002e-249,Complete Genome,,38.5,5782034,"{'infraspecific_names': {'isolate': '1', 'strain': 'WA102'}, 'organism_name': 'Anabaena sp. WA102', 'tax_id': 1647413}",1.0,,2,5705437,0,9.4e-237,GCF_001277295.1-RS_2025_08_25,H=WP_053540239.1;D=WP_053540131.1;K=WP_053540104.1,Anabaena sp. WA102,Anabaena,False,3,GCF_001277295,1,Anabaena sp. WA102,1647413,WA102,1,anabaena sp. wa102,anabaena sp. wa102,wa102,1,anabaena,sp. wa102,,936,535b0e95ccccde993154f8a052fecaa068a79cdd8053e8d537e938f379acbb8d,GCF_001277295.1,current,Anabaena sp. WA102,1647413,Complete Genome,,,,5782034,2218975,2025-08-25,5111.0,SAMN03568000,True,True,True
GCF_001318385.1,nifK-local_aln_i2.1_12182023,1.0,nifH-local_aln_i2.1_12182023,0,1.2e-52,3569196,,,,nifD-local_aln_i2.1_12182023,1.0,1,1,0,7.2e-05,Complete Genome,,47.5,3569196,"{'infraspecific_names': {'strain': 'PCC 6803 substr. GT-G'}, 'organism_name': 'Synechocystis sp. PCC 6803', 'tax_id': 1148}",0.0,,1,3569196,0,1e-11,GCF_001318385.1-RS_2025_08_25,H=WP_041426077.1;D=WP_010873342.1;K=WP_010873342.1,Synechocystis sp. PCC 6803,Synechocystis,False,4,GCF_001318385,1,Synechocystis sp. PCC 6803,1148,PCC 6803 substr. GT-G,,synechocystis sp. pcc 6803,synechocystis sp. pcc 6803,pcc 6803 substr. gt-g,,synechocystis,sp. pcc 6803,PCC 6803,286,e24ec30940f8e45262938bba26037b56dd51b24dc6aae05020af730bdecb3acf,GCF_001318385.1,current,Synechocystis sp. PCC 6803,1148,Complete Genome,,,,3569196,1703734,2025-08-25,3240.0,SAMN04111259,True,True,True
GCF_001521855.1,nifK-local_aln_i2.1_12182023,1.0,nifH-local_aln_i2.1_12182023,1,6.9e-52,3025472,,20.0,,nifD-local_aln_i2.1_12182023,1.0,1,6,0,7.7e-06,Complete Genome,,49.5,3298676,"{'infraspecific_names': {'strain': 'PCC 73109'}, 'organism_name': 'Picosynechococcus sp. PCC 73109', 'tax_id': 374982}",1.0,,6,3025472,0,3.6e-12,GCF_001521855.1-RS_2024_11_05,H=WP_012307943.1;D=WP_012307265.1;K=WP_012307265.1,Picosynechococcus sp. PCC 73109,Picosynechococcus,False,2,GCF_001521855,1,Picosynechococcus sp. PCC 73109,374982,PCC 73109,,picosynechococcus sp. pcc 73109,picosynechococcus sp. pcc 73109,pcc 73109,,picosynechococcus,sp. pcc 73109,PCC 73109,198,735f02a693499c266131759c00e212edb55c32e34e3e7ae8810bd7306f320211,GCF_001521855.1,current,Picosynechococcus sp. PCC 73109,374982,Complete Genome,,,,3298676,1627719,2024-11-05,3097.0,SAMN04422304,True,True,True
GCF_001548095.1,nifK-local_aln_i2.1_12182023,1.0,nifH-local_aln_i2.1_12182023,1,1.7e-50,3883409,,160.0,,nifD-local_aln_i2.1_12182023,1.0,1,6,0,5.9e-08,Complete Genome,,32.5,4042078,"{'infraspecific_names': {'strain': 'NIES-3708'}, 'organism_name': 'Geminocystis sp. NIES-3708', 'tax_id': 1615909}",1.0,,6,3883409,0,2.4e-11,GCF_001548095.1-RS_2024_11_05,H=WP_066348562.1;D=WP_066343179.1;K=WP_066343179.1,Geminocystis sp. NIES-3708,Geminocystis,False,3,GCF_001548095,1,Geminocystis sp. NIES-3708,1615909,NIES-3708,,geminocystis sp. nies-3708,geminocystis sp. nies-3708,nies-3708,,geminocystis,sp. nies-3708,NIES 3708,178,5b19b4e7d8cb3dba06baddbaf0174982bf537f1a6d83e149ec1bcb58baf40b19,GCF_001548095.1,current,Geminocystis sp. NIES-3708,1615909,Complete Genome,,,,4042078,1305160,2024-11-05,3516.0,SAMD00025579,True,True,True
GCF_001548115.1,nifK-local_aln_i2.1_12182023,1.0,nifH-local_aln_i2.1_12182023,1,8.099999999999999e-51,4150181,,81.0,,nifD-local_aln_i2.1_12182023,1.0,1,12,0,5.6e-08,Complete Genome,,33.5,4426059,"{'infraspecific_names': {'strain': 'NIES-3709'}, 'organism_name': 'Geminocystis sp. NIES-3709', 'tax_id': 1617448}",1.0,,12,4150181,0,1.2e-09,GCF_001548115.1-RS_2024_11_06,H=WP_066116355.1;D=WP_066117381.1;K=WP_066117381.1,Geminocystis sp. NIES-3709,Geminocystis,False,3,GCF_001548115,1,Geminocystis sp. NIES-3709,1617448,NIES-3709,,geminocystis sp. nies-3709,geminocystis sp. nies-3709,nies-3709,,geminocystis,sp. nies-3709,NIES 3709,186,01dbaf9ae04e91bd28a71b51ff38d5d150fb7b0b2222ea416f406d7d51ca81ad,GCF_001548115.1,current,Geminocystis sp. NIES-3709,1617448,Complete Genome,,,,4426059,1476460,2024-11-06,3654.0,SAMD00027151,True,True,True
GCF_001548375.1,nifK-local_aln_i2.1_12182023,1.0,nifH-local_aln_i2.1_12182023,1,4.5000000000000005e-164,6463965,,60.0,,nifD-local_aln_i2.1_12182023,1.0,1,3,0,1.7000000000000001e-258,Complete Genome,,40.5,6987571,"{'infraspecific_names': {'strain': 'NIES-3756'}, 'organism_name': 'Nostoc sp. NIES-3756', 'tax_id': 1751286}",1.0,,3,6463965,0,3.4e-241,GCF_001548375.1-RS_2025_09_14,H=WP_067766985.1;D=WP_067766988.1;K=WP_067766943.1,Nostoc sp. NIES-3756,Nostoc,True,1,GCF_001548375,1,Nostoc sp. NIES-3756,1751286,NIES-3756,,nostoc sp. nies-3756,nostoc sp. nies-3756,nies-3756,,nostoc,sp. nies-3756,NIES 3756,1305,2484be5a9c90cc199c267ab108eee463e57fd8c1a2cd0dd7897d1aa260df2459,GCF_001548375.1,current,Nostoc sp. NIES-3756,1751286,Complete Genome,,,,6987571,2835407,2025-09-14,5883.0,SAMD00042755,True,True,True
GCF_001548395.1,nifK-local_aln_i2.1_12182023,1.0,nifH-local_aln_i2.1_12182023,1,6.2000000000000005e-161,5480261,,25.0,,nifD-local_aln_i2.1_12182023,1.0,1,1,0,3.5e-233,Complete Genome,,56.0,5480261,"{'infraspecific_names': {'strain': 'O-77'}, 'organism_name': 'Leptolyngbya sp. O-77', 'tax_id': 1080068}",1.0,,1,5480261,0,6.1e-252,GCF_001548395.1-RS_2025_01_08,H=WP_068515290.1;D=WP_068515287.1;K=WP_068515285.1,Leptolyngbya sp. O-77,Leptolyngbya,True,2,GCF_001548395,1,Leptolyngbya sp. O-77,1080068,O-77,,leptolyngbya sp. o-77,leptolyngbya sp. o-77,o-77,,leptolyngbya,sp. o-77,,290,17943062ceb89c2802aa18b66c8c704241c3c73af597802e2ed240b920bce03a,GCF_001548395.1,current,Leptolyngbya sp. O-77,1080068,Complete Genome,,,,5480261,3064962,2025-01-08,4733.0,SAMD00045841,True,True,True
GCF_001548435.1,nifK-local_aln_i2.1_12182023,1.0,nifH-local_aln_i2.1_12182023,1,2.3e-54,6244812,,51.0,,nifD-local_aln_i2.1_12182023,1.0,1,4,0,1.7e-08,Complete Genome,,46.5,6761657,"{'infraspecific_names': {'strain': 'NIES-3755'}, 'organism_name': 'Leptolyngbya sp. NIES-3755', 'tax_id': 1752064}",1.0,,4,6244812,0,4.6e-11,NCBI Prokaryotic Genome Annotation Pipeline (PGAP),H=WP_068393180.1;D=WP_068378706.1;K=WP_068378706.1,Leptolyngbya sp. NIES-3755,Leptolyngbya,False,2,GCF_001548435,1,Leptolyngbya sp. NIES-3755,1752064,NIES-3755,,leptolyngbya sp. nies-3755,leptolyngbya sp. nies-3755,nies-3755,,leptolyngbya,sp. nies-3755,NIES 3755,286,2b8a4b97a53682590354d632af79db607af5ea63cd5fad2ef9738b5bb6817825,GCF_001548435.1,suppressed,Leptolyngbya sp. NIES-3755,1752064,Complete Genome,RefSeq annotation failed,This record was removed by RefSeq staff. Please contact info@ncbi.nlm.nih.gov for further details. Reason: RefSeq annotation failed,,6761657,3157730,2017-04-11,6350.0,SAMD00042786,True,True,True
GCF_001548455.1,nifK-local_aln_i2.1_12182023,1.0,nifH-local_aln_i2.1_12182023,1,1.3e-163,5821603,,110.0,,nifD-local_aln_i2.1_12182023,1.0,1,3,0,5.8e-255,Complete Genome,,41.0,5826863,"{'infraspecific_names': {'strain': 'NIES-3754'}, 'organism_name': 'Fischerella sp. NIES-3754', 'tax_id': 1752063}",1.0,,3,5821603,0,2.5000000000000003e-256,GCF_001548455.1-RS_2025_08_25,H=WP_172451471.1;D=WP_009459215.1;K=WP_009459214.1,Fischerella sp. NIES-3754,Fischerella,True,2,GCF_001548455,1,Fischerella sp. NIES-3754,1752063,NIES-3754,,fischerella sp. nies-3754,fischerella sp. nies-3754,nies-3754,,fischerella,sp. nies-3754,NIES 3754,1007,9096550f3b86e672e34dd738e5111279e5bfd48d623ce72f8fd1b989703daa79,GCF_001548455.1,current,Fischerella sp. NIES-3754,1752063,Complete Genome,,,,5826863,2387743,2025-08-25,4773.0,SAMD00042785,True,True,True
GCF_001693255.1,nifK-local_aln_i2.1_12182023,1.0,nifH-local_aln_i2.1_12182023,1,6.9e-52,3057091,,20.0,,nifD-local_aln_i2.1_12182023,1.0,1,3,0,4.4e-06,Complete Genome,,49.5,3345085,"{'infraspecific_names': {'strain': 'PCC 7003'}, 'organism_name': 'Picosynechococcus sp. PCC 7003', 'tax_id': 374981}",1.0,,3,3057091,0,1.3e-12,GCF_001693255.1-RS_2024_11_06,H=WP_012307943.1;D=WP_065714099.1;K=WP_065714099.1,Picosynechococcus sp. PCC 7003,Picosynechococcus,False,2,GCF_001693255,1,Picosynechococcus sp. PCC 7003,374981,PCC 7003,,picosynechococcus sp. pcc 7003,picosynechococcus sp. pcc 7003,pcc 7003,,picosynechococcus,sp. pcc 7003,PCC 7003,192,0ffa6aabd754d3494477ee56462018c18a623f628dfbfbd70143489183e747a9,GCF_001693255.1,current,Picosynechococcus sp. PCC 7003,374981,Complete Genome,,,,3345085,1647839,2024-11-06,3129.0,SAMN04422302,True,True,True
GCF_001693275.1,nifK-local_aln_i2.1_12182023,1.0,nifH-local_aln_i2.1_12182023,1,6.9e-52,3087720,,20.0,,nifD-local_aln_i2.1_12182023,1.0,1,6,0,7.8e-06,Complete Genome,,49.0,3432101,"{'infraspecific_names': {'strain': 'PCC 7117'}, 'organism_name': 'Picosynechococcus sp. PCC 7117', 'tax_id': 195498}",1.0,,6,3087720,0,2.4e-12,GCF_001693275.1-RS_2024_11_06,H=WP_012307943.1;D=WP_065710803.1;K=WP_065710803.1,Picosynechococcus sp. PCC 7117,Picosynechococcus,False,2,GCF_001693275,1,Picosynechococcus sp. PCC 7117,195498,PCC 7117,,picosynechococcus sp. pcc 7117,picosynechococcus sp. pcc 7117,pcc 7117,,picosynechococcus,sp. pcc 7117,PCC 7117,198,0b0fce9ffb03b1e3b7f6f41d8652149c0dc99a9ff5d79f697423842eb089aeb9,GCF_001693275.1,current,Picosynechococcus sp. PCC 7117,195498,Complete Genome,,,,3432101,1686066,2024-11-06,3233.0,SAMN04422303,True,True,True
GCF_001693295.1,nifK-local_aln_i2.1_12182023,1.0,nifH-local_aln_i2.1_12182023,1,6.9e-52,3059495,,20.0,,nifD-local_aln_i2.1_12182023,1.0,1,7,0,7.7e-06,Complete Genome,,49.5,3304088,"{'infraspecific_names': {'strain': 'PCC 8807'}, 'organism_name': 'Picosynechococcus sp. PCC 8807', 'tax_id': 195248}",1.0,,7,3059495,0,3.6e-12,GCF_001693295.1-RS_2024_11_06,H=WP_012307943.1;D=WP_012307265.1;K=WP_012307265.1,Picosynechococcus sp. PCC 8807,Picosynechococcus,False,2,GCF_001693295,1,Picosynechococcus sp. PCC 8807,195248,PCC 8807,,picosynechococcus sp. pcc 8807,picosynechococcus sp. pcc 8807,pcc 8807,,picosynechococcus,sp. pcc 8807,PCC 8807,200,a6c4a9bdf1c9686ab01f258a28635c7a2f5cc954612ad074da818d98d0ca3172,GCF_001693295.1,current,Picosynechococcus sp. PCC 8807,195248,Complete Genome,,,,3304088,1631249,2024-11-06,3143.0,SAMN04422305,True,True,True
GCF_001704955.1,nifK-local_aln_i2.1_12182023,1.0,nifH-local_aln_i2.1_12182023,0,5.699999999999998e-54,4293006,,114.0,,nifD-local_aln_i2.1_12182023,1.0,1,1,0,0.00083,Complete Genome,,43.0,4293006,"{'infraspecific_names': {'strain': 'NIES-2481'}, 'organism_name': 'Microcystis aeruginosa NIES-2481', 'tax_id': 1698524}",0.0,,1,4293006,0,9.4e-10,NCBI Prokaryotic Genome Annotation Pipeline (PGAP),H=WP_046662683.1;D=WP_046662557.1;K=WP_046662557.1,Microcystis aeruginosa NIES-2481,Microcystis,False,5,GCF_001704955,1,Microcystis aeruginosa NIES-2481,1698524,NIES-2481,,microcystis aeruginosa nies-2481,microcystis aeruginosa nies-2481,nies-2481,,microcystis,aeruginosa nies-2481,NIES 2481,332,0122a3a7ae016e09748becd397cb078460595fd67969a48e521e43b99185faee,GCF_001704955.2,previous,Microcystis aeruginosa NIES-2481,1698524,Complete Genome,,,,4293006,1842175,2023-03-10,3832.0,SAMN03955402,True,True,True
GCF_001704955.2,nifK-local_aln_i2.1_12182023,1.0,nifH-local_aln_i2.1_12182023,0,5.699999999999998e-54,4293006,,114.0,,nifD-local_aln_i2.1_12182023,1.0,1,2,0,0.00083,Complete Genome,,43.0,4440545,"{'infraspecific_names': {'strain': 'NIES-2481'}, 'organism_name': 'Microcystis aeruginosa NIES-2481', 'tax_id': 1698524}",0.0,,2,4293006,0,9.4e-10,GCF_001704955.2-RS_2025_05_20,H=WP_046662683.1;D=WP_046662557.1;K=WP_046662557.1,Microcystis aeruginosa NIES-2481,Microcystis,False,5,GCF_001704955,2,Microcystis aeruginosa NIES-2481,1698524,NIES-2481,,microcystis aeruginosa nies-2481,microcystis aeruginosa nies-2481,nies-2481,,microcystis,aeruginosa nies-2481,NIES 2481,336,00640d8fd76eb779c656bb25b893257d106e343d18b1cde6defbcf2d5c1753a3,GCF_001704955.2,current,Microcystis aeruginosa NIES-2481,1698524,Complete Genome,,,,4440545,1903645,2025-05-20,3997.0,SAMN03955402,True,True,True
GCF_001746915.2,nifK-local_aln_i2.1_12182023,1.0,nifH-local_aln_i2.1_12182023,1,4.0000000000000003e-163,6134953,,83.0,,nifD-local_aln_i2.1_12182023,1.0,1,2,0,2.8999999999999997e-242,Complete Genome,,48.5,6145247,"{'infraspecific_names': {'strain': 'IPPAS B-1220'}, 'organism_name': 'Desertifilum tharense IPPAS B-1220', 'tax_id': 1781255}",1.0,,2,6134953,0,1.0999999999999998e-251,GCF_001746915.2-RS_2025_08_24,H=WP_190567106.1;D=WP_069969274.1;K=WP_069969275.1,Desertifilum tharense IPPAS B-1220,Desertifilum,True,4,GCF_001746915,2,Desertifilum tharense IPPAS B-1220,1781255,IPPAS B-1220,,desertifilum tharense ippas b-1220,desertifilum tharense ippas b-1220,ippas b-1220,,desertifilum,tharense ippas b-1220,,333,4720bb9bb4c47fe10efaed55de59e737f9f8b57c3805ae57aa153c88db93cf7e,GCF_001746915.2,current,Desertifilum tharense IPPAS B-1220,1781255,Complete Genome,,,,6145247,2990740,2026-08-24,5089.0,SAMN05788062,True,True,True
GCF_001747005.2,nifK-local_aln_i2.1_12182023,1.0,nifH-local_aln_i2.1_12182023,1,2.5e-52,3122734,,70.0,,nifD-local_aln_i2.1_12182023,1.0,1,10,0,1.7e-06,Complete Genome,,37.5,3476869,"{'infraspecific_names': {'strain': 'IPPAS B-1200'}, 'organism_name': 'Cyanobacterium sp. IPPAS B-1200', 'tax_id': 1562720}",1.0,,10,3122734,0,8.9e-13,GCF_001747005.2-RS_2025_09_29,H=WP_069791342.1;D=WP_069791752.1;K=WP_069791752.1,Cyanobacterium sp. IPPAS B-1200,Cyanobacterium,False,5,GCF_001747005,2,Cyanobacterium sp. IPPAS B-1200,1562720,IPPAS B-1200,,cyanobacterium sp. ippas b-1200,cyanobacterium sp. ippas b-1200,ippas b-1200,,cyanobacterium,sp. ippas b-1200,,180,c75456956b14aea865fe325e0fb0fb12e7ff609f6955f033f5351842e36a919b,GCF_001747005.2,current,Cyanobacterium sp. IPPAS B-1200,1562720,Complete Genome,,,,3476869,1311761,2025-09-29,3129.0,SAMN04633587,True,True,True
GCF_001767235.1,nifK-local_aln_i2.1_12182023,1.0,nifH-local_aln_i2.1_12182023,0,1.5e-51,9673108,,98.0,,nifD-local_aln_i2.1_12182023,1.0,1,2,0,2.8e-05,Complete Genome,,43.5,9708656,"{'infraspecific_names': {'strain': 'PAL-8-15-08-1'}, 'organism_name': 'Moorena producens PAL-8-15-08-1', 'tax_id': 1458985}",0.0,,2,9673108,0,1.3e-13,GCF_001767235.1-RS_2025_03_09,H=WP_070391049.1;D=WP_070391051.1;K=WP_070391051.1,Moorena producens PAL-8-15-08-1,Moorena,False,1,GCF_001767235,1,Moorena producens PAL-8-15-08-1,1458985,PAL-8-15-08-1,,moorena producens pal-8-15-08-1,moorena producens pal-8-15-08-1,pal-8-15-08-1,,moorena,producens pal-8-15-08-1,,294,bfd218535e329b676c2864b3ace3fd5aa325012013738460344d35560168f60a,GCF_001767235.1,current,Moorena producens PAL-8-15-08-1,1458985,Complete Genome,,,,9708656,4224795,2025-03-09,8126.0,SAMN05826283,True,True,True
GCF_001854205.2,nifK-local_aln_i2.1_12182023,1.0,nifH-local_aln_i2.1_12182023,1,3.1e-51,9648523,,20.0,,nifD-local_aln_i2.1_12182023,1.0,1,3,0,1.9e-07,Complete Genome,,43.5,9659941,"{'infraspecific_names': {'strain': 'JHB'}, 'organism_name': 'Moorena producens JHB', 'tax_id': 1454205}",1.0,,3,9648523,0,1.6e-13,NCBI Prokaryotic Genome Annotation Pipeline (PGAP),H=WP_071102525.1;D=WP_009149518.1;K=WP_009149518.1,Moorena producens JHB,Moorena,False,1,GCF_001854205,2,Moorena producens JHB,1454205,JHB,,moorena producens jhb,moorena producens jhb,jhb,,moorena,producens jhb,,289,73a0b30f09f9a661a60404e14458ffa5a2b763e1e619da54c11660a666917c4e,GCF_001854205.2,suppressed,Moorena producens JHB,1454205,Complete Genome,RefSeq annotation failed,This record was removed by RefSeq staff. Please contact info@ncbi.nlm.nih.gov for further details. Reason: RefSeq annotation failed,,9659941,4218702,2024-02-27,7971.0,SAMN05826284,True,True,True
GCF_001885215.1,nifK-local_aln_i2.1_12182023,0.0,nifH-local_aln_i2.1_12182023,0,6.3e-52,2750634,,270.0,,nifD-local_aln_i2.1_12182023,1.0,1,1,0,0.00063,Complete Genome,,64.0,2750634,"{'infraspecific_names': {'strain': 'SynAce01'}, 'organism_name': 'Synechococcus sp. SynAce01', 'tax_id': 1916956}",0.0,,1,2750634,0,0.0048,GCF_001885215.1-RS_2024_05_07,H=WP_071801776.1;D=WP_071801777.1;K=WP_071801777.1,Synechococcus sp. SynAce01,Synechococcus,False,4,GCF_001885215,1,Synechococcus sp. SynAce01,1916956,SynAce01,,synechococcus sp. synace01,synechococcus sp. synace01,synace01,,synechococcus,sp. synace01,,315,65e9f3da7536dc82fff61ecfbfe828d0cf3ce8b748348755427ecf45ea804e36,GCF_001885215.1,current,Synechococcus sp. SynAce01,1916956,Complete Genome,,,,2750634,1758087,2024-05-07,2803.0,SAMN06006676,True,True,True
GCF_002075285.2,nifK-local_aln_i2.1_12182023,1.0,nifH-local_aln_i2.1_12182023,1,1.1e-50,5574084,,45.0,,nifD-local_aln_i2.1_12182023,1.0,1,1,0,7.8e-08,Complete Genome,,54.5,5574084,"{'infraspecific_names': {'strain': 'C2206'}, 'organism_name': 'Halomicronema hongdechloris C2206', 'tax_id': 1641165}",1.0,,1,5574084,0,1.9e-07,NCBI Prokaryotic Genome Annotation Pipeline (PGAP),H=WP_080806467.1;D=WP_080806499.1;K=WP_080806499.1,Halomicronema hongdechloris C2206,Halomicronema,False,1,GCF_002075285,2,Halomicronema hongdechloris C2206,1641165,C2206,,halomicronema hongdechloris c2206,halomicronema hongdechloris c2206,c2206,,halomicronema,hongdechloris c2206,,205,699491a1e03fb827a199c54e638e9476f4b981cc8037958309d455143b6614fd,GCF_002075285.3,previous,Halomicronema hongdechloris C2206,1641165,Complete Genome,,,,5574084,3044416,2022-08-07,4682.0,SAMN03466112,True,True,True
GCF_002075285.3,nifK-local_aln_i2.1_12182023,1.0,nifH-local_aln_i2.1_12182023,1,1.1e-50,5577845,,45.0,,nifD-local_aln_i2.1_12182023,1.0,1,1,0,7.8e-08,Complete Genome,,54.5,5577845,"{'infraspecific_names': {'strain': 'C2206'}, 'organism_name': 'Halomicronema hongdechloris C2206', 'tax_id': 1641165}",1.0,,1,5577845,0,1.9e-07,GCF_002075285.3-RS_2025_11_20,H=WP_080806467.1;D=WP_080806499.1;K=WP_080806499.1,Halomicronema hongdechloris C2206,Halomicronema,False,1,GCF_002075285,3,Halomicronema hongdechloris C2206,1641165,C2206,,halomicronema hongdechloris c2206,halomicronema hongdechloris c2206,c2206,,halomicronema,hongdechloris c2206,,204,eaafb03b790cbac16f176c176a85aecc2fd0ec211d8bfa10114301b0586e042a,GCF_002075285.3,current,Halomicronema hongdechloris C2206,1641165,Complete Genome,,,,5577845,3046822,2025-11-20,4920.0,SAMN03466112,True,True,True
GCF_002095975.1,nifK-local_aln_i2.1_12182023,1.0,nifH-local_aln_i2.1_12182023,0,5.1999999999999995e-54,5139339,,121.62,,nifD-local_aln_i2.1_12182023,1.0,1,1,0,0.0011,Complete Genome,,42.0,5139339,"{'infraspecific_names': {'strain': 'PCC 7806SL'}, 'organism_name': 'Microcystis aeruginosa PCC 7806SL', 'tax_id': 1903187}",0.0,,1,5139339,0,1.1e-09,GCF_002095975.1-RS_2025_03_23,H=WP_002735653.1;D=WP_002746000.1;K=WP_002746000.1,Microcystis aeruginosa PCC 7806SL,Microcystis,False,5,GCF_002095975,1,Microcystis aeruginosa PCC 7806SL,1903187,PCC 7806SL,,microcystis aeruginosa pcc 7806sl,microcystis aeruginosa pcc 7806sl,pcc 7806sl,,microcystis,aeruginosa pcc 7806sl,,336,8f06538d7d83a3d75476a5961ec867f60cdfda05cb06b019a1310fe32c2256a8,GCF_002095975.1,current,Microcystis aeruginosa PCC 7806SL,1903187,Complete Genome,,,,5139339,2162973,2025-03-23,4469.0,SAMN05786724,True,True,True
GCF_002142475.1,nifK-local_aln_i2.1_12182023,1.0,nifH-local_aln_i2.1_12182023,1,5.400000000000001e-162,6176364,,24.0,,nifD-local_aln_i2.1_12182023,1.0,1,4,0,4.5000000000000005e-246,Complete Genome,,47.0,6803468,"{'infraspecific_names': {'strain': 'IAM M-101'}, 'organism_name': 'Leptolyngbya boryana IAM M-101', 'tax_id': 411966}",1.0,,4,6176364,0,1.1000000000000001e-253,GCF_002142475.1-RS_2025_12_03,H=WP_017289029.1;D=WP_017289030.1;K=WP_017289031.1,Leptolyngbya boryana IAM M-101,Leptolyngbya,True,2,GCF_002142475,1,Leptolyngbya boryana IAM M-101,411966,IAM M-101,,leptolyngbya boryana iam m-101,leptolyngbya boryana iam m-101,iam m-101,,leptolyngbya,boryana iam m-101,,309,ecaec86a89fdae1a028a8e5a6adad1ec79cbecd487c3ec6d41d8376a66cbc133,GCF_002142475.1,current,Leptolyngbya boryana IAM M-101,411966,Complete Genome,,,,6803468,3198128,2025-12-03,6315.0,SAMD00019988,True,True,True
GCF_002142495.1,nifK-local_aln_i2.1_12182023,1.0,nifH-local_aln_i2.1_12182023,1,5.400000000000001e-162,6176365,,24.0,,nifD-local_aln_i2.1_12182023,1.0,1,4,0,4.5000000000000005e-246,Complete Genome,,47.0,6803469,"{'infraspecific_names': {'strain': 'dg5'}, 'organism_name': 'Leptolyngbya boryana dg5', 'tax_id': 1260963}",1.0,,4,6176365,0,1.1000000000000001e-253,GCF_002142495.1-RS_2025_12_03,H=WP_017289029.1;D=WP_017289030.1;K=WP_017289031.1,Leptolyngbya boryana dg5,Leptolyngbya,True,2,GCF_002142495,1,Leptolyngbya boryana dg5,1260963,dg5,,leptolyngbya boryana dg5,leptolyngbya boryana dg5,dg5,,leptolyngbya,boryana dg5,,311,48deade8c1b3910f9c83cb1ddf5bc54baaab14cbd7283bbdfa483b76abc7c272,GCF_002142495.1,current,Leptolyngbya boryana dg5,1260963,Complete Genome,,,,6803469,3198129,2025-12-03,6315.0,SAMD00019989,True,True,True
GCF_002163975.1,nifK-local_aln_i2.1_12182023,1.0,nifH-local_aln_i2.1_12182023,1,7.4e-163,7846907,,1140.0,,nifD-local_aln_i2.1_12182023,1.0,1,3,0,6.200000000000001e-249,Complete Genome,,42.5,7899568,"{'infraspecific_names': {'strain': 'HT-58-2'}, 'organism_name': 'Nostocales cyanobacterium HT-58-2', 'tax_id': 1940762}",1.0,,3,7846907,0,2.1e-239,NCBI Prokaryotic Genome Annotation Pipeline (PGAP),H=WP_087541936.1;D=WP_087541935.1;K=WP_087541890.1,Nostocales cyanobacterium HT-58-2,Nostocales,True,2,GCF_002163975,1,Nostocales cyanobacterium HT-58-2,1940762,HT-58-2,,nostocales cyanobacterium ht-58-2,nostocales cyanobacterium ht-58-2,ht-58-2,,nostocales,cyanobacterium ht-58-2,,1037,500ed124fc8df76ed9e553f1f0c49c567176453799aaab6488abde1936d153a4,GCF_002163975.1,suppressed,Nostocales cyanobacterium HT-58-2,1940762,Complete Genome,genus undefined,This record was removed by RefSeq staff. Please contact info@ncbi.nlm.nih.gov for further details. Reason: genus undefined,,7899568,3362878,2019-12-19,6195.0,SAMN06283870,True,True,True
GCF_002355455.1,nifK-local_aln_i2.1_12182023,1.0,nifH-local_aln_i2.1_12182023,1,2.9e-53,5319768,,50.0,,nifD-local_aln_i2.1_12182023,1.0,1,2,0,2.8e-08,Complete Genome,,36.5,5463308,"{'infraspecific_names': {'strain': 'NIES-3757'}, 'organism_name': 'Stanieria sp. NIES-3757', 'tax_id': 1807358}",1.0,,2,5319768,0,1.2e-13,NCBI Prokaryotic Genome Annotation Pipeline (PGAP),H=WP_096387679.1;D=WP_096386588.1;K=WP_096386588.1,Stanieria sp. NIES-3757,Stanieria,False,3,GCF_002355455,1,Stanieria sp. NIES-3757,1807358,NIES-3757,,stanieria sp. nies-3757,stanieria sp. nies-3757,nies-3757,,stanieria,sp. nies-3757,NIES 3757,290,f6636e3a5734abadd5f01620f8634e6da9cba7deafa4c29b7d27d12483e55543,GCF_002355455.1,suppressed,Stanieria sp. NIES-3757,1807358,Complete Genome,RefSeq annotation failed,This record was removed by RefSeq staff. Please contact info@ncbi.nlm.nih.gov for further details. Reason: RefSeq annotation failed,,5463308,1994439,2017-09-26,4668.0,SAMD00047668,True,True,True
GCF_002356215.1,nifK-local_aln_i2.1_12182023,1.0,nifH-local_aln_i2.1_12182023,1,2.3e-52,2836539,,173.0,,nifD-local_aln_i2.1_12182023,1.0,1,5,0,2.2e-06,Complete Genome,,49.5,3123859,"{'infraspecific_names': {'strain': 'NIES-970'}, 'organism_name': '[Synechococcus] sp. NIES-970', 'tax_id': 1827144}",1.0,,5,2836539,0,3e-11,NCBI Prokaryotic Genome Annotation Pipeline (PGAP),H=WP_096418925.1;D=WP_096417766.1;K=WP_096417766.1,[Synechococcus] sp. NIES-970,[Synechococcus],False,5,GCF_002356215,1,[Synechococcus] sp. NIES-970,1827144,NIES-970,,[synechococcus] sp. nies-970,[synechococcus] sp. nies-970,nies-970,,synechococcus,sp. nies-970,NIES 970,191,eee43d401cd7df51b719882dd5e12c09bd7b38d9bb98d9bda8b2310c1bb4250b,GCF_002356215.1,suppressed,[Synechococcus] sp. NIES-970,1827144,Complete Genome,RefSeq annotation failed,This record was removed by RefSeq staff. Please contact info@ncbi.nlm.nih.gov for further details. Reason: RefSeq annotation failed,,3123859,1543935,2017-09-26,2864.0,SAMD00051107,True,True,True
GCF_002368175.1,nifK-local_aln_i2.1_12182023,1.0,nifH-local_aln_i2.1_12182023,1,1.1e-163,8656060,,93.0,,nifD-local_aln_i2.1_12182023,1.0,1,2,0,1.3999999999999999e-244,Complete Genome,,41.0,8878628,"{'infraspecific_names': {'strain': 'NIES-2098'}, 'organism_name': 'Calothrix sp. NIES-2098', 'tax_id': 1954171}",1.0,,2,8656060,0,4.2e-260,NCBI Prokaryotic Genome Annotation Pipeline (PGAP),H=WP_096589796.1;D=WP_096589795.1;K=WP_096590558.1,Calothrix sp. NIES-2098,Calothrix,True,4,GCF_002368175,1,Calothrix sp. NIES-2098,1954171,NIES-2098,,calothrix sp. nies-2098,calothrix sp. nies-2098,nies-2098,,calothrix,sp. nies-2098,NIES 2098,1292,6f67d7b03d38f92ca7bc95c0db21a9e29b22a80023fb086fb79f05ac999189af,GCF_002368175.1,suppressed,Calothrix sp. NIES-2098,1954171,Complete Genome,unverified source organism; RefSeq annotation failed,This record was removed by RefSeq staff. Please contact info@ncbi.nlm.nih.gov for further details. Reason: RefSeq annotation failed,unverified source organism,8878628,3656606,2017-09-28,7082.0,SAMD00079805,True,True,True
GCF_002368255.1,nifK-local_aln_i2.1_12182023,1.0,nifH-local_aln_i2.1_12182023,1,5.400000000000001e-162,6255463,,59.0,,nifD-local_aln_i2.1_12182023,1.0,1,4,0,4.5000000000000005e-246,Complete Genome,,47.0,7233668,"{'infraspecific_names': {'strain': 'NIES-2135'}, 'organism_name': 'Leptolyngbya boryana NIES-2135', 'tax_id': 1973484}",1.0,,4,6255463,0,1.1000000000000001e-253,NCBI Prokaryotic Genome Annotation Pipeline (PGAP),H=WP_017289029.1;D=WP_017289030.1;K=WP_017289031.1,Leptolyngbya boryana NIES-2135,Leptolyngbya,True,2,GCF_002368255,1,Leptolyngbya boryana NIES-2135,1973484,NIES-2135,,leptolyngbya boryana nies-2135,leptolyngbya boryana nies-2135,nies-2135,,leptolyngbya,boryana nies-2135,NIES 2135,314,c17cd08b78d0778d0c9fafe45d4c04e26a64f7cbc94d9fafb03f53b478c566b2,GCF_002368255.1,suppressed,Leptolyngbya boryana NIES-2135,1973484,Complete Genome,RefSeq annotation failed,This record was removed by RefSeq staff. Please contact info@ncbi.nlm.nih.gov for further details. Reason: RefSeq annotation failed,,7233668,3401776,2017-09-28,6491.0,SAMD00079812,True,True,True
GCF_002368355.1,nifK-local_aln_i2.1_12182023,1.0,nifH-local_aln_i2.1_12182023,0,1.1999999999999998e-53,4516676,,85.0,,nifD-local_aln_i2.1_12182023,1.0,1,7,0,4e-05,Complete Genome,,36.5,5002520,"{'infraspecific_names': {'strain': 'NIES-4102'}, 'organism_name': 'Chondrocystis sp. NIES-4102', 'tax_id': 2005460}",0.0,,7,4516676,0,7.8e-14,NCBI Prokaryotic Genome Annotation Pipeline (PGAP),H=WP_096723601.1;D=WP_096722023.1;K=WP_096722023.1,Chondrocystis sp. NIES-4102,Chondrocystis,False,1,GCF_002368355,1,Chondrocystis sp. NIES-4102,2005460,NIES-4102,,chondrocystis sp. nies-4102,chondrocystis sp. nies-4102,nies-4102,,chondrocystis,sp. nies-4102,NIES 4102,216,56dd6eea45c6e41811b896d034ddc39ee6a5b017fa21c15cd9744f18afe3661e,GCF_002368355.1,suppressed,Chondrocystis sp. NIES-4102,2005460,Complete Genome,RefSeq annotation failed,This record was removed by RefSeq staff. Please contact info@ncbi.nlm.nih.gov for further details. Reason: RefSeq annotation failed,,5002520,1832030,2017-09-28,4198.0,SAMD00081172,True,True,True
GCF_002368395.1,nifK-local_aln_i2.1_12182023,1.0,nifH-local_aln_i2.1_12182023,1,6.600000000000001e-164,5985875,,109.0,,nifD-local_aln_i2.1_12182023,1.0,1,1,0,1.7e-80,Complete Genome,,41.5,5985875,"{'infraspecific_names': {'strain': 'NIES-3974'}, 'organism_name': 'Calothrix sp. NIES-3974', 'tax_id': 2005462}",1.0,,1,5985875,0,4e-240,GCF_002368395.1-RS_2025_08_25,H=WP_096622974.1;D=WP_096622976.1;K=WP_096623034.1,Calothrix sp. NIES-3974,Calothrix,True,4,GCF_002368395,1,Calothrix sp. NIES-3974,2005462,NIES-3974,,calothrix sp. nies-3974,calothrix sp. nies-3974,nies-3974,,calothrix,sp. nies-3974,NIES 3974,617,b5bfc76628ba584484898d2ccb110dca38fcdadf1531102ae81fe58e3ce0cf0b,GCF_002368395.1,current,Calothrix sp. NIES-3974,2005462,Complete Genome,,,,5985875,2485707,2025-08-25,4686.0,SAMD00081174,True,True,True
GCF_002368455.1,nifK-local_aln_i2.1_12182023,1.0,nifH-local_aln_i2.1_12182023,1,1.7000000000000001e-161,11064963,,57.0,,nifD-local_aln_i2.1_12182023,1.0,1,9,0,1.8e-79,Complete Genome,,39.0,12049274,"{'infraspecific_names': {'strain': 'NIES-4071'}, 'organism_name': 'Calothrix sp. NIES-4071', 'tax_id': 2005469}",1.0,,9,11064963,0,4.9e-259,NCBI Prokaryotic Genome Annotation Pipeline (PGAP),H=WP_096684461.1;D=WP_096687809.1;K=WP_096687792.1,Calothrix sp. NIES-4071,Calothrix,True,4,GCF_002368455,1,Calothrix sp. NIES-4071,2005469,NIES-4071,,calothrix sp. nies-4071,calothrix sp. nies-4071,nies-4071,,calothrix,sp. nies-4071,NIES 4071,747,383180fd0ac3a5456282d7caaedd192f5289601b61047f0f083e11550ed2b569,GCF_002368455.1,suppressed,Calothrix sp. NIES-4071,2005469,Complete Genome,unverified source organism; RefSeq annotation failed,This record was removed by RefSeq staff. Please contact info@ncbi.nlm.nih.gov for further details. Reason: RefSeq annotation failed,unverified source organism,12049274,4699335,2017-09-28,9858.0,SAMD00081178,True,True,True
GCF_002754935.1,nifK-local_aln_i2.1_12182023,1.0,nifH-local_aln_i2.1_12182023,1,6e-52,2659739,,920.0,,nifD-local_aln_i2.1_12182023,1.0,1,1,0,2.1e-07,Complete Genome,,53.5,2659739,"{'infraspecific_names': {'strain': 'PCC 6715'}, 'organism_name': 'Parathermosynechococcus lividus PCC 6715', 'tax_id': 1917166}",1.0,,1,2659739,0,5.8e-11,GCF_002754935.1-RS_2025_12_04,H=WP_099798749.1;D=WP_099799585.1;K=WP_099799585.1,Parathermosynechococcus lividus PCC 6715,Parathermosynechococcus,False,5,GCF_002754935,1,Parathermosynechococcus lividus PCC 6715,1917166,PCC 6715,,parathermosynechococcus lividus pcc 6715,parathermosynechococcus lividus pcc 6715,pcc 6715,,parathermosynechococcus,lividus pcc 6715,PCC 6715,172,7fa64a47d2457f8da4a0f6a06f6d188403e757cc027e4f29d7abb00edb1c12d0,GCF_002754935.1,current,Parathermosynechococcus lividus PCC 6715,1917166,Complete Genome,,,,2659739,1423354,2025-12-04,2412.0,SAMN06008796,True,True,True
GCF_002813575.1,nifK-local_aln_i2.1_12182023,1.0,nifH-local_aln_i2.1_12182023,1,9.8e-163,8363872,,228.0,,nifD-local_aln_i2.1_12182023,1.0,1,9,0,2.9e-245,Complete Genome,,42.0,10231233,"{'infraspecific_names': {'strain': 'CCNUN1'}, 'organism_name': 'Nostoc flagelliforme CCNUN1', 'tax_id': 2038116}",1.0,,9,8363872,0,7.099999999999999e-103,GCF_002813575.1-RS_2025_11_23,H=WP_100900502.1;D=WP_100900530.1;K=WP_100900528.1,Nostoc flagelliforme CCNUN1,Nostoc,True,1,GCF_002813575,1,Nostoc flagelliforme CCNUN1,2038116,CCNUN1,,nostoc flagelliforme ccnun1,nostoc flagelliforme ccnun1,ccnun1,,nostoc,flagelliforme ccnun1,,1316,f1b7603bf29e470e34be93de812fb39653330d74647e469f631bdbbf966bb58e,GCF_002813575.1,current,Nostoc flagelliforme CCNUN1,2038116,Complete Genome,,,,10231233,4283796,2025-11-23,9018.0,SAMN07658063,True,True,True
GCF_002813895.1,nifK-local_aln_i2.1_12182023,1.0,nifH-local_aln_i2.1_12182023,1,3.1e-52,3155247,,59.0,,nifD-local_aln_i2.1_12182023,1.0,1,3,0,1.8e-06,Complete Genome,,37.5,3296945,"{'infraspecific_names': {'isolate': 'HL-69'}, 'organism_name': 'Cyanobacterium sp. HL-69', 'tax_id': 2054282}",1.0,,3,3155247,0,1e-12,GCF_002813895.1-RS_2025_09_29,H=WP_446683015.1;D=WP_446682883.1;K=WP_446682883.1,Cyanobacterium sp. HL-69,Cyanobacterium,False,5,GCF_002813895,1,Cyanobacterium sp. HL-69,2054282,,HL-69,cyanobacterium sp. hl-69,cyanobacterium sp. hl-69,,hl-69,cyanobacterium,sp. hl-69,,180,4193521d8d75a9265964ffb74e506723ffb2672e7c07f1671391ed8eaaa6d885,GCF_002813895.1,current,Cyanobacterium sp. HL-69,2054282,Complete Genome,derived from metagenome,,,3296945,1241674,2025-09-29,2955.0,SAMN05326725,True,True,True
GCF_002896875.1,nifK-local_aln_i2.1_12182023,1.0,nifH-local_aln_i2.1_12182023,1,1.6e-52,6990729,,170.0,,nifD-local_aln_i2.1_12182023,1.0,1,6,0,9.000000000000003e-259,Complete Genome,,41.0,7207640,"{'infraspecific_names': {'strain': 'CENA543'}, 'organism_name': 'Nostoc sp. CENA543', 'tax_id': 1869241}",1.0,,6,6990729,0,3.7e-240,GCF_002896875.1-RS_2024_09_15,H=WP_067771601.1;D=WP_103135381.1;K=WP_103135399.1,Nostoc sp. CENA543,Nostoc,True,1,GCF_002896875,1,Nostoc sp. CENA543,1869241,CENA543,,nostoc sp. cena543,nostoc sp. cena543,cena543,,nostoc,sp. cena543,,1274,4d0f42963dc3d1f6333eaa3de42caeb21b8f266ffa23072e995de2f5c23c8d75,GCF_002896875.1,current,Nostoc sp. CENA543,1869241,Complete Genome,,,,7207640,2943699,2024-09-15,5986.0,SAMN07604078,True,True,True
GCF_002949735.1,nifK-local_aln_i2.1_12182023,1.0,nifH-local_aln_i2.1_12182023,1,4.3e-163,8214648,,100.0,,nifD-local_aln_i2.1_12182023,1.0,1,11,0,3.4e-245,Complete Genome,,41.5,8898590,"{'infraspecific_names': {'strain': 'N6'}, 'organism_name': ""Nostoc sp. 'Peltigera membranacea cyanobiont' N6"", 'tax_id': 1261031}",1.0,,11,8214648,0,3.6e-102,GCF_002949735.1-RS_2025_08_25,H=WP_094327394.1;D=WP_094327487.1;K=WP_094327420.1,Nostoc sp. 'Peltigera membranacea cyanobiont' N6,Nostoc,True,1,GCF_002949735,1,Nostoc sp. 'Peltigera membranacea cyanobiont' N6,1261031,N6,,nostoc sp. 'peltigera membranacea cyanobiont' n6,nostoc sp. 'peltigera membranacea cyanobiont' n6,n6,,nostoc,sp. 'peltigera membranacea cyanobiont' n6,,1303,f7023dc76dc260092ded77ddb530dde78339bbcec588f236d6144c9e96363d07,GCF_002949735.1,current,Nostoc sp. 'Peltigera membranacea cyanobiont' N6,1261031,Complete Genome,,,,8898590,3682840,2025-08-25,7406.0,SAMN03445855,True,True,True
GCF_002949795.1,nifK-local_aln_i2.1_12182023,1.0,nifH-local_aln_i2.1_12182023,1,2.2e-161,7061466,,40.0,,nifD-local_aln_i2.1_12182023,1.0,1,5,0,3.2000000000000004e-244,Complete Genome,,41.5,7339908,"{'infraspecific_names': {'strain': '5183'}, 'organism_name': ""Nostoc sp. 'Lobaria pulmonaria (5183) cyanobiont'"", 'tax_id': 1618022}",1.0,,5,7061466,0,1.1e-238,GCF_002949795.1-RS_2025_08_25,H=WP_104908627.1;D=WP_104908626.1;K=WP_104908606.1,Nostoc sp. 'Lobaria pulmonaria (5183) cyanobiont',Nostoc,True,1,GCF_002949795,1,Nostoc sp. 'Lobaria pulmonaria (5183) cyanobiont',1618022,5183,,nostoc sp. 'lobaria pulmonaria (5183) cyanobiont',nostoc sp. 'lobaria pulmonaria (5183) cyanobiont',5183,,nostoc,sp. 'lobaria pulmonaria (5183) cyanobiont',,1291,b25e77e1a3bf9b4add2e74484e3bc66d7eaebc256190185a68015352d0594c55,GCF_002949795.1,current,Nostoc sp. 'Lobaria pulmonaria (5183) cyanobiont',1618022,Complete Genome,,,,7339908,3054245,2025-08-25,6243.0,SAMN03354403,True,True,True
GCF_003015225.1,nifK-local_aln_i2.1_12182023,1.0,nifH-local_aln_i2.1_12182023,0,1.2e-52,3574310,,300.0,,nifD-local_aln_i2.1_12182023,1.0,1,7,0,7.2e-05,Complete Genome,,47.5,3950993,"{'infraspecific_names': {'strain': 'IPPAS B-1465'}, 'organism_name': 'Synechocystis sp. IPPAS B-1465', 'tax_id': 2116702}",0.0,,7,3574310,0,1e-11,GCF_003015225.1-RS_2024_08_14,H=WP_041426077.1;D=WP_010873342.1;K=WP_010873342.1,Synechocystis sp. IPPAS B-1465,Synechocystis,False,4,GCF_003015225,1,Synechocystis sp. IPPAS B-1465,2116702,IPPAS B-1465,,synechocystis sp. ippas b-1465,synechocystis sp. ippas b-1465,ippas b-1465,,synechocystis,sp. ippas b-1465,,285,1796149e0c459220375eb67fe6de4ce81488fd0e1c19dcdd256a0b9519a5742a,GCF_003015225.1,current,Synechocystis sp. IPPAS B-1465,2116702,Complete Genome,,,,3950993,1871688,2024-08-14,3622.0,SAMN08708127,True,True,True
GCF_003019735.1,nifK-local_aln_i2.1_12182023,1.0,nifH-local_aln_i2.1_12182023,0,8.3e-54,5020243,,156.0,,nifD-local_aln_i2.1_12182023,1.0,1,1,0,0.00093,Complete Genome,,42.5,5020243,"{'infraspecific_names': {'strain': 'MC19'}, 'organism_name': 'Microcystis sp. MC19', 'tax_id': 1967666}",0.0,,1,5020243,0,5.5e-10,GCF_003019735.1-RS_2024_08_24,H=WP_002773281.1;D=WP_008198899.1;K=WP_008198899.1,Microcystis sp. MC19,Microcystis,False,5,GCF_003019735,1,Microcystis sp. MC19,1967666,MC19,,microcystis sp. mc19,microcystis sp. mc19,mc19,,microcystis,sp. mc19,,338,bc18fee74577af5b7f648ffe576b010c37919d8a8863e81dc57ce7fd4f396aca,GCF_003019735.1,current,Microcystis sp. MC19,1967666,Complete Genome,,,,5020243,2141156,2024-08-24,4589.0,SAMN06554445,True,True,True
GCF_003054475.1,nifK-local_aln_i2.1_12182023,1.0,nifH-local_aln_i2.1_12182023,1,8.000000000000001e-162,5294286,,145.0,,nifD-local_aln_i2.1_12182023,1.0,1,2,0,2.3e-245,Complete Genome,,41.0,5386612,"{'infraspecific_names': {'strain': 'UHCC 0039'}, 'organism_name': 'Nodularia spumigena UHCC 0039', 'tax_id': 1914872}",1.0,,2,5294286,0,7.5e-241,GCF_003054475.1-RS_2025_05_21,H=WP_006195291.1;D=WP_006194555.1;K=WP_006194550.1,Nodularia spumigena UHCC 0039,Nodularia,True,2,GCF_003054475,1,Nodularia spumigena UHCC 0039,1914872,UHCC 0039,,nodularia spumigena uhcc 0039,nodularia spumigena uhcc 0039,uhcc 0039,,nodularia,spumigena uhcc 0039,,1156,62a6bb39a48ca99bff126c854e8e681e349dd9014063cbe378f78944fcc22376,GCF_003054475.1,current,Nodularia spumigena UHCC 0039,1914872,Complete Genome,,,,5386612,2221060,2026-05-22,4541.0,SAMN05967630,True,True,True
GCF_003060805.1,nifK-local_aln_i2.1_12182023,1.0,nifH-local_aln_i2.1_12182023,1,6.5e-52,6434389,,190.0,,nifD-local_aln_i2.1_12182023,1.0,1,1,0,1e-06,Complete Genome,,45.0,6434389,"{'infraspecific_names': {'strain': 'TJSD092'}, 'organism_name': 'Arthrospira sp. TJSD092', 'tax_id': 2153484}",1.0,,1,6434389,0,3e-08,NCBI Prokaryotic Genome Annotation Pipeline (PGAP),H=WP_006624178.1;D=WP_006670229.1;K=WP_006670229.1,Arthrospira sp. TJSD092,Arthrospira,False,2,GCF_003060805,1,Arthrospira sp. TJSD092,2153484,TJSD092,,arthrospira sp. tjsd092,arthrospira sp. tjsd092,tjsd092,,arthrospira,sp. tjsd092,,256,a588371bbff98e3f71fed6bc4f1fd5057953fa5800ce0d545ace04b09b2cf796,GCF_003060805.1,suppressed,Arthrospira sp. TJSD092,2153484,Complete Genome,unverified source organism,This record was removed by RefSeq staff. Please contact info@ncbi.nlm.nih.gov for further details. Reason: contaminated; unverified source organism,unverified source organism,6434389,2889101,2023-12-11,5656.0,SAMN08865926,True,True,True
GCF_003367075.2,nifK-local_aln_i2.1_12182023,1.0,nifH-local_aln_i2.1_12182023,1,1e-162,3757845,,826.0,,nifD-local_aln_i2.1_12182023,1.0,1,1,0,3.9e-249,Complete Genome,,40.0,3757845,"{'infraspecific_names': {'strain': 'Cr2010'}, 'organism_name': 'Cylindrospermopsis raciborskii Cr2010', 'tax_id': 2108055}",1.0,,1,3757845,0,9.9e-257,GCF_003367075.2-RS_2025_12_12,H=WP_057177533.1;D=WP_115538753.1;K=WP_006278576.1,Cylindrospermopsis raciborskii Cr2010,Cylindrospermopsis,True,4,GCF_003367075,2,Cylindrospermopsis raciborskii Cr2010,2108055,Cr2010,,cylindrospermopsis raciborskii cr2010,cylindrospermopsis raciborskii cr2010,cr2010,,cylindrospermopsis,raciborskii cr2010,,683,fa9d8102c78f4c55d66e26c64e1724cd288ac03beb69442562c2667a8710a8d2,GCF_003367075.2,current,Cylindrospermopsis raciborskii Cr2010,2108055,Complete Genome,,,,3757845,1511762,2025-12-12,3261.0,SAMN08628414,True,True,True
GCF_003443655.1,nifK-local_aln_i2.1_12182023,1.0,nifH-local_aln_i2.1_12182023,1,7.7e-162,6531820,,168.0,,nifD-local_aln_i2.1_12182023,1.0,1,5,0,1.6e-245,Complete Genome,,41.5,6684490,"{'infraspecific_names': {'strain': 'Kutzing En'}, 'organism_name': 'Nostoc sphaeroides', 'tax_id': 446679}",1.0,,5,6531820,0,3.9e-103,GCF_003443655.1-RS_2025_03_29,H=WP_118163822.1;D=WP_118163733.1;K=WP_118163743.1,Nostoc sphaeroides,Nostoc,True,1,GCF_003443655,1,Nostoc sphaeroides,446679,Kutzing En,,nostoc sphaeroides,nostoc sphaeroides,kutzing en,,nostoc,sphaeroides,,1301,7044032f2f3e30392472be76f91d897b7b9e19e1aa12481524c7a6262c0dc6cb,GCF_003443655.1,current,Nostoc sphaeroides,446679,Complete Genome,,,,6684490,2781218,2026-03-31,5791.0,SAMN09925536,True,True,True
GCF_003555505.1,nifK-local_aln_i2.1_12182023,1.0,nifH-local_aln_i2.1_12182023,0,1.1e-51,2650294,,400.0,,nifD-local_aln_i2.1_12182023,1.0,1,1,0,0.00012,Complete Genome,,53.5,2650294,"{'infraspecific_names': {'strain': 'E542'}, 'organism_name': 'Thermosynechococcus sichuanensis E542', 'tax_id': 2016101}",0.0,,1,2650294,0,5.2e-09,GCF_003555505.1-RS_2025_08_03,H=WP_181494672.1;D=WP_181495294.1;K=WP_181495294.1,Thermosynechococcus sichuanensis E542,Thermosynechococcus,False,5,GCF_003555505,1,Thermosynechococcus sichuanensis E542,2016101,E542,,thermosynechococcus sichuanensis e542,thermosynechococcus sichuanensis e542,e542,,thermosynechococcus,sichuanensis e542,,190,b4408503a4344b079ff4af8b92683c7d3bbaa1deb2667771a8e88e087687de81,GCF_003555505.1,current,Thermosynechococcus sichuanensis E542,2016101,Complete Genome,,,,2650294,1412022,2026-08-03,2515.0,SAMN09949183,True,True,True
GCF_003574135.1,nifK-local_aln_i2.1_12182023,1.0,nifH-local_aln_i2.1_12182023,1,1.3e-155,3020309,,460.0,,nifD-local_aln_i2.1_12182023,1.0,1,1,0,1.1e-237,Complete Genome,,34.0,3020309,"{'infraspecific_names': {'isolate': 'cyanobacterium endosymbiont of Rhopalodia gibberula isolate RgSB Namiki Park'}, 'organism_name': 'cyanobacterium endosymbiont of Rhopalodia gibberula', 'tax_id': 1763363}",1.0,,1,3020309,0,1.7e-257,GCF_003574135.1-RS_2025_03_28,H=WP_119260545.1;D=WP_119260546.1;K=WP_119260547.1,cyanobacterium endosymbiont of Rhopalodia gibberula,cyanobacterium,True,5,GCF_003574135,1,cyanobacterium endosymbiont of Rhopalodia gibberula,1763363,,cyanobacterium endosymbiont of Rhopalodia gibberula isolate RgSB Namiki Park,cyanobacterium endosymbiont of rhopalodia gibberula,cyanobacterium endosymbiont of rhopalodia gibberula,,cyanobacterium endosymbiont of rhopalodia gibberula isolate rgsb namiki park,cyanobacterium,endosymbiont of rhopalodia gibberula,,185,04345d0eb2c16d1f379c2266f27f5e4e3b9d1fa5f4f07abc28d9a5af7ac3278e,GCF_003574135.1,current,cyanobacterium endosymbiont of Rhopalodia gibberula,1763363,Complete Genome,,,,3020309,1024921,2026-03-30,1943.0,SAMD00083434,True,True,True
GCF_003846445.2,nifK-local_aln_i2.1_12182023,1.0,nifH-local_aln_i2.1_12182023,1,2.5e-51,2716860,,251.7,,nifD-local_aln_i2.1_12182023,1.0,1,7,0,7.7e-07,Complete Genome,,55.0,2804843,"{'infraspecific_names': {'strain': 'PCC 11801'}, 'organism_name': 'Synechococcus elongatus PCC 11801', 'tax_id': 2219813}",1.0,,7,2716860,0,1.5e-12,GCF_003846445.2-RS_2025_08_19,H=WP_208673436.1;D=WP_208673277.1;K=WP_208673277.1,Synechococcus elongatus PCC 11801,Synechococcus,False,4,GCF_003846445,2,Synechococcus elongatus PCC 11801,2219813,PCC 11801,,synechococcus elongatus pcc 11801,synechococcus elongatus pcc 11801,pcc 11801,,synechococcus,elongatus pcc 11801,PCC 11801,171,8109c7bcd45678bbdbd7c9724dce57f84959a0c2bcadbefacf4108e7520870b3,GCF_003846445.2,current,Synechococcus elongatus PCC 11801,2219813,Complete Genome,,,,2804843,1536033,2025-08-19,2737.0,SAMN09425400,True,True,True
GCF_003945305.1,nifK-local_aln_i2.1_12182023,1.0,nifH-local_aln_i2.1_12182023,0,8.3e-54,5874197,,162.0,,nifD-local_aln_i2.1_12182023,1.0,1,1,0,0.00084,Complete Genome,,42.5,5874197,"{'infraspecific_names': {'strain': 'NIES-102'}, 'organism_name': 'Microcystis viridis NIES-102', 'tax_id': 213615}",0.0,,1,5874197,0,9.9e-10,GCF_003945305.1-RS_2025_03_16,H=WP_002773281.1;D=WP_002796162.1;K=WP_002796162.1,Microcystis viridis NIES-102,Microcystis,False,5,GCF_003945305,1,Microcystis viridis NIES-102,213615,NIES-102,,microcystis viridis nies-102,microcystis viridis nies-102,nies-102,,microcystis,viridis nies-102,NIES 102,341,fd8f1b6696db084eb8e7f8c144f51ff9b024ac4caf0248260c8d5ea89eea5806,GCF_003945305.1,current,Microcystis viridis NIES-102,213615,Complete Genome,,,,5874197,2490007,2025-03-16,5074.0,SAMD00106498,True,True,True
GCF_003957805.1,nifK-local_aln_i2.1_12182023,1.0,nifH-local_aln_i2.1_12182023,1,5.699999999999999e-51,2767524,,470.0,,nifD-local_aln_i2.1_12182023,1.0,1,3,0,7.9e-07,Complete Genome,,55.0,2881223,"{'infraspecific_names': {'strain': 'UTEX 3055'}, 'organism_name': 'Synechococcus elongatus UTEX 3055', 'tax_id': 2479200}",1.0,,3,2767524,0,1.1e-11,GCF_003957805.1-RS_2025_04_10,H=WP_126148029.1;D=WP_126147769.1;K=WP_126147769.1,Synechococcus elongatus UTEX 3055,Synechococcus,False,4,GCF_003957805,1,Synechococcus elongatus UTEX 3055,2479200,UTEX 3055,,synechococcus elongatus utex 3055,synechococcus elongatus utex 3055,utex 3055,,synechococcus,elongatus utex 3055,UTEX 3055,169,f9e6b5c521c599ac11e9ec3dc2aff99f68ec8ac740ceada3b11e15b1512130e1,GCF_003957805.1,current,Synechococcus elongatus UTEX 3055,2479200,Complete Genome,,,,2881223,1588218,2026-04-14,2879.0,SAMN09724271,True,True,True
GCF_003967015.1,nifK-local_aln_i2.1_12182023,1.0,nifH-local_aln_i2.1_12182023,1,2.1e-160,4796642,,25.0,,nifD-local_aln_i2.1_12182023,1.0,1,8,0,4.4e-244,Complete Genome,,42.0,5657972,"{'infraspecific_names': {'strain': 'ABRG5-3'}, 'organism_name': 'Pseudanabaena sp. ABRG5-3', 'tax_id': 685565}",1.0,,8,4796642,0,2.2000000000000003e-253,GCF_003967015.1-RS_2025_01_28,H=WP_126391326.1;D=WP_126391328.1;K=WP_126391330.1,Pseudanabaena sp. ABRG5-3,Pseudanabaena,True,5,GCF_003967015,1,Pseudanabaena sp. ABRG5-3,685565,ABRG5-3,,pseudanabaena sp. abrg5-3,pseudanabaena sp. abrg5-3,abrg5-3,,pseudanabaena,sp. abrg5-3,,113,99c5e1749e38c4d211a87a25f47ba88c43b0e7034ca785933e416070dd98074f,GCF_003967015.1,current,Pseudanabaena sp. ABRG5-3,685565,Complete Genome,,,,5657972,2387176,2025-01-28,4994.0,SAMD00051590,True,True,True
GCF_003990665.1,nifK-local_aln_i2.1_12182023,1.0,nifH-local_aln_i2.1_12182023,0,7.6e-52,2571271,,218.0,,nifD-local_aln_i2.1_12182023,1.0,1,1,0,0.0004,Complete Genome,,54.0,2571271,"{'infraspecific_names': {'strain': 'NIES-2134'}, 'organism_name': 'Thermostichus vulcanus NIES-2134', 'tax_id': 2005468}",0.0,,1,2571271,0,4.5e-10,NCBI Prokaryotic Genome Annotation Pipeline (PGAP),H=WP_126987953.1;D=WP_126985702.1;K=WP_126985702.1,Thermostichus vulcanus NIES-2134,Thermostichus,False,5,GCF_003990665,1,Thermostichus vulcanus NIES-2134,2005468,NIES-2134,,thermostichus vulcanus nies-2134,thermostichus vulcanus nies-2134,nies-2134,,thermostichus,vulcanus nies-2134,NIES 2134,187,49cbc724d4b3af7e419b049f4319cbeddc7901a9959e7cbac813d705873a8222,GCF_003990665.1,suppressed,Thermostichus vulcanus NIES-2134,2005468,Complete Genome,unverified source organism,This record was removed by RefSeq staff. Please contact info@ncbi.nlm.nih.gov for further details. Reason: unverified source organism,unverified source organism,2571271,1386417,2023-11-09,2443.0,SAMD00081177,True,True,True
GCF_004209775.1,nifK-local_aln_i2.1_12182023,1.0,nifH-local_aln_i2.1_12182023,1,1.7999999999999997e-51,2630292,,175.0,,nifD-local_aln_i2.1_12182023,1.0,1,1,0,5.6e-07,Complete Genome,,63.5,2630292,"{'infraspecific_names': {'strain': 'WH 8101'}, 'organism_name': 'Synechococcus sp. WH 8101', 'tax_id': 59932}",1.0,,1,2630292,0,2.2e-06,GCF_004209775.1-RS_2024_08_23,H=WP_130129595.1;D=WP_130129594.1;K=WP_130129594.1,Synechococcus sp. WH 8101,Synechococcus,False,4,GCF_004209775,1,Synechococcus sp. WH 8101,59932,WH 8101,,synechococcus sp. wh 8101,synechococcus sp. wh 8101,wh 8101,,synechococcus,sp. wh 8101,,536,7f3e6bda79621ed6ab6526c508171d581367d474d1ea878a6e4a26d2f7f37a32,GCF_004209775.1,current,Synechococcus sp. WH 8101,59932,Complete Genome,,,,2630292,1665905,2024-08-23,2750.0,SAMN10863495,True,True,True
GCF_007904085.1,nifK-local_aln_i2.1_12182023,1.0,nifH-local_aln_i2.1_12182023,1,1.3e-158,3326959,,1357.0,,nifD-local_aln_i2.1_12182023,1.0,1,5,0,2.1e-229,Complete Genome,,41.0,3524308,"{'infraspecific_names': {'strain': 'Z-M001'}, 'organism_name': 'Euhalothece natronophila Z-M001', 'tax_id': 522448}",1.0,,5,3326959,0,7.5e-245,GCF_007904085.1-RS_2025_11_20,H=WP_146294449.1;D=WP_146294450.1;K=WP_146294452.1,Euhalothece natronophila Z-M001,Euhalothece,True,3,GCF_007904085,1,Euhalothece natronophila Z-M001,522448,Z-M001,,euhalothece natronophila z-m001,euhalothece natronophila z-m001,z-m001,,euhalothece,natronophila z-m001,,143,c352d8a062804670eb50576c51e3396add7d0610ebde6898334929e03532b84c,GCF_007904085.1,current,Euhalothece natronophila Z-M001,522448,Complete Genome,,,,3524308,1445072,2025-11-20,3422.0,SAMN12419044,True,True,True
GCF_008121535.1,nifK-local_aln_i2.1_12182023,1.0,nifH-local_aln_i2.1_12182023,1,3.2e-162,5407479,,320.0,,nifD-local_aln_i2.1_12182023,1.0,1,4,0,4.2e-249,Complete Genome,,38.0,5642022,"{'infraspecific_names': {'strain': 'UHCC 0315A'}, 'organism_name': 'Dolichospermum sp. UHCC 0315A', 'tax_id': 1914871}",1.0,,4,5407479,0,8.9e-237,GCF_008121535.1-RS_2024_08_24,H=WP_148759939.1;D=WP_148762529.1;K=WP_148762493.1,Dolichospermum sp. UHCC 0315A,Dolichospermum,True,2,GCF_008121535,1,Dolichospermum sp. UHCC 0315A,1914871,UHCC 0315A,,dolichospermum sp. uhcc 0315a,dolichospermum sp. uhcc 0315a,uhcc 0315a,,dolichospermum,sp. uhcc 0315a,,935,a120e911ca727908eb6a0e61556e06552d293c596df1c393f5fd95c84b80522f,GCF_008121535.1,current,Dolichospermum sp. UHCC 0315A,1914871,Complete Genome,,,,5642022,2152906,2024-08-24,5023.0,SAMN05967626,True,True,True
GCF_008386235.1,nifK-local_aln_i2.1_12182023,1.0,nifH-local_aln_i2.1_12182023,0,4.9e-52,2647823,,415.0,,nifD-local_aln_i2.1_12182023,1.0,1,1,0,6.2e-05,Complete Genome,,53.5,2647823,"{'infraspecific_names': {'strain': 'CL-1'}, 'organism_name': 'Thermosynechococcus sp. CL-1', 'tax_id': 2583530}",0.0,,1,2647823,0,1.4e-10,GCF_008386235.1-RS_2024_11_06,H=WP_149819367.1;D=WP_149821788.1;K=WP_149821788.1,Thermosynechococcus sp. CL-1,Thermosynechococcus,False,5,GCF_008386235,1,Thermosynechococcus sp. CL-1,2583530,CL-1,,thermosynechococcus sp. cl-1,thermosynechococcus sp. cl-1,cl-1,,thermosynechococcus,sp. cl-1,,190,5bc9bad476874413dedf251015e151a701aef47a0d3d32e7e31b85b9173be203,GCF_008386235.1,current,Thermosynechococcus sp. CL-1,2583530,Complete Genome,,,,2647823,1415998,2024-11-06,2543.0,SAMN11823200,True,True,True
GCF_008807075.1,nifK-local_aln_i2.1_12182023,0.0,nifH-local_aln_i2.1_12182023,0,7.2e-53,2984853,,2500.0,,nifD-local_aln_i2.1_12182023,1.0,1,1,0,0.00015,Complete Genome,,68.0,2984853,"{'infraspecific_names': {'strain': 'RSCCF101'}, 'organism_name': 'Synechococcus sp. RSCCF101', 'tax_id': 2511069}",0.0,,1,2984853,0,1.9e-05,GCF_008807075.1-RS_2024_08_15,H=WP_150882270.1;D=WP_150882269.1;K=WP_150882269.1,Synechococcus sp. RSCCF101,Synechococcus,False,4,GCF_008807075,1,Synechococcus sp. RSCCF101,2511069,RSCCF101,,synechococcus sp. rsccf101,synechococcus sp. rsccf101,rsccf101,,synechococcus,sp. rsccf101,,319,b25e5e45ff108e7e3547a98e4fb204250031d5ece16b8671c09280bc2f4a6e4f,GCF_008807075.1,current,Synechococcus sp. RSCCF101,2511069,Complete Genome,,,,2984853,2029145,2024-08-15,2788.0,SAMN10850838,True,True,True
GCF_009372195.1,nifK-local_aln_i2.1_12182023,1.0,nifH-local_aln_i2.1_12182023,1,7.7e-162,6481972,,191.0,,nifD-local_aln_i2.1_12182023,1.0,1,9,0,1.6e-245,Complete Genome,,41.5,9516388,"{'infraspecific_names': {'isolate': 'CCNUC1'}, 'organism_name': 'Nostoc sphaeroides CCNUC1', 'tax_id': 2653204}",1.0,,9,6481972,0,2.1e-103,GCF_009372195.1-RS_2025_03_28,H=WP_118163822.1;D=WP_152588230.1;K=WP_118163743.1,Nostoc sphaeroides CCNUC1,Nostoc,True,1,GCF_009372195,1,Nostoc sphaeroides CCNUC1,2653204,,CCNUC1,nostoc sphaeroides ccnuc1,nostoc sphaeroides ccnuc1,,ccnuc1,nostoc,sphaeroides ccnuc1,,1330,23c415be857ed1979c197a76c47d1efe10635a1c7ee5f22b8abcfa4bfef45acb,GCF_009372195.1,current,Nostoc sphaeroides CCNUC1,2653204,Complete Genome,,,,9516388,3934141,2025-03-28,8159.0,SAMN12992885,True,True,True
GCF_009498015.1,nifK-local_aln_i2.1_12182023,1.0,nifH-local_aln_i2.1_12182023,1,9.700000000000002e-164,7013200,,215.0,,nifD-local_aln_i2.1_12182023,1.0,1,1,0,6.2e-259,Complete Genome,,41.5,7013200,"{'infraspecific_names': {'strain': 'YBS01'}, 'organism_name': 'Anabaena sp. YBS01', 'tax_id': 2490939}",1.0,,1,7013200,0,1.8e-257,GCF_009498015.1-RS_2024_07_31,H=WP_011320610.1;D=WP_011320928.1;K=WP_011320624.1,Anabaena sp. YBS01,Anabaena,True,3,GCF_009498015,1,Anabaena sp. YBS01,2490939,YBS01,,anabaena sp. ybs01,anabaena sp. ybs01,ybs01,,anabaena,sp. ybs01,,1326,3e877044d0f282b5e45c95072b72247039e72b6dc2111d9841313a9ba9f3123e,GCF_009498015.1,current,Anabaena sp. YBS01,2490939,Complete Genome,,,,7013200,2905792,2024-07-31,5760.0,SAMN10417483,True,True,True
GCF_009498715.2,nifK-local_aln_i2.1_12182023,1.0,nifH-local_aln_i2.1_12182023,1,2.5e-51,2775312,,44.0,,nifD-local_aln_i2.1_12182023,1.0,1,5,0,9.3e-07,Complete Genome,,55.0,2804512,"{'infraspecific_names': {'strain': 'PCC 11802'}, 'organism_name': 'Synechococcus elongatus PCC 11802', 'tax_id': 2283154}",1.0,,5,2775312,0,3.2e-12,GCF_009498715.2-RS_2025_05_01,H=WP_208677858.1;D=WP_208677779.1;K=WP_208677779.1,Synechococcus elongatus PCC 11802,Synechococcus,False,4,GCF_009498715,2,Synechococcus elongatus PCC 11802,2283154,PCC 11802,,synechococcus elongatus pcc 11802,synechococcus elongatus pcc 11802,pcc 11802,,synechococcus,elongatus pcc 11802,PCC 11802,170,a5aa65d1be9b6771dd5c7119e943264c358dfe83d4f7ffe557c18869f459a291,GCF_009498715.2,current,Synechococcus elongatus PCC 11802,2283154,Complete Genome,,,,2804512,1535944,2025-05-01,2746.0,SAMN10613228,True,True,True
GCF_009792235.1,nifK-local_aln_i2.1_12182023,1.0,nifH-local_aln_i2.1_12182023,0,8.3e-54,5449501,,125.0,,nifD-local_aln_i2.1_12182023,1.0,1,2,0,0.0012,Complete Genome,,42.5,5493112,"{'infraspecific_names': {'strain': 'FD4'}, 'organism_name': 'Microcystis aeruginosa FD4', 'tax_id': 2686288}",0.0,,2,5449501,0,1.5e-09,GCF_009792235.1-RS_2025_08_24,H=WP_002773281.1;D=WP_158199865.1;K=WP_158199865.1,Microcystis aeruginosa FD4,Microcystis,False,5,GCF_009792235,1,Microcystis aeruginosa FD4,2686288,FD4,,microcystis aeruginosa fd4,microcystis aeruginosa fd4,fd4,,microcystis,aeruginosa fd4,,326,7dfbcc83d9a16e844e96bf6a5c2c400850ed2d2653f278a0822e8502a039cdbc,GCF_009792235.1,current,Microcystis aeruginosa FD4,2686288,Complete Genome,,,,5493112,2338595,2025-08-24,4953.0,SAMN13567245,True,True,True
GCF_009856605.1,nifK-local_aln_i2.1_12182023,1.0,nifH-local_aln_i2.1_12182023,1,9.700000000000002e-164,6377767,,212.0,,nifD-local_aln_i2.1_12182023,1.0,1,5,0,6.2e-259,Complete Genome,,41.5,7096012,"{'infraspecific_names': {'strain': '0441'}, 'organism_name': 'Trichormus variabilis 0441', 'tax_id': 375899}",1.0,,5,6377767,0,1.8e-257,GCF_009856605.1-RS_2025_05_21,H=WP_011320610.1;D=WP_011320928.1;K=WP_011320624.1,Trichormus variabilis 0441,Trichormus,True,5,GCF_009856605,1,Trichormus variabilis 0441,375899,0441,,trichormus variabilis 0441,trichormus variabilis 0441,0441,,trichormus,variabilis 0441,,1333,c439e0dc1632ff4ca71390df29161a705f38507e8a8ce328f1fd76f6eb112928,GCF_009856605.1,current,Trichormus variabilis 0441,375899,Complete Genome,,,,7096012,2937904,2026-05-22,5838.0,SAMN13702813,True,True,True
GCF_009873495.1,nifK-local_aln_i2.1_12182023,1.0,nifH-local_aln_i2.1_12182023,1,1.4e-162,7340101,,38.0,,nifD-local_aln_i2.1_12182023,1.0,1,13,0,8.200000000000004e-246,Complete Genome,,41.5,8653730,"{'infraspecific_names': {'strain': 'ATCC 53789'}, 'organism_name': 'Nostoc sp. ATCC 53789', 'tax_id': 76335}",1.0,,13,7340101,0,5.1e-240,GCF_009873495.1-RS_2024_06_03,H=WP_114083679.1;D=WP_114083678.1;K=WP_114083661.1,Nostoc sp. ATCC 53789,Nostoc,True,1,GCF_009873495,1,Nostoc sp. ATCC 53789,76335,ATCC 53789,,nostoc sp. atcc 53789,nostoc sp. atcc 53789,atcc 53789,,nostoc,sp. atcc 53789,ATCC 53789,1340,46763822275baefbd895a451da3f5744484ce98da2b2eab122f92d4f4ef210c7,GCF_009873495.1,current,Nostoc sp. ATCC 53789,76335,Complete Genome,,,,8653730,3583645,2024-06-03,7027.0,SAMN13242330,True,True,True
GCF_010196425.1,nifK-local_aln_i2.1_12182023,1.0,nifH-local_aln_i2.1_12182023,0,5.1999999999999995e-54,4997809,,104.0,,nifD-local_aln_i2.1_12182023,1.0,1,2,0,0.0011,Complete Genome,,42.5,5015081,"{'infraspecific_names': {'strain': 'NIES-298'}, 'organism_name': 'Microcystis aeruginosa NIES-298', 'tax_id': 449468}",0.0,,2,4997809,0,1.4e-09,GCF_010196425.1-RS_2025_04_26,H=WP_002735653.1;D=WP_002770669.1;K=WP_002770669.1,Microcystis aeruginosa NIES-298,Microcystis,False,5,GCF_010196425,1,Microcystis aeruginosa NIES-298,449468,NIES-298,,microcystis aeruginosa nies-298,microcystis aeruginosa nies-298,nies-298,,microcystis,aeruginosa nies-298,NIES 298,344,d3f3ae7179f281fddc074e74752721609737c1a5012a0e43b3b35179ed3db7cf,GCF_010196425.1,current,Microcystis aeruginosa NIES-298,449468,Complete Genome,,,,5015081,2134093,2025-04-26,4478.0,SAMN10054359,True,True,True
GCF_011769525.1,nifK-local_aln_i2.1_12182023,1.0,nifH-local_aln_i2.1_12182023,1,4.2000000000000006e-164,8479123,,30.0,,nifD-local_aln_i2.1_12182023,1.0,1,7,0,1.1e-208,Complete Genome,,40.5,8761534,"{'infraspecific_names': {'strain': 'PCC 7910'}, 'organism_name': 'Tolypothrix sp. PCC 7910', 'tax_id': 2099387}",1.0,,7,8479123,0,7.799999999999999e-240,GCF_011769525.1-RS_2024_08_25,H=WP_167723396.1;D=WP_167719732.1;K=WP_167719695.1,Tolypothrix sp. PCC 7910,Tolypothrix,True,4,GCF_011769525,1,Tolypothrix sp. PCC 7910,2099387,PCC 7910,,tolypothrix sp. pcc 7910,tolypothrix sp. pcc 7910,pcc 7910,,tolypothrix,sp. pcc 7910,PCC 7910,1297,8c028f1f6705538b8668200dde85b39df5c6a34c43d57e608ec9aa1d7f44fa8e,GCF_011769525.1,current,Tolypothrix sp. PCC 7910,2099387,Complete Genome,,,,8761534,3556024,2024-08-25,6831.0,SAMN14299416,True,True,True
GCF_012295525.1,nifK-local_aln_i2.1_12182023,1.0,nifH-local_aln_i2.1_12182023,0,1.3e-51,6357750,,795.0,,nifD-local_aln_i2.1_12182023,1.0,1,1,0,0.0012,Complete Genome,,51.5,6357750,"{'infraspecific_names': {'strain': 'AP17'}, 'organism_name': 'Oxynema aestuarii AP17', 'tax_id': 2064643}",0.0,,1,6357750,0,1e-11,GCF_012295525.1-RS_2025_09_22,H=WP_168569775.1;D=WP_168570355.1;K=WP_168570355.1,Oxynema aestuarii AP17,Oxynema,False,1,GCF_012295525,1,Oxynema aestuarii AP17,2064643,AP17,,oxynema aestuarii ap17,oxynema aestuarii ap17,ap17,,oxynema,aestuarii ap17,,276,cf2d7d68b4d9de768670d51336b130a643459ddbc713e2c48770b4dbe32d9b3f,GCF_012295525.1,current,Oxynema aestuarii AP17,2064643,Complete Genome,,,,6357750,3271223,2025-09-22,5007.0,SAMN14410527,True,True,True
GCF_012516315.1,nifK-local_aln_i2.1_12182023,1.0,nifH-local_aln_i2.1_12182023,1,6.5e-52,6423694,,114.0,,nifD-local_aln_i2.1_12182023,1.0,1,1,0,1e-06,Complete Genome,,45.0,6423694,"{'infraspecific_names': {'strain': 'SAG 85.79'}, 'organism_name': 'Limnospira fusiformis SAG 85.79', 'tax_id': 1521533}",1.0,,1,6423694,0,3e-08,GCF_012516315.1-RS_2025_08_04,H=WP_006624178.1;D=WP_006670229.1;K=WP_006670229.1,Limnospira fusiformis SAG 85.79,Limnospira,False,5,GCF_012516315,1,Limnospira fusiformis SAG 85.79,1521533,SAG 85.79,,limnospira fusiformis sag 85.79,limnospira fusiformis sag 85.79,sag 85.79,,limnospira,fusiformis sag 85.79,SAG 85,254,de7c2652c1afcdafc98d88e22904d32a8062f8d3c1dd06b39891a4a95cba0094,GCF_012516315.1,current,Limnospira fusiformis SAG 85.79,1521533,Complete Genome,,,,6423694,2882690,2026-08-04,5611.0,SAMN14546157,True,True,True
GCF_012516395.1,nifK-local_aln_i2.1_12182023,1.0,nifH-local_aln_i2.1_12182023,1,7.799999999999999e-53,5151752,,114.08,,nifD-local_aln_i2.1_12182023,1.0,1,2,0,4.2e-249,Complete Genome,,38.0,5220684,"{'infraspecific_names': {'strain': 'CCAP 1403/13f'}, 'organism_name': 'Dolichospermum flos-aquae CCAP 1403/13F', 'tax_id': 315271}",1.0,,2,5151752,0,3.3e-237,GCF_012516395.1-RS_2025_08_25,H=WP_015079916.1;D=WP_051155216.1;K=WP_148762493.1,Dolichospermum flos-aquae CCAP 1403/13F,Dolichospermum,True,2,GCF_012516395,1,Dolichospermum flos-aquae CCAP 1403/13F,315271,CCAP 1403/13f,,dolichospermum flos-aquae ccap 1403/13f,dolichospermum flos-aquae ccap 1403/13f,ccap 1403/13f,,dolichospermum,flos-aquae ccap 1403/13f,CCAP 1403/13F,939,5c6ae2608174c174a516b7425e09078c6caded312ee9ba3c496bdadd7a848c48,GCF_012516395.1,current,Dolichospermum flos-aquae CCAP 1403/13F,315271,Complete Genome,,,,5220684,1991558,2026-08-25,4718.0,SAMN14567401,True,True,True
GCF_013177315.1,nifK-local_aln_i2.1_12182023,1.0,nifH-local_aln_i2.1_12182023,1,6.2000000000000005e-161,5525100,,180.0,,nifD-local_aln_i2.1_12182023,1.0,1,1,0,2.0000000000000001e-233,Complete Genome,,56.5,5525100,"{'infraspecific_names': {'strain': 'A183'}, 'organism_name': 'Thermoleptolyngbya sichuanensis A183', 'tax_id': 2737172}",1.0,,1,5525100,0,1.3000000000000002e-251,GCF_013177315.1-RS_2025_11_20,H=WP_172355833.1;D=WP_172355835.1;K=WP_172355837.1,Thermoleptolyngbya sichuanensis A183,Thermoleptolyngbya,True,3,GCF_013177315,1,Thermoleptolyngbya sichuanensis A183,2737172,A183,,thermoleptolyngbya sichuanensis a183,thermoleptolyngbya sichuanensis a183,a183,,thermoleptolyngbya,sichuanensis a183,,293,f77bdbd4bbb71a0284a93df2df1801563d1711f9a48260c3f53ac66216ad26cc,GCF_013177315.1,current,Thermoleptolyngbya sichuanensis A183,2737172,Complete Genome,,,,5525100,3114869,2025-11-20,4477.0,SAMN14943777,True,True,True
GCF_013343235.1,nifK-local_aln_i2.1_12182023,1.0,nifH-local_aln_i2.1_12182023,1,7.7e-162,7887247,,58.0,,nifD-local_aln_i2.1_12182023,1.0,1,1,0,1.7999999999999998e-245,Complete Genome,,41.5,7887247,"{'infraspecific_names': {'isolate': 'TCL240-02'}, 'organism_name': 'Nostoc sp. TCL240-02', 'tax_id': 2572090}",1.0,,1,7887247,0,4.9e-258,GCF_013343235.1-RS_2024_07_27,H=WP_174710323.1;D=WP_174710321.1;K=WP_174710319.1,Nostoc sp. TCL240-02,Nostoc,True,1,GCF_013343235,1,Nostoc sp. TCL240-02,2572090,,TCL240-02,nostoc sp. tcl240-02,nostoc sp. tcl240-02,,tcl240-02,nostoc,sp. tcl240-02,,1330,7ae2ac0bc31c506c58892ff0c0936492a581b3a62f4bb19662aac033f7583803,GCF_013343235.1,current,Nostoc sp. TCL240-02,2572090,Complete Genome,,,,7887247,3256367,2024-07-27,6526.0,SAMN11484046,True,True,True
GCF_013393905.1,nifK-local_aln_i2.1_12182023,1.0,nifH-local_aln_i2.1_12182023,1,1.4e-162,7828336,,84.0,,nifD-local_aln_i2.1_12182023,1.0,1,9,0,1.2e-245,Complete Genome,,41.5,9879831,"{'infraspecific_names': {'strain': 'C052'}, 'organism_name': 'Nostoc sp. C052', 'tax_id': 2576902}",1.0,,9,7828336,0,7.2e-240,GCF_013393905.1-RS_2024_08_31,H=WP_179064204.1;D=WP_179064205.1;K=WP_179064229.1,Nostoc sp. C052,Nostoc,True,1,GCF_013393905,1,Nostoc sp. C052,2576902,C052,,nostoc sp. c052,nostoc sp. c052,c052,,nostoc,sp. c052,,1322,bef61b832a597e8aa1d3585ce7c39de0a84e53a86d1c2075627b01a481ce814f,GCF_013393905.1,current,Nostoc sp. C052,2576902,Complete Genome,,,,9879831,4100114,2024-08-31,8174.0,SAMN11587828,True,True,True
GCF_013393925.1,nifK-local_aln_i2.1_12182023,1.0,nifH-local_aln_i2.1_12182023,1,1.4e-162,7495445,,20.0,,nifD-local_aln_i2.1_12182023,1.0,1,16,0,1.2e-245,Complete Genome,,41.5,9234448,"{'infraspecific_names': {'strain': 'C057'}, 'organism_name': 'Nostoc sp. C057', 'tax_id': 2576903}",1.0,,16,7495445,0,4.3e-240,GCF_013393925.1-RS_2024_08_31,H=WP_114083679.1;D=WP_179071827.1;K=WP_179071806.1,Nostoc sp. C057,Nostoc,True,1,GCF_013393925,1,Nostoc sp. C057,2576903,C057,,nostoc sp. c057,nostoc sp. c057,c057,,nostoc,sp. c057,,1337,0741f16b0a4992d102201dfb5368a00a12f07df66286fd6f3903a9c8054d1bb9,GCF_013393925.1,current,Nostoc sp. C057,2576903,Complete Genome,,,,9234448,3827490,2024-08-31,7743.0,SAMN11587924,True,True,True
GCF_013393945.1,nifK-local_aln_i2.1_12182023,1.0,nifH-local_aln_i2.1_12182023,1,1.1e-163,6765102,,42.0,,nifD-local_aln_i2.1_12182023,1.0,1,8,0,1.2e-256,Complete Genome,,41.0,7387676,"{'infraspecific_names': {'strain': 'TCL26-01'}, 'organism_name': 'Nostoc sp. TCL26-01', 'tax_id': 2576904}",1.0,,8,6765102,0,1.5e-240,GCF_013393945.1-RS_2024_08_31,H=WP_179049315.1;D=WP_179049314.1;K=WP_179049274.1,Nostoc sp. TCL26-01,Nostoc,True,1,GCF_013393945,1,Nostoc sp. TCL26-01,2576904,TCL26-01,,nostoc sp. tcl26-01,nostoc sp. tcl26-01,tcl26-01,,nostoc,sp. tcl26-01,,1277,22e797f07a77bdaa3a5c67bbf9627964900b7f868e5f1287d210c9ddbbcfd203,GCF_013393945.1,current,Nostoc sp. TCL26-01,2576904,Complete Genome,,,,7387676,3033060,2024-08-31,6204.0,SAMN11588057,True,True,True
GCF_014023275.1,nifK-local_aln_i2.1_12182023,1.0,nifH-local_aln_i2.1_12182023,1,7.300000000000001e-162,7733505,,163.6,,nifD-local_aln_i2.1_12182023,1.0,1,6,0,9.000000000000004e-246,Complete Genome,,41.5,8316316,"{'infraspecific_names': {'strain': 'CCNP1411'}, 'organism_name': 'Nostoc edaphicum CCNP1411', 'tax_id': 1472755}",1.0,,6,7733505,0,6.1e-239,GCF_014023275.1-RS_2025_03_28,H=WP_181928125.1;D=WP_181928126.1;K=WP_181928152.1,Nostoc edaphicum CCNP1411,Nostoc,True,1,GCF_014023275,1,Nostoc edaphicum CCNP1411,1472755,CCNP1411,,nostoc edaphicum ccnp1411,nostoc edaphicum ccnp1411,ccnp1411,,nostoc,edaphicum ccnp1411,,1346,398535264b31bee6cb4956990a4e696bd9cba7cc46ab77accefa9ee43566eca9,GCF_014023275.1,current,Nostoc edaphicum CCNP1411,1472755,Complete Genome,,,,8316316,3458799,2025-03-28,6704.0,SAMN15196599,True,True,True
GCF_014217875.1,nifK-local_aln_i2.1_12182023,0.0,nifH-local_aln_i2.1_12182023,0,8e-52,2415533,,127.0,,nifD-local_aln_i2.1_12182023,1.0,1,1,0,3.4e-07,Complete Genome,,62.5,2415533,"{'infraspecific_names': {'strain': 'LTW-R'}, 'organism_name': 'Synechococcus sp. LTW-R', 'tax_id': 2751170}",1.0,,1,2415533,0,0.00015,GCF_014217875.1-RS_2024_08_16,H=WP_185187419.1;D=WP_185187418.1;K=WP_185187418.1,Synechococcus sp. LTW-R,Synechococcus,False,4,GCF_014217875,1,Synechococcus sp. LTW-R,2751170,LTW-R,,synechococcus sp. ltw-r,synechococcus sp. ltw-r,ltw-r,,synechococcus,sp. ltw-r,,372,8f9c37727e34afd13c755ee3ffe5f97cf77c5d5e2b7aed172a4b579eb7df6a33,GCF_014217875.1,current,Synechococcus sp. LTW-R,2751170,Complete Genome,,,,2415533,1511222,2024-08-16,2586.0,SAMN15487727,True,True,True
GCF_014279535.1,nifK-local_aln_i2.1_12182023,0.0,nifH-local_aln_i2.1_12182023,0,1.7e-52,2190394,,3585.89,,nifD-local_aln_i2.1_12182023,1.0,1,1,0,9.8e-07,Complete Genome,,61.0,2190394,"{'infraspecific_names': {'strain': 'TAK9802'}, 'organism_name': 'Synechococcus sp. TAK9802', 'tax_id': 1442558}",1.0,,1,2190394,0,0.00022,GCF_014279535.1-RS_2024_08_17,H=WP_114988518.1;D=WP_186495774.1;K=WP_186495774.1,Synechococcus sp. TAK9802,Synechococcus,False,4,GCF_014279535,1,Synechococcus sp. TAK9802,1442558,TAK9802,,synechococcus sp. tak9802,synechococcus sp. tak9802,tak9802,,synechococcus,sp. tak9802,,517,eaec5016c5ba70d40d393df883de5d9400f143ed95e9721595524d4bf00233e3,GCF_014279535.1,current,Synechococcus sp. TAK9802,1442558,Complete Genome,,,,2190394,1330892,2024-08-17,2430.0,SAMN13641351,True,True,True
GCF_014279555.1,nifK-local_aln_i2.1_12182023,0.0,nifH-local_aln_i2.1_12182023,0,3.1999999999999996e-53,2728628,,704.383,,nifD-local_aln_i2.1_12182023,1.0,1,1,0,4.8e-06,Complete Genome,,53.5,2728628,"{'infraspecific_names': {'strain': 'SYN20'}, 'organism_name': 'Synechococcus sp. SYN20', 'tax_id': 1050714}",1.0,,1,2728628,0,0.00018,GCF_014279555.1-RS_2024_08_17,H=WP_186523425.1;D=WP_186523423.1;K=WP_186523423.1,Synechococcus sp. SYN20,Synechococcus,False,4,GCF_014279555,1,Synechococcus sp. SYN20,1050714,SYN20,,synechococcus sp. syn20,synechococcus sp. syn20,syn20,,synechococcus,sp. syn20,,533,90f11697f1d2a7395e5d62ae0eab677604f77ebe8e20b0ae464e71aed9137a1d,GCF_014279555.1,current,Synechococcus sp. SYN20,1050714,Complete Genome,,,,2728628,1457697,2024-08-17,2826.0,SAMN13641329,True,True,True
GCF_014279595.1,nifK-local_aln_i2.1_12182023,1.0,nifH-local_aln_i2.1_12182023,1,2.6e-51,2603169,,3547.48,,nifD-local_aln_i2.1_12182023,1.0,1,1,0,5.5e-08,Complete Genome,,64.5,2603169,"{'infraspecific_names': {'strain': 'RS9909'}, 'organism_name': 'Synechococcus sp. RS9909', 'tax_id': 221352}",1.0,,1,2603169,0,6.1e-07,GCF_014279595.1-RS_2024_08_17,H=WP_038001202.1;D=WP_007101963.1;K=WP_007101963.1,Synechococcus sp. RS9909,Synechococcus,False,4,GCF_014279595,1,Synechococcus sp. RS9909,221352,RS9909,,synechococcus sp. rs9909,synechococcus sp. rs9909,rs9909,,synechococcus,sp. rs9909,,531,985aaee172f812f72b6bbece72635cfd63911d1dd37ce60820b5bea591df6a8c,GCF_014279595.1,current,Synechococcus sp. RS9909,221352,Complete Genome,,,,2603169,1677480,2024-08-17,2716.0,SAMN13641345,True,True,True
GCF_014279615.1,nifK-local_aln_i2.1_12182023,0.0,nifH-local_aln_i2.1_12182023,0,1.7e-52,2581635,,2121.64,,nifD-local_aln_i2.1_12182023,1.0,1,1,0,6.6e-07,Complete Genome,,60.5,2581635,"{'infraspecific_names': {'strain': 'RS9907'}, 'organism_name': 'Synechococcus sp. RS9907', 'tax_id': 221350}",1.0,,1,2581635,0,0.00013,GCF_014279615.1-RS_2024_08_17,H=WP_114988518.1;D=WP_188021835.1;K=WP_188021835.1,Synechococcus sp. RS9907,Synechococcus,False,4,GCF_014279615,1,Synechococcus sp. RS9907,221350,RS9907,,synechococcus sp. rs9907,synechococcus sp. rs9907,rs9907,,synechococcus,sp. rs9907,,525,d3338ea5ee13382cdbae43ce53a42caf2874daa440bcb6f6aa567fdf2527f445,GCF_014279615.1,current,Synechococcus sp. RS9907,221350,Complete Genome,,,,2581635,1558254,2024-08-17,2732.0,SAMN13641344,True,True,True
GCF_014279635.1,nifK-local_aln_i2.1_12182023,0.0,nifH-local_aln_i2.1_12182023,0,1.7e-52,2481217,,4598.4,,nifD-local_aln_i2.1_12182023,1.0,1,1,0,2.2e-06,Complete Genome,,60.0,2481217,"{'infraspecific_names': {'strain': 'RS9902'}, 'organism_name': 'Synechococcus sp. RS9902', 'tax_id': 221345}",1.0,,1,2481217,0,0.00019,GCF_014279635.1-RS_2024_08_17,H=WP_114988518.1;D=WP_186509061.1;K=WP_186509061.1,Synechococcus sp. RS9902,Synechococcus,False,4,GCF_014279635,1,Synechococcus sp. RS9902,221345,RS9902,,synechococcus sp. rs9902,synechococcus sp. rs9902,rs9902,,synechococcus,sp. rs9902,,523,0cc9caac0c9a603210055b737393f19e145ee8de9bbfa3de346b4a9507aeee81,GCF_014279635.1,current,Synechococcus sp. RS9902,221345,Complete Genome,,,,2481217,1483112,2024-08-17,2634.0,SAMN13641339,True,True,True
GCF_014279655.1,nifK-local_aln_i2.1_12182023,0.0,nifH-local_aln_i2.1_12182023,0,1.4999999999999999e-53,2876904,,4672.1,,nifD-local_aln_i2.1_12182023,1.0,1,1,0,3.9e-06,Complete Genome,,54.0,2876904,"{'infraspecific_names': {'strain': 'ROS8604'}, 'organism_name': 'Synechococcus sp. ROS8604', 'tax_id': 1442557}",1.0,,1,2876904,0,3.5e-05,GCF_014279655.1-RS_2024_08_17,H=WP_006853355.1;D=WP_186543964.1;K=WP_186543964.1,Synechococcus sp. ROS8604,Synechococcus,False,4,GCF_014279655,1,Synechococcus sp. ROS8604,1442557,ROS8604,,synechococcus sp. ros8604,synechococcus sp. ros8604,ros8604,,synechococcus,sp. ros8604,,530,d60b172a820443ee60951dfe28aa6ba042781c152399a7b25c92d85c57973046,GCF_014279655.1,current,Synechococcus sp. ROS8604,1442557,Complete Genome,,,,2876904,1552485,2024-08-17,3065.0,SAMN13641342,True,True,True
GCF_014279755.1,nifK-local_aln_i2.1_12182023,0.0,nifH-local_aln_i2.1_12182023,0,1.4e-52,2576003,,4348.6,,nifD-local_aln_i2.1_12182023,1.0,1,1,0,1.1e-06,Complete Genome,,58.5,2576003,"{'infraspecific_names': {'strain': 'PROS-U-1'}, 'organism_name': 'Synechococcus sp. PROS-U-1', 'tax_id': 1400866}",1.0,,1,2576003,0,9.7e-05,GCF_014279755.1-RS_2024_08_17,H=WP_186571627.1;D=WP_186571630.1;K=WP_186571630.1,Synechococcus sp. PROS-U-1,Synechococcus,False,4,GCF_014279755,1,Synechococcus sp. PROS-U-1,1400866,PROS-U-1,,synechococcus sp. pros-u-1,synechococcus sp. pros-u-1,pros-u-1,,synechococcus,sp. pros-u-1,,514,9413d1f1a1ed4125f68024b5071d4132ecc82d76c1dcfbb3e7b62b23273456e5,GCF_014279755.1,current,Synechococcus sp. PROS-U-1,1400866,Complete Genome,,,,2576003,1503900,2024-08-17,2703.0,SAMN13641337,True,True,True
GCF_014279775.1,nifK-local_aln_i2.1_12182023,1.0,nifH-local_aln_i2.1_12182023,1,1.4e-52,2273940,,805.47,,nifD-local_aln_i2.1_12182023,1.0,1,1,0,1.3e-06,Complete Genome,,54.0,2273940,"{'infraspecific_names': {'strain': 'PROS-9-1'}, 'organism_name': 'Synechococcus sp. PROS-9-1', 'tax_id': 1968775}",1.0,,1,2273940,0,7.5e-06,GCF_014279775.1-RS_2024_08_17,H=WP_186515957.1;D=WP_186515956.1;K=WP_186515956.1,Synechococcus sp. PROS-9-1,Synechococcus,False,4,GCF_014279775,1,Synechococcus sp. PROS-9-1,1968775,PROS-9-1,,synechococcus sp. pros-9-1,synechococcus sp. pros-9-1,pros-9-1,,synechococcus,sp. pros-9-1,,530,b795e9e2cc09baa573d1864f3135d465d28f847ee4b825d2832a0803545876a4,GCF_014279775.1,current,Synechococcus sp. PROS-9-1,1968775,Complete Genome,,,,2273940,1225386,2024-08-17,2362.0,SAMN13641327,True,True,True
GCF_014279795.1,nifK-local_aln_i2.1_12182023,1.0,nifH-local_aln_i2.1_12182023,1,8.799999999999999e-53,2565218,,1817.55,,nifD-local_aln_i2.1_12182023,1.0,1,1,0,4.6e-06,Complete Genome,,59.5,2565218,"{'infraspecific_names': {'strain': 'PROS-7-1'}, 'organism_name': 'Synechococcus sp. PROS-7-1', 'tax_id': 1442556}",1.0,,1,2565218,0,6.6e-06,GCF_014279795.1-RS_2024_08_17,H=WP_186596738.1;D=WP_186596740.1;K=WP_186596740.1,Synechococcus sp. PROS-7-1,Synechococcus,False,4,GCF_014279795,1,Synechococcus sp. PROS-7-1,1442556,PROS-7-1,,synechococcus sp. pros-7-1,synechococcus sp. pros-7-1,pros-7-1,,synechococcus,sp. pros-7-1,,545,3e4934e5cdbc027d7cf5739a0d360f2e4875949dbe25375bb14c28bd4b3d00db,GCF_014279795.1,current,Synechococcus sp. PROS-7-1,1442556,Complete Genome,,,,2565218,1520343,2024-08-17,2698.0,SAMN13641343,True,True,True
GCF_014279815.1,nifK-local_aln_i2.1_12182023,1.0,nifH-local_aln_i2.1_12182023,1,7.7e-52,2552712,,7125.9,,nifD-local_aln_i2.1_12182023,1.0,1,1,0,1.1e-06,Complete Genome,,59.0,2552712,"{'infraspecific_names': {'strain': 'NOUM97013'}, 'organism_name': 'Synechococcus sp. NOUM97013', 'tax_id': 1442555}",1.0,,1,2552712,0,5.6e-08,GCF_014279815.1-RS_2024_08_17,H=WP_186479467.1;D=WP_186479466.1;K=WP_186479466.1,Synechococcus sp. NOUM97013,Synechococcus,False,4,GCF_014279815,1,Synechococcus sp. NOUM97013,1442555,NOUM97013,,synechococcus sp. noum97013,synechococcus sp. noum97013,noum97013,,synechococcus,sp. noum97013,,550,4ef04ddb4c652bc07c6a760a9f6a9df5197f1b9facbd7ca6dec3e41914682007,GCF_014279815.1,current,Synechococcus sp. NOUM97013,1442555,Complete Genome,,,,2552712,1501449,2024-08-17,2675.0,SAMN13641347,True,True,True
GCF_014279835.1,nifK-local_aln_i2.1_12182023,0.0,nifH-local_aln_i2.1_12182023,0,5.899999999999999e-53,2451974,,3274.81,,nifD-local_aln_i2.1_12182023,1.0,1,1,0,7.4e-05,Complete Genome,,53.5,2451974,"{'infraspecific_names': {'strain': 'MVIR-18-1'}, 'organism_name': 'Synechococcus sp. MVIR-18-1', 'tax_id': 1386941}",0.0,,1,2451974,0,0.00021,GCF_014279835.1-RS_2024_08_17,H=WP_186588997.1;D=WP_186588996.1;K=WP_186588996.1,Synechococcus sp. MVIR-18-1,Synechococcus,False,4,GCF_014279835,1,Synechococcus sp. MVIR-18-1,1386941,MVIR-18-1,,synechococcus sp. mvir-18-1,synechococcus sp. mvir-18-1,mvir-18-1,,synechococcus,sp. mvir-18-1,,534,c34de48b2d145720ec57dd46b5dd7bad0c0cdc38ad434b622189c8305d830f69,GCF_014279835.1,current,Synechococcus sp. MVIR-18-1,1386941,Complete Genome,,,,2451974,1310204,2024-08-17,2589.0,SAMN13641346,True,True,True
GCF_014279855.1,nifK-local_aln_i2.1_12182023,0.0,nifH-local_aln_i2.1_12182023,0,8.6e-53,2284343,,8073.59,,nifD-local_aln_i2.1_12182023,1.0,1,1,0,0.00033,Complete Genome,,60.5,2284343,"{'infraspecific_names': {'strain': 'MINOS11'}, 'organism_name': 'Synechococcus sp. Minos11', 'tax_id': 221341}",0.0,,1,2284343,0,0.0044,GCF_014279855.1-RS_2025_08_18,H=WP_186547776.1;D=WP_186547773.1;K=WP_186547773.1,Synechococcus sp. Minos11,Synechococcus,False,4,GCF_014279855,1,Synechococcus sp. Minos11,221341,MINOS11,,synechococcus sp. minos11,synechococcus sp. minos11,minos11,,synechococcus,sp. minos11,,334,33ffa65ea4dceff6e97f802108033bfeb801559289eaca98db06cea81168f808,GCF_014279855.1,current,Synechococcus sp. Minos11,221341,Complete Genome,,,,2284343,1381145,2025-08-18,2526.0,SAMN13641335,True,True,True
GCF_014279875.1,nifK-local_aln_i2.1_12182023,0.0,nifH-local_aln_i2.1_12182023,0,1.6999999999999998e-53,2435869,,4820.69,,nifD-local_aln_i2.1_12182023,1.0,1,1,0,4.2e-06,Complete Genome,,59.0,2435869,"{'infraspecific_names': {'strain': 'MEDNS5'}, 'organism_name': 'Synechococcus sp. MEDNS5', 'tax_id': 1442554}",1.0,,1,2435869,0,2e-05,GCF_014279875.1-RS_2024_08_17,H=WP_186584363.1;D=WP_186584365.1;K=WP_186584365.1,Synechococcus sp. MEDNS5,Synechococcus,False,4,GCF_014279875,1,Synechococcus sp. MEDNS5,1442554,MEDNS5,,synechococcus sp. medns5,synechococcus sp. medns5,medns5,,synechococcus,sp. medns5,,539,720994db94dcc75cac683f1c11e46a666eacdd556c98a10e34bf12fdbd382d72,GCF_014279875.1,current,Synechococcus sp. MEDNS5,1442554,Complete Genome,,,,2435869,1439282,2024-08-17,2563.0,SAMN13641336,True,True,True
GCF_014279895.1,nifK-local_aln_i2.1_12182023,0.0,nifH-local_aln_i2.1_12182023,0,1.7e-52,2112236,,2783.61,,nifD-local_aln_i2.1_12182023,1.0,1,1,0,1.6e-06,Complete Genome,,61.5,2112236,"{'infraspecific_names': {'strain': 'M16.1'}, 'organism_name': 'Synechococcus sp. M16.1', 'tax_id': 1442553}",1.0,,1,2112236,0,0.00024,GCF_014279895.1-RS_2024_08_17,H=WP_114988518.1;D=WP_186541994.1;K=WP_186541994.1,Synechococcus sp. M16.1,Synechococcus,False,4,GCF_014279895,1,Synechococcus sp. M16.1,1442553,M16.1,,synechococcus sp. m16.1,synechococcus sp. m16.1,m16.1,,synechococcus,sp. m16.1,,515,c91805d8efde6faf208f5ccd79cdc6dac85bc4b007215e6c57d5499b89fb113a,GCF_014279895.1,current,Synechococcus sp. M16.1,1442553,Complete Genome,,,,2112236,1296084,2024-08-17,2346.0,SAMN13641334,True,True,True
GCF_014279955.1,nifK-local_aln_i2.1_12182023,0.0,nifH-local_aln_i2.1_12182023,0,1.9999999999999998e-53,2601150,,4647.74,,nifD-local_aln_i2.1_12182023,1.0,1,1,0,2.4e-05,Complete Genome,,60.5,2601150,"{'infraspecific_names': {'strain': 'BMK-MC-1'}, 'organism_name': 'Synechococcus sp. BMK-MC-1', 'tax_id': 1442551}",0.0,,1,2601150,0,0.00011,GCF_014279955.1-RS_2024_08_17,H=WP_186472759.1;D=WP_186472760.1;K=WP_186472760.1,Synechococcus sp. BMK-MC-1,Synechococcus,False,4,GCF_014279955,1,Synechococcus sp. BMK-MC-1,1442551,BMK-MC-1,,synechococcus sp. bmk-mc-1,synechococcus sp. bmk-mc-1,bmk-mc-1,,synechococcus,sp. bmk-mc-1,,548,9d1b329d2884bbfbe814f379218c8f9253971962cb1cd3068a031fb0763ce258,GCF_014279955.1,current,Synechococcus sp. BMK-MC-1,1442551,Complete Genome,,,,2601150,1569994,2024-08-17,2845.0,SAMN13641349,True,True,True
GCF_014279975.1,nifK-local_aln_i2.1_12182023,0.0,nifH-local_aln_i2.1_12182023,0,1.5e-52,2710834,,5401.83,,nifD-local_aln_i2.1_12182023,1.0,1,1,0,1.1e-05,Complete Genome,,55.0,2710834,"{'infraspecific_names': {'strain': 'BIOS-U3-1'}, 'organism_name': 'Synechococcus sp. BIOS-U3-1', 'tax_id': 1400865}",0.0,,1,2710834,0,3.1e-05,GCF_014279975.1-RS_2025_08_18,H=WP_186489664.1;D=WP_186489662.1;K=WP_186489662.1,Synechococcus sp. BIOS-U3-1,Synechococcus,False,4,GCF_014279975,1,Synechococcus sp. BIOS-U3-1,1400865,BIOS-U3-1,,synechococcus sp. bios-u3-1,synechococcus sp. bios-u3-1,bios-u3-1,,synechococcus,sp. bios-u3-1,,532,ae690e10d4204b2eefd2ae0fa748549ed0c171567da354408774ec61aefdb330,GCF_014279975.1,current,Synechococcus sp. BIOS-U3-1,1400865,Complete Genome,,,,2710834,1490296,2025-08-18,2874.0,SAMN13641352,True,True,True
GCF_014280015.1,nifK-local_aln_i2.1_12182023,0.0,nifH-local_aln_i2.1_12182023,0,1.2e-52,2471770,,1127.01,,nifD-local_aln_i2.1_12182023,1.0,1,1,0,1.1e-05,Complete Genome,,59.5,2471770,"{'infraspecific_names': {'strain': 'A18-46.1'}, 'organism_name': 'Synechococcus sp. A18-46.1', 'tax_id': 1866940}",0.0,,1,2471770,0,0.0017,NCBI Prokaryotic Genome Annotation Pipeline (PGAP),H=WP_011128585.1;D=WP_186481958.1;K=WP_186481958.1,Synechococcus sp. A18-46.1,Synechococcus,False,4,GCF_014280015,1,Synechococcus sp. A18-46.1,1866940,A18-46.1,,synechococcus sp. a18-46.1,synechococcus sp. a18-46.1,a18-46.1,,synechococcus,sp. a18-46.1,,521,25668b2f148620cd41099d070acb6cffad6da332757e2a7d4f8f3b439a83c7c6,GCF_014280015.1,suppressed,Synechococcus sp. A18-46.1,1866940,Complete Genome,unverified source organism,This record was removed by RefSeq staff. Please contact info@ncbi.nlm.nih.gov for further details. Reason: unverified source organism,unverified source organism,2471770,1465967,2023-12-11,2651.0,SAMN13641333,True,True,True
GCF_014280035.1,nifK-local_aln_i2.1_12182023,1.0,nifH-local_aln_i2.1_12182023,1,7.7e-52,2511360,,1108.66,,nifD-local_aln_i2.1_12182023,1.0,1,1,0,5.2e-07,Complete Genome,,58.0,2511360,"{'infraspecific_names': {'strain': 'A18-25c'}, 'organism_name': 'Synechococcus sp. A18-25c', 'tax_id': 1866938}",1.0,,1,2511360,0,8.2e-06,GCF_014280035.1-RS_2024_08_17,H=WP_186470595.1;D=WP_186470596.1;K=WP_186470596.1,Synechococcus sp. A18-25c,Synechococcus,False,4,GCF_014280035,1,Synechococcus sp. A18-25c,1866938,A18-25c,,synechococcus sp. a18-25c,synechococcus sp. a18-25c,a18-25c,,synechococcus,sp. a18-25c,,551,2f4ff49c9dfa934fec255cebae2426c2ae6da54b867fc49107b19260aab550f8,GCF_014280035.1,current,Synechococcus sp. A18-25c,1866938,Complete Genome,,,,2511360,1460477,2024-08-17,2659.0,SAMN13641331,True,True,True
GCF_014280055.1,nifK-local_aln_i2.1_12182023,0.0,nifH-local_aln_i2.1_12182023,0,1.2e-52,2401547,,832.547,,nifD-local_aln_i2.1_12182023,1.0,1,1,0,6.3e-06,Complete Genome,,59.5,2401547,"{'infraspecific_names': {'strain': 'A18-40'}, 'organism_name': 'Synechococcus sp. A18-40', 'tax_id': 1866939}",1.0,,1,2401547,0,0.0019,NCBI Prokaryotic Genome Annotation Pipeline (PGAP),H=WP_011128585.1;D=WP_186511735.1;K=WP_186511735.1,Synechococcus sp. A18-40,Synechococcus,False,4,GCF_014280055,1,Synechococcus sp. A18-40,1866939,A18-40,,synechococcus sp. a18-40,synechococcus sp. a18-40,a18-40,,synechococcus,sp. a18-40,,515,78b1d9d4f91027efc5064f9ee4f17d3aaed291f31e69835b4a8b3447715e0330,GCF_014280055.1,suppressed,Synechococcus sp. A18-40,1866939,Complete Genome,unverified source organism,This record was removed by RefSeq staff. Please contact info@ncbi.nlm.nih.gov for further details. Reason: unverified source organism,unverified source organism,2401547,1429103,2023-12-11,2579.0,SAMN13641332,True,True,True
GCF_014280075.1,nifK-local_aln_i2.1_12182023,0.0,nifH-local_aln_i2.1_12182023,0,6.799999999999999e-53,2294140,,4547.41,,nifD-local_aln_i2.1_12182023,1.0,1,1,0,1.1e-06,Complete Genome,,60.0,2294140,"{'infraspecific_names': {'strain': 'A15-62'}, 'organism_name': 'Synechococcus sp. A15-62', 'tax_id': 1050657}",1.0,,1,2294140,0,0.0004,GCF_014280075.1-RS_2024_08_17,H=WP_186494802.1;D=WP_186494803.1;K=WP_186494803.1,Synechococcus sp. A15-62,Synechococcus,False,4,GCF_014280075,1,Synechococcus sp. A15-62,1050657,A15-62,,synechococcus sp. a15-62,synechococcus sp. a15-62,a15-62,,synechococcus,sp. a15-62,,522,136858c7dba9098aed0826b5a5023839f2c22657f14e29c40dd8c3cf8e353caf,GCF_014280075.1,current,Synechococcus sp. A15-62,1050657,Complete Genome,,,,2294140,1374471,2024-08-17,2531.0,SAMN13641338,True,True,True
GCF_014280095.1,nifK-local_aln_i2.1_12182023,1.0,nifH-local_aln_i2.1_12182023,1,7.7e-52,2543402,,4021.37,,nifD-local_aln_i2.1_12182023,1.0,1,1,0,5.2e-07,Complete Genome,,58.0,2543402,"{'infraspecific_names': {'strain': 'A15-60'}, 'organism_name': 'Synechococcus sp. A15-60', 'tax_id': 1050655}",1.0,,1,2543402,0,8.2e-06,GCF_014280095.1-RS_2024_08_16,H=WP_186470595.1;D=WP_186470596.1;K=WP_186470596.1,Synechococcus sp. A15-60,Synechococcus,False,4,GCF_014280095,1,Synechococcus sp. A15-60,1050655,A15-60,,synechococcus sp. a15-60,synechococcus sp. a15-60,a15-60,,synechococcus,sp. a15-60,,549,b4bdafdc0955398d9b21b00788d47b1bea124353d0176f219e4be9b030ed78eb,GCF_014280095.1,current,Synechococcus sp. A15-60,1050655,Complete Genome,,,,2543402,1480794,2024-08-16,2689.0,SAMN13641355,True,True,True
GCF_014280115.1,nifK-local_aln_i2.1_12182023,0.0,nifH-local_aln_i2.1_12182023,0,1.7e-52,2621965,,2222.01,,nifD-local_aln_i2.1_12182023,1.0,1,1,0,7.8e-07,Complete Genome,,61.0,2621965,"{'infraspecific_names': {'strain': 'A15-44'}, 'organism_name': 'Synechococcus sp. A15-44', 'tax_id': 1050646}",1.0,,1,2621965,0,0.00025,GCF_014280115.1-RS_2024_08_17,H=WP_114988518.1;D=WP_186514909.1;K=WP_186514909.1,Synechococcus sp. A15-44,Synechococcus,False,4,GCF_014280115,1,Synechococcus sp. A15-44,1050646,A15-44,,synechococcus sp. a15-44,synechococcus sp. a15-44,a15-44,,synechococcus,sp. a15-44,,522,9df1d87290361313a42b3c36bca1c851a9ce2bd45e14e32179382119988338bb,GCF_014280115.1,current,Synechococcus sp. A15-44,1050646,Complete Genome,,,,2621965,1593848,2024-08-17,2848.0,SAMN13641350,True,True,True
GCF_014280175.1,nifK-local_aln_i2.1_12182023,0.0,nifH-local_aln_i2.1_12182023,0,1.4999999999999999e-53,2341586,,2420.88,,nifD-local_aln_i2.1_12182023,1.0,1,1,0,1.1e-05,Complete Genome,,60.0,2341586,"{'infraspecific_names': {'strain': 'A15-28'}, 'organism_name': 'Synechococcus sp. A15-28', 'tax_id': 1050638}",0.0,,1,2341586,0,0.00076,GCF_014280175.1-RS_2024_07_01,H=WP_186586421.1;D=WP_186586420.1;K=WP_186586420.1,Synechococcus sp. A15-28,Synechococcus,False,4,GCF_014280175,1,Synechococcus sp. A15-28,1050638,A15-28,,synechococcus sp. a15-28,synechococcus sp. a15-28,a15-28,,synechococcus,sp. a15-28,,518,572c72db5ce00ffeb0381c93471956ea4ddb0da13c8b6637dcf18a5f4abc6c10,GCF_014280175.1,current,Synechococcus sp. A15-28,1050638,Complete Genome,,,,2341586,1407939,2026-08-20,2584.0,SAMN13641357,True,True,True
GCF_014280195.1,nifK-local_aln_i2.1_12182023,0.0,nifH-local_aln_i2.1_12182023,0,7.099999999999999e-53,2305373,,868.781,,nifD-local_aln_i2.1_12182023,1.0,1,1,0,2.3e-05,Complete Genome,,59.5,2305373,"{'infraspecific_names': {'strain': 'A15-24'}, 'organism_name': 'Synechococcus sp. A15-24', 'tax_id': 1050635}",0.0,,1,2305373,0,0.0007,GCF_014280195.1-RS_2024_07_01,H=WP_186496861.1;D=WP_186496859.1;K=WP_186496859.1,Synechococcus sp. A15-24,Synechococcus,False,4,GCF_014280195,1,Synechococcus sp. A15-24,1050635,A15-24,,synechococcus sp. a15-24,synechococcus sp. a15-24,a15-24,,synechococcus,sp. a15-24,,520,d774583425e338e7bfde3133fc98442d4478e1f159015018329ac6162b297ef0,GCF_014280195.1,current,Synechococcus sp. A15-24,1050635,Complete Genome,,,,2305373,1374909,2026-08-20,2541.0,SAMN13641328,True,True,True
GCF_014280215.1,nifK-local_aln_i2.1_12182023,0.0,nifH-local_aln_i2.1_12182023,0,4.399999999999999e-53,2543463,,3410.33,,nifD-local_aln_i2.1_12182023,1.0,1,1,0,7.6e-05,Complete Genome,,60.5,2543463,"{'infraspecific_names': {'strain': 'A15-127'}, 'organism_name': 'Synechococcus sp. A15-127', 'tax_id': 1050624}",0.0,,1,2543463,0,0.0025,GCF_014280215.1-RS_2024_08_17,H=WP_186485065.1;D=WP_186485066.1;K=WP_186485066.1,Synechococcus sp. A15-127,Synechococcus,False,4,GCF_014280215,1,Synechococcus sp. A15-127,1050624,A15-127,,synechococcus sp. a15-127,synechococcus sp. a15-127,a15-127,,synechococcus,sp. a15-127,,504,a84c22291b39f7477c53640d7f078fc181ef385d7f3fdf5a1e8243df6cb6bd60,GCF_014280215.1,current,Synechococcus sp. A15-127,1050624,Complete Genome,,,,2543463,1541811,2024-08-17,2641.0,SAMN13641340,True,True,True
GCF_014280235.1,nifK-local_aln_i2.1_12182023,0.0,nifH-local_aln_i2.1_12182023,0,2.7e-52,2748087,,3330.97,,nifD-local_aln_i2.1_12182023,1.0,1,1,0,0.00016,Complete Genome,,68.0,2748087,"{'infraspecific_names': {'strain': 'NS01'}, 'organism_name': 'Cyanobium sp. NS01', 'tax_id': 261284}",0.0,,1,2748087,0,0.063,GCF_014280235.1-RS_2024_08_17,H=WP_186696772.1;D=WP_186696771.1;K=WP_186696771.1,Cyanobium sp. NS01,Cyanobium,False,4,GCF_014280235,1,Cyanobium sp. NS01,261284,NS01,,cyanobium sp. ns01,cyanobium sp. ns01,ns01,,cyanobium,sp. ns01,,344,67cf783eb283a52f5a747fa36bd4a9bd8348be79f6438e90b04fc16abb3f596d,GCF_014280235.1,current,Cyanobium sp. NS01,261284,Complete Genome,,,,2748087,1866818,2024-08-17,2778.0,SAMN13641348,True,True,True
GCF_014304795.1,nifK-local_aln_i2.1_12182023,1.0,nifH-local_aln_i2.1_12182023,1,1.7999999999999997e-51,2623023,,3383.6,,nifD-local_aln_i2.1_12182023,1.0,1,1,0,5.6e-07,Complete Genome,,63.5,2623023,"{'infraspecific_names': {'strain': 'WH 8101'}, 'organism_name': 'Synechococcus sp. WH 8101', 'tax_id': 59932}",1.0,,1,2623023,0,2.2e-06,GCF_014304795.1-RS_2024_08_17,H=WP_130129595.1;D=WP_130129594.1;K=WP_130129594.1,Synechococcus sp. WH 8101,Synechococcus,False,4,GCF_014304795,1,Synechococcus sp. WH 8101,59932,WH 8101,,synechococcus sp. wh 8101,synechococcus sp. wh 8101,wh 8101,,synechococcus,sp. wh 8101,,536,94cf88188723d76f12cf8bbf128df30366b10154be735c01bb2754e8518c6d41,GCF_014304795.1,current,Synechococcus sp. WH 8101,59932,Complete Genome,,,,2623023,1661554,2024-08-17,2748.0,SAMN13641356,True,True,True
GCF_014304815.1,nifK-local_aln_i2.1_12182023,0.0,nifH-local_aln_i2.1_12182023,0,6.3e-53,2424175,,970.013,,nifD-local_aln_i2.1_12182023,1.0,1,1,0,1.3e-06,Complete Genome,,56.5,2424175,"{'infraspecific_names': {'strain': 'MIT S9220'}, 'organism_name': 'Synechococcus sp. MIT S9220', 'tax_id': 166309}",1.0,,1,2424175,0,3.9e-05,GCF_014304815.1-RS_2024_08_17,H=WP_067092925.1;D=WP_186988801.1;K=WP_186988801.1,Synechococcus sp. MIT S9220,Synechococcus,False,4,GCF_014304815,1,Synechococcus sp. MIT S9220,166309,MIT S9220,,synechococcus sp. mit s9220,synechococcus sp. mit s9220,mit s9220,,synechococcus,sp. mit s9220,,532,3f34cca7ed60a7eea63d6c647e4aaa663a960e9338f4ddee8cf2fce340d7d552,GCF_014304815.1,current,Synechococcus sp. MIT S9220,166309,Complete Genome,,,,2424175,1366502,2024-08-17,2605.0,SAMN13641330,True,True,True
GCF_014489415.1,nifK-local_aln_i2.1_12182023,1.0,nifH-local_aln_i2.1_12182023,1,5.6e-163,3910736,,100.0,,nifD-local_aln_i2.1_12182023,1.0,1,2,0,5.4e-250,Complete Genome,,40.0,4057210,"{'infraspecific_names': {'strain': 'GIHE-G1'}, 'organism_name': 'Cylindrospermopsis curvispora GIHE-G1', 'tax_id': 2666332}",1.0,,2,3910736,0,1.3999999999999998e-257,GCF_014489415.1-RS_2025_12_16,H=WP_187705049.1;D=WP_187705050.1;K=WP_187705051.1,Cylindrospermopsis curvispora GIHE-G1,Cylindrospermopsis,True,4,GCF_014489415,1,Cylindrospermopsis curvispora GIHE-G1,2666332,GIHE-G1,,cylindrospermopsis curvispora gihe-g1,cylindrospermopsis curvispora gihe-g1,gihe-g1,,cylindrospermopsis,curvispora gihe-g1,,687,06b55cf77e29785351ec38e61aca7fcee24029bb47edea69e1e108f02aa48ca4,GCF_014489415.1,current,Cylindrospermopsis curvispora GIHE-G1,2666332,Complete Genome,,,,4057210,1626437,2026-04-05,3506.0,SAMN15834505,True,True,True
GCF_015840335.1,nifK-local_aln_i2.1_12182023,0.0,nifH-local_aln_i2.1_12182023,0,6.899999999999999e-51,3226220,,42.53,,nifD-local_aln_i2.1_12182023,1.0,1,1,0,0.011,Complete Genome,,63.5,3226220,"{'infraspecific_names': {'strain': 'CBW1108'}, 'organism_name': 'Synechococcus sp. CBW1108', 'tax_id': 1353147}",0.0,,1,3226220,0,0.012,GCF_015840335.1-RS_2024_08_17,H=WP_197150339.1;D=WP_197150342.1;K=WP_197150342.1,Synechococcus sp. CBW1108,Synechococcus,False,4,GCF_015840335,1,Synechococcus sp. CBW1108,1353147,CBW1108,,synechococcus sp. cbw1108,synechococcus sp. cbw1108,cbw1108,,synechococcus,sp. cbw1108,,340,bfa45535143eb98e3260a5097be7333378223027638ce6d6dcad75c97d0d9f92,GCF_015840335.1,current,Synechococcus sp. CBW1108,1353147,Complete Genome,,,,3226220,2054886,2024-08-17,3393.0,SAMN15824355,True,True,True
GCF_015840525.1,nifK-local_aln_i2.1_12182023,1.0,nifH-local_aln_i2.1_12182023,0,8.199999999999999e-53,3860130,,34.51,,nifD-local_aln_i2.1_12182023,1.0,1,1,0,0.00071,Complete Genome,,64.5,3860130,"{'infraspecific_names': {'strain': 'CBW1006'}, 'organism_name': 'Synechococcus sp. CBW1006', 'tax_id': 1353138}",0.0,,1,3860130,0,5.8e-07,GCF_015840525.1-RS_2024_08_17,H=WP_231598341.1;D=WP_370594721.1;K=WP_370594721.1,Synechococcus sp. CBW1006,Synechococcus,False,4,GCF_015840525,1,Synechococcus sp. CBW1006,1353138,CBW1006,,synechococcus sp. cbw1006,synechococcus sp. cbw1006,cbw1006,,synechococcus,sp. cbw1006,,348,2157010b2f33618f38a0fc5604a26073f3293a5883f51c65b8ae82a2f3195406,GCF_015840525.1,current,Synechococcus sp. CBW1006,1353138,Complete Genome,,,,3860130,2492439,2024-08-17,3718.0,SAMN15824354,True,True,True
GCF_015840715.1,nifK-local_aln_i2.1_12182023,0.0,nifH-local_aln_i2.1_12182023,0,2.1e-52,3672318,,47.91,,nifD-local_aln_i2.1_12182023,1.0,1,1,0,4.1e-07,Complete Genome,,67.0,3672318,"{'infraspecific_names': {'strain': 'CBW1004'}, 'organism_name': 'Synechococcus sp. CBW1004', 'tax_id': 1353136}",1.0,,1,3672318,0,3.4e-05,GCF_015840715.1-RS_2024_08_16,H=WP_197211522.1;D=WP_197211521.1;K=WP_197211521.1,Synechococcus sp. CBW1004,Synechococcus,False,4,GCF_015840715,1,Synechococcus sp. CBW1004,1353136,CBW1004,,synechococcus sp. cbw1004,synechococcus sp. cbw1004,cbw1004,,synechococcus,sp. cbw1004,,336,a699f35aaf23c4237e9c5fbdb837cf32ee26d6dc51e15bb726c8faba4ebd9e36,GCF_015840715.1,current,Synechococcus sp. CBW1004,1353136,Complete Genome,,,,3672318,2462548,2024-08-16,3387.0,SAMN15824353,True,True,True
GCF_015840915.1,nifK-local_aln_i2.1_12182023,1.0,nifH-local_aln_i2.1_12182023,0,8.199999999999999e-53,3854122,,17.68,,nifD-local_aln_i2.1_12182023,1.0,1,1,0,0.00073,Complete Genome,,64.5,3854122,"{'infraspecific_names': {'strain': 'CBW1002'}, 'organism_name': 'Synechococcus sp. CBW1002', 'tax_id': 1353134}",0.0,,1,3854122,0,5.4e-07,GCF_015840915.1-RS_2024_08_17,H=WP_231598341.1;D=WP_370594839.1;K=WP_370594839.1,Synechococcus sp. CBW1002,Synechococcus,False,4,GCF_015840915,1,Synechococcus sp. CBW1002,1353134,CBW1002,,synechococcus sp. cbw1002,synechococcus sp. cbw1002,cbw1002,,synechococcus,sp. cbw1002,,343,f0c0f777794b4f8958a4956bd10c339c7408f272821a636e0c7372acb22ea421,GCF_015840915.1,current,Synechococcus sp. CBW1002,1353134,Complete Genome,,,,3854122,2491193,2024-08-17,3721.0,SAMN15824352,True,True,True
GCF_015841355.1,nifK-local_aln_i2.1_12182023,0.0,nifH-local_aln_i2.1_12182023,0,5.8e-53,3202093,,10.0,,nifD-local_aln_i2.1_12182023,1.0,1,1,0,7.1e-05,Complete Genome,,66.5,3202093,"{'infraspecific_names': {'strain': 'CBW1107'}, 'organism_name': 'Synechococcus sp. CBW1107', 'tax_id': 2789857}",0.0,,1,3202093,0,0.0003,GCF_015841355.1-RS_2024_08_17,H=WP_231594731.1;D=WP_197164226.1;K=WP_197164226.1,Synechococcus sp. CBW1107,Synechococcus,False,4,GCF_015841355,1,Synechococcus sp. CBW1107,2789857,CBW1107,,synechococcus sp. cbw1107,synechococcus sp. cbw1107,cbw1107,,synechococcus,sp. cbw1107,,327,c35345a8e1115c7ccdfa63b31533936a8978c25967a9ea7039ae0a56acdc6c9a,GCF_015841355.1,current,Synechococcus sp. CBW1107,2789857,Complete Genome,,,,3202093,2121867,2024-08-17,3279.0,SAMN16790668,True,True,True
GCF_016403105.1,nifK-local_aln_i2.1_12182023,1.0,nifH-local_aln_i2.1_12182023,0,1.1e-52,4309234,,360.0,,nifD-local_aln_i2.1_12182023,1.0,1,6,0,1.3e-05,Complete Genome,,57.5,4710209,"{'infraspecific_names': {'strain': 'BL0902'}, 'organism_name': 'Leptolyngbya sp. BL0902', 'tax_id': 1115757}",0.0,,6,4309234,0,1.3e-08,GCF_016403105.1-RS_2025_01_08,H=WP_198806476.1;D=WP_198805431.1;K=WP_198805431.1,Leptolyngbya sp. BL0902,Leptolyngbya,False,2,GCF_016403105,1,Leptolyngbya sp. BL0902,1115757,BL0902,,leptolyngbya sp. bl0902,leptolyngbya sp. bl0902,bl0902,,leptolyngbya,sp. bl0902,,227,837d15dc16689324b8f527b3c5f974ac1da1e5a14822dce278bda5f7d48eb725,GCF_016403105.1,current,Leptolyngbya sp. BL0902,1115757,Complete Genome,,,,4710209,2715542,2025-01-08,4080.0,SAMN13008645,True,True,True
GCF_016446395.1,nifK-local_aln_i2.1_12182023,0.0,nifH-local_aln_i2.1_12182023,0,8.4e-52,6286783,,347.0,,,1.0,1,1,0,0.022,Complete Genome,,49.5,6286783,"{'infraspecific_names': {'strain': 'ETS-05'}, 'organism_name': '[Phormidium] sp. ETS-05', 'tax_id': 222819}",0.0,,1,6286783,0,,GCF_016446395.1-RS_2024_09_22,H=WP_199247677.1;D=;K=WP_199247678.1,[Phormidium] sp. ETS-05,[Phormidium],False,1,GCF_016446395,1,[Phormidium] sp. ETS-05,222819,ETS-05,,[phormidium] sp. ets-05,[phormidium] sp. ets-05,ets-05,,phormidium,sp. ets-05,,275,e13e0d0231d79aa947a6afb76d0dcdaeb61ba5ff673ca23129a279041ece96ba,GCF_016446395.1,current,[Phormidium] sp. ETS-05,222819,Complete Genome,,,,6286783,3112956,2024-09-22,5436.0,SAMN14525496,True,True,True
GCF_016745315.1,nifK-local_aln_i2.1_12182023,1.0,nifH-local_aln_i2.1_12182023,1,6e-52,6763964,,191.0,,nifD-local_aln_i2.1_12182023,1.0,1,1,0,6.3e-07,Complete Genome,,44.0,6763964,"{'infraspecific_names': {'strain': 'PCC 9108'}, 'organism_name': 'Arthrospira sp. PCC 9108', 'tax_id': 147317}",1.0,,1,6763964,0,1.4e-09,NCBI Prokaryotic Genome Annotation Pipeline (PGAP),H=WP_006616040.1;D=WP_006618246.1;K=WP_006618246.1,Arthrospira sp. PCC 9108,Arthrospira,False,2,GCF_016745315,1,Arthrospira sp. PCC 9108,147317,PCC 9108,,arthrospira sp. pcc 9108,arthrospira sp. pcc 9108,pcc 9108,,arthrospira,sp. pcc 9108,PCC 9108,239,0317973b056057246b51d2131ca9761f014cc42e1f0c42839da8fd85dfdc2010,GCF_016745315.2,suppressed,Arthrospira sp. PCC 9108,147317,Complete Genome,unverified source organism,This record was removed by RefSeq staff. Please contact info@ncbi.nlm.nih.gov for further details. Reason: unverified source organism,unverified source organism,6763964,2992946,2022-02-07,6048.0,SAMN10440999,True,True,True
GCF_016919485.1,nifK-local_aln_i2.1_12182023,1.0,nifH-local_aln_i2.1_12182023,1,6.2000000000000005e-161,5490383,,35.0,,nifD-local_aln_i2.1_12182023,1.0,1,1,0,2.5e-233,Complete Genome,,56.5,5490383,"{'infraspecific_names': {'strain': 'PKUAC-SCTB121'}, 'organism_name': 'Thermoleptolyngbya sp. PKUAC-SCTB121', 'tax_id': 2811482}",1.0,,1,5490383,0,1.3000000000000002e-251,GCF_016919485.1-RS_2024_11_06,H=WP_172355833.1;D=WP_172355835.1;K=WP_205369601.1,Thermoleptolyngbya sp. PKUAC-SCTB121,Thermoleptolyngbya,True,3,GCF_016919485,1,Thermoleptolyngbya sp. PKUAC-SCTB121,2811482,PKUAC-SCTB121,,thermoleptolyngbya sp. pkuac-sctb121,thermoleptolyngbya sp. pkuac-sctb121,pkuac-sctb121,,thermoleptolyngbya,sp. pkuac-sctb121,,292,3c29b22b99179adae744af0f211d7f4e4225e067baa055cf9b258df383daee3f,GCF_016919485.1,current,Thermoleptolyngbya sp. PKUAC-SCTB121,2811482,Complete Genome,,,,5490383,3092987,2024-11-06,4383.0,SAMN17865207,True,True,True
GCF_017086385.1,nifK-local_aln_i2.1_12182023,1.0,nifH-local_aln_i2.1_12182023,0,4.9e-52,2658717,,274.0,,nifD-local_aln_i2.1_12182023,1.0,1,1,0,5e-05,Complete Genome,,53.5,2658717,"{'infraspecific_names': {'strain': 'TA-1'}, 'organism_name': 'Thermosynechococcus sp. TA-1', 'tax_id': 2813673}",0.0,,1,2658717,0,6.2e-10,GCF_017086385.1-RS_2024_11_06,H=WP_149819367.1;D=WP_206201585.1;K=WP_206201585.1,Thermosynechococcus sp. TA-1,Thermosynechococcus,False,5,GCF_017086385,1,Thermosynechococcus sp. TA-1,2813673,TA-1,,thermosynechococcus sp. ta-1,thermosynechococcus sp. ta-1,ta-1,,thermosynechococcus,sp. ta-1,,190,88c774c7d9f1ad93550bd4a9097c5eb1ef8b02f5399af08c3170691454d1d6f2,GCF_017086385.1,current,Thermosynechococcus sp. TA-1,2813673,Complete Genome,,,,2658717,1424552,2024-11-06,2527.0,SAMN17981212,True,True,True
GCF_017164015.1,nifK-local_aln_i2.1_12182023,1.0,nifH-local_aln_i2.1_12182023,1,2.8000000000000003e-161,8587404,,136.0,,nifD-local_aln_i2.1_12182023,1.0,1,1,0,6.8000000000000004e-248,Complete Genome,,41.5,8587404,"{'infraspecific_names': {'strain': 'UHCC 0702'}, 'organism_name': 'Nostoc sp. UHCC 0702', 'tax_id': 2814655}",1.0,,1,8587404,0,7e-105,NCBI Prokaryotic Genome Annotation Pipeline (PGAP),H=WP_206267712.1;D=WP_206265819.1;K=WP_206268701.1,Nostoc sp. UHCC 0702,Nostoc,True,1,GCF_017164015,1,Nostoc sp. UHCC 0702,2814655,UHCC 0702,,nostoc sp. uhcc 0702,nostoc sp. uhcc 0702,uhcc 0702,,nostoc,sp. uhcc 0702,,1296,8a243ac0da81c575c1cd0c28f4490a33d54551f6480d7a15ecbc134f3163fce4,GCF_017164015.1,suppressed,Nostoc sp. UHCC 0702,2814655,Complete Genome,contaminated,This record was removed by RefSeq staff. Please contact info@ncbi.nlm.nih.gov for further details. Reason: contaminated,contaminated,8587404,3574550,2023-04-29,7254.0,SAMN18043900,True,True,True
GCF_018139025.1,nifK-local_aln_i2.1_12182023,1.0,nifH-local_aln_i2.1_12182023,1,1e-162,3857174,,121.0,,nifD-local_aln_i2.1_12182023,1.0,1,1,0,3.9e-249,Complete Genome,,40.0,3857174,"{'infraspecific_names': {'strain': 'N8'}, 'organism_name': 'Cylindrospermopsis raciborskii N8', 'tax_id': 1524929}",1.0,,1,3857174,0,6.1e-257,GCF_018139025.1-RS_2025_04_10,H=WP_057177533.1;D=WP_057177532.1;K=WP_006278576.1,Cylindrospermopsis raciborskii N8,Cylindrospermopsis,True,4,GCF_018139025,1,Cylindrospermopsis raciborskii N8,1524929,N8,,cylindrospermopsis raciborskii n8,cylindrospermopsis raciborskii n8,n8,,cylindrospermopsis,raciborskii n8,,687,d3aadd631fe48ced8c713ae291fec05387fb290842eb5e07da6589ee159d8e87,GCF_018139025.1,current,Cylindrospermopsis raciborskii N8,1524929,Complete Genome,,,,3857174,1547789,2025-04-10,3325.0,SAMN18628978,True,True,True
GCF_018282115.1,nifK-local_aln_i2.1_12182023,1.0,nifH-local_aln_i2.1_12182023,0,1.1e-52,3704690,,50.0,,nifD-local_aln_i2.1_12182023,1.0,1,4,0,0.0003,Complete Genome,,47.5,3832803,"{'infraspecific_names': {'strain': 'PCC 7338'}, 'organism_name': 'Synechocystis sp. PCC 7338', 'tax_id': 2732530}",0.0,,4,3704690,0,2.7e-11,GCF_018282115.1-RS_2024_08_25,H=WP_212722074.1;D=WP_212721211.1;K=WP_212721211.1,Synechocystis sp. PCC 7338,Synechocystis,False,4,GCF_018282115,1,Synechocystis sp. PCC 7338,2732530,PCC 7338,,synechocystis sp. pcc 7338,synechocystis sp. pcc 7338,pcc 7338,,synechocystis,sp. pcc 7338,PCC 7338,276,c2ac194b3167bf6fe76543370b4adc4f4539b84c770e4c8c1a0f011d78cbdde9,GCF_018282115.1,current,Synechocystis sp. PCC 7338,2732530,Complete Genome,,,,3832803,1829643,2024-08-25,3506.0,SAMN14786169,True,True,True
GCF_018336915.1,nifK-local_aln_i2.1_12182023,1.0,nifH-local_aln_i2.1_12182023,1,2.2e-52,5881945,,75.0,,nifD-local_aln_i2.1_12182023,1.0,1,7,0,1.5e-07,Complete Genome,,47.0,7112772,"{'infraspecific_names': {'strain': 'S15'}, 'organism_name': 'Acaryochloris marina S15', 'tax_id': 2762553}",1.0,,7,5881945,0,3e-13,GCF_018336915.1-RS_2024_11_06,H=WP_212662559.1;D=WP_212662626.1;K=WP_212662626.1,Acaryochloris marina S15,Acaryochloris,False,2,GCF_018336915,1,Acaryochloris marina S15,2762553,S15,,acaryochloris marina s15,acaryochloris marina s15,s15,,acaryochloris,marina s15,,189,1ba2d78abc86f3d71323d05d23351998c47be22fa19766190b57cd7da81fb57f,GCF_018336915.1,current,Acaryochloris marina S15,2762553,Complete Genome,,,,7112772,3327515,2026-02-23,6128.0,SAMN15662376,True,True,True
GCF_018389385.1,nifK-local_aln_i2.1_12182023,1.0,nifH-local_aln_i2.1_12182023,1,1.1e-49,4187797,,100.0,,nifD-local_aln_i2.1_12182023,1.0,1,1,0,2e-11,Complete Genome,,55.5,4187797,"{'infraspecific_names': {'strain': 'C109'}, 'organism_name': 'Anthocerotibacter panamensis C109', 'tax_id': 2778476}",1.0,,1,4187797,0,3.7e-07,GCF_018389385.1-RS_2025_11_20,H=WP_218080861.1;D=WP_218081591.1;K=WP_218081591.1,Anthocerotibacter panamensis C109,Anthocerotibacter,False,3,GCF_018389385,1,Anthocerotibacter panamensis C109,2778476,C109,,anthocerotibacter panamensis c109,anthocerotibacter panamensis c109,c109,,anthocerotibacter,panamensis c109,,42,36709568ac10b0a974f564ac3de7aecec2d84e16d8a276c1c405ed33d920519c,GCF_018389385.1,current,Anthocerotibacter panamensis C109,2778476,Complete Genome,,,,4187797,2324472,2025-11-20,3896.0,SAMN16265294,True,True,True
GCF_018399015.1,nifK-local_aln_i2.1_12182023,0.0,nifH-local_aln_i2.1_12182023,0,4.4e-52,3180296,,1928.0,,nifD-local_aln_i2.1_12182023,1.0,1,1,0,0.0008,Complete Genome,,68.0,3180296,"{'infraspecific_names': {'isolate': 'M30B3'}, 'organism_name': 'Cyanobium sp. M30B3', 'tax_id': 2831057}",0.0,,1,3180296,0,0.0034,NCBI Prokaryotic Genome Annotation Pipeline (PGAP),H=WP_213204648.1;D=WP_213204650.1;K=WP_213204650.1,Cyanobium sp. M30B3,Cyanobium,False,4,GCF_018399015,1,Cyanobium sp. M30B3,2831057,,M30B3,cyanobium sp. m30b3,cyanobium sp. m30b3,,m30b3,cyanobium,sp. m30b3,,342,7f3d5dabf751edfdfbff6f4ccbd5e1c9c7f021ab5c41fbfd82ce78e1944ce6f0,GCF_018399015.1,suppressed,Cyanobium sp. M30B3,2831057,Complete Genome,derived from metagenome,This record was removed by RefSeq staff. Please contact info@ncbi.nlm.nih.gov for further details. Reason: derived from metagenome,,3180296,2155120,2021-05-20,3100.0,SAMN18869340,True,True,True
GCF_018845095.1,nifK-local_aln_i2.1_12182023,1.0,nifH-local_aln_i2.1_12182023,0,1.2e-52,3571181,,1200.0,,nifD-local_aln_i2.1_12182023,1.0,1,7,0,7.2e-05,Complete Genome,,47.5,3947544,"{'infraspecific_names': {'strain': 'PCC 6803'}, 'organism_name': 'Synechocystis sp. PCC 6803', 'tax_id': 1148}",0.0,,7,3571181,0,1e-11,GCF_018845095.1-RS_2024_08_24,H=WP_041426077.1;D=WP_010873342.1;K=WP_010873342.1,Synechocystis sp. PCC 6803,Synechocystis,False,4,GCF_018845095,1,Synechocystis sp. PCC 6803,1148,PCC 6803,,synechocystis sp. pcc 6803,synechocystis sp. pcc 6803,pcc 6803,,synechocystis,sp. pcc 6803,PCC 6803,288,9e7230bfa610aff95c264394cc734ba024e3c165ed978a53ade6d0107bb485c2,GCF_018845095.1,current,Synechocystis sp. PCC 6803,1148,Complete Genome,,,,3947544,1870173,2024-08-24,3623.0,SAMN18375591,True,True,True
GCF_019056575.1,nifK-local_aln_i2.1_12182023,1.0,nifH-local_aln_i2.1_12182023,1,4.2000000000000006e-162,5729487,,100.0,,nifD-local_aln_i2.1_12182023,1.0,1,1,0,1.6e-252,Complete Genome,,39.5,5729487,"{'infraspecific_names': {'strain': 'FACHB 800'}, 'organism_name': 'Richelia sinica FACHB-800', 'tax_id': 1357546}",1.0,,1,5729487,0,7.7e-237,GCF_019056575.1-RS_2025_03_08,H=WP_190601103.1;D=WP_190605738.1;K=WP_190605728.1,Richelia sinica FACHB-800,Richelia,True,1,GCF_019056575,1,Richelia sinica FACHB-800,1357546,FACHB 800,,richelia sinica fachb-800,richelia sinica fachb-800,fachb 800,,richelia,sinica fachb-800,FACHB 800,1089,0dc78039841773b2189c23ad8192b47da84d30d269e48e617401e28a5f25f760,GCF_019056575.1,current,Richelia sinica FACHB-800,1357546,Complete Genome,,,,5729487,2276432,2026-03-08,4657.0,SAMN06603501,True,True,True
GCF_019704275.1,nifK-local_aln_i2.1_12182023,1.0,nifH-local_aln_i2.1_12182023,0,8.5e-54,5478552,,87.0,,nifD-local_aln_i2.1_12182023,1.0,1,3,0,0.00078,Complete Genome,,42.5,5501105,"{'infraspecific_names': {'strain': 'NIES-88'}, 'organism_name': 'Microcystis aeruginosa', 'tax_id': 1126}",0.0,,3,5478552,0,7.5e-10,GCF_019704275.1-RS_2025_09_26,H=WP_002759152.1;D=WP_061430879.1;K=WP_061430879.1,Microcystis aeruginosa,Microcystis,False,5,GCF_019704275,1,Microcystis aeruginosa,1126,NIES-88,,microcystis aeruginosa,microcystis aeruginosa,nies-88,,microcystis,aeruginosa,NIES 88,342,0e9e788e1d4b001bc7bea805893e84c342113732a978ddb484ba20e6f212fbff,GCF_019704275.1,current,Microcystis aeruginosa,1126,Complete Genome,,,,5501105,2342821,2025-09-26,5070.0,SAMD00294438,True,True,True
GCF_019891175.1,nifK-local_aln_i2.1_12182023,1.0,nifH-local_aln_i2.1_12182023,1,2.2e-162,6426061,,260.0,,nifD-local_aln_i2.1_12182023,1.0,1,1,0,6.5999999999999986e-245,Complete Genome,,51.0,6426061,"{'infraspecific_names': {'strain': 'E412'}, 'organism_name': 'Leptothermofonsia sichuanensis E412', 'tax_id': 2016068}",1.0,,1,6426061,0,3.5e-256,GCF_019891175.1-RS_2025_11_20,H=WP_225938108.1;D=WP_223045959.1;K=WP_223045958.1,Leptothermofonsia sichuanensis E412,Leptothermofonsia,True,3,GCF_019891175,1,Leptothermofonsia sichuanensis E412,2016068,E412,,leptothermofonsia sichuanensis e412,leptothermofonsia sichuanensis e412,e412,,leptothermofonsia,sichuanensis e412,,334,1e204983f233834675e87c9ec8a343b33d3150eedbc20b423d4f05ac4f477367,GCF_019891175.1,current,Leptothermofonsia sichuanensis E412,2016068,Complete Genome,,,,6426061,3264900,2025-11-20,5373.0,SAMN18435728,True,True,True
GCF_019924095.1,nifK-local_aln_i2.1_12182023,1.0,nifH-local_aln_i2.1_12182023,0,1.1e-52,3741266,,50.0,,nifD-local_aln_i2.1_12182023,1.0,1,3,0,0.0003,Complete Genome,,47.5,3876863,"{'infraspecific_names': {'strain': 'PCC 7339'}, 'organism_name': 'Synechocystis sp. PCC 7339', 'tax_id': 2782213}",0.0,,3,3741266,0,2.7e-11,GCF_019924095.1-RS_2024_08_18,H=WP_212722074.1;D=WP_212721211.1;K=WP_212721211.1,Synechocystis sp. PCC 7339,Synechocystis,False,4,GCF_019924095,1,Synechocystis sp. PCC 7339,2782213,PCC 7339,,synechocystis sp. pcc 7339,synechocystis sp. pcc 7339,pcc 7339,,synechocystis,sp. pcc 7339,PCC 7339,271,968e2ae677e87b46557011fe87fe718b9cd81c0c46454d0372c5d75b19d26715,GCF_019924095.1,current,Synechocystis sp. PCC 7339,2782213,Complete Genome,,,,3876863,1845299,2024-08-18,3591.0,SAMN16551562,True,True,True
GCF_019976755.1,nifK-local_aln_i2.1_12182023,1.0,nifH-local_aln_i2.1_12182023,1,4.4000000000000005e-164,7141037,,97.0,,nifD-local_aln_i2.1_12182023,1.0,1,6,0,3.2e-259,Complete Genome,,40.5,7901148,"{'infraspecific_names': {'strain': 'MS1'}, 'organism_name': 'Nostoc sp. MS1', 'tax_id': 2764711}",1.0,,6,7141037,0,4.4e-241,GCF_019976755.1-RS_2025_01_19,H=WP_224091592.1;D=WP_224091597.1;K=WP_224091626.1,Nostoc sp. MS1,Nostoc,True,1,GCF_019976755,1,Nostoc sp. MS1,2764711,MS1,,nostoc sp. ms1,nostoc sp. ms1,ms1,,nostoc,sp. ms1,,1305,a1c74869c47f9f449ec80cdc4367beee9be66c03bfc722d96705a6cf74beb84b,GCF_019976755.1,current,Nostoc sp. MS1,2764711,Complete Genome,,,,7901148,3202782,2025-01-19,6770.0,SAMD00242822,True,True,True
GCF_019977735.1,nifK-local_aln_i2.1_12182023,1.0,nifH-local_aln_i2.1_12182023,1,7.400000000000001e-159,11423121,,35.0,,nifD-local_aln_i2.1_12182023,1.0,1,10,0,4.6e-210,Complete Genome,,38.5,12367066,"{'infraspecific_names': {'strain': 'PCC 7716'}, 'organism_name': 'Calothrix sp. PCC 7716', 'tax_id': 2853227}",1.0,,10,11423121,0,3.9e-240,NCBI Prokaryotic Genome Annotation Pipeline (PGAP),H=WP_224178908.1;D=WP_224174173.1;K=WP_224174202.1,Calothrix sp. PCC 7716,Calothrix,True,4,GCF_019977735,1,Calothrix sp. PCC 7716,2853227,PCC 7716,,calothrix sp. pcc 7716,calothrix sp. pcc 7716,pcc 7716,,calothrix,sp. pcc 7716,PCC 7716,751,9cc5a9dd7aba25b2109e091b64ef6b0dced66af5e9972f3a2358187ec3de2e8a,GCF_019977735.1,suppressed,Calothrix sp. PCC 7716,2853227,Complete Genome,contaminated,This record was removed by RefSeq staff. Please contact info@ncbi.nlm.nih.gov for further details. Reason: contaminated,contaminated,12367066,4755121,2022-07-28,10717.0,SAMD00392805,True,True,True
GCF_020091585.1,nifK-local_aln_i2.1_12182023,1.0,nifH-local_aln_i2.1_12182023,1,5.7e-52,7298027,,120.0,,nifD-local_aln_i2.1_12182023,1.0,1,3,0,1.2e-07,Complete Genome,,49.5,8564336,"{'infraspecific_names': {'strain': 'CCNU0001'}, 'organism_name': 'Kovacikia minuta CCNUW1', 'tax_id': 2653194}",1.0,,3,7298027,0,1.3e-11,GCF_020091585.1-RS_2025_11_20,H=WP_224339908.1;D=WP_224342107.1;K=WP_224342107.1,Kovacikia minuta CCNUW1,Kovacikia,False,5,GCF_020091585,1,Kovacikia minuta CCNUW1,2653194,CCNU0001,,kovacikia minuta ccnuw1,kovacikia minuta ccnuw1,ccnu0001,,kovacikia,minuta ccnuw1,,321,8db5a8ae0c7badb7e1439e47bc82e3c5130ed68a0ad46bf40d6b7f9f2db1c559,GCF_020091585.1,current,Kovacikia minuta CCNUW1,2653194,Complete Genome,,,,8564336,4226371,2025-11-20,7908.0,SAMN21366140,True,True,True
GCF_020885515.1,nifK-local_aln_i2.1_12182023,1.0,nifH-local_aln_i2.1_12182023,1,8.9e-155,1491611,,1400.0,,nifD-local_aln_i2.1_12182023,1.0,1,1,0,2.2e-236,Complete Genome,,31.0,1491611,"{'infraspecific_names': {'isolate': 'CPSB-1'}, 'organism_name': 'cyanobacterium endosymbiont of Braarudosphaera bigelowii', 'tax_id': 1285375}",1.0,,1,1491611,0,7.100000000000001e-253,GCF_020885515.1-RS_2025_07_20,H=WP_040054948.1;D=WP_229636966.1;K=WP_229636967.1,cyanobacterium endosymbiont of Braarudosphaera bigelowii,cyanobacterium,True,5,GCF_020885515,1,cyanobacterium endosymbiont of Braarudosphaera bigelowii,1285375,,CPSB-1,cyanobacterium endosymbiont of braarudosphaera bigelowii,cyanobacterium endosymbiont of braarudosphaera bigelowii,,cpsb-1,cyanobacterium,endosymbiont of braarudosphaera bigelowii,,116,8d58924019ce14e4acb198f39437b079fc728250676b7e0833bb8b45e9a6361d,GCF_020885515.1,current,cyanobacterium endosymbiont of Braarudosphaera bigelowii,1285375,Complete Genome,,,,1491611,460926,2025-07-20,1181.0,SAMD00256770,True,True,True
GCF_021018745.1,nifK-local_aln_i2.1_12182023,0.0,nifH-local_aln_i2.1_12182023,0,5.799999999999999e-49,4921229,,422.0,,nifD-local_aln_i2.1_12182023,1.0,1,3,0,4e-09,Complete Genome,,61.5,5102396,"{'infraspecific_names': {'isolate': 'MG652769'}, 'organism_name': 'Gloeobacter morelensis MG652769', 'tax_id': 2781736}",1.0,,3,4921229,0,1.7e-05,GCF_021018745.1-RS_2025_03_08,H=WP_230840094.1;D=WP_230843386.1;K=WP_230843386.1,Gloeobacter morelensis MG652769,Gloeobacter,False,1,GCF_021018745,1,Gloeobacter morelensis MG652769,2781736,,MG652769,gloeobacter morelensis mg652769,gloeobacter morelensis mg652769,,mg652769,gloeobacter,morelensis mg652769,,38,e15c6fc9965519f8940e3cd83e4bdfb60ad787bbd05dc2d3e8e30a498a2725bb,GCF_021018745.1,current,Gloeobacter morelensis MG652769,2781736,Complete Genome,,,,5102396,3150686,2026-03-08,4830.0,SAMN16538668,True,True,True
GCF_021172085.1,nifK-local_aln_i2.1_12182023,1.0,nifH-local_aln_i2.1_12182023,0,5.1999999999999995e-54,5103104,,430.11,,nifD-local_aln_i2.1_12182023,1.0,1,1,0,0.0011,Complete Genome,,42.0,5103104,"{'infraspecific_names': {'strain': 'DIANCHI905'}, 'organism_name': 'Microcystis aeruginosa FACHB-905 = DIANCHI905', 'tax_id': 267865}",0.0,,1,5103104,0,1.1e-09,GCF_021172085.1-RS_2025_03_19,H=WP_002735653.1;D=WP_002746000.1;K=WP_002746000.1,Microcystis aeruginosa FACHB-905 = DIANCHI905,Microcystis,False,5,GCF_021172085,1,Microcystis aeruginosa FACHB-905 = DIANCHI905,267865,DIANCHI905,,microcystis aeruginosa fachb-905 = dianchi905,microcystis aeruginosa fachb-905 = dianchi905,dianchi905,,microcystis,aeruginosa fachb-905 = dianchi905,FACHB 905,336,29abd57853f927eaf9d302fe5df317a5ae8aece7f13ce73c7e913b2ddda9526e,GCF_021172085.1,current,Microcystis aeruginosa FACHB-905 = DIANCHI905,267865,Complete Genome,,,,5103104,2146868,2025-03-19,4362.0,SAMN02469975,True,True,True
GCF_021379005.1,nifK-local_aln_i2.1_12182023,1.0,nifH-local_aln_i2.1_12182023,1,1.3e-163,5348817,,343.0,,nifD-local_aln_i2.1_12182023,1.0,1,1,0,7.7e-241,Complete Genome,,50.5,5348817,"{'infraspecific_names': {'strain': 'A121'}, 'organism_name': 'Leptodesmis sichuanensis A121', 'tax_id': 2835870}",1.0,,1,5348817,0,3.4e-250,GCF_021379005.1-RS_2025_11_20,H=WP_233745105.1;D=WP_233745106.1;K=WP_233745107.1,Leptodesmis sichuanensis A121,Leptodesmis,True,4,GCF_021379005,1,Leptodesmis sichuanensis A121,2835870,A121,,leptodesmis sichuanensis a121,leptodesmis sichuanensis a121,a121,,leptodesmis,sichuanensis a121,,332,994a7b061b7a8f335b8332276f02b87f33e1d3d7a9f7a6176a7a96feaa34c271,GCF_021379005.1,current,Leptodesmis sichuanensis A121,2835870,Complete Genome,,,,5348817,2691442,2025-11-20,4836.0,SAMN19136101,True,True,True
GCF_021497025.1,nifK-local_aln_i2.1_12182023,1.0,nifH-local_aln_i2.1_12182023,1,2.2e-52,5699248,,35.0,,nifD-local_aln_i2.1_12182023,1.0,1,11,0,1.5e-07,Complete Genome,,46.5,7254703,"{'infraspecific_names': {'strain': 'Moss Beach'}, 'organism_name': ""Acaryochloris sp. 'Moss Beach'"", 'tax_id': 2740837}",1.0,,11,5699248,0,3e-13,GCF_021497025.1-RS_2024_11_06,H=WP_212662559.1;D=WP_212662626.1;K=WP_212662626.1,Acaryochloris sp. 'Moss Beach',Acaryochloris,False,2,GCF_021497025,1,Acaryochloris sp. 'Moss Beach',2740837,Moss Beach,,acaryochloris sp. 'moss beach',acaryochloris sp. 'moss beach',moss beach,,acaryochloris,sp. 'moss beach',,186,e4e26c4c1c9217153039c45b0832e285de97903c5b3f3cddda4163bca696b149,GCF_021497025.1,current,Acaryochloris sp. 'Moss Beach',2740837,Complete Genome,,,,7254703,3389616,2024-11-06,6436.0,SAMN15047745,True,True,True
GCF_021650815.1,nifK-local_aln_i2.1_12182023,1.0,nifH-local_aln_i2.1_12182023,1,1e-162,3808183,,500.0,,nifD-local_aln_i2.1_12182023,1.0,1,1,0,3.9e-249,Complete Genome,,40.0,3808183,"{'infraspecific_names': {'strain': 'KLL07'}, 'organism_name': 'Cylindrospermopsis raciborskii KLL07', 'tax_id': 683357}",1.0,,1,3808183,0,9.9e-257,GCF_021650815.1-RS_2024_08_13,H=WP_057177533.1;D=WP_115538753.1;K=WP_006278576.1,Cylindrospermopsis raciborskii KLL07,Cylindrospermopsis,True,4,GCF_021650815,1,Cylindrospermopsis raciborskii KLL07,683357,KLL07,,cylindrospermopsis raciborskii kll07,cylindrospermopsis raciborskii kll07,kll07,,cylindrospermopsis,raciborskii kll07,,678,66ad3d2e34573539a6ae03fa6bc4529eec0c3455a683a2e44badf71b7ef3f128,GCF_021650815.1,current,Cylindrospermopsis raciborskii KLL07,683357,Complete Genome,,,,3808183,1530202,2026-08-13,3248.0,SAMN25143314,True,True,True
GCF_022063185.1,nifK-local_aln_i2.1_12182023,1.0,nifH-local_aln_i2.1_12182023,1,1.2e-162,6421060,,94.5,,nifD-local_aln_i2.1_12182023,1.0,1,12,0,2.0000000000000003e-256,Complete Genome,,41.0,7172241,"{'infraspecific_names': {'strain': 'UHCC 0870'}, 'organism_name': 'Nostoc sp. UHCC 0870', 'tax_id': 2914041}",1.0,,12,6421060,0,1.3e-257,GCF_022063185.1-RS_2025_08_25,H=WP_190700437.1;D=WP_237988466.1;K=WP_237988467.1,Nostoc sp. UHCC 0870,Nostoc,True,1,GCF_022063185,1,Nostoc sp. UHCC 0870,2914041,UHCC 0870,,nostoc sp. uhcc 0870,nostoc sp. uhcc 0870,uhcc 0870,,nostoc,sp. uhcc 0870,,1266,3789d1ed5f93d2f2b52007f2a48eec90c469d180cb923b673a70bfb2da155158,GCF_022063185.1,current,Nostoc sp. UHCC 0870,2914041,Complete Genome,,,,7172241,2939023,2025-08-25,5947.0,SAMN25514200,True,True,True
GCF_022372495.1,nifK-local_aln_i2.1_12182023,1.0,nifH-local_aln_i2.1_12182023,1,5.400000000000001e-162,6249019,,390.0,,nifD-local_aln_i2.1_12182023,1.0,1,4,0,4.5000000000000005e-246,Complete Genome,,47.0,7227162,"{'infraspecific_names': {'strain': 'IU 594'}, 'organism_name': 'Leptolyngbya boryana IU 594', 'tax_id': 462680}",1.0,,4,6249019,0,1.1000000000000001e-253,GCF_022372495.1-RS_2025_12_04,H=WP_017289029.1;D=WP_017289030.1;K=WP_017289031.1,Leptolyngbya boryana IU 594,Leptolyngbya,True,2,GCF_022372495,1,Leptolyngbya boryana IU 594,462680,IU 594,,leptolyngbya boryana iu 594,leptolyngbya boryana iu 594,iu 594,,leptolyngbya,boryana iu 594,,312,9f2e5778ccfcb1464aa8e49a385c1037c5dcb3a4d7520154b8a282002cb56ca4,GCF_022372495.1,current,Leptolyngbya boryana IU 594,462680,Complete Genome,,,,7227162,3398837,2025-12-04,6678.0,SAMN25754657,True,True,True
GCF_022376295.1,nifK-local_aln_i2.1_12182023,1.0,nifH-local_aln_i2.1_12182023,1,3.6000000000000004e-163,5451672,,77.0,,nifD-local_aln_i2.1_12182023,1.0,1,1,0,6.5999999999999986e-245,Complete Genome,,41.5,5451672,"{'infraspecific_names': {'strain': 'UHCC 0038'}, 'organism_name': 'Nodularia sphaerocarpa UHCC 0038', 'tax_id': 2761619}",1.0,,1,5451672,0,3.7e-259,GCF_022376295.1-RS_2025_03_28,H=WP_239729388.1;D=WP_239729387.1;K=WP_239729386.1,Nodularia sphaerocarpa UHCC 0038,Nodularia,True,2,GCF_022376295,1,Nodularia sphaerocarpa UHCC 0038,2761619,UHCC 0038,,nodularia sphaerocarpa uhcc 0038,nodularia sphaerocarpa uhcc 0038,uhcc 0038,,nodularia,sphaerocarpa uhcc 0038,,1175,982a2cb1fb332341067c3a454aa68ed5a51a152950e2ed95717a1b1254268e35,GCF_022376295.1,current,Nodularia sphaerocarpa UHCC 0038,2761619,Complete Genome,,,,5451672,2249675,2026-03-30,4454.0,SAMN15769246,True,True,True
GCF_022701255.1,nifK-local_aln_i2.1_12182023,1.0,nifH-local_aln_i2.1_12182023,0,9.8e-52,6756317,,115.0,,nifD-local_aln_i2.1_12182023,1.0,1,1,0,0.0004,Complete Genome,,46.0,6756317,"{'infraspecific_names': {'strain': 'HSN003'}, 'organism_name': 'Microcoleus vaginatus HSN003', 'tax_id': 2303329}",0.0,,1,6756317,0,1.1e-12,GCF_022701255.1-RS_2025_09_13,H=WP_006634709.1;D=WP_242723164.1;K=WP_242723164.1,Microcoleus vaginatus HSN003,Microcoleus,False,2,GCF_022701255,1,Microcoleus vaginatus HSN003,2303329,HSN003,,microcoleus vaginatus hsn003,microcoleus vaginatus hsn003,hsn003,,microcoleus,vaginatus hsn003,,313,a1313384535a0789a9c4255a35338ced151406173757bb11b5f2c8e04e57fd28,GCF_022701255.1,current,Microcoleus vaginatus HSN003,2303329,Complete Genome,,,,6756317,3093552,2026-09-16,5627.0,SAMN09839700,True,True,True
GCF_022701275.1,nifK-local_aln_i2.1_12182023,1.0,nifH-local_aln_i2.1_12182023,1,9.8e-52,6698371,,116.0,,nifD-local_aln_i2.1_12182023,1.0,1,1,0,3.8e-07,Complete Genome,,46.0,6698371,"{'infraspecific_names': {'strain': 'PCC9802'}, 'organism_name': 'Microcoleus vaginatus PCC 9802', 'tax_id': 669365}",1.0,,1,6698371,0,1.3e-12,GCF_022701275.1-RS_2025_09_13,H=WP_006634709.1;D=WP_006634739.1;K=WP_006634739.1,Microcoleus vaginatus PCC 9802,Microcoleus,False,2,GCF_022701275,1,Microcoleus vaginatus PCC 9802,669365,PCC9802,,microcoleus vaginatus pcc 9802,microcoleus vaginatus pcc 9802,pcc9802,,microcoleus,vaginatus pcc 9802,PCC 9802,317,1b02a30c6624e70e8e1fad740e54bb221cdafb09c42dc1092acccf016fb0f5df,GCF_022701275.1,current,Microcoleus vaginatus PCC 9802,669365,Complete Genome,,,,6698371,3083446,2026-09-16,5285.0,SAMN09839655,True,True,True
GCF_022869765.1,nifK-local_aln_i2.1_12182023,1.0,nifH-local_aln_i2.1_12182023,0,1.2e-52,3569929,,30.0,,nifD-local_aln_i2.1_12182023,1.0,1,1,0,7.2e-05,Complete Genome,,47.5,3569929,"{'infraspecific_names': {'strain': 'PCC 6803 substr. GT-T'}, 'organism_name': 'Synechocystis sp. PCC 6803', 'tax_id': 1148}",0.0,,1,3569929,0,1e-11,GCF_022869765.1-RS_2024_07_21,H=WP_041426077.1;D=WP_010873342.1;K=WP_010873342.1,Synechocystis sp. PCC 6803,Synechocystis,False,4,GCF_022869765,1,Synechocystis sp. PCC 6803,1148,PCC 6803 substr. GT-T,,synechocystis sp. pcc 6803,synechocystis sp. pcc 6803,pcc 6803 substr. gt-t,,synechocystis,sp. pcc 6803,PCC 6803,285,3038bf75c4c739181364a986f83008f38b25ba888a69cc2de804eb91ba827427,GCF_022869765.1,current,Synechocystis sp. PCC 6803,1148,Complete Genome,,,,3569929,1704114,2024-07-21,3243.0,SAMN27121261,True,True,True
GCF_022984195.1,nifK-local_aln_i2.1_12182023,1.0,nifH-local_aln_i2.1_12182023,1,5.3e-51,2695389,,900.0,,nifD-local_aln_i2.1_12182023,1.0,1,3,0,7.9e-07,Complete Genome,,55.5,2749599,"{'infraspecific_names': {'strain': 'PCC 6301'}, 'organism_name': 'Synechococcus elongatus PCC 6301', 'tax_id': 269084}",1.0,,3,2695389,0,1.1e-11,GCF_022984195.1-RS_2025_04_10,H=WP_011242451.1;D=WP_011244566.1;K=WP_011244566.1,Synechococcus elongatus PCC 6301,Synechococcus,False,4,GCF_022984195,1,Synechococcus elongatus PCC 6301,269084,PCC 6301,,synechococcus elongatus pcc 6301,synechococcus elongatus pcc 6301,pcc 6301,,synechococcus,elongatus pcc 6301,PCC 6301,168,4fc532f5fd35c79595862f0ef1d2c0b5b72ead66a8382ead4976c39f588d11c5,GCF_022984195.1,current,Synechococcus elongatus PCC 6301,269084,Complete Genome,,,,2749599,1524309,2026-04-14,2724.0,SAMN22215291,True,True,True
GCF_023078835.1,nifK-local_aln_i2.1_12182023,0.0,nifH-local_aln_i2.1_12182023,0,2.1e-52,2410448,,25.0,,nifD-local_aln_i2.1_12182023,1.0,1,1,0,0.0099,Complete Genome,,63.0,2410448,"{'infraspecific_names': {'strain': 'NB0720_010'}, 'organism_name': 'Synechococcus sp. NB0720_010', 'tax_id': 2907159}",0.0,,1,2410448,0,0.0013,GCF_023078835.1-RS_2024_08_25,H=WP_010316575.1;D=WP_247477845.1;K=WP_247477845.1,Synechococcus sp. NB0720_010,Synechococcus,False,4,GCF_023078835,1,Synechococcus sp. NB0720_010,2907159,NB0720_010,,synechococcus sp. nb0720_010,synechococcus sp. nb0720_010,nb0720_010,,synechococcus,sp. nb0720_010,,365,97ad3a0606932e392f2b7415cc89ae4414b7fc74a92c467a54d4c2b24f343ede,GCF_023078835.1,current,Synechococcus sp. NB0720_010,2907159,Complete Genome,,,,2410448,1521285,2024-08-25,2538.0,SAMN24498209,True,True,True
GCF_023115425.1,nifK-local_aln_i2.1_12182023,0.0,nifH-local_aln_i2.1_12182023,0,2.6e-52,2404104,,32.61,,nifD-local_aln_i2.1_12182023,1.0,1,1,0,0.0027,Complete Genome,,62.0,2404104,"{'infraspecific_names': {'strain': 'A10-1-5-1'}, 'organism_name': 'Synechococcus sp. A10-1-5-1', 'tax_id': 2936507}",0.0,,1,2404104,0,0.0044,GCF_023115425.1-RS_2024_08_25,H=WP_247910736.1;D=WP_247910735.1;K=WP_247910735.1,Synechococcus sp. A10-1-5-1,Synechococcus,False,4,GCF_023115425,1,Synechococcus sp. A10-1-5-1,2936507,A10-1-5-1,,synechococcus sp. a10-1-5-1,synechococcus sp. a10-1-5-1,a10-1-5-1,,synechococcus,sp. a10-1-5-1,,364,9d0ce523a5b06d7f757bba011ef3f37abe0a2a8de85438aed8b838c62e8be263,GCF_023115425.1,current,Synechococcus sp. A10-1-5-1,2936507,Complete Genome,,,,2404104,1487882,2024-08-25,2581.0,SAMN27629822,True,True,True
GCF_023546805.1,nifK-local_aln_i2.1_12182023,1.0,nifH-local_aln_i2.1_12182023,1,1.3e-163,6353536,,100.0,,nifD-local_aln_i2.1_12182023,1.0,1,3,0,5.299999999999996e-249,Complete Genome,,44.5,6955760,"{'infraspecific_names': {'strain': 'CCNUC1'}, 'organism_name': 'Chroococcidiopsis sp. CCNUC1', 'tax_id': 2653189}",1.0,,3,6353536,0,1.8e-255,GCF_023546805.1-RS_2024_08_27,H=WP_015156515.1;D=WP_250013593.1;K=WP_250013591.1,Chroococcidiopsis sp. CCNUC1,Chroococcidiopsis,True,4,GCF_023546805,1,Chroococcidiopsis sp. CCNUC1,2653189,CCNUC1,,chroococcidiopsis sp. ccnuc1,chroococcidiopsis sp. ccnuc1,ccnuc1,,chroococcidiopsis,sp. ccnuc1,,491,0b6b61a589696f8ad5732be68a9302ee214558d761c665b167b159b11c95ec42,GCF_023546805.1,current,Chroococcidiopsis sp. CCNUC1,2653189,Complete Genome,,,,6955760,3097216,2024-08-27,6271.0,SAMN28200614,True,True,True
GCF_023650955.1,nifK-local_aln_i2.1_12182023,1.0,nifH-local_aln_i2.1_12182023,0,1.6e-51,2705963,,2708.0,,nifD-local_aln_i2.1_12182023,1.0,1,1,0,9.3e-05,Complete Genome,,53.0,2705963,"{'infraspecific_names': {'strain': 'HN-54'}, 'organism_name': 'Thermosynechococcus sp. HN-54', 'tax_id': 2933959}",0.0,,1,2705963,0,4.5e-11,GCF_023650955.1-RS_2024_11_06,H=WP_250681680.1;D=WP_250682442.1;K=WP_250682442.1,Thermosynechococcus sp. HN-54,Thermosynechococcus,False,5,GCF_023650955,1,Thermosynechococcus sp. HN-54,2933959,HN-54,,thermosynechococcus sp. hn-54,thermosynechococcus sp. hn-54,hn-54,,thermosynechococcus,sp. hn-54,,189,fca3388b15f77892121a1bfca99537333972d70cb11bfd4b30ac52348b3e9c2c,GCF_023650955.1,current,Thermosynechococcus sp. HN-54,2933959,Complete Genome,,,,2705963,1437160,2024-11-06,2567.0,SAMN28729105,True,True,True
GCF_023734775.1,nifK-local_aln_i2.1_12182023,1.0,nifH-local_aln_i2.1_12182023,1,1.7000000000000003e-162,6802717,,50.0,,nifD-local_aln_i2.1_12182023,1.0,1,5,0,5.4e-244,Complete Genome,,41.5,7408262,"{'infraspecific_names': {'strain': 'SO-36'}, 'organism_name': 'Nostoc cf. commune SO-36', 'tax_id': 449208}",1.0,,5,6802717,0,5.3e-240,GCF_023734775.1-RS_2026_01_02,H=WP_251959842.1;D=WP_251959843.1;K=WP_251959875.1,Nostoc cf. commune SO-36,Nostoc,True,1,GCF_023734775,1,Nostoc cf. commune SO-36,449208,SO-36,,nostoc cf. commune so-36,nostoc cf. commune so-36,so-36,,nostoc,cf. commune so-36,,1147,4ead641e806548447d32262f47e912e2991ba714551e8fe61322d83b8a14ec4e,GCF_023734775.1,current,Nostoc cf. commune SO-36,449208,Complete Genome,,,,7408262,3063701,2026-01-02,6035.0,SAMD00439332,True,True,True
GCF_023983615.1,nifK-local_aln_i2.1_12182023,1.0,nifH-local_aln_i2.1_12182023,1,3.2e-148,4747469,,170.0,,nifD-local_aln_i2.1_12182023,1.0,1,2,0,4.0999999999999996e-181,Complete Genome,,51.5,4799068,"{'infraspecific_names': {'strain': 'AB48'}, 'organism_name': 'Phormidium yuhuli AB48', 'tax_id': 2940671}",1.0,,2,4747469,0,2.4e-215,GCF_023983615.1-RS_2025_09_12,H=WP_252662525.1;D=WP_252662528.1;K=WP_252662529.1,Phormidium yuhuli AB48,Phormidium,True,5,GCF_023983615,1,Phormidium yuhuli AB48,2940671,AB48,,phormidium yuhuli ab48,phormidium yuhuli ab48,ab48,,phormidium,yuhuli ab48,,198,1cd36256041e232a6a5aadc3dcdca16723f5976f2b0dd012fbaca0e700aea595,GCF_023983615.1,current,[Phormidium] yuhuli AB48,2940671,Complete Genome,,,,4799068,2478720,2026-09-12,4108.0,SAMN28044976,True,False,True
GCF_024347835.1,nifK-local_aln_i2.1_12182023,1.0,nifH-local_aln_i2.1_12182023,0,4.1e-52,6415507,,110.0,,nifD-local_aln_i2.1_12182023,1.0,1,5,0,0.001,Complete Genome,,47.0,7647728,"{'infraspecific_names': {'strain': 'MBIC10699'}, 'organism_name': 'Acaryochloris marina MBIC10699', 'tax_id': 2954813}",0.0,,5,6415507,0,2.9e-13,GCF_024347835.1-RS_2025_11_20,H=WP_010468480.1;D=WP_261890758.1;K=WP_261890758.1,Acaryochloris marina MBIC10699,Acaryochloris,False,2,GCF_024347835,1,Acaryochloris marina MBIC10699,2954813,MBIC10699,,acaryochloris marina mbic10699,acaryochloris marina mbic10699,mbic10699,,acaryochloris,marina mbic10699,,188,5f5909097d4f72017ec315cd34d56e11cc5e666cde0c08b331fae5e4feaab756,GCF_024347835.1,current,Acaryochloris marina MBIC10699,2954813,Complete Genome,,,,7647728,3596757,2025-11-20,6684.0,SAMD00467986,True,True,True
GCF_024584745.1,nifK-local_aln_i2.1_12182023,1.0,nifH-local_aln_i2.1_12182023,1,2.8e-52,5833376,,125.0,,nifD-local_aln_i2.1_12182023,1.0,1,1,0,5.1999999999999995e-250,Complete Genome,,38.5,5833376,"{'infraspecific_names': {'strain': 'NIES-1697'}, 'organism_name': 'Dolichospermum heterosporum TAC447', 'tax_id': 747523}",1.0,,1,5833376,0,2.6e-236,GCF_024584745.1-RS_2025_08_22,H=WP_027400713.1;D=WP_035083244.1;K=WP_027404275.1,Dolichospermum heterosporum TAC447,Dolichospermum,True,2,GCF_024584745,1,Dolichospermum heterosporum TAC447,747523,NIES-1697,,dolichospermum heterosporum tac447,dolichospermum heterosporum tac447,nies-1697,,dolichospermum,heterosporum tac447,NIES 1697,939,662052d0a4d3fb1e21f9ed1d3a9e24b71213a713cb5bd9402be015d99e295338,GCF_024584745.1,current,Dolichospermum heterosporum TAC447,747523,Complete Genome,,,,5833376,2247244,2026-08-23,5102.0,SAMN29019864,True,True,True
GCF_025200965.1,nifK-local_aln_i2.1_12182023,1.0,nifH-local_aln_i2.1_12182023,1,6.5e-52,6400479,,65.0,,nifD-local_aln_i2.1_12182023,1.0,1,1,0,9.2e-07,Complete Genome,,45.0,6400479,"{'infraspecific_names': {'strain': 'C1'}, 'organism_name': 'Limnospira platensis C1', 'tax_id': 459495}",1.0,,1,6400479,0,2.6e-08,GCF_025200965.1-RS_2025_08_18,H=WP_006624178.1;D=WP_006623288.1;K=WP_006623288.1,Limnospira platensis C1,Limnospira,False,5,GCF_025200965,1,Limnospira platensis C1,459495,C1,,limnospira platensis c1,limnospira platensis c1,c1,,limnospira,platensis c1,,234,fb9cc74ed217031fd39987ed6744a323faa6e80ce0fedc4036a516feb7363a9f,GCF_025200965.1,current,Limnospira platensis C1,459495,Complete Genome,,,,6400479,2869985,2025-08-18,5307.0,SAMN06480167,True,True,True
GCF_025677855.1,nifK-local_aln_i2.1_12182023,1.0,nifH-local_aln_i2.1_12182023,1,4.4000000000000005e-164,9038614,,100.0,,nifD-local_aln_i2.1_12182023,1.0,1,15,0,2.1e-207,Complete Genome,,40.5,10128441,"{'infraspecific_names': {'strain': 'PCC 7601'}, 'organism_name': 'Tolypothrix sp. PCC 7601', 'tax_id': 1188}",1.0,,15,9038614,0,9.100000000000001e-116,GCF_025677855.1-RS_2025_01_18,H=WP_045868724.1;D=WP_045868610.1;K=WP_045868681.1,Tolypothrix sp. PCC 7601,Tolypothrix,True,4,GCF_025677855,1,Tolypothrix sp. PCC 7601,1188,PCC 7601,,tolypothrix sp. pcc 7601,tolypothrix sp. pcc 7601,pcc 7601,,tolypothrix,sp. pcc 7601,PCC 7601,1297,170048cead29a93c786987be11832c6b6e3fd252296302596aa3cfec1066eda0,GCF_025677855.1,current,Tolypothrix sp. PCC 7601,1188,Complete Genome,,,,10128441,4125471,2025-01-18,8018.0,SAMN14604112,True,True,True
GCF_025860405.1,nifK-local_aln_i2.1_12182023,1.0,nifH-local_aln_i2.1_12182023,1,4.4000000000000005e-164,9007860,,160.0,,nifD-local_aln_i2.1_12182023,1.0,1,16,0,2.1e-207,Complete Genome,,40.5,10115897,"{'infraspecific_names': {'strain': 'PCC 7712'}, 'organism_name': 'Tolypothrix sp. PCC 7712', 'tax_id': 2596898}",1.0,,16,9007860,0,9.100000000000001e-116,GCF_025860405.1-RS_2025_02_01,H=WP_045868724.1;D=WP_045868610.1;K=WP_045868681.1,Tolypothrix sp. PCC 7712,Tolypothrix,True,4,GCF_025860405,1,Tolypothrix sp. PCC 7712,2596898,PCC 7712,,tolypothrix sp. pcc 7712,tolypothrix sp. pcc 7712,pcc 7712,,tolypothrix,sp. pcc 7712,PCC 7712,1297,713f8059addb0dd5779749e1072a7195c552939e622af7aff6acba28a96579e5,GCF_025860405.1,current,Tolypothrix sp. PCC 7712,2596898,Complete Genome,,,,10115897,4121031,2025-02-01,8074.0,SAMN14599992,True,True,True
GCF_025999095.1,nifK-local_aln_i2.1_12182023,1.0,nifH-local_aln_i2.1_12182023,1,5.1e-52,2497893,,,,nifD-local_aln_i2.1_12182023,1.0,1,1,0,8.5e-08,Complete Genome,,54.0,2497893,"{'infraspecific_names': {'isolate': 'KatS3mg067'}, 'organism_name': 'Thermosynechococcus sp.', 'tax_id': 2814275}",1.0,,1,2497893,0,1e-09,GCF_025999095.1-RS_2024_11_06,H=WP_297761165.1;D=WP_297756763.1;K=WP_297756763.1,Thermosynechococcus sp.,Thermosynechococcus,False,5,GCF_025999095,1,Thermosynechococcus sp.,2814275,,KatS3mg067,thermosynechococcus sp.,thermosynechococcus sp.,,kats3mg067,thermosynechococcus,sp.,,187,49cbc724d4b3af7e419b049f4319cbeddc7901a9959e7cbac813d705873a8222,GCF_025999095.1,current,Thermosynechococcus sp.,2814275,Complete Genome,derived from metagenome,,,2497893,1354972,2024-11-06,2357.0,SAMD00319391,True,True,True
GCF_026000695.1,nifK-local_aln_i2.1_12182023,1.0,nifH-local_aln_i2.1_12182023,1,6e-52,6818856,,36.0,,nifD-local_aln_i2.1_12182023,1.0,1,1,0,2.4e-07,Complete Genome,,44.5,6818856,"{'infraspecific_names': {'strain': 'NIES-39'}, 'organism_name': 'Limnospira platensis NIES-39', 'tax_id': 696747}",1.0,,1,6818856,0,6e-09,GCF_026000695.1-RS_2025_07_06,H=WP_006616040.1;D=WP_014276428.1;K=WP_014276428.1,Limnospira platensis NIES-39,Limnospira,False,5,GCF_026000695,1,Limnospira platensis NIES-39,696747,NIES-39,,limnospira platensis nies-39,limnospira platensis nies-39,nies-39,,limnospira,platensis nies-39,NIES 39,251,c12298bdd19dc2384812de5eabc578c8ee1ac1e587a9f7f63dbdcc98556a10ee,GCF_026000695.1,current,Limnospira platensis NIES-39,696747,Complete Genome,,,,6818856,3020753,2026-07-06,6200.0,SAMD00536037,True,True,True
GCF_026222535.1,nifK-local_aln_i2.1_12182023,1.0,nifH-local_aln_i2.1_12182023,0,8.3e-54,5669822,,73.0,,nifD-local_aln_i2.1_12182023,1.0,1,1,0,0.00078,Complete Genome,,42.5,5669822,"{'infraspecific_names': {'strain': 'Chao 1910'}, 'organism_name': 'Microcystis aeruginosa str. Chao 1910', 'tax_id': 2945101}",0.0,,1,5669822,0,1.1e-09,GCF_026222535.1-RS_2025_02_22,H=WP_002773281.1;D=WP_190359476.1;K=WP_190359476.1,Microcystis aeruginosa str. Chao 1910,Microcystis,False,5,GCF_026222535,1,Microcystis aeruginosa str. Chao 1910,2945101,Chao 1910,,microcystis aeruginosa str. chao 1910,microcystis aeruginosa str. chao 1910,chao 1910,,microcystis,aeruginosa str. chao 1910,,337,20cee5af62110fb935785ce2221f08457d881433c8839b6082c961f2a8628c5f,GCF_026222535.1,current,Microcystis aeruginosa str. Chao 1910,2945101,Complete Genome,,,,5669822,2398109,2025-02-22,5079.0,SAMN28535230,True,True,True
GCF_026240635.1,nifK-local_aln_i2.1_12182023,1.0,nifH-local_aln_i2.1_12182023,1,3.6000000000000004e-163,4436989,,387.0,,nifD-local_aln_i2.1_12182023,1.0,1,1,0,4.2e-231,Complete Genome,,54.0,4436989,"{'infraspecific_names': {'strain': 'B231'}, 'organism_name': 'Trichothermofontia sichuanensis B231', 'tax_id': 2016064}",1.0,,1,4436989,0,6.000000000000001e-251,GCF_026240635.1-RS_2025_11_20,H=WP_265901795.1;D=WP_265901796.1;K=WP_265901797.1,Trichothermofontia sichuanensis B231,Trichothermofontia,True,4,GCF_026240635,1,Trichothermofontia sichuanensis B231,2016064,B231,,trichothermofontia sichuanensis b231,trichothermofontia sichuanensis b231,b231,,trichothermofontia,sichuanensis b231,,256,8d4a2be72084533a3dc03ba474fac39c2f6d17d67cfbea79051cbd5a52614654,GCF_026240635.1,current,Trichothermofontia sichuanensis B231,2016064,Complete Genome,,,,4436989,2390575,2025-11-20,3704.0,SAMN31598886,True,True,True
GCF_026802175.1,nifK-local_aln_i2.1_12182023,1.0,nifH-local_aln_i2.1_12182023,1,2.5000000000000002e-163,5809202,,239.0,,nifD-local_aln_i2.1_12182023,1.0,1,1,0,1.1e-239,Complete Genome,,48.5,5809202,"{'infraspecific_names': {'strain': 'A174'}, 'organism_name': 'Thermocoleostomius sinensis A174', 'tax_id': 2016057}",1.0,,1,5809202,0,6.9e-252,GCF_026802175.1-RS_2025_11_20,H=WP_268607835.1;D=WP_268607836.1;K=WP_268607837.1,Thermocoleostomius sinensis A174,Thermocoleostomius,True,1,GCF_026802175,1,Thermocoleostomius sinensis A174,2016057,A174,,thermocoleostomius sinensis a174,thermocoleostomius sinensis a174,a174,,thermocoleostomius,sinensis a174,,295,2ca257f460d1b1f09a04b5286910fc4217f6552ad3c5a635115003a95e640ac3,GCF_026802175.1,current,Thermocoleostomius sinensis A174,2016057,Complete Genome,,,,5809202,2822970,2025-11-20,4911.0,SAMN31952912,True,True,True
GCF_027359355.1,nifK-local_aln_i2.1_12182023,1.0,nifH-local_aln_i2.1_12182023,1,8.099999999999999e-55,1934849,,200.0,,nifD-local_aln_i2.1_12182023,1.0,1,1,0,3e-10,Complete Genome,,35.0,1934849,"{'infraspecific_names': {'strain': 'MIT 1214'}, 'organism_name': 'Prochlorococcus marinus str. MIT 1214', 'tax_id': 3015000}",1.0,,1,1934849,0,2.1e-09,GCF_027359355.1-RS_2025_03_18,H=WP_269624466.1;D=WP_269624469.1;K=WP_269624469.1,Prochlorococcus marinus str. MIT 1214,Prochlorococcus,False,2,GCF_027359355,1,Prochlorococcus marinus str. MIT 1214,3015000,MIT 1214,,prochlorococcus marinus str. mit 1214,prochlorococcus marinus str. mit 1214,mit 1214,,prochlorococcus,marinus str. mit 1214,,222,0c73755c1b0212bc0aac315073e71bceb1084209bc4fe0ecf2c6bda04b4e2ff5,GCF_027359355.1,current,Prochlorococcus marinus str. MIT 1214,3015000,Complete Genome,,,,1934849,672573,2025-03-18,2088.0,SAMN32234862,True,True,True
GCF_027359375.1,nifK-local_aln_i2.1_12182023,1.0,nifH-local_aln_i2.1_12182023,1,8.899999999999999e-55,1716770,,200.0,,nifD-local_aln_i2.1_12182023,1.0,1,1,0,1.2e-08,Complete Genome,,37.0,1716770,"{'infraspecific_names': {'strain': 'MIT 0919'}, 'organism_name': 'Prochlorococcus marinus str. MIT 0919', 'tax_id': 3014998}",1.0,,1,1716770,0,1.8e-07,GCF_027359375.1-RS_2025_03_18,H=WP_036901162.1;D=WP_036901161.1;K=WP_036901161.1,Prochlorococcus marinus str. MIT 0919,Prochlorococcus,False,2,GCF_027359375,1,Prochlorococcus marinus str. MIT 0919,3014998,MIT 0919,,prochlorococcus marinus str. mit 0919,prochlorococcus marinus str. mit 0919,mit 0919,,prochlorococcus,marinus str. mit 0919,,230,81cf49029bca63527c94e19cb84d6b6a24c6639964b37aaf068010f53445402a,GCF_027359375.1,current,Prochlorococcus marinus str. MIT 0919,3014998,Complete Genome,,,,1716770,635820,2025-03-18,1829.0,SAMN32234860,True,True,True
GCF_027359395.1,nifK-local_aln_i2.1_12182023,1.0,nifH-local_aln_i2.1_12182023,1,9.999999999999999e-54,2046712,,200.0,,nifD-local_aln_i2.1_12182023,1.0,1,1,0,1.6e-10,Complete Genome,,34.5,2046712,"{'infraspecific_names': {'strain': 'MIT 1013'}, 'organism_name': 'Prochlorococcus marinus str. MIT 1013', 'tax_id': 3014999}",1.0,,1,2046712,0,5.5e-10,GCF_027359395.1-RS_2025_03_18,H=WP_269609922.1;D=WP_269609925.1;K=WP_269609925.1,Prochlorococcus marinus str. MIT 1013,Prochlorococcus,False,2,GCF_027359395,1,Prochlorococcus marinus str. MIT 1013,3014999,MIT 1013,,prochlorococcus marinus str. mit 1013,prochlorococcus marinus str. mit 1013,mit 1013,,prochlorococcus,marinus str. mit 1013,,222,6b5a39a671cad248822ce4b6957a68919cf1459f93915aa26c09d552013a6317,GCF_027359395.1,current,Prochlorococcus marinus str. MIT 1013,3014999,Complete Genome,,,,2046712,706583,2025-03-18,2279.0,SAMN32234861,True,True,True
GCF_027359415.1,nifK-local_aln_i2.1_12182023,1.0,nifH-local_aln_i2.1_12182023,1,1.7e-54,1789313,,200.0,,nifD-local_aln_i2.1_12182023,1.0,1,1,0,8.9e-11,Complete Genome,,34.5,1789313,"{'infraspecific_names': {'strain': 'MIT 0918'}, 'organism_name': 'Prochlorococcus marinus str. MIT 0918', 'tax_id': 3014997}",1.0,,1,1789313,0,6.2e-08,GCF_027359415.1-RS_2025_03_18,H=WP_269622565.1;D=WP_269622566.1;K=WP_269622566.1,Prochlorococcus marinus str. MIT 0918,Prochlorococcus,False,2,GCF_027359415,1,Prochlorococcus marinus str. MIT 0918,3014997,MIT 0918,,prochlorococcus marinus str. mit 0918,prochlorococcus marinus str. mit 0918,mit 0918,,prochlorococcus,marinus str. mit 0918,,219,bbe7606384124683fb0b6c2161bd187d1dfb4b151a77d24381a2fce2eab89784,GCF_027359415.1,current,Prochlorococcus marinus str. MIT 0918,3014997,Complete Genome,,,,1789313,619712,2025-03-18,1888.0,SAMN32234859,True,True,True
GCF_027359475.1,nifK-local_aln_i2.1_12182023,1.0,nifH-local_aln_i2.1_12182023,1,9.4e-54,1988105,,200.0,,nifD-local_aln_i2.1_12182023,1.0,1,1,0,1.2e-10,Complete Genome,,35.5,1988105,"{'infraspecific_names': {'strain': 'MIT 0915'}, 'organism_name': 'Prochlorococcus marinus str. MIT 0915', 'tax_id': 1570012}",1.0,,1,1988105,0,7.5e-10,GCF_027359475.1-RS_2025_03_18,H=WP_269615077.1;D=WP_269615079.1;K=WP_269615079.1,Prochlorococcus marinus str. MIT 0915,Prochlorococcus,False,2,GCF_027359475,1,Prochlorococcus marinus str. MIT 0915,1570012,MIT 0915,,prochlorococcus marinus str. mit 0915,prochlorococcus marinus str. mit 0915,mit 0915,,prochlorococcus,marinus str. mit 0915,,224,4876a67665d58e9b81135b8933d58156ec13bc11039e72e95be2abdabbe81bb6,GCF_027359475.1,current,Prochlorococcus marinus str. MIT 0915,1570012,Complete Genome,,,,1988105,705104,2025-03-18,2086.0,SAMN32234858,True,True,True
GCF_027359525.1,nifK-local_aln_i2.1_12182023,1.0,nifH-local_aln_i2.1_12182023,1,7.7e-55,1877877,,200.0,,nifD-local_aln_i2.1_12182023,1.0,1,1,0,5e-11,Complete Genome,,35.0,1877877,"{'infraspecific_names': {'strain': 'MIT 0913'}, 'organism_name': 'Prochlorococcus marinus str. MIT 0913', 'tax_id': 1570010}",1.0,,1,1877877,0,6.5e-11,GCF_027359525.1-RS_2025_03_18,H=WP_269612474.1;D=WP_269612476.1;K=WP_269612476.1,Prochlorococcus marinus str. MIT 0913,Prochlorococcus,False,2,GCF_027359525,1,Prochlorococcus marinus str. MIT 0913,1570010,MIT 0913,,prochlorococcus marinus str. mit 0913,prochlorococcus marinus str. mit 0913,mit 0913,,prochlorococcus,marinus str. mit 0913,,223,0a2dbc789951005f61d1cda58b7c3dc1a9397d229a91b999bda5bb5bb1153f1a,GCF_027359525.1,current,Prochlorococcus marinus str. MIT 0913,1570010,Complete Genome,,,,1877877,653459,2025-03-18,2086.0,SAMN32234857,True,True,True
GCF_027359575.1,nifK-local_aln_i2.1_12182023,1.0,nifH-local_aln_i2.1_12182023,1,1.1e-54,1924674,,200.0,,nifD-local_aln_i2.1_12182023,1.0,1,1,0,2.2e-11,Complete Genome,,34.5,1924674,"{'infraspecific_names': {'strain': 'MIT 0917'}, 'organism_name': 'Prochlorococcus marinus str. MIT 0917', 'tax_id': 1570014}",1.0,,1,1924674,0,2.3e-10,GCF_027359575.1-RS_2025_03_18,H=WP_269604961.1;D=WP_269604965.1;K=WP_269604965.1,Prochlorococcus marinus str. MIT 0917,Prochlorococcus,False,2,GCF_027359575,1,Prochlorococcus marinus str. MIT 0917,1570014,MIT 0917,,prochlorococcus marinus str. mit 0917,prochlorococcus marinus str. mit 0917,mit 0917,,prochlorococcus,marinus str. mit 0917,,221,a7198ffbb4da52d84d4a7840d600b8aa08fc743881e2542b5a075ed95162f508,GCF_027359575.1,current,Prochlorococcus marinus str. MIT 0917,1570014,Complete Genome,,,,1924674,665990,2025-03-18,2108.0,SAMN32234855,True,True,True
GCF_027359595.1,nifK-local_aln_i2.1_12182023,1.0,nifH-local_aln_i2.1_12182023,1,7.7e-55,1898947,,200.0,,nifD-local_aln_i2.1_12182023,1.0,1,1,0,5e-11,Complete Genome,,35.0,1898947,"{'infraspecific_names': {'strain': 'MIT 0912'}, 'organism_name': 'Prochlorococcus marinus str. MIT 0912', 'tax_id': 1570009}",1.0,,1,1898947,0,6.5e-11,GCF_027359595.1-RS_2025_03_18,H=WP_269612474.1;D=WP_269612476.1;K=WP_269612476.1,Prochlorococcus marinus str. MIT 0912,Prochlorococcus,False,2,GCF_027359595,1,Prochlorococcus marinus str. MIT 0912,1570009,MIT 0912,,prochlorococcus marinus str. mit 0912,prochlorococcus marinus str. mit 0912,mit 0912,,prochlorococcus,marinus str. mit 0912,,223,d621010113262e77caaa9ad48688863d397bf0b22815aafafbd9b7d7e4383695,GCF_027359595.1,current,Prochlorococcus marinus str. MIT 0912,1570009,Complete Genome,,,,1898947,661291,2025-03-18,2116.0,SAMN32234856,True,True,True
GCF_027942295.1,nifK-local_aln_i2.1_12182023,0.0,nifH-local_aln_i2.1_12182023,0,1.4999999999999999e-53,4729581,,1378.0,,,1.0,1,1,0,0.00065,Complete Genome,,42.5,4729581,"{'infraspecific_names': {'strain': 'Chao 1811'}, 'organism_name': 'Pseudanabaena sp. Chao 1811', 'tax_id': 2963092}",0.0,,1,4729581,0,,GCF_027942295.1-RS_2025_08_18,H=WP_345961240.1;D=;K=WP_345961223.1,Pseudanabaena sp. Chao 1811,Pseudanabaena,False,5,GCF_027942295,1,Pseudanabaena sp. Chao 1811,2963092,Chao 1811,,pseudanabaena sp. chao 1811,pseudanabaena sp. chao 1811,chao 1811,,pseudanabaena,sp. chao 1811,,100,91a1fcc4ebaa1a2bd751fc8a63648a28097f89a589e4c61bb5501eb5ae2782e4,GCF_027942295.1,current,Pseudanabaena sp. Chao 1811,2963092,Complete Genome,,,,4729581,2002180,2025-08-18,4146.0,SAMN29620935,True,True,True
GCF_028623165.1,nifK-local_aln_i2.1_12182023,1.0,nifH-local_aln_i2.1_12182023,1,5.5e-163,6618685,,23.58,,nifD-local_aln_i2.1_12182023,1.0,1,7,0,2.3e-245,Complete Genome,,42.0,8314159,"{'infraspecific_names': {'strain': 'UHCC 0926'}, 'organism_name': 'Nostoc sp. UHCC 0926', 'tax_id': 3025190}",1.0,,7,6618685,0,2.9999999999999998e-114,GCF_028623165.1-RS_2025_08_27,H=WP_273768344.1;D=WP_273770594.1;K=WP_273768371.1,Nostoc sp. UHCC 0926,Nostoc,True,1,GCF_028623165,1,Nostoc sp. UHCC 0926,3025190,UHCC 0926,,nostoc sp. uhcc 0926,nostoc sp. uhcc 0926,uhcc 0926,,nostoc,sp. uhcc 0926,,1280,2a31e3683a850b8990e74bb484dbf6c906af32836af6ec994108899a6c54d4c1,GCF_028623165.1,current,Nostoc sp. UHCC 0926,3025190,Complete Genome,,,,8314159,3511232,2025-08-27,6880.0,SAMN33005007,True,True,True
GCF_029910235.1,nifK-local_aln_i2.1_12182023,1.0,nifH-local_aln_i2.1_12182023,1,2.1999999999999998e-160,4928719,,456.0,,nifD-local_aln_i2.1_12182023,1.0,1,6,0,9.799999999999999e-244,Complete Genome,,42.5,5842326,"{'infraspecific_names': {'strain': 'CCNP1313'}, 'organism_name': 'Pseudanabaena galeata CCNP1313', 'tax_id': 2602720}",1.0,,6,4928719,0,2.5000000000000002e-253,GCF_029910235.1-RS_2025_12_02,H=WP_281008276.1;D=WP_281008275.1;K=WP_281008274.1,Pseudanabaena galeata CCNP1313,Pseudanabaena,True,5,GCF_029910235,1,Pseudanabaena galeata CCNP1313,2602720,CCNP1313,,pseudanabaena galeata ccnp1313,pseudanabaena galeata ccnp1313,ccnp1313,,pseudanabaena,galeata ccnp1313,,108,9a9c15628a5525503d6e90db1e901ba10ded964e8a705423fb24d55c15df68ad,GCF_029910235.1,current,Pseudanabaena galeata CCNP1313,2602720,Complete Genome,,,,5842326,2476812,2025-12-02,5124.0,SAMN31016687,True,True,True
GCF_029919255.1,nifK-local_aln_i2.1_12182023,1.0,nifH-local_aln_i2.1_12182023,1,2e-156,3072807,,500.0,,nifD-local_aln_i2.1_12182023,1.0,1,1,0,1.6999999999999998e-237,Complete Genome,,34.5,3072807,"{'infraspecific_names': {'isolate': 'Gazos Creek', 'strain': 'EcSB'}, 'organism_name': 'cyanobacterium endosymbiont of Epithemia clementina EcSB', 'tax_id': 3034674}",1.0,,1,3072807,0,9.200000000000005e-258,GCF_029919255.1-RS_2025_11_23,H=WP_281152266.1;D=WP_281152265.1;K=WP_281152264.1,cyanobacterium endosymbiont of Epithemia clementina EcSB,cyanobacterium,True,5,GCF_029919255,1,cyanobacterium endosymbiont of Epithemia clementina EcSB,3034674,EcSB,Gazos Creek,cyanobacterium endosymbiont of epithemia clementina ecsb,cyanobacterium endosymbiont of epithemia clementina ecsb,ecsb,gazos creek,cyanobacterium,endosymbiont of epithemia clementina ecsb,,187,5602182ff7c1b06713e3eb01a52cbe922a4614909eb8abf47ef3d5812ede4198,GCF_029919255.1,current,cyanobacterium endosymbiont of Epithemia clementina EcSB,3034674,Complete Genome,,,,3072807,1056609,2025-11-23,1947.0,SAMN33745866,True,True,True
GCF_029953635.1,nifK-local_aln_i2.1_12182023,1.0,nifH-local_aln_i2.1_12182023,1,1.8000000000000002e-163,6866024,,172.0,,nifD-local_aln_i2.1_12182023,1.0,1,2,0,1.9000000000000003e-247,Complete Genome,,40.5,7116433,"{'infraspecific_names': {'strain': 'CENA392'}, 'organism_name': 'Halotia branconii CENA392', 'tax_id': 1539056}",1.0,,2,6866024,0,1.5e-240,GCF_029953635.1-RS_2025_05_07,H=WP_281483964.1;D=WP_281483963.1;K=WP_281483939.1,Halotia branconii CENA392,Halotia,True,4,GCF_029953635,1,Halotia branconii CENA392,1539056,CENA392,,halotia branconii cena392,halotia branconii cena392,cena392,,halotia,branconii cena392,,1289,1e41d8904bf575d534fe229aa41196ee4e2cd65c249a9e847902952ba0ed8b9f,GCF_029953635.1,current,Halotia branconii CENA392,1539056,Complete Genome,,,,7116433,2870718,2026-05-07,6109.0,SAMN34417987,True,True,True
GCF_030322965.1,nifK-local_aln_i2.1_12182023,1.0,nifH-local_aln_i2.1_12182023,0,4.9e-52,2676747,,417.0,,nifD-local_aln_i2.1_12182023,1.0,1,1,0,6.2e-05,Complete Genome,,53.5,2676747,"{'infraspecific_names': {'strain': 'B0'}, 'organism_name': 'Thermosynechococcus sp. B0', 'tax_id': 2937284}",0.0,,1,2676747,0,1.4e-10,GCF_030322965.1-RS_2024_11_06,H=WP_149819367.1;D=WP_149821788.1;K=WP_149821788.1,Thermosynechococcus sp. B0,Thermosynechococcus,False,5,GCF_030322965,1,Thermosynechococcus sp. B0,2937284,B0,,thermosynechococcus sp. b0,thermosynechococcus sp. b0,b0,,thermosynechococcus,sp. b0,,190,7aaaf3d35de166be2dc799365b4ef5335f9d2a9bd23d6ca494c5218803cd110e,GCF_030322965.1,current,Thermosynechococcus sp. B0,2937284,Complete Genome,,,,2676747,1432152,2024-11-06,2529.0,SAMN27683578,True,True,True
GCF_030322985.1,nifK-local_aln_i2.1_12182023,1.0,nifH-local_aln_i2.1_12182023,0,4.9e-52,2649060,,401.0,,nifD-local_aln_i2.1_12182023,1.0,1,1,0,6.2e-05,Complete Genome,,53.5,2649060,"{'infraspecific_names': {'strain': 'B1'}, 'organism_name': 'Thermosynechococcus sp. B1', 'tax_id': 2937792}",0.0,,1,2649060,0,5.9e-11,GCF_030322985.1-RS_2024_11_06,H=WP_149819367.1;D=WP_286625481.1;K=WP_286625481.1,Thermosynechococcus sp. B1,Thermosynechococcus,False,5,GCF_030322985,1,Thermosynechococcus sp. B1,2937792,B1,,thermosynechococcus sp. b1,thermosynechococcus sp. b1,b1,,thermosynechococcus,sp. b1,,190,5bc9bad476874413dedf251015e151a701aef47a0d3d32e7e31b85b9173be203,GCF_030322985.1,current,Thermosynechococcus sp. B1,2937792,Complete Genome,,,,2649060,1417072,2024-11-06,2534.0,SAMN27755315,True,True,True
GCF_030323025.1,nifK-local_aln_i2.1_12182023,0.0,nifH-local_aln_i2.1_12182023,0,3.8999999999999997e-53,4530340,,68.74,,,1.0,1,1,0,0.00093,Complete Genome,,41.5,4530340,"{'infraspecific_names': {'strain': 'Chao 1806'}, 'organism_name': 'Pseudanabaena mucicola str. Chao 1806', 'tax_id': 2942274}",0.0,,1,4530340,0,,GCF_030323025.1-RS_2025_06_22,H=WP_350329451.1;D=;K=WP_350329355.1,Pseudanabaena mucicola str. Chao 1806,Pseudanabaena,False,5,GCF_030323025,1,Pseudanabaena mucicola str. Chao 1806,2942274,Chao 1806,,pseudanabaena mucicola str. chao 1806,pseudanabaena mucicola str. chao 1806,chao 1806,,pseudanabaena,mucicola str. chao 1806,,108,57b552efafa302ca4350665957749bd7953efed5a52793765735f693430d581d,GCF_030323025.1,current,Pseudanabaena mucicola str. Chao 1806,2942274,Complete Genome,,,,4530340,1889829,2026-06-22,4127.0,SAMN28129762,True,True,True
GCF_030323045.1,nifK-local_aln_i2.1_12182023,1.0,nifH-local_aln_i2.1_12182023,0,4.9e-52,2652703,,460.0,,nifD-local_aln_i2.1_12182023,1.0,1,1,0,6.2e-05,Complete Genome,,53.5,2652703,"{'infraspecific_names': {'strain': 'B3'}, 'organism_name': 'Thermosynechococcus sp. B3', 'tax_id': 2937793}",0.0,,1,2652703,0,5.9e-11,GCF_030323045.1-RS_2024_11_06,H=WP_149819367.1;D=WP_286625481.1;K=WP_286625481.1,Thermosynechococcus sp. B3,Thermosynechococcus,False,5,GCF_030323045,1,Thermosynechococcus sp. B3,2937793,B3,,thermosynechococcus sp. b3,thermosynechococcus sp. b3,b3,,thermosynechococcus,sp. b3,,190,5bc9bad476874413dedf251015e151a701aef47a0d3d32e7e31b85b9173be203,GCF_030323045.1,current,Thermosynechococcus sp. B3,2937793,Complete Genome,,,,2652703,1418406,2024-11-06,2542.0,SAMN27755316,True,True,True
GCF_030518695.1,nifK-local_aln_i2.1_12182023,1.0,nifH-local_aln_i2.1_12182023,1,4.9e-52,2699981,,490.2,,nifD-local_aln_i2.1_12182023,1.0,1,2,0,7.1e-08,Complete Genome,,53.5,2702314,"{'infraspecific_names': {'strain': 'PP45'}, 'organism_name': 'Thermosynechococcus sp. PP45', 'tax_id': 3058429}",1.0,,2,2699981,0,4.2e-10,GCF_030518695.1-RS_2024_11_06,H=WP_149819367.1;D=WP_302679145.1;K=WP_302679145.1,Thermosynechococcus sp. PP45,Thermosynechococcus,False,5,GCF_030518695,1,Thermosynechococcus sp. PP45,3058429,PP45,,thermosynechococcus sp. pp45,thermosynechococcus sp. pp45,pp45,,thermosynechococcus,sp. pp45,,190,88c774c7d9f1ad93550bd4a9097c5eb1ef8b02f5399af08c3170691454d1d6f2,GCF_030518695.1,current,Thermosynechococcus sp. PP45,3058429,Complete Genome,,,,2702314,1444471,2024-11-06,2582.0,SAMN36269521,True,True,True
GCF_030518715.1,nifK-local_aln_i2.1_12182023,1.0,nifH-local_aln_i2.1_12182023,0,4.9e-52,2676782,,594.5,,nifD-local_aln_i2.1_12182023,1.0,1,1,0,6.2e-05,Complete Genome,,53.5,2676782,"{'infraspecific_names': {'strain': 'HY596'}, 'organism_name': 'Thermosynechococcus sp. HY596', 'tax_id': 3058430}",0.0,,1,2676782,0,1.4e-10,GCF_030518715.1-RS_2024_11_06,H=WP_149819367.1;D=WP_149821788.1;K=WP_149821788.1,Thermosynechococcus sp. HY596,Thermosynechococcus,False,5,GCF_030518715,1,Thermosynechococcus sp. HY596,3058430,HY596,,thermosynechococcus sp. hy596,thermosynechococcus sp. hy596,hy596,,thermosynechococcus,sp. hy596,,190,5bc9bad476874413dedf251015e151a701aef47a0d3d32e7e31b85b9173be203,GCF_030518715.1,current,Thermosynechococcus sp. HY596,3058430,Complete Genome,,,,2676782,1431587,2024-11-06,2547.0,SAMN36269524,True,True,True
GCF_030518735.1,nifK-local_aln_i2.1_12182023,1.0,nifH-local_aln_i2.1_12182023,1,4.9e-52,2677487,,489.8,,nifD-local_aln_i2.1_12182023,1.0,1,1,0,2.3e-08,Complete Genome,,53.5,2677487,"{'infraspecific_names': {'strain': 'JY1339'}, 'organism_name': 'Thermosynechococcus sp. JY1339', 'tax_id': 3058431}",1.0,,1,2677487,0,3.7e-09,GCF_030518735.1-RS_2024_11_06,H=WP_149819367.1;D=WP_302677784.1;K=WP_302677784.1,Thermosynechococcus sp. JY1339,Thermosynechococcus,False,5,GCF_030518735,1,Thermosynechococcus sp. JY1339,3058431,JY1339,,thermosynechococcus sp. jy1339,thermosynechococcus sp. jy1339,jy1339,,thermosynechococcus,sp. jy1339,,190,88c774c7d9f1ad93550bd4a9097c5eb1ef8b02f5399af08c3170691454d1d6f2,GCF_030518735.1,current,Thermosynechococcus sp. JY1339,3058431,Complete Genome,,,,2677487,1431171,2024-11-06,2546.0,SAMN36269526,True,True,True
GCF_030544905.1,nifK-local_aln_i2.1_12182023,1.0,nifH-local_aln_i2.1_12182023,1,5.3e-51,2695906,,105.0,,nifD-local_aln_i2.1_12182023,1.0,1,3,0,7.9e-07,Complete Genome,,55.5,2750114,"{'infraspecific_names': {'strain': 'UTEX 2434'}, 'organism_name': 'Synechococcus elongatus PCC 7942 = FACHB-805', 'tax_id': 1140}",1.0,,3,2695906,0,1.1e-11,GCF_030544905.1-RS_2025_07_25,H=WP_011242451.1;D=WP_011244566.1;K=WP_011244566.1,Synechococcus elongatus PCC 7942 = FACHB-805,Synechococcus,False,4,GCF_030544905,1,Synechococcus elongatus PCC 7942 = FACHB-805,1140,UTEX 2434,,synechococcus elongatus pcc 7942 = fachb-805,synechococcus elongatus pcc 7942 = fachb-805,utex 2434,,synechococcus,elongatus pcc 7942 = fachb-805,FACHB 805;PCC 7942;UTEX 2434,169,f9e6b5c521c599ac11e9ec3dc2aff99f68ec8ac740ceada3b11e15b1512130e1,GCF_030544905.1,current,Synechococcus elongatus PCC 7942 = FACHB-805,1140,Complete Genome,,,,2750114,1524609,2026-07-25,2722.0,SAMN36340636,True,True,True
GCF_030553035.1,nifK-local_aln_i2.1_12182023,1.0,nifH-local_aln_i2.1_12182023,0,5.1999999999999995e-54,5103923,,39.0,,nifD-local_aln_i2.1_12182023,1.0,1,1,0,0.0011,Complete Genome,,42.0,5103923,"{'infraspecific_names': {'strain': 'PCC 7806'}, 'organism_name': 'Microcystis aeruginosa PCC 7806', 'tax_id': 267872}",0.0,,1,5103923,0,1.1e-09,GCF_030553035.1-RS_2025_08_17,H=WP_002735653.1;D=WP_002746000.1;K=WP_002746000.1,Microcystis aeruginosa PCC 7806,Microcystis,False,5,GCF_030553035,1,Microcystis aeruginosa PCC 7806,267872,PCC 7806,,microcystis aeruginosa pcc 7806,microcystis aeruginosa pcc 7806,pcc 7806,,microcystis,aeruginosa pcc 7806,PCC 7806,335,13ef03d849f2d49b384cbee45bd295fbb7fde2c62da2142089fc4e0a7a3ece33,GCF_030553035.1,current,Microcystis aeruginosa PCC 7806,267872,Complete Genome,,,,5103923,2147199,2025-08-17,4433.0,SAMN36496101,True,True,True
GCF_031583185.1,nifK-local_aln_i2.1_12182023,1.0,nifH-local_aln_i2.1_12182023,0,4.9e-52,2653500,,542.5,,nifD-local_aln_i2.1_12182023,1.0,1,1,0,5e-05,Complete Genome,,53.5,2653500,"{'infraspecific_names': {'strain': 'PP22'}, 'organism_name': 'Thermosynechococcus sp. PP22', 'tax_id': 3074082}",0.0,,1,2653500,0,9.5e-11,GCF_031583185.1-RS_2024_11_06,H=WP_149819367.1;D=WP_310744967.1;K=WP_310744967.1,Thermosynechococcus sp. PP22,Thermosynechococcus,False,5,GCF_031583185,1,Thermosynechococcus sp. PP22,3074082,PP22,,thermosynechococcus sp. pp22,thermosynechococcus sp. pp22,pp22,,thermosynechococcus,sp. pp22,,189,e1d0feada1bbb1b7470a46fb5ce92ae4a757ebfbf4dcc0a7c431ef66991c05fd,GCF_031583185.1,current,Thermosynechococcus sp. PP22,3074082,Complete Genome,,,,2653500,1420397,2024-11-06,2524.0,SAMN37298460,True,True,True
GCF_031583205.1,nifK-local_aln_i2.1_12182023,1.0,nifH-local_aln_i2.1_12182023,1,4.9e-52,2699585,,523.7,,nifD-local_aln_i2.1_12182023,1.0,1,1,0,7.1e-08,Complete Genome,,53.5,2699585,"{'infraspecific_names': {'strain': 'PP551'}, 'organism_name': 'Thermosynechococcus sp. PP551', 'tax_id': 3074084}",1.0,,1,2699585,0,4.2e-10,GCF_031583205.1-RS_2024_11_06,H=WP_149819367.1;D=WP_302679145.1;K=WP_302679145.1,Thermosynechococcus sp. PP551,Thermosynechococcus,False,5,GCF_031583205,1,Thermosynechococcus sp. PP551,3074084,PP551,,thermosynechococcus sp. pp551,thermosynechococcus sp. pp551,pp551,,thermosynechococcus,sp. pp551,,190,88c774c7d9f1ad93550bd4a9097c5eb1ef8b02f5399af08c3170691454d1d6f2,GCF_031583205.1,current,Thermosynechococcus sp. PP551,3074084,Complete Genome,,,,2699585,1443197,2024-11-06,2580.0,SAMN37298516,True,True,True
GCF_031583225.1,nifK-local_aln_i2.1_12182023,1.0,nifH-local_aln_i2.1_12182023,1,4.9e-52,2699735,,572.6,,nifD-local_aln_i2.1_12182023,1.0,1,1,0,7.1e-08,Complete Genome,,53.5,2699735,"{'infraspecific_names': {'strain': 'PP555'}, 'organism_name': 'Thermosynechococcus sp. PP555', 'tax_id': 3074085}",1.0,,1,2699735,0,4.2e-10,GCF_031583225.1-RS_2024_11_06,H=WP_149819367.1;D=WP_302679145.1;K=WP_302679145.1,Thermosynechococcus sp. PP555,Thermosynechococcus,False,5,GCF_031583225,1,Thermosynechococcus sp. PP555,3074085,PP555,,thermosynechococcus sp. pp555,thermosynechococcus sp. pp555,pp555,,thermosynechococcus,sp. pp555,,190,88c774c7d9f1ad93550bd4a9097c5eb1ef8b02f5399af08c3170691454d1d6f2,GCF_031583225.1,current,Thermosynechococcus sp. PP555,3074085,Complete Genome,,,,2699735,1443278,2024-11-06,2579.0,SAMN37298517,True,True,True
GCF_031583255.1,nifK-local_aln_i2.1_12182023,1.0,nifH-local_aln_i2.1_12182023,0,4.9e-52,2658951,,448.9,,nifD-local_aln_i2.1_12182023,1.0,1,1,0,5e-05,Complete Genome,,53.5,2658951,"{'infraspecific_names': {'strain': 'PKX82'}, 'organism_name': 'Thermosynechococcus sp. PKX82', 'tax_id': 3074086}",0.0,,1,2658951,0,1.5e-10,GCF_031583255.1-RS_2024_11_06,H=WP_149819367.1;D=WP_310744254.1;K=WP_310744254.1,Thermosynechococcus sp. PKX82,Thermosynechococcus,False,5,GCF_031583255,1,Thermosynechococcus sp. PKX82,3074086,PKX82,,thermosynechococcus sp. pkx82,thermosynechococcus sp. pkx82,pkx82,,thermosynechococcus,sp. pkx82,,190,88c774c7d9f1ad93550bd4a9097c5eb1ef8b02f5399af08c3170691454d1d6f2,GCF_031583255.1,current,Thermosynechococcus sp. PKX82,3074086,Complete Genome,,,,2658951,1423259,2024-11-06,2541.0,SAMN37298518,True,True,True
GCF_031583295.1,nifK-local_aln_i2.1_12182023,1.0,nifH-local_aln_i2.1_12182023,0,4.9e-52,2645596,,453.5,,nifD-local_aln_i2.1_12182023,1.0,1,1,0,5e-05,Complete Genome,,53.5,2645596,"{'infraspecific_names': {'strain': 'PKX95'}, 'organism_name': 'Thermosynechococcus sp. PKX95', 'tax_id': 3074088}",0.0,,1,2645596,0,9.5e-11,GCF_031583295.1-RS_2024_11_06,H=WP_149819367.1;D=WP_310743540.1;K=WP_310743540.1,Thermosynechococcus sp. PKX95,Thermosynechococcus,False,5,GCF_031583295,1,Thermosynechococcus sp. PKX95,3074088,PKX95,,thermosynechococcus sp. pkx95,thermosynechococcus sp. pkx95,pkx95,,thermosynechococcus,sp. pkx95,,190,88c774c7d9f1ad93550bd4a9097c5eb1ef8b02f5399af08c3170691454d1d6f2,GCF_031583295.1,current,Thermosynechococcus sp. PKX95,3074088,Complete Genome,,,,2645596,1416641,2024-11-06,2515.0,SAMN37298550,True,True,True
GCF_031583315.1,nifK-local_aln_i2.1_12182023,1.0,nifH-local_aln_i2.1_12182023,0,4.9e-52,2645572,,490.6,,nifD-local_aln_i2.1_12182023,1.0,1,1,0,5e-05,Complete Genome,,53.5,2645572,"{'infraspecific_names': {'strain': 'PKX91'}, 'organism_name': 'Thermosynechococcus sp. PKX91', 'tax_id': 3074087}",0.0,,1,2645572,0,9.5e-11,GCF_031583315.1-RS_2024_11_06,H=WP_149819367.1;D=WP_310743540.1;K=WP_310743540.1,Thermosynechococcus sp. PKX91,Thermosynechococcus,False,5,GCF_031583315,1,Thermosynechococcus sp. PKX91,3074087,PKX91,,thermosynechococcus sp. pkx91,thermosynechococcus sp. pkx91,pkx91,,thermosynechococcus,sp. pkx91,,190,88c774c7d9f1ad93550bd4a9097c5eb1ef8b02f5399af08c3170691454d1d6f2,GCF_031583315.1,current,Thermosynechococcus sp. PKX91,3074087,Complete Genome,,,,2645572,1416628,2024-11-06,2516.0,SAMN37298549,True,True,True
GCF_031583335.1,nifK-local_aln_i2.1_12182023,1.0,nifH-local_aln_i2.1_12182023,0,4.9e-52,2645738,,534.6,,nifD-local_aln_i2.1_12182023,1.0,1,1,0,5e-05,Complete Genome,,53.5,2645738,"{'infraspecific_names': {'strain': 'WL11'}, 'organism_name': 'Thermosynechococcus sp. WL11', 'tax_id': 3074089}",0.0,,1,2645738,0,9.5e-11,GCF_031583335.1-RS_2024_11_06,H=WP_149819367.1;D=WP_310743540.1;K=WP_310743540.1,Thermosynechococcus sp. WL11,Thermosynechococcus,False,5,GCF_031583335,1,Thermosynechococcus sp. WL11,3074089,WL11,,thermosynechococcus sp. wl11,thermosynechococcus sp. wl11,wl11,,thermosynechococcus,sp. wl11,,190,88c774c7d9f1ad93550bd4a9097c5eb1ef8b02f5399af08c3170691454d1d6f2,GCF_031583335.1,current,Thermosynechococcus sp. WL11,3074089,Complete Genome,,,,2645738,1416543,2024-11-06,2509.0,SAMN37298575,True,True,True
GCF_031583355.1,nifK-local_aln_i2.1_12182023,1.0,nifH-local_aln_i2.1_12182023,0,4.9e-52,2645660,,468.5,,nifD-local_aln_i2.1_12182023,1.0,1,1,0,5e-05,Complete Genome,,53.5,2645660,"{'infraspecific_names': {'strain': 'WL17'}, 'organism_name': 'Thermosynechococcus sp. WL17', 'tax_id': 3074091}",0.0,,1,2645660,0,9.5e-11,GCF_031583355.1-RS_2024_11_06,H=WP_149819367.1;D=WP_310743540.1;K=WP_310743540.1,Thermosynechococcus sp. WL17,Thermosynechococcus,False,5,GCF_031583355,1,Thermosynechococcus sp. WL17,3074091,WL17,,thermosynechococcus sp. wl17,thermosynechococcus sp. wl17,wl17,,thermosynechococcus,sp. wl17,,188,13ed0bf8165ae98bc74671a19f94c664a1dcd7d26c1bc72f1a085b03293b9b83,GCF_031583355.1,current,Thermosynechococcus sp. WL17,3074091,Complete Genome,,,,2645660,1416498,2024-11-06,2512.0,SAMN37298578,True,True,True
GCF_031583375.1,nifK-local_aln_i2.1_12182023,1.0,nifH-local_aln_i2.1_12182023,0,4.9e-52,2645741,,658.3,,nifD-local_aln_i2.1_12182023,1.0,1,1,0,5e-05,Complete Genome,,53.5,2645741,"{'infraspecific_names': {'strain': 'WL15'}, 'organism_name': 'Thermosynechococcus sp. WL15', 'tax_id': 3074090}",0.0,,1,2645741,0,9.5e-11,GCF_031583375.1-RS_2024_11_06,H=WP_149819367.1;D=WP_310743540.1;K=WP_310743540.1,Thermosynechococcus sp. WL15,Thermosynechococcus,False,5,GCF_031583375,1,Thermosynechococcus sp. WL15,3074090,WL15,,thermosynechococcus sp. wl15,thermosynechococcus sp. wl15,wl15,,thermosynechococcus,sp. wl15,,190,88c774c7d9f1ad93550bd4a9097c5eb1ef8b02f5399af08c3170691454d1d6f2,GCF_031583375.1,current,Thermosynechococcus sp. WL15,3074090,Complete Genome,,,,2645741,1416544,2024-11-06,2509.0,SAMN37298577,True,True,True
GCF_031583395.1,nifK-local_aln_i2.1_12182023,1.0,nifH-local_aln_i2.1_12182023,0,4.9e-52,2661770,,641.5,,nifD-local_aln_i2.1_12182023,1.0,1,1,0,5e-05,Complete Genome,,53.5,2661770,"{'infraspecific_names': {'strain': 'GLH187'}, 'organism_name': 'Thermosynechococcus sp. GLH187', 'tax_id': 3074092}",0.0,,1,2661770,0,9.5e-11,GCF_031583395.1-RS_2024_11_06,H=WP_149819367.1;D=WP_310743540.1;K=WP_310743540.1,Thermosynechococcus sp. GLH187,Thermosynechococcus,False,5,GCF_031583395,1,Thermosynechococcus sp. GLH187,3074092,GLH187,,thermosynechococcus sp. glh187,thermosynechococcus sp. glh187,glh187,,thermosynechococcus,sp. glh187,,189,67cbd059ff805d2dfc8f908a3c78cf8d4ecf50360a51e97034a4169bd240fa74,GCF_031583395.1,current,Thermosynechococcus sp. GLH187,3074092,Complete Genome,,,,2661770,1425466,2024-11-06,2531.0,SAMN37298611,True,True,True
GCF_031583415.1,nifK-local_aln_i2.1_12182023,1.0,nifH-local_aln_i2.1_12182023,0,4.9e-52,2661840,,335.6,,nifD-local_aln_i2.1_12182023,1.0,1,1,0,5e-05,Complete Genome,,53.5,2661840,"{'infraspecific_names': {'strain': 'GLH333'}, 'organism_name': 'Thermosynechococcus sp. GLH333', 'tax_id': 3074093}",0.0,,1,2661840,0,9.5e-11,GCF_031583415.1-RS_2024_11_06,H=WP_149819367.1;D=WP_310743540.1;K=WP_310743540.1,Thermosynechococcus sp. GLH333,Thermosynechococcus,False,5,GCF_031583415,1,Thermosynechococcus sp. GLH333,3074093,GLH333,,thermosynechococcus sp. glh333,thermosynechococcus sp. glh333,glh333,,thermosynechococcus,sp. glh333,,189,4c89f818d4b5f661a0ed92cd26ef331c4da4f8966584fab13a03eca9a8303c90,GCF_031583415.1,current,Thermosynechococcus sp. GLH333,3074093,Complete Genome,,,,2661840,1425502,2024-11-06,2530.0,SAMN37298630,True,True,True
GCF_031583435.1,nifK-local_aln_i2.1_12182023,1.0,nifH-local_aln_i2.1_12182023,0,4.9e-52,2662047,,463.2,,nifD-local_aln_i2.1_12182023,1.0,1,1,0,5e-05,Complete Genome,,53.5,2662047,"{'infraspecific_names': {'strain': 'GLH87'}, 'organism_name': 'Thermosynechococcus sp. GLH87', 'tax_id': 3074094}",0.0,,1,2662047,0,9.5e-11,GCF_031583435.1-RS_2024_11_06,H=WP_149819367.1;D=WP_310743540.1;K=WP_310743540.1,Thermosynechococcus sp. GLH87,Thermosynechococcus,False,5,GCF_031583435,1,Thermosynechococcus sp. GLH87,3074094,GLH87,,thermosynechococcus sp. glh87,thermosynechococcus sp. glh87,glh87,,thermosynechococcus,sp. glh87,,190,88c774c7d9f1ad93550bd4a9097c5eb1ef8b02f5399af08c3170691454d1d6f2,GCF_031583435.1,current,Thermosynechococcus sp. GLH87,3074094,Complete Genome,,,,2662047,1425611,2024-11-06,2529.0,SAMN37298637,True,True,True
GCF_031583455.1,nifK-local_aln_i2.1_12182023,1.0,nifH-local_aln_i2.1_12182023,0,4.9e-52,2668121,,494.1,,nifD-local_aln_i2.1_12182023,1.0,1,1,0,5e-05,Complete Genome,,53.5,2668121,"{'infraspecific_names': {'strain': 'TG215'}, 'organism_name': 'Thermosynechococcus sp. TG215', 'tax_id': 3074095}",0.0,,1,2668121,0,9.5e-11,GCF_031583455.1-RS_2024_11_06,H=WP_149819367.1;D=WP_310744967.1;K=WP_310744967.1,Thermosynechococcus sp. TG215,Thermosynechococcus,False,5,GCF_031583455,1,Thermosynechococcus sp. TG215,3074095,TG215,,thermosynechococcus sp. tg215,thermosynechococcus sp. tg215,tg215,,thermosynechococcus,sp. tg215,,189,197fa06b895a4c7ea9205d0342b00c861c383c70960696a947284a09378880e9,GCF_031583455.1,current,Thermosynechococcus sp. TG215,3074095,Complete Genome,,,,2668121,1429349,2024-11-06,2523.0,SAMN37298657,True,True,True
GCF_031583475.1,nifK-local_aln_i2.1_12182023,1.0,nifH-local_aln_i2.1_12182023,1,4.9e-52,2677418,,793.8,,nifD-local_aln_i2.1_12182023,1.0,1,1,0,2.3e-08,Complete Genome,,53.5,2677418,"{'infraspecific_names': {'strain': 'JY1331'}, 'organism_name': 'Thermosynechococcus sp. JY1331', 'tax_id': 3074098}",1.0,,1,2677418,0,3.7e-09,GCF_031583475.1-RS_2024_11_06,H=WP_149819367.1;D=WP_302677784.1;K=WP_302677784.1,Thermosynechococcus sp. JY1331,Thermosynechococcus,False,5,GCF_031583475,1,Thermosynechococcus sp. JY1331,3074098,JY1331,,thermosynechococcus sp. jy1331,thermosynechococcus sp. jy1331,jy1331,,thermosynechococcus,sp. jy1331,,190,88c774c7d9f1ad93550bd4a9097c5eb1ef8b02f5399af08c3170691454d1d6f2,GCF_031583475.1,current,Thermosynechococcus sp. JY1331,3074098,Complete Genome,,,,2677418,1431137,2024-11-06,2543.0,SAMN37298816,True,True,True
GCF_031583495.1,nifK-local_aln_i2.1_12182023,1.0,nifH-local_aln_i2.1_12182023,0,4.9e-52,2670884,,553.5,,nifD-local_aln_i2.1_12182023,1.0,1,1,0,5e-05,Complete Genome,,53.5,2670884,"{'infraspecific_names': {'strain': 'TG218'}, 'organism_name': 'Thermosynechococcus sp. TG218', 'tax_id': 3074096}",0.0,,1,2670884,0,9.5e-11,GCF_031583495.1-RS_2024_11_06,H=WP_149819367.1;D=WP_310744967.1;K=WP_310744967.1,Thermosynechococcus sp. TG218,Thermosynechococcus,False,5,GCF_031583495,1,Thermosynechococcus sp. TG218,3074096,TG218,,thermosynechococcus sp. tg218,thermosynechococcus sp. tg218,tg218,,thermosynechococcus,sp. tg218,,190,88c774c7d9f1ad93550bd4a9097c5eb1ef8b02f5399af08c3170691454d1d6f2,GCF_031583495.1,current,Thermosynechococcus sp. TG218,3074096,Complete Genome,,,,2670884,1430793,2024-11-06,2530.0,SAMN37298670,True,True,True
GCF_031583515.1,nifK-local_aln_i2.1_12182023,1.0,nifH-local_aln_i2.1_12182023,0,4.9e-52,2660027,,1070.5,,nifD-local_aln_i2.1_12182023,1.0,1,1,0,4.8e-05,Complete Genome,,53.5,2660027,"{'infraspecific_names': {'strain': 'QS41'}, 'organism_name': 'Thermosynechococcus sp. QS41', 'tax_id': 3074101}",0.0,,1,2660027,0,6.2e-10,GCF_031583515.1-RS_2024_11_06,H=WP_149819367.1;D=WP_310801688.1;K=WP_310801688.1,Thermosynechococcus sp. QS41,Thermosynechococcus,False,5,GCF_031583515,1,Thermosynechococcus sp. QS41,3074101,QS41,,thermosynechococcus sp. qs41,thermosynechococcus sp. qs41,qs41,,thermosynechococcus,sp. qs41,,190,88c774c7d9f1ad93550bd4a9097c5eb1ef8b02f5399af08c3170691454d1d6f2,GCF_031583515.1,current,Thermosynechococcus sp. QS41,3074101,Complete Genome,,,,2660027,1422680,2024-11-06,2541.0,SAMN37298919,True,True,True
GCF_031583535.1,nifK-local_aln_i2.1_12182023,1.0,nifH-local_aln_i2.1_12182023,0,4.9e-52,2676782,,397.5,,nifD-local_aln_i2.1_12182023,1.0,1,1,0,6.2e-05,Complete Genome,,53.5,2676782,"{'infraspecific_names': {'strain': 'HY591'}, 'organism_name': 'Thermosynechococcus sp. HY591', 'tax_id': 3074102}",0.0,,1,2676782,0,1.4e-10,GCF_031583535.1-RS_2024_11_06,H=WP_149819367.1;D=WP_149821788.1;K=WP_149821788.1,Thermosynechococcus sp. HY591,Thermosynechococcus,False,5,GCF_031583535,1,Thermosynechococcus sp. HY591,3074102,HY591,,thermosynechococcus sp. hy591,thermosynechococcus sp. hy591,hy591,,thermosynechococcus,sp. hy591,,190,5bc9bad476874413dedf251015e151a701aef47a0d3d32e7e31b85b9173be203,GCF_031583535.1,current,Thermosynechococcus sp. HY591,3074102,Complete Genome,,,,2676782,1431586,2024-11-06,2547.0,SAMN37298996,True,True,True
GCF_031583555.1,nifK-local_aln_i2.1_12182023,1.0,nifH-local_aln_i2.1_12182023,0,4.9e-52,2676543,,280.5,,nifD-local_aln_i2.1_12182023,1.0,1,1,0,6.2e-05,Complete Genome,,53.5,2676543,"{'infraspecific_names': {'strain': 'HY593'}, 'organism_name': 'Thermosynechococcus sp. HY593', 'tax_id': 3074103}",0.0,,1,2676543,0,1.4e-10,GCF_031583555.1-RS_2024_11_06,H=WP_149819367.1;D=WP_149821788.1;K=WP_149821788.1,Thermosynechococcus sp. HY593,Thermosynechococcus,False,5,GCF_031583555,1,Thermosynechococcus sp. HY593,3074103,HY593,,thermosynechococcus sp. hy593,thermosynechococcus sp. hy593,hy593,,thermosynechococcus,sp. hy593,,188,51eefa38645aad4974180055410e5cf5576267b5a2b452997499de8816322480,GCF_031583555.1,current,Thermosynechococcus sp. HY593,3074103,Complete Genome,,,,2676543,1431464,2024-11-06,2554.0,SAMN37298997,True,True,True
GCF_031586415.1,nifK-local_aln_i2.1_12182023,1.0,nifH-local_aln_i2.1_12182023,0,4.9e-52,2657882,,2114.2,,nifD-local_aln_i2.1_12182023,1.0,1,1,0,6.2e-05,Complete Genome,,53.5,2657882,"{'infraspecific_names': {'strain': 'QKsg1'}, 'organism_name': 'Thermosynechococcus sp. QKsg1', 'tax_id': 3074130}",0.0,,1,2657882,0,1.4e-10,GCF_031586415.1-RS_2024_11_06,H=WP_149819367.1;D=WP_149821788.1;K=WP_149821788.1,Thermosynechococcus sp. QKsg1,Thermosynechococcus,False,5,GCF_031586415,1,Thermosynechococcus sp. QKsg1,3074130,QKsg1,,thermosynechococcus sp. qksg1,thermosynechococcus sp. qksg1,qksg1,,thermosynechococcus,sp. qksg1,,189,07d277d2430cd36196388c7eac06879adbf3f05ecf2da1d96cad6afb9b24f594,GCF_031586415.1,current,Thermosynechococcus sp. QKsg1,3074130,Complete Genome,,,,2657882,1421686,2024-11-06,2529.0,SAMN37308675,True,True,True
GCF_031754835.1,nifK-local_aln_i2.1_12182023,1.0,nifH-local_aln_i2.1_12182023,0,8.3e-54,4981678,,99.0,,nifD-local_aln_i2.1_12182023,1.0,1,1,0,0.0011,Complete Genome,,43.0,4981678,"{'infraspecific_names': {'strain': 'NRERC-214'}, 'organism_name': 'Microcystis aeruginosa NRERC-214', 'tax_id': 2528657}",0.0,,1,4981678,0,8.4e-10,GCF_031754835.1-RS_2024_11_06,H=WP_002773281.1;D=WP_104397739.1;K=WP_104397739.1,Microcystis aeruginosa NRERC-214,Microcystis,False,5,GCF_031754835,1,Microcystis aeruginosa NRERC-214,2528657,NRERC-214,,microcystis aeruginosa nrerc-214,microcystis aeruginosa nrerc-214,nrerc-214,,microcystis,aeruginosa nrerc-214,,336,c4a94cf95204ab9538cac74720e90792456884afbe3eb833dfef5611abf3dfdf,GCF_031754835.1,current,Microcystis aeruginosa NRERC-214,2528657,Complete Genome,,,,4981678,2134144,2026-02-23,4321.0,SAMN37320142,True,True,True
GCF_032163395.1,nifK-local_aln_i2.1_12182023,1.0,nifH-local_aln_i2.1_12182023,1,3.8e-52,5299722,,492.0,,nifD-local_aln_i2.1_12182023,1.0,1,3,0,3.7e-08,Complete Genome,,42.5,5618434,"{'infraspecific_names': {'strain': 'AAB1'}, 'organism_name': 'Gloeocapsopsis dulcis', 'tax_id': 2859516}",1.0,,3,5299722,0,6.5e-14,GCF_032163395.1-RS_2025_04_07,H=WP_235611965.1;D=WP_105219596.1;K=WP_105219596.1,Gloeocapsopsis dulcis,Gloeocapsopsis,False,2,GCF_032163395,1,Gloeocapsopsis dulcis,2859516,AAB1,,gloeocapsopsis dulcis,gloeocapsopsis dulcis,aab1,,gloeocapsopsis,dulcis,,523,d910dc39f0506b62a15eecdd65d7b08d08325a48f734e7501c5ca3c71db53115,GCF_032163395.1,current,Gloeocapsopsis dulcis,2859516,Complete Genome,,,,5618434,2387601,2025-04-07,5225.0,SAMN33601239,True,True,True
GCF_032393985.1,nifK-local_aln_i2.1_12182023,1.0,nifH-local_aln_i2.1_12182023,1,1.2e-163,7020691,,120.34,,nifD-local_aln_i2.1_12182023,1.0,1,1,0,2.2e-254,Complete Genome,,40.5,7020691,"{'infraspecific_names': {'strain': 'JS2'}, 'organism_name': 'Fischerella sp. JS2', 'tax_id': 2597771}",1.0,,1,7020691,0,1.2e-256,GCF_032393985.1-RS_2025_05_05,H=WP_180976454.1;D=WP_102149992.1;K=WP_315785356.1,Fischerella sp. JS2,Fischerella,True,2,GCF_032393985,1,Fischerella sp. JS2,2597771,JS2,,fischerella sp. js2,fischerella sp. js2,js2,,fischerella,sp. js2,,1017,da11110be1b358a5853873ca7a776ae0d7fb528abd3b233eca52b742850e28dc,GCF_032393985.1,current,Fischerella sp. JS2,2597771,Complete Genome,,,,7020691,2853323,2025-05-05,5769.0,SAMN37483216,True,True,True
GCF_032598965.1,nifK-local_aln_i2.1_12182023,1.0,nifH-local_aln_i2.1_12182023,1,6.8e-163,6598264,,701.0,,nifD-local_aln_i2.1_12182023,1.0,1,4,0,5.000000000000004e-246,Complete Genome,,50.5,8295955,"{'infraspecific_names': {'strain': 'NK1-12'}, 'organism_name': 'Leptolyngbya sp. NK1-12', 'tax_id': 2547451}",1.0,,4,6598264,0,4e-257,GCF_032598965.1-RS_2025_03_25,H=WP_316436497.1;D=WP_316436498.1;K=WP_316436499.1,Leptolyngbya sp. NK1-12,Leptolyngbya,True,2,GCF_032598965,1,Leptolyngbya sp. NK1-12,2547451,NK1-12,,leptolyngbya sp. nk1-12,leptolyngbya sp. nk1-12,nk1-12,,leptolyngbya,sp. nk1-12,,331,76c97851b82e3af3d30d08e41504258de62f938d216d51101efda8754f209550,GCF_032598965.1,current,Leptolyngbya sp. NK1-12,2547451,Complete Genome,,,,8295955,4202668,2025-03-25,6994.0,SAMN14884228,True,True,True
GCF_032620035.1,nifK-local_aln_i2.1_12182023,1.0,nifH-local_aln_i2.1_12182023,1,5.400000000000001e-162,6635697,,6635700.0,,nifD-local_aln_i2.1_12182023,1.0,1,1,0,6.8e-246,Complete Genome,,47.0,6635697,"{'infraspecific_names': {'strain': 'CZ1'}, 'organism_name': 'Leptolyngbya boryana CZ1', 'tax_id': 3060204}",1.0,,1,6635697,0,1.9e-253,GCF_032620035.1-RS_2025_11_21,H=WP_017289029.1;D=WP_316427823.1;K=WP_316427824.1,Leptolyngbya boryana CZ1,Leptolyngbya,True,2,GCF_032620035,1,Leptolyngbya boryana CZ1,3060204,CZ1,,leptolyngbya boryana cz1,leptolyngbya boryana cz1,cz1,,leptolyngbya,boryana cz1,,312,d9d798ba6229be401d9a8303db51c4db51b58bc6baa1bacac2830cacd945ca74,GCF_032620035.1,current,Leptolyngbya boryana CZ1,3060204,Complete Genome,,,,6635697,3112457,2025-11-21,6088.0,SAMN36368732,True,True,True
GCF_032705245.1,nifK-local_aln_i2.1_12182023,1.0,nifH-local_aln_i2.1_12182023,1,6.7e-52,5289693,,783.0,,nifD-local_aln_i2.1_12182023,1.0,1,1,0,1.6e-07,Complete Genome,,56.5,5289693,"{'infraspecific_names': {'strain': 'NK1-22'}, 'organism_name': 'Thermoleptolyngbya oregonensis NK1-22', 'tax_id': 2547457}",1.0,,1,5289693,0,2.9e-12,GCF_032705245.1-RS_2025_03_19,H=WP_297082649.1;D=WP_316790607.1;K=WP_316790607.1,Thermoleptolyngbya oregonensis NK1-22,Thermoleptolyngbya,False,3,GCF_032705245,1,Thermoleptolyngbya oregonensis NK1-22,2547457,NK1-22,,thermoleptolyngbya oregonensis nk1-22,thermoleptolyngbya oregonensis nk1-22,nk1-22,,thermoleptolyngbya,oregonensis nk1-22,,293,6fc011ed66045ae552c6c38780dfe07596734d4191e8c5d9ae21bc3743203e7b,GCF_032705245.1,current,Thermoleptolyngbya oregonensis NK1-22,2547457,Complete Genome,,,,5289693,2995071,2026-03-20,4303.0,SAMN14884229,True,True,True
GCF_033798705.1,nifK-local_aln_i2.1_12182023,1.0,nifH-local_aln_i2.1_12182023,1,1.4e-51,4267295,,644.7,,nifD-local_aln_i2.1_12182023,1.0,1,7,0,8.1e-06,Complete Genome,,35.0,4306969,"{'infraspecific_names': {'strain': 'AL20115'}, 'organism_name': 'Cyanobacterium aponinum AL20115', 'tax_id': 3090662}",1.0,,7,4267295,0,2e-14,GCF_033798705.1-RS_2025_12_04,H=WP_015219581.1;D=WP_015219326.1;K=WP_015219326.1,Cyanobacterium aponinum AL20115,Cyanobacterium,False,5,GCF_033798705,1,Cyanobacterium aponinum AL20115,3090662,AL20115,,cyanobacterium aponinum al20115,cyanobacterium aponinum al20115,al20115,,cyanobacterium,aponinum al20115,,190,0fa801b5a278457ebb20dd789aead088278acbd0bb7e7d0f03941ff1327b9606,GCF_033798705.1,current,Cyanobacterium aponinum AL20115,3090662,Complete Genome,,,,4306969,1503595,2025-12-04,3581.0,SAMN38084912,True,True,True
GCF_034092375.1,nifK-local_aln_i2.1_12182023,1.0,nifH-local_aln_i2.1_12182023,1,8.900000000000001e-56,1855146,,186.0,,nifD-local_aln_i2.1_12182023,1.0,1,1,0,1.6e-07,Complete Genome,,41.5,1855146,"{'infraspecific_names': {'strain': 'MIT 1300'}, 'organism_name': 'Prochlorococcus sp. MIT 1300', 'tax_id': 3096218}",1.0,,1,1855146,0,5.3e-08,GCF_034092375.1-RS_2025_02_06,H=WP_320676484.1;D=WP_320676485.1;K=WP_320676485.1,Prochlorococcus sp. MIT 1300,Prochlorococcus,False,2,GCF_034092375,1,Prochlorococcus sp. MIT 1300,3096218,MIT 1300,,prochlorococcus sp. mit 1300,prochlorococcus sp. mit 1300,mit 1300,,prochlorococcus,sp. mit 1300,,284,98b8df887b1ea351d971940e0ae316ff632a60849df18af2f29a153bb2669ed6,GCF_034092375.1,current,Prochlorococcus sp. MIT 1300,3096218,Complete Genome,,,,1855146,767998,2025-02-06,1882.0,SAMN38315732,True,True,True
GCF_034092395.1,nifK-local_aln_i2.1_12182023,0.0,nifH-local_aln_i2.1_12182023,0,7e-54,2032419,,317.0,,nifD-local_aln_i2.1_12182023,1.0,1,1,0,1.1e-05,Complete Genome,,40.0,2032419,"{'infraspecific_names': {'strain': 'MIT 1307'}, 'organism_name': 'Prochlorococcus sp. MIT 1307', 'tax_id': 3096219}",0.0,,1,2032419,0,0.00014,GCF_034092395.1-RS_2025_02_06,H=WP_320667332.1;D=WP_320667333.1;K=WP_320667333.1,Prochlorococcus sp. MIT 1307,Prochlorococcus,False,2,GCF_034092395,1,Prochlorococcus sp. MIT 1307,3096219,MIT 1307,,prochlorococcus sp. mit 1307,prochlorococcus sp. mit 1307,mit 1307,,prochlorococcus,sp. mit 1307,,288,07a16e308b46ace345d940a18fb2602223c7a294fcf9d8f5c1144a52903de1dd,GCF_034092395.1,current,Prochlorococcus sp. MIT 1307,3096219,Complete Genome,,,,2032419,811201,2025-02-06,2045.0,SAMN38315733,True,True,True
GCF_034092415.1,nifK-local_aln_i2.1_12182023,0.0,nifH-local_aln_i2.1_12182023,0,3.8999999999999996e-54,1937096,,335.0,,nifD-local_aln_i2.1_12182023,1.0,1,1,0,1.3e-06,Complete Genome,,40.0,1937096,"{'infraspecific_names': {'strain': 'MIT 1341'}, 'organism_name': 'Prochlorococcus sp. MIT 1341', 'tax_id': 3096221}",1.0,,1,1937096,0,5.7e-05,GCF_034092415.1-RS_2025_02_06,H=WP_320674345.1;D=WP_320674346.1;K=WP_320674346.1,Prochlorococcus sp. MIT 1341,Prochlorococcus,False,2,GCF_034092415,1,Prochlorococcus sp. MIT 1341,3096221,MIT 1341,,prochlorococcus sp. mit 1341,prochlorococcus sp. mit 1341,mit 1341,,prochlorococcus,sp. mit 1341,,261,cb739ab8e625f7b094d35d30275c04154640873b0a64a74d4ef9946d5a6366f3,GCF_034092415.1,current,Prochlorococcus sp. MIT 1341,3096221,Complete Genome,,,,1937096,777142,2025-02-06,1942.0,SAMN38315735,True,True,True
GCF_034092465.1,nifK-local_aln_i2.1_12182023,1.0,nifH-local_aln_i2.1_12182023,1,6.6e-55,1795922,,236.0,,nifD-local_aln_i2.1_12182023,1.0,1,1,0,1.3e-07,Complete Genome,,35.5,1795922,"{'infraspecific_names': {'strain': 'MIT 1223'}, 'organism_name': 'Prochlorococcus sp. MIT 1223', 'tax_id': 3096217}",1.0,,1,1795922,0,6e-06,GCF_034092465.1-RS_2025_02_07,H=WP_320664165.1;D=WP_320664166.1;K=WP_320664166.1,Prochlorococcus sp. MIT 1223,Prochlorococcus,False,2,GCF_034092465,1,Prochlorococcus sp. MIT 1223,3096217,MIT 1223,,prochlorococcus sp. mit 1223,prochlorococcus sp. mit 1223,mit 1223,,prochlorococcus,sp. mit 1223,,223,960d03e2c4aaf5a24c9b3f5937d23e677d4be417a031ffaf510bdcc81de4cf2d,GCF_034092465.1,current,Prochlorococcus sp. MIT 1223,3096217,Complete Genome,,,,1795922,641628,2025-02-07,1895.0,SAMN38315731,True,True,True
GCF_034093315.1,nifK-local_aln_i2.1_12182023,1.0,nifH-local_aln_i2.1_12182023,1,2.9999999999999995e-54,1704447,,73.0,,nifD-local_aln_i2.1_12182023,1.0,1,1,0,3.3e-08,Complete Genome,,31.0,1704447,"{'infraspecific_names': {'strain': 'MIT 1314'}, 'organism_name': 'Prochlorococcus sp. MIT 1314', 'tax_id': 3096220}",1.0,,1,1704447,0,2.1e-13,GCF_034093315.1-RS_2025_02_07,H=WP_320681577.1;D=WP_320681578.1;K=WP_320681578.1,Prochlorococcus sp. MIT 1314,Prochlorococcus,False,2,GCF_034093315,1,Prochlorococcus sp. MIT 1314,3096220,MIT 1314,,prochlorococcus sp. mit 1314,prochlorococcus sp. mit 1314,mit 1314,,prochlorococcus,sp. mit 1314,,174,7a049e2344b921c1c5d321f05e658ddacc2f3dc053a2b519f52af6a9ebcd0008,GCF_034093315.1,current,Prochlorococcus sp. MIT 1314,3096220,Complete Genome,,,,1704447,531103,2025-02-07,1883.0,SAMN38315734,True,True,True
GCF_035320825.1,nifK-local_aln_i2.1_12182023,1.0,nifH-local_aln_i2.1_12182023,1,5.4e-52,4280321,,200.0,,nifD-local_aln_i2.1_12182023,1.0,1,1,0,8.1e-06,Complete Genome,,35.0,4280321,"{'infraspecific_names': {'strain': 'UTEX 3221'}, 'organism_name': 'Cyanobacterium aponinum UTEX 3221', 'tax_id': 3088144}",1.0,,1,4280321,0,2e-14,GCF_035320825.1-RS_2025_01_09,H=WP_324282194.1;D=WP_015219326.1;K=WP_015219326.1,Cyanobacterium aponinum UTEX 3221,Cyanobacterium,False,5,GCF_035320825,1,Cyanobacterium aponinum UTEX 3221,3088144,UTEX 3221,,cyanobacterium aponinum utex 3221,cyanobacterium aponinum utex 3221,utex 3221,,cyanobacterium,aponinum utex 3221,UTEX 3221,191,64f2939d44172b8f80da5f65671b8c2ffd1b039f70e745b59732d29439f2ae9e,GCF_035320825.1,current,Cyanobacterium aponinum UTEX 3221,3088144,Complete Genome,,,,4280321,1495604,2026-01-09,3559.0,SAMN38032101,True,True,True
GCF_036345015.1,nifK-local_aln_i2.1_12182023,1.0,nifH-local_aln_i2.1_12182023,1,1.3000000000000001e-157,4250085,,260.0,,nifD-local_aln_i2.1_12182023,1.0,1,5,0,1.9e-232,Complete Genome,,35.0,4320404,"{'infraspecific_names': {'strain': 'DS4'}, 'organism_name': 'Cyanobacterium sp. DS4', 'tax_id': 2878255}",1.0,,5,4250085,0,3.5000000000000003e-252,GCF_036345015.1-RS_2025_05_11,H=WP_330203346.1;D=WP_330203347.1;K=WP_330203348.1,Cyanobacterium sp. DS4,Cyanobacterium,True,5,GCF_036345015,1,Cyanobacterium sp. DS4,2878255,DS4,,cyanobacterium sp. ds4,cyanobacterium sp. ds4,ds4,,cyanobacterium,sp. ds4,,190,19c07f4bd948e8bfe70ba8eecdab1de85d79102ac9dcc007c82c573eb9951457,GCF_036345015.1,current,Cyanobacterium sp. DS4,2878255,Complete Genome,,,,4320404,1502251,2025-05-11,3666.0,SAMN21561136,True,True,True
GCF_036630065.1,nifK-local_aln_i2.1_12182023,1.0,nifH-local_aln_i2.1_12182023,1,2.5e-51,2745998,,44.0,,nifD-local_aln_i2.1_12182023,1.0,1,4,0,1.5e-06,Complete Genome,,55.0,2798849,"{'infraspecific_names': {'strain': 'IITB3'}, 'organism_name': 'Synechococcus elongatus IITB3', 'tax_id': 3121543}",1.0,,4,2745998,0,4.1e-12,GCF_036630065.1-RS_2025_04_27,H=WP_208677858.1;D=WP_338431051.1;K=WP_338431051.1,Synechococcus elongatus IITB3,Synechococcus,False,4,GCF_036630065,1,Synechococcus elongatus IITB3,3121543,IITB3,,synechococcus elongatus iitb3,synechococcus elongatus iitb3,iitb3,,synechococcus,elongatus iitb3,,171,c6d6d868f8821df04b25d8742ffddb474b6dacf1e6534a86ee9c355ef8f16da3,GCF_036630065.1,current,Synechococcus elongatus IITB3,3121543,Complete Genome,,,,2798849,1533391,2025-04-27,2720.0,SAMN39555936,True,True,True
GCF_036630075.1,nifK-local_aln_i2.1_12182023,1.0,nifH-local_aln_i2.1_12182023,0,2.5e-51,2887410,,44.0,,nifD-local_aln_i2.1_12182023,1.0,1,2,0,0.0069,Complete Genome,,55.0,2899361,"{'infraspecific_names': {'strain': 'IITB4'}, 'organism_name': 'Synechococcus elongatus IITB4', 'tax_id': 3115654}",0.0,,2,2887410,0,2.8e-12,GCF_036630075.1-RS_2025_04_28,H=WP_208673436.1;D=WP_338442121.1;K=WP_338442121.1,Synechococcus elongatus IITB4,Synechococcus,False,4,GCF_036630075,1,Synechococcus elongatus IITB4,3115654,IITB4,,synechococcus elongatus iitb4,synechococcus elongatus iitb4,iitb4,,synechococcus,elongatus iitb4,,171,c6d6d868f8821df04b25d8742ffddb474b6dacf1e6534a86ee9c355ef8f16da3,GCF_036630075.1,current,Synechococcus elongatus IITB4,3115654,Complete Genome,,,,2899361,1588291,2025-04-28,2852.0,SAMN39555938,True,True,True
GCF_036630085.1,nifK-local_aln_i2.1_12182023,1.0,nifH-local_aln_i2.1_12182023,1,2.5e-51,2775312,,44.0,,nifD-local_aln_i2.1_12182023,1.0,1,7,0,9.3e-07,Complete Genome,,54.5,2886472,"{'infraspecific_names': {'strain': 'IITB6'}, 'organism_name': 'Synechococcus elongatus IITB6', 'tax_id': 3115656}",1.0,,7,2775312,0,3.2e-12,GCF_036630085.1-RS_2025_04_28,H=WP_208677858.1;D=WP_208677779.1;K=WP_208677779.1,Synechococcus elongatus IITB6,Synechococcus,False,4,GCF_036630085,1,Synechococcus elongatus IITB6,3115656,IITB6,,synechococcus elongatus iitb6,synechococcus elongatus iitb6,iitb6,,synechococcus,elongatus iitb6,,170,a5aa65d1be9b6771dd5c7119e943264c358dfe83d4f7ffe557c18869f459a291,GCF_036630085.1,current,Synechococcus elongatus IITB6,3115656,Complete Genome,,,,2886472,1577213,2025-04-28,2830.0,SAMN39555987,True,True,True
GCF_036630095.1,nifK-local_aln_i2.1_12182023,1.0,nifH-local_aln_i2.1_12182023,0,2.5e-51,2754161,,44.0,,nifD-local_aln_i2.1_12182023,1.0,1,3,0,0.0047,Complete Genome,,55.0,2803161,"{'infraspecific_names': {'strain': 'IITB7'}, 'organism_name': 'Synechococcus elongatus IITB7', 'tax_id': 3115657}",0.0,,3,2754161,0,5.7e-12,GCF_036630095.1-RS_2025_04_28,H=WP_208673436.1;D=WP_338462496.1;K=WP_338462496.1,Synechococcus elongatus IITB7,Synechococcus,False,4,GCF_036630095,1,Synechococcus elongatus IITB7,3115657,IITB7,,synechococcus elongatus iitb7,synechococcus elongatus iitb7,iitb7,,synechococcus,elongatus iitb7,,171,c6d6d868f8821df04b25d8742ffddb474b6dacf1e6534a86ee9c355ef8f16da3,GCF_036630095.1,current,Synechococcus elongatus IITB7,3115657,Complete Genome,,,,2803161,1535966,2025-04-28,2729.0,SAMN39555988,True,True,True
GCF_036630105.1,nifK-local_aln_i2.1_12182023,1.0,nifH-local_aln_i2.1_12182023,1,2.5e-51,2745998,,44.0,,nifD-local_aln_i2.1_12182023,1.0,1,5,0,1.5e-06,Complete Genome,,55.0,2800620,"{'infraspecific_names': {'strain': 'IITB8'}, 'organism_name': 'Synechococcus elongatus IITB8', 'tax_id': 3115658}",1.0,,5,2745998,0,4.1e-12,GCF_036630105.1-RS_2025_04_28,H=WP_208677858.1;D=WP_338431051.1;K=WP_338431051.1,Synechococcus elongatus IITB8,Synechococcus,False,4,GCF_036630105,1,Synechococcus elongatus IITB8,3115658,IITB8,,synechococcus elongatus iitb8,synechococcus elongatus iitb8,iitb8,,synechococcus,elongatus iitb8,,170,47562134cbdbaa73c41c32e030f0bfaec8b804a340304637fa96f805e6bcf010,GCF_036630105.1,current,Synechococcus elongatus IITB8,3115658,Complete Genome,,,,2800620,1534409,2025-04-28,2722.0,SAMN39556014,True,True,True
GCF_036630115.1,nifK-local_aln_i2.1_12182023,1.0,nifH-local_aln_i2.1_12182023,1,2.5e-51,2744952,,44.0,,nifD-local_aln_i2.1_12182023,1.0,1,5,0,1.5e-06,Complete Genome,,55.0,2799574,"{'infraspecific_names': {'strain': 'IITB5'}, 'organism_name': 'Synechococcus elongatus IITB5', 'tax_id': 3115655}",1.0,,5,2744952,0,4.1e-12,GCF_036630115.1-RS_2025_04_27,H=WP_208677858.1;D=WP_338431051.1;K=WP_338431051.1,Synechococcus elongatus IITB5,Synechococcus,False,4,GCF_036630115,1,Synechococcus elongatus IITB5,3115655,IITB5,,synechococcus elongatus iitb5,synechococcus elongatus iitb5,iitb5,,synechococcus,elongatus iitb5,,162,f0dd2ab49c9db12887361592d04c298213555c80264e6efbf4c1046b6749c453,GCF_036630115.1,current,Synechococcus elongatus IITB5,3115655,Complete Genome,,,,2799574,1533743,2025-04-27,2745.0,SAMN39555939,True,True,True
GCF_037094475.1,nifK-local_aln_i2.1_12182023,0.0,nifH-local_aln_i2.1_12182023,0,9.8e-52,6698532,,100.0,,,1.0,1,2,0,0.0093,Complete Genome,,46.0,6720419,"{'infraspecific_names': {'strain': 'PCC 9802'}, 'organism_name': 'Microcoleus vaginatus PCC 9802', 'tax_id': 669365}",0.0,,2,6698532,0,,GCF_037094475.1-RS_2025_09_13,H=WP_006634709.1;D=;K=WP_006634711.1,Microcoleus vaginatus PCC 9802,Microcoleus,False,2,GCF_037094475,1,Microcoleus vaginatus PCC 9802,669365,PCC 9802,,microcoleus vaginatus pcc 9802,microcoleus vaginatus pcc 9802,pcc 9802,,microcoleus,vaginatus pcc 9802,PCC 9802,208,3629f95f7eedff5d8e475f150101f995f46fabcd467a639aca841f69e448c36d,GCF_037094475.1,current,Microcoleus vaginatus PCC 9802,669365,Complete Genome,,,,6720419,3093865,2025-09-13,5380.0,SAMN40022805,True,True,True
GCF_038050375.1,nifK-local_aln_i2.1_12182023,1.0,nifH-local_aln_i2.1_12182023,1,2.3e-52,5144906,,958.0,,nifD-local_aln_i2.1_12182023,1.0,1,2,0,1.7e-80,Complete Genome,,37.0,5323117,"{'infraspecific_names': {'strain': 'TIOX110'}, 'organism_name': 'Okeanomitos corallinicola TIOX110', 'tax_id': 3133117}",1.0,,2,5144906,0,2.2e-99,GCF_038050375.1-RS_2024_07_05,H=WP_353931670.1;D=WP_353930915.1;K=WP_353930916.1,Okeanomitos corallinicola TIOX110,Okeanomitos,True,1,GCF_038050375,1,Okeanomitos corallinicola TIOX110,3133117,TIOX110,,okeanomitos corallinicola tiox110,okeanomitos corallinicola tiox110,tiox110,,okeanomitos,corallinicola tiox110,,974,19b91a10b0e5f5b3e015419ef639acdc47bfa7788a7ddb315ebe04f559ccc8de,GCF_038050375.1,current,Okeanomitos corallinicola TIOX110,3133117,Complete Genome,,,,5323117,1967567,2024-07-05,4571.0,SAMN40549981,True,True,True
GCF_038096175.1,nifK-local_aln_i2.1_12182023,1.0,nifH-local_aln_i2.1_12182023,1,2.4e-162,8388664,,65.0,,nifD-local_aln_i2.1_12182023,1.0,1,9,0,1e-245,Complete Genome,,41.0,9587056,"{'infraspecific_names': {'strain': 'UHCC 0302'}, 'organism_name': 'Nostoc sp. UHCC 0302', 'tax_id': 3134896}",1.0,,9,8388664,0,4.5e-240,GCF_038096175.1-RS_2024_05_06,H=WP_341525196.1;D=WP_341525197.1;K=WP_341525214.1,Nostoc sp. UHCC 0302,Nostoc,True,1,GCF_038096175,1,Nostoc sp. UHCC 0302,3134896,UHCC 0302,,nostoc sp. uhcc 0302,nostoc sp. uhcc 0302,uhcc 0302,,nostoc,sp. uhcc 0302,,1319,c0b32f0bebd96b7cecf7f03047d1cdfb7b37bc703ade8474feba3d167316ebac,GCF_038096175.1,current,Nostoc sp. UHCC 0302,3134896,Complete Genome,,,,9587056,3939792,2024-05-06,8075.0,SAMN40584958,True,True,True
GCF_038396575.1,nifK-local_aln_i2.1_12182023,1.0,nifH-local_aln_i2.1_12182023,0,7.999999999999998e-54,4749293,,176.0,,nifD-local_aln_i2.1_12182023,1.0,1,1,0,0.0008,Complete Genome,,43.0,4749293,"{'infraspecific_names': {'strain': '1339'}, 'organism_name': 'Microcystis aeruginosa 1339', 'tax_id': 3113711}",0.0,,1,4749293,0,3.4e-09,GCF_038396575.1-RS_2025_05_01,H=WP_045360101.1;D=WP_002803977.1;K=WP_002803977.1,Microcystis aeruginosa 1339,Microcystis,False,5,GCF_038396575,1,Microcystis aeruginosa 1339,3113711,1339,,microcystis aeruginosa 1339,microcystis aeruginosa 1339,1339,,microcystis,aeruginosa 1339,,336,5b62663f2c961fa4459b826495dd6320c012d544fab393647ebe4436b6cba527,GCF_038396575.1,current,Microcystis aeruginosa 1339,3113711,Complete Genome,,,,4749293,2047156,2025-05-01,4247.0,SAMN39338258,True,True,True
GCF_038630775.1,nifK-local_aln_i2.1_12182023,1.0,nifH-local_aln_i2.1_12182023,1,1.4e-51,4417119,,82.0,,nifD-local_aln_i2.1_12182023,1.0,1,1,0,8.1e-06,Complete Genome,,35.0,4417119,"{'infraspecific_names': {'strain': 'UTEX 3222'}, 'organism_name': 'Cyanobacterium aponinum UTEX 3222', 'tax_id': 3088145}",1.0,,1,4417119,0,2e-14,GCF_038630775.1-RS_2025_04_30,H=WP_015219581.1;D=WP_015219326.1;K=WP_015219326.1,Cyanobacterium aponinum UTEX 3222,Cyanobacterium,False,5,GCF_038630775,1,Cyanobacterium aponinum UTEX 3222,3088145,UTEX 3222,,cyanobacterium aponinum utex 3222,cyanobacterium aponinum utex 3222,utex 3222,,cyanobacterium,aponinum utex 3222,UTEX 3222,191,692e7d04bb484980f059c7436491f2f875dd34234e0f10f214dd0a676d40b26a,GCF_038630775.1,current,Cyanobacterium aponinum UTEX 3222,3088145,Complete Genome,,,,4417119,1544023,2025-04-30,3716.0,SAMN38032102,True,True,True
GCF_040371545.1,nifK-local_aln_i2.1_12182023,1.0,nifH-local_aln_i2.1_12182023,1,2.4e-51,1940073,,335.0,,nifD-local_aln_i2.1_12182023,1.0,1,2,0,5.1e-06,Complete Genome,,46.5,1957399,"{'infraspecific_names': {'strain': 'M16CYN'}, 'organism_name': 'Synechococcus sp. M16CYN', 'tax_id': 3103139}",1.0,,2,1940073,0,3.9e-08,GCF_040371545.1-RS_2024_06_28,H=WP_353292549.1;D=WP_353292307.1;K=WP_353292307.1,Synechococcus sp. M16CYN,Synechococcus,False,4,GCF_040371545,1,Synechococcus sp. M16CYN,3103139,M16CYN,,synechococcus sp. m16cyn,synechococcus sp. m16cyn,m16cyn,,synechococcus,sp. m16cyn,,365,6fc2549e18268d776591d249eb75f585d631bae0c60a0c498e4d56f24aa4f185,GCF_040371545.1,current,Synechococcus sp. M16CYN,3103139,Complete Genome,,,,1957399,914488,2024-06-28,1817.0,SAMD00659897,True,True,True
GCF_040436315.1,nifK-local_aln_i2.1_12182023,1.0,nifH-local_aln_i2.1_12182023,1,1.9e-159,3671396,,304.0,,nifD-local_aln_i2.1_12182023,1.0,1,1,0,1.7e-229,Complete Genome,,50.5,3671396,"{'infraspecific_names': {'strain': 'LKSZ1'}, 'organism_name': 'Synechocystis sp. LKSZ1', 'tax_id': 3144951}",1.0,,1,3671396,0,5.3999999999999986e-248,GCF_040436315.1-RS_2024_07_02,H=WP_353673437.1;D=WP_353673436.1;K=WP_353673435.1,Synechocystis sp. LKSZ1,Synechocystis,True,4,GCF_040436315,1,Synechocystis sp. LKSZ1,3144951,LKSZ1,,synechocystis sp. lksz1,synechocystis sp. lksz1,lksz1,,synechocystis,sp. lksz1,,285,cf15bcb8ffc4fa8207c354567b08507288a5b9035196f3449748d0bdd7efe320,GCF_040436315.1,current,Synechocystis sp. LKSZ1,3144951,Complete Genome,,,,3671396,1860809,2024-07-02,3249.0,SAMD00775684,True,True,True
GCF_040564635.1,nifK-local_aln_i2.1_12182023,1.0,nifH-local_aln_i2.1_12182023,0,1.1e-51,7215835,,223.0,,nifD-local_aln_i2.1_12182023,1.0,1,1,0,0.0011,Complete Genome,,43.5,7215835,"{'infraspecific_names': {'strain': 'GIHE-MW2'}, 'organism_name': 'Planktothricoides raciborskii GIHE-MW2', 'tax_id': 2792601}",0.0,,1,7215835,0,1.1e-12,GCF_040564635.1-RS_2024_09_22,H=WP_054466895.1;D=WP_054466983.1;K=WP_054466983.1,Planktothricoides raciborskii GIHE-MW2,Planktothricoides,False,1,GCF_040564635,1,Planktothricoides raciborskii GIHE-MW2,2792601,GIHE-MW2,,planktothricoides raciborskii gihe-mw2,planktothricoides raciborskii gihe-mw2,gihe-mw2,,planktothricoides,raciborskii gihe-mw2,,281,c81ddf9cdb096420ffe5fb4112ab1e7d37a80465e4c5993bca4168bd85b721d4,GCF_040564635.1,current,Planktothricoides raciborskii GIHE-MW2,2792601,Complete Genome,,,,7215835,3139154,2024-09-22,5917.0,SAMN42101233,True,True,True
GCF_041506625.1,nifK-local_aln_i2.1_12182023,1.0,nifH-local_aln_i2.1_12182023,0,5.1999999999999995e-54,5096229,,40.92,,nifD-local_aln_i2.1_12182023,1.0,1,1,0,0.0011,Complete Genome,,42.0,5096229,"{'infraspecific_names': {'strain': 'PCC 7806'}, 'organism_name': 'Microcystis aeruginosa PCC 7806', 'tax_id': 267872}",0.0,,1,5096229,0,1.1e-09,GCF_041506625.1-RS_2024_08_28,H=WP_002735653.1;D=WP_002746000.1;K=WP_002746000.1,Microcystis aeruginosa PCC 7806,Microcystis,False,5,GCF_041506625,1,Microcystis aeruginosa PCC 7806,267872,PCC 7806,,microcystis aeruginosa pcc 7806,microcystis aeruginosa pcc 7806,pcc 7806,,microcystis,aeruginosa pcc 7806,PCC 7806,335,13ef03d849f2d49b384cbee45bd295fbb7fde2c62da2142089fc4e0a7a3ece33,GCF_041506625.1,current,Microcystis aeruginosa PCC 7806,267872,Complete Genome,,,,5096229,2144397,2024-08-28,4449.0,SAMN41059580,True,True,True
GCF_042465725.1,nifK-local_aln_i2.1_12182023,1.0,nifH-local_aln_i2.1_12182023,0,2.9e-52,6658625,,75.0,,nifD-local_aln_i2.1_12182023,1.0,1,2,0,0.00025,Complete Genome,,44.5,6775695,"{'infraspecific_names': {'isolate': 'Neu2020_A'}, 'organism_name': 'Microcoleus anatoxicus', 'tax_id': 2705319}",0.0,,2,6658625,0,1.1e-11,GCF_042465725.1-RS_2024_10_03,H=WP_340519308.1;D=WP_377473850.1;K=WP_377473850.1,Microcoleus anatoxicus,Microcoleus,False,2,GCF_042465725,1,Microcoleus anatoxicus,2705319,,Neu2020_A,microcoleus anatoxicus,microcoleus anatoxicus,,neu2020_a,microcoleus,anatoxicus,,312,6bd3b7bc9d08fe1b541ff0f93b968744802dc07f532b1d382aecc4c445de0cca,GCF_042465725.1,current,Microcoleus anatoxicus,2705319,Complete Genome,derived from metagenome,,,6775695,3015513,2024-10-03,5714.0,SAMN33712751,True,True,True
GCF_043099305.1,nifK-local_aln_i2.1_12182023,1.0,nifH-local_aln_i2.1_12182023,1,1.4e-163,7409323,,807.0,,nifD-local_aln_i2.1_12182023,1.0,1,3,0,5.1e-255,Complete Genome,,41.5,7731072,"{'infraspecific_names': {'strain': 'PCC 9212'}, 'organism_name': 'Chlorogloeopsis fritschii PCC 9212', 'tax_id': 184925}",1.0,,3,7409323,0,6.8e-240,GCF_043099305.1-RS_2024_10_15,H=WP_200862408.1;D=WP_016872367.1;K=WP_016872357.1,Chlorogloeopsis fritschii PCC 9212,Chlorogloeopsis,True,2,GCF_043099305,1,Chlorogloeopsis fritschii PCC 9212,184925,PCC 9212,,chlorogloeopsis fritschii pcc 9212,chlorogloeopsis fritschii pcc 9212,pcc 9212,,chlorogloeopsis,fritschii pcc 9212,PCC 9212,1036,e94797245346869e19842dba39a0b6ab0967528be2a87ce7fa875104b70db849,GCF_043099305.1,current,Chlorogloeopsis fritschii PCC 9212,184925,Complete Genome,,,,7731072,3210297,2024-10-15,6617.0,SAMN43958758,True,True,True
GCF_043099315.1,nifK-local_aln_i2.1_12182023,1.0,nifH-local_aln_i2.1_12182023,1,1.4e-163,7528720,,860.0,,nifD-local_aln_i2.1_12182023,1.0,1,3,0,5.1e-255,Complete Genome,,41.5,7850473,"{'infraspecific_names': {'strain': 'PCC 6912'}, 'organism_name': 'Chlorogloeopsis fritschii PCC 6912', 'tax_id': 211165}",1.0,,3,7528720,0,6.8e-240,GCF_043099315.1-RS_2024_10_15,H=WP_200862408.1;D=WP_016872367.1;K=WP_016872357.1,Chlorogloeopsis fritschii PCC 6912,Chlorogloeopsis,True,2,GCF_043099315,1,Chlorogloeopsis fritschii PCC 6912,211165,PCC 6912,,chlorogloeopsis fritschii pcc 6912,chlorogloeopsis fritschii pcc 6912,pcc 6912,,chlorogloeopsis,fritschii pcc 6912,PCC 6912,1023,44e04807be0c83d9fac070d9765f85b921687ae325f151bb044e829761991826,GCF_043099315.1,current,Chlorogloeopsis fritschii PCC 6912,211165,Complete Genome,,,,7850473,3258201,2024-10-15,6708.0,SAMN43958757,True,True,True
GCF_043099725.1,nifK-local_aln_i2.1_12182023,1.0,nifH-local_aln_i2.1_12182023,1,1.4e-162,7175855,,34.8,,nifD-local_aln_i2.1_12182023,1.0,1,12,0,9.000000000000004e-246,Complete Genome,,41.5,8366001,"{'infraspecific_names': {'strain': 'C110'}, 'organism_name': 'Nostoc sp. C110', 'tax_id': 3349876}",1.0,,12,7175855,0,4.2e-240,GCF_043099725.1-RS_2024_10_15,H=WP_114083679.1;D=WP_392482634.1;K=WP_012407198.1,Nostoc sp. C110,Nostoc,True,1,GCF_043099725,1,Nostoc sp. C110,3349876,C110,,nostoc sp. c110,nostoc sp. c110,c110,,nostoc,sp. c110,,1340,ff51e559b303bcb82878b44816966580d87e9b4950683279d9f3831daf07f376,GCF_043099725.1,current,Nostoc sp. C110,3349876,Complete Genome,,,,8366001,3463444,2024-10-15,6884.0,SAMN43896574,True,True,True
GCF_043099735.1,nifK-local_aln_i2.1_12182023,1.0,nifH-local_aln_i2.1_12182023,1,7.7e-162,7883191,,53.8,,nifD-local_aln_i2.1_12182023,1.0,1,5,0,1.2999999999999998e-245,Complete Genome,,41.0,8449107,"{'infraspecific_names': {'strain': 'C117'}, 'organism_name': 'Nostoc sp. C117', 'tax_id': 3349875}",1.0,,5,7883191,0,2.6e-103,GCF_043099735.1-RS_2024_10_15,H=WP_322639553.1;D=WP_114083659.1;K=WP_392530383.1,Nostoc sp. C117,Nostoc,True,1,GCF_043099735,1,Nostoc sp. C117,3349875,C117,,nostoc sp. c117,nostoc sp. c117,c117,,nostoc,sp. c117,,1301,abb1aea74459a569a1e95b80c7640cae01bd217ca688c2646c91d0edb03d09a1,GCF_043099735.1,current,Nostoc sp. C117,3349875,Complete Genome,,,,8449107,3453146,2024-10-15,6631.0,SAMN43904264,True,True,True
GCF_044923475.1,nifK-local_aln_i2.1_12182023,1.0,nifH-local_aln_i2.1_12182023,1,1.5000000000000002e-162,5791642,,187.0,,nifD-local_aln_i2.1_12182023,1.0,1,1,0,6.400000000000001e-244,Complete Genome,,51.5,5791642,"{'infraspecific_names': {'strain': 'CCNU0014'}, 'organism_name': 'Altericista sp. CCNU0014', 'tax_id': 3082949}",1.0,,1,5791642,0,1.7999999999999998e-256,GCF_044923475.1-RS_2024_11_16,H=WP_404791370.1;D=WP_404784499.1;K=WP_404784500.1,Altericista sp. CCNU0014,Altericista,True,4,GCF_044923475,1,Altericista sp. CCNU0014,3082949,CCNU0014,,altericista sp. ccnu0014,altericista sp. ccnu0014,ccnu0014,,altericista,sp. ccnu0014,,225,f880221059152fb36dcc7d9abd4dc0c72dfc6a3413f468a1115984dd2e01b289,GCF_044923475.1,current,Altericista sp. CCNU0014,3082949,Complete Genome,,,,5791642,2981174,2024-11-16,5335.0,SAMN37954650,True,True,True
GCF_045345185.1,nifK-local_aln_i2.1_12182023,1.0,nifH-local_aln_i2.1_12182023,1,1.4e-51,4266140,,503.1,,nifD-local_aln_i2.1_12182023,1.0,1,7,0,8.1e-06,Complete Genome,,35.0,4306293,"{'infraspecific_names': {'strain': 'AL20118'}, 'organism_name': 'Cyanobacterium aponinum AL20118', 'tax_id': 3133088}",1.0,,7,4266140,0,2e-14,GCF_045345185.1-RS_2024_11_27,H=WP_015219581.1;D=WP_015219326.1;K=WP_015219326.1,Cyanobacterium aponinum AL20118,Cyanobacterium,False,5,GCF_045345185,1,Cyanobacterium aponinum AL20118,3133088,AL20118,,cyanobacterium aponinum al20118,cyanobacterium aponinum al20118,al20118,,cyanobacterium,aponinum al20118,,185,3b4b64194d57471597fc59cdc53baf6caf99293a599a2d5df1029f85d1ac0dc6,GCF_045345185.1,current,Cyanobacterium aponinum AL20118,3133088,Complete Genome,,,,4306293,1503310,2024-11-27,3562.0,SAMN40448143,True,True,True
GCF_046846445.1,nifK-local_aln_i2.1_12182023,1.0,nifH-local_aln_i2.1_12182023,0,1.2e-52,3569582,,571.21,,nifD-local_aln_i2.1_12182023,1.0,1,1,0,7.2e-05,Complete Genome,,47.5,3569582,"{'infraspecific_names': {'isolate': 'DELrpoZ-S3', 'strain': 'PCC 6803 substr. GT-T'}, 'organism_name': 'Synechocystis sp. PCC 6803 substr. GT-T', 'tax_id': 2930568}",0.0,,1,3569582,0,1e-11,GCF_046846445.1-RS_2025_01_22,H=WP_041426077.1;D=WP_010873342.1;K=WP_010873342.1,Synechocystis sp. PCC 6803 substr. GT-T,Synechocystis,False,4,GCF_046846445,1,Synechocystis sp. PCC 6803 substr. GT-T,2930568,PCC 6803 substr. GT-T,DELrpoZ-S3,synechocystis sp. pcc 6803 substr. gt-t,synechocystis sp. pcc 6803 substr. gt-t,pcc 6803 substr. gt-t,delrpoz-s3,synechocystis,sp. pcc 6803 substr. gt-t,PCC 6803,286,8bdc8d5dbc1a0e9302e9e81fae33add4106d90e75a80db3561216d5758ea98fd,GCF_046846445.1,current,Synechocystis sp. PCC 6803 substr. GT-T,2930568,Complete Genome,out of scope for the RefSeq project,,,3569582,1703841,2025-01-22,3240.0,SAMN35656062,True,True,True
GCF_046847935.1,nifK-local_aln_i2.1_12182023,1.0,nifH-local_aln_i2.1_12182023,0,1.2e-52,3569582,,181.39,,nifD-local_aln_i2.1_12182023,1.0,1,1,0,7.2e-05,Complete Genome,,47.5,3569582,"{'infraspecific_names': {'isolate': 'DELrpoZ-S2', 'strain': 'PCC 6803 substr. GT-T'}, 'organism_name': 'Synechocystis sp. PCC 6803 substr. GT-T', 'tax_id': 2930568}",0.0,,1,3569582,0,1e-11,GCF_046847935.1-RS_2025_01_22,H=WP_041426077.1;D=WP_010873342.1;K=WP_010873342.1,Synechocystis sp. PCC 6803 substr. GT-T,Synechocystis,False,4,GCF_046847935,1,Synechocystis sp. PCC 6803 substr. GT-T,2930568,PCC 6803 substr. GT-T,DELrpoZ-S2,synechocystis sp. pcc 6803 substr. gt-t,synechocystis sp. pcc 6803 substr. gt-t,pcc 6803 substr. gt-t,delrpoz-s2,synechocystis,sp. pcc 6803 substr. gt-t,PCC 6803,287,8ba6fa6a50688bfaace47bb0eedb06d999a4139f82a06192147f497f57c16a99,GCF_046847935.1,current,Synechocystis sp. PCC 6803 substr. GT-T,2930568,Complete Genome,out of scope for the RefSeq project,,,3569582,1703841,2025-01-22,3240.0,SAMN35656061,True,True,True
GCF_046847945.1,nifK-local_aln_i2.1_12182023,1.0,nifH-local_aln_i2.1_12182023,0,1.2e-52,3569582,,436.65,,nifD-local_aln_i2.1_12182023,1.0,1,1,0,7.2e-05,Complete Genome,,47.5,3569582,"{'infraspecific_names': {'isolate': 'DELrpoZ-S1', 'strain': 'PCC 6803 substr. GT-T'}, 'organism_name': 'Synechocystis sp. PCC 6803 substr. GT-T', 'tax_id': 2930568}",0.0,,1,3569582,0,1e-11,GCF_046847945.1-RS_2025_01_22,H=WP_041426077.1;D=WP_010873342.1;K=WP_010873342.1,Synechocystis sp. PCC 6803 substr. GT-T,Synechocystis,False,4,GCF_046847945,1,Synechocystis sp. PCC 6803 substr. GT-T,2930568,PCC 6803 substr. GT-T,DELrpoZ-S1,synechocystis sp. pcc 6803 substr. gt-t,synechocystis sp. pcc 6803 substr. gt-t,pcc 6803 substr. gt-t,delrpoz-s1,synechocystis,sp. pcc 6803 substr. gt-t,PCC 6803,287,8ba6fa6a50688bfaace47bb0eedb06d999a4139f82a06192147f497f57c16a99,GCF_046847945.1,current,Synechocystis sp. PCC 6803 substr. GT-T,2930568,Complete Genome,out of scope for the RefSeq project,,,3569582,1703843,2025-01-22,3240.0,SAMN35656060,True,True,True
GCF_046847955.1,nifK-local_aln_i2.1_12182023,1.0,nifH-local_aln_i2.1_12182023,0,1.2e-52,3569582,,305.81,,nifD-local_aln_i2.1_12182023,1.0,1,1,0,7.2e-05,Complete Genome,,47.5,3569582,"{'infraspecific_names': {'isolate': 'DELrpoZ', 'strain': 'PCC 6803 substr. GT-T'}, 'organism_name': 'Synechocystis sp. PCC 6803 substr. GT-T', 'tax_id': 2930568}",0.0,,1,3569582,0,1e-11,GCF_046847955.1-RS_2025_01_22,H=WP_041426077.1;D=WP_010873342.1;K=WP_010873342.1,Synechocystis sp. PCC 6803 substr. GT-T,Synechocystis,False,4,GCF_046847955,1,Synechocystis sp. PCC 6803 substr. GT-T,2930568,PCC 6803 substr. GT-T,DELrpoZ,synechocystis sp. pcc 6803 substr. gt-t,synechocystis sp. pcc 6803 substr. gt-t,pcc 6803 substr. gt-t,delrpoz,synechocystis,sp. pcc 6803 substr. gt-t,PCC 6803,287,8ba6fa6a50688bfaace47bb0eedb06d999a4139f82a06192147f497f57c16a99,GCF_046847955.1,current,Synechocystis sp. PCC 6803 substr. GT-T,2930568,Complete Genome,out of scope for the RefSeq project,,,3569582,1703842,2025-01-22,3238.0,SAMN35656059,True,True,True
GCF_047275885.1,nifK-local_aln_i2.1_12182023,1.0,nifH-local_aln_i2.1_12182023,1,1.5000000000000002e-162,6115153,,80.0,,nifD-local_aln_i2.1_12182023,1.0,1,9,0,3.4999999999999996e-249,Complete Genome,,38.5,6477821,"{'infraspecific_names': {'strain': 'SJ-1'}, 'organism_name': 'Anabaena azotica SJ-1', 'tax_id': 3392114}",1.0,,9,6115153,0,3.9e-101,GCF_047275885.1-RS_2025_01_28,H=WP_413173876.1;D=WP_413175930.1;K=WP_413175927.1,Anabaena azotica SJ-1,Anabaena,True,3,GCF_047275885,1,Anabaena azotica SJ-1,3392114,SJ-1,,anabaena azotica sj-1,anabaena azotica sj-1,sj-1,,anabaena,azotica sj-1,,1068,7c72a91141e637303ebd5255709ac79467aad00e7b3c474bd4539d756ad6b26f,GCF_047275885.1,current,Anabaena azotica SJ-1,3392114,Complete Genome,,,,6477821,2487834,2025-01-28,5415.0,SAMN46221960,True,True,True
GCF_047276495.1,nifK-local_aln_i2.1_12182023,1.0,nifH-local_aln_i2.1_12182023,1,2.1e-156,7712874,,111.78,,nifD-local_aln_i2.1_12182023,1.0,1,1,0,1.8999999999999997e-242,Complete Genome,,43.0,7712874,"{'infraspecific_names': {'isolate': 'ALCB114379'}, 'organism_name': 'Capilliphycus salinus ALCB114379', 'tax_id': 1972598}",1.0,,1,7712874,0,1.0999999999999999e-259,GCF_047276495.1-RS_2025_01_28,H=WP_413167098.1;D=WP_413167097.1;K=WP_413167096.1,Capilliphycus salinus ALCB114379,Capilliphycus,True,3,GCF_047276495,1,Capilliphycus salinus ALCB114379,1972598,,ALCB114379,capilliphycus salinus alcb114379,capilliphycus salinus alcb114379,,alcb114379,capilliphycus,salinus alcb114379,,266,a1195d316c705c49a83370040064469f597fbd80e48307d9144ad118ac5f1607,GCF_047276495.1,current,Capilliphycus salinus ALCB114379,1972598,Complete Genome,,,,7712874,3334119,2025-01-28,6136.0,SAMN45227232,True,True,True
GCF_047302725.1,nifK-local_aln_i2.1_12182023,1.0,nifH-local_aln_i2.1_12182023,1,3.7999999999999997e-54,1657989,,156.0,,nifD-local_aln_i2.1_12182023,1.0,1,1,0,2.6e-08,Complete Genome,,31.0,1657989,"{'infraspecific_names': {'strain': 'Dvax-bc1017'}, 'organism_name': 'Prochlorococcus sp. Dvax-bc1017', 'tax_id': 3093726}",1.0,,1,1657989,0,9.1e-10,GCF_047302725.1-RS_2025_01_29,H=WP_011132178.1;D=WP_011132179.1;K=WP_011132179.1,Prochlorococcus sp. Dvax-bc1017,Prochlorococcus,False,2,GCF_047302725,1,Prochlorococcus sp. Dvax-bc1017,3093726,Dvax-bc1017,,prochlorococcus sp. dvax-bc1017,prochlorococcus sp. dvax-bc1017,dvax-bc1017,,prochlorococcus,sp. dvax-bc1017,,175,f33ab66d6529128bbb88b14ffc8232c2589326c93c73b38cdf8e61f84c61a0d2,GCF_047302725.1,current,Prochlorococcus sp. Dvax-bc1017,3093726,Complete Genome,,,,1657989,510641,2025-01-29,1875.0,SAMN38119987,True,True,True
GCF_047302735.1,nifK-local_aln_i2.1_12182023,0.0,nifH-local_aln_i2.1_12182023,0,5.0999999999999995e-53,2601836,,16.0,,nifD-local_aln_i2.1_12182023,1.0,1,1,0,3.5e-06,Complete Genome,,53.0,2601836,"{'infraspecific_names': {'strain': 'Cu2B8-bc1011'}, 'organism_name': 'Synechococcus sp. Cu2B8-bc1011', 'tax_id': 3093725}",1.0,,1,2601836,0,3.2e-05,GCF_047302735.1-RS_2025_01_29,H=WP_048348249.1;D=WP_048346894.1;K=WP_048346894.1,Synechococcus sp. Cu2B8-bc1011,Synechococcus,False,4,GCF_047302735,1,Synechococcus sp. Cu2B8-bc1011,3093725,Cu2B8-bc1011,,synechococcus sp. cu2b8-bc1011,synechococcus sp. cu2b8-bc1011,cu2b8-bc1011,,synechococcus,sp. cu2b8-bc1011,,531,812ec0fbcba336ab4092bd824e4527a662a3b699b3a8d36724eba101df38798c,GCF_047302735.1,current,Synechococcus sp. Cu2B8-bc1011,3093725,Complete Genome,,,,2601836,1382328,2025-01-29,2689.0,SAMN38119986,True,True,True
GCF_047302745.1,nifK-local_aln_i2.1_12182023,1.0,nifH-local_aln_i2.1_12182023,1,9.999999999999999e-54,1897577,,213.0,,nifD-local_aln_i2.1_12182023,1.0,1,1,0,1.2e-10,Complete Genome,,35.0,1897577,"{'infraspecific_names': {'strain': 'MIT 1012'}, 'organism_name': 'Prochlorococcus marinus str. MIT 1012', 'tax_id': 1570015}",1.0,,1,1897577,0,4.2e-10,GCF_047302745.1-RS_2025_01_29,H=WP_413390057.1;D=WP_413390059.1;K=WP_413390059.1,Prochlorococcus marinus str. MIT 1012,Prochlorococcus,False,2,GCF_047302745,1,Prochlorococcus marinus str. MIT 1012,1570015,MIT 1012,,prochlorococcus marinus str. mit 1012,prochlorococcus marinus str. mit 1012,mit 1012,,prochlorococcus,marinus str. mit 1012,,222,d3d173cafb6535733c8c17d55cce3698de4ea1040320f5504beafa26accce901,GCF_047302745.1,current,Prochlorococcus marinus str. MIT 1012,1570015,Complete Genome,,,,1897577,659652,2025-01-29,2170.0,SAMN38119982,True,True,True
GCF_047302755.1,nifK-local_aln_i2.1_12182023,0.0,nifH-local_aln_i2.1_12182023,0,6.6e-54,2715465,,14.0,,nifD-local_aln_i2.1_12182023,1.0,1,1,0,3.3e-05,Complete Genome,,50.5,2715465,"{'infraspecific_names': {'strain': 'MIT 0714'}, 'organism_name': 'Prochlorococcus sp. MIT 0714', 'tax_id': 3082540}",0.0,,1,2715465,0,1.7e-05,GCF_047302755.1-RS_2025_01_29,H=WP_036914450.1;D=WP_036914447.1;K=WP_036914447.1,Prochlorococcus sp. MIT 0714,Prochlorococcus,False,2,GCF_047302755,1,Prochlorococcus sp. MIT 0714,3082540,MIT 0714,,prochlorococcus sp. mit 0714,prochlorococcus sp. mit 0714,mit 0714,,prochlorococcus,sp. mit 0714,,426,afb0962a1e117fb68a58538e8ccbeaae095fd3c9155163ac14f7d2cf682e9283,GCF_047302755.1,current,Prochlorococcus sp. MIT 0714,3082540,Complete Genome,,,,2715465,1369020,2025-01-29,2573.0,SAMN37883977,True,True,True
GCF_047302765.1,nifK-local_aln_i2.1_12182023,1.0,nifH-local_aln_i2.1_12182023,1,3.5999999999999986e-55,1751709,,29.0,,nifD-local_aln_i2.1_12182023,1.0,1,1,0,2.4e-10,Complete Genome,,36.5,1751709,"{'infraspecific_names': {'strain': 'SS2'}, 'organism_name': 'Prochlorococcus marinus str. SS2', 'tax_id': 167552}",1.0,,1,1751709,0,2.7e-07,GCF_047302765.1-RS_2025_01_29,H=WP_011124698.1;D=WP_011124699.1;K=WP_011124699.1,Prochlorococcus marinus str. SS2,Prochlorococcus,False,2,GCF_047302765,1,Prochlorococcus marinus str. SS2,167552,SS2,,prochlorococcus marinus str. ss2,prochlorococcus marinus str. ss2,ss2,,prochlorococcus,marinus str. ss2,,222,8af8b06d042d7d25cea7c8b92b99f72a62bdd290eeffa032d13eb6b478246c43,GCF_047302765.1,current,Prochlorococcus marinus str. SS2,167552,Complete Genome,,,,1751709,638267,2025-01-29,1859.0,SAMN37883976,True,True,True
GCF_047302775.1,nifK-local_aln_i2.1_12182023,1.0,nifH-local_aln_i2.1_12182023,1,3.8999999999999996e-54,1627281,,22.0,,nifD-local_aln_i2.1_12182023,1.0,1,1,0,1.2e-07,Complete Genome,,31.0,1627281,"{'infraspecific_names': {'strain': 'S9506'}, 'organism_name': 'Synechococcus sp. MIT S9506', 'tax_id': 3082550}",1.0,,1,1627281,0,3.7e-10,GCF_047302775.1-RS_2025_01_29,H=WP_032523679.1;D=WP_032523680.1;K=WP_032523680.1,Synechococcus sp. MIT S9506,Synechococcus,False,4,GCF_047302775,1,Synechococcus sp. MIT S9506,3082550,S9506,,synechococcus sp. mit s9506,synechococcus sp. mit s9506,s9506,,synechococcus,sp. mit s9506,,178,27922e8f60e66ba6a388bc004e65e62e853dbd6fff65796b74b0ac5964481527,GCF_047302775.1,suppressed,Synechococcus sp. MIT S9506,3082550,Complete Genome,contaminated,This record was removed by RefSeq staff. Please contact info@ncbi.nlm.nih.gov for further details. Reason: contaminated,contaminated,1627281,507552,2025-01-29,1804.0,SAMN37883973,True,True,True
GCF_047302785.1,nifK-local_aln_i2.1_12182023,0.0,nifH-local_aln_i2.1_12182023,0,1.4e-53,2622390,,18.0,,nifD-local_aln_i2.1_12182023,1.0,1,1,0,1.8e-05,Complete Genome,,57.5,2622390,"{'infraspecific_names': {'strain': 'WH 8017'}, 'organism_name': 'Synechococcus sp. WH 8017', 'tax_id': 166321}",0.0,,1,2622390,0,1.8e-05,GCF_047302785.1-RS_2025_01_29,H=WP_006043641.1;D=WP_006043643.1;K=WP_006043643.1,Synechococcus sp. WH 8017,Synechococcus,False,4,GCF_047302785,1,Synechococcus sp. WH 8017,166321,WH 8017,,synechococcus sp. wh 8017,synechococcus sp. wh 8017,wh 8017,,synechococcus,sp. wh 8017,,552,ec9eb603089ff22e2209b82d1b88b2849abf3c1460eb5d9b6b0e9c0336dd5f00,GCF_047302785.1,current,Synechococcus sp. WH 8017,166321,Complete Genome,,,,2622390,1511838,2025-01-29,2670.0,SAMN37883972,True,True,True
GCF_047302795.1,nifK-local_aln_i2.1_12182023,1.0,nifH-local_aln_i2.1_12182023,1,3.5e-54,1699808,,47.0,,nifD-local_aln_i2.1_12182023,1.0,1,1,0,7.9e-09,Complete Genome,,31.0,1699808,"{'infraspecific_names': {'strain': 'MIT 9107'}, 'organism_name': 'Prochlorococcus marinus str. MIT 9107', 'tax_id': 59921}",1.0,,1,1699808,0,9.3e-12,GCF_047302795.1-RS_2025_01_29,H=WP_032513886.1;D=WP_032513885.1;K=WP_032513885.1,Prochlorococcus marinus str. MIT 9107,Prochlorococcus,False,2,GCF_047302795,1,Prochlorococcus marinus str. MIT 9107,59921,MIT 9107,,prochlorococcus marinus str. mit 9107,prochlorococcus marinus str. mit 9107,mit 9107,,prochlorococcus,marinus str. mit 9107,,171,d538b010bb5f71d96060012b668bba2d63900e2f5107d84f7752636ad1a32433,GCF_047302795.1,current,Prochlorococcus marinus str. MIT 9107,59921,Complete Genome,,,,1699808,526792,2025-01-29,1877.0,SAMN37883971,True,True,True
GCF_047302805.1,nifK-local_aln_i2.1_12182023,0.0,nifH-local_aln_i2.1_12182023,0,6.6e-54,2683632,,22.0,,nifD-local_aln_i2.1_12182023,1.0,1,1,0,3.3e-05,Complete Genome,,50.5,2683632,"{'infraspecific_names': {'strain': 'MIT 0718'}, 'organism_name': 'Prochlorococcus sp. MIT 0718', 'tax_id': 3082539}",0.0,,1,2683632,0,1.7e-05,GCF_047302805.1-RS_2025_01_29,H=WP_036914450.1;D=WP_036914447.1;K=WP_036914447.1,Prochlorococcus sp. MIT 0718,Prochlorococcus,False,2,GCF_047302805,1,Prochlorococcus sp. MIT 0718,3082539,MIT 0718,,prochlorococcus sp. mit 0718,prochlorococcus sp. mit 0718,mit 0718,,prochlorococcus,sp. mit 0718,,426,afb0962a1e117fb68a58538e8ccbeaae095fd3c9155163ac14f7d2cf682e9283,GCF_047302805.1,current,Prochlorococcus sp. MIT 0718,3082539,Complete Genome,,,,2683632,1354605,2025-01-29,2575.0,SAMN37883970,True,True,True
GCF_047302855.1,nifK-local_aln_i2.1_12182023,1.0,nifH-local_aln_i2.1_12182023,1,3.8999999999999996e-54,1627281,,35.0,,nifD-local_aln_i2.1_12182023,1.0,1,1,0,1.2e-07,Complete Genome,,31.0,1627281,"{'infraspecific_names': {'strain': 'SS51'}, 'organism_name': 'Prochlorococcus marinus str. SS51', 'tax_id': 167554}",1.0,,1,1627281,0,3.7e-10,GCF_047302855.1-RS_2025_01_29,H=WP_032523679.1;D=WP_032523680.1;K=WP_032523680.1,Prochlorococcus marinus str. SS51,Prochlorococcus,False,2,GCF_047302855,1,Prochlorococcus marinus str. SS51,167554,SS51,,prochlorococcus marinus str. ss51,prochlorococcus marinus str. ss51,ss51,,prochlorococcus,marinus str. ss51,,178,27922e8f60e66ba6a388bc004e65e62e853dbd6fff65796b74b0ac5964481527,GCF_047302855.1,current,Prochlorococcus marinus str. SS51,167554,Complete Genome,,,,1627281,507552,2025-01-29,1801.0,SAMN37883969,True,True,True
GCF_047302865.1,nifK-local_aln_i2.1_12182023,0.0,nifH-local_aln_i2.1_12182023,0,6.6e-54,2716616,,19.0,,nifD-local_aln_i2.1_12182023,1.0,1,1,0,3.3e-05,Complete Genome,,50.5,2716616,"{'infraspecific_names': {'strain': 'MIT 0702'}, 'organism_name': 'Prochlorococcus sp. MIT 0702', 'tax_id': 1499503}",0.0,,1,2716616,0,1.7e-05,GCF_047302865.1-RS_2025_01_29,H=WP_036914450.1;D=WP_036914447.1;K=WP_036914447.1,Prochlorococcus sp. MIT 0702,Prochlorococcus,False,2,GCF_047302865,1,Prochlorococcus sp. MIT 0702,1499503,MIT 0702,,prochlorococcus sp. mit 0702,prochlorococcus sp. mit 0702,mit 0702,,prochlorococcus,sp. mit 0702,,426,31f33d680f2af1e3b68ec9dfc8a3a659e86753503f320113509df65ee36adfd2,GCF_047302865.1,current,Prochlorococcus sp. MIT 0702,1499503,Complete Genome,,,,2716616,1368929,2025-01-29,2583.0,SAMN37883967,True,True,True
GCF_047302875.1,nifK-local_aln_i2.1_12182023,1.0,nifH-local_aln_i2.1_12182023,1,3.8999999999999996e-54,1627281,,25.0,,nifD-local_aln_i2.1_12182023,1.0,1,1,0,1.2e-07,Complete Genome,,31.0,1627281,"{'infraspecific_names': {'strain': 'GP2'}, 'organism_name': 'Prochlorococcus marinus str. GP2', 'tax_id': 59925}",1.0,,1,1627281,0,3.7e-10,GCF_047302875.1-RS_2025_01_29,H=WP_032523679.1;D=WP_032523680.1;K=WP_032523680.1,Prochlorococcus marinus str. GP2,Prochlorococcus,False,2,GCF_047302875,1,Prochlorococcus marinus str. GP2,59925,GP2,,prochlorococcus marinus str. gp2,prochlorococcus marinus str. gp2,gp2,,prochlorococcus,marinus str. gp2,,179,194299d48fa1a5e0df9f09f54812ae7647871a57ff02677d029ffef60f250ca1,GCF_047302875.1,current,Prochlorococcus marinus str. GP2,59925,Complete Genome,,,,1627281,507552,2025-01-29,1808.0,SAMN37883966,True,True,True
GCF_047302905.1,nifK-local_aln_i2.1_12182023,1.0,nifH-local_aln_i2.1_12182023,1,3.5999999999999986e-55,1751940,,54.0,,nifD-local_aln_i2.1_12182023,1.0,1,1,0,2.4e-10,Complete Genome,,36.5,1751940,"{'infraspecific_names': {'strain': 'LG'}, 'organism_name': 'Prochlorococcus marinus str. LG', 'tax_id': 167556}",1.0,,1,1751940,0,2.7e-07,GCF_047302905.1-RS_2025_01_29,H=WP_011124698.1;D=WP_011124699.1;K=WP_011124699.1,Prochlorococcus marinus str. LG,Prochlorococcus,False,2,GCF_047302905,1,Prochlorococcus marinus str. LG,167556,LG,,prochlorococcus marinus str. lg,prochlorococcus marinus str. lg,lg,,prochlorococcus,marinus str. lg,,223,707a9ae9e3e641765020994912ef862143c65b313f3495196a2d1d222493d376,GCF_047302905.1,current,Prochlorococcus marinus str. LG,167556,Complete Genome,,,,1751940,638407,2025-01-29,1860.0,SAMN37883965,True,True,True
GCF_047302975.1,nifK-local_aln_i2.1_12182023,1.0,nifH-local_aln_i2.1_12182023,1,3.5999999999999986e-55,1752106,,19.0,,nifD-local_aln_i2.1_12182023,1.0,1,1,0,2.4e-10,Complete Genome,,36.5,1752106,"{'infraspecific_names': {'strain': 'SS52'}, 'organism_name': 'Prochlorococcus sp. SS52', 'tax_id': 1499501}",1.0,,1,1752106,0,2.7e-07,GCF_047302975.1-RS_2025_01_29,H=WP_011124698.1;D=WP_011124699.1;K=WP_011124699.1,Prochlorococcus sp. SS52,Prochlorococcus,False,2,GCF_047302975,1,Prochlorococcus sp. SS52,1499501,SS52,,prochlorococcus sp. ss52,prochlorococcus sp. ss52,ss52,,prochlorococcus,sp. ss52,,224,8089c05dd77bbd1b0ba66ec2026750134ae5b49c8739cb2ee8510cd36f0779db,GCF_047302975.1,current,Prochlorococcus sp. SS52,1499501,Complete Genome,,,,1752106,638494,2025-01-29,1855.0,SAMN37883964,True,True,True
GCF_047302985.1,nifK-local_aln_i2.1_12182023,0.0,nifH-local_aln_i2.1_12182023,0,6.6e-54,2696464,,44.0,,nifD-local_aln_i2.1_12182023,1.0,1,1,0,3.3e-05,Complete Genome,,50.5,2696464,"{'infraspecific_names': {'strain': 'MIT 0707'}, 'organism_name': 'Prochlorococcus sp. MIT 0707', 'tax_id': 3082860}",0.0,,1,2696464,0,1.7e-05,GCF_047302985.1-RS_2025_06_08,H=WP_036914450.1;D=WP_036914447.1;K=WP_036914447.1,Prochlorococcus sp. MIT 0707,Prochlorococcus,False,2,GCF_047302985,1,Prochlorococcus sp. MIT 0707,3082860,MIT 0707,,prochlorococcus sp. mit 0707,prochlorococcus sp. mit 0707,mit 0707,,prochlorococcus,sp. mit 0707,,427,b29279065fb6b2e3c7e60a249c3af0218559491af20fd073a369cbc281c8033a,GCF_047302985.1,current,Prochlorococcus sp. MIT 0707,3082860,Complete Genome,,,,2696464,1359607,2025-06-08,2560.0,SAMN37883962,True,True,True
GCF_047303025.1,nifK-local_aln_i2.1_12182023,0.0,nifH-local_aln_i2.1_12182023,0,2.1e-52,3301540,,173.0,,nifD-local_aln_i2.1_12182023,1.0,1,1,0,7.5e-07,Complete Genome,,53.5,3301540,"{'infraspecific_names': {'strain': 'MIT S1220'}, 'organism_name': 'Synechococcus sp. MIT S1220', 'tax_id': 3082549}",1.0,,1,3301540,0,0.00014,GCF_047303025.1-RS_2025_01_29,H=WP_413442486.1;D=WP_413442487.1;K=WP_413442487.1,Synechococcus sp. MIT S1220,Synechococcus,False,4,GCF_047303025,1,Synechococcus sp. MIT S1220,3082549,MIT S1220,,synechococcus sp. mit s1220,synechococcus sp. mit s1220,mit s1220,,synechococcus,sp. mit s1220,,494,5fc2028f14c4cea4737bb69c107e1db151af3825146e83628fc05e27380ac74f,GCF_047303025.1,current,Synechococcus sp. MIT S1220,3082549,Complete Genome,,,,3301540,1764898,2025-01-29,3272.0,SAMN37883961,True,True,True
GCF_047303035.1,nifK-local_aln_i2.1_12182023,1.0,nifH-local_aln_i2.1_12182023,1,1.3e-52,2793560,,23.0,,nifD-local_aln_i2.1_12182023,1.0,1,1,0,4.1e-07,Complete Genome,,56.0,2793560,"{'infraspecific_names': {'strain': 'MIT S9509'}, 'organism_name': 'Synechococcus sp. MIT S9509', 'tax_id': 1801630}",1.0,,1,2793560,0,2.5e-06,GCF_047303035.1-RS_2025_01_29,H=WP_413401545.1;D=WP_413401547.1;K=WP_413401547.1,Synechococcus sp. MIT S9509,Synechococcus,False,4,GCF_047303035,1,Synechococcus sp. MIT S9509,1801630,MIT S9509,,synechococcus sp. mit s9509,synechococcus sp. mit s9509,mit s9509,,synechococcus,sp. mit s9509,,537,1390a0e4c0a7f4a2dfa5f6773b52388fcc720dcdbd3647531a6134c721156ec9,GCF_047303035.1,current,Synechococcus sp. MIT S9509,1801630,Complete Genome,,,,2793560,1566222,2025-01-29,3035.0,SAMN37883960,True,True,True
GCF_047303045.1,nifK-local_aln_i2.1_12182023,0.0,nifH-local_aln_i2.1_12182023,0,6.3e-53,2523922,,26.0,,nifD-local_aln_i2.1_12182023,1.0,1,1,0,1.8e-06,Complete Genome,,56.0,2523922,"{'infraspecific_names': {'strain': 'MIT S9508'}, 'organism_name': 'Synechococcus sp. MIT S9508', 'tax_id': 1801629}",1.0,,1,2523922,0,3.7e-05,GCF_047303045.1-RS_2025_01_29,H=WP_067092925.1;D=WP_067092926.1;K=WP_067092926.1,Synechococcus sp. MIT S9508,Synechococcus,False,4,GCF_047303045,1,Synechococcus sp. MIT S9508,1801629,MIT S9508,,synechococcus sp. mit s9508,synechococcus sp. mit s9508,mit s9508,,synechococcus,sp. mit s9508,,542,0d836ffcab4b2f1a30727b5d3cf5d10c861806e38608b606aee4b82da4a5d3c4,GCF_047303045.1,current,Synechococcus sp. MIT S9508,1801629,Complete Genome,,,,2523922,1414379,2025-01-29,2731.0,SAMN37883959,True,True,True
GCF_047303155.1,nifK-local_aln_i2.1_12182023,0.0,nifH-local_aln_i2.1_12182023,0,2.3999999999999996e-53,2608057,,21.0,,nifD-local_aln_i2.1_12182023,1.0,1,1,0,5.7e-05,Complete Genome,,50.0,2608057,"{'infraspecific_names': {'strain': 'MIT 1313'}, 'organism_name': 'Prochlorococcus sp. MIT 1313', 'tax_id': 3082538}",0.0,,1,2608057,0,6.5e-05,GCF_047303155.1-RS_2025_01_29,H=WP_063397370.1;D=WP_063406479.1;K=WP_063406479.1,Prochlorococcus sp. MIT 1313,Prochlorococcus,False,2,GCF_047303155,1,Prochlorococcus sp. MIT 1313,3082538,MIT 1313,,prochlorococcus sp. mit 1313,prochlorococcus sp. mit 1313,mit 1313,,prochlorococcus,sp. mit 1313,,426,13c6636e72f85da2ad604b54f1924d42c118efb24826d0919149712027bf7e65,GCF_047303155.1,current,Prochlorococcus sp. MIT 1313,3082538,Complete Genome,,,,2608057,1303679,2025-01-29,2498.0,SAMN37883957,True,True,True
GCF_047303165.1,nifK-local_aln_i2.1_12182023,1.0,nifH-local_aln_i2.1_12182023,0,2.3999999999999996e-53,2619436,,24.0,,nifD-local_aln_i2.1_12182023,1.0,1,1,0,1.5e-05,Complete Genome,,50.5,2619436,"{'infraspecific_names': {'strain': 'MIT 1312'}, 'organism_name': 'Prochlorococcus sp. MIT 1312', 'tax_id': 3082537}",0.0,,1,2619436,0,8.4e-06,GCF_047303165.1-RS_2025_01_29,H=WP_063397370.1;D=WP_063419828.1;K=WP_063419828.1,Prochlorococcus sp. MIT 1312,Prochlorococcus,False,2,GCF_047303165,1,Prochlorococcus sp. MIT 1312,3082537,MIT 1312,,prochlorococcus sp. mit 1312,prochlorococcus sp. mit 1312,mit 1312,,prochlorococcus,sp. mit 1312,,427,2d6a968c0ba061b839006544f607b8336455341c14bc37ca8b6a40a033248a6d,GCF_047303165.1,current,Prochlorococcus sp. MIT 1312,3082537,Complete Genome,,,,2619436,1316286,2025-01-29,2435.0,SAMN37883956,True,True,True
GCF_047303175.1,nifK-local_aln_i2.1_12182023,1.0,nifH-local_aln_i2.1_12182023,1,9e-54,1752272,,49.0,,nifD-local_aln_i2.1_12182023,1.0,1,1,0,1.5e-11,Complete Genome,,36.5,1752272,"{'infraspecific_names': {'strain': 'MIT 0603'}, 'organism_name': 'Prochlorococcus sp. MIT 0603', 'tax_id': 1499500}",1.0,,1,1752272,0,1.5e-08,GCF_047303175.1-RS_2025_01_29,H=WP_036917120.1;D=WP_036917121.1;K=WP_036917121.1,Prochlorococcus sp. MIT 0603,Prochlorococcus,False,2,GCF_047303175,1,Prochlorococcus sp. MIT 0603,1499500,MIT 0603,,prochlorococcus sp. mit 0603,prochlorococcus sp. mit 0603,mit 0603,,prochlorococcus,sp. mit 0603,,216,ed521f043abb1a8016b957e62c27273881fef25f97a2f35339d0567c90daf9a2,GCF_047303175.1,current,Prochlorococcus sp. MIT 0603,1499500,Complete Genome,,,,1752272,636964,2025-01-29,1856.0,SAMN37883955,True,True,True
GCF_047303345.1,nifK-local_aln_i2.1_12182023,1.0,nifH-local_aln_i2.1_12182023,0,2.3999999999999996e-53,2615763,,888.0,,nifD-local_aln_i2.1_12182023,1.0,1,1,0,1.5e-05,Complete Genome,,50.5,2615763,"{'infraspecific_names': {'strain': 'MIT 1227'}, 'organism_name': 'Prochlorococcus sp. MIT 1227', 'tax_id': 3082536}",0.0,,1,2615763,0,8.4e-06,GCF_047303345.1-RS_2025_01_29,H=WP_063397370.1;D=WP_063419828.1;K=WP_063419828.1,Prochlorococcus sp. MIT 1227,Prochlorococcus,False,2,GCF_047303345,1,Prochlorococcus sp. MIT 1227,3082536,MIT 1227,,prochlorococcus sp. mit 1227,prochlorococcus sp. mit 1227,mit 1227,,prochlorococcus,sp. mit 1227,,424,a7e8cdf1005ff462a2fcc46eabda5f0b3abaf24e70462696a3c3e2aa6d52c264,GCF_047303345.1,current,Prochlorococcus sp. MIT 1227,3082536,Complete Genome,,,,2615763,1314945,2025-01-29,2483.0,SAMN37883954,True,True,True
GCF_047303415.1,nifK-local_aln_i2.1_12182023,0.0,nifH-local_aln_i2.1_12182023,0,4.9999999999999996e-54,2592940,,33.0,,nifD-local_aln_i2.1_12182023,1.0,1,1,0,1.8e-05,Complete Genome,,50.5,2592940,"{'infraspecific_names': {'strain': 'MIT 1201'}, 'organism_name': 'Prochlorococcus sp. MIT 1201', 'tax_id': 3082535}",0.0,,1,2592940,0,1.3e-05,GCF_047303415.1-RS_2025_01_29,H=WP_011130587.1;D=WP_413360191.1;K=WP_413360191.1,Prochlorococcus sp. MIT 1201,Prochlorococcus,False,2,GCF_047303415,1,Prochlorococcus sp. MIT 1201,3082535,MIT 1201,,prochlorococcus sp. mit 1201,prochlorococcus sp. mit 1201,mit 1201,,prochlorococcus,sp. mit 1201,,424,a77e14ff2a56bcca8ba2d63e7ac67305d4b5db0e72c41deafbad6aeacf0cdbe2,GCF_047303415.1,current,Prochlorococcus sp. MIT 1201,3082535,Complete Genome,,,,2592940,1305599,2025-01-29,2422.0,SAMN37883953,True,True,True
GCF_047303465.1,nifK-local_aln_i2.1_12182023,0.0,nifH-local_aln_i2.1_12182023,0,6.6e-54,2699779,,186.0,,nifD-local_aln_i2.1_12182023,1.0,1,1,0,3.3e-05,Complete Genome,,50.5,2699779,"{'infraspecific_names': {'strain': 'MIT 0703'}, 'organism_name': 'Prochlorococcus sp. MIT 0703', 'tax_id': 1499504}",0.0,,1,2699779,0,1.7e-05,GCF_047303465.1-RS_2025_01_29,H=WP_036914450.1;D=WP_036914447.1;K=WP_036914447.1,Prochlorococcus sp. MIT 0703,Prochlorococcus,False,2,GCF_047303465,1,Prochlorococcus sp. MIT 0703,1499504,MIT 0703,,prochlorococcus sp. mit 0703,prochlorococcus sp. mit 0703,mit 0703,,prochlorococcus,sp. mit 0703,,428,14a3eac7839db61fee0599855738f676e8d4c415999c20b6b84a8cef10fd4765,GCF_047303465.1,current,Prochlorococcus sp. MIT 0703,1499504,Complete Genome,,,,2699779,1360938,2025-01-29,2528.0,SAMN37883952,True,True,True
GCF_047303495.1,nifK-local_aln_i2.1_12182023,0.0,nifH-local_aln_i2.1_12182023,0,6.6e-54,2709388,,18.0,,nifD-local_aln_i2.1_12182023,1.0,1,1,0,3.3e-05,Complete Genome,,50.5,2709388,"{'infraspecific_names': {'strain': 'MIT 0701'}, 'organism_name': 'Prochlorococcus sp. MIT 0701', 'tax_id': 1499502}",0.0,,1,2709388,0,1.7e-05,GCF_047303495.1-RS_2025_01_29,H=WP_036914450.1;D=WP_036914447.1;K=WP_036914447.1,Prochlorococcus sp. MIT 0701,Prochlorococcus,False,2,GCF_047303495,1,Prochlorococcus sp. MIT 0701,1499502,MIT 0701,,prochlorococcus sp. mit 0701,prochlorococcus sp. mit 0701,mit 0701,,prochlorococcus,sp. mit 0701,,426,afb0962a1e117fb68a58538e8ccbeaae095fd3c9155163ac14f7d2cf682e9283,GCF_047303495.1,current,Prochlorococcus sp. MIT 0701,1499502,Complete Genome,,,,2709388,1365549,2025-01-29,2572.0,SAMN37883951,True,True,True
GCF_047303505.1,nifK-local_aln_i2.1_12182023,1.0,nifH-local_aln_i2.1_12182023,1,3.5e-54,1695276,,39.0,,nifD-local_aln_i2.1_12182023,1.0,1,1,0,7.9e-09,Complete Genome,,31.0,1695276,"{'infraspecific_names': {'strain': 'MIT 9116'}, 'organism_name': 'Prochlorococcus sp. MIT 9116', 'tax_id': 3082533}",1.0,,1,1695276,0,9.3e-12,GCF_047303505.1-RS_2025_01_29,H=WP_032513886.1;D=WP_032513885.1;K=WP_032513885.1,Prochlorococcus sp. MIT 9116,Prochlorococcus,False,2,GCF_047303505,1,Prochlorococcus sp. MIT 9116,3082533,MIT 9116,,prochlorococcus sp. mit 9116,prochlorococcus sp. mit 9116,mit 9116,,prochlorococcus,sp. mit 9116,,172,a844b1be65d65c1a3d0756f2bb93b5a3f885ed28d525c71f69cafa1aa3a714ad,GCF_047303505.1,current,Prochlorococcus sp. MIT 9116,3082533,Complete Genome,,,,1695276,525423,2025-01-29,1888.0,SAMN37883948,True,True,True
GCF_047303555.1,nifK-local_aln_i2.1_12182023,1.0,nifH-local_aln_i2.1_12182023,1,2.1e-54,1687907,,277.0,,nifD-local_aln_i2.1_12182023,1.0,1,1,0,5.3e-09,Complete Genome,,31.0,1687907,"{'infraspecific_names': {'strain': 'MIT 9314'}, 'organism_name': 'Prochlorococcus sp. MIT 9314', 'tax_id': 3082534}",1.0,,1,1687907,0,1.4e-11,GCF_047303555.1-RS_2025_01_29,H=WP_032514911.1;D=WP_032514912.1;K=WP_032514912.1,Prochlorococcus sp. MIT 9314,Prochlorococcus,False,2,GCF_047303555,1,Prochlorococcus sp. MIT 9314,3082534,MIT 9314,,prochlorococcus sp. mit 9314,prochlorococcus sp. mit 9314,mit 9314,,prochlorococcus,sp. mit 9314,,176,af25f8f9b95baf905a26d17b16c51d244f3fa4aeb102a7de5f4f858aafa65b16,GCF_047303555.1,current,Prochlorococcus sp. MIT 9314,3082534,Complete Genome,,,,1687907,526346,2025-01-29,1888.0,SAMN37883950,True,True,True
GCF_047304065.1,nifK-local_aln_i2.1_12182023,1.0,nifH-local_aln_i2.1_12182023,1,1.3e-52,2793565,,34.0,,nifD-local_aln_i2.1_12182023,1.0,1,1,0,4.1e-07,Complete Genome,,56.0,2793565,"{'infraspecific_names': {'strain': 'MIT S9510'}, 'organism_name': 'Synechococcus sp. MIT S9510', 'tax_id': 3082548}",1.0,,1,2793565,0,2.5e-06,GCF_047304065.1-RS_2025_01_29,H=WP_413401545.1;D=WP_413401547.1;K=WP_413401547.1,Synechococcus sp. MIT S9510,Synechococcus,False,4,GCF_047304065,1,Synechococcus sp. MIT S9510,3082548,MIT S9510,,synechococcus sp. mit s9510,synechococcus sp. mit s9510,mit s9510,,synechococcus,sp. mit s9510,,538,92471e476c3e2d0ad441fa3aa75991e64a1ea146aac3590e6fa47127c455985f,GCF_047304065.1,current,Synechococcus sp. MIT S9510,3082548,Complete Genome,,,,2793565,1566221,2025-01-29,3028.0,SAMN37883946,True,True,True
GCF_047304175.1,nifK-local_aln_i2.1_12182023,0.0,nifH-local_aln_i2.1_12182023,0,3.8999999999999997e-53,2634970,,37.0,,nifD-local_aln_i2.1_12182023,1.0,1,1,0,7e-06,Complete Genome,,57.0,2634970,"{'infraspecific_names': {'strain': 'MIT S9503'}, 'organism_name': 'Synechococcus sp. MIT S9503', 'tax_id': 3082547}",1.0,,1,2634970,0,7.9e-05,GCF_047304175.1-RS_2025_01_29,H=WP_413326836.1;D=WP_413326834.1;K=WP_413326834.1,Synechococcus sp. MIT S9503,Synechococcus,False,4,GCF_047304175,1,Synechococcus sp. MIT S9503,3082547,MIT S9503,,synechococcus sp. mit s9503,synechococcus sp. mit s9503,mit s9503,,synechococcus,sp. mit s9503,,535,52513f5cce90181964b52421b96109ad4184d0fe63ee047a516710a43a74578f,GCF_047304175.1,current,Synechococcus sp. MIT S9503,3082547,Complete Genome,,,,2634970,1501307,2025-01-29,2782.0,SAMN37883945,True,True,True
GCF_047304245.1,nifK-local_aln_i2.1_12182023,0.0,nifH-local_aln_i2.1_12182023,0,3.8999999999999997e-53,2404523,,50.0,,nifD-local_aln_i2.1_12182023,1.0,1,1,0,0.00058,Complete Genome,,60.0,2404523,"{'infraspecific_names': {'strain': 'MIT S9452'}, 'organism_name': 'Synechococcus sp. MIT S9452', 'tax_id': 3082546}",0.0,,1,2404523,0,0.0085,GCF_047304245.1-RS_2025_01_29,H=WP_413296591.1;D=WP_413296592.1;K=WP_413296592.1,Synechococcus sp. MIT S9452,Synechococcus,False,4,GCF_047304245,1,Synechococcus sp. MIT S9452,3082546,MIT S9452,,synechococcus sp. mit s9452,synechococcus sp. mit s9452,mit s9452,,synechococcus,sp. mit s9452,,331,72d6c058cc984f052a233b4ee2f56bcb9ffd6d850952f38f531ff8e122807302,GCF_047304245.1,current,Synechococcus sp. MIT S9452,3082546,Complete Genome,,,,2404523,1443056,2025-01-29,2541.0,SAMN37883944,True,True,True
GCF_047304495.1,nifK-local_aln_i2.1_12182023,0.0,nifH-local_aln_i2.1_12182023,0,2.3999999999999996e-53,2570241,,29.0,,nifD-local_aln_i2.1_12182023,1.0,1,1,0,1.7e-05,Complete Genome,,50.5,2570241,"{'infraspecific_names': {'strain': 'MIT 1342'}, 'organism_name': 'Prochlorococcus sp. MIT 1342', 'tax_id': 3082532}",0.0,,1,2570241,0,2.4e-05,GCF_047304495.1-RS_2025_01_31,H=WP_063397370.1;D=WP_063400201.1;K=WP_063400201.1,Prochlorococcus sp. MIT 1342,Prochlorococcus,False,2,GCF_047304495,1,Prochlorococcus sp. MIT 1342,3082532,MIT 1342,,prochlorococcus sp. mit 1342,prochlorococcus sp. mit 1342,mit 1342,,prochlorococcus,sp. mit 1342,,425,b508864b5b3d36beed84e048792a3915546a9eb0cfe9d31d4dde54923cd2cf4d,GCF_047304495.1,current,Prochlorococcus sp. MIT 1342,3082532,Complete Genome,,,,2570241,1292094,2025-01-31,2501.0,SAMN37883943,True,True,True
GCF_047304505.1,nifK-local_aln_i2.1_12182023,0.0,nifH-local_aln_i2.1_12182023,0,2.3999999999999996e-53,2609429,,29.0,,nifD-local_aln_i2.1_12182023,1.0,1,1,0,5.7e-05,Complete Genome,,50.0,2609429,"{'infraspecific_names': {'strain': 'MIT 1318'}, 'organism_name': 'Prochlorococcus sp. MIT 1318', 'tax_id': 3082531}",0.0,,1,2609429,0,6.5e-05,GCF_047304505.1-RS_2025_01_31,H=WP_063397370.1;D=WP_063406479.1;K=WP_063406479.1,Prochlorococcus sp. MIT 1318,Prochlorococcus,False,2,GCF_047304505,1,Prochlorococcus sp. MIT 1318,3082531,MIT 1318,,prochlorococcus sp. mit 1318,prochlorococcus sp. mit 1318,mit 1318,,prochlorococcus,sp. mit 1318,,426,37c835ad75371e1229382e08998d5ec810467ff939549a2375cf575fe4e4449a,GCF_047304505.1,current,Prochlorococcus sp. MIT 1318,3082531,Complete Genome,,,,2609429,1303881,2025-01-31,2501.0,SAMN37883942,True,True,True
GCF_047304515.1,nifK-local_aln_i2.1_12182023,0.0,nifH-local_aln_i2.1_12182023,0,1.0999999999999999e-53,2520369,,41.0,,nifD-local_aln_i2.1_12182023,1.0,1,1,0,1.4e-05,Complete Genome,,50.5,2520369,"{'infraspecific_names': {'strain': 'MIT 1306'}, 'organism_name': 'Prochlorococcus sp. MIT 1306', 'tax_id': 1799667}",0.0,,1,2520369,0,2.4e-05,GCF_047304515.1-RS_2025_01_31,H=WP_063396132.1;D=WP_063396131.1;K=WP_063396131.1,Prochlorococcus sp. MIT 1306,Prochlorococcus,False,2,GCF_047304515,1,Prochlorococcus sp. MIT 1306,1799667,MIT 1306,,prochlorococcus sp. mit 1306,prochlorococcus sp. mit 1306,mit 1306,,prochlorococcus,sp. mit 1306,,426,08e6c9fdca8eeebffa551fca333da451a9899787d9a85b0f93311cb08c85cfe7,GCF_047304515.1,current,Prochlorococcus sp. MIT 1306,1799667,Complete Genome,,,,2520369,1272194,2025-01-31,2399.0,SAMN37883941,True,True,True
GCF_047304525.1,nifK-local_aln_i2.1_12182023,1.0,nifH-local_aln_i2.1_12182023,1,3.1e-54,1649445,,31.0,,nifD-local_aln_i2.1_12182023,1.0,1,1,0,7.2e-08,Complete Genome,,31.0,1649445,"{'infraspecific_names': {'strain': 'MIT 9401'}, 'organism_name': 'Prochlorococcus sp. MIT 9401', 'tax_id': 3082530}",1.0,,1,1649445,0,2.2e-10,GCF_047304525.1-RS_2025_01_31,H=WP_032517757.1;D=WP_032517756.1;K=WP_032517756.1,Prochlorococcus sp. MIT 9401,Prochlorococcus,False,2,GCF_047304525,1,Prochlorococcus sp. MIT 9401,3082530,MIT 9401,,prochlorococcus sp. mit 9401,prochlorococcus sp. mit 9401,mit 9401,,prochlorococcus,sp. mit 9401,,179,018204845912bc917ca8766d12e987530bee6096f850c9f55ef007e7727cb5a0,GCF_047304525.1,current,Prochlorococcus sp. MIT 9401,3082530,Complete Genome,,,,1649445,514312,2025-01-31,1850.0,SAMN37883940,True,True,True
GCF_047304535.1,nifK-local_aln_i2.1_12182023,1.0,nifH-local_aln_i2.1_12182023,1,3.1e-54,1659516,,31.0,,nifD-local_aln_i2.1_12182023,1.0,1,1,0,7.2e-08,Complete Genome,,31.0,1659516,"{'infraspecific_names': {'strain': 'MIT 9322'}, 'organism_name': 'Prochlorococcus sp. MIT 9322', 'tax_id': 3082529}",1.0,,1,1659516,0,2.2e-10,GCF_047304535.1-RS_2025_01_31,H=WP_032517757.1;D=WP_032517756.1;K=WP_032517756.1,Prochlorococcus sp. MIT 9322,Prochlorococcus,False,2,GCF_047304535,1,Prochlorococcus sp. MIT 9322,3082529,MIT 9322,,prochlorococcus sp. mit 9322,prochlorococcus sp. mit 9322,mit 9322,,prochlorococcus,sp. mit 9322,,180,10ee6499fe7414d7516dd7bf1983fe4d63ed4a7e988882bb809b83d2b3285412,GCF_047304535.1,current,Prochlorococcus sp. MIT 9322,3082529,Complete Genome,,,,1659516,517730,2025-01-31,1857.0,SAMN37883939,True,True,True
GCF_047304545.1,nifK-local_aln_i2.1_12182023,1.0,nifH-local_aln_i2.1_12182023,1,1.3e-52,2798325,,43.0,,nifD-local_aln_i2.1_12182023,1.0,1,1,0,4.1e-07,Complete Genome,,56.0,2798325,"{'infraspecific_names': {'strain': 'MIT S9501'}, 'organism_name': 'Synechococcus sp. MIT S9501', 'tax_id': 3082545}",1.0,,1,2798325,0,2.5e-06,GCF_047304545.1-RS_2025_01_31,H=WP_413401545.1;D=WP_413401547.1;K=WP_413401547.1,Synechococcus sp. MIT S9501,Synechococcus,False,4,GCF_047304545,1,Synechococcus sp. MIT S9501,3082545,MIT S9501,,synechococcus sp. mit s9501,synechococcus sp. mit s9501,mit s9501,,synechococcus,sp. mit s9501,,538,e24cfe3ee1375b53fbe28a14e0c780c0e8bfe4e947b7d2ebc98a1802adc1e58e,GCF_047304545.1,current,Synechococcus sp. MIT S9501,3082545,Complete Genome,,,,2798325,1567983,2025-01-31,3033.0,SAMN37883938,True,True,True
GCF_047304555.1,nifK-local_aln_i2.1_12182023,0.0,nifH-local_aln_i2.1_12182023,0,6.3e-53,2414443,,40.0,,nifD-local_aln_i2.1_12182023,1.0,1,1,0,1.3e-06,Complete Genome,,56.5,2414443,"{'infraspecific_names': {'strain': 'WH 6501'}, 'organism_name': 'Synechococcus sp. WH 6501', 'tax_id': 166310}",1.0,,1,2414443,0,3.9e-05,GCF_047304555.1-RS_2025_01_31,H=WP_067092925.1;D=WP_186988801.1;K=WP_186988801.1,Synechococcus sp. WH 6501,Synechococcus,False,4,GCF_047304555,1,Synechococcus sp. WH 6501,166310,WH 6501,,synechococcus sp. wh 6501,synechococcus sp. wh 6501,wh 6501,,synechococcus,sp. wh 6501,,532,46ab181c195e6c55b9bebaa0fc5f5211c943efd6aa502acd8f0c5d32a9c51245,GCF_047304555.1,current,Synechococcus sp. WH 6501,166310,Complete Genome,,,,2414443,1362082,2025-01-31,2595.0,SAMN37883937,True,True,True
GCF_047304605.1,nifK-local_aln_i2.1_12182023,1.0,nifH-local_aln_i2.1_12182023,1,3.5999999999999986e-55,1751899,,28.0,,nifD-local_aln_i2.1_12182023,1.0,1,1,0,2.4e-10,Complete Genome,,36.5,1751899,"{'infraspecific_names': {'strain': 'SS35'}, 'organism_name': 'Prochlorococcus marinus str. SS35', 'tax_id': 167553}",1.0,,1,1751899,0,2.7e-07,GCF_047304605.1-RS_2025_01_31,H=WP_011124698.1;D=WP_011124699.1;K=WP_011124699.1,Prochlorococcus marinus str. SS35,Prochlorococcus,False,2,GCF_047304605,1,Prochlorococcus marinus str. SS35,167553,SS35,,prochlorococcus marinus str. ss35,prochlorococcus marinus str. ss35,ss35,,prochlorococcus,marinus str. ss35,,223,2e346426a491c3c785b78e91afb9984623c236f28391ec7b7af1b39e2b29de6e,GCF_047304605.1,current,Prochlorococcus marinus str. SS35,167553,Complete Genome,,,,1751899,638423,2025-01-31,1861.0,SAMN37883936,True,True,True
GCF_047304615.1,nifK-local_aln_i2.1_12182023,1.0,nifH-local_aln_i2.1_12182023,1,9e-54,1752272,,139.0,,nifD-local_aln_i2.1_12182023,1.0,1,1,0,1.5e-11,Complete Genome,,36.5,1752272,"{'infraspecific_names': {'strain': 'MIT 0602'}, 'organism_name': 'Prochlorococcus sp. MIT 0602', 'tax_id': 1499499}",1.0,,1,1752272,0,1.5e-08,GCF_047304615.1-RS_2025_01_31,H=WP_036917120.1;D=WP_036917121.1;K=WP_036917121.1,Prochlorococcus sp. MIT 0602,Prochlorococcus,False,2,GCF_047304615,1,Prochlorococcus sp. MIT 0602,1499499,MIT 0602,,prochlorococcus sp. mit 0602,prochlorococcus sp. mit 0602,mit 0602,,prochlorococcus,sp. mit 0602,,216,8082109e54b863fd90e3a3c081a5f40973d93aa714c308526cd564944dd34d11,GCF_047304615.1,current,Prochlorococcus sp. MIT 0602,1499499,Complete Genome,,,,1752272,636968,2025-01-31,1849.0,SAMN37883935,True,True,True
GCF_047304625.1,nifK-local_aln_i2.1_12182023,1.0,nifH-local_aln_i2.1_12182023,1,9e-54,1752272,,39.0,,nifD-local_aln_i2.1_12182023,1.0,1,1,0,1.5e-11,Complete Genome,,36.5,1752272,"{'infraspecific_names': {'strain': 'MIT 0601'}, 'organism_name': 'Prochlorococcus sp. MIT 0601', 'tax_id': 1499498}",1.0,,1,1752272,0,1.5e-08,GCF_047304625.1-RS_2025_01_31,H=WP_036917120.1;D=WP_036917121.1;K=WP_036917121.1,Prochlorococcus sp. MIT 0601,Prochlorococcus,False,2,GCF_047304625,1,Prochlorococcus sp. MIT 0601,1499498,MIT 0601,,prochlorococcus sp. mit 0601,prochlorococcus sp. mit 0601,mit 0601,,prochlorococcus,sp. mit 0601,,216,d99dfb09e5bf825347a40b777034646a11decb76c14ae8814c5be0e5e7a91703,GCF_047304625.1,current,Prochlorococcus sp. MIT 0601,1499498,Complete Genome,,,,1752272,636968,2025-01-31,1856.0,SAMN37883934,True,True,True
GCF_047304675.1,nifK-local_aln_i2.1_12182023,1.0,nifH-local_aln_i2.1_12182023,1,2.4000000000000003e-55,1927571,,39.0,,nifD-local_aln_i2.1_12182023,1.0,1,1,0,6.2e-11,Complete Genome,,35.5,1927571,"{'infraspecific_names': {'strain': 'PAC1'}, 'organism_name': 'Prochlorococcus marinus str. PAC1', 'tax_id': 59924}",1.0,,1,1927571,0,1.5e-10,GCF_047304675.1-RS_2025_01_31,H=WP_036906964.1;D=WP_036906968.1;K=WP_036906968.1,Prochlorococcus marinus str. PAC1,Prochlorococcus,False,2,GCF_047304675,1,Prochlorococcus marinus str. PAC1,59924,PAC1,,prochlorococcus marinus str. pac1,prochlorococcus marinus str. pac1,pac1,,prochlorococcus,marinus str. pac1,,220,99d664f5a7200f9ebcc14a76ff0ef8b1e73cf97164c69bef585336bb8c25190f,GCF_047304675.1,current,Prochlorococcus marinus str. PAC1,59924,Complete Genome,,,,1927571,682332,2025-01-31,2138.0,SAMN37883933,True,True,True
GCF_047304685.1,nifK-local_aln_i2.1_12182023,1.0,nifH-local_aln_i2.1_12182023,1,5.599999999999998e-54,1709271,,59.0,,nifD-local_aln_i2.1_12182023,1.0,1,1,0,8.6e-08,Complete Genome,,31.0,1709271,"{'infraspecific_names': {'strain': 'MIT 9311'}, 'organism_name': 'Prochlorococcus sp. MIT 9311', 'tax_id': 3082528}",1.0,,1,1709271,0,1.1e-10,GCF_047304685.1-RS_2025_01_31,H=WP_011376102.1;D=WP_011376103.1;K=WP_011376103.1,Prochlorococcus sp. MIT 9311,Prochlorococcus,False,2,GCF_047304685,1,Prochlorococcus sp. MIT 9311,3082528,MIT 9311,,prochlorococcus sp. mit 9311,prochlorococcus sp. mit 9311,mit 9311,,prochlorococcus,sp. mit 9311,,178,c41eda050ee828d5f24a50fd9b33833bb946479d4aee98b8fa1ee381175883f1,GCF_047304685.1,current,Prochlorococcus sp. MIT 9311,3082528,Complete Genome,,,,1709271,533502,2025-01-31,1881.0,SAMN37883932,True,True,True
GCF_047304705.1,nifK-local_aln_i2.1_12182023,0.0,nifH-local_aln_i2.1_12182023,0,6.3e-53,2424801,,26.0,,nifD-local_aln_i2.1_12182023,1.0,1,1,0,1.3e-06,Complete Genome,,56.5,2424801,"{'infraspecific_names': {'strain': 'MIT S9220'}, 'organism_name': 'Synechococcus sp. MIT S9220', 'tax_id': 166309}",1.0,,1,2424801,0,3.9e-05,GCF_047304705.1-RS_2025_01_31,H=WP_067092925.1;D=WP_186988801.1;K=WP_186988801.1,Synechococcus sp. MIT S9220,Synechococcus,False,4,GCF_047304705,1,Synechococcus sp. MIT S9220,166309,MIT S9220,,synechococcus sp. mit s9220,synechococcus sp. mit s9220,mit s9220,,synechococcus,sp. mit s9220,,528,ec1e56d8265117e32d158364320ffa85daf8a0528b608f705ceed63b3d1ef158,GCF_047304705.1,current,Synechococcus sp. MIT S9220,166309,Complete Genome,,,,2424801,1366853,2025-01-31,2606.0,SAMN37883931,True,True,True
GCF_047304715.1,nifK-local_aln_i2.1_12182023,1.0,nifH-local_aln_i2.1_12182023,1,1.3e-52,2852717,,22.0,,nifD-local_aln_i2.1_12182023,1.0,1,1,0,4.1e-07,Complete Genome,,56.0,2852717,"{'infraspecific_names': {'strain': 'MIT S9507'}, 'organism_name': 'Synechococcus sp. MIT S9507', 'tax_id': 3082544}",1.0,,1,2852717,0,2.5e-06,GCF_047304715.1-RS_2025_01_31,H=WP_413401545.1;D=WP_413745967.1;K=WP_413745967.1,Synechococcus sp. MIT S9507,Synechococcus,False,4,GCF_047304715,1,Synechococcus sp. MIT S9507,3082544,MIT S9507,,synechococcus sp. mit s9507,synechococcus sp. mit s9507,mit s9507,,synechococcus,sp. mit s9507,,537,110366992bc73dce9f5f502cd663c197db0645474d5ff8bef711e302f462a3c8,GCF_047304715.1,current,Synechococcus sp. MIT S9507,3082544,Complete Genome,,,,2852717,1596279,2025-01-31,3045.0,SAMN37883930,True,True,True
GCF_047304725.1,nifK-local_aln_i2.1_12182023,0.0,nifH-local_aln_i2.1_12182023,0,2.2e-52,2605724,,66.0,,nifD-local_aln_i2.1_12182023,1.0,1,1,0,2.3e-06,Complete Genome,,58.0,2605724,"{'infraspecific_names': {'strain': 'MIT S9451'}, 'organism_name': 'Synechococcus sp. MIT S9451', 'tax_id': 3082543}",1.0,,1,2605724,0,2.7e-05,GCF_047304725.1-RS_2025_01_31,H=WP_115120772.1;D=WP_413743659.1;K=WP_413743659.1,Synechococcus sp. MIT S9451,Synechococcus,False,4,GCF_047304725,1,Synechococcus sp. MIT S9451,3082543,MIT S9451,,synechococcus sp. mit s9451,synechococcus sp. mit s9451,mit s9451,,synechococcus,sp. mit s9451,,525,7b3a27050fb11ea2ea36ece2e0ec47f8546708c601f67c62465d0aad025aa83e,GCF_047304725.1,current,Synechococcus sp. MIT S9451,3082543,Complete Genome,,,,2605724,1507859,2025-01-31,2669.0,SAMN37883929,True,True,True
GCF_047304785.1,nifK-local_aln_i2.1_12182023,1.0,nifH-local_aln_i2.1_12182023,0,2.3999999999999996e-53,2588322,,201.0,,nifD-local_aln_i2.1_12182023,1.0,1,1,0,1.5e-05,Complete Genome,,50.5,2588322,"{'infraspecific_names': {'strain': 'MIT 1327'}, 'organism_name': 'Prochlorococcus sp. MIT 1327', 'tax_id': 3082527}",0.0,,1,2588322,0,8.4e-06,GCF_047304785.1-RS_2025_01_31,H=WP_063397370.1;D=WP_063419828.1;K=WP_063419828.1,Prochlorococcus sp. MIT 1327,Prochlorococcus,False,2,GCF_047304785,1,Prochlorococcus sp. MIT 1327,3082527,MIT 1327,,prochlorococcus sp. mit 1327,prochlorococcus sp. mit 1327,mit 1327,,prochlorococcus,sp. mit 1327,,427,f3d136407722e0e9a432408cba42fea3d0185a421c1ef81634fa28c76667b546,GCF_047304785.1,current,Prochlorococcus sp. MIT 1327,3082527,Complete Genome,,,,2588322,1302089,2025-01-31,2448.0,SAMN37883928,True,True,True
GCF_047304905.1,nifK-local_aln_i2.1_12182023,0.0,nifH-local_aln_i2.1_12182023,0,2.3999999999999996e-53,2461429,,200.0,,nifD-local_aln_i2.1_12182023,1.0,1,1,0,1.7e-05,Complete Genome,,50.5,2461429,"{'infraspecific_names': {'strain': 'MIT 1323'}, 'organism_name': 'Prochlorococcus sp. MIT 1323', 'tax_id': 3082526}",0.0,,1,2461429,0,2.4e-05,GCF_047304905.1-RS_2025_01_31,H=WP_063397370.1;D=WP_063400201.1;K=WP_063400201.1,Prochlorococcus sp. MIT 1323,Prochlorococcus,False,2,GCF_047304905,1,Prochlorococcus sp. MIT 1323,3082526,MIT 1323,,prochlorococcus sp. mit 1323,prochlorococcus sp. mit 1323,mit 1323,,prochlorococcus,sp. mit 1323,,427,6af864a1e8d4ffac44b437a3801cf05b185d0bd007f281555d22ad9d34423c75,GCF_047304905.1,current,Prochlorococcus sp. MIT 1323,3082526,Complete Genome,,,,2461429,1243564,2025-01-31,2321.0,SAMN37883927,True,True,True
GCF_047305015.1,nifK-local_aln_i2.1_12182023,1.0,nifH-local_aln_i2.1_12182023,1,3.9999999999999997e-53,1641776,,30.0,,nifD-local_aln_i2.1_12182023,1.0,1,1,0,7.5e-09,Complete Genome,,31.5,1641776,"{'infraspecific_names': {'strain': 'MIT 1304'}, 'organism_name': 'Prochlorococcus sp. MIT 1304', 'tax_id': 3082525}",1.0,,1,1641776,0,1.5e-11,GCF_047305015.1-RS_2025_01_31,H=WP_011862562.1;D=WP_011862563.1;K=WP_011862563.1,Prochlorococcus sp. MIT 1304,Prochlorococcus,False,2,GCF_047305015,1,Prochlorococcus sp. MIT 1304,3082525,MIT 1304,,prochlorococcus sp. mit 1304,prochlorococcus sp. mit 1304,mit 1304,,prochlorococcus,sp. mit 1304,,176,bc9c598e2c75f2af2e9f6a2f686c7b330653cb427373e7d4dc0cfec1c68ba376,GCF_047305015.1,current,Prochlorococcus sp. MIT 1304,3082525,Complete Genome,,,,1641776,514533,2025-01-31,1838.0,SAMN37883926,True,True,True
GCF_047305065.1,nifK-local_aln_i2.1_12182023,1.0,nifH-local_aln_i2.1_12182023,1,3.9999999999999997e-53,1641776,,19.0,,nifD-local_aln_i2.1_12182023,1.0,1,1,0,7.5e-09,Complete Genome,,31.5,1641776,"{'infraspecific_names': {'strain': 'MIT 1205'}, 'organism_name': 'Prochlorococcus sp. MIT 1205', 'tax_id': 3082524}",1.0,,1,1641776,0,1.5e-11,GCF_047305065.1-RS_2025_01_31,H=WP_011862562.1;D=WP_011862563.1;K=WP_011862563.1,Prochlorococcus sp. MIT 1205,Prochlorococcus,False,2,GCF_047305065,1,Prochlorococcus sp. MIT 1205,3082524,MIT 1205,,prochlorococcus sp. mit 1205,prochlorococcus sp. mit 1205,mit 1205,,prochlorococcus,sp. mit 1205,,176,bc9c598e2c75f2af2e9f6a2f686c7b330653cb427373e7d4dc0cfec1c68ba376,GCF_047305065.1,current,Prochlorococcus sp. MIT 1205,3082524,Complete Genome,,,,1641776,514533,2025-01-31,1844.0,SAMN37883925,True,True,True
GCF_047305115.1,nifK-local_aln_i2.1_12182023,1.0,nifH-local_aln_i2.1_12182023,1,3.7999999999999997e-54,1661798,,13.0,,nifD-local_aln_i2.1_12182023,1.0,1,1,0,2.6e-08,Complete Genome,,31.0,1661798,"{'infraspecific_names': {'strain': 'MED1'}, 'organism_name': 'Prochlorococcus sp. MED1', 'tax_id': 3082519}",1.0,,1,1661798,0,9.1e-10,GCF_047305115.1-RS_2025_01_31,H=WP_011132178.1;D=WP_011132179.1;K=WP_011132179.1,Prochlorococcus sp. MED1,Prochlorococcus,False,2,GCF_047305115,1,Prochlorococcus sp. MED1,3082519,MED1,,prochlorococcus sp. med1,prochlorococcus sp. med1,med1,,prochlorococcus,sp. med1,,175,b449a1864ba5ca92a2fdebb990e7d684e767e7d9d05c5337fba03adc24b8a9c0,GCF_047305115.1,current,Prochlorococcus sp. MED1,3082519,Complete Genome,,,,1661798,511962,2025-01-31,1881.0,SAMN37883924,True,True,True
GCF_047305125.1,nifK-local_aln_i2.1_12182023,1.0,nifH-local_aln_i2.1_12182023,1,5.8e-54,1685880,,279.0,,nifD-local_aln_i2.1_12182023,1.0,1,1,0,4.6e-09,Complete Genome,,31.5,1685880,"{'infraspecific_names': {'strain': 'MIT 9201'}, 'organism_name': 'Prochlorococcus marinus str. MIT 9201', 'tax_id': 93057}",1.0,,1,1685880,0,1.6e-11,GCF_047305125.1-RS_2025_01_31,H=WP_032522524.1;D=WP_032522525.1;K=WP_032522525.1,Prochlorococcus marinus str. MIT 9201,Prochlorococcus,False,2,GCF_047305125,1,Prochlorococcus marinus str. MIT 9201,93057,MIT 9201,,prochlorococcus marinus str. mit 9201,prochlorococcus marinus str. mit 9201,mit 9201,,prochlorococcus,marinus str. mit 9201,,177,947cfdcdaddbad8e86c93b3c53ea455526f8bb0b85b626485944c15dcf2c6778,GCF_047305125.1,current,Prochlorococcus marinus str. MIT 9201,93057,Complete Genome,,,,1685880,528644,2025-01-31,1877.0,SAMN37883923,True,True,True
GCF_047305135.1,nifK-local_aln_i2.1_12182023,1.0,nifH-local_aln_i2.1_12182023,1,3.5e-54,1722367,,62.56,,nifD-local_aln_i2.1_12182023,1.0,1,1,0,7.9e-09,Complete Genome,,31.0,1722367,"{'infraspecific_names': {'strain': 'MIT 9123'}, 'organism_name': 'Prochlorococcus sp. MIT 9123', 'tax_id': 3082523}",1.0,,1,1722367,0,9.3e-12,GCF_047305135.1-RS_2025_01_31,H=WP_032513886.1;D=WP_032513885.1;K=WP_032513885.1,Prochlorococcus sp. MIT 9123,Prochlorococcus,False,2,GCF_047305135,1,Prochlorococcus sp. MIT 9123,3082523,MIT 9123,,prochlorococcus sp. mit 9123,prochlorococcus sp. mit 9123,mit 9123,,prochlorococcus,sp. mit 9123,,172,a844b1be65d65c1a3d0756f2bb93b5a3f885ed28d525c71f69cafa1aa3a714ad,GCF_047305135.1,current,Prochlorococcus sp. MIT 9123,3082523,Complete Genome,,,,1722367,533529,2025-01-31,1912.0,SAMN37883922,True,True,True
GCF_047305145.1,nifK-local_aln_i2.1_12182023,1.0,nifH-local_aln_i2.1_12182023,1,3.1e-54,1655833,,146.0,,nifD-local_aln_i2.1_12182023,1.0,1,1,0,7.2e-08,Complete Genome,,31.0,1655833,"{'infraspecific_names': {'strain': 'MIT 9321'}, 'organism_name': 'Prochlorococcus sp. MIT 9321', 'tax_id': 3082522}",1.0,,1,1655833,0,2.2e-10,GCF_047305145.1-RS_2025_01_31,H=WP_032517757.1;D=WP_032517756.1;K=WP_032517756.1,Prochlorococcus sp. MIT 9321,Prochlorococcus,False,2,GCF_047305145,1,Prochlorococcus sp. MIT 9321,3082522,MIT 9321,,prochlorococcus sp. mit 9321,prochlorococcus sp. mit 9321,mit 9321,,prochlorococcus,sp. mit 9321,,175,cbc1e8d0a1400a344f56bbd58c4b07bfb0c0bb6791af6d609e3b4a679b77caa8,GCF_047305145.1,current,Prochlorococcus sp. MIT 9321,3082522,Complete Genome,,,,1655833,516460,2025-01-31,1842.0,SAMN37883921,True,True,True
GCF_047305155.1,nifK-local_aln_i2.1_12182023,1.0,nifH-local_aln_i2.1_12182023,1,5.3999999999999986e-55,1944257,,388.0,,nifD-local_aln_i2.1_12182023,1.0,1,1,0,1.2e-09,Complete Genome,,34.5,1944257,"{'infraspecific_names': {'strain': 'MIT 0916'}, 'organism_name': 'Prochlorococcus sp. MIT 0916', 'tax_id': 3082521}",1.0,,1,1944257,0,1.6e-11,GCF_047305155.1-RS_2025_01_31,H=WP_413677514.1;D=WP_413677516.1;K=WP_413677516.1,Prochlorococcus sp. MIT 0916,Prochlorococcus,False,2,GCF_047305155,1,Prochlorococcus sp. MIT 0916,3082521,MIT 0916,,prochlorococcus sp. mit 0916,prochlorococcus sp. mit 0916,mit 0916,,prochlorococcus,sp. mit 0916,,221,2bcb3b22071cb625912432ebf31bf5d9b01a75445b68b0b03a1e3c16ec47bc89,GCF_047305155.1,current,Prochlorococcus sp. MIT 0916,3082521,Complete Genome,,,,1944257,675468,2025-01-31,2134.0,SAMN37883920,True,True,True
GCF_047305225.1,nifK-local_aln_i2.1_12182023,1.0,nifH-local_aln_i2.1_12182023,1,1.6999999999999998e-53,1674013,,435.0,,nifD-local_aln_i2.1_12182023,1.0,1,1,0,2.2e-09,Complete Genome,,31.5,1674013,"{'infraspecific_names': {'strain': 'SB'}, 'organism_name': 'Prochlorococcus marinus str. SB', 'tax_id': 59926}",1.0,,1,1674013,0,1.8e-11,GCF_047305225.1-RS_2025_01_31,H=WP_032519374.1;D=WP_032519371.1;K=WP_032519371.1,Prochlorococcus marinus str. SB,Prochlorococcus,False,2,GCF_047305225,1,Prochlorococcus marinus str. SB,59926,SB,,prochlorococcus marinus str. sb,prochlorococcus marinus str. sb,sb,,prochlorococcus,marinus str. sb,,179,d6ba90ad1842f0a6b965a34804928bdb90404263074c5c542aa292b92a398735,GCF_047305225.1,current,Prochlorococcus marinus str. SB,59926,Complete Genome,,,,1674013,527414,2025-01-31,1834.0,SAMN37883919,True,True,True
GCF_047305235.1,nifK-local_aln_i2.1_12182023,1.0,nifH-local_aln_i2.1_12182023,1,9.999999999999999e-54,1937723,,253.0,,nifD-local_aln_i2.1_12182023,1.0,1,1,0,1.4e-10,Complete Genome,,34.5,1937723,"{'infraspecific_names': {'strain': 'MIT 1011'}, 'organism_name': 'Prochlorococcus sp. MIT 1011', 'tax_id': 3082520}",1.0,,1,1937723,0,4.3e-10,GCF_047305235.1-RS_2025_01_31,H=WP_413390057.1;D=WP_413682747.1;K=WP_413682747.1,Prochlorococcus sp. MIT 1011,Prochlorococcus,False,2,GCF_047305235,1,Prochlorococcus sp. MIT 1011,3082520,MIT 1011,,prochlorococcus sp. mit 1011,prochlorococcus sp. mit 1011,mit 1011,,prochlorococcus,sp. mit 1011,,221,d9d03e12691a09f268760c9191692073afe4ff7289a4a2c694ad466dd20d8458,GCF_047305235.1,current,Prochlorococcus sp. MIT 1011,3082520,Complete Genome,,,,1937723,672376,2025-01-31,2217.0,SAMN37883917,True,True,True
GCF_047497115.1,nifK-local_aln_i2.1_12182023,1.0,nifH-local_aln_i2.1_12182023,1,3.7999999999999997e-54,1659597,,44.0,,nifD-local_aln_i2.1_12182023,1.0,1,1,0,2.6e-08,Complete Genome,,31.0,1659597,"{'infraspecific_names': {'strain': 'MED4x substr. MED4x'}, 'organism_name': 'Prochlorococcus marinus subsp. pastoris str. CCMP1986', 'tax_id': 59919}",1.0,,1,1659597,0,9.1e-10,GCF_047497115.1-RS_2025_02_07,H=WP_011132178.1;D=WP_011132179.1;K=WP_011132179.1,Prochlorococcus marinus subsp. pastoris str. CCMP1986,Prochlorococcus,False,2,GCF_047497115,1,Prochlorococcus marinus subsp. pastoris str. CCMP1986,59919,MED4x substr. MED4x,,prochlorococcus marinus subsp. pastoris str. ccmp1986,prochlorococcus marinus subsp. pastoris str. ccmp1986,med4x substr. med4x,,prochlorococcus,marinus subsp. pastoris str. ccmp1986,CCMP 1986,175,6169b1565d1c20ff8926c6dca61743049b5fc715de3f82d57a76ba847f82ca49,GCF_047497115.1,current,Prochlorococcus marinus subsp. pastoris str. CCMP1986,59919,Complete Genome,,,,1659597,511178,2025-02-07,1879.0,SAMN37883979,True,True,True
GCF_047497125.1,nifK-local_aln_i2.1_12182023,1.0,nifH-local_aln_i2.1_12182023,1,3.7999999999999997e-54,1659596,,32.0,,nifD-local_aln_i2.1_12182023,1.0,1,1,0,2.6e-08,Complete Genome,,31.0,1659596,"{'infraspecific_names': {'strain': 'MED4ax substr. MED4ax'}, 'organism_name': 'Prochlorococcus marinus subsp. pastoris str. CCMP1986', 'tax_id': 59919}",1.0,,1,1659596,0,9.1e-10,GCF_047497125.1-RS_2025_02_07,H=WP_011132178.1;D=WP_011132179.1;K=WP_011132179.1,Prochlorococcus marinus subsp. pastoris str. CCMP1986,Prochlorococcus,False,2,GCF_047497125,1,Prochlorococcus marinus subsp. pastoris str. CCMP1986,59919,MED4ax substr. MED4ax,,prochlorococcus marinus subsp. pastoris str. ccmp1986,prochlorococcus marinus subsp. pastoris str. ccmp1986,med4ax substr. med4ax,,prochlorococcus,marinus subsp. pastoris str. ccmp1986,CCMP 1986,176,479cd27f44ff0e2b5bea969445547b3cf1e7875d70a57898060ae3dd663890e7,GCF_047497125.1,current,Prochlorococcus marinus subsp. pastoris str. CCMP1986,59919,Complete Genome,,,,1659596,511177,2025-02-07,1879.0,SAMN37883978,True,True,True
GCF_047497135.1,nifK-local_aln_i2.1_12182023,1.0,nifH-local_aln_i2.1_12182023,1,6.799999999999999e-53,3137804,,16.0,,nifD-local_aln_i2.1_12182023,1.0,1,1,0,1.1e-06,Complete Genome,,55.5,3137804,"{'infraspecific_names': {'strain': 'MIT S9504'}, 'organism_name': 'Synechococcus sp. MIT S9504', 'tax_id': 1801628}",1.0,,1,3137804,0,4.6e-06,GCF_047497135.1-RS_2025_02_07,H=WP_066905758.1;D=WP_066905756.1;K=WP_066905756.1,Synechococcus sp. MIT S9504,Synechococcus,False,4,GCF_047497135,1,Synechococcus sp. MIT S9504,1801628,MIT S9504,,synechococcus sp. mit s9504,synechococcus sp. mit s9504,mit s9504,,synechococcus,sp. mit s9504,,541,49a53ad9b2640f2f5040a4bf227561a61afb7646eef74b98496300febee5c51e,GCF_047497135.1,current,Synechococcus sp. MIT S9504,1801628,Complete Genome,,,,3137804,1737193,2025-02-07,3252.0,SAMN37883958,True,True,True
GCF_047649235.1,nifK-local_aln_i2.1_12182023,1.0,nifH-local_aln_i2.1_12182023,1,1.1e-161,6500472,,191.0,,nifD-local_aln_i2.1_12182023,1.0,1,1,0,3.4e-246,Complete Genome,,47.0,6500472,"{'infraspecific_names': {'strain': 'FACHB-1624'}, 'organism_name': 'Leptolyngbya sp. FACHB-1624', 'tax_id': 2692802}",1.0,,1,6500472,0,2.2e-254,GCF_047649235.1-RS_2025_02_12,H=WP_190653244.1;D=WP_190653245.1;K=WP_190653246.1,Leptolyngbya sp. FACHB-1624,Leptolyngbya,True,2,GCF_047649235,1,Leptolyngbya sp. FACHB-1624,2692802,FACHB-1624,,leptolyngbya sp. fachb-1624,leptolyngbya sp. fachb-1624,fachb-1624,,leptolyngbya,sp. fachb-1624,FACHB 1624,315,9f83eac2a5d11662d0ff9172eeee418ef2f3a07294b3eca36fa12426b193d033,GCF_047649235.1,current,Leptolyngbya sp. FACHB-1624,2692802,Complete Genome,,,,6500472,3050524,2025-02-12,6045.0,SAMN46528933,True,True,True
GCF_047716785.1,nifK-local_aln_i2.1_12182023,0.0,nifH-local_aln_i2.1_12182023,0,1.4e-53,2660754,,3008.0,,nifD-local_aln_i2.1_12182023,1.0,1,1,0,1.8e-05,Complete Genome,,57.5,2660754,"{'infraspecific_names': {'strain': 'A10-1-5-9'}, 'organism_name': 'Synechococcus sp. A10-1-5-9', 'tax_id': 3392295}",0.0,,1,2660754,0,1.8e-05,GCF_047716785.1-RS_2025_02_13,H=WP_006043641.1;D=WP_415409879.1;K=WP_415409879.1,Synechococcus sp. A10-1-5-9,Synechococcus,False,4,GCF_047716785,1,Synechococcus sp. A10-1-5-9,3392295,A10-1-5-9,,synechococcus sp. a10-1-5-9,synechococcus sp. a10-1-5-9,a10-1-5-9,,synechococcus,sp. a10-1-5-9,,548,960d0bf8c1cdaa5bea7add8675d2a4f9f920c384a82d208d375f66461e14b9c8,GCF_047716785.1,current,Synechococcus sp. A10-1-5-9,3392295,Complete Genome,,,,2660754,1527105,2025-02-13,2739.0,SAMN46240870,True,True,True
GCF_047716805.1,nifK-local_aln_i2.1_12182023,0.0,nifH-local_aln_i2.1_12182023,0,2.6e-52,2369322,,2396.0,,nifD-local_aln_i2.1_12182023,1.0,1,1,0,0.0023,Complete Genome,,62.0,2369322,"{'infraspecific_names': {'strain': 'W4D4'}, 'organism_name': 'Synechococcus sp. W4D4', 'tax_id': 3392294}",0.0,,1,2369322,0,0.009,GCF_047716805.1-RS_2025_02_13,H=WP_247910736.1;D=WP_415398561.1;K=WP_415398561.1,Synechococcus sp. W4D4,Synechococcus,False,4,GCF_047716805,1,Synechococcus sp. W4D4,3392294,W4D4,,synechococcus sp. w4d4,synechococcus sp. w4d4,w4d4,,synechococcus,sp. w4d4,,368,2aead423c80d16bc57cb15008d5ec567d4b8f8fa253a7de51e474512e17e481a,GCF_047716805.1,current,Synechococcus sp. W4D4,3392294,Complete Genome,,,,2369322,1467158,2025-02-13,2522.0,SAMN46240756,True,True,True
GCF_047716815.1,,0.0,nifH-local_aln_i2.1_12182023,0,1.4e-53,2623530,,635.0,,,1.0,1,1,0,,Complete Genome,,57.5,2623530,"{'infraspecific_names': {'strain': 'W2B2'}, 'organism_name': 'Synechococcus sp. W2B2', 'tax_id': 3392296}",0.0,,1,2623530,0,,GCF_047716815.1-RS_2025_02_13,H=WP_006043641.1;D=;K=,Synechococcus sp. W2B2,Synechococcus,False,4,GCF_047716815,1,Synechococcus sp. W2B2,3392296,W2B2,,synechococcus sp. w2b2,synechococcus sp. w2b2,w2b2,,synechococcus,sp. w2b2,,546,2e776db44a8beef011e0ff7319f4c9d4e39f55b7f84005d3e3b8977c1ba409ff,GCF_047716815.1,current,Synechococcus sp. W2B2,3392296,Complete Genome,,,,2623530,1512415,2025-02-13,2651.0,SAMN46240849,True,True,True
GCF_047947085.1,nifK-local_aln_i2.1_12182023,1.0,nifH-local_aln_i2.1_12182023,1,3.1e-54,1743611,,20.0,,nifD-local_aln_i2.1_12182023,1.0,1,1,0,4.4e-08,Complete Genome,,31.0,1743611,"{'infraspecific_names': {'strain': 'MIT 9302'}, 'organism_name': 'Prochlorococcus marinus str. MIT 9302', 'tax_id': 74545}",1.0,,1,1743611,0,5.2e-11,GCF_047947085.1-RS_2025_02_25,H=WP_002805445.1;D=WP_032526846.1;K=WP_032526846.1,Prochlorococcus marinus str. MIT 9302,Prochlorococcus,False,2,GCF_047947085,1,Prochlorococcus marinus str. MIT 9302,74545,MIT 9302,,prochlorococcus marinus str. mit 9302,prochlorococcus marinus str. mit 9302,mit 9302,,prochlorococcus,marinus str. mit 9302,,177,33050b5ac76a52cb553427cf1d1760a31cd18d877e988b47382d154f8fdb033e,GCF_047947085.1,current,Prochlorococcus marinus str. MIT 9302,74545,Complete Genome,,,,1743611,542618,2025-02-25,1926.0,SAMN37883949,True,True,True
GCF_048077055.1,nifK-local_aln_i2.1_12182023,1.0,nifH-local_aln_i2.1_12182023,1,7.600000000000001e-164,7506658,,200.0,,nifD-local_aln_i2.1_12182023,1.0,1,1,0,4.2e-240,Complete Genome,,50.5,7506658,"{'infraspecific_names': {'strain': 'FJBBOT/2019'}, 'organism_name': 'Egbenema bharatensis FJBBOT/2019', 'tax_id': 3398834}",1.0,,1,7506658,0,3.9999999999999996e-253,GCF_048077055.1-RS_2025_02_27,H=WP_416669576.1;D=WP_416669578.1;K=WP_416669580.1,Egbenema bharatensis FJBBOT/2019,Egbenema,True,4,GCF_048077055,1,Egbenema bharatensis FJBBOT/2019,3398834,FJBBOT/2019,,egbenema bharatensis fjbbot/2019,egbenema bharatensis fjbbot/2019,fjbbot/2019,,egbenema,bharatensis fjbbot/2019,,293,035bda7ff0c30c1350378362f74445c7ba9bc66abd1990f91ad51d66c6857f1e,GCF_048077055.1,current,Egbenema bharatensis FJBBOT/2019,3398834,Complete Genome,,,,7506658,3779378,2025-02-27,6407.0,SAMN46743293,True,True,True
GCF_048568235.1,nifK-local_aln_i2.1_12182023,1.0,nifH-local_aln_i2.1_12182023,1,1.1e-162,6412411,,1345.0,,nifD-local_aln_i2.1_12182023,1.0,1,7,0,1.2999999999999999e-256,Complete Genome,,41.5,7214617,"{'infraspecific_names': {'strain': 'FACHB-709'}, 'organism_name': 'Anabaena sp. FACHB-709', 'tax_id': 1086822}",1.0,,7,6412411,0,1.2e-239,GCF_048568235.1-RS_2025_03_14,H=WP_010995626.1;D=WP_044520961.1;K=WP_010995612.1,Anabaena sp. FACHB-709,Anabaena,True,3,GCF_048568235,1,Anabaena sp. FACHB-709,1086822,FACHB-709,,anabaena sp. fachb-709,anabaena sp. fachb-709,fachb-709,,anabaena,sp. fachb-709,FACHB 709,1309,39ba3c850c5a950cd7fcdd4c7e6596ad01bc388031a7edd189dc315a0529c5ff,GCF_048568235.1,current,Anabaena sp. FACHB-709,1086822,Complete Genome,,,,7214617,2977317,2025-03-14,6001.0,SAMN47220721,True,True,True
GCF_048568275.1,nifK-local_aln_i2.1_12182023,1.0,nifH-local_aln_i2.1_12182023,1,1.1e-162,6411132,,432.0,,nifD-local_aln_i2.1_12182023,1.0,1,6,0,1.2999999999999999e-256,Complete Genome,,41.5,7177355,"{'infraspecific_names': {'strain': 'FACHB-595'}, 'organism_name': 'Anabaena sp. FACHB-595', 'tax_id': 3403436}",1.0,,6,6411132,0,1.2e-239,GCF_048568275.1-RS_2025_03_14,H=WP_010995626.1;D=WP_044520961.1;K=WP_010995612.1,Anabaena sp. FACHB-595,Anabaena,True,3,GCF_048568275,1,Anabaena sp. FACHB-595,3403436,FACHB-595,,anabaena sp. fachb-595,anabaena sp. fachb-595,fachb-595,,anabaena,sp. fachb-595,FACHB 595,1303,5b2171cffa0a710071cc8db93d715502d40729339b1a75538b1952b07e5c8cc7,GCF_048568275.1,current,Anabaena sp. FACHB-595,3403436,Complete Genome,,,,7177355,2962502,2025-03-14,5914.0,SAMN47220197,True,True,True
GCF_048593405.1,nifK-local_aln_i2.1_12182023,1.0,nifH-local_aln_i2.1_12182023,0,8.3e-54,4933804,,196.0,,nifD-local_aln_i2.1_12182023,1.0,1,5,0,0.0014,Complete Genome,,42.5,5074437,"{'infraspecific_names': {'strain': 'FACHB-524'}, 'organism_name': 'Microcystis aeruginosa FACHB-524', 'tax_id': 2486203}",0.0,,5,4933804,0,1e-09,GCF_048593405.1-RS_2025_03_18,H=WP_002773281.1;D=WP_002776776.1;K=WP_002776776.1,Microcystis aeruginosa FACHB-524,Microcystis,False,5,GCF_048593405,1,Microcystis aeruginosa FACHB-524,2486203,FACHB-524,,microcystis aeruginosa fachb-524,microcystis aeruginosa fachb-524,fachb-524,,microcystis,aeruginosa fachb-524,FACHB 524,338,778baac9069cd8a20b13305b0460072fc5a3f118530a27107280bc7edf876014,GCF_048593405.1,current,Microcystis aeruginosa FACHB-524,2486203,Complete Genome,,,,5074437,2156716,2025-03-18,4525.0,SAMN46003490,True,True,True
GCF_048820285.1,nifK-local_aln_i2.1_12182023,1.0,nifH-local_aln_i2.1_12182023,0,5.1999999999999995e-54,4952830,,30.0,,nifD-local_aln_i2.1_12182023,1.0,1,1,0,0.0011,Complete Genome,,42.5,4952830,"{'infraspecific_names': {'strain': 'NIES-298'}, 'organism_name': 'Microcystis aeruginosa NIES-298', 'tax_id': 449468}",0.0,,1,4952830,0,1.4e-09,GCF_048820285.1-RS_2025_03_24,H=WP_002735653.1;D=WP_002770669.1;K=WP_002770669.1,Microcystis aeruginosa NIES-298,Microcystis,False,5,GCF_048820285,1,Microcystis aeruginosa NIES-298,449468,NIES-298,,microcystis aeruginosa nies-298,microcystis aeruginosa nies-298,nies-298,,microcystis,aeruginosa nies-298,NIES 298,344,d3f3ae7179f281fddc074e74752721609737c1a5012a0e43b3b35179ed3db7cf,GCF_048820285.1,current,Microcystis aeruginosa NIES-298,449468,Complete Genome,,,,4952830,2109778,2025-03-24,4396.0,SAMN47003815,True,True,True
GCF_049200465.1,nifK-local_aln_i2.1_12182023,1.0,nifH-local_aln_i2.1_12182023,0,5.1e-52,5554238,,185.0,,nifD-local_aln_i2.1_12182023,1.0,1,1,0,0.00035,Complete Genome,,50.0,5554238,"{'infraspecific_names': {'strain': 'ETS-13'}, 'organism_name': 'Leptothermofonsia sp. ETS-13', 'tax_id': 3035696}",0.0,,1,5554238,0,8.4e-15,GCF_049200465.1-RS_2025_04_02,H=WP_421654553.1;D=WP_421655164.1;K=WP_421655164.1,Leptothermofonsia sp. ETS-13,Leptothermofonsia,False,3,GCF_049200465,1,Leptothermofonsia sp. ETS-13,3035696,ETS-13,,leptothermofonsia sp. ets-13,leptothermofonsia sp. ets-13,ets-13,,leptothermofonsia,sp. ets-13,,319,6c196bd58923886b8f06fdffdd60712a7d8807cacb55322e12eaca68a7aea578,GCF_049200465.1,current,Leptothermofonsia sp. ETS-13,3035696,Complete Genome,,,,5554238,2765753,2025-04-02,4867.0,SAMN33824160,True,True,True
GCF_049315035.1,nifK-local_aln_i2.1_12182023,1.0,nifH-local_aln_i2.1_12182023,1,1.1e-162,6354663,,60.0,,nifD-local_aln_i2.1_12182023,1.0,1,8,0,6.700000000000001e-249,Complete Genome,,39.0,7043253,"{'infraspecific_names': {'strain': 'ATCC 29414'}, 'organism_name': 'Anabaena sp. PCC 7938', 'tax_id': 1296340}",1.0,,8,6354663,0,4.799999999999996e-100,GCF_049315035.1-RS_2025_04_07,H=WP_015215476.1;D=WP_015214314.1;K=WP_015214312.1,Anabaena sp. PCC 7938,Anabaena,True,3,GCF_049315035,1,Anabaena sp. PCC 7938,1296340,ATCC 29414,,anabaena sp. pcc 7938,anabaena sp. pcc 7938,atcc 29414,,anabaena,sp. pcc 7938,ATCC 29414;PCC 7938,1101,dfa292341369b8b5fd257f27715906875cce27f179fd8345483d99cce00ac941,GCF_049315035.1,current,Anabaena sp. PCC 7938,1296340,Complete Genome,,,,7043253,2732050,2025-04-07,5928.0,SAMN47619560,True,True,True
GCF_050235535.1,nifK-local_aln_i2.1_12182023,1.0,nifH-local_aln_i2.1_12182023,1,1.1e-162,7128814,,3990.0,,nifD-local_aln_i2.1_12182023,1.0,1,1,0,6.600000000000001e-258,Complete Genome,,41.0,7128814,"{'infraspecific_names': {'strain': 'HNIBRCY26'}, 'organism_name': 'Aliinostoc sp. HNIBRCY26', 'tax_id': 3418997}",1.0,,1,7128814,0,6.499999999999999e-240,GCF_050235535.1-RS_2025_05_08,H=WP_427160135.1;D=WP_427160136.1;K=WP_427160147.1,Aliinostoc sp. HNIBRCY26,Aliinostoc,True,3,GCF_050235535,1,Aliinostoc sp. HNIBRCY26,3418997,HNIBRCY26,,aliinostoc sp. hnibrcy26,aliinostoc sp. hnibrcy26,hnibrcy26,,aliinostoc,sp. hnibrcy26,,1280,e24639b58a841db01eb4a826c38664218b635affb8cd8a1d38433620060cb744,GCF_050235535.1,current,Aliinostoc sp. HNIBRCY26,3418997,Complete Genome,,,,7128814,2908741,2025-05-08,5851.0,SAMN48211183,True,True,True
GCF_050408035.1,nifK-local_aln_i2.1_12182023,1.0,nifH-local_aln_i2.1_12182023,0,1.2e-52,3573470,,100.0,,nifD-local_aln_i2.1_12182023,1.0,1,5,0,7.2e-05,Complete Genome,,47.5,3947019,"{'infraspecific_names': {'strain': 'PCC 6803'}, 'organism_name': 'Synechocystis sp. PCC 6803', 'tax_id': 1148}",0.0,,5,3573470,0,1e-11,GCF_050408035.1-RS_2025_05_18,H=WP_041426077.1;D=WP_010873342.1;K=WP_010873342.1,Synechocystis sp. PCC 6803,Synechocystis,False,4,GCF_050408035,1,Synechocystis sp. PCC 6803,1148,PCC 6803,,synechocystis sp. pcc 6803,synechocystis sp. pcc 6803,pcc 6803,,synechocystis,sp. pcc 6803,PCC 6803,286,5a4529d5ff73c1c941f188eb4b74b97b12a60e256f4f017446769ba715f29fbf,GCF_050408035.1,current,Synechocystis sp. PCC 6803,1148,Complete Genome,,,,3947019,1869553,2025-05-18,3624.0,SAMN48355820,True,True,True
GCF_050422935.1,nifK-local_aln_i2.1_12182023,1.0,nifH-local_aln_i2.1_12182023,1,2.5e-51,2717027,,120.0,,nifD-local_aln_i2.1_12182023,1.0,1,1,0,7.7e-07,Complete Genome,,55.0,2717027,"{'infraspecific_names': {'strain': 'M14.2'}, 'organism_name': 'Synechococcus elongatus M14.2', 'tax_id': 3242107}",1.0,,1,2717027,0,1.5e-12,GCF_050422935.1-RS_2025_05_20,H=WP_208673436.1;D=WP_208673277.1;K=WP_208673277.1,Synechococcus elongatus M14.2,Synechococcus,False,4,GCF_050422935,1,Synechococcus elongatus M14.2,3242107,M14.2,,synechococcus elongatus m14.2,synechococcus elongatus m14.2,m14.2,,synechococcus,elongatus m14.2,,170,6a0b58f5ed1f76aaeb5017c3a163a44fb04506f3c4cb1f5e13cd7fc28bfa1c93,GCF_050422935.1,current,Synechococcus elongatus M14.2,3242107,Complete Genome,out of scope for the RefSeq project,,,2717027,1491376,2025-05-20,2650.0,SAMN43083530,True,True,True
GCF_050500235.1,nifK-local_aln_i2.1_12182023,1.0,nifH-local_aln_i2.1_12182023,0,5.1999999999999995e-54,4917921,,,,nifD-local_aln_i2.1_12182023,1.0,1,1,0,0.0014,Complete Genome,,42.5,4917921,"{'infraspecific_names': {'strain': 'FBCC-A270'}, 'organism_name': 'Microcystis protocystis FBCC-A270', 'tax_id': 3422496}",0.0,,1,4917921,0,1.2e-09,GCF_050500235.1-RS_2025_05_21,H=WP_002735653.1;D=WP_430014318.1;K=WP_430014318.1,Microcystis protocystis FBCC-A270,Microcystis,False,5,GCF_050500235,1,Microcystis protocystis FBCC-A270,3422496,FBCC-A270,,microcystis protocystis fbcc-a270,microcystis protocystis fbcc-a270,fbcc-a270,,microcystis,protocystis fbcc-a270,,342,e9a26393db05900e9426458548265d2f753c074e4d41e156c978c64018d3ace2,GCF_050500235.1,current,Microcystis protocystis FBCC-A270,3422496,Complete Genome,,,,4917921,2085321,2025-05-21,4419.0,SAMN48448945,True,True,True
GCF_050500245.1,nifK-local_aln_i2.1_12182023,1.0,nifH-local_aln_i2.1_12182023,0,8.3e-53,4916250,,,,nifD-local_aln_i2.1_12182023,1.0,1,1,0,0.0014,Complete Genome,,42.5,4916250,"{'infraspecific_names': {'strain': 'FBCC-A1114'}, 'organism_name': 'Microcystis ichthyoblabe FBCC-A1114', 'tax_id': 3422495}",0.0,,1,4916250,0,1.2e-09,GCF_050500245.1-RS_2025_05_21,H=WP_430013300.1;D=WP_430014318.1;K=WP_430014318.1,Microcystis ichthyoblabe FBCC-A1114,Microcystis,False,5,GCF_050500245,1,Microcystis ichthyoblabe FBCC-A1114,3422495,FBCC-A1114,,microcystis ichthyoblabe fbcc-a1114,microcystis ichthyoblabe fbcc-a1114,fbcc-a1114,,microcystis,ichthyoblabe fbcc-a1114,,340,a4b74269b5bc7dc739479fa49b22d9ae29c1df8ba7c5fefbdaf0d24af6d91951,GCF_050500245.1,current,Microcystis ichthyoblabe FBCC-A1114,3422495,Complete Genome,,,,4916250,2086007,2025-05-21,4405.0,SAMN48448944,True,True,True
GCF_050500255.1,nifK-local_aln_i2.1_12182023,1.0,nifH-local_aln_i2.1_12182023,0,8.5e-54,5864213,,,,nifD-local_aln_i2.1_12182023,1.0,1,1,0,0.00078,Complete Genome,,42.5,5864213,"{'infraspecific_names': {'strain': 'FBCC-A68'}, 'organism_name': 'Microcystis aeruginosa FBCC-A68', 'tax_id': 3079052}",0.0,,1,5864213,0,7.5e-10,GCF_050500255.1-RS_2025_05_21,H=WP_002759152.1;D=WP_061430879.1;K=WP_061430879.1,Microcystis aeruginosa FBCC-A68,Microcystis,False,5,GCF_050500255,1,Microcystis aeruginosa FBCC-A68,3079052,FBCC-A68,,microcystis aeruginosa fbcc-a68,microcystis aeruginosa fbcc-a68,fbcc-a68,,microcystis,aeruginosa fbcc-a68,,338,1caaaa63501908789de3813b094983ffb227aeeb53026734b632fd7fb46b45bf,GCF_050500255.1,current,Microcystis aeruginosa FBCC-A68,3079052,Complete Genome,,,,5864213,2503015,2025-05-21,5263.0,SAMN48448946,True,True,True
GCF_050563455.1,nifK-local_aln_i2.1_12182023,1.0,nifH-local_aln_i2.1_12182023,1,4.7e-155,6132292,,91.0,,nifD-local_aln_i2.1_12182023,1.0,1,4,0,2.2e-239,Complete Genome,,37.0,6283531,"{'infraspecific_names': {'strain': 'WH 8501'}, 'organism_name': 'Crocosphaera watsonii WH 8501', 'tax_id': 165597}",1.0,,4,6132292,0,1.8e-255,GCF_050563455.1-RS_2025_05_26,H=WP_007305800.1;D=WP_007305801.1;K=WP_007305802.1,Crocosphaera watsonii WH 8501,Crocosphaera,True,5,GCF_050563455,1,Crocosphaera watsonii WH 8501,165597,WH 8501,,crocosphaera watsonii wh 8501,crocosphaera watsonii wh 8501,wh 8501,,crocosphaera,watsonii wh 8501,,249,961d0ea4e25b0e16a12e004a84965b4f38872ef952af0387ce36bd888dbc4c1f,GCF_050563455.1,current,Crocosphaera watsonii WH 8501,165597,Complete Genome,,,,6283531,2328714,2025-05-26,5424.0,SAMN48537095,True,True,True
GCF_050711215.1,nifK-local_aln_i2.1_12182023,1.0,nifH-local_aln_i2.1_12182023,0,8.5e-54,5868208,,72.0,,nifD-local_aln_i2.1_12182023,1.0,1,1,0,0.00078,Complete Genome,,42.5,5868208,"{'infraspecific_names': {'strain': 'FBCC-A68'}, 'organism_name': 'Microcystis aeruginosa FBCC-A68', 'tax_id': 3079052}",0.0,,1,5868208,0,7.5e-10,GCF_050711215.1-RS_2025_06_04,H=WP_002759152.1;D=WP_061430879.1;K=WP_061430879.1,Microcystis aeruginosa FBCC-A68,Microcystis,False,5,GCF_050711215,1,Microcystis aeruginosa FBCC-A68,3079052,FBCC-A68,,microcystis aeruginosa fbcc-a68,microcystis aeruginosa fbcc-a68,fbcc-a68,,microcystis,aeruginosa fbcc-a68,,342,a0bc2032ec801252617608e83bcea267b980a54a48fccbbf90f9a14ba249bf35,GCF_050711215.1,current,Microcystis aeruginosa FBCC-A68,3079052,Complete Genome,,,,5868208,2505142,2025-06-04,5244.0,SAMN37643193,True,True,True
GCF_050920705.1,nifK-local_aln_i2.1_12182023,0.0,nifH-local_aln_i2.1_12182023,0,5.2e-52,3073547,,100.0,,nifD-local_aln_i2.1_12182023,1.0,1,1,0,3.1e-05,Complete Genome,,65.5,3073547,"{'infraspecific_names': {'isolate': 'BSA11S'}, 'organism_name': 'Cyanobium sp. BSA11S', 'tax_id': 3108224}",0.0,,1,3073547,0,0.00089,GCF_050920705.1-RS_2025_06_16,H=WP_255441393.1;D=WP_185465329.1;K=WP_185465329.1,Cyanobium sp. BSA11S,Cyanobium,False,4,GCF_050920705,1,Cyanobium sp. BSA11S,3108224,,BSA11S,cyanobium sp. bsa11s,cyanobium sp. bsa11s,,bsa11s,cyanobium,sp. bsa11s,,308,cc3e98a5113b93f0919e90d328334631ae8c651bdda8050533e41b012108543e,GCF_050920705.1,current,Cyanobium sp. BSA11S,3108224,Complete Genome,,,,3073547,2012430,2025-06-16,3092.0,SAMN38785312,True,True,True
GCF_051131155.1,nifK-local_aln_i2.1_12182023,0.0,nifH-local_aln_i2.1_12182023,0,7.999999999999998e-54,5355912,,379.91,,,1.0,1,1,0,0.00091,Complete Genome,,42.0,5355912,"{'infraspecific_names': {'strain': 'Chao 2107'}, 'organism_name': 'Pseudanabaena minima str. Chao 2107', 'tax_id': 3158965}",0.0,,1,5355912,0,,GCF_051131155.1-RS_2025_06_28,H=WP_181016150.1;D=;K=WP_434685901.1,Pseudanabaena minima str. Chao 2107,Pseudanabaena,False,5,GCF_051131155,1,Pseudanabaena minima str. Chao 2107,3158965,Chao 2107,,pseudanabaena minima str. chao 2107,pseudanabaena minima str. chao 2107,chao 2107,,pseudanabaena,minima str. chao 2107,,100,b9db750fe2358f17e74a7fc4b177e6038898776e9e4427ce6e61305632fdd7d5,GCF_051131155.1,current,Pseudanabaena minima str. Chao 2107,3158965,Complete Genome,,,,5355912,2244825,2025-06-28,4659.0,SAMN41659893,True,True,True
GCF_051201415.1,nifK-local_aln_i2.1_12182023,1.0,nifH-local_aln_i2.1_12182023,1,1e-162,4016649,,250.0,,nifD-local_aln_i2.1_12182023,1.0,1,1,0,3.9e-249,Complete Genome,,40.5,4016649,"{'infraspecific_names': {'strain': 'G7'}, 'organism_name': 'Cylindrospermopsis raciborskii G7', 'tax_id': 3438228}",1.0,,1,4016649,0,6.1e-257,GCF_051201415.1-RS_2025_07_03,H=WP_057177533.1;D=WP_057177532.1;K=WP_006278576.1,Cylindrospermopsis raciborskii G7,Cylindrospermopsis,True,4,GCF_051201415,1,Cylindrospermopsis raciborskii G7,3438228,G7,,cylindrospermopsis raciborskii g7,cylindrospermopsis raciborskii g7,g7,,cylindrospermopsis,raciborskii g7,,681,d20ca437385af4ecd747a142362a70ca8f0672ceaab0d46c86a003e9679b77e2,GCF_051201415.1,current,Cylindrospermopsis raciborskii G7,3438228,Complete Genome,,,,4016649,1617895,2025-07-03,3431.0,SAMN48997622,True,True,True
GCF_052692655.1,nifK-local_aln_i2.1_12182023,1.0,nifH-local_aln_i2.1_12182023,1,1e-161,8475087,,427.0,,nifD-local_aln_i2.1_12182023,1.0,1,1,0,8.500000000000004e-246,Complete Genome,,41.5,8475087,"{'infraspecific_names': {'strain': 'DSM 114167'}, 'organism_name': 'Nostoc sp. DSM 114167', 'tax_id': 3439050}",1.0,,1,8475087,0,4.999999999999999e-240,GCF_052692655.1-RS_2025_09_18,H=WP_445630325.1;D=WP_445630326.1;K=WP_445630346.1,Nostoc sp. DSM 114167,Nostoc,True,1,GCF_052692655,1,Nostoc sp. DSM 114167,3439050,DSM 114167,,nostoc sp. dsm 114167,nostoc sp. dsm 114167,dsm 114167,,nostoc,sp. dsm 114167,DSM 114167,1317,4f60b4fd9248703ac05e0a8373e79c586330cef072c44baeea5ecea1ab936f44,GCF_052692655.1,current,Nostoc sp. DSM 114167,3439050,Complete Genome,,,,8475087,3517065,2025-09-18,6820.0,SAMN49094505,True,True,True
GCF_052692665.1,nifK-local_aln_i2.1_12182023,1.0,nifH-local_aln_i2.1_12182023,1,7.5e-163,8680294,,33.0,,nifD-local_aln_i2.1_12182023,1.0,1,1,0,4.4e-248,Complete Genome,,41.5,8680294,"{'infraspecific_names': {'strain': 'DSM 114161'}, 'organism_name': 'Nostoc sp. DSM 114161', 'tax_id': 3440143}",1.0,,1,8680294,0,2.0999999999999998e-247,GCF_052692665.1-RS_2025_09_18,H=WP_445637400.1;D=WP_445632811.1;K=WP_445637425.1,Nostoc sp. DSM 114161,Nostoc,True,1,GCF_052692665,1,Nostoc sp. DSM 114161,3440143,DSM 114161,,nostoc sp. dsm 114161,nostoc sp. dsm 114161,dsm 114161,,nostoc,sp. dsm 114161,DSM 114161,1303,3a1fedce536b05eba304e9e269d54480a9423f704f5f429e5beefeb5dce9db87,GCF_052692665.1,current,Nostoc sp. DSM 114161,3440143,Complete Genome,,,,8680294,3584479,2025-09-18,6990.0,SAMN49327728,True,True,True
GCF_900088535.1,nifK-local_aln_i2.1_12182023,0.0,nifH-local_aln_i2.1_12182023,0,2.5e-53,3021545,,220.0,,nifD-local_aln_i2.1_12182023,1.0,1,1,0,0.008,Complete Genome,,68.5,3021545,"{'infraspecific_names': {'strain': 'NIES-981'}, 'organism_name': 'Cyanobium sp. NIES-981', 'tax_id': 1851505}",0.0,,1,3021545,0,0.18,GCF_900088535.1-RS_2024_08_13,H=WP_087067474.1;D=WP_087067473.1;K=WP_087067473.1,Cyanobium sp. NIES-981,Cyanobium,False,4,GCF_900088535,1,Cyanobium sp. NIES-981,1851505,NIES-981,,cyanobium sp. nies-981,cyanobium sp. nies-981,nies-981,,cyanobium,sp. nies-981,NIES 981,344,3e0dab395916be0928634119c9b38b3c8e42774af04c378cf188bb4585b0a330,GCF_900088535.1,current,Cyanobium sp. NIES-981,1851505,Complete Genome,,,,3021545,2073273,2024-08-13,2983.0,SAMEA4005231,True,True,True
GCF_904830765.1,nifK-local_aln_i2.1_12182023,1.0,nifH-local_aln_i2.1_12182023,0,1.3e-52,4838015,,92.0,,nifD-local_aln_i2.1_12182023,1.0,1,4,0,0.0047,Complete Genome,,39.5,5099909,"{'infraspecific_names': {'strain': 'NIVA-CYA126/8'}, 'organism_name': 'Planktothrix agardhii', 'tax_id': 1160}",0.0,,4,4838015,0,1.5e-10,GCF_904830765.1-RS_2025_07_21,H=WP_227350274.1;D=WP_027249669.1;K=WP_027249669.1,Planktothrix agardhii,Planktothrix,False,2,GCF_904830765,1,Planktothrix agardhii,1160,NIVA-CYA126/8,,planktothrix agardhii,planktothrix agardhii,niva-cya126/8,,planktothrix,agardhii,,261,ee7702c24e37fa2873c01d8885a2b82c71d522084891199c670fca187a0adff8,GCF_904830765.1,current,Planktothrix agardhii,1160,Complete Genome,,,,5099909,2019163,2025-07-21,4449.0,SAMEA7326067,True,True,True
GCF_904830775.1,nifK-local_aln_i2.1_12182023,1.0,nifH-local_aln_i2.1_12182023,1,1.3e-52,4724555,,455.0,,nifD-local_aln_i2.1_12182023,1.0,1,3,0,9.7e-07,Complete Genome,,39.5,4794075,"{'infraspecific_names': {'strain': 'No.2A'}, 'organism_name': 'Planktothrix agardhii', 'tax_id': 1160}",1.0,,3,4724555,0,1.6e-10,GCF_904830775.1-RS_2025_07_18,H=WP_227350274.1;D=WP_227365020.1;K=WP_227365020.1,Planktothrix agardhii,Planktothrix,False,2,GCF_904830775,1,Planktothrix agardhii,1160,No.2A,,planktothrix agardhii,planktothrix agardhii,no.2a,,planktothrix,agardhii,,257,6dceea8e607e133af33c4dfd13cadac9583423317e790822ce95992ab158c419,GCF_904830775.1,current,Planktothrix agardhii,1160,Complete Genome,,,,4794075,1901253,2026-07-18,4215.0,SAMEA7326076,True,True,True
GCF_904830845.1,nifK-local_aln_i2.1_12182023,1.0,nifH-local_aln_i2.1_12182023,1,1.6e-52,4711865,,245.0,,nifD-local_aln_i2.1_12182023,1.0,1,5,0,9.7e-07,Complete Genome,,39.5,4974996,"{'infraspecific_names': {'strain': 'No.365'}, 'organism_name': 'Planktothrix agardhii', 'tax_id': 1160}",1.0,,5,4711865,0,1.6e-10,GCF_904830845.1-RS_2025_07_18,H=WP_026789169.1;D=WP_227365020.1;K=WP_227365020.1,Planktothrix agardhii,Planktothrix,False,2,GCF_904830845,1,Planktothrix agardhii,1160,No.365,,planktothrix agardhii,planktothrix agardhii,no.365,,planktothrix,agardhii,,260,cd6cce1bf69a2703e03848b6794c82ad05298ed5f50776bcef0378ab49972250,GCF_904830845.1,current,Planktothrix agardhii,1160,Complete Genome,,,,4974996,1969015,2026-07-18,4405.0,SAMEA7326071,True,True,True
GCF_904830855.1,nifK-local_aln_i2.1_12182023,1.0,nifH-local_aln_i2.1_12182023,0,1.3e-52,4738828,,87.0,,nifD-local_aln_i2.1_12182023,1.0,1,4,0,0.0048,Complete Genome,,39.5,4947677,"{'infraspecific_names': {'strain': 'No.66'}, 'organism_name': 'Planktothrix agardhii', 'tax_id': 1160}",0.0,,4,4738828,0,1.7e-10,GCF_904830855.1-RS_2025_07_18,H=WP_227350274.1;D=WP_227351067.1;K=WP_227351067.1,Planktothrix agardhii,Planktothrix,False,2,GCF_904830855,1,Planktothrix agardhii,1160,No.66,,planktothrix agardhii,planktothrix agardhii,no.66,,planktothrix,agardhii,,260,13a5a8e1b2283793b881c1ae581a16bedccf2b771644cddefabff343bbde0ccd,GCF_904830855.1,current,Planktothrix agardhii,1160,Complete Genome,,,,4947677,1963456,2026-07-18,4396.0,SAMEA7326068,True,True,True
GCF_904830915.1,nifK-local_aln_i2.1_12182023,1.0,nifH-local_aln_i2.1_12182023,1,1.6e-52,4750937,,113.0,,nifD-local_aln_i2.1_12182023,1.0,1,2,0,9.7e-07,Complete Genome,,39.5,4903948,"{'infraspecific_names': {'strain': 'PCC7805'}, 'organism_name': 'Planktothrix agardhii', 'tax_id': 1160}",1.0,,2,4750937,0,1.6e-10,GCF_904830915.1-RS_2025_07_18,H=WP_026789169.1;D=WP_227365020.1;K=WP_227365020.1,Planktothrix agardhii,Planktothrix,False,2,GCF_904830915,1,Planktothrix agardhii,1160,PCC7805,,planktothrix agardhii,planktothrix agardhii,pcc7805,,planktothrix,agardhii,PCC 7805,255,bdf7355f15a247408696a348f388151395cc2df184f0863013f1630cf536b54a,GCF_904830915.1,current,Planktothrix agardhii,1160,Complete Genome,,,,4903948,1943987,2026-07-18,4362.0,SAMEA7326073,True,True,True
GCF_904830925.1,nifK-local_aln_i2.1_12182023,1.0,nifH-local_aln_i2.1_12182023,1,3.8e-163,6601744,,431.0,,nifD-local_aln_i2.1_12182023,1.0,1,2,0,2.8999999999999997e-248,Complete Genome,,39.5,6654737,"{'infraspecific_names': {'strain': 'No.713'}, 'organism_name': 'Planktothrix pseudagardhii', 'tax_id': 132604}",1.0,,2,6601744,0,7.9e-256,GCF_904830925.1-RS_2025_08_03,H=WP_186440468.1;D=WP_072721275.1;K=WP_072721273.1,Planktothrix pseudagardhii,Planktothrix,True,2,GCF_904830925,1,Planktothrix pseudagardhii,132604,No.713,,planktothrix pseudagardhii,planktothrix pseudagardhii,no.713,,planktothrix,pseudagardhii,,266,25519ea083be6917fbfc8a42cb4354b2bb7e5c142220dfb6f37281bcd6a73c6a,GCF_904830925.1,current,Planktothrix pseudagardhii,132604,Complete Genome,,,,6654737,2622153,2025-08-03,5578.0,SAMEA7326077,True,True,True
GCF_904830935.1,nifK-local_aln_i2.1_12182023,1.0,nifH-local_aln_i2.1_12182023,1,1.3e-52,4748184,,389.0,,nifD-local_aln_i2.1_12182023,1.0,1,6,0,5.2e-07,Complete Genome,,39.5,4904228,"{'infraspecific_names': {'strain': 'No.976'}, 'organism_name': 'Planktothrix agardhii', 'tax_id': 1160}",1.0,,6,4748184,0,3.2e-10,GCF_904830935.1-RS_2025_05_21,H=WP_227350274.1;D=WP_254035358.1;K=WP_254035358.1,Planktothrix agardhii,Planktothrix,False,2,GCF_904830935,1,Planktothrix agardhii,1160,No.976,,planktothrix agardhii,planktothrix agardhii,no.976,,planktothrix,agardhii,,258,8dcf23b99eaabd6fb4a313f4b177c005e507edf0de10d400bf85786a9a9dd984,GCF_904830935.1,current,Planktothrix agardhii,1160,Complete Genome,,,,4904228,1945950,2026-05-22,4387.0,SAMEA7326078,True,True,True
GCF_947331815.1,nifK-local_aln_i2.1_12182023,1.0,nifH-local_aln_i2.1_12182023,1,6e-156,2483960,,298.0,,nifD-local_aln_i2.1_12182023,1.0,1,1,0,4.8e-236,Complete Genome,,33.5,2483960,"{'infraspecific_names': {'isolate': '25016'}, 'organism_name': 'Cyanobacterium sp. uoEpiScrs1', 'tax_id': 2976343}",1.0,,1,2483960,0,5.8e-257,GCF_947331815.1-RS_2025_02_26,H=WP_267383982.1;D=WP_267383983.1;K=WP_267383984.1,Cyanobacterium sp. uoEpiScrs1,Cyanobacterium,True,5,GCF_947331815,1,Cyanobacterium sp. uoEpiScrs1,2976343,,25016,cyanobacterium sp. uoepiscrs1,cyanobacterium sp. uoepiscrs1,,25016,cyanobacterium,sp. uoepiscrs1,,184,da131c771982ebf12a46e083f083e2b57e0363f108a9707c9639e1e37e037d93,GCF_947331815.1,current,Cyanobacterium sp. uoEpiScrs1,2976343,Complete Genome,,,,2483960,835981,2025-02-26,1662.0,SAMEA111323721,True,True,True
GCF_963665995.1,nifK-local_aln_i2.1_12182023,1.0,nifH-local_aln_i2.1_12182023,0,1.4e-52,5429540,,202.0,,nifD-local_aln_i2.1_12182023,1.0,1,1,0,0.00028,Complete Genome,,39.0,5429540,"{'infraspecific_names': {'isolate': '44838'}, 'organism_name': 'Pleurocapsa sp. FMAR1', 'tax_id': 3040204}",0.0,,1,5429540,0,1e-10,GCF_963665995.1-RS_2025_01_30,H=WP_413467277.1;D=WP_319421040.1;K=WP_319421040.1,Pleurocapsa sp. FMAR1,Pleurocapsa,False,3,GCF_963665995,1,Pleurocapsa sp. FMAR1,3040204,,44838,pleurocapsa sp. fmar1,pleurocapsa sp. fmar1,,44838,pleurocapsa,sp. fmar1,,210,29159c181140cf8e8fa7cf6205025d3a5f0d6e0e45b7a9050cd2e9adb85bd472,GCF_963665995.1,current,Pleurocapsa sp. FMAR1,3040204,Complete Genome,,,,5429540,2126367,2025-01-30,5008.0,SAMEA114098567,True,True,True
GCF_963920465.1,nifK-local_aln_i2.1_12182023,0.0,nifH-local_aln_i2.1_12182023,0,8.3e-53,2816659,,40.0,,nifD-local_aln_i2.1_12182023,1.0,1,1,0,0.00054,Complete Genome,,63.0,2816659,"{'infraspecific_names': {'isolate': 'KAC_114'}, 'organism_name': 'Synechococcus sp. CBW1107', 'tax_id': 2789857}",0.0,,1,2816659,0,0.0067,GCF_963920465.1-RS_2025_02_19,H=WP_322773245.1;D=WP_322773248.1;K=WP_322773248.1,Synechococcus sp. CBW1107,Synechococcus,False,4,GCF_963920465,1,Synechococcus sp. CBW1107,2789857,,KAC_114,synechococcus sp. cbw1107,synechococcus sp. cbw1107,,kac_114,synechococcus,sp. cbw1107,,360,fe92b60ae16e31c1ed620e3d43fade4cbd9e9b70e3dc786a190bda49d9652c8c,GCF_963920465.1,current,Synechococcus sp. CBW1107,2789857,Complete Genome,,,,2816659,1772551,2025-02-19,2974.0,SAMEA115019962,True,True,True
GCF_963920475.1,nifK-local_aln_i2.1_12182023,0.0,nifH-local_aln_i2.1_12182023,0,2.8e-52,3210252,,40.0,,nifD-local_aln_i2.1_12182023,1.0,1,1,0,3.6e-05,Complete Genome,,66.0,3210252,"{'infraspecific_names': {'isolate': 'KAC_105'}, 'organism_name': 'Synechococcus sp. CBW1107', 'tax_id': 2789857}",0.0,,1,3210252,0,0.00019,GCF_963920475.1-RS_2025_02_19,H=WP_322781447.1;D=WP_322781446.1;K=WP_322781446.1,Synechococcus sp. CBW1107,Synechococcus,False,4,GCF_963920475,1,Synechococcus sp. CBW1107,2789857,,KAC_105,synechococcus sp. cbw1107,synechococcus sp. cbw1107,,kac_105,synechococcus,sp. cbw1107,,329,704a1beed636b2c3a25856d86eb1f3014a693cc34c707094ffc6f363c8e36168,GCF_963920475.1,current,Synechococcus sp. CBW1107,2789857,Complete Genome,,,,3210252,2118333,2025-02-19,3234.0,SAMEA115019958,True,True,True
GCF_963920485.1,nifK-local_aln_i2.1_12182023,0.0,nifH-local_aln_i2.1_12182023,0,9.1e-51,2656680,,40.0,,nifD-local_aln_i2.1_12182023,1.0,1,1,0,0.00096,Complete Genome,,62.5,2656680,"{'infraspecific_names': {'isolate': 'KAC_108', 'strain': 'Tous'}, 'organism_name': 'Cyanobium usitatum str. Tous', 'tax_id': 2116684}",0.0,,1,2656680,0,0.0067,GCF_963920485.1-RS_2025_12_10,H=WP_322765358.1;D=WP_322765357.1;K=WP_322765357.1,Cyanobium usitatum str. Tous,Cyanobium,False,4,GCF_963920485,1,Cyanobium usitatum str. Tous,2116684,Tous,KAC_108,cyanobium usitatum str. tous,cyanobium usitatum str. tous,tous,kac_108,cyanobium,usitatum str. tous,,348,5fc1e875dec090cdc67a42de439d7ff69a5f31bba4aa12d1d996b1fbd405a2b1,GCF_963920485.1,current,Cyanobium usitatum str. Tous,2116684,Complete Genome,,,,2656680,1661054,2025-12-10,2774.0,SAMEA115019959,True,True,True
GCF_963920495.1,nifK-local_aln_i2.1_12182023,1.0,nifH-local_aln_i2.1_12182023,0,8.199999999999999e-53,3384084,,40.0,,nifD-local_aln_i2.1_12182023,1.0,1,1,0,0.0011,Complete Genome,,65.5,3384084,"{'infraspecific_names': {'isolate': 'KAC_102'}, 'organism_name': 'Synechococcus sp. CBW1107', 'tax_id': 2789857}",0.0,,1,3384084,0,5.7e-07,GCF_963920495.1-RS_2025_02_19,H=WP_231598341.1;D=WP_416223889.1;K=WP_416223889.1,Synechococcus sp. CBW1107,Synechococcus,False,4,GCF_963920495,1,Synechococcus sp. CBW1107,2789857,,KAC_102,synechococcus sp. cbw1107,synechococcus sp. cbw1107,,kac_102,synechococcus,sp. cbw1107,,341,8a06d40613138eee1291cc28a08ceb690083f48341c569a2452e32646ce76ade,GCF_963920495.1,current,Synechococcus sp. CBW1107,2789857,Complete Genome,,,,3384084,2215117,2025-02-19,3282.0,SAMEA115019960,True,True,True
GCF_963920505.1,nifK-local_aln_i2.1_12182023,0.0,nifH-local_aln_i2.1_12182023,0,2.6e-52,3085273,,40.0,,nifD-local_aln_i2.1_12182023,1.0,1,1,0,5.6e-05,Complete Genome,,66.0,3085273,"{'infraspecific_names': {'isolate': 'KAC_106'}, 'organism_name': 'Synechococcus sp. CBW1107', 'tax_id': 2789857}",0.0,,1,3085273,0,0.00029,GCF_963920505.1-RS_2025_02_19,H=WP_006171069.1;D=WP_322775159.1;K=WP_322775159.1,Synechococcus sp. CBW1107,Synechococcus,False,4,GCF_963920505,1,Synechococcus sp. CBW1107,2789857,,KAC_106,synechococcus sp. cbw1107,synechococcus sp. cbw1107,,kac_106,synechococcus,sp. cbw1107,,327,2fb7d50d2aae2121d94e2dbbbebed7802a6913ec6b72e647bf14128b460b7849,GCF_963920505.1,current,Synechococcus sp. CBW1107,2789857,Complete Genome,,,,3085273,2034127,2025-02-19,3195.0,SAMEA115019961,True,True,True
GCF_976987195.1,nifK-local_aln_i2.1_12182023,1.0,nifH-local_aln_i2.1_12182023,0,8.5e-54,5478552,,100.0,,nifD-local_aln_i2.1_12182023,1.0,1,1,0,0.00078,Complete Genome,,42.5,5478552,"{'infraspecific_names': {'isolate': 'Water'}, 'organism_name': 'Microcystis aeruginosa NIES-843', 'tax_id': 449447}",0.0,,1,5478552,0,7.5e-10,GCF_976987195.1-RS_2025_11_18,H=WP_002759152.1;D=WP_061430879.1;K=WP_061430879.1,Microcystis aeruginosa NIES-843,Microcystis,False,5,GCF_976987195,1,Microcystis aeruginosa NIES-843,449447,,Water,microcystis aeruginosa nies-843,microcystis aeruginosa nies-843,,water,microcystis,aeruginosa nies-843,NIES 843,342,0e9e788e1d4b001bc7bea805893e84c342113732a978ddb484ba20e6f212fbff,GCF_976987195.1,current,Microcystis aeruginosa NIES-843,449447,Complete Genome,,,,5478552,2332543,2025-11-18,5048.0,SAMEA120306243,True,True,True
GCF_977012465.1,nifK-local_aln_i2.1_12182023,1.0,nifH-local_aln_i2.1_12182023,1,4.3e-163,5813486,,100.0,,nifD-local_aln_i2.1_12182023,1.0,1,1,0,1.0999999999999999e-231,Complete Genome,,54.0,5813486,"{'infraspecific_names': {'isolate': 'SAMIN0022650-Novel oceanic cyanobacterium isolated from Bangaram island with profound acid neutralizing ability is proposed as Leptolyngbya iicbica sp. nov. strain LK'}, 'organism_name': 'Leptolyngbya iicbica', 'tax_id': 3161580}",1.0,,1,5813486,0,3.600000000000001e-248,GCF_977012465.1-RS_2025_11_19,H=WP_039727379.1;D=WP_039727378.1;K=WP_044151256.1,Leptolyngbya iicbica,Leptolyngbya,True,2,GCF_977012465,1,Leptolyngbya iicbica,3161580,,SAMIN0022650-Novel oceanic cyanobacterium isolated from Bangaram island with profound acid neutralizing ability is proposed as Leptolyngbya iicbica sp. nov. strain LK,leptolyngbya iicbica,leptolyngbya iicbica,,samin0022650-novel oceanic cyanobacterium isolated from bangaram island with profound acid neutralizing ability is proposed as leptolyngbya iicbica sp. nov. strain lk,leptolyngbya,iicbica,,214,137c8c3f781e9b1ff940a235d490e1432c29aa7e7f2496fcadb33706e831de1b,GCF_977012465.1,current,Leptolyngbya iicbica,3161580,Complete Genome,derived from metagenome,,,5813486,3153153,2025-11-19,4877.0,SAMEA120324958,True,True,True
GCF_977927515.1,nifK-local_aln_i2.1_12182023,0.0,nifH-local_aln_i2.1_12182023,0,2e-52,3174230,,100.0,,nifD-local_aln_i2.1_12182023,1.0,1,1,0,0.00033,Complete Genome,,66.0,3174230,"{'infraspecific_names': {'isolate': 'ena-SAMPLE-TAB-19-11-2025-09:23:59:194-151290'}, 'organism_name': 'Cyanobium sp. ULC065', 'tax_id': 2137202}",0.0,,1,3174230,0,0.00015,GCF_977927515.1-RS_2025_12_20,H=WP_094513214.1;D=WP_259730799.1;K=WP_259730799.1,Cyanobium sp. ULC065,Cyanobium,False,4,GCF_977927515,1,Cyanobium sp. ULC065,2137202,,ena-SAMPLE-TAB-19-11-2025-09:23:59:194-151290,cyanobium sp. ulc065,cyanobium sp. ulc065,,ena-sample-tab-19-11-2025-09:23:59:194-151290,cyanobium,sp. ulc065,,330,f93b0f7a2a77a857c794c4a996cdd9931c0fe496217fea4cdd09d6f989a4b91f,GCF_977927515.1,current,Cyanobium sp. ULC065,2137202,Complete Genome,,,,3174230,2092081,2025-12-20,3091.0,SAMEA120567969,True,True,True
GCF_977927535.1,nifK-local_aln_i2.1_12182023,0.0,nifH-local_aln_i2.1_12182023,0,7.7e-52,1744470,,100.0,,nifD-local_aln_i2.1_12182023,1.0,1,3,0,1.5e-06,Complete Genome,,65.0,2939533,"{'infraspecific_names': {'isolate': 'ena-SAMPLE-TAB-19-11-2025-09:23:59:194-151288'}, 'organism_name': 'Cyanobium sp. ULC082', 'tax_id': 2137204}",1.0,,3,1744470,0,6.2e-05,GCF_977927535.1-RS_2025_12_20,H=WP_259701265.1;D=WP_259701264.1;K=WP_259701264.1,Cyanobium sp. ULC082,Cyanobium,False,4,GCF_977927535,1,Cyanobium sp. ULC082,2137204,,ena-SAMPLE-TAB-19-11-2025-09:23:59:194-151288,cyanobium sp. ulc082,cyanobium sp. ulc082,,ena-sample-tab-19-11-2025-09:23:59:194-151288,cyanobium,sp. ulc082,,310,cc3a54f1bb198cdae524578f2a3bb7b3a148868329dfac465f24d80535a82329,GCF_977927535.1,current,Cyanobium sp. ULC082,2137204,Complete Genome,,,,2939533,1912974,2025-12-20,2978.0,SAMEA120567967,True,True,True
GCF_977927545.1,nifK-local_aln_i2.1_12182023,0.0,nifH-local_aln_i2.1_12182023,0,7.7e-52,3073311,,100.0,,nifD-local_aln_i2.1_12182023,1.0,1,2,0,1.5e-06,Complete Genome,,65.0,3094986,"{'infraspecific_names': {'isolate': 'ena-SAMPLE-TAB-19-11-2025-09:23:59:194-151287'}, 'organism_name': 'Cyanobium sp. ULC084', 'tax_id': 2487359}",1.0,,2,3073311,0,7.4e-05,GCF_977927545.1-RS_2025_12_20,H=WP_259701265.1;D=WP_259732117.1;K=WP_259732117.1,Cyanobium sp. ULC084,Cyanobium,False,4,GCF_977927545,1,Cyanobium sp. ULC084,2487359,,ena-SAMPLE-TAB-19-11-2025-09:23:59:194-151287,cyanobium sp. ulc084,cyanobium sp. ulc084,,ena-sample-tab-19-11-2025-09:23:59:194-151287,cyanobium,sp. ulc084,,309,f3d12d14d260c0f1eb94346f43acefc8ab0eb109ea5d01e63c87a06d3199d5c4,GCF_977927545.1,current,Cyanobium sp. ULC084,2487359,Complete Genome,,,,3094986,2009652,2025-12-20,3090.0,SAMEA120567966,True,True,True
