gene_family,study_id,paper_short,organism,n_unique_source_proteins,source_protein_keys,mapped_wp_accessions,representative_protein_names,evidence_metric_examples,mapping_methods,candidate_set,product,module_bin,fox_status,best_rank,consensus_rank_pct_mean,diazotroph_pct_mean,n_member_genomes,n_member_proteins,nif_or_nitrogenase_audit
GF_00006,Sandh_2014_Nostoc_punctiforme,Sandh et al. 2014,Nostoc punctiforme PCC 73102,2,Npun_R1623,WP_012408325.1,Ndh; NADH dehydrogenase.,Log2 Ratio (Heterocyst/Filaments)=0.2584397055077027; Variability [%]=10.0020224248575; Peptide Pair Count=5;2 | 24h Log2 Ratio (Het/Fil) (Present study)=0.2584397055077027; Variability [%]=10.0020224248575; Peptide Pair Count=5;2; Steady state Log2 ratio [7]=1.2863232579065487,old_locus_tag,Highly Pure,NAD(P)/FAD-dependent oxidoreductase,Other / unassigned,Novel/uncertain candidate,,,1.0,49,49,False
GF_00015,Held_2022_Trichodesmium_IMS101,Held et al. 2022,Trichodesmium erythraeum IMS101,1,Tery_1047,WP_011610805.1,"Tery_1047 AAA ATPase, central region [Trichodesmium erythraeum IMS101: NC_008312]",mean_relative_abundance=20.88; max=30.27@0h; min=15.19@13h; dynamic_range=15.07,old_locus_tag,Model-Supported,stress-responsive protein Ycf46,Other / unassigned,Novel/uncertain candidate,354.0,0.25,0.5057471264367817,174,174,False
GF_00015,Panda_2025_Crocosphaera_ATCC51142,Panda et al. 2025,Crocosphaera subtropica ATCC 51142,1,cce_3626,WP_009545215.1,ATPase,Two-way ANOVA p value nitrate=1.19037494310949e-05; Two-way ANOVA p value lightordark=0.0132981854238605; Two-way ANOVA p value Interaction=0.0252235489901108; D-_avgLFQ=29.3744611740112; D+_avgLFQ=29.5738320350647; L-_avgLFQ=29.3895244598389; L+_avgLFQ=29.8114151954651; D-_D+(logFC)=-0.19937086105350232; L-_L+(logFC)=-0.4218907356261994,old_locus_tag,Model-Supported,stress-responsive protein Ycf46,Other / unassigned,Novel/uncertain candidate,354.0,0.25,0.5057471264367817,174,174,False
GF_00015,Sandh_2014_Nostoc_punctiforme,Sandh et al. 2014,Nostoc punctiforme PCC 73102,1,Npun_F0518,WP_012407316.1,SpoVK; Vesicle-fusing ATPase.,Log2 Ratio (Heterocyst/Filaments)=-1.7553222698615054; Variability [%]=7.28798547902832; Peptide Pair Count=3;3,old_locus_tag,Model-Supported,stress-responsive protein Ycf46,Other / unassigned,Novel/uncertain candidate,354.0,0.25,0.5057471264367817,174,174,False
GF_00015,Welkie_2014_Cyanothece_PCC7822,Welkie et al. 2014,Gloeothece verrucosa PCC 7822,1,Cyan7822_5335,WP_013325252.1,ref|YP_003890489.1| AAA ATPase central domain-containing protein [Cyanothece sp. PCC 7822],CT_D0=1.37108122353267; CT_D3=1.402479432; CT_L0=1.21580196960526; CT_L3=1.13023290241561,old_locus_tag,Model-Supported,stress-responsive protein Ycf46,Other / unassigned,Novel/uncertain candidate,354.0,0.25,0.5057471264367817,174,174,False
GF_00017,Held_2022_Trichodesmium_IMS101,Held et al. 2022,Trichodesmium erythraeum IMS101,1,Tery_1046,WP_011610804.1,Tery_1046 glr4290 protein of unknown function DUF1257 [Trichodesmium erythraeum IMS101: NC_008312],mean_relative_abundance=5.786; max=9.763@0h; min=1.801@9h; dynamic_range=7.962,old_locus_tag,Model-Supported,DUF1257 domain-containing protein,Stress / membrane / uncharacterized,Novel/uncertain candidate,266.0,0.2814992025518341,0.4014869888475836,269,269,False
GF_00017,Panda_2025_Crocosphaera_ATCC51142,Panda et al. 2025,Crocosphaera subtropica ATCC 51142,1,cce_3627,WP_009545214.1,DUF1257-containing protein,Two-way ANOVA p value nitrate=0.0633229114019752; Two-way ANOVA p value lightordark=0.374147904687031; Two-way ANOVA p value Interaction=0.0174397969313634; D-_avgLFQ=27.073392868042; D+_avgLFQ=27.4227619171143; L-_avgLFQ=27.976019859314; L+_avgLFQ=25.6104779243469; D-_D+(logFC)=-0.34936904907230115; L-_L+(logFC)=2.3655419349671014,old_locus_tag,Model-Supported,DUF1257 domain-containing protein,Stress / membrane / uncharacterized,Novel/uncertain candidate,266.0,0.2814992025518341,0.4014869888475836,269,269,False
GF_00017,Welkie_2014_Cyanothece_PCC7822,Welkie et al. 2014,Gloeothece verrucosa PCC 7822,1,Cyan7822_5334,WP_013325251.1,ref|YP_003890488.1| hypothetical protein Cyan7822_5334 [Cyanothece sp. PCC 7822],CT_D0=1.26381524453267; CT_D3=1.07659474; CT_L0=0.878661089605263; CT_L3=1.90052445241561,old_locus_tag,Model-Supported,DUF1257 domain-containing protein,Stress / membrane / uncharacterized,Novel/uncertain candidate,266.0,0.2814992025518341,0.4014869888475836,269,269,False
GF_00018,Sandh_2014_Nostoc_punctiforme,Sandh et al. 2014,Nostoc punctiforme PCC 73102,2,Npun_F4396,WP_012410730.1,TktA; Transketolase.,Log2 Ratio (Heterocyst/Filaments)=-2.356228413146334; Variability [%]=19.9370590734602; Peptide Pair Count=7;2 | Log2 Ratio (Heterocyst/Filaments)=-2.356228413146334; Variability [%]=19.9370590734602; Peptide Pair Count=7;2,old_locus_tag,Model-Supported,transketolase C-terminal domain-containing protein,Other / unassigned,Novel/uncertain candidate,29.0,0.7280701754385965,0.5441176470588235,68,68,False
GF_00036,Sandh_2014_Nostoc_punctiforme,Sandh et al. 2014,Nostoc punctiforme PCC 73102,1,Npun_F6393,WP_012412604.1,infC; Initiation factor 3,Log2 Ratio (Heterocyst/Filaments)=0.2651963097626159; Variability [%]=12.3190723827474; Peptide Pair Count=2;3,old_locus_tag,Model-Supported,translation initiation factor IF-3,Other / unassigned,Novel/uncertain candidate,89.0,0.4362041467304625,0.7659574468085106,94,94,False
GF_00043,Held_2022_Trichodesmium_IMS101,Held et al. 2022,Trichodesmium erythraeum IMS101,1,Tery_5078,WP_011614274.1,"Tery_5078 Transketolase, central region [Trichodesmium erythraeum IMS101: NC_008312]",mean_relative_abundance=51.65; max=71.55@12h; min=43.74@11h; dynamic_range=27.81,old_locus_tag,Model-Supported,alpha-ketoacid dehydrogenase subunit beta,Other / unassigned,FOX-consistent support function (plausible rediscovery),127.0,0.6427432216905902,0.4192307692307692,260,260,False
GF_00043,Panda_2025_Crocosphaera_ATCC51142,Panda et al. 2025,Crocosphaera subtropica ATCC 51142,1,cce_4647,WP_009543307.1,Pyruvate dehydrogenase E1 component subunit beta,Two-way ANOVA p value nitrate=0.0362520258066007; Two-way ANOVA p value lightordark=0.340687024335865; Two-way ANOVA p value Interaction=0.712397007778859; D-_avgLFQ=27.8388347625732; D+_avgLFQ=28.2153902053833; L-_avgLFQ=28.0274529457092; L+_avgLFQ=28.300039768219; D-_D+(logFC)=-0.3765554428101012; L-_L+(logFC)=-0.27258682250980115,old_locus_tag,Model-Supported,alpha-ketoacid dehydrogenase subunit beta,Other / unassigned,FOX-consistent support function (plausible rediscovery),127.0,0.6427432216905902,0.4192307692307692,260,260,False
GF_00043,Sandh_2014_Nostoc_punctiforme,Sandh et al. 2014,Nostoc punctiforme PCC 73102,2,Npun_F3849,WP_012410204.1,AcoB; Pyruvate dehydrogenase (lipoamide),Log2 Ratio (Heterocyst/Filaments)=0.025988419139807033; Variability [%]=14.1427130645186; Peptide Pair Count=4;5 | 24h Log2 Ratio (Het/Fil) (Present study)=0.025988419139807033; Variability [%]=14.1427130645186; Peptide Pair Count=4;5; Steady state Log2 ratio [7]=1.0526824681706837,old_locus_tag,Model-Supported,alpha-ketoacid dehydrogenase subunit beta,Other / unassigned,FOX-consistent support function (plausible rediscovery),127.0,0.6427432216905902,0.4192307692307692,260,260,False
GF_00043,Welkie_2014_Cyanothece_PCC7822,Welkie et al. 2014,Gloeothece verrucosa PCC 7822,1,Cyan7822_2730,WP_013322802.1,ref|YP_003887972.1| transketolase central region [Cyanothece sp. PCC 7822],CT_D0=1.28965469253267; CT_D3=1.135732432; CT_L0=1.27921038560526; CT_L3=1.41499801741561,old_locus_tag,Model-Supported,alpha-ketoacid dehydrogenase subunit beta,Other / unassigned,FOX-consistent support function (plausible rediscovery),127.0,0.6427432216905902,0.4192307692307692,260,260,False
GF_00044,Panda_2025_Crocosphaera_ATCC51142,Panda et al. 2025,Crocosphaera subtropica ATCC 51142,1,cce_3344,WP_009545483.1,Putative CAB/ELIP/HLIP family protein,Two-way ANOVA p value nitrate=1.10324396432592e-09; Two-way ANOVA p value lightordark=0.0807160824480691; Two-way ANOVA p value Interaction=0.960385286308768; D-_avgLFQ=28.0274181365967; D+_avgLFQ=22.5631213188171; L-_avgLFQ=27.390148639679; L+_avgLFQ=21.9588675498962; D-_D+(logFC)=5.464296817779601; L-_L+(logFC)=5.4312810897828,old_locus_tag,Model-Supported,chlorophyll a/b-binding protein,Other / unassigned,Novel/uncertain candidate,56.0,0.7711323763955343,0.3636363636363636,44,44,False
GF_00045,Panda_2025_Crocosphaera_ATCC51142,Panda et al. 2025,Crocosphaera subtropica ATCC 51142,1,cce_0860,WP_008275802.1,Photosystem II reaction center protein H,Two-way ANOVA p value nitrate=0.337367302916423; Two-way ANOVA p value lightordark=0.843700901119305; Two-way ANOVA p value Interaction=0.21430213286677; D-_avgLFQ=30.8654360771179; D+_avgLFQ=30.8132357597351; L-_avgLFQ=30.6797323226929; L+_avgLFQ=31.0663661956787; D-_D+(logFC)=0.05220031738279829; L-_L+(logFC)=-0.38663387298580076,old_locus_tag,,,,,,,,,,
GF_00047,Held_2022_Trichodesmium_IMS101,Held et al. 2022,Trichodesmium erythraeum IMS101,1,Tery_0398,WP_011610260.1,Tery_0398 UDP-sulfoquinovose synthase (EC 3.13.1.1) [Trichodesmium erythraeum IMS101: NC_008312],mean_relative_abundance=42.66; max=59.55@0h; min=30.8@6h; dynamic_range=28.76,old_locus_tag,Model-Supported,NAD-dependent epimerase/dehydratase family protein,Other / unassigned,Novel/uncertain candidate,130.0,0.6056618819776715,0.462882096069869,229,229,False
GF_00047,Panda_2025_Crocosphaera_ATCC51142,Panda et al. 2025,Crocosphaera subtropica ATCC 51142,1,cce_4571,WP_009543375.1,Sulfolipid biosynthesis protein,Two-way ANOVA p value nitrate=0.00128657086258911; Two-way ANOVA p value lightordark=0.140926564387795; Two-way ANOVA p value Interaction=0.184181343897567; D-_avgLFQ=27.0235857963562; D+_avgLFQ=28.1356639862061; L-_avgLFQ=27.6180820465088; L+_avgLFQ=28.1689648628235; D-_D+(logFC)=-1.1120781898498997; L-_L+(logFC)=-0.5508828163147008,old_locus_tag,Model-Supported,NAD-dependent epimerase/dehydratase family protein,Other / unassigned,Novel/uncertain candidate,130.0,0.6056618819776715,0.462882096069869,229,229,False
GF_00047,Sandh_2014_Nostoc_punctiforme,Sandh et al. 2014,Nostoc punctiforme PCC 73102,2,Npun_F2923,WP_012409445.1,WcaG; UDP-glucose 4-epimerase.,Log2 Ratio (Heterocyst/Filaments)=-2.528852764863061; Variability [%]=43.2309597087783; Peptide Pair Count=4;3 | Log2 Ratio (Heterocyst/Filaments)=-2.528852764863061; Variability [%]=43.2309597087783; Peptide Pair Count=4;3,old_locus_tag,Model-Supported,NAD-dependent epimerase/dehydratase family protein,Other / unassigned,Novel/uncertain candidate,130.0,0.6056618819776715,0.462882096069869,229,229,False
GF_00047,Welkie_2014_Cyanothece_PCC7822,Welkie et al. 2014,Gloeothece verrucosa PCC 7822,1,Cyan7822_3819,WP_013323819.1,ref|YP_003889026.1| NAD-dependent epimerase/dehydratase [Cyanothece sp. PCC 7822],CT_D0=1.34397458853267; CT_D3=1.25606785; CT_L0=1.22874102660526; CT_L3=1.29081206241561,old_locus_tag,Model-Supported,NAD-dependent epimerase/dehydratase family protein,Other / unassigned,Novel/uncertain candidate,130.0,0.6056618819776715,0.462882096069869,229,229,False
GF_00048,Held_2022_Trichodesmium_IMS101,Held et al. 2022,Trichodesmium erythraeum IMS101,1,Tery_1167,WP_011610914.1,Tery_1167 anti-sigma-factor antagonist [Trichodesmium erythraeum IMS101: NC_008312],mean_relative_abundance=9.567; max=17.7@11h; min=3.715@20h; dynamic_range=13.99,old_locus_tag,Model-Supported,anti-sigma factor antagonist,Regulation,Novel/uncertain candidate,112.0,0.6570972886762361,0.7272727272727273,99,99,False
GF_00049,Held_2022_Trichodesmium_IMS101,Held et al. 2022,Trichodesmium erythraeum IMS101,1,Tery_1778,WP_011611412.1,Tery_1778 Cytochrome-c oxidase [Trichodesmium erythraeum IMS101: NC_008312],mean_relative_abundance=2.83; max=6.043@15h; min=0@1h; dynamic_range=6.043,old_locus_tag,Model-Supported,cytochrome c oxidase subunit I,Respiration & bioenergetics,FOX-consistent support function (plausible rediscovery),192.0,0.5171451355661882,0.6041666666666666,96,96,False
GF_00051,Held_2022_Trichodesmium_IMS101,Held et al. 2022,Trichodesmium erythraeum IMS101,1,Tery_4348,WP_011613666.1,Tery_4348 L-threonine synthase (EC 4.2.3.1) [Trichodesmium erythraeum IMS101: NC_008312],mean_relative_abundance=22.31; max=37.97@12h; min=12.12@18h; dynamic_range=25.84,old_locus_tag,Model-Supported,threonine synthase,Other / unassigned,Novel/uncertain candidate,164.0,0.3323365231259968,0.4090909090909091,264,264,False
GF_00051,Panda_2025_Crocosphaera_ATCC51142,Panda et al. 2025,Crocosphaera subtropica ATCC 51142,1,cce_2446,WP_009544859.1,Threonine synthase,Two-way ANOVA p value nitrate=6.40985940276849e-05; Two-way ANOVA p value lightordark=0.233416875061419; Two-way ANOVA p value Interaction=0.0137669024113595; D-_avgLFQ=26.7274026870728; D+_avgLFQ=24.2491130828857; L-_avgLFQ=26.272262096405; L+_avgLFQ=25.4060640335083; D-_D+(logFC)=2.4782896041871005; L-_L+(logFC)=0.8661980628967001,old_locus_tag,Model-Supported,threonine synthase,Other / unassigned,Novel/uncertain candidate,164.0,0.3323365231259968,0.4090909090909091,264,264,False
GF_00051,Sandh_2014_Nostoc_punctiforme,Sandh et al. 2014,Nostoc punctiforme PCC 73102,2,Npun_R0769,WP_012407541.1,thrC; Threonine synthase,Log2 Ratio (Heterocyst/Filaments)=-3.2837898169782913; Variability [%]=10.119278935337; Peptide Pair Count=1;2 | 24h Log2 Ratio (Het/Fil) (Present study)=-3.2837898169782913; Variability [%]=10.119278935337; Peptide Pair Count=1;2; Steady state Log2 ratio [7]=-1.8787618216113542,old_locus_tag,Model-Supported,threonine synthase,Other / unassigned,Novel/uncertain candidate,164.0,0.3323365231259968,0.4090909090909091,264,264,False
GF_00051,Welkie_2014_Cyanothece_PCC7822,Welkie et al. 2014,Gloeothece verrucosa PCC 7822,1,Cyan7822_1715,WP_013321810.1,ref|YP_003886978.1| threonine synthase [Cyanothece sp. PCC 7822],CT_D0=1.04427946753267; CT_D3=0.67492202; CT_L0=0.905745842605263; CT_L3=2.49464819641561,old_locus_tag,Model-Supported,threonine synthase,Other / unassigned,Novel/uncertain candidate,164.0,0.3323365231259968,0.4090909090909091,264,264,False
GF_00052,Held_2022_Trichodesmium_IMS101,Held et al. 2022,Trichodesmium erythraeum IMS101,1,Tery_4693,WP_011613974.1,Tery_4693 trpS tryptophanyl-tRNA synthetase (EC 6.1.1.2) [Trichodesmium erythraeum IMS101: NC_008312],mean_relative_abundance=9.588; max=16.6@0h; min=6.637@1h; dynamic_range=9.96,old_locus_tag,,,,,,,,,,
GF_00071,Panda_2025_Crocosphaera_ATCC51142,Panda et al. 2025,Crocosphaera subtropica ATCC 51142,1,cce_2433,WP_008272520.1,Carboxysome shell protein CcmK,Two-way ANOVA p value nitrate=2.80910617719626e-06; Two-way ANOVA p value lightordark=0.748578217194154; Two-way ANOVA p value Interaction=0.693915269291125; D-_avgLFQ=27.6817274093628; D+_avgLFQ=27.2465491294861; L-_avgLFQ=27.6859078407288; L+_avgLFQ=27.2058973312378; D-_D+(logFC)=0.4351782798766983; L-_L+(logFC)=0.48001050949099877,old_locus_tag,,,,,,,,,,
GF_00071,Welkie_2014_Cyanothece_PCC7822,Welkie et al. 2014,Gloeothece verrucosa PCC 7822,1,Cyan7822_1473,WP_013321576.1,ref|YP_003886744.1| microcompartments protein [Cyanothece sp. PCC 7822],CT_D0=1.17107622853267; CT_D3=1.104847257; CT_L0=1.39690532760526; CT_L3=1.44676671441561,old_locus_tag,,,,,,,,,,
GF_00072,Held_2022_Trichodesmium_IMS101,Held et al. 2022,Trichodesmium erythraeum IMS101,1,Tery_0013,WP_011609942.1,Tery_0013 arsenite efflux ATP-binding protein ArsA (TC 3.A.4.1.1) [Trichodesmium erythraeum IMS101: NC_008312],mean_relative_abundance=18.06; max=25.07@20h; min=11.8@23h; dynamic_range=13.27,old_locus_tag,Model-Supported,TRC40/GET3/ArsA family transport-energizing ATPase,Transport,Novel/uncertain candidate,248.0,0.2635566188197767,0.41796875,256,256,False
GF_00072,Panda_2025_Crocosphaera_ATCC51142,Panda et al. 2025,Crocosphaera subtropica ATCC 51142,1,cce_4475,WP_009543471.1,Putative arsenical pump-driving ATPase,Two-way ANOVA p value nitrate=0.0340582595949047; Two-way ANOVA p value lightordark=0.127577126416067; Two-way ANOVA p value Interaction=0.551255831126292; D-_avgLFQ=25.286657333374; D+_avgLFQ=24.0588970184326; L-_avgLFQ=25.7050714492798; L+_avgLFQ=24.9784107208252; D-_D+(logFC)=1.2277603149413991; L-_L+(logFC)=0.7266607284546005,old_locus_tag,Model-Supported,TRC40/GET3/ArsA family transport-energizing ATPase,Transport,Novel/uncertain candidate,248.0,0.2635566188197767,0.41796875,256,256,False
GF_00073,Panda_2025_Crocosphaera_ATCC51142,Panda et al. 2025,Crocosphaera subtropica ATCC 51142,1,cce_4152,WP_009543769.1,Aspartate--tRNA(Asp/Asn) ligase,Two-way ANOVA p value nitrate=0.0543796934673722; Two-way ANOVA p value lightordark=0.123064508105069; Two-way ANOVA p value Interaction=0.634357735554916; D-_avgLFQ=27.0332436561584; D+_avgLFQ=26.8854670524597; L-_avgLFQ=26.9279980659485; L+_avgLFQ=26.6924843788147; D-_D+(logFC)=0.14777660369870205; L-_L+(logFC)=0.23551368713379972,old_locus_tag,,,,,,,,,,
GF_00074,Panda_2025_Crocosphaera_ATCC51142,Panda et al. 2025,Crocosphaera subtropica ATCC 51142,1,cce_4118,WP_009543802.1,3-oxoacyl-[acyl-carrier-protein] synthase 2,Two-way ANOVA p value nitrate=0.00245716877687673; Two-way ANOVA p value lightordark=0.507481872045355; Two-way ANOVA p value Interaction=0.798885793301697; D-_avgLFQ=25.5361886024475; D+_avgLFQ=24.4722962379456; L-_avgLFQ=25.6464910507202; L+_avgLFQ=24.7185750007629; D-_D+(logFC)=1.0638923645018998; L-_L+(logFC)=0.9279160499573003,old_locus_tag,,,,,,,,,,
GF_00076,Panda_2025_Crocosphaera_ATCC51142,Panda et al. 2025,Crocosphaera subtropica ATCC 51142,1,cce_2696,WP_009544615.1,3-hydroxyacyl-[acyl-carrier-protein] dehydratase FabZ,Two-way ANOVA p value nitrate=0.0484910279864098; Two-way ANOVA p value lightordark=0.781853285416652; Two-way ANOVA p value Interaction=0.962849560887779; D-_avgLFQ=25.5028290748596; D+_avgLFQ=25.3348832130432; L-_avgLFQ=25.4780688285828; L+_avgLFQ=25.3172435760498; D-_D+(logFC)=0.1679458618164027; L-_L+(logFC)=0.16082525253299806,old_locus_tag,,,,,,,,,,
GF_00076,Welkie_2014_Cyanothece_PCC7822,Welkie et al. 2014,Gloeothece verrucosa PCC 7822,1,Cyan7822_4264,WP_013324245.1,ref|YP_003889457.1| beta-hydroxyacyl-(acyl-carrier-protein) dehydratase FabZ [Cyanothece sp. PCC 7822],CT_D0=1.18976054653267; CT_D3=0.941073985; CT_L0=1.40033328460526; CT_L3=1.58842771041561,old_locus_tag,,,,,,,,,,
GF_00077,Panda_2025_Crocosphaera_ATCC51142,Panda et al. 2025,Crocosphaera subtropica ATCC 51142,1,cce_2295,WP_009545005.1,NADH dehydrogenase subunit 5,Two-way ANOVA p value nitrate=0.0106010403611395; Two-way ANOVA p value lightordark=0.0609854181524187; Two-way ANOVA p value Interaction=0.170297811717444; D-_avgLFQ=26.1200480461121; D+_avgLFQ=26.3383407592773; L-_avgLFQ=25.6280174255371; L+_avgLFQ=26.253436088562; D-_D+(logFC)=-0.2182927131652015; L-_L+(logFC)=-0.6254186630249023,old_locus_tag,,,,,,,,,,
GF_00077,Welkie_2014_Cyanothece_PCC7822,Welkie et al. 2014,Gloeothece verrucosa PCC 7822,1,Cyan7822_5584,WP_013325492.1,ref|YP_003890730.1| proton-translocating NADH-quinone oxidoreductase subunit L [Cyanothece sp. PCC 7822],CT_D0=1.18799242953267; CT_D3=1.360002223; CT_L0=1.48132746560526; CT_L3=1.09027340941561,old_locus_tag,,,,,,,,,,
GF_00078,Panda_2025_Crocosphaera_ATCC51142,Panda et al. 2025,Crocosphaera subtropica ATCC 51142,1,cce_3330,WP_009545495.1,Chaperonin GroEL,Two-way ANOVA p value nitrate=1.35019316101516e-07; Two-way ANOVA p value lightordark=0.412077148122885; Two-way ANOVA p value Interaction=0.429277116405131; D-_avgLFQ=30.5813140869141; D+_avgLFQ=28.0125389099121; L-_avgLFQ=30.2168369293213; L+_avgLFQ=28.0056018829346; D-_D+(logFC)=2.568775177002003; L-_L+(logFC)=2.211235046386701,old_locus_tag,,,,,,,,,,
GF_00078,Welkie_2014_Cyanothece_PCC7822,Welkie et al. 2014,Gloeothece verrucosa PCC 7822,1,Cyan7822_4672,WP_013324620.1,ref|YP_003889853.1| chaperonin GroEL [Cyanothece sp. PCC 7822],CT_D0=1.24719980553267; CT_D3=1.320383117; CT_L0=1.26875176660526; CT_L3=1.28326083841561,old_locus_tag,,,,,,,,,,
GF_00079,Held_2022_Trichodesmium_IMS101,Held et al. 2022,Trichodesmium erythraeum IMS101,1,Tery_1246,WP_011610972.1,Tery_1246 Endopeptidase Clp [Trichodesmium erythraeum IMS101: NC_008312],mean_relative_abundance=17.34; max=27.03@22h; min=7.984@6h; dynamic_range=19.04,old_locus_tag,Model-Supported,ATP-dependent Clp protease proteolytic subunit,Other / unassigned,Novel/uncertain candidate,118.0,0.7196969696969697,0.2738095238095238,84,84,False
GF_00079,Panda_2025_Crocosphaera_ATCC51142,Panda et al. 2025,Crocosphaera subtropica ATCC 51142,1,cce_1910,WP_009545719.1,ATP-dependent Clp protease proteolytic subunit,Two-way ANOVA p value nitrate=5.03467456314352e-05; Two-way ANOVA p value lightordark=0.0823042645108859; Two-way ANOVA p value Interaction=0.102897854745717; D-_avgLFQ=27.9036021232605; D+_avgLFQ=27.1271176338196; L-_avgLFQ=27.5439014434814; L+_avgLFQ=27.1142997741699; D-_D+(logFC)=0.7764844894409002; L-_L+(logFC)=0.42960166931149857,old_locus_tag,Model-Supported,ATP-dependent Clp protease proteolytic subunit,Other / unassigned,Novel/uncertain candidate,118.0,0.7196969696969697,0.2738095238095238,84,84,False
GF_00079,Welkie_2014_Cyanothece_PCC7822,Welkie et al. 2014,Gloeothece verrucosa PCC 7822,1,Cyan7822_2639,WP_013322712.1,ref|YP_003887882.1| Endopeptidase Clp [Cyanothece sp. PCC 7822],CT_D0=1.17584334453267; CT_D3=1.26251844; CT_L0=1.26075084760526; CT_L3=1.42048289541561,old_locus_tag,Model-Supported,ATP-dependent Clp protease proteolytic subunit,Other / unassigned,Novel/uncertain candidate,118.0,0.7196969696969697,0.2738095238095238,84,84,False
GF_00081,Held_2022_Trichodesmium_IMS101,Held et al. 2022,Trichodesmium erythraeum IMS101,1,Tery_1143,WP_011610891.1,Tery_1143 Nucleotidyl transferase [Trichodesmium erythraeum IMS101: NC_008312],mean_relative_abundance=7.601; max=12.55@6h; min=0@12h; dynamic_range=12.55,old_locus_tag,Model-Supported,sugar phosphate nucleotidyltransferase,Other / unassigned,Novel/uncertain candidate,54.0,0.5944976076555024,0.4968944099378882,161,161,False
GF_00081,Panda_2025_Crocosphaera_ATCC51142,Panda et al. 2025,Crocosphaera subtropica ATCC 51142,1,cce_0336,WP_009546827.1,UTP--glucose-1-phosphate uridylyltransferase,Two-way ANOVA p value nitrate=0.0214549435098006; Two-way ANOVA p value lightordark=0.0538199366866123; Two-way ANOVA p value Interaction=0.437388205233358; D-_avgLFQ=27.8674912452698; D+_avgLFQ=28.0802893638611; L-_avgLFQ=28.049084186554; L+_avgLFQ=28.1626734733582; D-_D+(logFC)=-0.2127981185913015; L-_L+(logFC)=-0.11358928680419922,old_locus_tag,Model-Supported,sugar phosphate nucleotidyltransferase,Other / unassigned,Novel/uncertain candidate,54.0,0.5944976076555024,0.4968944099378882,161,161,False
GF_00081,Welkie_2014_Cyanothece_PCC7822,Welkie et al. 2014,Gloeothece verrucosa PCC 7822,1,Cyan7822_4338,WP_013324318.1,ref|YP_003889530.1| Nucleotidyl transferase [Cyanothece sp. PCC 7822],CT_D0=1.14834156153267; CT_D3=1.245253665; CT_L0=1.42884046360526; CT_L3=1.29715983741561,old_locus_tag,Model-Supported,sugar phosphate nucleotidyltransferase,Other / unassigned,Novel/uncertain candidate,54.0,0.5944976076555024,0.4968944099378882,161,161,False
GF_00082,Panda_2025_Crocosphaera_ATCC51142,Panda et al. 2025,Crocosphaera subtropica ATCC 51142,1,cce_2122,WP_009546875.1,Elongation factor P,Two-way ANOVA p value nitrate=1.09226721893427e-07; Two-way ANOVA p value lightordark=0.480267653565527; Two-way ANOVA p value Interaction=0.976628283606779; D-_avgLFQ=29.0661487579346; D+_avgLFQ=27.2557415962219; L-_avgLFQ=28.9433245658875; L+_avgLFQ=27.1426057815552; D-_D+(logFC)=1.8104071617126998; L-_L+(logFC)=1.8007187843323003,old_locus_tag,Model-Supported,elongation factor P,Other / unassigned,Novel/uncertain candidate,30.0,0.8568580542264752,0.28,50,50,False
GF_00082,Welkie_2014_Cyanothece_PCC7822,Welkie et al. 2014,Gloeothece verrucosa PCC 7822,1,Cyan7822_4017,WP_013324010.1,ref|YP_003889217.1| translation elongation factor P [Cyanothece sp. PCC 7822],CT_D0=1.07447495753267; CT_D3=0.899534195; CT_L0=1.60540843360526; CT_L3=1.54017794041561,old_locus_tag,Model-Supported,elongation factor P,Other / unassigned,Novel/uncertain candidate,30.0,0.8568580542264752,0.28,50,50,False
GF_00084,Panda_2025_Crocosphaera_ATCC51142,Panda et al. 2025,Crocosphaera subtropica ATCC 51142,1,cce_3280,WP_009548018.1,Aconitate hydratase B,Two-way ANOVA p value nitrate=3.74556348713129e-05; Two-way ANOVA p value lightordark=0.00654216486252964; Two-way ANOVA p value Interaction=0.485767680069104; D-_avgLFQ=28.3958787918091; D+_avgLFQ=29.7008872032166; L-_avgLFQ=27.4658417701721; L+_avgLFQ=29.1051106452942; D-_D+(logFC)=-1.3050084114074991; L-_L+(logFC)=-1.6392688751220987,old_locus_tag,,,,,,,,,,
GF_00084,Welkie_2014_Cyanothece_PCC7822,Welkie et al. 2014,Gloeothece verrucosa PCC 7822,1,Cyan7822_0752,WP_013320889.1,ref|YP_003886054.1| aconitate hydratase 2 [Cyanothece sp. PCC 7822],CT_D0=1.20945816753267; CT_D3=1.034745681; CT_L0=1.33030029760526; CT_L3=1.54509138141561,old_locus_tag,,,,,,,,,,
GF_00085,Panda_2025_Crocosphaera_ATCC51142,Panda et al. 2025,Crocosphaera subtropica ATCC 51142,1,cce_3816,WP_024750131.1,Adenylosuccinate lyase,Two-way ANOVA p value nitrate=8.22004650349254e-10; Two-way ANOVA p value lightordark=0.189190780196021; Two-way ANOVA p value Interaction=0.155019062846054; D-_avgLFQ=28.0175890922546; D+_avgLFQ=25.1899924278259; L-_avgLFQ=27.5773272514343; L+_avgLFQ=25.208996295929; D-_D+(logFC)=2.8275966644287003; L-_L+(logFC)=2.3683309555053,old_locus_tag,Model-Supported,adenylosuccinate lyase,Other / unassigned,Novel/uncertain candidate,77.0,0.6319776714513556,0.3086419753086419,81,81,False
GF_00085,Welkie_2014_Cyanothece_PCC7822,Welkie et al. 2014,Gloeothece verrucosa PCC 7822,1,Cyan7822_5025,WP_013324952.1,ref|YP_003890189.1| adenylosuccinate lyase [Cyanothece sp. PCC 7822],CT_D0=1.13392436453267; CT_D3=0.934635943; CT_L0=1.44094329260526; CT_L3=1.61009192741561,old_locus_tag,Model-Supported,adenylosuccinate lyase,Other / unassigned,Novel/uncertain candidate,77.0,0.6319776714513556,0.3086419753086419,81,81,False
GF_00086,Sandh_2014_Nostoc_punctiforme,Sandh et al. 2014,Nostoc punctiforme PCC 73102,2,Npun_F6608,WP_012412799.1,CumB; Cytosine deaminase.,Log2 Ratio (Heterocyst/Filaments)=-2.908853566355469; Variability [%]=25.1558435539609; Peptide Pair Count=3;2 | Log2 Ratio (Heterocyst/Filaments)=-2.908853566355469; Variability [%]=25.1558435539609; Peptide Pair Count=3;2,old_locus_tag,Highly Pure,nucleoside deaminase,Other / unassigned,Novel/uncertain candidate,,,0.9545454545454546,66,66,False
GF_00086,Welkie_2014_Cyanothece_PCC7822,Welkie et al. 2014,Gloeothece verrucosa PCC 7822,1,Cyan7822_4930,WP_013324859.1,ref|YP_003890096.1| CMP/dCMP deaminase zinc-binding protein [Cyanothece sp. PCC 7822],CT_D0=1.22946191653267; CT_D3=1.288124048; CT_L0=1.50298700360526; CT_L3=1.09902255941561,old_locus_tag,Highly Pure,nucleoside deaminase,Other / unassigned,Novel/uncertain candidate,,,0.9545454545454546,66,66,False
GF_00087,Held_2022_Trichodesmium_IMS101,Held et al. 2022,Trichodesmium erythraeum IMS101,1,Tery_2989,WP_011612500.1,Tery_2989 rpsK SSU ribosomal protein S11P [Trichodesmium erythraeum IMS101: NC_008312],mean_relative_abundance=53.3; max=63.41@22h; min=44.71@14h; dynamic_range=18.7,old_locus_tag,Model-Supported,30S ribosomal protein S11,Housekeeping / lineage marker,Housekeeping marker (not a transplant candidate),562.0,0.0474481658692185,0.2635294117647059,425,425,False
GF_00087,Welkie_2014_Cyanothece_PCC7822,Welkie et al. 2014,Gloeothece verrucosa PCC 7822,1,Cyan7822_5041,WP_013324966.1,ref|YP_003890203.1| 30S ribosomal protein S11 [Cyanothece sp. PCC 7822],CT_D0=1.29418028553267; CT_D3=1.231727495; CT_L0=1.28399810360526; CT_L3=1.30968964241561,old_locus_tag,Model-Supported,30S ribosomal protein S11,Housekeeping / lineage marker,Housekeeping marker (not a transplant candidate),562.0,0.0474481658692185,0.2635294117647059,425,425,False
GF_00088,Held_2022_Trichodesmium_IMS101,Held et al. 2022,Trichodesmium erythraeum IMS101,1,Tery_1576,WP_044137249.1,Tery_1576 ndhE NADH dehydrogenase subunit K (EC 1.6.5.3) [Trichodesmium erythraeum IMS101: NC_008312],mean_relative_abundance=1.728; max=6.061@18h; min=0@0h; dynamic_range=6.061,old_locus_tag,Model-Supported,NADH-quinone oxidoreductase subunit NuoK,Other / unassigned,Novel/uncertain candidate,508.0,0.1164274322169059,0.4059040590405904,271,271,False
GF_00088,Panda_2025_Crocosphaera_ATCC51142,Panda et al. 2025,Crocosphaera subtropica ATCC 51142,1,cce_2221,WP_198019428.1,NAD(P)H-quinone oxidoreductase subunit 4L,Two-way ANOVA p value nitrate=0.591679089920668; Two-way ANOVA p value lightordark=0.643896873616072; Two-way ANOVA p value Interaction=0.214780343675163; D-_avgLFQ=22.2919268608093; D+_avgLFQ=22.9567022323608; L-_avgLFQ=22.929217338562; L+_avgLFQ=22.6581811904907; D-_D+(logFC)=-0.6647753715514995; L-_L+(logFC)=0.2710361480712997,old_locus_tag,Model-Supported,NADH-quinone oxidoreductase subunit NuoK,Other / unassigned,Novel/uncertain candidate,508.0,0.1164274322169059,0.4059040590405904,271,271,False
GF_00093,Held_2022_Trichodesmium_IMS101,Held et al. 2022,Trichodesmium erythraeum IMS101,1,Tery_2023,WP_063823337.1,"Tery_2023 transcriptional regulator, Crp/Fnr family [Trichodesmium erythraeum IMS101: NC_008312]",mean_relative_abundance=21.01; max=25.99@22h; min=15.62@0h; dynamic_range=10.37,old_locus_tag,Model-Supported,global nitrogen regulator NtcA,Regulation,Novel/uncertain candidate,280.0,0.2994417862838915,0.4393305439330544,239,239,False
GF_00093,Panda_2025_Crocosphaera_ATCC51142,Panda et al. 2025,Crocosphaera subtropica ATCC 51142,1,cce_0461,WP_008277872.1,Nitrogen-responsive regulatory protein,Two-way ANOVA p value nitrate=0.0153580086451976; Two-way ANOVA p value lightordark=0.150003557433958; Two-way ANOVA p value Interaction=0.349968084544238; D-_avgLFQ=25.6585564613342; D+_avgLFQ=25.8724145889282; L-_avgLFQ=25.3685021400452; L+_avgLFQ=25.807092666626; D-_D+(logFC)=-0.21385812759400125; L-_L+(logFC)=-0.4385905265807999,old_locus_tag,Model-Supported,global nitrogen regulator NtcA,Regulation,Novel/uncertain candidate,280.0,0.2994417862838915,0.4393305439330544,239,239,False
GF_00093,Sandh_2014_Nostoc_punctiforme,Sandh et al. 2014,Nostoc punctiforme PCC 73102,2,Npun_F5511,WP_010998529.1,"NtcA; Cyclic nucleotide-binding domain:Ba, NtcA",Log2 Ratio (Heterocyst/Filaments)=3.0865273659415116; Variability [%]=36.6013823646367; Peptide Pair Count=1;1 | 24h Log2 Ratio (Het/Fil) (Present study)=3.08652736594151; Variability [%]=36.6013823646367; Peptide Pair Count=1;1; Steady state Log2 ratio [7]=0.607988037126927,old_locus_tag,Model-Supported,global nitrogen regulator NtcA,Regulation,Novel/uncertain candidate,280.0,0.2994417862838915,0.4393305439330544,239,239,False
GF_00093,Welkie_2014_Cyanothece_PCC7822,Welkie et al. 2014,Gloeothece verrucosa PCC 7822,1,Cyan7822_4385,WP_013324362.1,ref|YP_003889574.1| Crp/Fnr family transcriptional regulator [Cyanothece sp. PCC 7822],CT_D0=1.29571502853267; CT_D3=1.281232983; CT_L0=1.23279397860526; CT_L3=1.30985353841561,old_locus_tag,Model-Supported,global nitrogen regulator NtcA,Regulation,Novel/uncertain candidate,280.0,0.2994417862838915,0.4393305439330544,239,239,False
GF_00094,Held_2022_Trichodesmium_IMS101,Held et al. 2022,Trichodesmium erythraeum IMS101,1,Tery_0948,WP_011610727.1,"Tery_0948 sedoheptulose 1,7-bisphosphatase (EC 3.1.3.37)/D-fructose 1,6-bisphosphatase (EC 3.1.3.11) [Trichodesmium erythraeum IMS101: NC_008312]",mean_relative_abundance=296.5; max=334.1@4h; min=263@22h; dynamic_range=71.14,old_locus_tag,Model-Supported,class II fructose-bisphosphatase,Other / unassigned,Novel/uncertain candidate,133.0,0.5538277511961722,0.4622641509433962,212,212,False
GF_00094,Panda_2025_Crocosphaera_ATCC51142,Panda et al. 2025,Crocosphaera subtropica ATCC 51142,1,cce_3974,WP_009543933.1,"D-fructose 1,6-bisphosphatase class 2/sedoheptulose 1,7-bisphosphatase",Two-way ANOVA p value nitrate=2.28537606578537e-08; Two-way ANOVA p value lightordark=0.89748403127756; Two-way ANOVA p value Interaction=0.0754034455102131; D-_avgLFQ=30.9739651679993; D+_avgLFQ=32.1222553253174; L-_avgLFQ=30.7825145721436; L+_avgLFQ=32.3414716720581; D-_D+(logFC)=-1.1482901573180975; L-_L+(logFC)=-1.5589570999144975,old_locus_tag,Model-Supported,class II fructose-bisphosphatase,Other / unassigned,Novel/uncertain candidate,133.0,0.5538277511961722,0.4622641509433962,212,212,False
GF_00094,Sandh_2014_Nostoc_punctiforme,Sandh et al. 2014,Nostoc punctiforme PCC 73102,1,Npun_F3917,WP_012410269.1,"glpX; GlpX, growth on glycerol",Log2 Ratio (Heterocyst/Filaments)=-5.36317262871658; Variability [%]=56.4681718855774; Peptide Pair Count=2;4,old_locus_tag,Model-Supported,class II fructose-bisphosphatase,Other / unassigned,Novel/uncertain candidate,133.0,0.5538277511961722,0.4622641509433962,212,212,False
GF_00099,Sandh_2014_Nostoc_punctiforme,Sandh et al. 2014,Nostoc punctiforme PCC 73102,2,Npun_F2932,WP_012409454.1,lpxB; Glycosyl transferase; family 19,Log2 Ratio (Heterocyst/Filaments)=0.6777302804012671; Variability [%]=16.728725467841; Peptide Pair Count=1;1 | 24h Log2 Ratio (Het/Fil) (Present study)=0.6777302804012671; Variability [%]=16.728725467841; Peptide Pair Count=1;1; Steady state Log2 ratio [7]=1.57195193977605,old_locus_tag,Highly Pure,lipid-A-disaccharide synthase,Other / unassigned,Novel/uncertain candidate,,,1.0,40,40,False
GF_00102,Sandh_2014_Nostoc_punctiforme,Sandh et al. 2014,Nostoc punctiforme PCC 73102,2,Npun_R5420,WP_012411674.1,"hisS Histidyl-tRNA synthetase, class Iia, P",Log2 Ratio (Heterocyst/Filaments)=0.1892982717106745; Variability [%]=30.4496950259462; Peptide Pair Count=2;1 | Log2 Ratio (Heterocyst/Filaments)=0.1892982717106745; Variability [%]=30.4496950259462; Peptide Pair Count=2;1,old_locus_tag,Highly Pure,histidine--tRNA ligase,Housekeeping / lineage marker,Housekeeping marker (not a transplant candidate),,,0.9782608695652174,46,46,False
GF_00104,Held_2022_Trichodesmium_IMS101,Held et al. 2022,Trichodesmium erythraeum IMS101,1,Tery_4011,WP_011613361.1,Tery_4011 three-step phytoene desaturase (EC 1.3.99.28)/zeta-carotene desaturase (EC 1.3.99.26) [Trichodesmium erythraeum IMS101: NC_008312],mean_relative_abundance=15.88; max=20.71@9h; min=9.955@1h; dynamic_range=10.76,old_locus_tag,Model-Supported,15-cis-phytoene desaturase,Other / unassigned,Novel/uncertain candidate,142.0,0.6008771929824561,0.3486238532110092,109,109,False
GF_00104,Welkie_2014_Cyanothece_PCC7822,Welkie et al. 2014,Gloeothece verrucosa PCC 7822,1,Cyan7822_1223,WP_013321334.1,ref|YP_003886502.1| phytoene desaturase [Cyanothece sp. PCC 7822],CT_D0=1.21648607953267; CT_D3=1.135532376; CT_L0=1.23326993660526; CT_L3=1.53430713541561,old_locus_tag,Model-Supported,15-cis-phytoene desaturase,Other / unassigned,Novel/uncertain candidate,142.0,0.6008771929824561,0.3486238532110092,109,109,False
GF_00105,Panda_2025_Crocosphaera_ATCC51142,Panda et al. 2025,Crocosphaera subtropica ATCC 51142,1,cce_1762,WP_009545577.1,NAD(P)H-quinone oxidoreductase subunit J,Two-way ANOVA p value nitrate=3.88980896434362e-06; Two-way ANOVA p value lightordark=0.000153787385369042; Two-way ANOVA p value Interaction=0.70124275826884; D-_avgLFQ=28.263943195343; D+_avgLFQ=28.7815856933594; L-_avgLFQ=28.6238961219788; L+_avgLFQ=29.0929131507874; D-_D+(logFC)=-0.5176424980164; L-_L+(logFC)=-0.46901702880860086,old_locus_tag,,,,,,,,,,
GF_00107,Panda_2025_Crocosphaera_ATCC51142,Panda et al. 2025,Crocosphaera subtropica ATCC 51142,1,cce_3347,WP_009545480.1,30S ribosomal protein S18,Two-way ANOVA p value nitrate=3.9910894882666e-06; Two-way ANOVA p value lightordark=0.86293365693399; Two-way ANOVA p value Interaction=0.381169481704407; D-_avgLFQ=28.6489481925964; D+_avgLFQ=29.2918691635132; L-_avgLFQ=28.582070350647; L+_avgLFQ=29.3909435272217; D-_D+(logFC)=-0.6429209709168013; L-_L+(logFC)=-0.8088731765746999,old_locus_tag,,,,,,,,,,
GF_00107,Welkie_2014_Cyanothece_PCC7822,Welkie et al. 2014,Gloeothece verrucosa PCC 7822,1,Cyan7822_2229,WP_013322313.1,ref|YP_003887483.1| 30S ribosomal protein S18 [Cyanothece sp. PCC 7822],CT_D0=1.08597739053267; CT_D3=1.142838749; CT_L0=1.42292138760526; CT_L3=1.46785799941561,old_locus_tag,,,,,,,,,,
GF_00108,Panda_2025_Crocosphaera_ATCC51142,Panda et al. 2025,Crocosphaera subtropica ATCC 51142,1,cce_0225,WP_009546722.1,50S ribosomal protein L1,Two-way ANOVA p value nitrate=3.14528466960888e-08; Two-way ANOVA p value lightordark=0.0129857291268415; Two-way ANOVA p value Interaction=0.594045355109226; D-_avgLFQ=29.3308920860291; D+_avgLFQ=30.3004994392395; L-_avgLFQ=29.5233249664307; L+_avgLFQ=30.581983089447; D-_D+(logFC)=-0.9696073532103995; L-_L+(logFC)=-1.0586581230163006,old_locus_tag,,,,,,,,,,
GF_00108,Welkie_2014_Cyanothece_PCC7822,Welkie et al. 2014,Gloeothece verrucosa PCC 7822,1,Cyan7822_2720,WP_013322792.1,ref|YP_003887962.1| 50S ribosomal protein L1 [Cyanothece sp. PCC 7822],CT_D0=1.14456969953267; CT_D3=1.129824118; CT_L0=1.26187725360526; CT_L3=1.58332445541561,old_locus_tag,,,,,,,,,,
GF_00109,Panda_2025_Crocosphaera_ATCC51142,Panda et al. 2025,Crocosphaera subtropica ATCC 51142,1,cce_0920,WP_009546150.1,Phycobiliprotein ApcE,Two-way ANOVA p value nitrate=4.92328342840704e-07; Two-way ANOVA p value lightordark=0.0303718986221171; Two-way ANOVA p value Interaction=0.0922470850266581; D-_avgLFQ=30.8931317329407; D+_avgLFQ=31.8403534889221; L-_avgLFQ=31.2447805404663; L+_avgLFQ=31.8916072845459; D-_D+(logFC)=-0.9472217559814027; L-_L+(logFC)=-0.646826744079597,old_locus_tag,,,,,,,,,,
GF_00109,Welkie_2014_Cyanothece_PCC7822,Welkie et al. 2014,Gloeothece verrucosa PCC 7822,1,Cyan7822_5518,WP_013325429.1,ref|YP_003890666.1| phycobilisome linker polypeptide [Cyanothece sp. PCC 7822],CT_D0=1.25914187453267; CT_D3=1.16425114; CT_L0=1.34371474460526; CT_L3=1.35248776741561,old_locus_tag,,,,,,,,,,
GF_00111,Panda_2025_Crocosphaera_ATCC51142,Panda et al. 2025,Crocosphaera subtropica ATCC 51142,1,cce_1614,WP_009544417.1,Branched-chain-amino-acid aminotransferase,Two-way ANOVA p value nitrate=8.61871636596729e-07; Two-way ANOVA p value lightordark=0.0170165720103299; Two-way ANOVA p value Interaction=0.482515274445492; D-_avgLFQ=28.4619517326355; D+_avgLFQ=28.1041464805603; L-_avgLFQ=28.3361873626709; L+_avgLFQ=28.0305690765381; D-_D+(logFC)=0.3578052520752024; L-_L+(logFC)=0.3056182861327983,old_locus_tag,,,,,,,,,,
GF_00111,Welkie_2014_Cyanothece_PCC7822,Welkie et al. 2014,Gloeothece verrucosa PCC 7822,1,Cyan7822_1191,WP_013321304.1,ref|YP_003886472.1| branched-chain amino acid aminotransferase [Cyanothece sp. PCC 7822],CT_D0=1.52919228153267; CT_D3=1.152025731; CT_L0=1.32266627660526; CT_L3=1.11571123841561,old_locus_tag,,,,,,,,,,
GF_00112,Sandh_2014_Nostoc_punctiforme,Sandh et al. 2014,Nostoc punctiforme PCC 73102,1,Npun_F3509,WP_012409889.1,GloA; Glyoxalase I,Log2 Ratio (Heterocyst/Filaments)=-2.6554939364575136; Variability [%]=18.9548889531685; Peptide Pair Count=2;2,old_locus_tag,Model-Supported,lactoylglutathione lyase,Other / unassigned,Novel/uncertain candidate,145.0,0.527511961722488,0.4769230769230769,130,130,False
GF_00113,Panda_2025_Crocosphaera_ATCC51142,Panda et al. 2025,Crocosphaera subtropica ATCC 51142,1,cce_4716,WP_009543242.1,Circadian clock protein,Two-way ANOVA p value nitrate=3.28736115080867e-09; Two-way ANOVA p value lightordark=8.57111114014705e-05; Two-way ANOVA p value Interaction=0.000511848940254192; D-_avgLFQ=25.2745366096497; D+_avgLFQ=23.6082005500793; L-_avgLFQ=25.1018767356873; L+_avgLFQ=21.9454779624939; D-_D+(logFC)=1.6663360595704013; L-_L+(logFC)=3.1563987731933985,old_locus_tag,,,,,,,,,,
GF_00113,Welkie_2014_Cyanothece_PCC7822,Welkie et al. 2014,Gloeothece verrucosa PCC 7822,1,Cyan7822_3419,WP_041933798.1,ref|YP_003888643.1| putative circadian clock protein KaiC [Cyanothece sp. PCC 7822],CT_D0=1.12235196253267; CT_D3=1.170123382; CT_L0=1.33846106760526; CT_L3=1.48865911641561,old_locus_tag,,,,,,,,,,
GF_00114,Welkie_2014_Cyanothece_PCC7822,Welkie et al. 2014,Gloeothece verrucosa PCC 7822,1,Cyan7822_2207,WP_280990134.1,ref|YP_003887461.1| adenylylsulfate kinase [Cyanothece sp. PCC 7822],CT_D0=1.11065707253267; CT_D3=1.009562623; CT_L0=1.12785755760526; CT_L3=1.87151827441561,old_locus_tag,,,,,,,,,,
GF_00115,Panda_2025_Crocosphaera_ATCC51142,Panda et al. 2025,Crocosphaera subtropica ATCC 51142,1,cce_0103,WP_009543099.1,Ribose-5-phosphate isomerase A,Two-way ANOVA p value nitrate=1.33645705382713e-05; Two-way ANOVA p value lightordark=0.831304452893137; Two-way ANOVA p value Interaction=0.192258879382266; D-_avgLFQ=28.2971858978271; D+_avgLFQ=27.5811486244202; L-_avgLFQ=28.4442014694214; L+_avgLFQ=27.3791327476501; D-_D+(logFC)=0.7160372734068972; L-_L+(logFC)=1.0650687217713006,old_locus_tag,,,,,,,,,,
GF_00115,Welkie_2014_Cyanothece_PCC7822,Welkie et al. 2014,Gloeothece verrucosa PCC 7822,1,Cyan7822_0018,WP_013320182.1,ref|YP_003885347.1| ribose 5-phosphate isomerase [Cyanothece sp. PCC 7822],CT_D0=1.28218955353267; CT_D3=1.12008543; CT_L0=1.30258062560526; CT_L3=1.41473991841561,old_locus_tag,,,,,,,,,,
GF_00118,Welkie_2014_Cyanothece_PCC7822,Welkie et al. 2014,Gloeothece verrucosa PCC 7822,1,Cyan7822_1627,WP_013321725.1,ref|YP_003886893.1| phosphoenolpyruvate synthase [Cyanothece sp. PCC 7822],CT_D0=1.52651499553267; CT_D3=1.079693125; CT_L0=1.56412024360526; CT_L3=0.949267163415608,old_locus_tag,,,,,,,,,,
GF_00122,Held_2022_Trichodesmium_IMS101,Held et al. 2022,Trichodesmium erythraeum IMS101,1,Tery_2840,WP_011612375.1,"Tery_2840 Alcohol dehydrogenase, zinc-binding [Trichodesmium erythraeum IMS101: NC_008312]",mean_relative_abundance=11.05; max=17.11@6h; min=8.173@23h; dynamic_range=8.936,old_locus_tag,Model-Supported,S-(hydroxymethyl)glutathione dehydrogenase/class III alcohol dehydrogenase,Other / unassigned,FOX-consistent support function (plausible rediscovery),137.0,0.5526315789473684,0.5534591194968553,159,159,False
GF_00122,Panda_2025_Crocosphaera_ATCC51142,Panda et al. 2025,Crocosphaera subtropica ATCC 51142,1,cce_1588,WP_009544393.1,S-(hydroxymethyl)glutathione dehydrogenase,Two-way ANOVA p value nitrate=1.47548566133536e-07; Two-way ANOVA p value lightordark=0.00102771553423783; Two-way ANOVA p value Interaction=0.0194022141179132; D-_avgLFQ=26.2785043716431; D+_avgLFQ=24.1456589698792; L-_avgLFQ=25.8585619926453; L+_avgLFQ=22.3140873908997; D-_D+(logFC)=2.1328454017638983; L-_L+(logFC)=3.5444746017455984,old_locus_tag,Model-Supported,S-(hydroxymethyl)glutathione dehydrogenase/class III alcohol dehydrogenase,Other / unassigned,FOX-consistent support function (plausible rediscovery),137.0,0.5526315789473684,0.5534591194968553,159,159,False
GF_00122,Sandh_2014_Nostoc_punctiforme,Sandh et al. 2014,Nostoc punctiforme PCC 73102,2,Npun_R1946,WP_012408613.1,"Formaldehyde dehydrogenase (glutathione or Zn-dependend adh), plant defense, P and T",Log2 Ratio (Heterocyst/Filaments)=-2.605524571379509; Variability [%]=27.6760507985019; Peptide Pair Count=3;2 | Log2 Ratio (Heterocyst/Filaments)=-2.605524571379509; Variability [%]=27.6760507985019; Peptide Pair Count=3;2,old_locus_tag,Model-Supported,S-(hydroxymethyl)glutathione dehydrogenase/class III alcohol dehydrogenase,Other / unassigned,FOX-consistent support function (plausible rediscovery),137.0,0.5526315789473684,0.5534591194968553,159,159,False
GF_00123,Panda_2025_Crocosphaera_ATCC51142,Panda et al. 2025,Crocosphaera subtropica ATCC 51142,1,cce_0290,WP_007307443.1,30S ribosomal protein S21,Two-way ANOVA p value nitrate=0.106806554016193; Two-way ANOVA p value lightordark=0.177136092172339; Two-way ANOVA p value Interaction=0.814410943190036; D-_avgLFQ=29.0513129234314; D+_avgLFQ=29.3218770027161; L-_avgLFQ=28.7500715255737; L+_avgLFQ=29.1070051193237; D-_D+(logFC)=-0.27056407928469994; L-_L+(logFC)=-0.35693359375,old_locus_tag,,,,,,,,,,
GF_00125,Panda_2025_Crocosphaera_ATCC51142,Panda et al. 2025,Crocosphaera subtropica ATCC 51142,1,cce_1270,WP_009544095.1,ATP-dependent zinc metalloprotease FtsH,Two-way ANOVA p value nitrate=0.0178855180904347; Two-way ANOVA p value lightordark=0.63046357992577; Two-way ANOVA p value Interaction=0.155518728775393; D-_avgLFQ=27.3944754600525; D+_avgLFQ=27.1762580871582; L-_avgLFQ=27.7521529197693; L+_avgLFQ=26.9943385124207; D-_D+(logFC)=0.21821737289430132; L-_L+(logFC)=0.7578144073486008,old_locus_tag,Model-Supported,ATP-dependent zinc metalloprotease FtsH2,Housekeeping / lineage marker,Housekeeping marker (not a transplant candidate),39.0,0.7627591706539075,0.3095238095238095,42,42,False
GF_00125,Welkie_2014_Cyanothece_PCC7822,Welkie et al. 2014,Gloeothece verrucosa PCC 7822,1,Cyan7822_0379,WP_013320534.1,ref|YP_003885699.1| ATP-dependent metalloprotease FtsH [Cyanothece sp. PCC 7822],CT_D0=1.27466167853267; CT_D3=1.599619864; CT_L0=1.19612491060526; CT_L3=1.04918907441561,old_locus_tag,Model-Supported,ATP-dependent zinc metalloprotease FtsH2,Housekeeping / lineage marker,Housekeeping marker (not a transplant candidate),39.0,0.7627591706539075,0.3095238095238095,42,42,False
GF_00136,Held_2022_Trichodesmium_IMS101,Held et al. 2022,Trichodesmium erythraeum IMS101,1,Tery_3812,WP_011613187.1,Tery_3812 chlB ferredoxin protochlorophyllide reductase subunit B (EC 1.3.7.7) [Trichodesmium erythraeum IMS101: NC_008312],mean_relative_abundance=13.11; max=20.55@13h; min=5.141@4h; dynamic_range=15.41,old_locus_tag,Model-Supported,ferredoxin:protochlorophyllide reductase (ATP-dependent) subunit B,O2 protection & redox homeostasis,FOX-consistent support function (plausible rediscovery),469.0,0.1770334928229665,0.4243697478991596,238,238,False
GF_00136,Panda_2025_Crocosphaera_ATCC51142,Panda et al. 2025,Crocosphaera subtropica ATCC 51142,1,cce_1954,WP_009545757.1,Light-independent protochlorophyllide reductase subunit B,Two-way ANOVA p value nitrate=0.786621302745416; Two-way ANOVA p value lightordark=0.609976385599083; Two-way ANOVA p value Interaction=0.00589334700476672; D-_avgLFQ=22.2587628364563; D+_avgLFQ=23.1684460639954; L-_avgLFQ=23.406240940094; L+_avgLFQ=22.3321089744568; D-_D+(logFC)=-0.9096832275391016; L-_L+(logFC)=1.0741319656372,old_locus_tag,Model-Supported,ferredoxin:protochlorophyllide reductase (ATP-dependent) subunit B,O2 protection & redox homeostasis,FOX-consistent support function (plausible rediscovery),469.0,0.1770334928229665,0.4243697478991596,238,238,False
GF_00137,Held_2022_Trichodesmium_IMS101,Held et al. 2022,Trichodesmium erythraeum IMS101,1,Tery_0220,WP_011610104.1,Tery_0220 Radical SAM [Trichodesmium erythraeum IMS101: NC_008312],mean_relative_abundance=1.557; max=4.471@14h; min=0@1h; dynamic_range=4.471,old_locus_tag,,,,,,,,,,
GF_00139,Panda_2025_Crocosphaera_ATCC51142,Panda et al. 2025,Crocosphaera subtropica ATCC 51142,1,cce_0892,WP_009546126.1,Probable ferredoxin,Two-way ANOVA p value nitrate=0.688037627587463; Two-way ANOVA p value lightordark=0.947857295242442; Two-way ANOVA p value Interaction=0.087864612055091; D-_avgLFQ=26.4075303077698; D+_avgLFQ=25.0427536964417; L-_avgLFQ=25.2499985694885; L+_avgLFQ=26.1199655532837; D-_D+(logFC)=1.3647766113281001; L-_L+(logFC)=-0.869966983795198,old_locus_tag,,,,,,,,,,
GF_00141,Welkie_2014_Cyanothece_PCC7822,Welkie et al. 2014,Gloeothece verrucosa PCC 7822,1,Cyan7822_5055,WP_013324980.1,ref|YP_003890217.1| 30S ribosomal protein S17 [Cyanothece sp. PCC 7822],CT_D0=1.08827399253267; CT_D3=1.1519782; CT_L0=1.45319287760526; CT_L3=1.42615045741561,old_locus_tag,Model-Supported,30S ribosomal protein S17,Housekeeping / lineage marker,Housekeeping marker (not a transplant candidate),105.0,0.5913078149920254,0.2745098039215686,51,51,False
GF_00143,Held_2022_Trichodesmium_IMS101,Held et al. 2022,Trichodesmium erythraeum IMS101,1,Tery_4335,WP_011613653.1,Tery_4335 ilvC ketol-acid reductoisomerase (EC 1.1.1.86) [Trichodesmium erythraeum IMS101: NC_008312],mean_relative_abundance=166.9; max=260.9@13h; min=118.7@11h; dynamic_range=142.2,old_locus_tag,Model-Supported,ketol-acid reductoisomerase,Other / unassigned,Novel/uncertain candidate,267.0,0.3074162679425837,0.4144486692015209,263,263,False
GF_00143,Panda_2025_Crocosphaera_ATCC51142,Panda et al. 2025,Crocosphaera subtropica ATCC 51142,1,cce_2120,WP_009546873.1,Ketol-acid reductoisomerase (NADP(+)),Two-way ANOVA p value nitrate=3.29614376053069e-08; Two-way ANOVA p value lightordark=0.355042886356845; Two-way ANOVA p value Interaction=0.250499424312003; D-_avgLFQ=30.0212917327881; D+_avgLFQ=28.653501033783; L-_avgLFQ=29.8035244941711; L+_avgLFQ=28.6781458854675; D-_D+(logFC)=1.3677906990050985; L-_L+(logFC)=1.125378608703599,old_locus_tag,Model-Supported,ketol-acid reductoisomerase,Other / unassigned,Novel/uncertain candidate,267.0,0.3074162679425837,0.4144486692015209,263,263,False
GF_00143,Sandh_2014_Nostoc_punctiforme,Sandh et al. 2014,Nostoc punctiforme PCC 73102,1,Npun_F3618,WP_012409985.1,ilvC; Acetohydroxy acid isomeroreductase,Log2 Ratio (Heterocyst/Filaments)=-2.056599802038004; Variability [%]=46.9569434074209; Peptide Pair Count=3;2,old_locus_tag,Model-Supported,ketol-acid reductoisomerase,Other / unassigned,Novel/uncertain candidate,267.0,0.3074162679425837,0.4144486692015209,263,263,False
GF_00143,Welkie_2014_Cyanothece_PCC7822,Welkie et al. 2014,Gloeothece verrucosa PCC 7822,1,Cyan7822_0132,WP_083786811.1,ref|YP_003885458.1| ketol-acid reductoisomerase [Cyanothece sp. PCC 7822],CT_D0=1.21570245353267; CT_D3=0.928637967; CT_L0=1.52312893660526; CT_L3=1.45212617041561,old_locus_tag,Model-Supported,ketol-acid reductoisomerase,Other / unassigned,Novel/uncertain candidate,267.0,0.3074162679425837,0.4144486692015209,263,263,False
GF_00158,Sandh_2014_Nostoc_punctiforme,Sandh et al. 2014,Nostoc punctiforme PCC 73102,2,Npun_R0390,WP_012407198.1,nifK; Nitrogenase molybdenum-iron protei,Log2 Ratio (Heterocyst/Filaments)=3.0787917976553456; Variability [%]=23.23509831012; Peptide Pair Count=1;1 | 24h Log2 Ratio (Het/Fil) (Present study)=3.0787917976553456; Variability [%]=23.23509831012; Peptide Pair Count=1;1; Steady state Log2 ratio [7]=1.0740765226840803,old_locus_tag,Highly Pure,nitrogenase molybdenum-iron protein subunit beta,Nitrogenase / nif machinery,Rediscovery: core diazotrophy/FOX machinery,,,0.9761904761904762,42,42,True
GF_00164,Held_2022_Trichodesmium_IMS101,Held et al. 2022,Trichodesmium erythraeum IMS101,1,Tery_2841,WP_011612376.1,Tery_2841 mnmG glucose inhibited division protein A [Trichodesmium erythraeum IMS101: NC_008312],mean_relative_abundance=3.391; max=5.589@14h; min=1.028@4h; dynamic_range=4.561,old_locus_tag,Model-Supported,tRNA uridine-5-carboxymethylaminomethyl(34) synthesis enzyme MnmG,Other / unassigned,Novel/uncertain candidate,28.0,0.7906698564593302,0.5638297872340425,188,188,False
GF_00164,Panda_2025_Crocosphaera_ATCC51142,Panda et al. 2025,Crocosphaera subtropica ATCC 51142,1,cce_2461,WP_009544846.1,tRNA uridine 5-carboxymethylaminomethyl modification enzyme MnmG,Two-way ANOVA p value nitrate=0.680974842338955; Two-way ANOVA p value lightordark=0.994247724689599; Two-way ANOVA p value Interaction=0.117950426412433; D-_avgLFQ=23.2606840133667; D+_avgLFQ=22.8762631416321; L-_avgLFQ=22.9518413543701; L+_avgLFQ=23.1824178695679; D-_D+(logFC)=0.3844208717345978; L-_L+(logFC)=-0.2305765151978001,old_locus_tag,Model-Supported,tRNA uridine-5-carboxymethylaminomethyl(34) synthesis enzyme MnmG,Other / unassigned,Novel/uncertain candidate,28.0,0.7906698564593302,0.5638297872340425,188,188,False
GF_00166,Sandh_2014_Nostoc_punctiforme,Sandh et al. 2014,Nostoc punctiforme PCC 73102,1,Npun_F0335,WP_012407144.1,"fdxB; 4Fe-4S ferredoxin; iron-sulfur binding domain, T",Log2 Ratio (Heterocyst/Filaments)=1.9343488953228087; Variability [%]=50.8361922023466; Peptide Pair Count=4;5,old_locus_tag,Highly Pure,ferredoxin III%2C nif-specific,Nitrogenase / nif machinery,FOX-consistent support function (plausible rediscovery),,,1.0,52,52,True
GF_00168,Sandh_2014_Nostoc_punctiforme,Sandh et al. 2014,Nostoc punctiforme PCC 73102,1,Npun_R0415,WP_012407220.1,nifH; Nitrogenase iron protein,Log2 Ratio (Heterocyst/Filaments)=3.126470055787464; Variability [%]=6.25684457042496; Peptide Pair Count=8;13,old_locus_tag,Highly Pure,nitrogenase iron protein,Nitrogenase / nif machinery,Rediscovery: core diazotrophy/FOX machinery,,,1.0,76,76,True
GF_00170,Held_2022_Trichodesmium_IMS101,Held et al. 2022,Trichodesmium erythraeum IMS101,1,Tery_3406,WP_011612852.1,Tery_3406 SSS sodium solute transporter superfamily [Trichodesmium erythraeum IMS101: NC_008312],mean_relative_abundance=9.047; max=14.86@20h; min=5.18@15h; dynamic_range=9.678,old_locus_tag,Model-Supported,sodium:solute symporter family protein,Other / unassigned,Novel/uncertain candidate,159.0,0.5283094098883573,0.8085106382978723,47,47,False
GF_00171,Sandh_2014_Nostoc_punctiforme,Sandh et al. 2014,Nostoc punctiforme PCC 73102,2,Npun_R3890,WP_012410244.1,rne_rng; Ribonuclease E and G,Log2 Ratio (Heterocyst/Filaments)=0.884214999175033; Variability [%]=27.6044340119696; Peptide Pair Count=1;2 | Log2 Ratio (Heterocyst/Filaments)=0.884214999175033; Variability [%]=27.6044340119696; Peptide Pair Count=1;2,old_locus_tag,Highly Pure,Rne/Rng family ribonuclease,Other / unassigned,Novel/uncertain candidate,,,1.0,40,40,False
GF_00178,Held_2022_Trichodesmium_IMS101,Held et al. 2022,Trichodesmium erythraeum IMS101,1,Tery_2991,WP_011612502.1,Tery_2991 rpmJ LSU ribosomal protein L36P [Trichodesmium erythraeum IMS101: NC_008312],mean_relative_abundance=2.723; max=5.141@4h; min=0.9763@0h; dynamic_range=4.165,old_locus_tag,Model-Supported,50S ribosomal protein L36,Housekeeping / lineage marker,Housekeeping marker (not a transplant candidate),341.0,0.2862838915470495,0.2934782608695652,368,368,False
GF_00178,Sandh_2014_Nostoc_punctiforme,Sandh et al. 2014,Nostoc punctiforme PCC 73102,2,Npun_R4369,WP_012410705.1,rpmJ; Ribosomal protein L36,Log2 Ratio (Heterocyst/Filaments)=0.27649905923160906; Variability [%]=0.542163040966728; Peptide Pair Count=2;2 | Log2 Ratio (Heterocyst/Filaments)=0.27649905923160906; Variability [%]=0.542163040966728; Peptide Pair Count=2;2,old_locus_tag,Model-Supported,50S ribosomal protein L36,Housekeeping / lineage marker,Housekeeping marker (not a transplant candidate),341.0,0.2862838915470495,0.2934782608695652,368,368,False
GF_00178,Welkie_2014_Cyanothece_PCC7822,Welkie et al. 2014,Gloeothece verrucosa PCC 7822,1,Cyan7822_5043,WP_013324968.1,ref|YP_003890205.1| 50S ribosomal protein L36 [Cyanothece sp. PCC 7822],CT_D0=1.12124379553267; CT_D3=1.093654203; CT_L0=1.27586880460526; CT_L3=1.62882872441561,old_locus_tag,Model-Supported,50S ribosomal protein L36,Housekeeping / lineage marker,Housekeeping marker (not a transplant candidate),341.0,0.2862838915470495,0.2934782608695652,368,368,False
GF_00179,Panda_2025_Crocosphaera_ATCC51142,Panda et al. 2025,Crocosphaera subtropica ATCC 51142,1,cce_4639,WP_009543313.1,Protein RecA,Two-way ANOVA p value nitrate=0.00142458894499541; Two-way ANOVA p value lightordark=0.140331240986655; Two-way ANOVA p value Interaction=0.946978939775993; D-_avgLFQ=27.5834102630615; D+_avgLFQ=28.0204095840454; L-_avgLFQ=27.4057364463806; L+_avgLFQ=27.8573880195618; D-_D+(logFC)=-0.43699932098390093; L-_L+(logFC)=-0.45165157318119853,old_locus_tag,,,,,,,,,,
GF_00179,Welkie_2014_Cyanothece_PCC7822,Welkie et al. 2014,Gloeothece verrucosa PCC 7822,1,Cyan7822_1435,WP_041933562.1,ref|YP_003886707.1| recA protein [Cyanothece sp. PCC 7822],CT_D0=1.14618283753267; CT_D3=1.1098409; CT_L0=1.36140837960526; CT_L3=1.50216340941561,old_locus_tag,,,,,,,,,,
GF_00180,Held_2022_Trichodesmium_IMS101,Held et al. 2022,Trichodesmium erythraeum IMS101,1,Tery_1873,WP_011611502.1,"Tery_1873 SPFH domain, Band 7 family protein [Trichodesmium erythraeum IMS101: NC_008312]",mean_relative_abundance=235.1; max=344.3@14h; min=75.93@12h; dynamic_range=268.3,old_locus_tag,,,,,,,,,,
GF_00180,Panda_2025_Crocosphaera_ATCC51142,Panda et al. 2025,Crocosphaera subtropica ATCC 51142,1,cce_0341,WP_009546832.1,"Putative band 7 protein, cation conductance",Two-way ANOVA p value nitrate=2.13015337874549e-07; Two-way ANOVA p value lightordark=0.0539426163694972; Two-way ANOVA p value Interaction=0.127754133225763; D-_avgLFQ=29.7192521095276; D+_avgLFQ=28.2219033241272; L-_avgLFQ=29.2534351348877; L+_avgLFQ=28.1601376533508; D-_D+(logFC)=1.4973487854003977; L-_L+(logFC)=1.0932974815368972,old_locus_tag,,,,,,,,,,
GF_00181,Welkie_2014_Cyanothece_PCC7822,Welkie et al. 2014,Gloeothece verrucosa PCC 7822,1,Cyan7822_1801,WP_013321894.1,ref|YP_003887062.1| sigma 54 modulation protein/ribosomal protein S30EA [Cyanothece sp. PCC 7822],CT_D0=1.50006516253267; CT_D3=1.266756097; CT_L0=1.33444367560526; CT_L3=1.01833059141561,old_locus_tag,,,,,,,,,,
GF_00185,Sandh_2014_Nostoc_punctiforme,Sandh et al. 2014,Nostoc punctiforme PCC 73102,1,Npun_R5266,WP_012411544.1,purE; 1-(5-Phosphoribosyl)-5-amino-4-imi,Log2 Ratio (Heterocyst/Filaments)=-3.2402134344447844; Variability [%]=35.6502112443783; Peptide Pair Count=1;1,old_locus_tag,Model-Supported,5-(carboxyamino)imidazole ribonucleotide mutase,Other / unassigned,Novel/uncertain candidate,215.0,0.3516746411483253,0.8266666666666667,75,75,False
GF_00186,Sandh_2014_Nostoc_punctiforme,Sandh et al. 2014,Nostoc punctiforme PCC 73102,2,Npun_F0114,WP_012406944.1,LYS9; possible Saccharopine dehydrogenas,Log2 Ratio (Heterocyst/Filaments)=-0.3932274237955206; Variability [%]=36.2895944214752; Peptide Pair Count=1;1 | Log2 Ratio (Heterocyst/Filaments)=-0.3932274237955206; Variability [%]=36.2895944214752; Peptide Pair Count=1;1,old_locus_tag,Highly Pure,(S)-8-amino-7-oxononanoate synthase BioU,Other / unassigned,Novel/uncertain candidate,,,0.9692307692307692,65,65,False
GF_00227,Sandh_2014_Nostoc_punctiforme,Sandh et al. 2014,Nostoc punctiforme PCC 73102,2,Npun_R1387,WP_012408116.1,YSH1; Beta-lactamase-like,Log2 Ratio (Heterocyst/Filaments)=-0.6689098246245154; Variability [%]=13.3297363840748; Peptide Pair Count=1;1 | Log2 Ratio (Heterocyst/Filaments)=-0.6689098246245154; Variability [%]=13.3297363840748; Peptide Pair Count=1;1,old_locus_tag,Highly Pure,MBL fold metallo-hydrolase,Other / unassigned,Novel/uncertain candidate,,,1.0,48,48,False
GF_00228,Panda_2025_Crocosphaera_ATCC51142,Panda et al. 2025,Crocosphaera subtropica ATCC 51142,1,cce_2578,WP_009544732.1,Translation initiation factor IF-3,Two-way ANOVA p value nitrate=0.00151391218803285; Two-way ANOVA p value lightordark=0.161473610611106; Two-way ANOVA p value Interaction=0.0809569942026544; D-_avgLFQ=27.3109254837036; D+_avgLFQ=26.6830096244812; L-_avgLFQ=27.2676005363464; L+_avgLFQ=27.0391778945923; D-_D+(logFC)=0.6279158592223979; L-_L+(logFC)=0.22842264175410065,old_locus_tag,,,,,,,,,,
GF_00229,Panda_2025_Crocosphaera_ATCC51142,Panda et al. 2025,Crocosphaera subtropica ATCC 51142,1,cce_0801,WP_009546040.1,50S ribosomal protein L19,Two-way ANOVA p value nitrate=3.86549089583885e-08; Two-way ANOVA p value lightordark=0.0334967134033443; Two-way ANOVA p value Interaction=0.457159592458572; D-_avgLFQ=28.7410235404968; D+_avgLFQ=29.8422236442566; L-_avgLFQ=28.8976435661316; L+_avgLFQ=30.1463046073914; D-_D+(logFC)=-1.1012001037597976; L-_L+(logFC)=-1.2486610412598012,old_locus_tag,Model-Supported,50S ribosomal protein L19,Housekeeping / lineage marker,Housekeeping marker (not a transplant candidate),186.0,0.4146730462519936,0.4848484848484848,66,66,False
GF_00235,Panda_2025_Crocosphaera_ATCC51142,Panda et al. 2025,Crocosphaera subtropica ATCC 51142,1,cce_0817,WP_009546054.1,Two component transcriptional regulator,Two-way ANOVA p value nitrate=0.465609811520759; Two-way ANOVA p value lightordark=0.313059642736279; Two-way ANOVA p value Interaction=0.450885963990949; D-_avgLFQ=23.1566362380981; D+_avgLFQ=22.4930257797241; L-_avgLFQ=23.2751340866089; L+_avgLFQ=23.286262512207; D-_D+(logFC)=0.6636104583739986; L-_L+(logFC)=-0.011128425598098346,old_locus_tag,Model-Supported,response regulator transcription factor,Regulation,Novel/uncertain candidate,27.0,0.7121212121212122,0.8717948717948718,78,78,False
GF_00242,Sandh_2014_Nostoc_punctiforme,Sandh et al. 2014,Nostoc punctiforme PCC 73102,2,Npun_F0446,WP_012407251.1,murC; UDP-N-acetylmuramate--alanine liga,Log2 Ratio (Heterocyst/Filaments)=1.0039657331287872; Variability [%]=2.75292313140082; Peptide Pair Count=4;2 | 24h Log2 Ratio (Het/Fil) (Present study)=1.0039657331287872; Variability [%]=2.75292313140082; Peptide Pair Count=4;2; Steady state Log2 ratio [7]=1.9037063222759352,old_locus_tag,Highly Pure,UDP-N-acetylmuramate--L-alanine ligase,Other / unassigned,Novel/uncertain candidate,,,0.9824561403508772,57,57,False
GF_00248,Sandh_2014_Nostoc_punctiforme,Sandh et al. 2014,Nostoc punctiforme PCC 73102,2,Npun_F5388,WP_012411651.1,apcB; Allophycocyanin; beta subunit,Log2 Ratio (Heterocyst/Filaments)=-1.901825222192305; Variability [%]=41.0652760220764; Peptide Pair Count=3;4 | Log2 Ratio (Heterocyst/Filaments)=-1.901825222192305; Variability [%]=41.0652760220764; Peptide Pair Count=3;4,old_locus_tag,Highly Pure,allophycocyanin subunit beta,Other / unassigned,Novel/uncertain candidate,,,0.9473684210526316,76,76,False
GF_00260,Sandh_2014_Nostoc_punctiforme,Sandh et al. 2014,Nostoc punctiforme PCC 73102,1,Npun_R1071,WP_012407818.1,"RfaG; Glycosyl transferase; group 1, alr 2832",Log2 Ratio (Heterocyst/Filaments)=1.4733997739485045; Variability [%]=37.4645652639685; Peptide Pair Count=1;1,old_locus_tag,Highly Pure,glycosyltransferase,Other / unassigned,Novel/uncertain candidate,,,0.9852941176470588,68,68,False
GF_00266,Sandh_2014_Nostoc_punctiforme,Sandh et al. 2014,Nostoc punctiforme PCC 73102,2,Npun_F3862,WP_012410217.1,psaF; Photosystem I reaction center prot,Log2 Ratio (Heterocyst/Filaments)=0.9473866455110506; Variability [%]=10.5269226704321; Peptide Pair Count=12;15 | 24h Log2 Ratio (Het/Fil) (Present study)=0.9473866455110506; Variability [%]=10.5269226704321; Peptide Pair Count=12;15; Steady state Log2 ratio [7]=1.2666235008637796,old_locus_tag,Highly Pure,photosystem I reaction centre subunit III,Housekeeping / lineage marker,Housekeeping marker (not a transplant candidate),,,0.9824561403508772,57,57,False
GF_00278,Sandh_2014_Nostoc_punctiforme,Sandh et al. 2014,Nostoc punctiforme PCC 73102,1,Npun_F0818,WP_012407579.1,CysI; Sulfite reductase (ferredoxin).,Log2 Ratio (Heterocyst/Filaments)=0.49226646674369384; Variability [%]=0.795274514172906; Peptide Pair Count=2;1,old_locus_tag,Highly Pure,sulfite reductase%2C ferredoxin dependent,O2 protection & redox homeostasis,FOX-consistent support function (plausible rediscovery),,,1.0,48,48,False
GF_00281,Held_2022_Trichodesmium_IMS101,Held et al. 2022,Trichodesmium erythraeum IMS101,2,Tery_3851;Tery_3852,WP_011613223.1;WP_011613224.1,Tery_3851 ccmK2 microcompartments protein [Trichodesmium erythraeum IMS101: NC_008312] | Tery_3852 ccmK2 microcompartments protein [Trichodesmium erythraeum IMS101: NC_008312],mean_relative_abundance=196.5; max=250@1h; min=137.3@12h; dynamic_range=112.7 | mean_relative_abundance=42.57; max=77.45@9h; min=17.52@12h; dynamic_range=59.93,old_locus_tag,Model-Supported,carbon dioxide-concentrating mechanism protein CcmK,Other / unassigned,Novel/uncertain candidate,414.0,0.1664673046251993,0.3970037453183521,267,267,False
GF_00281,Panda_2025_Crocosphaera_ATCC51142,Panda et al. 2025,Crocosphaera subtropica ATCC 51142,2,cce_4282;cce_4283,WP_008275343.1;WP_009543650.1,Carboxysome shell protein CcmK,Two-way ANOVA p value nitrate=0.000564445403393964; Two-way ANOVA p value lightordark=0.512278537685126; Two-way ANOVA p value Interaction=0.0217158050462193; D-_avgLFQ=32.4925584793091; D+_avgLFQ=33.0035972595215; L-_avgLFQ=32.630181312561; L+_avgLFQ=32.7711935043335; D-_D+(logFC)=-0.5110387802123952; L-_L+(logFC)=-0.14101219177250357 | Two-way ANOVA p value nitrate=0.17132162812587; Two-way ANOVA p value lightordark=0.164484939157683; Two-way ANOVA p value Interaction=0.359648694543683; D-_avgLFQ=31.973464012146; D+_avgLFQ=32.1688823699951; L-_avgLFQ=32.1709594726563; L+_avgLFQ=32.2117509841919; D-_D+(logFC)=-0.19541835784910333; L-_L+(logFC)=-0.0407915115356019,old_locus_tag,Model-Supported,carbon dioxide-concentrating mechanism protein CcmK,Other / unassigned,Novel/uncertain candidate,414.0,0.1664673046251993,0.3970037453183521,267,267,False
GF_00281,Welkie_2014_Cyanothece_PCC7822,Welkie et al. 2014,Gloeothece verrucosa PCC 7822,3,Cyan7822_2893;Cyan7822_2894;Cyan7822_2895,WP_012598761.1;WP_012598763.1;WP_013322956.1,ref|YP_003888126.1| microcompartments protein [Cyanothece sp. PCC 7822] | ref|YP_003888127.1| microcompartments protein [Cyanothece sp. PCC 7822] | ref|YP_003888128.1| microcompartments protein [Cyanothece sp. PCC 7822],CT_D0=1.07770561553267; CT_D3=1.437217284; CT_L0=1.21971153060526; CT_L3=1.38496109741561 | CT_D0=1.07101548953267; CT_D3=1.152632346; CT_L0=1.43140577660526; CT_L3=1.46454191541561 | CT_D0=1.30217504753267; CT_D3=1.537838765; CT_L0=1.30100895860526; CT_L3=0.978572757415608,old_locus_tag,Model-Supported,carbon dioxide-concentrating mechanism protein CcmK,Other / unassigned,Novel/uncertain candidate,414.0,0.1664673046251993,0.3970037453183521,267,267,False
GF_00286,Sandh_2014_Nostoc_punctiforme,Sandh et al. 2014,Nostoc punctiforme PCC 73102,1,Npun_F4024,WP_012410370.1,tal; Transaldolase subfamily,Log2 Ratio (Heterocyst/Filaments)=-2.295891942511509; Variability [%]=38.5859729384981; Peptide Pair Count=3;4,old_locus_tag,Highly Pure,transaldolase,Carbon metabolism & NAD(P)H supply,Novel/uncertain candidate,,,1.0,55,55,False
GF_00287,Sandh_2014_Nostoc_punctiforme,Sandh et al. 2014,Nostoc punctiforme PCC 73102,2,Npun_F4867,WP_012411169.1,fpaA Uncharacterized flavoproteins flavodoxin and nitric-oxide synthase P and T,Log2 Ratio (Heterocyst/Filaments)=2.3958565653305617; Variability [%]=19.0819747122461; Peptide Pair Count=19;13 | 24h Log2 Ratio (Het/Fil) (Present study)=2.3958565653305617; Variability [%]=19.0819747122461; Peptide Pair Count=19;13; Steady state Log2 ratio [7]=1.7439098352749343,old_locus_tag,Highly Pure,diflavin flavoprotein,Other / unassigned,Novel/uncertain candidate,,,0.9818181818181818,55,55,False
GF_00290,Held_2022_Trichodesmium_IMS101,Held et al. 2022,Trichodesmium erythraeum IMS101,1,Tery_2437,WP_011612018.1,Tery_2437 clpC1 ATPase AAA-2 [Trichodesmium erythraeum IMS101: NC_008312],mean_relative_abundance=254.3; max=296@23h; min=209.1@1h; dynamic_range=86.97,old_locus_tag,Model-Supported,ATP-dependent Clp protease ATP-binding subunit,Other / unassigned,Novel/uncertain candidate,191.0,0.3165869218500797,0.4095940959409594,271,271,False
GF_00290,Panda_2025_Crocosphaera_ATCC51142,Panda et al. 2025,Crocosphaera subtropica ATCC 51142,1,cce_4247,WP_009543682.1,"ATP-dependent Clp protease, regulatory subunit",Two-way ANOVA p value nitrate=3.82104741381244e-06; Two-way ANOVA p value lightordark=0.853141605050034; Two-way ANOVA p value Interaction=0.548317972298369; D-_avgLFQ=30.171094417572; D+_avgLFQ=29.5116329193115; L-_avgLFQ=30.209442615509; L+_avgLFQ=29.4394345283508; D-_D+(logFC)=0.6594614982605016; L-_L+(logFC)=0.7700080871581996,old_locus_tag,Model-Supported,ATP-dependent Clp protease ATP-binding subunit,Other / unassigned,Novel/uncertain candidate,191.0,0.3165869218500797,0.4095940959409594,271,271,False
GF_00290,Sandh_2014_Nostoc_punctiforme,Sandh et al. 2014,Nostoc punctiforme PCC 73102,2,Npun_R5987,WP_012412218.1,ClpA; UvrB/UvrC protein:AAA ATPase; cent,Log2 Ratio (Heterocyst/Filaments)=-1.0312845028019035; Variability [%]=8.82034697901019; Peptide Pair Count=8;8 | 24h Log2 Ratio (Het/Fil) (Present study)=-1.0312845028019035; Variability [%]=8.82034697901019; Peptide Pair Count=8;8; Steady state Log2 ratio [7]=0.24788840948986743,old_locus_tag,Model-Supported,ATP-dependent Clp protease ATP-binding subunit,Other / unassigned,Novel/uncertain candidate,191.0,0.3165869218500797,0.4095940959409594,271,271,False
GF_00290,Welkie_2014_Cyanothece_PCC7822,Welkie et al. 2014,Gloeothece verrucosa PCC 7822,1,Cyan7822_4883,WP_013324812.1,ref|YP_003890049.1| ATPase AAA-2 domain-containing protein [Cyanothece sp. PCC 7822],CT_D0=1.31694726453267; CT_D3=1.318731407; CT_L0=1.16653474660526; CT_L3=1.31738211041561,old_locus_tag,Model-Supported,ATP-dependent Clp protease ATP-binding subunit,Other / unassigned,Novel/uncertain candidate,191.0,0.3165869218500797,0.4095940959409594,271,271,False
GF_00295,Sandh_2014_Nostoc_punctiforme,Sandh et al. 2014,Nostoc punctiforme PCC 73102,2,Npun_F3515,WP_012409895.1,HtpG; Heat shock protein Hsp90:ATP-bindi,Log2 Ratio (Heterocyst/Filaments)=-1.8516913153347665; Variability [%]=11.4806443386512; Peptide Pair Count=7;8 | 24h Log2 Ratio (Het/Fil) (Present study)=-1.8516913153347665; Variability [%]=11.4806443386512; Peptide Pair Count=7;8; Steady state Log2 ratio [7]=-1.6039114265009518,old_locus_tag,Highly Pure,molecular chaperone HtpG,Other / unassigned,Novel/uncertain candidate,,,1.0,58,58,False
GF_00297,Sandh_2014_Nostoc_punctiforme,Sandh et al. 2014,Nostoc punctiforme PCC 73102,2,Npun_F0763,WP_012407535.1,"GlpC; 4Fe-4S ferredoxin; iron-sulfur binding, possible glycolate oxidase",Log2 Ratio (Heterocyst/Filaments)=0.13481661100650205; Variability [%]=5.23572166505616; Peptide Pair Count=1;2 | Log2 Ratio (Heterocyst/Filaments)=0.13481661100650205; Variability [%]=5.23572166505616; Peptide Pair Count=1;2,old_locus_tag,Highly Pure,(Fe-S)-binding protein,Metallocluster & Fe-S biogenesis,FOX-consistent support function (plausible rediscovery),,,0.984126984126984,63,63,False
GF_00300,Held_2022_Trichodesmium_IMS101,Held et al. 2022,Trichodesmium erythraeum IMS101,1,Tery_0728,WP_011610553.1,Tery_0728 acsF Mg-protoporphyrin IX monomethyl ester (oxidative) cyclase (EC 1.14.13.81) [Trichodesmium erythraeum IMS101: NC_008312],mean_relative_abundance=33.16; max=48.19@12h; min=25.7@4h; dynamic_range=22.48,old_locus_tag,Model-Supported,magnesium-protoporphyrin IX monomethyl ester (oxidative) cyclase,Other / unassigned,Novel/uncertain candidate,9.0,0.9505582137161084,0.7864077669902912,103,103,False
GF_00300,Sandh_2014_Nostoc_punctiforme,Sandh et al. 2014,Nostoc punctiforme PCC 73102,2,Npun_F6446,WP_012412653.1,Copper response defect 1,Log2 Ratio (Heterocyst/Filaments)=-0.9361346560271017; Variability [%]=23.8814916222763; Peptide Pair Count=4;3 | Log2 Ratio (Heterocyst/Filaments)=-0.9361346560271017; Variability [%]=23.8814916222763; Peptide Pair Count=4;3,old_locus_tag,Model-Supported,magnesium-protoporphyrin IX monomethyl ester (oxidative) cyclase,Other / unassigned,Novel/uncertain candidate,9.0,0.9505582137161084,0.7864077669902912,103,103,False
GF_00300,Welkie_2014_Cyanothece_PCC7822,Welkie et al. 2014,Gloeothece verrucosa PCC 7822,1,Cyan7822_5395,WP_013325310.1,ref|YP_003890547.1| magnesium-protoporphyrin IX monomethyl ester aerobic oxidative cyclase [Cyanothece sp. PCC 7822],CT_D0=1.05064837053267; CT_D3=0.738410252; CT_L0=1.17918718060526; CT_L3=2.15134972441561,old_locus_tag,Model-Supported,magnesium-protoporphyrin IX monomethyl ester (oxidative) cyclase,Other / unassigned,Novel/uncertain candidate,9.0,0.9505582137161084,0.7864077669902912,103,103,False
GF_00301,Sandh_2014_Nostoc_punctiforme,Sandh et al. 2014,Nostoc punctiforme PCC 73102,2,Npun_R5570,WP_012411819.1,rpsB_bact; Ribosomal protein S2; bacteri,Log2 Ratio (Heterocyst/Filaments)=0.977608156063423; Variability [%]=28.316483356573; Peptide Pair Count=14;14 | Log2 Ratio (Heterocyst/Filaments)=0.977608156063423; Variability [%]=28.316483356573; Peptide Pair Count=14;14,old_locus_tag,Highly Pure,30S ribosomal protein S2,Housekeeping / lineage marker,Housekeeping marker (not a transplant candidate),,,0.9583333333333334,72,72,False
GF_00303,Panda_2025_Crocosphaera_ATCC51142,Panda et al. 2025,Crocosphaera subtropica ATCC 51142,1,cce_0412,WP_012361362.1,"Glycosyl transferase, family 2",Two-way ANOVA p value nitrate=0.0155620731835493; Two-way ANOVA p value lightordark=0.276662695472014; Two-way ANOVA p value Interaction=0.405731582690079; D-_avgLFQ=25.4896697998047; D+_avgLFQ=24.787778377533; L-_avgLFQ=25.5427093505859; L+_avgLFQ=25.169695854187; D-_D+(logFC)=0.7018914222717001; L-_L+(logFC)=0.37301349639889736,old_locus_tag,Model-Supported,glycosyltransferase family 2 protein,Other / unassigned,Novel/uncertain candidate,182.0,0.5542264752791068,0.7432432432432432,74,74,False
GF_00303,Sandh_2014_Nostoc_punctiforme,Sandh et al. 2014,Nostoc punctiforme PCC 73102,2,Npun_R5613,WP_012411862.1,"WcaA; Glycosyl transferase; family 2, cellulaose teichoic acid",Log2 Ratio (Heterocyst/Filaments)=1.225595392243933; Variability [%]=10.9890740495998; Peptide Pair Count=1;1 | Log2 Ratio (Heterocyst/Filaments)=1.225595392243933; Variability [%]=10.9890740495998; Peptide Pair Count=1;1,old_locus_tag,Model-Supported,glycosyltransferase family 2 protein,Other / unassigned,Novel/uncertain candidate,182.0,0.5542264752791068,0.7432432432432432,74,74,False
GF_00305,Sandh_2014_Nostoc_punctiforme,Sandh et al. 2014,Nostoc punctiforme PCC 73102,2,Npun_R1134,WP_041565931.1,FtrB; Ferredoxin thioredoxin reductase;,Log2 Ratio (Heterocyst/Filaments)=-2.3520507260278767; Variability [%]=12.5902693860414; Peptide Pair Count=4;3 | 24h Log2 Ratio (Het/Fil) (Present study)=-2.3520507260278767; Variability [%]=12.5902693860414; Peptide Pair Count=4;3; Steady state Log2 ratio [7]=-1.9446094858563334,old_locus_tag,Model-Supported,ferredoxin thioredoxin reductase catalytic beta subunit,O2 protection & redox homeostasis,FOX-consistent support function (plausible rediscovery),22.0,0.5314992025518341,0.8658536585365854,82,82,False
GF_00309,Held_2022_Trichodesmium_IMS101,Held et al. 2022,Trichodesmium erythraeum IMS101,1,Tery_4669,WP_011613954.1,Tery_4669 psaA photosystem I core protein PsaA [Trichodesmium erythraeum IMS101: NC_008312],mean_relative_abundance=93; max=146@12h; min=69.69@1h; dynamic_range=76.33,old_locus_tag,Model-Supported,photosystem I core protein PsaA,Housekeeping / lineage marker,Housekeeping marker (not a transplant candidate),146.0,0.3090111642743222,0.3450479233226837,313,313,False
GF_00309,Panda_2025_Crocosphaera_ATCC51142,Panda et al. 2025,Crocosphaera subtropica ATCC 51142,1,cce_0989,WP_009547112.1,Photosystem I P700 chlorophyll a apoprotein A1,Two-way ANOVA p value nitrate=0.000471267408961789; Two-way ANOVA p value lightordark=0.00591365983687472; Two-way ANOVA p value Interaction=0.343105532721041; D-_avgLFQ=32.7349662780762; D+_avgLFQ=33.1172332763672; L-_avgLFQ=32.9736909866333; L+_avgLFQ=33.5564432144165; D-_D+(logFC)=-0.3822669982910014; L-_L+(logFC)=-0.582752227783196,old_locus_tag,Model-Supported,photosystem I core protein PsaA,Housekeeping / lineage marker,Housekeeping marker (not a transplant candidate),146.0,0.3090111642743222,0.3450479233226837,313,313,False
GF_00309,Sandh_2014_Nostoc_punctiforme,Sandh et al. 2014,Nostoc punctiforme PCC 73102,2,Npun_F3818,WP_012410173.1,psaA; Photosystem I psaA,Log2 Ratio (Heterocyst/Filaments)=0.8177869137565374; Variability [%]=3.45856471265364; Peptide Pair Count=10;21 | 24h Log2 Ratio (Het/Fil) (Present study)=0.8177869137565374; Variability [%]=3.45856471265364; Peptide Pair Count=10;21; Steady state Log2 ratio [7]=1.9327186600815245,old_locus_tag,Model-Supported,photosystem I core protein PsaA,Housekeeping / lineage marker,Housekeeping marker (not a transplant candidate),146.0,0.3090111642743222,0.3450479233226837,313,313,False
GF_00309,Welkie_2014_Cyanothece_PCC7822,Welkie et al. 2014,Gloeothece verrucosa PCC 7822,1,Cyan7822_4990,WP_013324917.1,ref|YP_003890154.1| photosystem I core protein PsaA [Cyanothece sp. PCC 7822],CT_D0=0.876475133532668; CT_D3=1.362446815; CT_L0=1.56973125360526; CT_L3=1.31094232541561,old_locus_tag,Model-Supported,photosystem I core protein PsaA,Housekeeping / lineage marker,Housekeeping marker (not a transplant candidate),146.0,0.3090111642743222,0.3450479233226837,313,313,False
GF_00314,Panda_2025_Crocosphaera_ATCC51142,Panda et al. 2025,Crocosphaera subtropica ATCC 51142,1,cce_0061,WP_009543137.1,Glycolate oxidase subunit,Two-way ANOVA p value nitrate=0.0304055010835027; Two-way ANOVA p value lightordark=0.841086701919476; Two-way ANOVA p value Interaction=0.229854350236319; D-_avgLFQ=27.229633808136; D+_avgLFQ=27.0534296035767; L-_avgLFQ=27.3868451118469; L+_avgLFQ=26.8354516029358; D-_D+(logFC)=0.1762042045593013; L-_L+(logFC)=0.5513935089110973,old_locus_tag,Model-Supported,glycolate oxidase subunit GlcD,Respiration & bioenergetics,FOX-consistent support function (plausible rediscovery),169.0,0.481658692185008,0.6046511627906976,129,129,False
GF_00314,Sandh_2014_Nostoc_punctiforme,Sandh et al. 2014,Nostoc punctiforme PCC 73102,2,Npun_R6128,WP_012412357.1,"glcD; Glycolate oxidase subunit GlcD, TIGR call. = photorespiration",Log2 Ratio (Heterocyst/Filaments)=0.08037271501010392; Variability [%]=13.3389173876074; Peptide Pair Count=3;2 | Log2 Ratio (Heterocyst/Filaments)=0.08037271501010392; Variability [%]=13.3389173876074; Peptide Pair Count=3;2,old_locus_tag,Model-Supported,glycolate oxidase subunit GlcD,Respiration & bioenergetics,FOX-consistent support function (plausible rediscovery),169.0,0.481658692185008,0.6046511627906976,129,129,False
GF_00316,Panda_2025_Crocosphaera_ATCC51142,Panda et al. 2025,Crocosphaera subtropica ATCC 51142,1,cce_3423,WP_009545408.1,UDP-glucose 6-dehydrogenase,Two-way ANOVA p value nitrate=0.0046090200292954; Two-way ANOVA p value lightordark=2.19380341022872e-05; Two-way ANOVA p value Interaction=0.0137789215543729; D-_avgLFQ=25.8305115699768; D+_avgLFQ=26.7155156135559; L-_avgLFQ=27.1650996208191; L+_avgLFQ=27.2473468780518; D-_D+(logFC)=-0.8850040435791016; L-_L+(logFC)=-0.08224725723270154,old_locus_tag,Model-Supported,UDP-glucose/GDP-mannose dehydrogenase family protein,Other / unassigned,FOX-consistent support function (plausible rediscovery),73.0,0.687799043062201,0.6,150,150,False
GF_00316,Sandh_2014_Nostoc_punctiforme,Sandh et al. 2014,Nostoc punctiforme PCC 73102,2,Npun_R5160,WP_012411445.1,Ugd; UDP-glucose 6-dehydrogenase.,Log2 Ratio (Heterocyst/Filaments)=-1.6162468076503407; Variability [%]=2.00331635674232; Peptide Pair Count=4;5 | 24h Log2 Ratio (Het/Fil) (Present study)=-1.6162468076503407; Variability [%]=2.00331635674232; Peptide Pair Count=4;5; Steady state Log2 ratio [7]=-2.242960269711098,old_locus_tag,Model-Supported,UDP-glucose/GDP-mannose dehydrogenase family protein,Other / unassigned,FOX-consistent support function (plausible rediscovery),73.0,0.687799043062201,0.6,150,150,False
GF_00316,Welkie_2014_Cyanothece_PCC7822,Welkie et al. 2014,Gloeothece verrucosa PCC 7822,1,Cyan7822_5295,WP_013325214.1,ref|YP_003890451.1| nucleotide sugar dehydrogenase [Cyanothece sp. PCC 7822],CT_D0=1.05462036153267; CT_D3=0.802089665; CT_L0=1.67973185560526; CT_L3=1.58315364441561,old_locus_tag,Model-Supported,UDP-glucose/GDP-mannose dehydrogenase family protein,Other / unassigned,FOX-consistent support function (plausible rediscovery),73.0,0.687799043062201,0.6,150,150,False
GF_00318,Panda_2025_Crocosphaera_ATCC51142,Panda et al. 2025,Crocosphaera subtropica ATCC 51142,1,cce_1176,WP_009544006.1,NAD(P)H-quinone oxidoreductase subunit 2,Two-way ANOVA p value nitrate=0.00495543490533193; Two-way ANOVA p value lightordark=0.0543327804862767; Two-way ANOVA p value Interaction=0.0469033841811083; D-_avgLFQ=22.8243861198425; D+_avgLFQ=22.5640506744385; L-_avgLFQ=22.8419365882874; L+_avgLFQ=21.6356143951416; D-_D+(logFC)=0.26033544540399944; L-_L+(logFC)=1.2063221931457981,old_locus_tag,Model-Supported,NAD(P)H-quinone oxidoreductase subunit N,Other / unassigned,Novel/uncertain candidate,182.0,0.5765550239234449,0.2916666666666667,48,48,False
GF_00319,Panda_2025_Crocosphaera_ATCC51142,Panda et al. 2025,Crocosphaera subtropica ATCC 51142,1,cce_3221,WP_009547639.1,Chaperone protein ClpB,Two-way ANOVA p value nitrate=0.0313448637327534; Two-way ANOVA p value lightordark=0.817959503764274; Two-way ANOVA p value Interaction=0.352799294756967; D-_avgLFQ=25.9602937698364; D+_avgLFQ=25.8030099868774; L-_avgLFQ=26.0888876914978; L+_avgLFQ=25.7247610092163; D-_D+(logFC)=0.15728378295900214; L-_L+(logFC)=0.3641266822814977,old_locus_tag,,,,,,,,,,
GF_00320,Held_2022_Trichodesmium_IMS101,Held et al. 2022,Trichodesmium erythraeum IMS101,1,Tery_0450,WP_011610305.1,Tery_0450 transketolase (EC 2.2.1.1) [Trichodesmium erythraeum IMS101: NC_008312],mean_relative_abundance=272.9; max=319.8@12h; min=221.3@6h; dynamic_range=98.51,old_locus_tag,Model-Supported,transketolase,Other / unassigned,Novel/uncertain candidate,141.0,0.5657894736842105,0.3396226415094339,53,53,False
GF_00320,Welkie_2014_Cyanothece_PCC7822,Welkie et al. 2014,Gloeothece verrucosa PCC 7822,1,Cyan7822_1076,WP_013321191.1,ref|YP_003886359.1| transketolase [Cyanothece sp. PCC 7822],CT_D0=1.28180608253267; CT_D3=1.366362263; CT_L0=1.24117783360526; CT_L3=1.23024934841561,old_locus_tag,Model-Supported,transketolase,Other / unassigned,Novel/uncertain candidate,141.0,0.5657894736842105,0.3396226415094339,53,53,False
GF_00321,Panda_2025_Crocosphaera_ATCC51142,Panda et al. 2025,Crocosphaera subtropica ATCC 51142,1,cce_1945,WP_009545749.1,Protein translocase subunit SecA,Two-way ANOVA p value nitrate=0.000966804995516833; Two-way ANOVA p value lightordark=0.946094757873304; Two-way ANOVA p value Interaction=0.225835624092506; D-_avgLFQ=27.9844307899475; D+_avgLFQ=27.4712243080139; L-_avgLFQ=27.8740196228027; L+_avgLFQ=27.5942587852478; D-_D+(logFC)=0.5132064819336009; L-_L+(logFC)=0.27976083755489967,old_locus_tag,,,,,,,,,,
GF_00321,Welkie_2014_Cyanothece_PCC7822,Welkie et al. 2014,Gloeothece verrucosa PCC 7822,1,Cyan7822_2151,WP_013322236.1,ref|YP_003887406.1| preprotein translocase subunit SecA [Cyanothece sp. PCC 7822],CT_D0=1.44349200453267; CT_D3=1.378878281; CT_L0=1.10537568860526; CT_L3=1.19184955341561,old_locus_tag,,,,,,,,,,
GF_00323,Panda_2025_Crocosphaera_ATCC51142,Panda et al. 2025,Crocosphaera subtropica ATCC 51142,1,cce_4045,WP_009543869.1,Peptide chain release factor 1,Two-way ANOVA p value nitrate=2.15293145705018e-05; Two-way ANOVA p value lightordark=0.756431166076681; Two-way ANOVA p value Interaction=0.493543993710439; D-_avgLFQ=26.8327178955078; D+_avgLFQ=27.3246479034424; L-_avgLFQ=26.8008766174316; L+_avgLFQ=27.4084615707397; D-_D+(logFC)=-0.4919300079346023; L-_L+(logFC)=-0.6075849533080984,old_locus_tag,Model-Supported,peptide chain release factor 1,Other / unassigned,Novel/uncertain candidate,161.0,0.6463317384370015,0.515527950310559,161,161,False
GF_00323,Welkie_2014_Cyanothece_PCC7822,Welkie et al. 2014,Gloeothece verrucosa PCC 7822,1,Cyan7822_5034,WP_013324959.1,ref|YP_003890196.1| peptide chain release factor 1 [Cyanothece sp. PCC 7822],CT_D0=1.31129620353267; CT_D3=1.458159693; CT_L0=1.24268895460526; CT_L3=1.10745067541561,old_locus_tag,Model-Supported,peptide chain release factor 1,Other / unassigned,Novel/uncertain candidate,161.0,0.6463317384370015,0.515527950310559,161,161,False
GF_00325,Panda_2025_Crocosphaera_ATCC51142,Panda et al. 2025,Crocosphaera subtropica ATCC 51142,1,cce_4758,WP_009543204.1,"Fructose-1,6-bisphosphatase class 1",Two-way ANOVA p value nitrate=2.93444615845777e-09; Two-way ANOVA p value lightordark=0.0146507951220587; Two-way ANOVA p value Interaction=0.182094558923528; D-_avgLFQ=29.9587440490723; D+_avgLFQ=28.5262036323547; L-_avgLFQ=29.5947995185852; L+_avgLFQ=28.4039673805237; D-_D+(logFC)=1.4325404167176004; L-_L+(logFC)=1.1908321380615021,old_locus_tag,,,,,,,,,,
GF_00325,Welkie_2014_Cyanothece_PCC7822,Welkie et al. 2014,Gloeothece verrucosa PCC 7822,1,Cyan7822_4171,WP_013324152.1,ref|YP_003889364.1| Inositol phosphatase/fructose-16-bisphosphatase [Cyanothece sp. PCC 7822],CT_D0=1.44995840653267; CT_D3=1.51858304; CT_L0=1.05830763560526; CT_L3=1.09274644541561,old_locus_tag,,,,,,,,,,
GF_00326,Held_2022_Trichodesmium_IMS101,Held et al. 2022,Trichodesmium erythraeum IMS101,1,Tery_1532,WP_011611189.1,Tery_1532 chlL ferredoxin protochlorophyllide reductase subunit L (EC 1.3.7.7) [Trichodesmium erythraeum IMS101: NC_008312],mean_relative_abundance=19.07; max=33.43@20h; min=7.205@9h; dynamic_range=26.23,old_locus_tag,Model-Supported,ferredoxin:protochlorophyllide reductase (ATP-dependent) iron-sulfur ATP-binding protein,Metallocluster & Fe-S biogenesis,FOX-consistent support function (plausible rediscovery),57.0,0.6638755980861244,0.403041825095057,263,263,False
GF_00328,Held_2022_Trichodesmium_IMS101,Held et al. 2022,Trichodesmium erythraeum IMS101,1,Tery_3001,WP_011612511.1,Tery_3001 rplX LSU ribosomal protein L24P [Trichodesmium erythraeum IMS101: NC_008312],mean_relative_abundance=8.214; max=10.72@13h; min=5.448@23h; dynamic_range=5.275,old_locus_tag,,,,,,,,,,
GF_00329,Welkie_2014_Cyanothece_PCC7822,Welkie et al. 2014,Gloeothece verrucosa PCC 7822,1,Cyan7822_2724,WP_013322796.1,ref|YP_003887966.1| 50S ribosomal protein L19 [Cyanothece sp. PCC 7822],CT_D0=1.27859616653267; CT_D3=1.063654708; CT_L0=1.23750114960526; CT_L3=1.53984350441561,old_locus_tag,,,,,,,,,,
GF_00330,Held_2022_Trichodesmium_IMS101,Held et al. 2022,Trichodesmium erythraeum IMS101,1,Tery_0171,WP_011610061.1,Tery_0171 3-deoxy-D-arabinoheptulosonate-7-phosphate synthase (EC 2.5.1.54) [Trichodesmium erythraeum IMS101: NC_008312],mean_relative_abundance=46.63; max=58.6@4h; min=36.45@11h; dynamic_range=22.15,old_locus_tag,Model-Supported,3-deoxy-7-phosphoheptulonate synthase,Other / unassigned,Novel/uncertain candidate,23.0,0.8720095693779905,0.562874251497006,167,167,False
GF_00330,Panda_2025_Crocosphaera_ATCC51142,Panda et al. 2025,Crocosphaera subtropica ATCC 51142,1,cce_3366,WP_009545461.1,Carboxysome formation protein,Two-way ANOVA p value nitrate=7.57664851956938e-06; Two-way ANOVA p value lightordark=0.000695459060686137; Two-way ANOVA p value Interaction=0.109324867508721; D-_avgLFQ=29.8896656036377; D+_avgLFQ=30.2775826454163; L-_avgLFQ=29.4666576385498; L+_avgLFQ=30.08851146698; D-_D+(logFC)=-0.3879170417786; L-_L+(logFC)=-0.6218538284301971,old_locus_tag,Model-Supported,3-deoxy-7-phosphoheptulonate synthase,Other / unassigned,Novel/uncertain candidate,23.0,0.8720095693779905,0.562874251497006,167,167,False
GF_00333,Panda_2025_Crocosphaera_ATCC51142,Panda et al. 2025,Crocosphaera subtropica ATCC 51142,1,cce_2778,WP_009544537.1,Putative involved in polyketide (Linear poly-beta-ketones) synthesis,Two-way ANOVA p value nitrate=0.014607209806886; Two-way ANOVA p value lightordark=0.168220207430717; Two-way ANOVA p value Interaction=0.64044008293891; D-_avgLFQ=25.6578388214111; D+_avgLFQ=25.9698362350464; L-_avgLFQ=25.7877407073975; L+_avgLFQ=26.2258195877075; D-_D+(logFC)=-0.3119974136353001; L-_L+(logFC)=-0.43807888031000175,old_locus_tag,,,,,,,,,,
GF_00335,Panda_2025_Crocosphaera_ATCC51142,Panda et al. 2025,Crocosphaera subtropica ATCC 51142,1,cce_2782,WP_009544533.1,LysR family transcriptional regulator,Two-way ANOVA p value nitrate=4.4638853637765e-06; Two-way ANOVA p value lightordark=0.280070158274773; Two-way ANOVA p value Interaction=0.0272862291367605; D-_avgLFQ=26.7461609840393; D+_avgLFQ=27.6604824066162; L-_avgLFQ=27.0671372413635; L+_avgLFQ=27.5388073921204; D-_D+(logFC)=-0.9143214225769007; L-_L+(logFC)=-0.4716701507568999,old_locus_tag,Model-Supported,LysR family transcriptional regulator,Regulation,Novel/uncertain candidate,72.0,0.6004784688995215,0.521505376344086,186,186,False
GF_00335,Sandh_2014_Nostoc_punctiforme,Sandh et al. 2014,Nostoc punctiforme PCC 73102,1,Npun_F6188,WP_012412414.1,LysR; Bacterial regulatory protein; LysR,Log2 Ratio (Heterocyst/Filaments)=-0.5340204243447951; Variability [%]=39.4926873963575; Peptide Pair Count=2;1,old_locus_tag,Model-Supported,LysR family transcriptional regulator,Regulation,Novel/uncertain candidate,72.0,0.6004784688995215,0.521505376344086,186,186,False
GF_00335,Welkie_2014_Cyanothece_PCC7822,Welkie et al. 2014,Gloeothece verrucosa PCC 7822,1,Cyan7822_2382,WP_013322462.1,ref|YP_003887632.1| LysR family transcriptional regulator [Cyanothece sp. PCC 7822],CT_D0=1.40165771253267; CT_D3=1.172567923; CT_L0=1.34889506460526; CT_L3=1.19647482641561,old_locus_tag,Model-Supported,LysR family transcriptional regulator,Regulation,Novel/uncertain candidate,72.0,0.6004784688995215,0.521505376344086,186,186,False
GF_00340,Held_2022_Trichodesmium_IMS101,Held et al. 2022,Trichodesmium erythraeum IMS101,1,Tery_3913,WP_011613275.1,Tery_3913 hypothetical protein [Trichodesmium erythraeum IMS101: NC_008312],mean_relative_abundance=1.544; max=4.113@4h; min=0@9h; dynamic_range=4.113,old_locus_tag,Model-Supported,DUF3155 domain-containing protein,Stress / membrane / uncharacterized,Novel/uncertain candidate,71.0,0.6798245614035088,0.4772727272727273,220,220,False
GF_00340,Panda_2025_Crocosphaera_ATCC51142,Panda et al. 2025,Crocosphaera subtropica ATCC 51142,1,cce_3328,WP_008273172.1,Nudix hydrolase domain-containing protein,Two-way ANOVA p value nitrate=0.00271206633360052; Two-way ANOVA p value lightordark=0.278475427550313; Two-way ANOVA p value Interaction=0.0209718567066207; D-_avgLFQ=23.6484122276306; D+_avgLFQ=23.3450059890747; L-_avgLFQ=24.0652604103088; L+_avgLFQ=22.3056111335754; D-_D+(logFC)=0.3034062385559011; L-_L+(logFC)=1.7596492767333984,old_locus_tag,Model-Supported,DUF3155 domain-containing protein,Stress / membrane / uncharacterized,Novel/uncertain candidate,71.0,0.6798245614035088,0.4772727272727273,220,220,False
GF_00342,Panda_2025_Crocosphaera_ATCC51142,Panda et al. 2025,Crocosphaera subtropica ATCC 51142,1,cce_0298,WP_008276531.1,Two-component response regulator,Two-way ANOVA p value nitrate=0.000220794235222503; Two-way ANOVA p value lightordark=0.000234835463514509; Two-way ANOVA p value Interaction=0.882354034868691; D-_avgLFQ=26.0367832183838; D+_avgLFQ=25.2551879882813; L-_avgLFQ=26.7687854766846; L+_avgLFQ=26.0313248634338; D-_D+(logFC)=0.7815952301025; L-_L+(logFC)=0.7374606132507999,old_locus_tag,,,,,,,,,,
GF_00343,Held_2022_Trichodesmium_IMS101,Held et al. 2022,Trichodesmium erythraeum IMS101,1,Tery_2992,WP_006276978.1,Tery_2992 infA bacterial translation initiation factor 1 (bIF-1) [Trichodesmium erythraeum IMS101: NC_008312],mean_relative_abundance=3.908; max=7.301@12h; min=1.857@20h; dynamic_range=5.444,old_locus_tag,Model-Supported,translation initiation factor IF-1,Other / unassigned,Novel/uncertain candidate,64.0,0.5833333333333334,0.4357976653696498,257,257,False
GF_00343,Panda_2025_Crocosphaera_ATCC51142,Panda et al. 2025,Crocosphaera subtropica ATCC 51142,1,cce_4035,WP_007306424.1,Translation initiation factor IF-1,Two-way ANOVA p value nitrate=2.21689882257638e-05; Two-way ANOVA p value lightordark=0.30908227827114; Two-way ANOVA p value Interaction=0.00180177722132934; D-_avgLFQ=28.9640340805054; D+_avgLFQ=27.6544575691223; L-_avgLFQ=28.6053590774536; L+_avgLFQ=28.2735867500305; D-_D+(logFC)=1.3095765113830993; L-_L+(logFC)=0.33177232742309926,old_locus_tag,Model-Supported,translation initiation factor IF-1,Other / unassigned,Novel/uncertain candidate,64.0,0.5833333333333334,0.4357976653696498,257,257,False
GF_00344,Sandh_2014_Nostoc_punctiforme,Sandh et al. 2014,Nostoc punctiforme PCC 73102,2,Npun_F0126,WP_012406955.1,Glycoside hydrolase; family 57,Log2 Ratio (Heterocyst/Filaments)=-2.0290523574117914; Variability [%]=6.1234538595882; Peptide Pair Count=1;2 | Log2 Ratio (Heterocyst/Filaments)=-2.0290523574117914; Variability [%]=6.1234538595882; Peptide Pair Count=1;2,old_locus_tag,Model-Supported,glycoside hydrolase family 57 protein,Other / unassigned,Novel/uncertain candidate,75.0,0.6244019138755981,0.4052863436123348,227,227,False
GF_00344,Welkie_2014_Cyanothece_PCC7822,Welkie et al. 2014,Gloeothece verrucosa PCC 7822,1,Cyan7822_1891,WP_013321981.1,ref|YP_003887150.1| hypothetical protein Cyan7822_1891 [Cyanothece sp. PCC 7822],CT_D0=1.29172347553267; CT_D3=1.527416054; CT_L0=1.13346960260526; CT_L3=1.16698639441561,old_locus_tag,Model-Supported,glycoside hydrolase family 57 protein,Other / unassigned,Novel/uncertain candidate,75.0,0.6244019138755981,0.4052863436123348,227,227,False
GF_00346,Held_2022_Trichodesmium_IMS101,Held et al. 2022,Trichodesmium erythraeum IMS101,1,Tery_2793,WP_011612331.1,Tery_2793 eno enolase (EC 4.2.1.11) [Trichodesmium erythraeum IMS101: NC_008312],mean_relative_abundance=85.82; max=121.2@12h; min=69.92@23h; dynamic_range=51.27,old_locus_tag,Model-Supported,phosphopyruvate hydratase,Other / unassigned,Novel/uncertain candidate,52.0,0.3748006379585327,0.8260869565217391,92,92,False
GF_00346,Sandh_2014_Nostoc_punctiforme,Sandh et al. 2014,Nostoc punctiforme PCC 73102,2,Npun_R3508,WP_012409888.1,eno; Enolase,Log2 Ratio (Heterocyst/Filaments)=-1.190785510880726; Variability [%]=25.6262596811133; Peptide Pair Count=3;3 | 24h Log2 Ratio (Het/Fil) (Present study)=-1.190785510880726; Variability [%]=25.6262596811133; Peptide Pair Count=3;3; Steady state Log2 ratio [7]=0.6175435236292502,old_locus_tag,Model-Supported,phosphopyruvate hydratase,Other / unassigned,Novel/uncertain candidate,52.0,0.3748006379585327,0.8260869565217391,92,92,False
GF_00349,Held_2022_Trichodesmium_IMS101,Held et al. 2022,Trichodesmium erythraeum IMS101,1,Tery_0476,WP_011610327.1,Tery_0476 tuf translation elongation factor 1A (EF-1A/EF-Tu) [Trichodesmium erythraeum IMS101: NC_008312],mean_relative_abundance=707.5; max=771.5@18h; min=638.5@4h; dynamic_range=133,old_locus_tag,Model-Supported,elongation factor Tu,Other / unassigned,Novel/uncertain candidate,22.0,0.6168261562998405,0.3894736842105263,285,285,False
GF_00349,Panda_2025_Crocosphaera_ATCC51142,Panda et al. 2025,Crocosphaera subtropica ATCC 51142,1,cce_4088,WP_009543830.1,Elongation factor Tu,Two-way ANOVA p value nitrate=9.40855970794322e-09; Two-way ANOVA p value lightordark=0.0972580150846368; Two-way ANOVA p value Interaction=0.184942089222649; D-_avgLFQ=32.4127140045166; D+_avgLFQ=31.0999011993408; L-_avgLFQ=32.1374530792236; L+_avgLFQ=31.0662236213684; D-_D+(logFC)=1.3128128051758026; L-_L+(logFC)=1.0712294578551962,old_locus_tag,Model-Supported,elongation factor Tu,Other / unassigned,Novel/uncertain candidate,22.0,0.6168261562998405,0.3894736842105263,285,285,False
GF_00349,Sandh_2014_Nostoc_punctiforme,Sandh et al. 2014,Nostoc punctiforme PCC 73102,2,Npun_F3884,WP_012410239.1,EF-Tu; Translation elongation factor Tu:,Log2 Ratio (Heterocyst/Filaments)=-2.0288201740779153; Variability [%]=3.50715611805287; Peptide Pair Count=6;8 | 24h Log2 Ratio (Het/Fil) (Present study)=-2.0288201740779153; Variability [%]=3.50715611805287; Peptide Pair Count=6;8; Steady state Log2 ratio [7]=-1.064803065621924,old_locus_tag,Model-Supported,elongation factor Tu,Other / unassigned,Novel/uncertain candidate,22.0,0.6168261562998405,0.3894736842105263,285,285,False
GF_00349,Welkie_2014_Cyanothece_PCC7822,Welkie et al. 2014,Gloeothece verrucosa PCC 7822,1,Cyan7822_2138,WP_013322224.1,ref|YP_003887393.1| translation elongation factor Tu [Cyanothece sp. PCC 7822],CT_D0=1.17278603653267; CT_D3=1.260199309; CT_L0=1.28317475360526; CT_L3=1.40343542841561,old_locus_tag,Model-Supported,elongation factor Tu,Other / unassigned,Novel/uncertain candidate,22.0,0.6168261562998405,0.3894736842105263,285,285,False
GF_00350,Held_2022_Trichodesmium_IMS101,Held et al. 2022,Trichodesmium erythraeum IMS101,1,Tery_2606,WP_011612163.1,Tery_2606 ribulose-5-phosphate 3-epimerase (EC 5.1.3.1) [Trichodesmium erythraeum IMS101: NC_008312],mean_relative_abundance=48.76; max=70.82@11h; min=22.81@6h; dynamic_range=48.01,old_locus_tag,Model-Supported,ribulose-phosphate 3-epimerase,Other / unassigned,Novel/uncertain candidate,178.0,0.458133971291866,0.315625,320,320,False
GF_00350,Panda_2025_Crocosphaera_ATCC51142,Panda et al. 2025,Crocosphaera subtropica ATCC 51142,1,cce_0798,WP_009546037.1,Ribulose-phosphate 3-epimerase,Two-way ANOVA p value nitrate=6.47086767182972e-08; Two-way ANOVA p value lightordark=0.73459382730083; Two-way ANOVA p value Interaction=0.350488073493142; D-_avgLFQ=29.5948538780212; D+_avgLFQ=30.0205206871033; L-_avgLFQ=29.5700540542603; L+_avgLFQ=30.0728826522827; D-_D+(logFC)=-0.42566680908209875; L-_L+(logFC)=-0.5028285980224005,old_locus_tag,Model-Supported,ribulose-phosphate 3-epimerase,Other / unassigned,Novel/uncertain candidate,178.0,0.458133971291866,0.315625,320,320,False
GF_00350,Sandh_2014_Nostoc_punctiforme,Sandh et al. 2014,Nostoc punctiforme PCC 73102,1,Npun_F1541,WP_012408248.1,rpe; Ribulose-phosphate 3-epimerase,Log2 Ratio (Heterocyst/Filaments)=-2.6998596874473932; Variability [%]=24.0603741331004; Peptide Pair Count=1;3,old_locus_tag,Model-Supported,ribulose-phosphate 3-epimerase,Other / unassigned,Novel/uncertain candidate,178.0,0.458133971291866,0.315625,320,320,False
GF_00350,Welkie_2014_Cyanothece_PCC7822,Welkie et al. 2014,Gloeothece verrucosa PCC 7822,1,Cyan7822_0124,WP_013320285.1,ref|YP_003885450.1| ribulose-phosphate 3-epimerase [Cyanothece sp. PCC 7822],CT_D0=1.24225884353267; CT_D3=1.156778805; CT_L0=1.28309245660526; CT_L3=1.43746542241561,old_locus_tag,Model-Supported,ribulose-phosphate 3-epimerase,Other / unassigned,Novel/uncertain candidate,178.0,0.458133971291866,0.315625,320,320,False
GF_00351,Held_2022_Trichodesmium_IMS101,Held et al. 2022,Trichodesmium erythraeum IMS101,1,Tery_1799,WP_011611433.1,Tery_1799 petC Rieske (2Fe-2S) region [Trichodesmium erythraeum IMS101: NC_008312],mean_relative_abundance=13.86; max=19.91@1h; min=7.824@14h; dynamic_range=12.09,old_locus_tag,,,,,,,,,,
GF_00351,Welkie_2014_Cyanothece_PCC7822,Welkie et al. 2014,Gloeothece verrucosa PCC 7822,1,Cyan7822_0236,WP_013320395.1,ref|YP_003885560.1| cytochrome b6-f complex Fe-S subunit [Cyanothece sp. PCC 7822],CT_D0=1.24561664353267; CT_D3=1.043513887; CT_L0=1.46017524360526; CT_L3=1.37028975341561,old_locus_tag,,,,,,,,,,
GF_00352,Held_2022_Trichodesmium_IMS101,Held et al. 2022,Trichodesmium erythraeum IMS101,2,Tery_3311;Tery_3312,WP_011612760.1;WP_011612761.1,Tery_3311 thioredoxin [Trichodesmium erythraeum IMS101: NC_008312] | Tery_3312 thioredoxin [Trichodesmium erythraeum IMS101: NC_008312],mean_relative_abundance=19.66; max=32.12@12h; min=10.21@20h; dynamic_range=21.91 | mean_relative_abundance=12.76; max=19.81@9h; min=7.29@11h; dynamic_range=12.52,old_locus_tag,Model-Supported,thioredoxin,O2 protection & redox homeostasis,FOX-consistent support function (plausible rediscovery),44.0,0.7256778309409888,0.515527950310559,161,161,False
GF_00352,Panda_2025_Crocosphaera_ATCC51142,Panda et al. 2025,Crocosphaera subtropica ATCC 51142,1,cce_3988,WP_009543920.1,Thioredoxin,Two-way ANOVA p value nitrate=0.0798188039912307; Two-way ANOVA p value lightordark=0.0214281135903731; Two-way ANOVA p value Interaction=0.166598648765349; D-_avgLFQ=31.7789149284363; D+_avgLFQ=32.0689997673035; L-_avgLFQ=31.6785931587219; L+_avgLFQ=31.7163743972778; D-_D+(logFC)=-0.2900848388672017; L-_L+(logFC)=-0.0377812385559011,old_locus_tag,Model-Supported,thioredoxin,O2 protection & redox homeostasis,FOX-consistent support function (plausible rediscovery),44.0,0.7256778309409888,0.515527950310559,161,161,False
GF_00352,Welkie_2014_Cyanothece_PCC7822,Welkie et al. 2014,Gloeothece verrucosa PCC 7822,1,Cyan7822_4442,WP_013324419.1,ref|YP_003889631.1| thioredoxin [Cyanothece sp. PCC 7822],CT_D0=1.44319158353267; CT_D3=1.20046373; CT_L0=1.27295836760526; CT_L3=1.20298184741561,old_locus_tag,Model-Supported,thioredoxin,O2 protection & redox homeostasis,FOX-consistent support function (plausible rediscovery),44.0,0.7256778309409888,0.515527950310559,161,161,False
GF_00353,Held_2022_Trichodesmium_IMS101,Held et al. 2022,Trichodesmium erythraeum IMS101,1,Tery_2996,WP_011612506.1,Tery_2996 rpsE SSU ribosomal protein S5P [Trichodesmium erythraeum IMS101: NC_008312],mean_relative_abundance=57.11; max=91.99@12h; min=45.58@13h; dynamic_range=46.42,old_locus_tag,Model-Supported,30S ribosomal protein S5,Housekeeping / lineage marker,Housekeeping marker (not a transplant candidate),256.0,0.3281499202551834,0.4705882352941176,221,221,False
GF_00353,Panda_2025_Crocosphaera_ATCC51142,Panda et al. 2025,Crocosphaera subtropica ATCC 51142,1,cce_4031,WP_009543881.1,30S ribosomal protein S5,Two-way ANOVA p value nitrate=5.82706372438681e-06; Two-way ANOVA p value lightordark=0.0169996616369172; Two-way ANOVA p value Interaction=0.0226677391331197; D-_avgLFQ=29.5991687774658; D+_avgLFQ=30.1451597213745; L-_avgLFQ=29.615993976593; L+_avgLFQ=30.7270946502686; D-_D+(logFC)=-0.5459909439087021; L-_L+(logFC)=-1.111100673675601,old_locus_tag,Model-Supported,30S ribosomal protein S5,Housekeeping / lineage marker,Housekeeping marker (not a transplant candidate),256.0,0.3281499202551834,0.4705882352941176,221,221,False
GF_00353,Welkie_2014_Cyanothece_PCC7822,Welkie et al. 2014,Gloeothece verrucosa PCC 7822,1,Cyan7822_5048,WP_013324973.1,ref|YP_003890210.1| 30S ribosomal protein S5 [Cyanothece sp. PCC 7822],CT_D0=1.02502708053267; CT_D3=1.043176305; CT_L0=1.13251975660526; CT_L3=1.91887238641561,old_locus_tag,Model-Supported,30S ribosomal protein S5,Housekeeping / lineage marker,Housekeeping marker (not a transplant candidate),256.0,0.3281499202551834,0.4705882352941176,221,221,False
GF_00360,Held_2022_Trichodesmium_IMS101,Held et al. 2022,Trichodesmium erythraeum IMS101,1,Tery_1519,WP_011611179.1,Tery_1519 ppa Inorganic diphosphatase [Trichodesmium erythraeum IMS101: NC_008312],mean_relative_abundance=19.12; max=25.7@4h; min=14.58@11h; dynamic_range=11.12,old_locus_tag,Model-Supported,inorganic diphosphatase,Other / unassigned,Novel/uncertain candidate,362.0,0.2986443381180223,0.4304347826086956,230,230,False
GF_00360,Panda_2025_Crocosphaera_ATCC51142,Panda et al. 2025,Crocosphaera subtropica ATCC 51142,1,cce_4329,WP_009543609.1,Inorganic pyrophosphatase,Two-way ANOVA p value nitrate=0.00059802035036035; Two-way ANOVA p value lightordark=0.19557974612999; Two-way ANOVA p value Interaction=0.299823928497155; D-_avgLFQ=27.9583802223206; D+_avgLFQ=27.2148942947388; L-_avgLFQ=28.475480556488; L+_avgLFQ=27.2753672599792; D-_D+(logFC)=0.7434859275817978; L-_L+(logFC)=1.2001132965088033,old_locus_tag,Model-Supported,inorganic diphosphatase,Other / unassigned,Novel/uncertain candidate,362.0,0.2986443381180223,0.4304347826086956,230,230,False
GF_00360,Sandh_2014_Nostoc_punctiforme,Sandh et al. 2014,Nostoc punctiforme PCC 73102,2,Npun_F2553,WP_012409101.1,Ppa; Inorganic diphosphatase.,Log2 Ratio (Heterocyst/Filaments)=-2.728981874901513; Variability [%]=38.383849306375; Peptide Pair Count=4;4 | Log2 Ratio (Heterocyst/Filaments)=-2.728981874901513; Variability [%]=38.383849306375; Peptide Pair Count=4;4,old_locus_tag,Model-Supported,inorganic diphosphatase,Other / unassigned,Novel/uncertain candidate,362.0,0.2986443381180223,0.4304347826086956,230,230,False
GF_00361,Sandh_2014_Nostoc_punctiforme,Sandh et al. 2014,Nostoc punctiforme PCC 73102,1,Npun_F4277,WP_012410619.1,pvtK; Pyruvate kinase,Log2 Ratio (Heterocyst/Filaments)=-0.16516498896573228; Variability [%]=33.8325322101391; Peptide Pair Count=2;2,old_locus_tag,Highly Pure,pyruvate kinase,Other / unassigned,Novel/uncertain candidate,,,0.9315068493150684,73,73,False
GF_00362,Held_2022_Trichodesmium_IMS101,Held et al. 2022,Trichodesmium erythraeum IMS101,1,Tery_0543,WP_011610387.1,Tery_0543 clpB ATPase AAA-2 [Trichodesmium erythraeum IMS101: NC_008312],mean_relative_abundance=29.09; max=39.12@14h; min=17.7@1h; dynamic_range=21.42,old_locus_tag,Model-Supported,ATP-dependent chaperone ClpB,Other / unassigned,Novel/uncertain candidate,51.0,0.5689792663476874,0.5723270440251572,159,159,False
GF_00362,Sandh_2014_Nostoc_punctiforme,Sandh et al. 2014,Nostoc punctiforme PCC 73102,3,Npun_F2993;Npun_F4427,WP_012409500.1;WP_012410756.1,"ClpA; AAA ATPase; central region:Clp; N | clpB/A AAA ATPase, central region:Clp, N terminal - cytoplasm, P",Log2 Ratio (Heterocyst/Filaments)=0.4255480128033678; Variability [%]=10.7356804559653; Peptide Pair Count=5;2 | Log2 Ratio (Heterocyst/Filaments)=0.41138266930257505; Variability [%]=12.2370183770341; Peptide Pair Count=5;1 | Log2 Ratio (Heterocyst/Filaments)=0.41138266930257505; Variability [%]=12.2370183770341; Peptide Pair Count=5;1,old_locus_tag,Model-Supported,ATP-dependent chaperone ClpB,Other / unassigned,Novel/uncertain candidate,51.0,0.5689792663476874,0.5723270440251572,159,159,False
GF_00363,Held_2022_Trichodesmium_IMS101,Held et al. 2022,Trichodesmium erythraeum IMS101,1,Tery_0474,WP_011610325.1,Tery_0474 rpsG SSU ribosomal protein S7P [Trichodesmium erythraeum IMS101: NC_008312],mean_relative_abundance=49.15; max=74.14@6h; min=33.77@18h; dynamic_range=40.37,old_locus_tag,Model-Supported,30S ribosomal protein S7,Housekeeping / lineage marker,Housekeeping marker (not a transplant candidate),28.0,0.8253588516746412,0.7864077669902912,103,103,False
GF_00376,Sandh_2014_Nostoc_punctiforme,Sandh et al. 2014,Nostoc punctiforme PCC 73102,1,Npun_F0949,WP_012407702.1,secA; SecA protein,Log2 Ratio (Heterocyst/Filaments)=-0.39209751485213346; Variability [%]=4.22331515551009; Peptide Pair Count=1;1,old_locus_tag,Highly Pure,preprotein translocase subunit SecA,Other / unassigned,Novel/uncertain candidate,,,0.958904109589041,73,73,False
GF_00378,Held_2022_Trichodesmium_IMS101,Held et al. 2022,Trichodesmium erythraeum IMS101,1,Tery_2984,WP_011612495.1,Tery_2984 rpsI SSU ribosomal protein S9P [Trichodesmium erythraeum IMS101: NC_008312],mean_relative_abundance=40.45; max=67.2@23h; min=17.48@4h; dynamic_range=49.72,old_locus_tag,Highly Pure,30S ribosomal protein S9,Housekeeping / lineage marker,Housekeeping marker (not a transplant candidate),,,0.9078947368421052,76,76,False
GF_00378,Sandh_2014_Nostoc_punctiforme,Sandh et al. 2014,Nostoc punctiforme PCC 73102,2,Npun_R4362,WP_012410698.1,RpsI; Ribosomal protein S9,Log2 Ratio (Heterocyst/Filaments)=0.8271167882053524; Variability [%]=0.215387358232854; Peptide Pair Count=7;9 | Log2 Ratio (Heterocyst/Filaments)=0.8271167882053524; Variability [%]=0.215387358232854; Peptide Pair Count=7;9,old_locus_tag,Highly Pure,30S ribosomal protein S9,Housekeeping / lineage marker,Housekeeping marker (not a transplant candidate),,,0.9078947368421052,76,76,False
GF_00379,Sandh_2014_Nostoc_punctiforme,Sandh et al. 2014,Nostoc punctiforme PCC 73102,1,Npun_R4390,WP_012410725.1,RplC; Ribosomal protein L3,Log2 Ratio (Heterocyst/Filaments)=0.6488614088340884; Variability [%]=8.37014651067089; Peptide Pair Count=3;1,old_locus_tag,Highly Pure,50S ribosomal protein L3,Housekeeping / lineage marker,Housekeeping marker (not a transplant candidate),,,0.9577464788732394,71,71,False
GF_00384,Held_2022_Trichodesmium_IMS101,Held et al. 2022,Trichodesmium erythraeum IMS101,1,Tery_2568,WP_011612129.1,Tery_2568 protein of unknown function DUF151 [Trichodesmium erythraeum IMS101: NC_008312],mean_relative_abundance=2.438; max=4.468@13h; min=0@9h; dynamic_range=4.468,old_locus_tag,Model-Supported,bifunctional nuclease family protein,Other / unassigned,Novel/uncertain candidate,319.0,0.2854864433811802,0.7717391304347826,92,92,False
GF_00386,Held_2022_Trichodesmium_IMS101,Held et al. 2022,Trichodesmium erythraeum IMS101,1,Tery_2999,WP_011612509.1,Tery_2999 rpsH SSU ribosomal protein S8P [Trichodesmium erythraeum IMS101: NC_008312],mean_relative_abundance=18.53; max=33.58@12h; min=13.27@1h; dynamic_range=20.31,old_locus_tag,Model-Supported,30S ribosomal protein S8,Housekeeping / lineage marker,Housekeeping marker (not a transplant candidate),127.0,0.4130781499202551,0.5763888888888888,144,144,False
GF_00387,Held_2022_Trichodesmium_IMS101,Held et al. 2022,Trichodesmium erythraeum IMS101,1,Tery_4765,WP_011614034.1,"Tery_4765 Mg chelatase, subunit ChlI [Trichodesmium erythraeum IMS101: NC_008312]",mean_relative_abundance=1.991; max=3.715@20h; min=0@12h; dynamic_range=3.715,old_locus_tag,Model-Supported,YifB family Mg chelatase-like AAA ATPase,Other / unassigned,Novel/uncertain candidate,118.0,0.5151515151515151,0.8076923076923077,78,78,False
GF_00390,Sandh_2014_Nostoc_punctiforme,Sandh et al. 2014,Nostoc punctiforme PCC 73102,2,Npun_R4379,WP_012410714.1,rplX; Ribosomal protein L24,Log2 Ratio (Heterocyst/Filaments)=0.3190219281376239; Variability [%]=15.8144041803942; Peptide Pair Count=7;7 | 24h Log2 Ratio (Het/Fil) (Present study)=0.3190219281376239; Variability [%]=15.8144041803942; Peptide Pair Count=7;7; Steady state Log2 ratio [7]=0.9356195097176461,old_locus_tag,Model-Supported,50S ribosomal protein L24,Housekeeping / lineage marker,Housekeeping marker (not a transplant candidate),46.0,0.3779904306220095,0.8488372093023255,86,86,False
GF_00390,Welkie_2014_Cyanothece_PCC7822,Welkie et al. 2014,Gloeothece verrucosa PCC 7822,1,Cyan7822_5053,WP_013324978.1,ref|YP_003890215.1| 50S ribosomal protein L24 [Cyanothece sp. PCC 7822],CT_D0=1.09717795653267; CT_D3=1.105898878; CT_L0=1.39106557860526; CT_L3=1.52545311441561,old_locus_tag,Model-Supported,50S ribosomal protein L24,Housekeeping / lineage marker,Housekeeping marker (not a transplant candidate),46.0,0.3779904306220095,0.8488372093023255,86,86,False
GF_00391,Welkie_2014_Cyanothece_PCC7822,Welkie et al. 2014,Gloeothece verrucosa PCC 7822,1,Cyan7822_5058,WP_013324983.1,ref|YP_003890220.1| 30S ribosomal protein S3 [Cyanothece sp. PCC 7822],CT_D0=1.14969223853267; CT_D3=1.117332587; CT_L0=1.34431741160526; CT_L3=1.50825329141561,old_locus_tag,,,,,,,,,,
GF_00393,Held_2022_Trichodesmium_IMS101,Held et al. 2022,Trichodesmium erythraeum IMS101,1,Tery_2939,WP_011612461.1,Tery_2939 rpoB DNA-directed RNA polymerase subunit beta (EC 2.7.7.6) [Trichodesmium erythraeum IMS101: NC_008312],mean_relative_abundance=70.34; max=91.99@12h; min=57.28@11h; dynamic_range=34.71,old_locus_tag,Model-Supported,DNA-directed RNA polymerase subunit beta,Housekeeping / lineage marker,Housekeeping marker (not a transplant candidate),106.0,0.4497607655502392,0.4163568773234201,269,269,False
GF_00393,Panda_2025_Crocosphaera_ATCC51142,Panda et al. 2025,Crocosphaera subtropica ATCC 51142,1,cce_3488,WP_009545344.1,DNA-directed RNA polymerase subunit beta,Two-way ANOVA p value nitrate=9.55340566714129e-06; Two-way ANOVA p value lightordark=0.00580541158295001; Two-way ANOVA p value Interaction=0.447777433813605; D-_avgLFQ=29.2564058303833; D+_avgLFQ=28.8339414596558; L-_avgLFQ=29.0900735855103; L+_avgLFQ=28.5657367706299; D-_D+(logFC)=0.4224643707275; L-_L+(logFC)=0.5243368148803995,old_locus_tag,Model-Supported,DNA-directed RNA polymerase subunit beta,Housekeeping / lineage marker,Housekeeping marker (not a transplant candidate),106.0,0.4497607655502392,0.4163568773234201,269,269,False
GF_00393,Sandh_2014_Nostoc_punctiforme,Sandh et al. 2014,Nostoc punctiforme PCC 73102,2,Npun_F4985,WP_012411284.1,rpoB; DNA-directed RNA polymerase; beta,Log2 Ratio (Heterocyst/Filaments)=0.14177370846135962; Variability [%]=13.3440462530108; Peptide Pair Count=4;4 | 24h Log2 Ratio (Het/Fil) (Present study)=0.14177370846135962; Variability [%]=13.3440462530108; Peptide Pair Count=4;4; Steady state Log2 ratio [7]=0.5029508647223649,old_locus_tag,Model-Supported,DNA-directed RNA polymerase subunit beta,Housekeeping / lineage marker,Housekeeping marker (not a transplant candidate),106.0,0.4497607655502392,0.4163568773234201,269,269,False
GF_00393,Welkie_2014_Cyanothece_PCC7822,Welkie et al. 2014,Gloeothece verrucosa PCC 7822,1,Cyan7822_5324,WP_013325242.1,ref|YP_003890479.1| DNA-directed RNA polymerase subunit beta [Cyanothece sp. PCC 7822],CT_D0=1.21762002253267; CT_D3=1.122948952; CT_L0=1.19535188660526; CT_L3=1.58367466641561,old_locus_tag,Model-Supported,DNA-directed RNA polymerase subunit beta,Housekeeping / lineage marker,Housekeeping marker (not a transplant candidate),106.0,0.4497607655502392,0.4163568773234201,269,269,False
GF_00395,Welkie_2014_Cyanothece_PCC7822,Welkie et al. 2014,Gloeothece verrucosa PCC 7822,1,Cyan7822_2992,WP_013323042.1,ref|YP_003888224.1| Glutamate synthase (ferredoxin) [Cyanothece sp. PCC 7822],CT_D0=1.45317538553267; CT_D3=1.685012725; CT_L0=1.04783447560526; CT_L3=0.933572942415608,old_locus_tag,Model-Supported,glutamate synthase large subunit,Other / unassigned,Novel/uncertain candidate,244.0,0.4820574162679426,0.2947368421052631,95,95,False
GF_00396,Panda_2025_Crocosphaera_ATCC51142,Panda et al. 2025,Crocosphaera subtropica ATCC 51142,1,cce_0605,WP_009546683.1,Protein involved in constitutive low affinity CO2 uptake,Two-way ANOVA p value nitrate=0.0116876826369616; Two-way ANOVA p value lightordark=0.00394339276966082; Two-way ANOVA p value Interaction=0.16105142330348; D-_avgLFQ=26.5306162834167; D+_avgLFQ=27.0920562744141; L-_avgLFQ=27.1658358573914; L+_avgLFQ=27.3515601158142; D-_D+(logFC)=-0.5614399909974033; L-_L+(logFC)=-0.18572425842279827,old_locus_tag,Model-Supported,CO2 hydration protein,Other / unassigned,Novel/uncertain candidate,96.0,0.7496012759170654,0.4792899408284023,169,169,False
GF_00396,Sandh_2014_Nostoc_punctiforme,Sandh et al. 2014,Nostoc punctiforme PCC 73102,1,Npun_F3690,WP_012410051.1,chpXY; CO2 hydration,Log2 Ratio (Heterocyst/Filaments)=-0.8162055957603375; Variability [%]=4.12341370738329; Peptide Pair Count=9;10,old_locus_tag,Model-Supported,CO2 hydration protein,Other / unassigned,Novel/uncertain candidate,96.0,0.7496012759170654,0.4792899408284023,169,169,False
GF_00396,Welkie_2014_Cyanothece_PCC7822,Welkie et al. 2014,Gloeothece verrucosa PCC 7822,1,Cyan7822_1420,WP_013321525.1,ref|YP_003886693.1| CO2 hydration protein [Cyanothece sp. PCC 7822],CT_D0=1.20968954853267; CT_D3=1.394365069; CT_L0=1.25588266860526; CT_L3=1.25965824041561,old_locus_tag,Model-Supported,CO2 hydration protein,Other / unassigned,Novel/uncertain candidate,96.0,0.7496012759170654,0.4792899408284023,169,169,False
GF_00403,Panda_2025_Crocosphaera_ATCC51142,Panda et al. 2025,Crocosphaera subtropica ATCC 51142,1,cce_1365,WP_009544182.1,bPH 2 domain-containing protein,Two-way ANOVA p value nitrate=0.117326601311765; Two-way ANOVA p value lightordark=0.00497658958138545; Two-way ANOVA p value Interaction=0.575642969977369; D-_avgLFQ=24.7714195251465; D+_avgLFQ=25.0358648300171; L-_avgLFQ=25.2396326065063; L+_avgLFQ=25.3695850372314; D-_D+(logFC)=-0.2644453048706019; L-_L+(logFC)=-0.12995243072509766,old_locus_tag,,,,,,,,,,
GF_00404,Held_2022_Trichodesmium_IMS101,Held et al. 2022,Trichodesmium erythraeum IMS101,1,Tery_1457,WP_011611124.1,Tery_1457 thrS Ser-tRNA(Thr) hydrolase (EC 3.1.1.-)/threonyl-tRNA synthetase (EC 6.1.1.3) [Trichodesmium erythraeum IMS101: NC_008312],mean_relative_abundance=13.88; max=18.77@13h; min=10.06@14h; dynamic_range=8.706,old_locus_tag,Model-Supported,threonine--tRNA ligase,Housekeeping / lineage marker,Housekeeping marker (not a transplant candidate),223.0,0.4433811802232855,0.4603960396039604,202,202,False
GF_00404,Welkie_2014_Cyanothece_PCC7822,Welkie et al. 2014,Gloeothece verrucosa PCC 7822,1,Cyan7822_0073,WP_013320235.1,ref|YP_003885400.1| threonyl-tRNA synthetase [Cyanothece sp. PCC 7822],CT_D0=1.27978736053267; CT_D3=1.369759759; CT_L0=1.23443789060526; CT_L3=1.23561051741561,old_locus_tag,Model-Supported,threonine--tRNA ligase,Housekeeping / lineage marker,Housekeeping marker (not a transplant candidate),223.0,0.4433811802232855,0.4603960396039604,202,202,False
GF_00405,Welkie_2014_Cyanothece_PCC7822,Welkie et al. 2014,Gloeothece verrucosa PCC 7822,1,Cyan7822_2157,WP_013322242.1,ref|YP_003887412.1| acetylglutamate kinase [Cyanothece sp. PCC 7822],CT_D0=1.50999978753267; CT_D3=1.455024049; CT_L0=1.10650646460526; CT_L3=1.04806522641561,old_locus_tag,Model-Supported,acetylglutamate kinase,Other / unassigned,Novel/uncertain candidate,88.0,0.5462519936204147,0.5287356321839081,174,174,False
GF_00408,Sandh_2014_Nostoc_punctiforme,Sandh et al. 2014,Nostoc punctiforme PCC 73102,2,Npun_F1484,WP_012408197.1,"Deoxyhypusine synthase Eukaryotic (Spermi +[eIF-5A]-lys = 1,3-diaminoprop+[eIF-5A]-deoxyhypu), P and T",Log2 Ratio (Heterocyst/Filaments)=-2.4787964834667204; Variability [%]=10.3631338698521; Peptide Pair Count=3;2 | 24h Log2 Ratio (Het/Fil) (Present study)=-2.4787964834667204; Variability [%]=10.3631338698521; Peptide Pair Count=3;2; Steady state Log2 ratio [7]=-1.3756736714449025,old_locus_tag,Model-Supported,deoxyhypusine synthase,Other / unassigned,Novel/uncertain candidate,115.0,0.293859649122807,0.8717948717948718,78,78,False
GF_00409,Held_2022_Trichodesmium_IMS101,Held et al. 2022,Trichodesmium erythraeum IMS101,1,Tery_0682,WP_011610512.1,"Tery_0682 fbp D-fructose 1,6-bisphosphatase (EC 3.1.3.11) [Trichodesmium erythraeum IMS101: NC_008312]",mean_relative_abundance=43.29; max=65.01@20h; min=32.28@11h; dynamic_range=32.72,old_locus_tag,Model-Supported,class 1 fructose-bisphosphatase,Other / unassigned,Novel/uncertain candidate,66.0,0.549043062200957,0.6290322580645161,124,124,False
GF_00409,Sandh_2014_Nostoc_punctiforme,Sandh et al. 2014,Nostoc punctiforme PCC 73102,2,Npun_F4023,WP_012410369.1,"fbp Fructose-1 6-bisphosphatase in opc, P",Log2 Ratio (Heterocyst/Filaments)=1.408641889630472; Variability [%]=6.04401901564352; Peptide Pair Count=5;5 | 24h Log2 Ratio (Het/Fil) (Present study)=1.408641889630472; Variability [%]=6.04401901564352; Peptide Pair Count=5;5; Steady state Log2 ratio [7]=1.175340304626281,old_locus_tag,Model-Supported,class 1 fructose-bisphosphatase,Other / unassigned,Novel/uncertain candidate,66.0,0.549043062200957,0.6290322580645161,124,124,False
GF_00411,Sandh_2014_Nostoc_punctiforme,Sandh et al. 2014,Nostoc punctiforme PCC 73102,1,Npun_R2767,WP_012409296.1,sdhA; Fumarate reductase/succinate dehyd,Log2 Ratio (Heterocyst/Filaments)=-0.5337000325983376; Variability [%]=1.30592765466988; Peptide Pair Count=3;4,old_locus_tag,Highly Pure,succinate dehydrogenase/fumarate reductase flavoprotein subunit,Respiration & bioenergetics,FOX-consistent support function (plausible rediscovery),,,0.9178082191780822,73,73,False
GF_00413,Held_2022_Trichodesmium_IMS101,Held et al. 2022,Trichodesmium erythraeum IMS101,1,Tery_4594,WP_011613887.1,Tery_4594 ftsH membrane protease FtsH catalytic subunit (EC 3.4.24.-) [Trichodesmium erythraeum IMS101: NC_008312],mean_relative_abundance=86.79; max=108.1@9h; min=72.65@23h; dynamic_range=35.43,old_locus_tag,Model-Supported,ATP-dependent zinc metalloprotease FtsH2,Housekeeping / lineage marker,Housekeeping marker (not a transplant candidate),408.0,0.233652312599681,0.4407582938388625,211,211,False
GF_00413,Sandh_2014_Nostoc_punctiforme,Sandh et al. 2014,Nostoc punctiforme PCC 73102,1,Npun_R1355,WP_012408087.1,FtsH; Peptidase M41; FtsH,Log2 Ratio (Heterocyst/Filaments)=0.48606720560081046; Variability [%]=15.2977652319482; Peptide Pair Count=10;9,old_locus_tag,Model-Supported,ATP-dependent zinc metalloprotease FtsH2,Housekeeping / lineage marker,Housekeeping marker (not a transplant candidate),408.0,0.233652312599681,0.4407582938388625,211,211,False
GF_00415,Held_2022_Trichodesmium_IMS101,Held et al. 2022,Trichodesmium erythraeum IMS101,1,Tery_0490,WP_011610341.1,"Tery_0490 gmd GDP-mannose 4,6-dehydratase [Trichodesmium erythraeum IMS101: NC_008312]",mean_relative_abundance=30.75; max=40.54@22h; min=19.66@13h; dynamic_range=20.88,old_locus_tag,Model-Supported,GDP-mannose 4%2C6-dehydratase,Other / unassigned,Novel/uncertain candidate,188.0,0.4988038277511961,0.5274725274725275,182,182,False
GF_00415,Panda_2025_Crocosphaera_ATCC51142,Panda et al. 2025,Crocosphaera subtropica ATCC 51142,1,cce_3233,WP_009547627.1,"GDP-mannose 4,6-dehydratase",Two-way ANOVA p value nitrate=0.31524109444525; Two-way ANOVA p value lightordark=0.0802767604950212; Two-way ANOVA p value Interaction=0.118215475403335; D-_avgLFQ=26.8495287895203; D+_avgLFQ=26.9256782531738; L-_avgLFQ=27.2805895805359; L+_avgLFQ=26.952965259552; D-_D+(logFC)=-0.0761494636535005; L-_L+(logFC)=0.32762432098390093,old_locus_tag,Model-Supported,GDP-mannose 4%2C6-dehydratase,Other / unassigned,Novel/uncertain candidate,188.0,0.4988038277511961,0.5274725274725275,182,182,False
GF_00415,Sandh_2014_Nostoc_punctiforme,Sandh et al. 2014,Nostoc punctiforme PCC 73102,2,Npun_F3485,WP_012409866.1,gmd; GDP-mannose 4;6-dehydratase,Log2 Ratio (Heterocyst/Filaments)=-1.1325762805450579; Variability [%]=0.272604650270049; Peptide Pair Count=1;2 | 24h Log2 Ratio (Het/Fil) (Present study)=-1.1325762805450579; Variability [%]=0.272604650270049; Peptide Pair Count=1;2; Steady state Log2 ratio [7]=-1.89421319161038,old_locus_tag,Model-Supported,GDP-mannose 4%2C6-dehydratase,Other / unassigned,Novel/uncertain candidate,188.0,0.4988038277511961,0.5274725274725275,182,182,False
GF_00415,Welkie_2014_Cyanothece_PCC7822,Welkie et al. 2014,Gloeothece verrucosa PCC 7822,1,Cyan7822_4311,WP_013324291.1,"ref|YP_003889503.1| GDP-mannose 4,6-dehydratase [Cyanothece sp. PCC 7822]",CT_D0=1.18225823853267; CT_D3=1.190802369; CT_L0=1.41887846360526; CT_L3=1.32765645741561,old_locus_tag,Model-Supported,GDP-mannose 4%2C6-dehydratase,Other / unassigned,Novel/uncertain candidate,188.0,0.4988038277511961,0.5274725274725275,182,182,False
GF_00417,Held_2022_Trichodesmium_IMS101,Held et al. 2022,Trichodesmium erythraeum IMS101,1,Tery_0335,WP_011610205.1,Tery_0335 Heme oxygenase (decyclizing) [Trichodesmium erythraeum IMS101: NC_008312],mean_relative_abundance=21.02; max=34.22@6h; min=5.531@1h; dynamic_range=28.69,old_locus_tag,Model-Supported,heme oxygenase (biliverdin-producing),Other / unassigned,Novel/uncertain candidate,475.0,0.1527113237639553,0.8085106382978723,47,47,False
GF_00417,Panda_2025_Crocosphaera_ATCC51142,Panda et al. 2025,Crocosphaera subtropica ATCC 51142,1,cce_2573,WP_009544737.1,Heme oxygenase (Decyclizing),Two-way ANOVA p value nitrate=0.0022922765772009; Two-way ANOVA p value lightordark=1.8038450730763e-07; Two-way ANOVA p value Interaction=4.18499211679076e-05; D-_avgLFQ=21.9148931503296; D+_avgLFQ=24.59055519104; L-_avgLFQ=26.3884696960449; L+_avgLFQ=25.7518582344055; D-_D+(logFC)=-2.6756620407103995; L-_L+(logFC)=0.6366114616394007,old_locus_tag,Model-Supported,heme oxygenase (biliverdin-producing),Other / unassigned,Novel/uncertain candidate,475.0,0.1527113237639553,0.8085106382978723,47,47,False
GF_00420,Sandh_2014_Nostoc_punctiforme,Sandh et al. 2014,Nostoc punctiforme PCC 73102,2,Npun_R1575,WP_012408279.1,BchM-ChlM; Magnesium protoporphyrin O-me,Log2 Ratio (Heterocyst/Filaments)=0.3829612285923651; Variability [%]=22.9660570795087; Peptide Pair Count=3;2 | 24h Log2 Ratio (Het/Fil) (Present study)=0.3829612285923651; Variability [%]=22.9660570795087; Peptide Pair Count=3;2; Steady state Log2 ratio [7]=1.313162738517981,old_locus_tag,Highly Pure,magnesium protoporphyrin IX methyltransferase,Other / unassigned,Novel/uncertain candidate,,,0.935483870967742,62,62,False
GF_00424,Welkie_2014_Cyanothece_PCC7822,Welkie et al. 2014,Gloeothece verrucosa PCC 7822,1,Cyan7822_5464,WP_013325377.1,ref|YP_003890614.1| methionine aminopeptidase [Cyanothece sp. PCC 7822],CT_D0=1.24816357453267; CT_D3=0.908219352; CT_L0=1.32463356260526; CT_L3=1.63857903841561,old_locus_tag,Model-Supported,type I methionyl aminopeptidase,Housekeeping / lineage marker,Housekeeping marker (not a transplant candidate),52.0,0.5705741626794258,0.4324324324324324,111,111,False
GF_00426,Panda_2025_Crocosphaera_ATCC51142,Panda et al. 2025,Crocosphaera subtropica ATCC 51142,1,cce_0302,WP_243397412.1,Bicarbontate transport system ATP-binding protein,Two-way ANOVA p value nitrate=6.8555336533289e-08; Two-way ANOVA p value lightordark=0.000298080172790765; Two-way ANOVA p value Interaction=0.00811785299750717; D-_avgLFQ=21.631664276123; D+_avgLFQ=26.6350426673889; L-_avgLFQ=24.4008135795593; L+_avgLFQ=27.2624349594116; D-_D+(logFC)=-5.003378391265898; L-_L+(logFC)=-2.8616213798522985,old_locus_tag,Model-Supported,nitrate ABC transporter ATP-binding protein,Transport,Novel/uncertain candidate,9.0,0.7137161084529505,0.4697986577181208,149,149,False
GF_00426,Welkie_2014_Cyanothece_PCC7822,Welkie et al. 2014,Gloeothece verrucosa PCC 7822,1,Cyan7822_1750,WP_013321844.1,ref|YP_003887012.1| nitrate ABC transporter ATPase subunits C and D [Cyanothece sp. PCC 7822],CT_D0=1.06459278453267; CT_D3=1.271512359; CT_L0=1.20032917960526; CT_L3=1.58316120541561,old_locus_tag,Model-Supported,nitrate ABC transporter ATP-binding protein,Transport,Novel/uncertain candidate,9.0,0.7137161084529505,0.4697986577181208,149,149,False
GF_00427,Held_2022_Trichodesmium_IMS101,Held et al. 2022,Trichodesmium erythraeum IMS101,1,Tery_3954,WP_011613311.1,Tery_3954 zeta-carotene desaturase (EC 1.3.99.26) [Trichodesmium erythraeum IMS101: NC_008312],mean_relative_abundance=7.429; max=11.31@4h; min=3.353@14h; dynamic_range=7.957,old_locus_tag,Model-Supported,9%2C9'-di-cis-zeta-carotene desaturase,Other / unassigned,Novel/uncertain candidate,214.0,0.3006379585326953,0.2727272727272727,77,77,False
GF_00430,Panda_2025_Crocosphaera_ATCC51142,Panda et al. 2025,Crocosphaera subtropica ATCC 51142,1,cce_3232,WP_009547628.1,GDP-L-fucose synthase,Two-way ANOVA p value nitrate=0.000572052341041742; Two-way ANOVA p value lightordark=0.438562702697813; Two-way ANOVA p value Interaction=0.463278948718583; D-_avgLFQ=28.287410736084; D+_avgLFQ=28.6532611846924; L-_avgLFQ=28.2844543457031; L+_avgLFQ=28.547562122345; D-_D+(logFC)=-0.365850448608402; L-_L+(logFC)=-0.263107776641899,old_locus_tag,Model-Supported,GDP-L-fucose synthase family protein,Other / unassigned,Novel/uncertain candidate,132.0,0.5211323763955343,0.4094488188976378,127,127,False
GF_00430,Sandh_2014_Nostoc_punctiforme,Sandh et al. 2014,Nostoc punctiforme PCC 73102,2,Npun_F3486,WP_012409867.1,WcaG; GDP-L-fucose synthase.,Log2 Ratio (Heterocyst/Filaments)=-1.205778827498606; Variability [%]=20.2337916722764; Peptide Pair Count=3;3 | 24h Log2 Ratio (Het/Fil) (Present study)=-1.205778827498606; Variability [%]=20.2337916722764; Peptide Pair Count=3;3; Steady state Log2 ratio [7]=-1.6607374905522707,old_locus_tag,Model-Supported,GDP-L-fucose synthase family protein,Other / unassigned,Novel/uncertain candidate,132.0,0.5211323763955343,0.4094488188976378,127,127,False
GF_00431,Sandh_2014_Nostoc_punctiforme,Sandh et al. 2014,Nostoc punctiforme PCC 73102,1,Npun_F2551,WP_012409099.1,AspA; Fumarate hydratase.,Log2 Ratio (Heterocyst/Filaments)=-2.330320926425305; Variability [%]=11.3566716664662; Peptide Pair Count=2;2,old_locus_tag,Model-Supported,aspartate ammonia-lyase,Other / unassigned,Novel/uncertain candidate,67.0,0.6802232854864434,0.7291666666666666,96,96,False
GF_00434,Panda_2025_Crocosphaera_ATCC51142,Panda et al. 2025,Crocosphaera subtropica ATCC 51142,1,cce_3209,WP_009547649.1,IMP dehydrogenase,Two-way ANOVA p value nitrate=0.000248552498101278; Two-way ANOVA p value lightordark=0.0211725509894773; Two-way ANOVA p value Interaction=0.740985144778552; D-_avgLFQ=28.8334674835205; D+_avgLFQ=29.1199893951416; L-_avgLFQ=28.7123618125916; L+_avgLFQ=28.9634408950806; D-_D+(logFC)=-0.28652191162110086; L-_L+(logFC)=-0.25107908248899946,old_locus_tag,Model-Supported,GuaB3 family IMP dehydrogenase-related protein,Other / unassigned,FOX-consistent support function (plausible rediscovery),118.0,0.6156299840510367,0.3115942028985507,138,138,False
GF_00434,Welkie_2014_Cyanothece_PCC7822,Welkie et al. 2014,Gloeothece verrucosa PCC 7822,1,Cyan7822_0720,WP_013320861.1,ref|YP_003886026.1| IMP dehydrogenase family protein [Cyanothece sp. PCC 7822],CT_D0=1.21461063453267; CT_D3=0.715802819; CT_L0=1.27504059360526; CT_L3=1.91414148041561,old_locus_tag,Model-Supported,GuaB3 family IMP dehydrogenase-related protein,Other / unassigned,FOX-consistent support function (plausible rediscovery),118.0,0.6156299840510367,0.3115942028985507,138,138,False
GF_00435,Held_2022_Trichodesmium_IMS101,Held et al. 2022,Trichodesmium erythraeum IMS101,1,Tery_1150,WP_044136450.1,Tery_1150 rod shape-determining protein MreB [Trichodesmium erythraeum IMS101: NC_008312],mean_relative_abundance=11.35; max=15.59@18h; min=6.043@15h; dynamic_range=9.543,old_locus_tag,Model-Supported,rod shape-determining protein,Other / unassigned,Novel/uncertain candidate,59.0,0.534688995215311,0.510989010989011,182,182,False
GF_00436,Held_2022_Trichodesmium_IMS101,Held et al. 2022,Trichodesmium erythraeum IMS101,1,Tery_3282,WP_011612739.1,Tery_3282 purA Adenylosuccinate synthetase (EC 6.3.4.4) [Trichodesmium erythraeum IMS101: NC_008312],mean_relative_abundance=53.58; max=75.89@22h; min=42.33@9h; dynamic_range=33.56,old_locus_tag,Model-Supported,adenylosuccinate synthase,Other / unassigned,Novel/uncertain candidate,160.0,0.3791866028708134,0.3333333333333333,141,141,False
GF_00436,Panda_2025_Crocosphaera_ATCC51142,Panda et al. 2025,Crocosphaera subtropica ATCC 51142,1,cce_4221,WP_009543706.1,Adenylosuccinate synthetase,Two-way ANOVA p value nitrate=2.32203240600538e-07; Two-way ANOVA p value lightordark=0.207943176619611; Two-way ANOVA p value Interaction=0.00186877497849072; D-_avgLFQ=28.4738893508911; D+_avgLFQ=27.2725658416748; L-_avgLFQ=28.0311121940613; L+_avgLFQ=27.4928851127625; D-_D+(logFC)=1.201323509216298; L-_L+(logFC)=0.5382270812987997,old_locus_tag,Model-Supported,adenylosuccinate synthase,Other / unassigned,Novel/uncertain candidate,160.0,0.3791866028708134,0.3333333333333333,141,141,False
GF_00437,Welkie_2014_Cyanothece_PCC7822,Welkie et al. 2014,Gloeothece verrucosa PCC 7822,1,Cyan7822_0773,WP_216701587.1,ref|YP_003886074.1| anti-sigma-factor antagonist [Cyanothece sp. PCC 7822],CT_D0=1.50064078553267; CT_D3=1.410262932; CT_L0=1.25824862160526; CT_L3=0.950443188415608,old_locus_tag,Model-Supported,STAS domain-containing protein,Other / unassigned,Novel/uncertain candidate,7.0,0.9441786283891548,0.8783783783783784,74,74,False
GF_00438,Panda_2025_Crocosphaera_ATCC51142,Panda et al. 2025,Crocosphaera subtropica ATCC 51142,1,cce_2224,WP_009546971.1,NAD(P)H-quinone oxidoreductase subunit 1,Two-way ANOVA p value nitrate=0.0023486809631243; Two-way ANOVA p value lightordark=0.251546557606655; Two-way ANOVA p value Interaction=0.575742083239369; D-_avgLFQ=28.1146712303162; D+_avgLFQ=28.6380496025085; L-_avgLFQ=28.3256211280823; L+_avgLFQ=28.7126455307007; D-_D+(logFC)=-0.5233783721922975; L-_L+(logFC)=-0.3870244026184011,old_locus_tag,Model-Supported,NADH dehydrogenase subunit H,Other / unassigned,FOX-consistent support function (plausible rediscovery),215.0,0.3277511961722488,0.4866310160427807,187,187,False
GF_00438,Welkie_2014_Cyanothece_PCC7822,Welkie et al. 2014,Gloeothece verrucosa PCC 7822,1,Cyan7822_2520,WP_013322597.1,ref|YP_003887767.1| respiratory-chain NADH dehydrogenase subunit 1 [Cyanothece sp. PCC 7822],CT_D0=0.967571751532668; CT_D3=1.00986374; CT_L0=1.89698634460526; CT_L3=1.24517369141561,old_locus_tag,Model-Supported,NADH dehydrogenase subunit H,Other / unassigned,FOX-consistent support function (plausible rediscovery),215.0,0.3277511961722488,0.4866310160427807,187,187,False
GF_00441,Panda_2025_Crocosphaera_ATCC51142,Panda et al. 2025,Crocosphaera subtropica ATCC 51142,1,cce_0735,WP_009545975.1,Dihydrolipoyl dehydrogenase,Two-way ANOVA p value nitrate=0.951232143677417; Two-way ANOVA p value lightordark=0.739706037223753; Two-way ANOVA p value Interaction=0.926240350499848; D-_avgLFQ=27.8385720252991; D+_avgLFQ=27.8181738853455; L-_avgLFQ=27.7821063995361; L+_avgLFQ=27.7862758636475; D-_D+(logFC)=0.02039813995359907; L-_L+(logFC)=-0.004169464111399179,old_locus_tag,,,,,,,,,,
GF_00441,Welkie_2014_Cyanothece_PCC7822,Welkie et al. 2014,Gloeothece verrucosa PCC 7822,1,Cyan7822_1909,WP_013321999.1,ref|YP_003887168.1| dihydrolipoamide dehydrogenase [Cyanothece sp. PCC 7822],CT_D0=1.17781049853267; CT_D3=1.242026505; CT_L0=1.33260674260526; CT_L3=1.36715178041561,old_locus_tag,,,,,,,,,,
GF_00451,Sandh_2014_Nostoc_punctiforme,Sandh et al. 2014,Nostoc punctiforme PCC 73102,2,Npun_R3868,WP_012410223.1,pyrF; Orotidine 5'-phosphate decarboxyla,Log2 Ratio (Heterocyst/Filaments)=-1.9315332934104334; Variability [%]=38.72221569358; Peptide Pair Count=2;1 | Log2 Ratio (Heterocyst/Filaments)=-1.9315332934104334; Variability [%]=38.72221569358; Peptide Pair Count=2;1,old_locus_tag,Highly Pure,orotidine-5'-phosphate decarboxylase,Other / unassigned,Novel/uncertain candidate,,,0.981132075471698,53,53,False
GF_00454,Sandh_2014_Nostoc_punctiforme,Sandh et al. 2014,Nostoc punctiforme PCC 73102,1,Npun_R6231,WP_012412455.1,DesA; Delta(12)-fatty acid dehydrogenase,Log2 Ratio (Heterocyst/Filaments)=1.1453017735435456; Variability [%]=10.1510133293899; Peptide Pair Count=1;1,old_locus_tag,Highly Pure,fatty acid desaturase,Other / unassigned,Novel/uncertain candidate,,,0.979591836734694,49,49,False
GF_00455,Held_2022_Trichodesmium_IMS101,Held et al. 2022,Trichodesmium erythraeum IMS101,1,Tery_2866,WP_011612398.1,Tery_2866 aroC chorismate synthase (EC 4.2.3.5) [Trichodesmium erythraeum IMS101: NC_008312],mean_relative_abundance=8.962; max=14.39@4h; min=5.404@9h; dynamic_range=8.99,old_locus_tag,Model-Supported,chorismate synthase,Other / unassigned,Novel/uncertain candidate,42.0,0.8740031897926634,0.6631578947368421,95,95,False
GF_00455,Sandh_2014_Nostoc_punctiforme,Sandh et al. 2014,Nostoc punctiforme PCC 73102,1,Npun_F3573,WP_012409941.1,aroC; Chorismate synthase,Log2 Ratio (Heterocyst/Filaments)=-1.3908605466406583; Variability [%]=7.20398774347945; Peptide Pair Count=2;1,old_locus_tag,Model-Supported,chorismate synthase,Other / unassigned,Novel/uncertain candidate,42.0,0.8740031897926634,0.6631578947368421,95,95,False
GF_00457,Panda_2025_Crocosphaera_ATCC51142,Panda et al. 2025,Crocosphaera subtropica ATCC 51142,1,cce_1659,WP_009544457.1,Delta-aminolevulinic acid dehydratase,Two-way ANOVA p value nitrate=1.40679086475127e-06; Two-way ANOVA p value lightordark=0.000135911729140619; Two-way ANOVA p value Interaction=0.611944404679992; D-_avgLFQ=26.4031476974487; D+_avgLFQ=27.3303017616272; L-_avgLFQ=27.0025067329407; L+_avgLFQ=27.8259887695313; D-_D+(logFC)=-0.9271540641785023; L-_L+(logFC)=-0.823482036590601,old_locus_tag,Model-Supported,porphobilinogen synthase,Other / unassigned,Novel/uncertain candidate,199.0,0.3759968102073365,0.494949494949495,198,198,False
GF_00457,Welkie_2014_Cyanothece_PCC7822,Welkie et al. 2014,Gloeothece verrucosa PCC 7822,1,Cyan7822_0201,WP_013320361.1,ref|YP_003885526.1| Porphobilinogen synthase [Cyanothece sp. PCC 7822],CT_D0=1.27300652153267; CT_D3=1.187271101; CT_L0=1.26908160260526; CT_L3=1.39023630241561,old_locus_tag,Model-Supported,porphobilinogen synthase,Other / unassigned,Novel/uncertain candidate,199.0,0.3759968102073365,0.494949494949495,198,198,False
GF_00458,Panda_2025_Crocosphaera_ATCC51142,Panda et al. 2025,Crocosphaera subtropica ATCC 51142,1,cce_1649,WP_009544448.1,OCP N-terminal domain-containing protein,Two-way ANOVA p value nitrate=1.12881324951597e-06; Two-way ANOVA p value lightordark=0.00762409511288414; Two-way ANOVA p value Interaction=0.0781572029858171; D-_avgLFQ=31.7931337356567; D+_avgLFQ=32.6867733001709; L-_avgLFQ=32.213152885437; L+_avgLFQ=32.7912263870239; D-_D+(logFC)=-0.8936395645141992; L-_L+(logFC)=-0.5780735015868999,old_locus_tag,,,,,,,,,,
GF_00458,Welkie_2014_Cyanothece_PCC7822,Welkie et al. 2014,Gloeothece verrucosa PCC 7822,1,Cyan7822_4645,WP_013324593.1,ref|YP_003889826.1| orange carotenoid protein [Cyanothece sp. PCC 7822],CT_D0=1.36889129353267; CT_D3=1.38852696; CT_L0=0.947932770605263; CT_L3=1.41424450441561,old_locus_tag,,,,,,,,,,
GF_00460,Panda_2025_Crocosphaera_ATCC51142,Panda et al. 2025,Crocosphaera subtropica ATCC 51142,1,cce_0282,WP_009546775.1,Imidazole glycerol phosphate synthase subunit HisF,Two-way ANOVA p value nitrate=0.122630693941071; Two-way ANOVA p value lightordark=0.11720209003778; Two-way ANOVA p value Interaction=0.0917337231248455; D-_avgLFQ=26.0927839279175; D+_avgLFQ=26.1872200965881; L-_avgLFQ=26.1722931861877; L+_avgLFQ=24.2546706199646; D-_D+(logFC)=-0.094436168670601; L-_L+(logFC)=1.917622566223102,old_locus_tag,,,,,,,,,,
GF_00462,Sandh_2014_Nostoc_punctiforme,Sandh et al. 2014,Nostoc punctiforme PCC 73102,2,Npun_R1357,WP_041565245.1,"gltX Glutamyl-tRNA synthetase, P",Log2 Ratio (Heterocyst/Filaments)=-2.2034512052634185; Variability [%]=50.9982552362195; Peptide Pair Count=3;3 | Log2 Ratio (Heterocyst/Filaments)=-2.2034512052634185; Variability [%]=50.9982552362195; Peptide Pair Count=3;3,old_locus_tag,Highly Pure,glutamate--tRNA ligase,Housekeeping / lineage marker,Housekeeping marker (not a transplant candidate),,,1.0,47,47,False
GF_00463,Sandh_2014_Nostoc_punctiforme,Sandh et al. 2014,Nostoc punctiforme PCC 73102,2,Npun_R0988,WP_012407741.1,clpP; Peptidase S14; ClpP,Log2 Ratio (Heterocyst/Filaments)=-1.1854041741007852; Variability [%]=42.1190236808536; Peptide Pair Count=2;1 | 24h Log2 Ratio (Het/Fil) (Present study)=-1.1854041741007852; Variability [%]=42.1190236808536; Peptide Pair Count=2;1; Steady state Log2 ratio [7]=-0.5258734182119705,old_locus_tag,Highly Pure,ATP-dependent Clp protease proteolytic subunit,Other / unassigned,Novel/uncertain candidate,,,0.9636363636363636,55,55,False
GF_00465,Sandh_2014_Nostoc_punctiforme,Sandh et al. 2014,Nostoc punctiforme PCC 73102,2,Npun_R5229,WP_012411509.1,Diaminopimelate epimerase lysine biosyn P and T,Log2 Ratio (Heterocyst/Filaments)=-2.3202339382876778; Variability [%]=19.2227977424299; Peptide Pair Count=5;5 | Log2 Ratio (Heterocyst/Filaments)=-2.3202339382876778; Variability [%]=19.2227977424299; Peptide Pair Count=5;5,old_locus_tag,Highly Pure,diaminopimelate epimerase,Other / unassigned,Novel/uncertain candidate,,,0.9454545454545454,55,55,False
GF_00476,Sandh_2014_Nostoc_punctiforme,Sandh et al. 2014,Nostoc punctiforme PCC 73102,2,Npun_F4916,WP_012411217.1,dapB; Dihydrodipicolinate reductase,Log2 Ratio (Heterocyst/Filaments)=-2.343115350047; Variability [%]=4.18968389194218; Peptide Pair Count=2;2 | 24h Log2 Ratio (Het/Fil) (Present study)=-2.343115350047; Variability [%]=4.18968389194218; Peptide Pair Count=2;2; Steady state Log2 ratio [7]=0.22385588996627354,old_locus_tag,Highly Pure,4-hydroxy-tetrahydrodipicolinate reductase,Other / unassigned,Novel/uncertain candidate,,,0.9594594594594594,74,74,False
GF_00478,Sandh_2014_Nostoc_punctiforme,Sandh et al. 2014,Nostoc punctiforme PCC 73102,1,Npun_R2799,WP_012409325.1,accD; Acetyl-CoA carboxylase carboxyl tr,Log2 Ratio (Heterocyst/Filaments)=1.5138726956355937; Variability [%]=0.265094389577849; Peptide Pair Count=3;2,old_locus_tag,Highly Pure,acetyl-CoA carboxylase%2C carboxyltransferase subunit beta,Other / unassigned,Novel/uncertain candidate,,,0.9852941176470588,68,68,False
GF_00482,Sandh_2014_Nostoc_punctiforme,Sandh et al. 2014,Nostoc punctiforme PCC 73102,2,Npun_F4802,WP_012411107.1,"grxC Glutaredoxin, P",Log2 Ratio (Heterocyst/Filaments)=-1.380802221636649; Variability [%]=16.132000352634; Peptide Pair Count=3;2 | Log2 Ratio (Heterocyst/Filaments)=-1.380802221636649; Variability [%]=16.132000352634; Peptide Pair Count=3;2,old_locus_tag,Model-Supported,glutaredoxin 3,O2 protection & redox homeostasis,FOX-consistent support function (plausible rediscovery),256.0,0.4752791068580542,0.8793103448275862,58,58,False
GF_00486,Sandh_2014_Nostoc_punctiforme,Sandh et al. 2014,Nostoc punctiforme PCC 73102,2,Npun_F4025,WP_012410371.1,zwf; Glucose-6-phosphate dehydrogenase,Log2 Ratio (Heterocyst/Filaments)=0.6396709454560343; Variability [%]=33.9798581575531; Peptide Pair Count=4;1 | 24h Log2 Ratio (Het/Fil) (Present study)=0.6396709454560343; Variability [%]=33.9798581575531; Peptide Pair Count=4;1; Steady state Log2 ratio [7]=1.9375166501068648,old_locus_tag,Highly Pure,glucose-6-phosphate dehydrogenase,Other / unassigned,FOX-consistent support function (plausible rediscovery),,,0.9583333333333334,72,72,False
GF_00487,Sandh_2014_Nostoc_punctiforme,Sandh et al. 2014,Nostoc punctiforme PCC 73102,2,Npun_R4542,WP_012410865.1,2-phosphosulfolactate phosphata,Log2 Ratio (Heterocyst/Filaments)=-2.765283277800208; Variability [%]=12.0660116377183; Peptide Pair Count=7;3 | 24h Log2 Ratio (Het/Fil) (Present study)=-2.765283277800208; Variability [%]=12.0660116377183; Peptide Pair Count=7;3; Steady state Log2 ratio [7]=-1.8573185948048607,old_locus_tag,Highly Pure,2-phosphosulfolactate phosphatase family protein,Other / unassigned,Novel/uncertain candidate,,,1.0,46,46,False
GF_00488,Held_2022_Trichodesmium_IMS101,Held et al. 2022,Trichodesmium erythraeum IMS101,1,Tery_0019,WP_011609947.1,Tery_0019 ilvD dihydroxyacid dehydratase (EC 4.2.1.9) [Trichodesmium erythraeum IMS101: NC_008312],mean_relative_abundance=44.81; max=58.6@4h; min=35.12@9h; dynamic_range=23.48,old_locus_tag,Model-Supported,dihydroxy-acid dehydratase,Other / unassigned,Novel/uncertain candidate,53.0,0.7236842105263158,0.4066985645933014,209,209,False
GF_00488,Panda_2025_Crocosphaera_ATCC51142,Panda et al. 2025,Crocosphaera subtropica ATCC 51142,1,cce_4400,WP_009543544.1,Dihydroxy-acid dehydratase,Two-way ANOVA p value nitrate=4.29633324360109e-06; Two-way ANOVA p value lightordark=0.00045698112761385; Two-way ANOVA p value Interaction=0.820016564597415; D-_avgLFQ=27.9504051208496; D+_avgLFQ=28.4666638374329; L-_avgLFQ=27.6134724617004; L+_avgLFQ=28.1610646247864; D-_D+(logFC)=-0.5162587165833017; L-_L+(logFC)=-0.5475921630859979,old_locus_tag,Model-Supported,dihydroxy-acid dehydratase,Other / unassigned,Novel/uncertain candidate,53.0,0.7236842105263158,0.4066985645933014,209,209,False
GF_00488,Sandh_2014_Nostoc_punctiforme,Sandh et al. 2014,Nostoc punctiforme PCC 73102,2,Npun_R3783,WP_012410139.1,ilvD Dihydroxy-acid dehydratase P and T,Log2 Ratio (Heterocyst/Filaments)=-2.952742523511796; Variability [%]=43.1779158625633; Peptide Pair Count=3;4 | Log2 Ratio (Heterocyst/Filaments)=-2.952742523511796; Variability [%]=43.1779158625633; Peptide Pair Count=3;4,old_locus_tag,Model-Supported,dihydroxy-acid dehydratase,Other / unassigned,Novel/uncertain candidate,53.0,0.7236842105263158,0.4066985645933014,209,209,False
GF_00503,Held_2022_Trichodesmium_IMS101,Held et al. 2022,Trichodesmium erythraeum IMS101,1,Tery_3649,WP_011613045.1,Tery_3649 allophycocyanin beta subunit apoprotein [Trichodesmium erythraeum IMS101: NC_008312],mean_relative_abundance=453.9; max=555.5@0h; min=320.8@11h; dynamic_range=234.7,old_locus_tag,Model-Supported,allophycocyanin subunit beta,Other / unassigned,Novel/uncertain candidate,195.0,0.4350079744816587,0.311377245508982,334,334,False
GF_00503,Panda_2025_Crocosphaera_ATCC51142,Panda et al. 2025,Crocosphaera subtropica ATCC 51142,1,cce_2909,WP_009547371.1,Allophycocyanin beta subunit,Two-way ANOVA p value nitrate=1.18497151996966e-06; Two-way ANOVA p value lightordark=0.925315424298076; Two-way ANOVA p value Interaction=0.0050313894451144; D-_avgLFQ=32.699667930603; D+_avgLFQ=34.0211620330811; L-_avgLFQ=33.07594871521; L+_avgLFQ=33.6653432846069; D-_D+(logFC)=-1.3214941024780984; L-_L+(logFC)=-0.5893945693969016,old_locus_tag,Model-Supported,allophycocyanin subunit beta,Other / unassigned,Novel/uncertain candidate,195.0,0.4350079744816587,0.311377245508982,334,334,False
GF_00503,Sandh_2014_Nostoc_punctiforme,Sandh et al. 2014,Nostoc punctiforme PCC 73102,2,Npun_R4841,WP_012411144.1,apcB; Allophycocyanin; beta subunit,Log2 Ratio (Heterocyst/Filaments)=-1.8730932598728542; Variability [%]=43.0441449310791; Peptide Pair Count=3;5 | 24h Log2 Ratio (Het/Fil) (Present study)=-1.8730932598728542; Variability [%]=43.0441449310791; Peptide Pair Count=3;5; Steady state Log2 ratio [7]=-2.340878284026892,old_locus_tag,Model-Supported,allophycocyanin subunit beta,Other / unassigned,Novel/uncertain candidate,195.0,0.4350079744816587,0.311377245508982,334,334,False
GF_00503,Welkie_2014_Cyanothece_PCC7822,Welkie et al. 2014,Gloeothece verrucosa PCC 7822,1,Cyan7822_5521,WP_013325432.1,ref|YP_003890669.1| allophycocyanin subunit beta [Cyanothece sp. PCC 7822],CT_D0=1.35523718953267; CT_D3=1.265234819; CT_L0=1.31950310460526; CT_L3=1.17962041341561,old_locus_tag,Model-Supported,allophycocyanin subunit beta,Other / unassigned,Novel/uncertain candidate,195.0,0.4350079744816587,0.311377245508982,334,334,False
GF_00522,Held_2022_Trichodesmium_IMS101,Held et al. 2022,Trichodesmium erythraeum IMS101,1,Tery_1834,WP_011611465.1,Tery_1834 6-phosphogluconate dehydrogenase (decarboxylating) (EC 1.1.1.44) [Trichodesmium erythraeum IMS101: NC_008312],mean_relative_abundance=160.8; max=249.7@12h; min=128.2@18h; dynamic_range=121.5,old_locus_tag,,,,,,,,,,
GF_00522,Panda_2025_Crocosphaera_ATCC51142,Panda et al. 2025,Crocosphaera subtropica ATCC 51142,1,cce_3746,WP_009545097.1,"6-phosphogluconate dehydrogenase, decarboxylating",Two-way ANOVA p value nitrate=1.58202780269453e-07; Two-way ANOVA p value lightordark=7.08439860010713e-05; Two-way ANOVA p value Interaction=0.0880089224096301; D-_avgLFQ=31.1592025756836; D+_avgLFQ=29.4108953475952; L-_avgLFQ=30.3640508651733; L+_avgLFQ=27.88800573349; D-_D+(logFC)=1.7483072280884002; L-_L+(logFC)=2.4760451316833,old_locus_tag,,,,,,,,,,
GF_00522,Welkie_2014_Cyanothece_PCC7822,Welkie et al. 2014,Gloeothece verrucosa PCC 7822,1,Cyan7822_3017,WP_013323065.1,ref|YP_003888247.1| 6-phosphogluconate dehydrogenase [Cyanothece sp. PCC 7822],CT_D0=1.32199489853267; CT_D3=1.617537807; CT_L0=1.13410451160526; CT_L3=1.04595831041561,old_locus_tag,,,,,,,,,,
GF_00523,Panda_2025_Crocosphaera_ATCC51142,Panda et al. 2025,Crocosphaera subtropica ATCC 51142,1,cce_0835,WP_009546072.1,Adenosylhomocysteinase,Two-way ANOVA p value nitrate=0.477972809180471; Two-way ANOVA p value lightordark=0.0845337909767504; Two-way ANOVA p value Interaction=0.866881731149255; D-_avgLFQ=28.3609371185303; D+_avgLFQ=28.2706441879272; L-_avgLFQ=28.1559371948242; L+_avgLFQ=28.0998659133911; D-_D+(logFC)=0.0902929306030984; L-_L+(logFC)=0.056071281433101916,old_locus_tag,Model-Supported,adenosylhomocysteinase,Other / unassigned,Novel/uncertain candidate,89.0,0.6706539074960127,0.380281690140845,71,71,False
GF_00523,Welkie_2014_Cyanothece_PCC7822,Welkie et al. 2014,Gloeothece verrucosa PCC 7822,1,Cyan7822_3312,WP_013323331.1,ref|YP_003888537.1| adenosylhomocysteinase [Cyanothece sp. PCC 7822],CT_D0=1.21860889153267; CT_D3=1.082914174; CT_L0=1.20554984260526; CT_L3=1.61252261941561,old_locus_tag,Model-Supported,adenosylhomocysteinase,Other / unassigned,Novel/uncertain candidate,89.0,0.6706539074960127,0.380281690140845,71,71,False
GF_00524,Panda_2025_Crocosphaera_ATCC51142,Panda et al. 2025,Crocosphaera subtropica ATCC 51142,1,cce_4590,WP_008274988.1,Putative regulatory protein cce 4590,Two-way ANOVA p value nitrate=0.00213448179868501; Two-way ANOVA p value lightordark=0.618670233699563; Two-way ANOVA p value Interaction=0.165824099471011; D-_avgLFQ=31.1991529464722; D+_avgLFQ=31.4758973121643; L-_avgLFQ=30.9718127250671; L+_avgLFQ=31.5862903594971; D-_D+(logFC)=-0.2767443656920996; L-_L+(logFC)=-0.6144776344299991,old_locus_tag,Model-Supported,extracellular matrix/biofilm regulator RemA,Regulation,Novel/uncertain candidate,27.0,0.8544657097288677,0.6137931034482759,145,145,False
GF_00524,Welkie_2014_Cyanothece_PCC7822,Welkie et al. 2014,Gloeothece verrucosa PCC 7822,1,Cyan7822_0100,WP_013320261.1,ref|YP_003885426.1| hypothetical protein Cyan7822_0100 [Cyanothece sp. PCC 7822],CT_D0=1.16389326553267; CT_D3=1.418647443; CT_L0=1.15767125060526; CT_L3=1.37938356841561,old_locus_tag,Model-Supported,extracellular matrix/biofilm regulator RemA,Regulation,Novel/uncertain candidate,27.0,0.8544657097288677,0.6137931034482759,145,145,False
GF_00526,Panda_2025_Crocosphaera_ATCC51142,Panda et al. 2025,Crocosphaera subtropica ATCC 51142,1,cce_0560,WP_009546640.1,Nitrogenase molybdenum-iron protein alpha chain,Two-way ANOVA p value nitrate=1.43784279839859e-10; Two-way ANOVA p value lightordark=2.08116748273579e-06; Two-way ANOVA p value Interaction=5.83216900715709e-07; D-_avgLFQ=30.2470369338989; D+_avgLFQ=22.308177947998; L-_avgLFQ=25.3960719108582; L+_avgLFQ=22.6000819206238; D-_D+(logFC)=7.9388589859009; L-_L+(logFC)=2.7959899902344,old_locus_tag,Highly Pure,nitrogenase molybdenum-iron protein alpha chain,Nitrogenase / nif machinery,Rediscovery: core diazotrophy/FOX machinery,,,0.9878048780487804,82,82,True
GF_00526,Welkie_2014_Cyanothece_PCC7822,Welkie et al. 2014,Gloeothece verrucosa PCC 7822,1,Cyan7822_3676,WP_013323682.1,ref|YP_003888888.1| nitrogenase molybdenum-iron protein subunit alpha [Cyanothece sp. PCC 7822],CT_D0=0.979232068532668; CT_D3=1.55328487; CT_L0=1.77217686260526; CT_L3=0.814901725415608,old_locus_tag,Highly Pure,nitrogenase molybdenum-iron protein alpha chain,Nitrogenase / nif machinery,Rediscovery: core diazotrophy/FOX machinery,,,0.9878048780487804,82,82,True
GF_00527,Welkie_2014_Cyanothece_PCC7822,Welkie et al. 2014,Gloeothece verrucosa PCC 7822,1,Cyan7822_4712,WP_013324656.1,ref|YP_003889891.1| cytochrome c oxidase subunit I [Cyanothece sp. PCC 7822],CT_D0=1.29958556953267; CT_D3=1.912993081; CT_L0=1.00508292760526; CT_L3=0.901933950415608,old_locus_tag,,,,,,,,,,
GF_00528,Panda_2025_Crocosphaera_ATCC51142,Panda et al. 2025,Crocosphaera subtropica ATCC 51142,1,cce_4039,WP_009543875.1,DNA-directed RNA polymerase subunit alpha,Two-way ANOVA p value nitrate=2.25235939641751e-06; Two-way ANOVA p value lightordark=0.0212569069892672; Two-way ANOVA p value Interaction=0.0299721123647309; D-_avgLFQ=29.8770384788513; D+_avgLFQ=29.4989457130432; L-_avgLFQ=29.6993050575256; L+_avgLFQ=29.4924473762512; D-_D+(logFC)=0.3780927658081019; L-_L+(logFC)=0.20685768127439985,old_locus_tag,,,,,,,,,,
GF_00528,Welkie_2014_Cyanothece_PCC7822,Welkie et al. 2014,Gloeothece verrucosa PCC 7822,1,Cyan7822_5040,WP_013324965.1,ref|YP_003890202.1| DNA-directed RNA polymerase subunit alpha [Cyanothece sp. PCC 7822],CT_D0=1.30374884353267; CT_D3=1.294475172; CT_L0=1.38078199260526; CT_L3=1.14058951941561,old_locus_tag,,,,,,,,,,
GF_00530,Panda_2025_Crocosphaera_ATCC51142,Panda et al. 2025,Crocosphaera subtropica ATCC 51142,1,cce_1941,WP_009545745.1,Chaperone protein ClpB,Two-way ANOVA p value nitrate=0.0102135458328586; Two-way ANOVA p value lightordark=0.859825991297155; Two-way ANOVA p value Interaction=0.205105831938533; D-_avgLFQ=26.9096851348877; D+_avgLFQ=26.4554471969604; L-_avgLFQ=26.7521276473999; L+_avgLFQ=26.5756068229675; D-_D+(logFC)=0.4542379379272994; L-_L+(logFC)=0.17652082443239792,old_locus_tag,,,,,,,,,,
GF_00530,Welkie_2014_Cyanothece_PCC7822,Welkie et al. 2014,Gloeothece verrucosa PCC 7822,1,Cyan7822_4205,WP_013324186.1,ref|YP_003889398.1| ATP-dependent chaperone ClpB [Cyanothece sp. PCC 7822],CT_D0=1.17743396453267; CT_D3=1.457912235; CT_L0=1.21712916360526; CT_L3=1.26712016341561,old_locus_tag,,,,,,,,,,
GF_00531,Panda_2025_Crocosphaera_ATCC51142,Panda et al. 2025,Crocosphaera subtropica ATCC 51142,1,cce_4018,WP_009543892.1,30S ribosomal protein S19,Two-way ANOVA p value nitrate=0.41815696317307; Two-way ANOVA p value lightordark=0.0144650816039262; Two-way ANOVA p value Interaction=0.00879175077295105; D-_avgLFQ=29.0009059906006; D+_avgLFQ=28.7472395896912; L-_avgLFQ=28.9711585044861; L+_avgLFQ=29.4109568595886; D-_D+(logFC)=0.25366640090939896; L-_L+(logFC)=-0.4397983551025,old_locus_tag,Model-Supported,30S ribosomal protein S19,Housekeeping / lineage marker,Housekeeping marker (not a transplant candidate),153.0,0.4661084529505582,0.4532019704433497,203,203,False
GF_00531,Welkie_2014_Cyanothece_PCC7822,Welkie et al. 2014,Gloeothece verrucosa PCC 7822,1,Cyan7822_5060,WP_013324985.1,ref|YP_003890222.1| 30S ribosomal protein S19 [Cyanothece sp. PCC 7822],CT_D0=1.38370426353267; CT_D3=1.518163555; CT_L0=1.19130815960526; CT_L3=1.02641954941561,old_locus_tag,Model-Supported,30S ribosomal protein S19,Housekeeping / lineage marker,Housekeeping marker (not a transplant candidate),153.0,0.4661084529505582,0.4532019704433497,203,203,False
GF_00536,Held_2022_Trichodesmium_IMS101,Held et al. 2022,Trichodesmium erythraeum IMS101,1,Tery_2325,WP_011611914.1,Tery_2325 gvpA gas vesicle protein GVPa [Trichodesmium erythraeum IMS101: NC_008312],mean_relative_abundance=8.614; max=14.6@12h; min=4.562@6h; dynamic_range=10.04,old_locus_tag,Model-Supported,gas vesicle structural protein GvpA,Other / unassigned,Novel/uncertain candidate,79.0,0.79585326953748,0.5309734513274337,113,113,False
GF_00539,Sandh_2014_Nostoc_punctiforme,Sandh et al. 2014,Nostoc punctiforme PCC 73102,2,Npun_R4384,WP_012410719.1,rpsC; Bacterial ribosomal protein S3,Log2 Ratio (Heterocyst/Filaments)=0.5386746176269689; Variability [%]=14.1794489437062; Peptide Pair Count=4;4 | 24h Log2 Ratio (Het/Fil) (Present study)=0.5386746176269689; Variability [%]=14.1794489437062; Peptide Pair Count=4;4; Steady state Log2 ratio [7]=-0.44537537637447333,old_locus_tag,Highly Pure,30S ribosomal protein S3,Housekeeping / lineage marker,Housekeeping marker (not a transplant candidate),,,0.9571428571428572,70,70,False
GF_00548,Panda_2025_Crocosphaera_ATCC51142,Panda et al. 2025,Crocosphaera subtropica ATCC 51142,1,cce_3242,WP_182670728.1,SpoVT-AbrB domain-containing protein,Two-way ANOVA p value nitrate=0.0549076231061364; Two-way ANOVA p value lightordark=0.649959849538047; Two-way ANOVA p value Interaction=0.427106127519701; D-_avgLFQ=31.4869465827942; D+_avgLFQ=31.1986126899719; L-_avgLFQ=31.3610439300537; L+_avgLFQ=31.2334837913513; D-_D+(logFC)=0.28833389282230115; L-_L+(logFC)=0.12756013870239968,old_locus_tag,,,,,,,,,,
GF_00548,Welkie_2014_Cyanothece_PCC7822,Welkie et al. 2014,Gloeothece verrucosa PCC 7822,1,Cyan7822_1550,WP_013321649.1,ref|YP_003886817.1| AbrB family transcriptional regulator [Cyanothece sp. PCC 7822],CT_D0=1.36442188953267; CT_D3=1.219785047; CT_L0=1.22322819460526; CT_L3=1.31216039641561,old_locus_tag,,,,,,,,,,
GF_00549,Panda_2025_Crocosphaera_ATCC51142,Panda et al. 2025,Crocosphaera subtropica ATCC 51142,1,cce_0758,WP_009545997.1,DNA gyrase subunit B,Two-way ANOVA p value nitrate=0.0040633810665393; Two-way ANOVA p value lightordark=0.813415822121846; Two-way ANOVA p value Interaction=0.0157487133379748; D-_avgLFQ=27.4753775596619; D+_avgLFQ=26.8964495658875; L-_avgLFQ=27.241222858429; L+_avgLFQ=27.1745910644531; D-_D+(logFC)=0.5789279937743999; L-_L+(logFC)=0.06663179397590113,old_locus_tag,,,,,,,,,,
GF_00549,Welkie_2014_Cyanothece_PCC7822,Welkie et al. 2014,Gloeothece verrucosa PCC 7822,1,Cyan7822_4937,WP_013324866.1,ref|YP_003890103.1| DNA gyrase subunit B [Cyanothece sp. PCC 7822],CT_D0=1.35516939453267; CT_D3=1.389232357; CT_L0=1.21799247160526; CT_L3=1.15720130441561,old_locus_tag,,,,,,,,,,
GF_00563,Sandh_2014_Nostoc_punctiforme,Sandh et al. 2014,Nostoc punctiforme PCC 73102,1,Npun_F1478,WP_012408194.1,"ileS Isoleucyl-tRNA synthetase, class Ia, P",Log2 Ratio (Heterocyst/Filaments)=-1.5209623943704023; Variability [%]=16.2999083855275; Peptide Pair Count=2;1,old_locus_tag,Highly Pure,isoleucine--tRNA ligase,Housekeeping / lineage marker,Housekeeping marker (not a transplant candidate),,,0.9767441860465116,43,43,False
GF_00564,Sandh_2014_Nostoc_punctiforme,Sandh et al. 2014,Nostoc punctiforme PCC 73102,1,Npun_F4560,WP_012410881.1,HdrB; Protein of unknown function DUF224,Log2 Ratio (Heterocyst/Filaments)=-0.5874648560561035; Variability [%]=1.03052390581622; Peptide Pair Count=1;1,old_locus_tag,Model-Supported,CoB--CoM heterodisulfide reductase iron-sulfur subunit B family protein,Metallocluster & Fe-S biogenesis,FOX-consistent support function (plausible rediscovery),383.0,0.235645933014354,0.7464788732394366,71,71,False
GF_00565,Sandh_2014_Nostoc_punctiforme,Sandh et al. 2014,Nostoc punctiforme PCC 73102,2,Npun_R3902,WP_041565520.1,Radical SAM,Log2 Ratio (Heterocyst/Filaments)=0.6931664492968166; Variability [%]=20.2513583771709; Peptide Pair Count=1;1 | Log2 Ratio (Heterocyst/Filaments)=0.6931664492968166; Variability [%]=20.2513583771709; Peptide Pair Count=1;1,old_locus_tag,Model-Supported,photosystem II high light acclimation radical SAM protein,Housekeeping / lineage marker,Housekeeping marker (not a transplant candidate),77.0,0.6762360446570972,0.6511627906976745,129,129,False
GF_00566,Welkie_2014_Cyanothece_PCC7822,Welkie et al. 2014,Gloeothece verrucosa PCC 7822,1,Cyan7822_2827,WP_013322892.1,ref|YP_003888062.1| phosphoribosyl-ATP diphosphatase [Cyanothece sp. PCC 7822],CT_D0=1.26078375353267; CT_D3=1.173298308; CT_L0=1.30643863660526; CT_L3=1.37907482941561,old_locus_tag,Model-Supported,bifunctional phosphoribosyl-AMP cyclohydrolase/phosphoribosyl-ATP diphosphatase HisIE,Other / unassigned,Novel/uncertain candidate,35.0,0.6311802232854864,0.7570093457943925,107,107,False
GF_00570,Held_2022_Trichodesmium_IMS101,Held et al. 2022,Trichodesmium erythraeum IMS101,1,Tery_2877,WP_011612409.1,Tery_2877 carbamoyl-phosphate synthase large subunit [Trichodesmium erythraeum IMS101: NC_008312],mean_relative_abundance=58.01; max=74.03@4h; min=39.57@11h; dynamic_range=34.45,old_locus_tag,Model-Supported,carbamoyl-phosphate synthase large subunit,Other / unassigned,Novel/uncertain candidate,191.0,0.4082934609250399,0.2676056338028169,71,71,False
GF_00571,Sandh_2014_Nostoc_punctiforme,Sandh et al. 2014,Nostoc punctiforme PCC 73102,2,Npun_F6083,WP_012412313.1,Bcp; possible Peroxiredoxin interpro syas thioredoxin like,Log2 Ratio (Heterocyst/Filaments)=0.4464814748545404; Variability [%]=0.878480186072134; Peptide Pair Count=2;2 | Log2 Ratio (Heterocyst/Filaments)=0.4464814748545404; Variability [%]=0.878480186072134; Peptide Pair Count=2;2,old_locus_tag,Highly Pure,peroxiredoxin family protein,O2 protection & redox homeostasis,FOX-consistent support function (plausible rediscovery),,,1.0,42,42,False
GF_00573,Sandh_2014_Nostoc_punctiforme,Sandh et al. 2014,Nostoc punctiforme PCC 73102,2,Npun_R4373,WP_012410708.1,rplO; Ribosomal protein L15; bacterial f,Log2 Ratio (Heterocyst/Filaments)=0.7399930388299925; Variability [%]=14.0450206233883; Peptide Pair Count=5;4 | 24h Log2 Ratio (Het/Fil) (Present study)=0.7399930388299925; Variability [%]=14.0450206233883; Peptide Pair Count=5;4; Steady state Log2 ratio [7]=-0.12193416195950707,old_locus_tag,Highly Pure,50S ribosomal protein L15,Housekeeping / lineage marker,Housekeeping marker (not a transplant candidate),,,0.9583333333333334,72,72,False
GF_00574,Sandh_2014_Nostoc_punctiforme,Sandh et al. 2014,Nostoc punctiforme PCC 73102,2,Npun_R4322,WP_012410662.1,tim; Triosephosphate isomerase,Log2 Ratio (Heterocyst/Filaments)=-2.7561208835038657; Variability [%]=51.7695441707274; Peptide Pair Count=2;3 | 24h Log2 Ratio (Het/Fil) (Present study)=-2.7561208835038657; Variability [%]=51.7695441707274; Peptide Pair Count=2;3; Steady state Log2 ratio [7]=-1.7836556994202497,old_locus_tag,Model-Supported,triose-phosphate isomerase,Other / unassigned,Novel/uncertain candidate,31.0,0.553030303030303,0.8795180722891566,83,83,False
GF_00578,Sandh_2014_Nostoc_punctiforme,Sandh et al. 2014,Nostoc punctiforme PCC 73102,1,Npun_R0874,WP_012407633.1,asnS; Asparaginyl-tRNA synthetase; class,Log2 Ratio (Heterocyst/Filaments)=-0.5595744192130379; Variability [%]=15.1686913763542; Peptide Pair Count=1;1,old_locus_tag,Model-Supported,asparagine--tRNA ligase,Housekeeping / lineage marker,Housekeeping marker (not a transplant candidate),25.0,0.5861244019138756,0.8780487804878049,82,82,False
GF_00583,Sandh_2014_Nostoc_punctiforme,Sandh et al. 2014,Nostoc punctiforme PCC 73102,1,Npun_F4866,WP_012411168.1,"FpaA; Beta-lactamase-like:Flavin reductase-like, T",Log2 Ratio (Heterocyst/Filaments)=2.36457691576902; Variability [%]=35.0819724418033; Peptide Pair Count=6;5,old_locus_tag,Highly Pure,diflavin flavoprotein,Other / unassigned,Novel/uncertain candidate,,,0.9833333333333332,60,60,False
GF_00588,Sandh_2014_Nostoc_punctiforme,Sandh et al. 2014,Nostoc punctiforme PCC 73102,2,Npun_F2857,WP_012409381.1,ffh; Signal recognition particle protein,Log2 Ratio (Heterocyst/Filaments)=-0.2178097564824994; Variability [%]=12.9716429366329; Peptide Pair Count=3;2 | Log2 Ratio (Heterocyst/Filaments)=-0.2178097564824994; Variability [%]=12.9716429366329; Peptide Pair Count=3;2,old_locus_tag,Model-Supported,signal recognition particle protein,Other / unassigned,Novel/uncertain candidate,170.0,0.5861244019138756,0.7777777777777778,99,99,False
GF_00588,Welkie_2014_Cyanothece_PCC7822,Welkie et al. 2014,Gloeothece verrucosa PCC 7822,1,Cyan7822_1163,WP_013321277.1,ref|YP_003886445.1| signal recognition particle protein [Cyanothece sp. PCC 7822],CT_D0=1.30214527453267; CT_D3=1.174464004; CT_L0=1.59180625160526; CT_L3=1.05117999841561,old_locus_tag,Model-Supported,signal recognition particle protein,Other / unassigned,Novel/uncertain candidate,170.0,0.5861244019138756,0.7777777777777778,99,99,False
GF_00593,Held_2022_Trichodesmium_IMS101,Held et al. 2022,Trichodesmium erythraeum IMS101,1,Tery_3700,WP_011613091.1,Tery_3700 chorismate lyase (EC 4.1.3.40) [Trichodesmium erythraeum IMS101: NC_008312],mean_relative_abundance=0.1235; max=0.8659@18h; min=0@0h; dynamic_range=0.8659,old_locus_tag,Highly Pure,chorismate lyase,Other / unassigned,Novel/uncertain candidate,,,0.9090909090909092,77,77,False
GF_00595,Held_2022_Trichodesmium_IMS101,Held et al. 2022,Trichodesmium erythraeum IMS101,1,Tery_0876,WP_011610670.1,Tery_0876 chlorophyll synthase (EC 2.5.1.62) [Trichodesmium erythraeum IMS101: NC_008312],mean_relative_abundance=1.583; max=4.471@14h; min=0@4h; dynamic_range=4.471,old_locus_tag,,,,,,,,,,
GF_00596,Welkie_2014_Cyanothece_PCC7822,Welkie et al. 2014,Gloeothece verrucosa PCC 7822,1,Cyan7822_1756,WP_013321850.1,ref|YP_003887018.1| 7-cyano-7-deazaguanine reductase [Cyanothece sp. PCC 7822],CT_D0=1.67479157853267; CT_D3=1.299701827; CT_L0=1.22629667060526; CT_L3=0.918805452415608,old_locus_tag,,,,,,,,,,
GF_00602,Held_2022_Trichodesmium_IMS101,Held et al. 2022,Trichodesmium erythraeum IMS101,1,Tery_2354,WP_011611941.1,Tery_2354 aspS aspartyl-tRNA synthetase (EC 6.1.1.12) [Trichodesmium erythraeum IMS101: NC_008312],mean_relative_abundance=35.38; max=46.43@20h; min=27.94@14h; dynamic_range=18.49,old_locus_tag,Highly Pure,aspartate--tRNA ligase,Housekeeping / lineage marker,Housekeeping marker (not a transplant candidate),,,0.902439024390244,82,82,False
GF_00602,Sandh_2014_Nostoc_punctiforme,Sandh et al. 2014,Nostoc punctiforme PCC 73102,2,Npun_F3458,WP_012409841.1,Aspartyl-tRNA synthetase P and T,Log2 Ratio (Heterocyst/Filaments)=-1.7114403393611481; Variability [%]=14.3316395939544; Peptide Pair Count=4;3 | Log2 Ratio (Heterocyst/Filaments)=-1.7114403393611481; Variability [%]=14.3316395939544; Peptide Pair Count=4;3,old_locus_tag,Highly Pure,aspartate--tRNA ligase,Housekeeping / lineage marker,Housekeeping marker (not a transplant candidate),,,0.902439024390244,82,82,False
GF_00606,Held_2022_Trichodesmium_IMS101,Held et al. 2022,Trichodesmium erythraeum IMS101,1,Tery_3402,WP_011612848.1,Tery_3402 nitrogen-fixing NifU-like [Trichodesmium erythraeum IMS101: NC_008312],mean_relative_abundance=17.89; max=37.64@6h; min=5.841@12h; dynamic_range=31.8,old_locus_tag,,,,,,,,,,
GF_00606,Panda_2025_Crocosphaera_ATCC51142,Panda et al. 2025,Crocosphaera subtropica ATCC 51142,1,cce_1017,WP_009547086.1,NifU-like protein,Two-way ANOVA p value nitrate=1.35061755060366e-06; Two-way ANOVA p value lightordark=0.0219089654259937; Two-way ANOVA p value Interaction=0.239779675749002; D-_avgLFQ=28.9490313529968; D+_avgLFQ=24.4044818878174; L-_avgLFQ=28.114209651947; L+_avgLFQ=22.0889458656311; D-_D+(logFC)=4.544549465179401; L-_L+(logFC)=6.0252637863159,old_locus_tag,,,,,,,,,,
GF_00607,Panda_2025_Crocosphaera_ATCC51142,Panda et al. 2025,Crocosphaera subtropica ATCC 51142,1,cce_3151,WP_009547472.1,50S ribosomal protein L35,Two-way ANOVA p value nitrate=3.48151816299459e-07; Two-way ANOVA p value lightordark=0.999385999584725; Two-way ANOVA p value Interaction=0.877381404963725; D-_avgLFQ=27.5155639648438; D+_avgLFQ=28.9679098129272; L-_avgLFQ=27.4924836158752; L+_avgLFQ=28.9912214279175; D-_D+(logFC)=-1.4523458480834002; L-_L+(logFC)=-1.4987378120422967,old_locus_tag,,,,,,,,,,
GF_00608,Welkie_2014_Cyanothece_PCC7822,Welkie et al. 2014,Gloeothece verrucosa PCC 7822,1,Cyan7822_2990,WP_013323040.1,"ref|YP_003888222.1| glutamate synthase, NADH/NADPH small subunit [Cyanothece sp. PCC 7822]",CT_D0=1.32078941653267; CT_D3=1.323675651; CT_L0=1.20106776860526; CT_L3=1.27406269141561,old_locus_tag,Model-Supported,glutamate synthase small subunit,Other / unassigned,Novel/uncertain candidate,19.0,0.9366028708133972,0.5714285714285714,49,49,False
GF_00609,Held_2022_Trichodesmium_IMS101,Held et al. 2022,Trichodesmium erythraeum IMS101,1,Tery_3811,WP_011613186.1,Tery_3811 clpS ATP-dependent Clp protease adaptor protein ClpS [Trichodesmium erythraeum IMS101: NC_008312],mean_relative_abundance=0.8639; max=3.422@6h; min=0@1h; dynamic_range=3.422,old_locus_tag,Model-Supported,ATP-dependent Clp protease adapter ClpS,Other / unassigned,Novel/uncertain candidate,188.0,0.4043062200956938,0.5714285714285714,147,147,False
GF_00612,Panda_2025_Crocosphaera_ATCC51142,Panda et al. 2025,Crocosphaera subtropica ATCC 51142,1,cce_1392,WP_009544206.1,50S ribosomal protein L27,Two-way ANOVA p value nitrate=0.000147676542961034; Two-way ANOVA p value lightordark=0.249841472188984; Two-way ANOVA p value Interaction=0.417826828862401; D-_avgLFQ=24.4685163497925; D+_avgLFQ=27.9187779426575; L-_avgLFQ=25.5922799110413; L+_avgLFQ=28.1218762397766; D-_D+(logFC)=-3.450261592865001; L-_L+(logFC)=-2.529596328735302,old_locus_tag,Model-Supported,50S ribosomal protein L27,Housekeeping / lineage marker,Housekeeping marker (not a transplant candidate),139.0,0.6371610845295056,0.3755868544600939,213,213,False
GF_00612,Welkie_2014_Cyanothece_PCC7822,Welkie et al. 2014,Gloeothece verrucosa PCC 7822,1,Cyan7822_1303,WP_013321412.1,ref|YP_003886580.1| 50S ribosomal protein L27 [Cyanothece sp. PCC 7822],CT_D0=1.18692756753267; CT_D3=1.19705314; CT_L0=1.20103622660526; CT_L3=1.53457859241561,old_locus_tag,Model-Supported,50S ribosomal protein L27,Housekeeping / lineage marker,Housekeeping marker (not a transplant candidate),139.0,0.6371610845295056,0.3755868544600939,213,213,False
GF_00613,Held_2022_Trichodesmium_IMS101,Held et al. 2022,Trichodesmium erythraeum IMS101,1,Tery_1108,WP_011610858.1,Tery_1108 UBA/THIF-type NAD/FAD binding fold [Trichodesmium erythraeum IMS101: NC_008312],mean_relative_abundance=53.08; max=70.69@22h; min=39.12@14h; dynamic_range=31.57,old_locus_tag,Model-Supported,molybdopterin-synthase adenylyltransferase MoeB,Other / unassigned,Novel/uncertain candidate,274.0,0.3492822966507177,0.45,220,220,False
GF_00613,Sandh_2014_Nostoc_punctiforme,Sandh et al. 2014,Nostoc punctiforme PCC 73102,2,Npun_F2020,WP_012408657.1,moeB; molybdopterin biosynthesis protein,Log2 Ratio (Heterocyst/Filaments)=-1.205204570630535; Variability [%]=33.7602424897437; Peptide Pair Count=11;12 | 24h Log2 Ratio (Het/Fil) (Present study)=-1.205204570630535; Variability [%]=33.7602424897437; Peptide Pair Count=11;12; Steady state Log2 ratio [7]=0.6466790050186451,old_locus_tag,Model-Supported,molybdopterin-synthase adenylyltransferase MoeB,Other / unassigned,Novel/uncertain candidate,274.0,0.3492822966507177,0.45,220,220,False
GF_00613,Welkie_2014_Cyanothece_PCC7822,Welkie et al. 2014,Gloeothece verrucosa PCC 7822,1,Cyan7822_1102,WP_013321216.1,ref|YP_003886384.1| UBA/THIF-type NAD/FAD-binding protein [Cyanothece sp. PCC 7822],CT_D0=1.38826002953267; CT_D3=1.133066492; CT_L0=1.32516093560526; CT_L3=1.27310807041561,old_locus_tag,Model-Supported,molybdopterin-synthase adenylyltransferase MoeB,Other / unassigned,Novel/uncertain candidate,274.0,0.3492822966507177,0.45,220,220,False
GF_00614,Held_2022_Trichodesmium_IMS101,Held et al. 2022,Trichodesmium erythraeum IMS101,1,Tery_1306,WP_011611011.1,Tery_1306 dnaK chaperone protein DnaK [Trichodesmium erythraeum IMS101: NC_008312],mean_relative_abundance=338.2; max=450.4@13h; min=247.4@22h; dynamic_range=203,old_locus_tag,Model-Supported,molecular chaperone DnaK,Other / unassigned,Novel/uncertain candidate,237.0,0.2368421052631578,0.4128787878787879,264,264,False
GF_00614,Panda_2025_Crocosphaera_ATCC51142,Panda et al. 2025,Crocosphaera subtropica ATCC 51142,1,cce_2003,WP_009545807.1,Chaperone protein DnaK,Two-way ANOVA p value nitrate=0.0851390258621246; Two-way ANOVA p value lightordark=0.048239995013252; Two-way ANOVA p value Interaction=0.84483535370227; D-_avgLFQ=30.7723917961121; D+_avgLFQ=30.6697926521301; L-_avgLFQ=30.6500535011292; L+_avgLFQ=30.5229730606079; D-_D+(logFC)=0.1025991439820011; L-_L+(logFC)=0.12708044052130063,old_locus_tag,Model-Supported,molecular chaperone DnaK,Other / unassigned,Novel/uncertain candidate,237.0,0.2368421052631578,0.4128787878787879,264,264,False
GF_00614,Sandh_2014_Nostoc_punctiforme,Sandh et al. 2014,Nostoc punctiforme PCC 73102,2,Npun_F0567,WP_012407355.1,DnaK; Heat shock protein Hsp70,Log2 Ratio (Heterocyst/Filaments)=-0.9363666239762548; Variability [%]=16.7855180217422; Peptide Pair Count=28;30 | 24h Log2 Ratio (Het/Fil) (Present study)=-0.9363666239762548; Variability [%]=16.7855180217422; Peptide Pair Count=28;30; Steady state Log2 ratio [7]=-0.9107634694840943,old_locus_tag,Model-Supported,molecular chaperone DnaK,Other / unassigned,Novel/uncertain candidate,237.0,0.2368421052631578,0.4128787878787879,264,264,False
GF_00614,Welkie_2014_Cyanothece_PCC7822,Welkie et al. 2014,Gloeothece verrucosa PCC 7822,1,Cyan7822_3953,WP_013323950.1,ref|YP_003889157.1| chaperone protein DnaK [Cyanothece sp. PCC 7822],CT_D0=1.24452822353267; CT_D3=1.257164817; CT_L0=1.33469066560526; CT_L3=1.28321182241561,old_locus_tag,Model-Supported,molecular chaperone DnaK,Other / unassigned,Novel/uncertain candidate,237.0,0.2368421052631578,0.4128787878787879,264,264,False
GF_00617,Welkie_2014_Cyanothece_PCC7822,Welkie et al. 2014,Gloeothece verrucosa PCC 7822,1,Cyan7822_1631,WP_013321729.1,ref|YP_003886897.1| class I/II aminotransferase [Cyanothece sp. PCC 7822],CT_D0=1.42476081953267; CT_D3=1.231493936; CT_L0=1.26995845260526; CT_L3=1.19338231941561,old_locus_tag,Model-Supported,aspartate aminotransferase,Other / unassigned,Novel/uncertain candidate,96.0,0.6921850079744817,0.7454545454545455,55,55,False
GF_00618,Panda_2025_Crocosphaera_ATCC51142,Panda et al. 2025,Crocosphaera subtropica ATCC 51142,1,cce_0136,WP_009543069.1,50S ribosomal protein L28,Two-way ANOVA p value nitrate=0.000113965715855817; Two-way ANOVA p value lightordark=0.0875621807850092; Two-way ANOVA p value Interaction=0.503427467453088; D-_avgLFQ=26.6036925315857; D+_avgLFQ=27.880322933197; L-_avgLFQ=26.9072008132935; L+_avgLFQ=28.5416693687439; D-_D+(logFC)=-1.2766304016112997; L-_L+(logFC)=-1.6344685554504004,old_locus_tag,Model-Supported,50S ribosomal protein L28,Housekeeping / lineage marker,Housekeeping marker (not a transplant candidate),100.0,0.553030303030303,0.4825581395348837,172,172,False
GF_00620,Panda_2025_Crocosphaera_ATCC51142,Panda et al. 2025,Crocosphaera subtropica ATCC 51142,1,cce_2966,WP_009547422.1,Uroporphyrinogen decarboxylase,Two-way ANOVA p value nitrate=3.72481894099854e-08; Two-way ANOVA p value lightordark=0.956812971686433; Two-way ANOVA p value Interaction=0.0607868804120796; D-_avgLFQ=28.5086336135864; D+_avgLFQ=29.8872756958008; L-_avgLFQ=28.7126841545105; L+_avgLFQ=29.69384765625; D-_D+(logFC)=-1.378642082214398; L-_L+(logFC)=-0.9811635017394984,old_locus_tag,,,,,,,,,,
GF_00620,Welkie_2014_Cyanothece_PCC7822,Welkie et al. 2014,Gloeothece verrucosa PCC 7822,1,Cyan7822_1006,WP_013321124.1,ref|YP_003886291.1| uroporphyrinogen decarboxylase [Cyanothece sp. PCC 7822],CT_D0=1.30152802953267; CT_D3=1.179488185; CT_L0=1.26849209360526; CT_L3=1.37008721941561,old_locus_tag,,,,,,,,,,
GF_00622,Held_2022_Trichodesmium_IMS101,Held et al. 2022,Trichodesmium erythraeum IMS101,1,Tery_2001,WP_011611623.1,Tery_2001 neutral amino acid ABC transporter ATP-binding protein/L-glutamate ABC transporter ATP-binding protein/L-aspartate ABC transporter ATP-binding protein [Trichodesmium erythraeum IMS101: NC_008312],mean_relative_abundance=12.43; max=18.25@6h; min=7.301@12h; dynamic_range=10.95,old_locus_tag,Model-Supported,amino acid ABC transporter ATP-binding protein,Transport,Novel/uncertain candidate,5.0,0.8943381180223285,0.8169014084507042,71,71,False
GF_00622,Panda_2025_Crocosphaera_ATCC51142,Panda et al. 2025,Crocosphaera subtropica ATCC 51142,1,cce_0948,WP_009547154.1,ATP-binding protein of amino acid ABC transporter,Two-way ANOVA p value nitrate=0.830143356538467; Two-way ANOVA p value lightordark=0.561563672305954; Two-way ANOVA p value Interaction=0.0272602065354149; D-_avgLFQ=23.1431427001953; D+_avgLFQ=24.0284805297852; L-_avgLFQ=23.8826489448547; L+_avgLFQ=22.828058719635; D-_D+(logFC)=-0.8853378295899006; L-_L+(logFC)=1.0545902252197017,old_locus_tag,Model-Supported,amino acid ABC transporter ATP-binding protein,Transport,Novel/uncertain candidate,5.0,0.8943381180223285,0.8169014084507042,71,71,False
GF_00623,Held_2022_Trichodesmium_IMS101,Held et al. 2022,Trichodesmium erythraeum IMS101,1,Tery_2904,WP_011612431.1,Tery_2904 prfC bacterial peptide chain release factor 3 (bRF-3) [Trichodesmium erythraeum IMS101: NC_008312],mean_relative_abundance=15.59; max=21.58@15h; min=5.841@12h; dynamic_range=15.74,old_locus_tag,Model-Supported,peptide chain release factor 3,Other / unassigned,Novel/uncertain candidate,32.0,0.5454545454545454,0.5872093023255814,172,172,False
GF_00623,Panda_2025_Crocosphaera_ATCC51142,Panda et al. 2025,Crocosphaera subtropica ATCC 51142,1,cce_1143,WP_009543975.1,Peptide chain release factor 3,Two-way ANOVA p value nitrate=0.00165945890248808; Two-way ANOVA p value lightordark=0.94159697286676; Two-way ANOVA p value Interaction=0.285935514884979; D-_avgLFQ=24.3428797721863; D+_avgLFQ=23.3337068557739; L-_avgLFQ=24.1093764305115; L+_avgLFQ=23.5378909111023; D-_D+(logFC)=1.0091729164123997; L-_L+(logFC)=0.571485519409201,old_locus_tag,Model-Supported,peptide chain release factor 3,Other / unassigned,Novel/uncertain candidate,32.0,0.5454545454545454,0.5872093023255814,172,172,False
GF_00624,Held_2022_Trichodesmium_IMS101,Held et al. 2022,Trichodesmium erythraeum IMS101,1,Tery_0071,WP_011609981.1,Tery_0071 isocitrate dehydrogenase (NADP) (EC 1.1.1.42) [Trichodesmium erythraeum IMS101: NC_008312],mean_relative_abundance=45.57; max=57.18@22h; min=31.94@6h; dynamic_range=25.24,old_locus_tag,Model-Supported,NADP-dependent isocitrate dehydrogenase,Other / unassigned,FOX-consistent support function (plausible rediscovery),175.0,0.4242424242424242,0.5340314136125655,191,191,False
GF_00624,Panda_2025_Crocosphaera_ATCC51142,Panda et al. 2025,Crocosphaera subtropica ATCC 51142,1,cce_3202,WP_024750352.1,Isocitrate dehydrogenase [NADP],Two-way ANOVA p value nitrate=7.8393588553373e-05; Two-way ANOVA p value lightordark=0.213900978605598; Two-way ANOVA p value Interaction=0.0464682501623888; D-_avgLFQ=28.4563035964966; D+_avgLFQ=28.0146641731262; L-_avgLFQ=28.5666627883911; L+_avgLFQ=27.5849590301514; D-_D+(logFC)=0.4416394233704004; L-_L+(logFC)=0.9817037582396999,old_locus_tag,Model-Supported,NADP-dependent isocitrate dehydrogenase,Other / unassigned,FOX-consistent support function (plausible rediscovery),175.0,0.4242424242424242,0.5340314136125655,191,191,False
GF_00624,Sandh_2014_Nostoc_punctiforme,Sandh et al. 2014,Nostoc punctiforme PCC 73102,2,Npun_R5474,WP_012411727.1,idh3; Isocitrate dehydrogenase NADP-depe,Log2 Ratio (Heterocyst/Filaments)=-0.3890972099978826; Variability [%]=25.6543395465751; Peptide Pair Count=3;4 | 24h Log2 Ratio (Het/Fil) (Present study)=-0.3890972099978826; Variability [%]=25.6543395465751; Peptide Pair Count=3;4; Steady state Log2 ratio [7]=0.7089693994832289,old_locus_tag,Model-Supported,NADP-dependent isocitrate dehydrogenase,Other / unassigned,FOX-consistent support function (plausible rediscovery),175.0,0.4242424242424242,0.5340314136125655,191,191,False
GF_00624,Welkie_2014_Cyanothece_PCC7822,Welkie et al. 2014,Gloeothece verrucosa PCC 7822,1,Cyan7822_1400,WP_013321505.1,"ref|YP_003886673.1| isocitrate dehydrogenase, NADP-dependent [Cyanothece sp. PCC 7822]",CT_D0=1.10300449253267; CT_D3=1.146475853; CT_L0=1.12135321360526; CT_L3=1.74876196941561,old_locus_tag,Model-Supported,NADP-dependent isocitrate dehydrogenase,Other / unassigned,FOX-consistent support function (plausible rediscovery),175.0,0.4242424242424242,0.5340314136125655,191,191,False
GF_00633,Sandh_2014_Nostoc_punctiforme,Sandh et al. 2014,Nostoc punctiforme PCC 73102,2,Npun_R4246,WP_012410588.1,msrA; Peptide methionine sulfoxide reduc,Log2 Ratio (Heterocyst/Filaments)=-2.6911633980140213; Variability [%]=10.2339974450648; Peptide Pair Count=1;1 | Log2 Ratio (Heterocyst/Filaments)=-2.6911633980140213; Variability [%]=10.2339974450648; Peptide Pair Count=1;1,old_locus_tag,Model-Supported,peptide-methionine (S)-S-oxide reductase MsrA,Other / unassigned,Novel/uncertain candidate,320.0,0.3313397129186602,0.5795454545454546,88,88,False
GF_00635,Sandh_2014_Nostoc_punctiforme,Sandh et al. 2014,Nostoc punctiforme PCC 73102,1,Npun_R3775,WP_012410131.1,pdxJ; Pyridoxal phosphate biosynthetic p,Log2 Ratio (Heterocyst/Filaments)=-3.0341164741043745; Variability [%]=42.9976054370738; Peptide Pair Count=2;2,old_locus_tag,Model-Supported,pyridoxine 5'-phosphate synthase,Other / unassigned,Novel/uncertain candidate,329.0,0.2811004784688995,0.6058394160583942,137,137,False
GF_00636,Panda_2025_Crocosphaera_ATCC51142,Panda et al. 2025,Crocosphaera subtropica ATCC 51142,1,cce_4200,WP_009543726.1,Chorismate synthase,Two-way ANOVA p value nitrate=0.0777996531537502; Two-way ANOVA p value lightordark=0.222483448584938; Two-way ANOVA p value Interaction=0.443073642433424; D-_avgLFQ=26.3308653831482; D+_avgLFQ=26.1791348457336; L-_avgLFQ=26.6088542938232; L+_avgLFQ=26.2450919151306; D-_D+(logFC)=0.15173053741460052; L-_L+(logFC)=0.36376237869259853,old_locus_tag,Model-Supported,chorismate synthase,Other / unassigned,Novel/uncertain candidate,179.0,0.6399521531100478,0.5571428571428572,70,70,False
GF_00637,Held_2022_Trichodesmium_IMS101,Held et al. 2022,Trichodesmium erythraeum IMS101,1,Tery_2464,WP_011612039.1,Tery_2464 thiC hydroxymethylpyrimidine synthase [Trichodesmium erythraeum IMS101: NC_008312],mean_relative_abundance=16.99; max=30.3@18h; min=5.141@4h; dynamic_range=25.16,old_locus_tag,Model-Supported,phosphomethylpyrimidine synthase,Other / unassigned,Novel/uncertain candidate,285.0,0.4445773524720893,0.3834951456310679,206,206,False
GF_00637,Welkie_2014_Cyanothece_PCC7822,Welkie et al. 2014,Gloeothece verrucosa PCC 7822,1,Cyan7822_3413,WP_013323432.1,ref|YP_003888638.1| thiamine biosynthesis protein ThiC [Cyanothece sp. PCC 7822],CT_D0=1.15880624353267; CT_D3=1.163632663; CT_L0=1.25311904760526; CT_L3=1.54403757341561,old_locus_tag,Model-Supported,phosphomethylpyrimidine synthase,Other / unassigned,Novel/uncertain candidate,285.0,0.4445773524720893,0.3834951456310679,206,206,False
GF_00638,Panda_2025_Crocosphaera_ATCC51142,Panda et al. 2025,Crocosphaera subtropica ATCC 51142,1,cce_2330,WP_009544971.1,Ferric uptake regulation protein,Two-way ANOVA p value nitrate=0.474679956092357; Two-way ANOVA p value lightordark=0.777682310759699; Two-way ANOVA p value Interaction=0.976970973182298; D-_avgLFQ=27.2564353942871; D+_avgLFQ=27.4073624610901; L-_avgLFQ=27.2054452896118; L+_avgLFQ=27.3447804450989; D-_D+(logFC)=-0.15092706680299983; L-_L+(logFC)=-0.13933515548709963,old_locus_tag,,,,,,,,,,
GF_00638,Welkie_2014_Cyanothece_PCC7822,Welkie et al. 2014,Gloeothece verrucosa PCC 7822,1,Cyan7822_0238,WP_013320397.1,ref|YP_003885562.1| Fur family ferric uptake regulator [Cyanothece sp. PCC 7822],CT_D0=1.57630829453267; CT_D3=1.546466177; CT_L0=1.12844378460526; CT_L3=0.868377271415608,old_locus_tag,,,,,,,,,,
GF_00641,Held_2022_Trichodesmium_IMS101,Held et al. 2022,Trichodesmium erythraeum IMS101,1,Tery_1325,WP_011611025.1,"Tery_1325 putative TIM-barrel protein, nifR3 family [Trichodesmium erythraeum IMS101: NC_008312]",mean_relative_abundance=0.2428; max=2.281@6h; min=0@0h; dynamic_range=2.281,old_locus_tag,Model-Supported,tRNA dihydrouridine synthase DusB,Other / unassigned,Novel/uncertain candidate,217.0,0.2679425837320574,0.8554216867469879,83,83,False
GF_00643,Sandh_2014_Nostoc_punctiforme,Sandh et al. 2014,Nostoc punctiforme PCC 73102,2,Npun_R2763,WP_012409292.1,LPOR; Light-dependent protochlorophyllid,Log2 Ratio (Heterocyst/Filaments)=-0.7048428282655653; Variability [%]=42.2583518401493; Peptide Pair Count=3;7 | 24h Log2 Ratio (Het/Fil) (Present study)=-0.7048428282655653; Variability [%]=42.2583518401493; Peptide Pair Count=3;7; Steady state Log2 ratio [7]=-0.048725113440703814,old_locus_tag,Model-Supported,protochlorophyllide reductase,Other / unassigned,Novel/uncertain candidate,63.0,0.5956937799043062,0.6542056074766355,107,107,False
GF_00646,Sandh_2014_Nostoc_punctiforme,Sandh et al. 2014,Nostoc punctiforme PCC 73102,2,Npun_F5444,WP_012411697.1,"trmu Predicted tRNA(5-methylaminomethyl-2-thiouridylate) methyltransferase contains the PP-loop ATPase domain, P",Log2 Ratio (Heterocyst/Filaments)=-0.41925125649061695; Variability [%]=4.9482174023503; Peptide Pair Count=2;1 | Log2 Ratio (Heterocyst/Filaments)=-0.41925125649061695; Variability [%]=4.9482174023503; Peptide Pair Count=2;1,old_locus_tag,Highly Pure,tRNA 2-thiouridine(34) synthase MnmA,Other / unassigned,Novel/uncertain candidate,,,0.9577464788732394,71,71,False
GF_00648,Sandh_2014_Nostoc_punctiforme,Sandh et al. 2014,Nostoc punctiforme PCC 73102,2,Npun_R2896,WP_012409420.1,Transcriptional regulator AbrB,Log2 Ratio (Heterocyst/Filaments)=0.13681804828897895; Variability [%]=4.33817178012953; Peptide Pair Count=6;9 | 24h Log2 Ratio (Het/Fil) (Present study)=0.13681804828897895; Variability [%]=4.33817178012953; Peptide Pair Count=6;9; Steady state Log2 ratio [7]=0.5326683949564884,old_locus_tag,Highly Pure,AbrB family transcriptional regulator,Regulation,Novel/uncertain candidate,,,0.9571428571428572,70,70,False
GF_00652,Sandh_2014_Nostoc_punctiforme,Sandh et al. 2014,Nostoc punctiforme PCC 73102,2,Npun_R5998,WP_012412229.1,DnaK; Heat shock protein Hsp70,Log2 Ratio (Heterocyst/Filaments)=0.7390207543888896; Variability [%]=5.43111067757558; Peptide Pair Count=5;5 | Log2 Ratio (Heterocyst/Filaments)=0.7390207543888896; Variability [%]=5.43111067757558; Peptide Pair Count=5;5,old_locus_tag,Highly Pure,molecular chaperone DnaK,Other / unassigned,Novel/uncertain candidate,,,0.9848484848484848,66,66,False
GF_00655,Held_2022_Trichodesmium_IMS101,Held et al. 2022,Trichodesmium erythraeum IMS101,1,Tery_3394,WP_011612840.1,Tery_3394 ABC transporter related [Trichodesmium erythraeum IMS101: NC_008312],mean_relative_abundance=4.563; max=7.429@20h; min=1.118@14h; dynamic_range=6.311,old_locus_tag,Model-Supported,ABC-F family ATP-binding cassette domain-containing protein,Other / unassigned,Novel/uncertain candidate,59.0,0.4043062200956938,0.6122448979591837,147,147,False
GF_00658,Held_2022_Trichodesmium_IMS101,Held et al. 2022,Trichodesmium erythraeum IMS101,1,Tery_0584,WP_011610422.1,Tery_0584 clpX ATP-dependent Clp protease ATP-binding subunit ClpX (EC 3.4.21.92) [Trichodesmium erythraeum IMS101: NC_008312],mean_relative_abundance=10.76; max=15.19@13h; min=4.425@1h; dynamic_range=10.77,old_locus_tag,Model-Supported,ATP-dependent protease ATP-binding subunit ClpX,Other / unassigned,Novel/uncertain candidate,115.0,0.6088516746411483,0.5706214689265536,177,177,False
GF_00658,Panda_2025_Crocosphaera_ATCC51142,Panda et al. 2025,Crocosphaera subtropica ATCC 51142,1,cce_4438,WP_009543506.1,ATP-dependent Clp protease ATP-binding subunit ClpX,Two-way ANOVA p value nitrate=0.000151135597237983; Two-way ANOVA p value lightordark=0.62486018833894; Two-way ANOVA p value Interaction=0.877230746686214; D-_avgLFQ=26.601243019104; D+_avgLFQ=25.5827331542969; L-_avgLFQ=26.6638879776001; L+_avgLFQ=25.7028498649597; D-_D+(logFC)=1.0185098648071005; L-_L+(logFC)=0.9610381126404022,old_locus_tag,Model-Supported,ATP-dependent protease ATP-binding subunit ClpX,Other / unassigned,Novel/uncertain candidate,115.0,0.6088516746411483,0.5706214689265536,177,177,False
GF_00658,Welkie_2014_Cyanothece_PCC7822,Welkie et al. 2014,Gloeothece verrucosa PCC 7822,1,Cyan7822_1770,WP_013321864.1,"ref|YP_003887032.1| ATP-dependent Clp protease, ATP-binding subunit ClpX [Cyanothece sp. PCC 7822]",CT_D0=1.30355691953267; CT_D3=1.247835865; CT_L0=1.20795567160526; CT_L3=1.36024707141561,old_locus_tag,Model-Supported,ATP-dependent protease ATP-binding subunit ClpX,Other / unassigned,Novel/uncertain candidate,115.0,0.6088516746411483,0.5706214689265536,177,177,False
GF_00666,Sandh_2014_Nostoc_punctiforme,Sandh et al. 2014,Nostoc punctiforme PCC 73102,2,Npun_R5944,WP_012412178.1,Transcriptional regulator AbrB,Log2 Ratio (Heterocyst/Filaments)=0.14726136923081823; Variability [%]=14.0097118466451; Peptide Pair Count=7;9 | 24h Log2 Ratio (Het/Fil) (Present study)=0.14726136923081823; Variability [%]=14.0097118466451; Peptide Pair Count=7;9; Steady state Log2 ratio [7]=0.713402143455679,old_locus_tag,Highly Pure,AbrB family transcriptional regulator,Regulation,Novel/uncertain candidate,,,0.9333333333333332,75,75,False
GF_00672,Sandh_2014_Nostoc_punctiforme,Sandh et al. 2014,Nostoc punctiforme PCC 73102,2,Npun_F6171,WP_041565751.1,Transglutaminase-like domain in C term (many microbial homologs are proteases) cross link proteins (mostly cyano) - cytoplasm P and T,Log2 Ratio (Heterocyst/Filaments)=-2.3095370446946815; Variability [%]=31.4966550449826; Peptide Pair Count=1;1 | Log2 Ratio (Heterocyst/Filaments)=-2.3095370446946815; Variability [%]=31.4966550449826; Peptide Pair Count=1;1,old_locus_tag,Highly Pure,transglutaminase,Other / unassigned,Novel/uncertain candidate,,,1.0,44,44,False
GF_00673,Sandh_2014_Nostoc_punctiforme,Sandh et al. 2014,Nostoc punctiforme PCC 73102,2,Npun_F3850,WP_012410205.1,secD; SecD/SecF/SecDF export membrane pr,Log2 Ratio (Heterocyst/Filaments)=0.4144904536551109; Variability [%]=18.0914011512989; Peptide Pair Count=4;1 | 24h Log2 Ratio (Het/Fil) (Present study)=0.4144904536551109; Variability [%]=18.0914011512989; Peptide Pair Count=4;1; Steady state Log2 ratio [7]=0.9474902908631374,old_locus_tag,Highly Pure,protein translocase subunit SecD,Other / unassigned,Novel/uncertain candidate,,,0.9836065573770492,61,61,False
GF_00680,Welkie_2014_Cyanothece_PCC7822,Welkie et al. 2014,Gloeothece verrucosa PCC 7822,1,Cyan7822_2747,WP_013322817.1,ref|YP_003887987.1| cob(I)alamin adenosyltransferase [Cyanothece sp. PCC 7822],CT_D0=1.33372363853267; CT_D3=1.241466488; CT_L0=1.12503070660526; CT_L3=1.41937469441561,old_locus_tag,,,,,,,,,,
GF_00682,Panda_2025_Crocosphaera_ATCC51142,Panda et al. 2025,Crocosphaera subtropica ATCC 51142,1,cce_4658,WP_009543296.1,Sulfate adenylyltransferase,Two-way ANOVA p value nitrate=0.000115040137301794; Two-way ANOVA p value lightordark=0.691883540484597; Two-way ANOVA p value Interaction=0.016377122251254; D-_avgLFQ=27.0982065200806; D+_avgLFQ=28.400755405426; L-_avgLFQ=27.593930721283; L+_avgLFQ=28.0310230255127; D-_D+(logFC)=-1.3025488853454021; L-_L+(logFC)=-0.43709230422969725,old_locus_tag,,,,,,,,,,
GF_00683,Panda_2025_Crocosphaera_ATCC51142,Panda et al. 2025,Crocosphaera subtropica ATCC 51142,1,cce_0260,WP_009546754.1,GTPase Der,Two-way ANOVA p value nitrate=0.476309317947864; Two-way ANOVA p value lightordark=0.276708204547673; Two-way ANOVA p value Interaction=0.0854026440228986; D-_avgLFQ=25.6465749740601; D+_avgLFQ=25.011465549469; L-_avgLFQ=24.9130754470825; L+_avgLFQ=25.1903228759766; D-_D+(logFC)=0.6351094245911; L-_L+(logFC)=-0.2772474288940998,old_locus_tag,,,,,,,,,,
GF_00685,Welkie_2014_Cyanothece_PCC7822,Welkie et al. 2014,Gloeothece verrucosa PCC 7822,1,Cyan7822_3179,WP_013323226.1,ref|YP_003888408.1| carbamoyl-phosphate synthase large subunit [Cyanothece sp. PCC 7822],CT_D0=1.36651664253267; CT_D3=1.389401632; CT_L0=1.18723679860526; CT_L3=1.17644045541561,old_locus_tag,,,,,,,,,,
GF_00688,Held_2022_Trichodesmium_IMS101,Held et al. 2022,Trichodesmium erythraeum IMS101,1,Tery_2990,WP_011612501.1,Tery_2990 rpsM SSU ribosomal protein S13P [Trichodesmium erythraeum IMS101: NC_008312],mean_relative_abundance=52.1; max=163.2@14h; min=21.59@4h; dynamic_range=141.6,old_locus_tag,Model-Supported,30S ribosomal protein S13,Housekeeping / lineage marker,Housekeeping marker (not a transplant candidate),153.0,0.414274322169059,0.4057377049180328,244,244,False
GF_00688,Welkie_2014_Cyanothece_PCC7822,Welkie et al. 2014,Gloeothece verrucosa PCC 7822,1,Cyan7822_5042,WP_013324967.1,ref|YP_003890204.1| 30S ribosomal protein S13 [Cyanothece sp. PCC 7822],CT_D0=1.22633206453267; CT_D3=1.222922544; CT_L0=1.30174848160526; CT_L3=1.36859243841561,old_locus_tag,Model-Supported,30S ribosomal protein S13,Housekeeping / lineage marker,Housekeeping marker (not a transplant candidate),153.0,0.414274322169059,0.4057377049180328,244,244,False
GF_00692,Sandh_2014_Nostoc_punctiforme,Sandh et al. 2014,Nostoc punctiforme PCC 73102,1,Npun_F6358,WP_012412569.1,conserved hypothetical protein,Log2 Ratio (Heterocyst/Filaments)=-2.4220601806393023; Variability [%]=16.8740526411037; Peptide Pair Count=2;3,old_locus_tag,Highly Pure,YbjN domain-containing protein,Other / unassigned,Novel/uncertain candidate,,,1.0,42,42,False
GF_00695,Sandh_2014_Nostoc_punctiforme,Sandh et al. 2014,Nostoc punctiforme PCC 73102,4,Npun_R2418;Npun_R6235,WP_012408973.1;WP_012412459.1,"Zinc-containing alcohol dehydrogenase superfamily | Zinc-containing alcohol dehydrogenase, perhaps glutathione, P and T",Log2 Ratio (Heterocyst/Filaments)=-1.794109829442934; Variability [%]=22.6450704785335; Peptide Pair Count=3;1 | Log2 Ratio (Heterocyst/Filaments)=-1.7959063529564236; Variability [%]=0.308975586529303; Peptide Pair Count=2;1 | Log2 Ratio (Heterocyst/Filaments)=-1.794109829442934; Variability [%]=22.6450704785335; Peptide Pair Count=3;1,old_locus_tag,Model-Supported,glutathione-dependent formaldehyde dehydrogenase,Other / unassigned,FOX-consistent support function (plausible rediscovery),191.0,0.4019138755980861,0.855072463768116,69,69,False
GF_00699,Held_2022_Trichodesmium_IMS101,Held et al. 2022,Trichodesmium erythraeum IMS101,1,Tery_2280,WP_011611874.1,Tery_2280 fatty aldehyde decarbonylase [Trichodesmium erythraeum IMS101: NC_008312],mean_relative_abundance=7.946; max=18.91@9h; min=3.119@22h; dynamic_range=15.79,old_locus_tag,Model-Supported,aldehyde oxygenase (deformylating),Other / unassigned,Novel/uncertain candidate,267.0,0.2521929824561403,0.8452380952380952,84,84,False
GF_00699,Sandh_2014_Nostoc_punctiforme,Sandh et al. 2014,Nostoc punctiforme PCC 73102,2,Npun_R1711,WP_012408400.1,conserved hypothetical protein,Log2 Ratio (Heterocyst/Filaments)=-2.5031822145539837; Variability [%]=57.6297035433571; Peptide Pair Count=1;1 | Log2 Ratio (Heterocyst/Filaments)=-2.5031822145539837; Variability [%]=57.6297035433571; Peptide Pair Count=1;1,old_locus_tag,Model-Supported,aldehyde oxygenase (deformylating),Other / unassigned,Novel/uncertain candidate,267.0,0.2521929824561403,0.8452380952380952,84,84,False
GF_00711,Sandh_2014_Nostoc_punctiforme,Sandh et al. 2014,Nostoc punctiforme PCC 73102,2,Npun_R4288,WP_012410630.1,"chpXY; CO2 hydration by TIGRfam, cyano only",Log2 Ratio (Heterocyst/Filaments)=-0.12280440192097472; Variability [%]=14.3678622070946; Peptide Pair Count=2;1 | Log2 Ratio (Heterocyst/Filaments)=-0.12280440192097472; Variability [%]=14.3678622070946; Peptide Pair Count=2;1,old_locus_tag,Highly Pure,CO2 hydration protein,Other / unassigned,Novel/uncertain candidate,,,0.984126984126984,63,63,False
GF_00714,Sandh_2014_Nostoc_punctiforme,Sandh et al. 2014,Nostoc punctiforme PCC 73102,2,Npun_F0097,WP_012406927.1,PepB; Leucyl aminopeptidase.,Log2 Ratio (Heterocyst/Filaments)=-1.5350028527085122; Variability [%]=33.8953936538348; Peptide Pair Count=4;3 | Log2 Ratio (Heterocyst/Filaments)=-1.5350028527085122; Variability [%]=33.8953936538348; Peptide Pair Count=4;3,old_locus_tag,Highly Pure,leucyl aminopeptidase,Stress / membrane / uncharacterized,Novel/uncertain candidate,,,0.9830508474576272,59,59,False
GF_00723,Held_2022_Trichodesmium_IMS101,Held et al. 2022,Trichodesmium erythraeum IMS101,1,Tery_2660,WP_011612215.1,Tery_2660 glyA serine hydroxymethyltransferase (EC 2.1.2.1) [Trichodesmium erythraeum IMS101: NC_008312],mean_relative_abundance=68.71; max=78.85@12h; min=59.31@6h; dynamic_range=19.54,old_locus_tag,Model-Supported,serine hydroxymethyltransferase,Other / unassigned,Novel/uncertain candidate,98.0,0.5414673046251993,0.6049382716049383,162,162,False
GF_00723,Sandh_2014_Nostoc_punctiforme,Sandh et al. 2014,Nostoc punctiforme PCC 73102,2,Npun_F5156,WP_012411441.1,GlyA; Glycine hydroxymethyltransferase.,Log2 Ratio (Heterocyst/Filaments)=-3.0186866937233554; Variability [%]=35.1799687009489; Peptide Pair Count=9;4 | Log2 Ratio (Heterocyst/Filaments)=-3.0186866937233554; Variability [%]=35.1799687009489; Peptide Pair Count=9;4,old_locus_tag,Model-Supported,serine hydroxymethyltransferase,Other / unassigned,Novel/uncertain candidate,98.0,0.5414673046251993,0.6049382716049383,162,162,False
GF_00723,Welkie_2014_Cyanothece_PCC7822,Welkie et al. 2014,Gloeothece verrucosa PCC 7822,1,Cyan7822_1465,WP_013321568.1,ref|YP_003886736.1| Glycine hydroxymethyltransferase [Cyanothece sp. PCC 7822],CT_D0=1.03243091253267; CT_D3=1.218923359; CT_L0=1.46211421660526; CT_L3=1.40612703941561,old_locus_tag,Model-Supported,serine hydroxymethyltransferase,Other / unassigned,Novel/uncertain candidate,98.0,0.5414673046251993,0.6049382716049383,162,162,False
GF_00724,Sandh_2014_Nostoc_punctiforme,Sandh et al. 2014,Nostoc punctiforme PCC 73102,2,Npun_F4864,WP_012411167.1,atpC; H+-transporting two-sector ATPase;,Log2 Ratio (Heterocyst/Filaments)=0.7186071172571095; Variability [%]=11.6790051309184; Peptide Pair Count=5;5 | 24h Log2 Ratio (Het/Fil) (Present study)=0.7186071172571095; Variability [%]=11.6790051309184; Peptide Pair Count=5;5; Steady state Log2 ratio [7]=1.5405019730332499,old_locus_tag,Model-Supported,F0F1 ATP synthase subunit gamma,Housekeeping / lineage marker,Housekeeping marker (not a transplant candidate),69.0,0.5853269537480064,0.8507462686567164,67,67,False
GF_00724,Welkie_2014_Cyanothece_PCC7822,Welkie et al. 2014,Gloeothece verrucosa PCC 7822,1,Cyan7822_5501,WP_013325413.1,ref|YP_003890650.1| ATP synthase F1 subunit gamma [Cyanothece sp. PCC 7822],CT_D0=1.25452253653267; CT_D3=1.282592053; CT_L0=1.30112824460526; CT_L3=1.28135269341561,old_locus_tag,Model-Supported,F0F1 ATP synthase subunit gamma,Housekeeping / lineage marker,Housekeeping marker (not a transplant candidate),69.0,0.5853269537480064,0.8507462686567164,67,67,False
GF_00725,Held_2022_Trichodesmium_IMS101,Held et al. 2022,Trichodesmium erythraeum IMS101,1,Tery_4169,WP_011613505.1,Tery_4169 Adenylosuccinate lyase (EC 4.3.2.2) [Trichodesmium erythraeum IMS101: NC_008312],mean_relative_abundance=30.46; max=37.42@22h; min=21.45@13h; dynamic_range=15.98,old_locus_tag,Model-Supported,adenylosuccinate lyase,Other / unassigned,Novel/uncertain candidate,80.0,0.5350877192982456,0.64,125,125,False
GF_00726,Held_2022_Trichodesmium_IMS101,Held et al. 2022,Trichodesmium erythraeum IMS101,1,Tery_3805,WP_011613180.1,Tery_3805 kaiC circadian clock protein KaiC [Trichodesmium erythraeum IMS101: NC_008312],mean_relative_abundance=18.97; max=26@20h; min=12.09@15h; dynamic_range=13.91,old_locus_tag,Model-Supported,circadian clock protein KaiC,Other / unassigned,Novel/uncertain candidate,63.0,0.5717703349282297,0.412,250,250,False
GF_00726,Panda_2025_Crocosphaera_ATCC51142,Panda et al. 2025,Crocosphaera subtropica ATCC 51142,1,cce_0422,WP_009546510.1,Circadian clock protein kinase KaiC,Two-way ANOVA p value nitrate=2.57339568943231e-07; Two-way ANOVA p value lightordark=0.00392772028220637; Two-way ANOVA p value Interaction=0.0689885206089503; D-_avgLFQ=27.6265020370483; D+_avgLFQ=26.2798490524292; L-_avgLFQ=27.373414516449; L+_avgLFQ=25.379638671875; D-_D+(logFC)=1.3466529846191015; L-_L+(logFC)=1.9937758445739995,old_locus_tag,Model-Supported,circadian clock protein KaiC,Other / unassigned,Novel/uncertain candidate,63.0,0.5717703349282297,0.412,250,250,False
GF_00726,Welkie_2014_Cyanothece_PCC7822,Welkie et al. 2014,Gloeothece verrucosa PCC 7822,1,Cyan7822_1718,WP_013321813.1,ref|YP_003886981.1| putative circadian clock protein KaiC [Cyanothece sp. PCC 7822],CT_D0=1.23018174853267; CT_D3=1.366329526; CT_L0=1.28467212660526; CT_L3=1.23841212741561,old_locus_tag,Model-Supported,circadian clock protein KaiC,Other / unassigned,Novel/uncertain candidate,63.0,0.5717703349282297,0.412,250,250,False
GF_00727,Held_2022_Trichodesmium_IMS101,Held et al. 2022,Trichodesmium erythraeum IMS101,1,Tery_3755,WP_011613138.1,Tery_3755 ftsH membrane protease FtsH catalytic subunit (EC 3.4.24.-) [Trichodesmium erythraeum IMS101: NC_008312],mean_relative_abundance=92.02; max=111.4@11h; min=76.2@18h; dynamic_range=35.23,old_locus_tag,Model-Supported,ATP-dependent zinc metalloprotease FtsH3,Housekeeping / lineage marker,Housekeeping marker (not a transplant candidate),406.0,0.2200956937799043,0.4085603112840467,257,257,False
GF_00727,Panda_2025_Crocosphaera_ATCC51142,Panda et al. 2025,Crocosphaera subtropica ATCC 51142,1,cce_3579,WP_009545257.1,ATP-dependent zinc metalloprotease FtsH,Two-way ANOVA p value nitrate=2.98848021426938e-05; Two-way ANOVA p value lightordark=0.235313252414864; Two-way ANOVA p value Interaction=0.618827316028921; D-_avgLFQ=28.548574924469; D+_avgLFQ=27.9431586265564; L-_avgLFQ=28.7268543243408; L+_avgLFQ=28.0179858207703; D-_D+(logFC)=0.6054162979126012; L-_L+(logFC)=0.7088685035704998,old_locus_tag,Model-Supported,ATP-dependent zinc metalloprotease FtsH3,Housekeeping / lineage marker,Housekeeping marker (not a transplant candidate),406.0,0.2200956937799043,0.4085603112840467,257,257,False
GF_00727,Sandh_2014_Nostoc_punctiforme,Sandh et al. 2014,Nostoc punctiforme PCC 73102,2,Npun_F4881,WP_012411183.1,"FtsH; Peptidase M41; FtsH, signal P, 2 tm",Log2 Ratio (Heterocyst/Filaments)=0.8365388952471512; Variability [%]=3.7373741977421; Peptide Pair Count=5;5 | Log2 Ratio (Heterocyst/Filaments)=0.8365388952471512; Variability [%]=3.7373741977421; Peptide Pair Count=5;5,old_locus_tag,Model-Supported,ATP-dependent zinc metalloprotease FtsH3,Housekeeping / lineage marker,Housekeeping marker (not a transplant candidate),406.0,0.2200956937799043,0.4085603112840467,257,257,False
GF_00727,Welkie_2014_Cyanothece_PCC7822,Welkie et al. 2014,Gloeothece verrucosa PCC 7822,1,Cyan7822_0079,WP_013320241.1,ref|YP_003885406.1| ATP-dependent metalloprotease FtsH [Cyanothece sp. PCC 7822],CT_D0=1.39234098453267; CT_D3=1.444870256; CT_L0=1.11027982260526; CT_L3=1.17210446541561,old_locus_tag,Model-Supported,ATP-dependent zinc metalloprotease FtsH3,Housekeeping / lineage marker,Housekeeping marker (not a transplant candidate),406.0,0.2200956937799043,0.4085603112840467,257,257,False
GF_00728,Panda_2025_Crocosphaera_ATCC51142,Panda et al. 2025,Crocosphaera subtropica ATCC 51142,1,cce_3126,WP_009547448.1,Glutathione-dependent peroxiredoxin,Two-way ANOVA p value nitrate=4.64994324210195e-10; Two-way ANOVA p value lightordark=0.08728316877358; Two-way ANOVA p value Interaction=0.806957439378471; D-_avgLFQ=32.3078012466431; D+_avgLFQ=30.9719882011414; L-_avgLFQ=32.425573348999; L+_avgLFQ=31.1262617111206; D-_D+(logFC)=1.3358130455017019; L-_L+(logFC)=1.2993116378784038,old_locus_tag,,,,,,,,,,
GF_00729,Held_2022_Trichodesmium_IMS101,Held et al. 2022,Trichodesmium erythraeum IMS101,1,Tery_2425,WP_011612008.1,Tery_2425 lepA GTP-binding protein LepA [Trichodesmium erythraeum IMS101: NC_008312],mean_relative_abundance=23.82; max=30.18@14h; min=18.55@0h; dynamic_range=11.63,old_locus_tag,Model-Supported,translation elongation factor 4,Other / unassigned,Novel/uncertain candidate,202.0,0.388755980861244,0.4163424124513619,257,257,False
GF_00729,Panda_2025_Crocosphaera_ATCC51142,Panda et al. 2025,Crocosphaera subtropica ATCC 51142,1,cce_4718,WP_009543240.1,Elongation factor 4,Two-way ANOVA p value nitrate=0.958289459209759; Two-way ANOVA p value lightordark=0.0925398840402299; Two-way ANOVA p value Interaction=0.892511776441585; D-_avgLFQ=25.5821552276611; D+_avgLFQ=25.6192927360535; L-_avgLFQ=25.9635291099548; L+_avgLFQ=25.9471125602722; D-_D+(logFC)=-0.03713750839239793; L-_L+(logFC)=0.016416549682599424,old_locus_tag,Model-Supported,translation elongation factor 4,Other / unassigned,Novel/uncertain candidate,202.0,0.388755980861244,0.4163424124513619,257,257,False
GF_00729,Welkie_2014_Cyanothece_PCC7822,Welkie et al. 2014,Gloeothece verrucosa PCC 7822,1,Cyan7822_3335,WP_013323354.1,ref|YP_003888560.1| GTP-binding protein LepA [Cyanothece sp. PCC 7822],CT_D0=1.48850323753267; CT_D3=1.35053151; CT_L0=1.13326622960526; CT_L3=1.14729455041561,old_locus_tag,Model-Supported,translation elongation factor 4,Other / unassigned,Novel/uncertain candidate,202.0,0.388755980861244,0.4163424124513619,257,257,False
GF_00730,Sandh_2014_Nostoc_punctiforme,Sandh et al. 2014,Nostoc punctiforme PCC 73102,2,Npun_F4226,WP_041566344.1,upp; Uracil phosphoribosyl transferase,Log2 Ratio (Heterocyst/Filaments)=-1.333284699634702; Variability [%]=14.3369149191757; Peptide Pair Count=3;2 | Log2 Ratio (Heterocyst/Filaments)=-1.333284699634702; Variability [%]=14.3369149191757; Peptide Pair Count=3;2,old_locus_tag,Highly Pure,uracil phosphoribosyltransferase,Other / unassigned,Novel/uncertain candidate,,,0.9838709677419356,62,62,False
GF_00731,Sandh_2014_Nostoc_punctiforme,Sandh et al. 2014,Nostoc punctiforme PCC 73102,2,Npun_F5850,WP_012412091.1,nusG; Bacterial transcription antitermin,Log2 Ratio (Heterocyst/Filaments)=0.2493641080307403; Variability [%]=7.42469229036199; Peptide Pair Count=2;2 | 24h Log2 Ratio (Het/Fil) (Present study)=0.2493641080307403; Variability [%]=7.42469229036199; Peptide Pair Count=2;2; Steady state Log2 ratio [7]=-0.9097204872509725,old_locus_tag,Highly Pure,transcription termination/antitermination protein NusG,Regulation,Novel/uncertain candidate,,,0.9846153846153848,65,65,False
GF_00732,Sandh_2014_Nostoc_punctiforme,Sandh et al. 2014,Nostoc punctiforme PCC 73102,2,Npun_R0192,WP_012407009.1,FbaB; Fructose-bisphosphate aldolase.,Log2 Ratio (Heterocyst/Filaments)=-2.8969619424471005; Variability [%]=18.1493889470173; Peptide Pair Count=4;3 | 24h Log2 Ratio (Het/Fil) (Present study)=-2.8969619424471005; Variability [%]=18.1493889470173; Peptide Pair Count=4;3; Steady state Log2 ratio [7]=0.25499916977462483,old_locus_tag,Model-Supported,class I fructose-bisphosphate aldolase,Carbon metabolism & NAD(P)H supply,Novel/uncertain candidate,26.0,0.4996012759170654,0.8641975308641975,81,81,False
GF_00732,Welkie_2014_Cyanothece_PCC7822,Welkie et al. 2014,Gloeothece verrucosa PCC 7822,1,Cyan7822_1612,WP_013321710.1,ref|YP_003886878.1| deoxyribose-phosphate aldolase/phospho-2-dehydro-3-deoxyheptonate aldolase [Cyanothece sp. PCC 7822],CT_D0=1.39339720853267; CT_D3=1.290355131; CT_L0=1.33615001560526; CT_L3=1.09969317241561,old_locus_tag,Model-Supported,class I fructose-bisphosphate aldolase,Carbon metabolism & NAD(P)H supply,Novel/uncertain candidate,26.0,0.4996012759170654,0.8641975308641975,81,81,False
GF_00735,Sandh_2014_Nostoc_punctiforme,Sandh et al. 2014,Nostoc punctiforme PCC 73102,2,Npun_F0123,WP_012406952.1,DnaJ; DnaJ central domain (CXXCXGXG):Hea,Log2 Ratio (Heterocyst/Filaments)=1.2919312954949282; Variability [%]=57.1494833919048; Peptide Pair Count=3;5 | Log2 Ratio (Heterocyst/Filaments)=1.2919312954949282; Variability [%]=57.1494833919048; Peptide Pair Count=3;5,old_locus_tag,Highly Pure,molecular chaperone DnaJ,Other / unassigned,Novel/uncertain candidate,,,0.9571428571428572,70,70,False
GF_00740,Held_2022_Trichodesmium_IMS101,Held et al. 2022,Trichodesmium erythraeum IMS101,1,Tery_3779,WP_011613156.1,Tery_3779 pyrH uridylate kinase (EC 2.7.4.22) [Trichodesmium erythraeum IMS101: NC_008312],mean_relative_abundance=12.9; max=37.23@18h; min=5.207@11h; dynamic_range=32.02,old_locus_tag,Model-Supported,UMP kinase,Other / unassigned,Novel/uncertain candidate,132.0,0.4154704944178628,0.492063492063492,189,189,False
GF_00740,Panda_2025_Crocosphaera_ATCC51142,Panda et al. 2025,Crocosphaera subtropica ATCC 51142,1,cce_3591,WP_008275436.1,Uridylate kinase,Two-way ANOVA p value nitrate=0.0481184075870638; Two-way ANOVA p value lightordark=0.179945669324917; Two-way ANOVA p value Interaction=0.874293421238383; D-_avgLFQ=26.9246859550476; D+_avgLFQ=27.1482882499695; L-_avgLFQ=27.0631422996521; L+_avgLFQ=27.322199344635; D-_D+(logFC)=-0.22360229492189987; L-_L+(logFC)=-0.2590570449828995,old_locus_tag,Model-Supported,UMP kinase,Other / unassigned,Novel/uncertain candidate,132.0,0.4154704944178628,0.492063492063492,189,189,False
GF_00740,Sandh_2014_Nostoc_punctiforme,Sandh et al. 2014,Nostoc punctiforme PCC 73102,2,Npun_F6136,WP_012412364.1,PyrH; Aspartate/glutamate/uridylate kina,Log2 Ratio (Heterocyst/Filaments)=-1.8507756884180615; Variability [%]=2.48152779806342; Peptide Pair Count=3;3 | Log2 Ratio (Heterocyst/Filaments)=-1.8507756884180615; Variability [%]=2.48152779806342; Peptide Pair Count=3;3,old_locus_tag,Model-Supported,UMP kinase,Other / unassigned,Novel/uncertain candidate,132.0,0.4154704944178628,0.492063492063492,189,189,False
GF_00741,Held_2022_Trichodesmium_IMS101,Held et al. 2022,Trichodesmium erythraeum IMS101,1,Tery_4403,WP_011613717.1,Tery_4403 leuB 3-isopropylmalate dehydrogenase (EC 1.1.1.85) [Trichodesmium erythraeum IMS101: NC_008312],mean_relative_abundance=68.96; max=80.53@18h; min=57.52@1h; dynamic_range=23.01,old_locus_tag,Model-Supported,3-isopropylmalate dehydrogenase,Other / unassigned,FOX-consistent support function (plausible rediscovery),95.0,0.4665071770334928,0.6666666666666666,144,144,False
GF_00741,Panda_2025_Crocosphaera_ATCC51142,Panda et al. 2025,Crocosphaera subtropica ATCC 51142,1,cce_3617,WP_009545223.1,3-isopropylmalate dehydrogenase,Two-way ANOVA p value nitrate=1.81809792015418e-07; Two-way ANOVA p value lightordark=0.877943504316874; Two-way ANOVA p value Interaction=0.703872797304605; D-_avgLFQ=28.0586462020874; D+_avgLFQ=26.789707660675; L-_avgLFQ=28.1262354850769; L+_avgLFQ=26.7609467506409; D-_D+(logFC)=1.2689385414123997; L-_L+(logFC)=1.3652887344359996,old_locus_tag,Model-Supported,3-isopropylmalate dehydrogenase,Other / unassigned,FOX-consistent support function (plausible rediscovery),95.0,0.4665071770334928,0.6666666666666666,144,144,False
GF_00741,Sandh_2014_Nostoc_punctiforme,Sandh et al. 2014,Nostoc punctiforme PCC 73102,2,Npun_R2802,WP_012409328.1,leuB; 3-isopropylmalate dehydrogenase,Log2 Ratio (Heterocyst/Filaments)=-2.532653409657994; Variability [%]=27.9590421770825; Peptide Pair Count=3;1 | 24h Log2 Ratio (Het/Fil) (Present study)=-2.532653409657994; Variability [%]=27.9590421770825; Peptide Pair Count=3;1; Steady state Log2 ratio [7]=-1.5275187483987887,old_locus_tag,Model-Supported,3-isopropylmalate dehydrogenase,Other / unassigned,FOX-consistent support function (plausible rediscovery),95.0,0.4665071770334928,0.6666666666666666,144,144,False
GF_00741,Welkie_2014_Cyanothece_PCC7822,Welkie et al. 2014,Gloeothece verrucosa PCC 7822,1,Cyan7822_3255,WP_013323298.1,ref|YP_003888480.1| 3-isopropylmalate dehydrogenase [Cyanothece sp. PCC 7822],CT_D0=1.43545015853267; CT_D3=1.38781133; CT_L0=1.26983876560526; CT_L3=1.02649527341561,old_locus_tag,Model-Supported,3-isopropylmalate dehydrogenase,Other / unassigned,FOX-consistent support function (plausible rediscovery),95.0,0.4665071770334928,0.6666666666666666,144,144,False
GF_00742,Sandh_2014_Nostoc_punctiforme,Sandh et al. 2014,Nostoc punctiforme PCC 73102,1,Npun_R3990,WP_012410337.1,alaDH; Alanine dehydrogenase and pyridin,Log2 Ratio (Heterocyst/Filaments)=0.8722020153081501; Variability [%]=28.679838618116; Peptide Pair Count=3;2,old_locus_tag,Highly Pure,alanine dehydrogenase,Other / unassigned,FOX-consistent support function (plausible rediscovery),,,0.984126984126984,63,63,False
GF_00751,Held_2022_Trichodesmium_IMS101,Held et al. 2022,Trichodesmium erythraeum IMS101,1,Tery_0597,WP_370497378.1,Tery_0597 prs ribose-phosphate pyrophosphokinase [Trichodesmium erythraeum IMS101: NC_008312],mean_relative_abundance=8.508; max=11.18@14h; min=4.113@4h; dynamic_range=7.064,old_locus_tag,Model-Supported,ribose-phosphate pyrophosphokinase,Other / unassigned,Novel/uncertain candidate,272.0,0.3572567783094099,0.4261603375527426,237,237,False
GF_00751,Panda_2025_Crocosphaera_ATCC51142,Panda et al. 2025,Crocosphaera subtropica ATCC 51142,1,cce_0921,WP_049769498.1,Ribose-phosphate pyrophosphokinase,Two-way ANOVA p value nitrate=0.322185906356504; Two-way ANOVA p value lightordark=0.155413443367828; Two-way ANOVA p value Interaction=0.359116020853734; D-_avgLFQ=24.988742351532; D+_avgLFQ=25.0014662742615; L-_avgLFQ=24.5907874107361; L+_avgLFQ=24.9108357429504; D-_D+(logFC)=-0.012723922729499293; L-_L+(logFC)=-0.3200483322142986,old_locus_tag,Model-Supported,ribose-phosphate pyrophosphokinase,Other / unassigned,Novel/uncertain candidate,272.0,0.3572567783094099,0.4261603375527426,237,237,False
GF_00751,Welkie_2014_Cyanothece_PCC7822,Welkie et al. 2014,Gloeothece verrucosa PCC 7822,1,Cyan7822_4139,WP_013324123.1,ref|YP_003889332.1| ribose-phosphate pyrophosphokinase [Cyanothece sp. PCC 7822],CT_D0=1.31948854153267; CT_D3=1.408303773; CT_L0=1.12246076160526; CT_L3=1.26934245141561,old_locus_tag,Model-Supported,ribose-phosphate pyrophosphokinase,Other / unassigned,Novel/uncertain candidate,272.0,0.3572567783094099,0.4261603375527426,237,237,False
GF_00755,Held_2022_Trichodesmium_IMS101,Held et al. 2022,Trichodesmium erythraeum IMS101,1,Tery_3005,WP_011612515.1,Tery_3005 rplP LSU ribosomal protein L16P [Trichodesmium erythraeum IMS101: NC_008312],mean_relative_abundance=16.43; max=24.82@12h; min=12.09@15h; dynamic_range=12.74,old_locus_tag,Model-Supported,50S ribosomal protein L16,Housekeeping / lineage marker,Housekeeping marker (not a transplant candidate),89.0,0.416267942583732,0.4099616858237548,261,261,False
GF_00755,Panda_2025_Crocosphaera_ATCC51142,Panda et al. 2025,Crocosphaera subtropica ATCC 51142,1,cce_4021,WP_009543889.1,50S ribosomal protein L16,Two-way ANOVA p value nitrate=1.78939054109902e-08; Two-way ANOVA p value lightordark=0.0238550178303462; Two-way ANOVA p value Interaction=0.408770691420889; D-_avgLFQ=28.0686402320862; D+_avgLFQ=29.4305810928345; L-_avgLFQ=28.2608151435852; L+_avgLFQ=29.8129835128784; D-_D+(logFC)=-1.3619408607483017; L-_L+(logFC)=-1.5521683692931987,old_locus_tag,Model-Supported,50S ribosomal protein L16,Housekeeping / lineage marker,Housekeeping marker (not a transplant candidate),89.0,0.416267942583732,0.4099616858237548,261,261,False
GF_00755,Welkie_2014_Cyanothece_PCC7822,Welkie et al. 2014,Gloeothece verrucosa PCC 7822,1,Cyan7822_5057,WP_013324982.1,ref|YP_003890219.1| 50S ribosomal protein L16 [Cyanothece sp. PCC 7822],CT_D0=1.36796357653267; CT_D3=1.38096305; CT_L0=1.29814015460526; CT_L3=1.07252874541561,old_locus_tag,Model-Supported,50S ribosomal protein L16,Housekeeping / lineage marker,Housekeeping marker (not a transplant candidate),89.0,0.416267942583732,0.4099616858237548,261,261,False
GF_00756,Held_2022_Trichodesmium_IMS101,Held et al. 2022,Trichodesmium erythraeum IMS101,1,Tery_0443,WP_011610298.1,Tery_0443 hypothetical protein [Trichodesmium erythraeum IMS101: NC_008312],mean_relative_abundance=1.181; max=2.724@23h; min=0@0h; dynamic_range=2.724,old_locus_tag,Model-Supported,DUF1825 family protein,Stress / membrane / uncharacterized,Novel/uncertain candidate,83.0,0.7547846889952152,0.7619047619047619,105,105,False
GF_00759,Sandh_2014_Nostoc_punctiforme,Sandh et al. 2014,Nostoc punctiforme PCC 73102,1,Npun_R5621,WP_012411870.1,NAD(+) kinase.,Log2 Ratio (Heterocyst/Filaments)=-0.426833276401773; Variability [%]=28.9094220066743; Peptide Pair Count=2;1,old_locus_tag,Highly Pure,NAD(+) kinase,Other / unassigned,Novel/uncertain candidate,,,0.9850746268656716,67,67,False
GF_00762,Sandh_2014_Nostoc_punctiforme,Sandh et al. 2014,Nostoc punctiforme PCC 73102,1,Npun_R3559,WP_012409929.1,"MurE; UDP-N-acetylmuramoylalanine--D-glu, two identioties UDP-N-acetylmuramyl tripeptide synthase or Folylpolyglutamate synthetase (folic acid)",Log2 Ratio (Heterocyst/Filaments)=1.2503312817421028; Variability [%]=20.0297927603638; Peptide Pair Count=3;1,old_locus_tag,Highly Pure,Mur ligase family protein,Other / unassigned,Novel/uncertain candidate,,,0.9827586206896552,58,58,False
GF_00770,Sandh_2014_Nostoc_punctiforme,Sandh et al. 2014,Nostoc punctiforme PCC 73102,2,Npun_F5513,WP_012411763.1,Ribonuclease RNase H fold conta,Log2 Ratio (Heterocyst/Filaments)=0.7907627869606334; Variability [%]=7.31429407336497; Peptide Pair Count=1;1 | Log2 Ratio (Heterocyst/Filaments)=0.7907627869606334; Variability [%]=7.31429407336497; Peptide Pair Count=1;1,old_locus_tag,Highly Pure,RuvC family protein,Other / unassigned,Novel/uncertain candidate,,,0.9347826086956522,46,46,False
GF_00771,Held_2022_Trichodesmium_IMS101,Held et al. 2022,Trichodesmium erythraeum IMS101,1,Tery_1805,WP_011611437.1,Tery_1805 protein of unknown function DUF88 [Trichodesmium erythraeum IMS101: NC_008312],mean_relative_abundance=3.937; max=7.149@13h; min=0@4h; dynamic_range=7.149,old_locus_tag,Model-Supported,NYN domain-containing protein,Other / unassigned,Novel/uncertain candidate,22.0,0.8460925039872409,0.5,218,218,False
GF_00771,Panda_2025_Crocosphaera_ATCC51142,Panda et al. 2025,Crocosphaera subtropica ATCC 51142,1,cce_1947,WP_024750289.1,NYN domain-containing protein,Two-way ANOVA p value nitrate=0.0174335197665654; Two-way ANOVA p value lightordark=2.70737072444908e-06; Two-way ANOVA p value Interaction=0.0045657348983174; D-_avgLFQ=26.8665056228638; D+_avgLFQ=24.2891983985901; L-_avgLFQ=22.0131306648254; L+_avgLFQ=22.3118824958801; D-_D+(logFC)=2.577307224273703; L-_L+(logFC)=-0.29875183105469816,old_locus_tag,Model-Supported,NYN domain-containing protein,Other / unassigned,Novel/uncertain candidate,22.0,0.8460925039872409,0.5,218,218,False
GF_00771,Welkie_2014_Cyanothece_PCC7822,Welkie et al. 2014,Gloeothece verrucosa PCC 7822,1,Cyan7822_1345,WP_041933549.1,ref|YP_003886621.1| hypothetical protein Cyan7822_1345 [Cyanothece sp. PCC 7822],CT_D0=1.40720761653267; CT_D3=1.504747067; CT_L0=1.31811337860526; CT_L3=0.889527465415608,old_locus_tag,Model-Supported,NYN domain-containing protein,Other / unassigned,Novel/uncertain candidate,22.0,0.8460925039872409,0.5,218,218,False
GF_00776,Panda_2025_Crocosphaera_ATCC51142,Panda et al. 2025,Crocosphaera subtropica ATCC 51142,1,cce_1234,WP_009544061.1,NAD-dependent epimerase/dehydratase,Two-way ANOVA p value nitrate=0.206532623004852; Two-way ANOVA p value lightordark=0.106063431211068; Two-way ANOVA p value Interaction=0.716807187406415; D-_avgLFQ=26.7270588874817; D+_avgLFQ=26.9909157752991; L-_avgLFQ=27.054630279541; L+_avgLFQ=27.203652381897; D-_D+(logFC)=-0.2638568878174006; L-_L+(logFC)=-0.14902210235599966,old_locus_tag,Model-Supported,NAD(P)-dependent oxidoreductase,Other / unassigned,Novel/uncertain candidate,33.0,0.8588516746411483,0.375,40,40,False
GF_00777,Welkie_2014_Cyanothece_PCC7822,Welkie et al. 2014,Gloeothece verrucosa PCC 7822,1,Cyan7822_4673,WP_013324621.1,ref|YP_003889854.1| 3-oxoacyl-(acyl-carrier-protein) reductase [Cyanothece sp. PCC 7822],CT_D0=1.27692718053267; CT_D3=1.358828616; CT_L0=1.18746307460526; CT_L3=1.29637665541561,old_locus_tag,Model-Supported,3-oxoacyl-[acyl-carrier-protein] reductase,Other / unassigned,Novel/uncertain candidate,101.0,0.4952153110047847,0.6446280991735537,121,121,False
GF_00784,Sandh_2014_Nostoc_punctiforme,Sandh et al. 2014,Nostoc punctiforme PCC 73102,1,Npun_F4026,WP_041566315.1,opcA; OpcA,Log2 Ratio (Heterocyst/Filaments)=0.8445165246871527; Variability [%]=19.1824158404223; Peptide Pair Count=11;7,old_locus_tag,Highly Pure,glucose-6-phosphate dehydrogenase assembly protein OpcA,Other / unassigned,FOX-consistent support function (plausible rediscovery),,,1.0,47,47,False
GF_00796,Held_2022_Trichodesmium_IMS101,Held et al. 2022,Trichodesmium erythraeum IMS101,1,Tery_0265,WP_011610144.1,Tery_0265 rplK LSU ribosomal protein L11P [Trichodesmium erythraeum IMS101: NC_008312],mean_relative_abundance=37.93; max=52.57@12h; min=27.02@9h; dynamic_range=25.55,old_locus_tag,Model-Supported,50S ribosomal protein L11,Housekeeping / lineage marker,Housekeeping marker (not a transplant candidate),47.0,0.868421052631579,0.5439560439560439,182,182,False
GF_00796,Panda_2025_Crocosphaera_ATCC51142,Panda et al. 2025,Crocosphaera subtropica ATCC 51142,1,cce_0226,WP_009546723.1,50S ribosomal protein L11,Two-way ANOVA p value nitrate=3.04544562706078e-06; Two-way ANOVA p value lightordark=0.761445768023652; Two-way ANOVA p value Interaction=0.247916873843062; D-_avgLFQ=27.7295637130737; D+_avgLFQ=28.6239504814148; L-_avgLFQ=27.8749747276306; L+_avgLFQ=28.5377655029297; D-_D+(logFC)=-0.8943867683411; L-_L+(logFC)=-0.6627907752991007,old_locus_tag,Model-Supported,50S ribosomal protein L11,Housekeeping / lineage marker,Housekeeping marker (not a transplant candidate),47.0,0.868421052631579,0.5439560439560439,182,182,False
GF_00806,Sandh_2014_Nostoc_punctiforme,Sandh et al. 2014,Nostoc punctiforme PCC 73102,2,Npun_F3798,WP_041565509.1,hemC; Porphobilinogen deaminase,Log2 Ratio (Heterocyst/Filaments)=-2.96712003183619; Variability [%]=5.78923928940191; Peptide Pair Count=1;3 | Log2 Ratio (Heterocyst/Filaments)=-2.96712003183619; Variability [%]=5.78923928940191; Peptide Pair Count=1;3,old_locus_tag,Highly Pure,hydroxymethylbilane synthase,Other / unassigned,Novel/uncertain candidate,,,0.9852941176470588,68,68,False
GF_00813,Panda_2025_Crocosphaera_ATCC51142,Panda et al. 2025,Crocosphaera subtropica ATCC 51142,1,cce_4017,WP_009543893.1,50S ribosomal protein L2,Two-way ANOVA p value nitrate=3.7454147190127e-11; Two-way ANOVA p value lightordark=0.000212439931925834; Two-way ANOVA p value Interaction=0.677443967559159; D-_avgLFQ=28.6503858566284; D+_avgLFQ=30.2005906105042; L-_avgLFQ=29.0346732139587; L+_avgLFQ=30.5269179344177; D-_D+(logFC)=-1.5502047538758; L-_L+(logFC)=-1.4922447204589986,old_locus_tag,,,,,,,,,,
GF_00813,Welkie_2014_Cyanothece_PCC7822,Welkie et al. 2014,Gloeothece verrucosa PCC 7822,1,Cyan7822_5061,WP_013324986.1,ref|YP_003890223.1| 50S ribosomal protein L2 [Cyanothece sp. PCC 7822],CT_D0=1.30855467653267; CT_D3=1.472427943; CT_L0=1.17640237860526; CT_L3=1.16221052941561,old_locus_tag,,,,,,,,,,
GF_00814,Sandh_2014_Nostoc_punctiforme,Sandh et al. 2014,Nostoc punctiforme PCC 73102,2,Npun_R1549,WP_012408256.1,Nitrogen-fixing NifU; C-terminal,Log2 Ratio (Heterocyst/Filaments)=-0.5819330070542861; Variability [%]=38.2232482186413; Peptide Pair Count=1;3 | Log2 Ratio (Heterocyst/Filaments)=-0.5819330070542861; Variability [%]=38.2232482186413; Peptide Pair Count=1;3,old_locus_tag,Model-Supported,NifU family protein,Nitrogenase / nif machinery,Novel/uncertain candidate,178.0,0.507177033492823,0.3373493975903614,249,249,True
GF_00814,Welkie_2014_Cyanothece_PCC7822,Welkie et al. 2014,Gloeothece verrucosa PCC 7822,1,Cyan7822_3348,WP_013323367.1,ref|YP_003888573.1| nitrogen-fixing NifU domain-containing protein [Cyanothece sp. PCC 7822],CT_D0=1.55049657253267; CT_D3=1.451370271; CT_L0=1.05849557360526; CT_L3=1.05923311041561,old_locus_tag,Model-Supported,NifU family protein,Nitrogenase / nif machinery,Novel/uncertain candidate,178.0,0.507177033492823,0.3373493975903614,249,249,True
GF_00816,Panda_2025_Crocosphaera_ATCC51142,Panda et al. 2025,Crocosphaera subtropica ATCC 51142,1,cce_2046,WP_009545846.1,UvrABC system protein B,Two-way ANOVA p value nitrate=0.000164346857214752; Two-way ANOVA p value lightordark=0.340421296852083; Two-way ANOVA p value Interaction=0.416973033755849; D-_avgLFQ=24.7571029663086; D+_avgLFQ=23.3181400299072; L-_avgLFQ=24.7922658920288; L+_avgLFQ=23.741991519928; D-_D+(logFC)=1.4389629364013992; L-_L+(logFC)=1.0502743721008017,old_locus_tag,Model-Supported,excinuclease ABC subunit UvrB,Other / unassigned,Novel/uncertain candidate,220.0,0.5801435406698565,0.5822784810126582,79,79,False
GF_00818,Sandh_2014_Nostoc_punctiforme,Sandh et al. 2014,Nostoc punctiforme PCC 73102,2,Npun_F4317,WP_012410657.1,pth; Peptidyl-tRNA hydrolase,Log2 Ratio (Heterocyst/Filaments)=-0.8453943055082997; Variability [%]=16.2195851656739; Peptide Pair Count=1;2 | Log2 Ratio (Heterocyst/Filaments)=-0.8453943055082997; Variability [%]=16.2195851656739; Peptide Pair Count=1;2,old_locus_tag,Highly Pure,aminoacyl-tRNA hydrolase,Other / unassigned,Novel/uncertain candidate,,,0.9824561403508772,57,57,False
GF_00819,Held_2022_Trichodesmium_IMS101,Held et al. 2022,Trichodesmium erythraeum IMS101,1,Tery_4666,WP_011613951.1,Tery_4666 psbB photosystem antenna protein-like [Trichodesmium erythraeum IMS101: NC_008312],mean_relative_abundance=153.3; max=183.6@1h; min=119.1@0h; dynamic_range=64.51,old_locus_tag,Model-Supported,photosystem II chlorophyll-binding protein CP47,Housekeeping / lineage marker,Housekeeping marker (not a transplant candidate),24.0,0.8596491228070176,0.2877492877492877,351,351,False
GF_00819,Panda_2025_Crocosphaera_ATCC51142,Panda et al. 2025,Crocosphaera subtropica ATCC 51142,1,cce_1837,WP_009545650.1,Photosystem II CP47 reaction center protein,Two-way ANOVA p value nitrate=1.96277797627405e-05; Two-way ANOVA p value lightordark=0.0506736281417515; Two-way ANOVA p value Interaction=0.0713942339338473; D-_avgLFQ=30.9362626075745; D+_avgLFQ=31.3671536445618; L-_avgLFQ=30.9536457061768; L+_avgLFQ=31.7395558357239; D-_D+(logFC)=-0.43089103698730113; L-_L+(logFC)=-0.7859101295470978,old_locus_tag,Model-Supported,photosystem II chlorophyll-binding protein CP47,Housekeeping / lineage marker,Housekeeping marker (not a transplant candidate),24.0,0.8596491228070176,0.2877492877492877,351,351,False
GF_00819,Welkie_2014_Cyanothece_PCC7822,Welkie et al. 2014,Gloeothece verrucosa PCC 7822,1,Cyan7822_1257,WP_013321367.1,ref|YP_003886535.1| photosystem II chlorophyll-binding protein CP47 [Cyanothece sp. PCC 7822],CT_D0=1.09372712453267; CT_D3=1.329335702; CT_L0=1.40613410360526; CT_L3=1.29039859741561,old_locus_tag,Model-Supported,photosystem II chlorophyll-binding protein CP47,Housekeeping / lineage marker,Housekeeping marker (not a transplant candidate),24.0,0.8596491228070176,0.2877492877492877,351,351,False
GF_00833,Sandh_2014_Nostoc_punctiforme,Sandh et al. 2014,Nostoc punctiforme PCC 73102,2,Npun_F2411,WP_012408970.1,murG; N-acetylglucosaminyltransferase; M,Log2 Ratio (Heterocyst/Filaments)=0.9799056972522209; Variability [%]=26.5982885301353; Peptide Pair Count=1;1 | 24h Log2 Ratio (Het/Fil) (Present study)=0.9799056972522209; Variability [%]=26.5982885301353; Peptide Pair Count=1;1; Steady state Log2 ratio [7]=0.4914559375488677,old_locus_tag,Highly Pure,undecaprenyldiphospho-muramoylpentapeptide beta-N-acetylglucosaminyltransferase,Other / unassigned,Novel/uncertain candidate,,,0.98,50,50,False
GF_00844,Sandh_2014_Nostoc_punctiforme,Sandh et al. 2014,Nostoc punctiforme PCC 73102,2,Npun_F5945,WP_193372286.1,dhsB; Succinate dehydrogenase/fumarate reductase iron-sulfur protein,Log2 Ratio (Heterocyst/Filaments)=-0.25503612065189035; Variability [%]=19.1556990828884; Peptide Pair Count=2;1 | 24h Log2 Ratio (Het/Fil) (Present study)=-0.25503612065189035; Variability [%]=19.1556990828884; Peptide Pair Count=2;1; Steady state Log2 ratio [7]=2.2143207514501637,old_locus_tag,Highly Pure,succinate dehydrogenase/fumarate reductase iron-sulfur subunit,Metallocluster & Fe-S biogenesis,FOX-consistent support function (plausible rediscovery),,,0.9821428571428572,56,56,False
GF_00845,Held_2022_Trichodesmium_IMS101,Held et al. 2022,Trichodesmium erythraeum IMS101,1,Tery_3804,WP_011613179.1,Tery_3804 kaiB circadian clock protein KaiB [Trichodesmium erythraeum IMS101: NC_008312],mean_relative_abundance=14.78; max=21.9@12h; min=11.71@9h; dynamic_range=10.19,old_locus_tag,Model-Supported,circadian clock protein KaiB,Other / unassigned,Novel/uncertain candidate,441.0,0.1658692185007974,0.2975206611570248,363,363,False
GF_00845,Panda_2025_Crocosphaera_ATCC51142,Panda et al. 2025,Crocosphaera subtropica ATCC 51142,1,cce_0423,WP_024750203.1,Circadian clock protein KaiB,Two-way ANOVA p value nitrate=0.727994431692546; Two-way ANOVA p value lightordark=0.641165177935745; Two-way ANOVA p value Interaction=0.83269408431786; D-_avgLFQ=26.0782570838928; D+_avgLFQ=26.0042910575867; L-_avgLFQ=26.1121678352356; L+_avgLFQ=26.0940442085266; D-_D+(logFC)=0.0739660263061026; L-_L+(logFC)=0.018123626708998586,old_locus_tag,Model-Supported,circadian clock protein KaiB,Other / unassigned,Novel/uncertain candidate,441.0,0.1658692185007974,0.2975206611570248,363,363,False
GF_00856,Held_2022_Trichodesmium_IMS101,Held et al. 2022,Trichodesmium erythraeum IMS101,1,Tery_3274,WP_011612731.1,Tery_3274 glyceraldehyde-3-phosphate dehydrogenase (NAD+) (EC 1.2.1.12) [Trichodesmium erythraeum IMS101: NC_008312],mean_relative_abundance=12.4; max=16.34@23h; min=8.633@15h; dynamic_range=7.711,old_locus_tag,Model-Supported,ArsJ-associated glyceraldehyde-3-phosphate dehydrogenase,Other / unassigned,FOX-consistent support function (plausible rediscovery),6.0,0.9533492822966508,0.896551724137931,58,58,False
GF_00857,Held_2022_Trichodesmium_IMS101,Held et al. 2022,Trichodesmium erythraeum IMS101,1,Tery_2199,WP_011611797.1,Tery_2199 atpA ATP synthase F1 subcomplex alpha subunit [Trichodesmium erythraeum IMS101: NC_008312],mean_relative_abundance=457.9; max=558.6@1h; min=388.7@13h; dynamic_range=169.9,old_locus_tag,Model-Supported,F0F1 ATP synthase subunit alpha,Housekeeping / lineage marker,Housekeeping marker (not a transplant candidate),110.0,0.6606858054226475,0.4672489082969432,229,229,False
GF_00857,Panda_2025_Crocosphaera_ATCC51142,Panda et al. 2025,Crocosphaera subtropica ATCC 51142,1,cce_4488,WP_009543458.1,ATP synthase subunit alpha,Two-way ANOVA p value nitrate=0.00208349534372141; Two-way ANOVA p value lightordark=0.142037993592314; Two-way ANOVA p value Interaction=0.160966654789863; D-_avgLFQ=30.2329621315002; D+_avgLFQ=29.952380657196; L-_avgLFQ=30.2239594459534; L+_avgLFQ=29.5958909988403; D-_D+(logFC)=0.28058147430420277; L-_L+(logFC)=0.6280684471131011,old_locus_tag,Model-Supported,F0F1 ATP synthase subunit alpha,Housekeeping / lineage marker,Housekeeping marker (not a transplant candidate),110.0,0.6606858054226475,0.4672489082969432,229,229,False
GF_00857,Welkie_2014_Cyanothece_PCC7822,Welkie et al. 2014,Gloeothece verrucosa PCC 7822,1,Cyan7822_5502,WP_013325414.1,ref|YP_003890651.1| ATP synthase F1 subunit alpha [Cyanothece sp. PCC 7822],CT_D0=1.22215492653267; CT_D3=1.274354699; CT_L0=1.24091679960526; CT_L3=1.38216910241561,old_locus_tag,Model-Supported,F0F1 ATP synthase subunit alpha,Housekeeping / lineage marker,Housekeeping marker (not a transplant candidate),110.0,0.6606858054226475,0.4672489082969432,229,229,False
GF_00860,Sandh_2014_Nostoc_punctiforme,Sandh et al. 2014,Nostoc punctiforme PCC 73102,2,Npun_F2528,WP_012409079.1,Bcp; possible Peroxiredoxin,Log2 Ratio (Heterocyst/Filaments)=-2.9499797320066405; Variability [%]=26.9240128165849; Peptide Pair Count=8;6 | Log2 Ratio (Heterocyst/Filaments)=-2.9499797320066405; Variability [%]=26.9240128165849; Peptide Pair Count=8;6,old_locus_tag,Model-Supported,thioredoxin family protein,O2 protection & redox homeostasis,FOX-consistent support function (plausible rediscovery),426.0,0.14792663476874,0.5373134328358209,67,67,False
GF_00866,Held_2022_Trichodesmium_IMS101,Held et al. 2022,Trichodesmium erythraeum IMS101,1,Tery_2623,WP_011612180.1,Tery_2623 ahcY adenosylhomocysteinase (EC 3.3.1.1) [Trichodesmium erythraeum IMS101: NC_008312],mean_relative_abundance=264.5; max=366.6@11h; min=202.1@0h; dynamic_range=164.5,old_locus_tag,Model-Supported,adenosylhomocysteinase,Other / unassigned,Novel/uncertain candidate,36.0,0.6674641148325359,0.3716216216216216,148,148,False
GF_00866,Sandh_2014_Nostoc_punctiforme,Sandh et al. 2014,Nostoc punctiforme PCC 73102,2,Npun_R1054,WP_012407801.1,"S-adenosyl-L-homocysteine hydrolase met or seleno, P",Log2 Ratio (Heterocyst/Filaments)=-1.9873040457956421; Variability [%]=8.05169064201781; Peptide Pair Count=2;1 | 24h Log2 Ratio (Het/Fil) (Present study)=-1.9873040457956421; Variability [%]=8.05169064201781; Peptide Pair Count=2;1; Steady state Log2 ratio [7]=-1.2320125504114061,old_locus_tag,Model-Supported,adenosylhomocysteinase,Other / unassigned,Novel/uncertain candidate,36.0,0.6674641148325359,0.3716216216216216,148,148,False
GF_00868,Panda_2025_Crocosphaera_ATCC51142,Panda et al. 2025,Crocosphaera subtropica ATCC 51142,1,cce_4370,WP_009543572.1,Argininosuccinate synthase,Two-way ANOVA p value nitrate=1.06530464803648e-05; Two-way ANOVA p value lightordark=0.169885828152205; Two-way ANOVA p value Interaction=0.00696546390619168; D-_avgLFQ=29.7540349960327; D+_avgLFQ=28.9461879730225; L-_avgLFQ=29.3904333114624; L+_avgLFQ=29.0843052864075; D-_D+(logFC)=0.8078470230102006; L-_L+(logFC)=0.30612802505489967,old_locus_tag,,,,,,,,,,
GF_00868,Welkie_2014_Cyanothece_PCC7822,Welkie et al. 2014,Gloeothece verrucosa PCC 7822,1,Cyan7822_0392,WP_013320547.1,ref|YP_003885712.1| argininosuccinate synthase [Cyanothece sp. PCC 7822],CT_D0=1.23143278753267; CT_D3=1.267069966; CT_L0=1.32822442660526; CT_L3=1.29286834741561,old_locus_tag,,,,,,,,,,
GF_00871,Held_2022_Trichodesmium_IMS101,Held et al. 2022,Trichodesmium erythraeum IMS101,1,Tery_1014,WP_011610778.1,Tery_1014 psaE photosystem I reaction centre subunit IV/PsaE [Trichodesmium erythraeum IMS101: NC_008312],mean_relative_abundance=65.62; max=83.76@9h; min=50.19@6h; dynamic_range=33.58,old_locus_tag,,,,,,,,,,
GF_00874,Sandh_2014_Nostoc_punctiforme,Sandh et al. 2014,Nostoc punctiforme PCC 73102,2,Npun_F6516,WP_012412714.1,CysK; Cysteine synthase.,Log2 Ratio (Heterocyst/Filaments)=-2.5405597069856483; Variability [%]=4.29918791592744; Peptide Pair Count=4;2 | 24h Log2 Ratio (Het/Fil) (Present study)=-2.5405597069856483; Variability [%]=4.29918791592744; Peptide Pair Count=4;2; Steady state Log2 ratio [7]=-0.6676461055704292,old_locus_tag,Model-Supported,cysteine synthase A,Other / unassigned,Novel/uncertain candidate,102.0,0.6491228070175439,0.3157894736842105,133,133,False
GF_00887,Sandh_2014_Nostoc_punctiforme,Sandh et al. 2014,Nostoc punctiforme PCC 73102,2,Npun_R5926,WP_012412160.1,GTP cyclohydrolase I,Log2 Ratio (Heterocyst/Filaments)=-1.2419293618071665; Variability [%]=12.7855496343444; Peptide Pair Count=3;3 | Log2 Ratio (Heterocyst/Filaments)=-1.2419293618071665; Variability [%]=12.7855496343444; Peptide Pair Count=3;3,old_locus_tag,Model-Supported,preQ(1) synthase,Other / unassigned,Novel/uncertain candidate,11.0,0.8405103668261563,0.8888888888888888,81,81,False
GF_00889,Sandh_2014_Nostoc_punctiforme,Sandh et al. 2014,Nostoc punctiforme PCC 73102,1,Npun_R1078,WP_012407825.1,"wcaG UDP-glucose 4-epimerase, alr2827, P and T",Log2 Ratio (Heterocyst/Filaments)=0.3491790657802705; Variability [%]=8.53862620690286; Peptide Pair Count=6;5,old_locus_tag,Highly Pure,NAD(P)-dependent oxidoreductase,Other / unassigned,Novel/uncertain candidate,,,0.945945945945946,74,74,False
GF_00893,Sandh_2014_Nostoc_punctiforme,Sandh et al. 2014,Nostoc punctiforme PCC 73102,1,Npun_R4387,WP_012410722.1,rplB; Ribosomal protein L2; bacterial an,Log2 Ratio (Heterocyst/Filaments)=0.49983015955656057; Variability [%]=43.2250499722918; Peptide Pair Count=6;3,old_locus_tag,Highly Pure,50S ribosomal protein L2,Housekeeping / lineage marker,Housekeeping marker (not a transplant candidate),,,0.925925925925926,81,81,False
GF_00894,Sandh_2014_Nostoc_punctiforme,Sandh et al. 2014,Nostoc punctiforme PCC 73102,2,Npun_R4958,WP_012411258.1,argD; Acetylornithine and succinylornith,Log2 Ratio (Heterocyst/Filaments)=-1.8907595735846023; Variability [%]=26.4804415361316; Peptide Pair Count=2;1 | 24h Log2 Ratio (Het/Fil) (Present study)=-1.8907595735846023; Variability [%]=26.4804415361316; Peptide Pair Count=2;1; Steady state Log2 ratio [7]=-0.8016903824327091,old_locus_tag,Highly Pure,aspartate aminotransferase family protein,Other / unassigned,Novel/uncertain candidate,,,0.9827586206896552,58,58,False
GF_00895,Panda_2025_Crocosphaera_ATCC51142,Panda et al. 2025,Crocosphaera subtropica ATCC 51142,1,cce_2908,WP_009547370.1,Allophycocyanin alpha subunit,Two-way ANOVA p value nitrate=1.96904006466826e-06; Two-way ANOVA p value lightordark=0.391682108177886; Two-way ANOVA p value Interaction=0.0711378699981411; D-_avgLFQ=33.7127695083618; D+_avgLFQ=35.282883644104; L-_avgLFQ=33.8759803771973; L+_avgLFQ=34.8538379669189; D-_D+(logFC)=-1.5701141357421946; L-_L+(logFC)=-0.9778575897216015,old_locus_tag,Model-Supported,allophycocyanin subunit alpha,Other / unassigned,Novel/uncertain candidate,190.0,0.4441786283891547,0.4225941422594142,239,239,False
GF_00895,Sandh_2014_Nostoc_punctiforme,Sandh et al. 2014,Nostoc punctiforme PCC 73102,2,Npun_R4842,WP_012411145.1,apcA; Phycobilisome protein,Log2 Ratio (Heterocyst/Filaments)=-3.036922088385954; Variability [%]=13.8187437066657; Peptide Pair Count=6;5 | 24h Log2 Ratio (Het/Fil) (Present study)=-3.036922088385954; Variability [%]=13.8187437066657; Peptide Pair Count=6;5; Steady state Log2 ratio [7]=-3.0701292189822493,old_locus_tag,Model-Supported,allophycocyanin subunit alpha,Other / unassigned,Novel/uncertain candidate,190.0,0.4441786283891547,0.4225941422594142,239,239,False
GF_00916,Held_2022_Trichodesmium_IMS101,Held et al. 2022,Trichodesmium erythraeum IMS101,1,Tery_4815,WP_011614076.1,Tery_4815 ndhH NADH dehydrogenase subunit D (EC 1.6.5.3) [Trichodesmium erythraeum IMS101: NC_008312],mean_relative_abundance=30.81; max=48.19@12h; min=18.91@9h; dynamic_range=29.27,old_locus_tag,Model-Supported,NAD(P)H-quinone oxidoreductase subunit H,Other / unassigned,Novel/uncertain candidate,155.0,0.492822966507177,0.4380165289256198,242,242,False
GF_00916,Panda_2025_Crocosphaera_ATCC51142,Panda et al. 2025,Crocosphaera subtropica ATCC 51142,1,cce_4717,WP_009543241.1,NAD(P)H-quinone oxidoreductase subunit H,Two-way ANOVA p value nitrate=8.28020749536335e-05; Two-way ANOVA p value lightordark=0.129444550097785; Two-way ANOVA p value Interaction=0.591858900338053; D-_avgLFQ=29.0266461372375; D+_avgLFQ=29.5800018310547; L-_avgLFQ=29.2160634994507; L+_avgLFQ=29.6736531257629; D-_D+(logFC)=-0.5533556938172026; L-_L+(logFC)=-0.457589626312199,old_locus_tag,Model-Supported,NAD(P)H-quinone oxidoreductase subunit H,Other / unassigned,Novel/uncertain candidate,155.0,0.492822966507177,0.4380165289256198,242,242,False
GF_00916,Sandh_2014_Nostoc_punctiforme,Sandh et al. 2014,Nostoc punctiforme PCC 73102,2,Npun_F4970,WP_012411270.1,"NuoD; NADH dehydrogenase (quinone), chain 49KDa.",Log2 Ratio (Heterocyst/Filaments)=0.8644774268797633; Variability [%]=9.69524868743536; Peptide Pair Count=3;4 | 24h Log2 Ratio (Het/Fil) (Present study)=0.8644774268797633; Variability [%]=9.69524868743536; Peptide Pair Count=3;4; Steady state Log2 ratio [7]=1.31030538802033,old_locus_tag,Model-Supported,NAD(P)H-quinone oxidoreductase subunit H,Other / unassigned,Novel/uncertain candidate,155.0,0.492822966507177,0.4380165289256198,242,242,False
GF_00916,Welkie_2014_Cyanothece_PCC7822,Welkie et al. 2014,Gloeothece verrucosa PCC 7822,1,Cyan7822_3581,WP_013323591.1,ref|YP_003888797.1| NADH dehydrogenase [Cyanothece sp. PCC 7822],CT_D0=1.22035714653267; CT_D3=1.249174979; CT_L0=1.24803640260526; CT_L3=1.40202699941561,old_locus_tag,Model-Supported,NAD(P)H-quinone oxidoreductase subunit H,Other / unassigned,Novel/uncertain candidate,155.0,0.492822966507177,0.4380165289256198,242,242,False
GF_00929,Sandh_2014_Nostoc_punctiforme,Sandh et al. 2014,Nostoc punctiforme PCC 73102,1,Npun_R0382,WP_012407190.1,"ThiF; UBA/THIF-type NAD/FAD binding fold:MoeZ/MoeB, 1tm, T",Log2 Ratio (Heterocyst/Filaments)=2.8751229779656224; Variability [%]=24.5481966552778; Peptide Pair Count=1;1,old_locus_tag,Highly Pure,HesA/MoeB/ThiF family protein,Other / unassigned,Novel/uncertain candidate,,,0.9866666666666668,75,75,False
GF_00931,Held_2022_Trichodesmium_IMS101,Held et al. 2022,Trichodesmium erythraeum IMS101,1,Tery_1230,WP_011610961.1,Tery_1230 psbDII photosystem II D2 protein (photosystem q(a) protein) [Trichodesmium erythraeum IMS101: NC_008312],mean_relative_abundance=60.14; max=101.8@9h; min=26.55@1h; dynamic_range=75.22,old_locus_tag,,,,,,,,,,
GF_00931,Welkie_2014_Cyanothece_PCC7822,Welkie et al. 2014,Gloeothece verrucosa PCC 7822,1,Cyan7822_1698,WP_013321793.1,ref|YP_003886961.1| photosystem II D2 protein (photosystem q(a) protein) [Cyanothece sp. PCC 7822],CT_D0=1.29350134253267; CT_D3=1.206494492; CT_L0=1.23701054560526; CT_L3=1.38258914741561,old_locus_tag,,,,,,,,,,
GF_00932,Panda_2025_Crocosphaera_ATCC51142,Panda et al. 2025,Crocosphaera subtropica ATCC 51142,1,cce_4665,WP_009543288.1,ATP-dependent protease,Two-way ANOVA p value nitrate=0.00298526932736556; Two-way ANOVA p value lightordark=0.158421116714721; Two-way ANOVA p value Interaction=0.673245011414267; D-_avgLFQ=24.3111395835876; D+_avgLFQ=22.9670405387878; L-_avgLFQ=24.6590075492859; L+_avgLFQ=23.5954651832581; D-_D+(logFC)=1.3440990447998011; L-_L+(logFC)=1.0635423660278,old_locus_tag,,,,,,,,,,
GF_00932,Welkie_2014_Cyanothece_PCC7822,Welkie et al. 2014,Gloeothece verrucosa PCC 7822,1,Cyan7822_2140,WP_013322225.1,ref|YP_003887395.1| peptidase S16 lon domain-containing protein [Cyanothece sp. PCC 7822],CT_D0=1.47698045553267; CT_D3=1.497944219; CT_L0=1.12495788660526; CT_L3=1.01971296741561,old_locus_tag,,,,,,,,,,
GF_00936,Sandh_2014_Nostoc_punctiforme,Sandh et al. 2014,Nostoc punctiforme PCC 73102,2,Npun_F0880,WP_012407639.1,fgams; Phosphoribosylformylglycinamidine,Log2 Ratio (Heterocyst/Filaments)=-2.021674175554678; Variability [%]=51.5568645753793; Peptide Pair Count=1;3 | Log2 Ratio (Heterocyst/Filaments)=-2.021674175554678; Variability [%]=51.5568645753793; Peptide Pair Count=1;3,old_locus_tag,Highly Pure,phosphoribosylformylglycinamidine synthase subunit PurL,Other / unassigned,Novel/uncertain candidate,,,0.9682539682539684,63,63,False
GF_00941,Sandh_2014_Nostoc_punctiforme,Sandh et al. 2014,Nostoc punctiforme PCC 73102,2,Npun_F5853,WP_012412094.1,RplJ; Ribosomal protein L10,Log2 Ratio (Heterocyst/Filaments)=-0.10969873833881875; Variability [%]=18.4940649674164; Peptide Pair Count=3;5 | 24h Log2 Ratio (Het/Fil) (Present study)=-0.10969873833881875; Variability [%]=18.4940649674164; Peptide Pair Count=3;5; Steady state Log2 ratio [7]=0.0372363817231702,old_locus_tag,Highly Pure,50S ribosomal protein L10,Housekeeping / lineage marker,Housekeeping marker (not a transplant candidate),,,0.9846153846153848,65,65,False
GF_00945,Sandh_2014_Nostoc_punctiforme,Sandh et al. 2014,Nostoc punctiforme PCC 73102,2,Npun_R3257,WP_012409678.1,ChaB; possible Putative cation transport,Log2 Ratio (Heterocyst/Filaments)=-1.3866115920301445; Variability [%]=10.6197085780291; Peptide Pair Count=1;2 | Log2 Ratio (Heterocyst/Filaments)=-1.3866115920301445; Variability [%]=10.6197085780291; Peptide Pair Count=1;2,old_locus_tag,Highly Pure,ChaB family protein,Other / unassigned,Novel/uncertain candidate,,,0.9777777777777776,45,45,False
GF_00947,Panda_2025_Crocosphaera_ATCC51142,Panda et al. 2025,Crocosphaera subtropica ATCC 51142,1,cce_0232,WP_009546728.1,Argininosuccinate lyase,Two-way ANOVA p value nitrate=0.677509061346394; Two-way ANOVA p value lightordark=0.0158179519086212; Two-way ANOVA p value Interaction=0.37575486422949; D-_avgLFQ=26.9441413879395; D+_avgLFQ=26.8496537208557; L-_avgLFQ=26.6824879646301; L+_avgLFQ=26.7171421051025; D-_D+(logFC)=0.09448766708380063; L-_L+(logFC)=-0.03465414047240145,old_locus_tag,,,,,,,,,,
GF_00949,Held_2022_Trichodesmium_IMS101,Held et al. 2022,Trichodesmium erythraeum IMS101,1,Tery_2539,WP_011612104.1,Tery_2539 heme utilization protein HuvX [Trichodesmium erythraeum IMS101: NC_008312],mean_relative_abundance=11.89; max=17.52@12h; min=6.706@14h; dynamic_range=10.82,old_locus_tag,Model-Supported,ChuX/HutX family heme-like substrate-binding protein,Transport,Novel/uncertain candidate,105.0,0.4015151515151515,0.7613636363636364,88,88,False
GF_00952,Sandh_2014_Nostoc_punctiforme,Sandh et al. 2014,Nostoc punctiforme PCC 73102,2,Npun_F3507,WP_012409887.1,argC; N-acetyl-gamma-glutamyl-phosphate,Log2 Ratio (Heterocyst/Filaments)=-1.7413350521228592; Variability [%]=25.2089752515986; Peptide Pair Count=1;1 | Log2 Ratio (Heterocyst/Filaments)=-1.7413350521228592; Variability [%]=25.2089752515986; Peptide Pair Count=1;1,old_locus_tag,Highly Pure,N-acetyl-gamma-glutamyl-phosphate reductase,Other / unassigned,Novel/uncertain candidate,,,0.9295774647887324,71,71,False
GF_00957,Held_2022_Trichodesmium_IMS101,Held et al. 2022,Trichodesmium erythraeum IMS101,1,Tery_2983,WP_011612494.1,Tery_2983 rpmE LSU ribosomal protein L31P [Trichodesmium erythraeum IMS101: NC_008312],mean_relative_abundance=4.004; max=8.316@22h; min=1.118@14h; dynamic_range=7.199,old_locus_tag,Model-Supported,50S ribosomal protein L31,Housekeeping / lineage marker,Housekeeping marker (not a transplant candidate),27.0,0.8237639553429027,0.6290322580645161,124,124,False
GF_00958,Held_2022_Trichodesmium_IMS101,Held et al. 2022,Trichodesmium erythraeum IMS101,1,Tery_3002,WP_011612512.1,Tery_3002 rplN LSU ribosomal protein L14P [Trichodesmium erythraeum IMS101: NC_008312],mean_relative_abundance=24.33; max=32.12@12h; min=18.99@15h; dynamic_range=13.13,old_locus_tag,Model-Supported,50S ribosomal protein L14,Housekeeping / lineage marker,Housekeeping marker (not a transplant candidate),165.0,0.511164274322169,0.4083969465648855,262,262,False
GF_00958,Panda_2025_Crocosphaera_ATCC51142,Panda et al. 2025,Crocosphaera subtropica ATCC 51142,1,cce_4024,WP_008275479.1,50S ribosomal protein L14,Two-way ANOVA p value nitrate=8.27668510389882e-09; Two-way ANOVA p value lightordark=0.120082940657366; Two-way ANOVA p value Interaction=0.662857135462041; D-_avgLFQ=27.5745234489441; D+_avgLFQ=28.9628524780273; L-_avgLFQ=27.777765750885; L+_avgLFQ=29.0804109573364; D-_D+(logFC)=-1.3883290290832022; L-_L+(logFC)=-1.3026452064514018,old_locus_tag,Model-Supported,50S ribosomal protein L14,Housekeeping / lineage marker,Housekeeping marker (not a transplant candidate),165.0,0.511164274322169,0.4083969465648855,262,262,False
GF_00958,Sandh_2014_Nostoc_punctiforme,Sandh et al. 2014,Nostoc punctiforme PCC 73102,1,Npun_R4380,WP_012410715.1,rplN; Ribosomal protein L14; bacterial a,Log2 Ratio (Heterocyst/Filaments)=0.9331363922897717; Variability [%]=31.3274833945265; Peptide Pair Count=1;2,old_locus_tag,Model-Supported,50S ribosomal protein L14,Housekeeping / lineage marker,Housekeeping marker (not a transplant candidate),165.0,0.511164274322169,0.4083969465648855,262,262,False
GF_00958,Welkie_2014_Cyanothece_PCC7822,Welkie et al. 2014,Gloeothece verrucosa PCC 7822,1,Cyan7822_5054,WP_013324979.1,ref|YP_003890216.1| 50S ribosomal protein L14 [Cyanothece sp. PCC 7822],CT_D0=1.10466144853267; CT_D3=1.005881185; CT_L0=1.35413199860526; CT_L3=1.65492089641561,old_locus_tag,Model-Supported,50S ribosomal protein L14,Housekeeping / lineage marker,Housekeeping marker (not a transplant candidate),165.0,0.511164274322169,0.4083969465648855,262,262,False
GF_00960,Welkie_2014_Cyanothece_PCC7822,Welkie et al. 2014,Gloeothece verrucosa PCC 7822,1,Cyan7822_5015,WP_013324942.1,ref|YP_003890179.1| NADH-ubiquinone/plastoquinone oxidoreductase chain 3 [Cyanothece sp. PCC 7822],CT_D0=1.07381173153267; CT_D3=1.370132266; CT_L0=1.25917837960526; CT_L3=1.41647315041561,old_locus_tag,Model-Supported,photosynthetic/respiratory NAD(P)H-quinone oxidoreductase subunit C,Respiration & bioenergetics,FOX-consistent support function (plausible rediscovery),262.0,0.4385964912280702,0.410377358490566,212,212,False
GF_00968,Held_2022_Trichodesmium_IMS101,Held et al. 2022,Trichodesmium erythraeum IMS101,1,Tery_4355,WP_011613673.1,Tery_4355 Iron-regulated ABC transporter membrane component SufB [Trichodesmium erythraeum IMS101: NC_008312],mean_relative_abundance=18.64; max=25.07@20h; min=13.54@11h; dynamic_range=11.54,old_locus_tag,Model-Supported,Fe-S cluster assembly protein SufB,Metallocluster & Fe-S biogenesis,FOX-consistent support function (plausible rediscovery),45.0,0.6862041467304625,0.44,250,250,False
GF_00968,Panda_2025_Crocosphaera_ATCC51142,Panda et al. 2025,Crocosphaera subtropica ATCC 51142,1,cce_0685,WP_009545929.1,Iron-sulfur assembly protein,Two-way ANOVA p value nitrate=0.000173582539551244; Two-way ANOVA p value lightordark=0.0744731287702323; Two-way ANOVA p value Interaction=0.124367877022254; D-_avgLFQ=26.8678212165833; D+_avgLFQ=23.3955793380737; L-_avgLFQ=25.0798225402832; L+_avgLFQ=23.2462553977966; D-_D+(logFC)=3.472241878509603; L-_L+(logFC)=1.8335671424866007,old_locus_tag,Model-Supported,Fe-S cluster assembly protein SufB,Metallocluster & Fe-S biogenesis,FOX-consistent support function (plausible rediscovery),45.0,0.6862041467304625,0.44,250,250,False
GF_00968,Sandh_2014_Nostoc_punctiforme,Sandh et al. 2014,Nostoc punctiforme PCC 73102,2,Npun_F4822,WP_012411125.1,"sufB; FeS assembly protein SufB, involved in ROS and iron limitation",Log2 Ratio (Heterocyst/Filaments)=-0.12144510590643835; Variability [%]=1.2326024900328; Peptide Pair Count=2;1 | 24h Log2 Ratio (Het/Fil) (Present study)=-0.12144510590643835; Variability [%]=1.2326024900328; Peptide Pair Count=2;1; Steady state Log2 ratio [7]=1.0748268718956437,old_locus_tag,Model-Supported,Fe-S cluster assembly protein SufB,Metallocluster & Fe-S biogenesis,FOX-consistent support function (plausible rediscovery),45.0,0.6862041467304625,0.44,250,250,False
GF_00968,Welkie_2014_Cyanothece_PCC7822,Welkie et al. 2014,Gloeothece verrucosa PCC 7822,1,Cyan7822_3139,WP_013323186.1,ref|YP_003888368.1| FeS assembly protein SufB [Cyanothece sp. PCC 7822],CT_D0=1.17721283853267; CT_D3=1.541328454; CT_L0=1.20097930660526; CT_L3=1.20007492841561,old_locus_tag,Model-Supported,Fe-S cluster assembly protein SufB,Metallocluster & Fe-S biogenesis,FOX-consistent support function (plausible rediscovery),45.0,0.6862041467304625,0.44,250,250,False
GF_00969,Held_2022_Trichodesmium_IMS101,Held et al. 2022,Trichodesmium erythraeum IMS101,1,Tery_3654,WP_044136900.1,Tery_3654 phosphoribulokinase (EC 2.7.1.19) [Trichodesmium erythraeum IMS101: NC_008312],mean_relative_abundance=128.7; max=167.9@12h; min=102.7@9h; dynamic_range=65.25,old_locus_tag,Model-Supported,phosphoribulokinase,Other / unassigned,Novel/uncertain candidate,53.0,0.465311004784689,0.5894039735099338,151,151,False
GF_00969,Sandh_2014_Nostoc_punctiforme,Sandh et al. 2014,Nostoc punctiforme PCC 73102,1,Npun_F2752,WP_012409283.1,prk Phosphoribulokinase P and T,Log2 Ratio (Heterocyst/Filaments)=-1.936577719668882; Variability [%]=4.51685167060967; Peptide Pair Count=11;9,old_locus_tag,Model-Supported,phosphoribulokinase,Other / unassigned,Novel/uncertain candidate,53.0,0.465311004784689,0.5894039735099338,151,151,False
GF_00970,Sandh_2014_Nostoc_punctiforme,Sandh et al. 2014,Nostoc punctiforme PCC 73102,2,Npun_R6366,WP_012412577.1,"Conserved hypothetical protein 92, GTP-binding protein, HSR1-related",Log2 Ratio (Heterocyst/Filaments)=-1.2654298141807307; Variability [%]=25.6221449047816; Peptide Pair Count=3;1 | 24h Log2 Ratio (Het/Fil) (Present study)=-1.2654298141807307; Variability [%]=25.6221449047816; Peptide Pair Count=3;1; Steady state Log2 ratio [7]=0.05330480604086969,old_locus_tag,Model-Supported,redox-regulated ATPase YchF,O2 protection & redox homeostasis,Novel/uncertain candidate,374.0,0.2141148325358851,0.6304347826086957,138,138,False
GF_00972,Sandh_2014_Nostoc_punctiforme,Sandh et al. 2014,Nostoc punctiforme PCC 73102,2,Npun_R0493,WP_012407295.1,Bcp; Alkyl hydroperoxide reductase/ Thio,Log2 Ratio (Heterocyst/Filaments)=-3.7339851117974754; Variability [%]=15.6958949392509; Peptide Pair Count=8;12 | 24h Log2 Ratio (Het/Fil) (Present study)=-3.7339851117974754; Variability [%]=15.6958949392509; Peptide Pair Count=8;12; Steady state Log2 ratio [7]=-3.0920629370835666,old_locus_tag,Model-Supported,peroxiredoxin,O2 protection & redox homeostasis,FOX-consistent support function (plausible rediscovery),23.0,0.5055821371610845,0.875,80,80,False
GF_00973,Sandh_2014_Nostoc_punctiforme,Sandh et al. 2014,Nostoc punctiforme PCC 73102,1,Npun_R2359,WP_012408921.1,gatB; Glutamyl-tRNA(Gln) amidotransferas,Log2 Ratio (Heterocyst/Filaments)=-2.2060489327298085; Variability [%]=3.15781004767577; Peptide Pair Count=5;7,old_locus_tag,Highly Pure,Asp-tRNA(Asn)/Glu-tRNA(Gln) amidotransferase subunit GatB,Other / unassigned,Novel/uncertain candidate,,,0.9850746268656716,67,67,False
GF_00974,Sandh_2014_Nostoc_punctiforme,Sandh et al. 2014,Nostoc punctiforme PCC 73102,2,Npun_R3942,WP_012410291.1,"MoaB; Molybdenum cofactor biosynthesis protein, T",Log2 Ratio (Heterocyst/Filaments)=-2.3178793748929345; Variability [%]=25.2177918343366; Peptide Pair Count=1;1 | 24h Log2 Ratio (Het/Fil) (Present study)=-2.3178793748929345; Variability [%]=25.2177918343366; Peptide Pair Count=1;1; Steady state Log2 ratio [7]=0.2370131912050074,old_locus_tag,Highly Pure,molybdenum cofactor biosynthesis protein B,Other / unassigned,Novel/uncertain candidate,,,1.0,43,43,False
GF_00976,Sandh_2014_Nostoc_punctiforme,Sandh et al. 2014,Nostoc punctiforme PCC 73102,2,Npun_F1348,WP_012408080.1,Twin-arginine translocation pat,Log2 Ratio (Heterocyst/Filaments)=-2.84387560762294; Variability [%]=20.808129953991; Peptide Pair Count=2;2 | 24h Log2 Ratio (Het/Fil) (Present study)=-2.84387560762294; Variability [%]=20.808129953991; Peptide Pair Count=2;2; Steady state Log2 ratio [7]=-0.16857706163249903,old_locus_tag,Highly Pure,MBL fold metallo-hydrolase,Other / unassigned,Novel/uncertain candidate,,,1.0,43,43,False
GF_00977,Sandh_2014_Nostoc_punctiforme,Sandh et al. 2014,Nostoc punctiforme PCC 73102,2,Npun_F3467,WP_012409850.1,"cyano, conserved hypothetical protein, cyano",Log2 Ratio (Heterocyst/Filaments)=-2.3278599185827016; Variability [%]=27.9714281676208; Peptide Pair Count=5;4 | Log2 Ratio (Heterocyst/Filaments)=-2.3278599185827016; Variability [%]=27.9714281676208; Peptide Pair Count=5;4,old_locus_tag,Highly Pure,hypothetical protein,Stress / membrane / uncharacterized,Novel/uncertain candidate,,,1.0,41,41,False
GF_00978,Sandh_2014_Nostoc_punctiforme,Sandh et al. 2014,Nostoc punctiforme PCC 73102,2,Npun_F6222,WP_012412446.1,3xrn; VacB and RNase II family 3'-5' exo,Log2 Ratio (Heterocyst/Filaments)=0.447468058317758; Variability [%]=3.6082030226048; Peptide Pair Count=5;9 | 24h Log2 Ratio (Het/Fil) (Present study)=0.447468058317758; Variability [%]=3.6082030226048; Peptide Pair Count=5;9; Steady state Log2 ratio [7]=-1.3776028737242476,old_locus_tag,Highly Pure,ribonuclease R family protein,Other / unassigned,Novel/uncertain candidate,,,1.0,48,48,False
GF_00981,Sandh_2014_Nostoc_punctiforme,Sandh et al. 2014,Nostoc punctiforme PCC 73102,2,Npun_R0887,WP_012407646.1,MrcB; Forkhead-associated (FHA):Glycosyl,Log2 Ratio (Heterocyst/Filaments)=1.159746025051643; Variability [%]=7.97989511718615; Peptide Pair Count=1;2 | Log2 Ratio (Heterocyst/Filaments)=1.159746025051643; Variability [%]=7.97989511718615; Peptide Pair Count=1;2,old_locus_tag,Highly Pure,transglycosylase domain-containing protein,Other / unassigned,Novel/uncertain candidate,,,0.981132075471698,53,53,False
GF_00987,Sandh_2014_Nostoc_punctiforme,Sandh et al. 2014,Nostoc punctiforme PCC 73102,1,Npun_R0283,WP_012407094.1,ribH; 6;7-dimethyl-8-ribityllumazine syn,Log2 Ratio (Heterocyst/Filaments)=0.5268417627332065; Variability [%]=13.2201210633911; Peptide Pair Count=2;3,old_locus_tag,Highly Pure,6%2C7-dimethyl-8-ribityllumazine synthase,Other / unassigned,Novel/uncertain candidate,,,0.927536231884058,69,69,False
GF_00988,Sandh_2014_Nostoc_punctiforme,Sandh et al. 2014,Nostoc punctiforme PCC 73102,2,Npun_R0697,WP_012407474.1,Protein of unknown function DUF111,Log2 Ratio (Heterocyst/Filaments)=0.6472825704540526; Variability [%]=5.08235767072034; Peptide Pair Count=4;2 | Log2 Ratio (Heterocyst/Filaments)=0.6472825704540526; Variability [%]=5.08235767072034; Peptide Pair Count=4;2,old_locus_tag,Highly Pure,nickel pincer cofactor biosynthesis protein LarC,Other / unassigned,Novel/uncertain candidate,,,0.9807692307692308,52,52,False
GF_00991,Sandh_2014_Nostoc_punctiforme,Sandh et al. 2014,Nostoc punctiforme PCC 73102,2,Npun_F3055,WP_012409536.1,"MrcB; Glycosyl transferase, family 51, Penicillin-binding protein, transpeptidase, sp 1 tm",Log2 Ratio (Heterocyst/Filaments)=0.8331989845525022; Variability [%]=5.77302591474228; Peptide Pair Count=3;2 | 24h Log2 Ratio (Het/Fil) (Present study)=0.8331989845525022; Variability [%]=5.77302591474228; Peptide Pair Count=3;2; Steady state Log2 ratio [7]=0.5089380568084418,old_locus_tag,Highly Pure,transglycosylase domain-containing protein,Other / unassigned,Novel/uncertain candidate,,,0.9850746268656716,67,67,False
GF_00999,Sandh_2014_Nostoc_punctiforme,Sandh et al. 2014,Nostoc punctiforme PCC 73102,2,Npun_R5147,WP_012411432.1,trpE; Anthranilate synthase component I,Log2 Ratio (Heterocyst/Filaments)=-2.590520506108336; Variability [%]=9.89039438953736; Peptide Pair Count=5;4 | Log2 Ratio (Heterocyst/Filaments)=-2.590520506108336; Variability [%]=9.89039438953736; Peptide Pair Count=5;4,old_locus_tag,Highly Pure,anthranilate synthase component I,Other / unassigned,Novel/uncertain candidate,,,0.9827586206896552,58,58,False
GF_01006,Sandh_2014_Nostoc_punctiforme,Sandh et al. 2014,Nostoc punctiforme PCC 73102,1,Npun_R6170,WP_012412396.1,MgtA; Calcium-transporting ATPase.,Log2 Ratio (Heterocyst/Filaments)=0.8504026734015157; Variability [%]=11.0182145174346; Peptide Pair Count=6;8,old_locus_tag,Highly Pure,cation-translocating P-type ATPase,Other / unassigned,Novel/uncertain candidate,,,0.9846153846153848,65,65,False
GF_01008,Sandh_2014_Nostoc_punctiforme,Sandh et al. 2014,Nostoc punctiforme PCC 73102,2,Npun_F0907,WP_012407666.1,glmU; UDP-N-acetylglucosamine pyrophosph,Log2 Ratio (Heterocyst/Filaments)=0.1830558483177871; Variability [%]=12.1436689912073; Peptide Pair Count=6;5 | 24h Log2 Ratio (Het/Fil) (Present study)=0.1830558483177871; Variability [%]=12.1436689912073; Peptide Pair Count=6;5; Steady state Log2 ratio [7]=0.20546142015335256,old_locus_tag,Highly Pure,bifunctional UDP-N-acetylglucosamine diphosphorylase/glucosamine-1-phosphate N-acetyltransferase GlmU,Other / unassigned,Novel/uncertain candidate,,,1.0,40,40,False
GF_01014,Sandh_2014_Nostoc_punctiforme,Sandh et al. 2014,Nostoc punctiforme PCC 73102,2,Npun_R1898,WP_012408566.1,Qor; NADPH:quinone reductase.,Log2 Ratio (Heterocyst/Filaments)=-2.73912170815378; Variability [%]=32.1408787159903; Peptide Pair Count=1;2 | Log2 Ratio (Heterocyst/Filaments)=-2.73912170815378; Variability [%]=32.1408787159903; Peptide Pair Count=1;2,old_locus_tag,Highly Pure,zinc-dependent alcohol dehydrogenase family protein,Other / unassigned,FOX-consistent support function (plausible rediscovery),,,1.0,44,44,False
GF_01028,Held_2022_Trichodesmium_IMS101,Held et al. 2022,Trichodesmium erythraeum IMS101,1,Tery_2371,WP_011611958.1,Tery_2371 acsA acetyl-coenzyme A synthetase (EC 6.2.1.1) [Trichodesmium erythraeum IMS101: NC_008312],mean_relative_abundance=38.13; max=48.86@22h; min=25.22@9h; dynamic_range=23.64,old_locus_tag,Model-Supported,acetate--CoA ligase,Other / unassigned,Novel/uncertain candidate,289.0,0.414274322169059,0.4398148148148148,216,216,False
GF_01028,Sandh_2014_Nostoc_punctiforme,Sandh et al. 2014,Nostoc punctiforme PCC 73102,1,Npun_R6266,WP_012412490.1,Acs; Acetate--CoA ligase.,Log2 Ratio (Heterocyst/Filaments)=-3.0386282774312985; Variability [%]=11.0287003171017; Peptide Pair Count=1;1,old_locus_tag,Model-Supported,acetate--CoA ligase,Other / unassigned,Novel/uncertain candidate,289.0,0.414274322169059,0.4398148148148148,216,216,False
GF_01028,Welkie_2014_Cyanothece_PCC7822,Welkie et al. 2014,Gloeothece verrucosa PCC 7822,1,Cyan7822_0764,WP_013320900.1,ref|YP_003886065.1| acetate/CoA ligase [Cyanothece sp. PCC 7822],CT_D0=1.28771778353267; CT_D3=0.92816638; CT_L0=1.35167758160526; CT_L3=1.55203378341561,old_locus_tag,Model-Supported,acetate--CoA ligase,Other / unassigned,Novel/uncertain candidate,289.0,0.414274322169059,0.4398148148148148,216,216,False
GF_01032,Sandh_2014_Nostoc_punctiforme,Sandh et al. 2014,Nostoc punctiforme PCC 73102,2,Npun_F6582,WP_012412776.1,PurS; Protein of unknown function UPF006,Log2 Ratio (Heterocyst/Filaments)=-1.6596060989548158; Variability [%]=24.1778491582608; Peptide Pair Count=4;2 | Log2 Ratio (Heterocyst/Filaments)=-1.6596060989548158; Variability [%]=24.1778491582608; Peptide Pair Count=4;2,old_locus_tag,Highly Pure,phosphoribosylformylglycinamidine synthase subunit PurS,Other / unassigned,Novel/uncertain candidate,,,0.981132075471698,53,53,False
GF_01147,Welkie_2014_Cyanothece_PCC7822,Welkie et al. 2014,Gloeothece verrucosa PCC 7822,1,Cyan7822_4043,WP_013324036.1,ref|YP_003889243.1| phycocyanin [Cyanothece sp. PCC 7822],CT_D0=1.15969504253267; CT_D3=1.094742761; CT_L0=1.30347147960526; CT_L3=1.56168624541561,old_locus_tag,,,,,,,,,,
GF_01192,Sandh_2014_Nostoc_punctiforme,Sandh et al. 2014,Nostoc punctiforme PCC 73102,2,Npun_R5387,WP_012411650.1,GlnA; Glutamine synthetase type I,Log2 Ratio (Heterocyst/Filaments)=-1.2120462161006231; Variability [%]=34.1674436033814; Peptide Pair Count=7;7 | 24h Log2 Ratio (Het/Fil) (Present study)=-1.2120462161006231; Variability [%]=34.1674436033814; Peptide Pair Count=7;7; Steady state Log2 ratio [7]=1.9384515426739832,old_locus_tag,Highly Pure,type I glutamate--ammonia ligase,Other / unassigned,Novel/uncertain candidate,,,0.971830985915493,71,71,False
GF_01230,Panda_2025_Crocosphaera_ATCC51142,Panda et al. 2025,Crocosphaera subtropica ATCC 51142,1,cce_1305,WP_009544127.1,Cytochrome b559 subunit beta,Two-way ANOVA p value nitrate=5.96921283222728e-07; Two-way ANOVA p value lightordark=0.0784890166152773; Two-way ANOVA p value Interaction=0.469479414540551; D-_avgLFQ=27.2444047927856; D+_avgLFQ=28.5465722084045; L-_avgLFQ=27.5825486183167; L+_avgLFQ=28.6955389976501; D-_D+(logFC)=-1.3021674156189; L-_L+(logFC)=-1.1129903793334002,old_locus_tag,Model-Supported,cytochrome b559 subunit beta,Respiration & bioenergetics,FOX-consistent support function (plausible rediscovery),62.0,0.5685805422647527,0.4178082191780822,146,146,False
GF_01233,Held_2022_Trichodesmium_IMS101,Held et al. 2022,Trichodesmium erythraeum IMS101,1,Tery_2741,WP_011612286.1,"Tery_2741 hemL glutamate-1-semialdehyde 2,1-aminomutase (EC 5.4.3.8) [Trichodesmium erythraeum IMS101: NC_008312]",mean_relative_abundance=65.99; max=108@12h; min=48.06@14h; dynamic_range=59.99,old_locus_tag,Model-Supported,glutamate-1-semialdehyde 2%2C1-aminomutase,Other / unassigned,Novel/uncertain candidate,87.0,0.5446570972886763,0.4071146245059288,253,253,False
GF_01233,Panda_2025_Crocosphaera_ATCC51142,Panda et al. 2025,Crocosphaera subtropica ATCC 51142,1,cce_0172,WP_024750185.1,"Glutamate-1-semialdehyde 2,1-aminomutase",Two-way ANOVA p value nitrate=7.74078556131765e-06; Two-way ANOVA p value lightordark=0.000945735952355246; Two-way ANOVA p value Interaction=0.00099236783881495; D-_avgLFQ=29.0112705230713; D+_avgLFQ=28.6884627342224; L-_avgLFQ=29.0084500312805; L+_avgLFQ=27.7933731079102; D-_D+(logFC)=0.32280778884889827; L-_L+(logFC)=1.215076923370301,old_locus_tag,Model-Supported,glutamate-1-semialdehyde 2%2C1-aminomutase,Other / unassigned,Novel/uncertain candidate,87.0,0.5446570972886763,0.4071146245059288,253,253,False
GF_01233,Sandh_2014_Nostoc_punctiforme,Sandh et al. 2014,Nostoc punctiforme PCC 73102,1,Npun_R4096,WP_012410441.1,hemL; Glutamate-1-semialdehyde-2;1-amino,Log2 Ratio (Heterocyst/Filaments)=-3.2220944027151073; Variability [%]=16.1335285904369; Peptide Pair Count=3;2,old_locus_tag,Model-Supported,glutamate-1-semialdehyde 2%2C1-aminomutase,Other / unassigned,Novel/uncertain candidate,87.0,0.5446570972886763,0.4071146245059288,253,253,False
GF_01233,Welkie_2014_Cyanothece_PCC7822,Welkie et al. 2014,Gloeothece verrucosa PCC 7822,1,Cyan7822_2823,WP_013322888.1,"ref|YP_003888058.1| glutamate-1-semialdehyde-2,1-aminomutase [Cyanothece sp. PCC 7822]",CT_D0=1.22552252653267; CT_D3=1.191998272; CT_L0=1.20676087260526; CT_L3=1.49531385641561,old_locus_tag,Model-Supported,glutamate-1-semialdehyde 2%2C1-aminomutase,Other / unassigned,Novel/uncertain candidate,87.0,0.5446570972886763,0.4071146245059288,253,253,False
GF_01234,Welkie_2014_Cyanothece_PCC7822,Welkie et al. 2014,Gloeothece verrucosa PCC 7822,1,Cyan7822_2517,WP_013322594.1,ref|YP_003887764.1| glutaredoxin-like protein [Cyanothece sp. PCC 7822],CT_D0=1.38640844353267; CT_D3=1.45833858; CT_L0=1.19946794060526; CT_L3=1.07538056441561,old_locus_tag,Model-Supported,Grx4 family monothiol glutaredoxin,O2 protection & redox homeostasis,FOX-consistent support function (plausible rediscovery),74.0,0.5514354066985646,0.3458646616541353,133,133,False
GF_01235,Held_2022_Trichodesmium_IMS101,Held et al. 2022,Trichodesmium erythraeum IMS101,1,Tery_4088,WP_011613426.1,"Tery_4088 menB 1,4-Dihydroxy-2-naphthoyl-CoA synthase (EC 4.1.3.36) [Trichodesmium erythraeum IMS101: NC_008312]",mean_relative_abundance=7.344; max=9.253@4h; min=5.531@1h; dynamic_range=3.723,old_locus_tag,Model-Supported,1%2C4-dihydroxy-2-naphthoyl-CoA synthase,Other / unassigned,Novel/uncertain candidate,164.0,0.3999202551834131,0.4054054054054054,259,259,False
GF_01235,Panda_2025_Crocosphaera_ATCC51142,Panda et al. 2025,Crocosphaera subtropica ATCC 51142,1,cce_0831,WP_009546068.1,"1,4-dihydroxy-2-naphthoyl-CoA synthase",Two-way ANOVA p value nitrate=0.00231144115093293; Two-way ANOVA p value lightordark=0.104832792448391; Two-way ANOVA p value Interaction=0.413651989385419; D-_avgLFQ=24.7901453971863; D+_avgLFQ=24.3603515625; L-_avgLFQ=25.1624617576599; L+_avgLFQ=24.490252494812; D-_D+(logFC)=0.4297938346863006; L-_L+(logFC)=0.6722092628479004,old_locus_tag,Model-Supported,1%2C4-dihydroxy-2-naphthoyl-CoA synthase,Other / unassigned,Novel/uncertain candidate,164.0,0.3999202551834131,0.4054054054054054,259,259,False
GF_01235,Welkie_2014_Cyanothece_PCC7822,Welkie et al. 2014,Gloeothece verrucosa PCC 7822,1,Cyan7822_3453,WP_013323469.1,ref|YP_003888675.1| naphthoate synthase [Cyanothece sp. PCC 7822],CT_D0=1.10417916753267; CT_D3=1.083158858; CT_L0=1.32758441560526; CT_L3=1.60467308741561,old_locus_tag,Model-Supported,1%2C4-dihydroxy-2-naphthoyl-CoA synthase,Other / unassigned,Novel/uncertain candidate,164.0,0.3999202551834131,0.4054054054054054,259,259,False
GF_01237,Welkie_2014_Cyanothece_PCC7822,Welkie et al. 2014,Gloeothece verrucosa PCC 7822,1,Cyan7822_2835,WP_013322899.1,ref|YP_003888069.1| acetolactate synthase small subunit [Cyanothece sp. PCC 7822],CT_D0=1.44709531753267; CT_D3=1.579716718; CT_L0=1.06583847860526; CT_L3=1.02694501341561,old_locus_tag,,,,,,,,,,
GF_01238,Sandh_2014_Nostoc_punctiforme,Sandh et al. 2014,Nostoc punctiforme PCC 73102,2,Npun_F4335,WP_012410672.1,conserved hypothetical protein,Log2 Ratio (Heterocyst/Filaments)=1.0202551461233802; Variability [%]=17.5821863126011; Peptide Pair Count=2;1 | Log2 Ratio (Heterocyst/Filaments)=1.0202551461233802; Variability [%]=17.5821863126011; Peptide Pair Count=2;1,old_locus_tag,Highly Pure,DUF3318 domain-containing protein,Stress / membrane / uncharacterized,Novel/uncertain candidate,,,0.92,75,75,False
GF_01240,Held_2022_Trichodesmium_IMS101,Held et al. 2022,Trichodesmium erythraeum IMS101,1,Tery_3248,WP_011612707.1,Tery_3248 response regulator receiver protein [Trichodesmium erythraeum IMS101: NC_008312],mean_relative_abundance=3.824; max=5.572@20h; min=1.141@6h; dynamic_range=4.431,old_locus_tag,Model-Supported,response regulator transcription factor,Regulation,Novel/uncertain candidate,75.0,0.3740031897926634,0.6910569105691057,123,123,False
GF_01240,Sandh_2014_Nostoc_punctiforme,Sandh et al. 2014,Nostoc punctiforme PCC 73102,2,Npun_F5961,WP_012412195.1,OmpR; Protein-glutamate methylesterase.,Log2 Ratio (Heterocyst/Filaments)=-2.0017321117136486; Variability [%]=32.3229828489835; Peptide Pair Count=3;3 | Log2 Ratio (Heterocyst/Filaments)=-2.0017321117136486; Variability [%]=32.3229828489835; Peptide Pair Count=3;3,old_locus_tag,Model-Supported,response regulator transcription factor,Regulation,Novel/uncertain candidate,75.0,0.3740031897926634,0.6910569105691057,123,123,False
GF_01241,Sandh_2014_Nostoc_punctiforme,Sandh et al. 2014,Nostoc punctiforme PCC 73102,2,Npun_R4738,WP_041565591.1,conserved hypothetical protein,Log2 Ratio (Heterocyst/Filaments)=-2.39724078571161; Variability [%]=17.7444866657747; Peptide Pair Count=5;4 | Log2 Ratio (Heterocyst/Filaments)=-2.39724078571161; Variability [%]=17.7444866657747; Peptide Pair Count=5;4,old_locus_tag,Model-Supported,DNA-processing protein DprA,Other / unassigned,Novel/uncertain candidate,128.0,0.4828548644338118,0.7528089887640449,89,89,False
GF_01248,Held_2022_Trichodesmium_IMS101,Held et al. 2022,Trichodesmium erythraeum IMS101,1,Tery_0585,WP_044137142.1,Tery_0585 clpP ATP-dependent Clp protease proteolytic subunit ClpP (EC 3.4.21.92) [Trichodesmium erythraeum IMS101: NC_008312],mean_relative_abundance=44.08; max=59.87@12h; min=32.28@11h; dynamic_range=27.58,old_locus_tag,Model-Supported,ATP-dependent Clp endopeptidase proteolytic subunit ClpP,Stress / membrane / uncharacterized,Novel/uncertain candidate,47.0,0.7033492822966507,0.5850340136054422,147,147,False
GF_01252,Sandh_2014_Nostoc_punctiforme,Sandh et al. 2014,Nostoc punctiforme PCC 73102,2,Npun_R2486,WP_012409041.1,"murE; UDP-N-acetylmuramyl-tripeptide syn, cytoplasmic",Log2 Ratio (Heterocyst/Filaments)=-2.5095925809636057; Variability [%]=76.4339465541331; Peptide Pair Count=1;1 | Log2 Ratio (Heterocyst/Filaments)=-2.5095925809636057; Variability [%]=76.4339465541331; Peptide Pair Count=1;1,old_locus_tag,Highly Pure,UDP-N-acetylmuramoyl-L-alanyl-D-glutamate--2%2C6-diaminopimelate ligase,Other / unassigned,Novel/uncertain candidate,,,0.9827586206896552,58,58,False
GF_01253,Sandh_2014_Nostoc_punctiforme,Sandh et al. 2014,Nostoc punctiforme PCC 73102,2,Npun_F4445,WP_012410774.1,Alanine--glyoxylate transaminas,Log2 Ratio (Heterocyst/Filaments)=-3.6719456060160076; Variability [%]=46.6446596890081; Peptide Pair Count=2;1 | 24h Log2 Ratio (Het/Fil) (Present study)=-3.6719456060160076; Variability [%]=46.6446596890081; Peptide Pair Count=2;1; Steady state Log2 ratio [7]=-1.5361137231867952,old_locus_tag,Highly Pure,alanine--glyoxylate aminotransferase family protein,Other / unassigned,Novel/uncertain candidate,,,0.9104477611940298,67,67,False
GF_01256,Sandh_2014_Nostoc_punctiforme,Sandh et al. 2014,Nostoc punctiforme PCC 73102,2,Npun_F4034,WP_012410380.1,"serS Seryl-tRNA synthetase, class Iia, P",Log2 Ratio (Heterocyst/Filaments)=-1.1682920451890413; Variability [%]=32.8244590823142; Peptide Pair Count=1;1 | 24h Log2 Ratio (Het/Fil) (Present study)=-1.1682920451890413; Variability [%]=32.8244590823142; Peptide Pair Count=1;1; Steady state Log2 ratio [7]=-1.5078801335608367,old_locus_tag,Highly Pure,serine--tRNA ligase,Housekeeping / lineage marker,Housekeeping marker (not a transplant candidate),,,1.0,50,50,False
GF_01264,Sandh_2014_Nostoc_punctiforme,Sandh et al. 2014,Nostoc punctiforme PCC 73102,1,Npun_F0562,WP_012407350.1,alaS; Alanyl-tRNA synthetase; class IIc,Log2 Ratio (Heterocyst/Filaments)=-1.4340126366752255; Variability [%]=7.49684253779991; Peptide Pair Count=5;4,old_locus_tag,Highly Pure,alanine--tRNA ligase,Housekeeping / lineage marker,Housekeeping marker (not a transplant candidate),,,0.979591836734694,49,49,False
GF_01281,Sandh_2014_Nostoc_punctiforme,Sandh et al. 2014,Nostoc punctiforme PCC 73102,2,Npun_R0499,WP_012407301.1,"cyano hets, conserved hypothetical protein, hets",Log2 Ratio (Heterocyst/Filaments)=1.4941361890296416; Variability [%]=7.3803156155416; Peptide Pair Count=2;1 | Log2 Ratio (Heterocyst/Filaments)=1.4941361890296416; Variability [%]=7.3803156155416; Peptide Pair Count=2;1,old_locus_tag,Highly Pure,CopG family transcriptional regulator,Regulation,Novel/uncertain candidate,,,0.9830508474576272,59,59,False
GF_01286,Sandh_2014_Nostoc_punctiforme,Sandh et al. 2014,Nostoc punctiforme PCC 73102,1,Npun_R0187,WP_012407008.1,Aspartate transaminase.,Log2 Ratio (Heterocyst/Filaments)=-1.749541865314412; Variability [%]=3.38266515207081; Peptide Pair Count=3;1,old_locus_tag,Highly Pure,pyridoxal phosphate-dependent aminotransferase,Other / unassigned,Novel/uncertain candidate,,,0.984375,64,64,False
GF_01288,Sandh_2014_Nostoc_punctiforme,Sandh et al. 2014,Nostoc punctiforme PCC 73102,1,Npun_R5824,WP_012412065.1,CphB; Peptidase S51; dipeptidase E,Log2 Ratio (Heterocyst/Filaments)=-0.11025270987776468; Variability [%]=17.7555861586427; Peptide Pair Count=1;3,old_locus_tag,Highly Pure,cyanophycinase,Other / unassigned,Novel/uncertain candidate,,,0.9850746268656716,67,67,False
GF_01290,Panda_2025_Crocosphaera_ATCC51142,Panda et al. 2025,Crocosphaera subtropica ATCC 51142,1,cce_4483,WP_009543462.1,ATP synthase subunit a 2,Two-way ANOVA p value nitrate=0.0677533216097503; Two-way ANOVA p value lightordark=0.0582663172712524; Two-way ANOVA p value Interaction=0.601579193847897; D-_avgLFQ=23.505115032196; D+_avgLFQ=25.2144355773926; L-_avgLFQ=25.2718539237976; L+_avgLFQ=26.2604875564575; D-_D+(logFC)=-1.7093205451966007; L-_L+(logFC)=-0.9886336326599015,old_locus_tag,,,,,,,,,,
GF_01291,Sandh_2014_Nostoc_punctiforme,Sandh et al. 2014,Nostoc punctiforme PCC 73102,1,Npun_F0612,WP_012407391.1,purA; Adenylosuccinate synthetase,Log2 Ratio (Heterocyst/Filaments)=-1.3471947879229276; Variability [%]=23.4489634740259; Peptide Pair Count=7;9,old_locus_tag,Model-Supported,adenylosuccinate synthase,Other / unassigned,Novel/uncertain candidate,159.0,0.3066188197767145,0.8888888888888888,63,63,False
GF_01297,Held_2022_Trichodesmium_IMS101,Held et al. 2022,Trichodesmium erythraeum IMS101,1,Tery_1137,WP_011610885.1,Tery_1137 petB cytochrome b/b6-like [Trichodesmium erythraeum IMS101: NC_008312],mean_relative_abundance=37.37; max=56.95@12h; min=28.76@1h; dynamic_range=28.19,old_locus_tag,Model-Supported,cytochrome b6,Respiration & bioenergetics,FOX-consistent support function (plausible rediscovery),540.0,0.0466507177033492,0.2629107981220657,426,426,False
GF_01297,Panda_2025_Crocosphaera_ATCC51142,Panda et al. 2025,Crocosphaera subtropica ATCC 51142,1,cce_1383,WP_009544199.1,Cytochrome b6,Two-way ANOVA p value nitrate=5.5088395513517e-06; Two-way ANOVA p value lightordark=0.144699177721352; Two-way ANOVA p value Interaction=0.044328414306902; D-_avgLFQ=28.6256418228149; D+_avgLFQ=29.7323312759399; L-_avgLFQ=29.0489082336426; L+_avgLFQ=29.6560740470886; D-_D+(logFC)=-1.106689453125; L-_L+(logFC)=-0.6071658134460023,old_locus_tag,Model-Supported,cytochrome b6,Respiration & bioenergetics,FOX-consistent support function (plausible rediscovery),540.0,0.0466507177033492,0.2629107981220657,426,426,False
GF_01297,Welkie_2014_Cyanothece_PCC7822,Welkie et al. 2014,Gloeothece verrucosa PCC 7822,1,Cyan7822_5195,WP_013325115.1,ref|YP_003890352.1| cytochrome b/b6 domain-containing protein [Cyanothece sp. PCC 7822],CT_D0=1.18817900853267; CT_D3=1.469881936; CT_L0=1.40284250360526; CT_L3=1.05869207941561,old_locus_tag,Model-Supported,cytochrome b6,Respiration & bioenergetics,FOX-consistent support function (plausible rediscovery),540.0,0.0466507177033492,0.2629107981220657,426,426,False
GF_01305,Sandh_2014_Nostoc_punctiforme,Sandh et al. 2014,Nostoc punctiforme PCC 73102,2,Npun_F4987,WP_012411286.1,RpoC2; DNA-directed RNA polymerase Bprime.,Log2 Ratio (Heterocyst/Filaments)=-0.010418193547159438; Variability [%]=19.0564729735995; Peptide Pair Count=15;14 | 24h Log2 Ratio (Het/Fil) (Present study)=-0.010418193547159438; Variability [%]=19.0564729735995; Peptide Pair Count=15;14; Steady state Log2 ratio [7]=0.9393996406420708,old_locus_tag,Highly Pure,DNA-directed RNA polymerase subunit beta'',Housekeeping / lineage marker,Housekeeping marker (not a transplant candidate),,,0.9814814814814816,54,54,False
GF_01314,Sandh_2014_Nostoc_punctiforme,Sandh et al. 2014,Nostoc punctiforme PCC 73102,1,Npun_R5970,WP_012412204.1,Dxr; 1-deoxy-D-xylulose 5-phosphate redu,Log2 Ratio (Heterocyst/Filaments)=-2.9253394904534535; Variability [%]=12.9410019098972; Peptide Pair Count=1;1,old_locus_tag,Model-Supported,1-deoxy-D-xylulose-5-phosphate reductoisomerase,Other / unassigned,Novel/uncertain candidate,96.0,0.4633173843700159,0.6,155,155,False
GF_01315,Held_2022_Trichodesmium_IMS101,Held et al. 2022,Trichodesmium erythraeum IMS101,1,Tery_2678,WP_044137500.1,Tery_2678 uvrB Excinuclease ABC subunit B [Trichodesmium erythraeum IMS101: NC_008312],mean_relative_abundance=1.609; max=4.503@9h; min=0@1h; dynamic_range=4.503,old_locus_tag,Model-Supported,excinuclease ABC subunit UvrB,Other / unassigned,Novel/uncertain candidate,260.0,0.3668261562998405,0.6349206349206349,63,63,False
GF_01318,Sandh_2014_Nostoc_punctiforme,Sandh et al. 2014,Nostoc punctiforme PCC 73102,1,Npun_R0417,WP_012407222.1,"nifU Fe-S cluster assembly protein NifU, P and T",Log2 Ratio (Heterocyst/Filaments)=3.104423339759307; Variability [%]=8.27590390430729; Peptide Pair Count=10;3,old_locus_tag,Highly Pure,Fe-S cluster assembly protein NifU,Nitrogenase / nif machinery,FOX-consistent support function (plausible rediscovery),,,0.9824561403508772,57,57,True
GF_01324,Sandh_2014_Nostoc_punctiforme,Sandh et al. 2014,Nostoc punctiforme PCC 73102,2,Npun_R2772,WP_012409301.1,pds; Carotene 7;8-desaturase.,Log2 Ratio (Heterocyst/Filaments)=-1.0912933458449865; Variability [%]=18.1468302922835; Peptide Pair Count=5;3 | 24h Log2 Ratio (Het/Fil) (Present study)=-1.0912933458449865; Variability [%]=18.1468302922835; Peptide Pair Count=5;3; Steady state Log2 ratio [7]=-0.024482560732684677,old_locus_tag,Highly Pure,15-cis-phytoene desaturase,Other / unassigned,Novel/uncertain candidate,,,0.951219512195122,41,41,False
GF_01329,Sandh_2014_Nostoc_punctiforme,Sandh et al. 2014,Nostoc punctiforme PCC 73102,1,Npun_R5161,WP_012411446.1,WcaG; dTDP-glucose 4;6-dehydratase.,Log2 Ratio (Heterocyst/Filaments)=-0.5532281711649196; Variability [%]=12.9257516888438; Peptide Pair Count=1;2,old_locus_tag,Model-Supported,UDP-glucuronic acid decarboxylase family protein,Other / unassigned,Novel/uncertain candidate,205.0,0.4294258373205741,0.5476190476190477,168,168,False
GF_01329,Welkie_2014_Cyanothece_PCC7822,Welkie et al. 2014,Gloeothece verrucosa PCC 7822,1,Cyan7822_5294,WP_013325213.1,ref|YP_003890450.1| NAD-dependent epimerase/dehydratase [Cyanothece sp. PCC 7822],CT_D0=1.35634800353267; CT_D3=1.402162643; CT_L0=1.17368981260526; CT_L3=1.18739506841561,old_locus_tag,Model-Supported,UDP-glucuronic acid decarboxylase family protein,Other / unassigned,Novel/uncertain candidate,205.0,0.4294258373205741,0.5476190476190477,168,168,False
GF_01330,Sandh_2014_Nostoc_punctiforme,Sandh et al. 2014,Nostoc punctiforme PCC 73102,2,Npun_F4150,WP_041565537.1,conserved hypothetical protein,Log2 Ratio (Heterocyst/Filaments)=-1.8053965939331231; Variability [%]=16.53170346747; Peptide Pair Count=4;3 | Log2 Ratio (Heterocyst/Filaments)=-1.8053965939331231; Variability [%]=16.53170346747; Peptide Pair Count=4;3,old_locus_tag,Model-Supported,late competence development ComFB family protein,Respiration & bioenergetics,Novel/uncertain candidate,257.0,0.3759968102073365,0.6265060240963856,83,83,False
GF_01331,Panda_2025_Crocosphaera_ATCC51142,Panda et al. 2025,Crocosphaera subtropica ATCC 51142,1,cce_4432,WP_009543512.1,Glutamine synthetase,Two-way ANOVA p value nitrate=1.23975222107774e-09; Two-way ANOVA p value lightordark=0.44202400847063; Two-way ANOVA p value Interaction=0.00473265640276181; D-_avgLFQ=32.1673917770386; D+_avgLFQ=30.7859058380127; L-_avgLFQ=31.8739976882935; L+_avgLFQ=30.9696130752563; D-_D+(logFC)=1.3814859390259038; L-_L+(logFC)=0.9043846130371982,old_locus_tag,,,,,,,,,,
GF_01331,Welkie_2014_Cyanothece_PCC7822,Welkie et al. 2014,Gloeothece verrucosa PCC 7822,1,Cyan7822_3398,WP_013323417.1,ref|YP_003888623.1| glutamine synthetase [Cyanothece sp. PCC 7822],CT_D0=1.17127400653267; CT_D3=1.079913326; CT_L0=1.41053264960526; CT_L3=1.45787554541561,old_locus_tag,,,,,,,,,,
GF_01334,Held_2022_Trichodesmium_IMS101,Held et al. 2022,Trichodesmium erythraeum IMS101,1,Tery_2446,WP_011612022.1,Tery_2446 nadA quinolinate synthetase (EC 2.5.1.72) [Trichodesmium erythraeum IMS101: NC_008312],mean_relative_abundance=1.843; max=3.632@23h; min=0@0h; dynamic_range=3.632,old_locus_tag,Model-Supported,quinolinate synthase NadA,Other / unassigned,Novel/uncertain candidate,62.0,0.3688197767145135,0.8714285714285714,70,70,False
GF_01336,Sandh_2014_Nostoc_punctiforme,Sandh et al. 2014,Nostoc punctiforme PCC 73102,2,Npun_F4244,WP_012410586.1,"rfbB dTDP-glucose 4,6-dehydratase mono-nuc, P",Log2 Ratio (Heterocyst/Filaments)=-1.9716950197346417; Variability [%]=18.0293349368934; Peptide Pair Count=1;1 | Log2 Ratio (Heterocyst/Filaments)=-1.9716950197346417; Variability [%]=18.0293349368934; Peptide Pair Count=1;1,old_locus_tag,Model-Supported,dTDP-glucose 4%2C6-dehydratase,Other / unassigned,Novel/uncertain candidate,244.0,0.363237639553429,0.775,40,40,False
GF_01338,Panda_2025_Crocosphaera_ATCC51142,Panda et al. 2025,Crocosphaera subtropica ATCC 51142,1,cce_0923,WP_009546153.1,Iron-sulfur cluster carrier protein,Two-way ANOVA p value nitrate=0.680155179622259; Two-way ANOVA p value lightordark=0.295214918569242; Two-way ANOVA p value Interaction=0.562041750640079; D-_avgLFQ=25.18536901474; D+_avgLFQ=25.0118746757507; L-_avgLFQ=25.2702078819275; L+_avgLFQ=25.2998142242432; D-_D+(logFC)=0.17349433898930045; L-_L+(logFC)=-0.029606342315698697,old_locus_tag,Model-Supported,Mrp/NBP35 family ATP-binding protein,Other / unassigned,Novel/uncertain candidate,95.0,0.6439393939393939,0.6831683168316832,101,101,False
GF_01338,Sandh_2014_Nostoc_punctiforme,Sandh et al. 2014,Nostoc punctiforme PCC 73102,2,Npun_R5166,WP_012411451.1,"ATPase involved in chromosome segregation, Mrp/NBP35 ATP-binding proteins family",Log2 Ratio (Heterocyst/Filaments)=-1.5515353422336222; Variability [%]=18.3522787346784; Peptide Pair Count=2;2 | Log2 Ratio (Heterocyst/Filaments)=-1.5515353422336222; Variability [%]=18.3522787346784; Peptide Pair Count=2;2,old_locus_tag,Model-Supported,Mrp/NBP35 family ATP-binding protein,Other / unassigned,Novel/uncertain candidate,95.0,0.6439393939393939,0.6831683168316832,101,101,False
GF_01350,Welkie_2014_Cyanothece_PCC7822,Welkie et al. 2014,Gloeothece verrucosa PCC 7822,1,Cyan7822_4536,WP_013324493.1,ref|YP_003889721.1| prolyl-tRNA synthetase [Cyanothece sp. PCC 7822],CT_D0=1.12140616753267; CT_D3=1.173365567; CT_L0=1.24153402260526; CT_L3=1.58328977141561,old_locus_tag,Highly Pure,proline--tRNA ligase,Housekeeping / lineage marker,Housekeeping marker (not a transplant candidate),,,0.9452054794520548,73,73,False
GF_01357,Sandh_2014_Nostoc_punctiforme,Sandh et al. 2014,Nostoc punctiforme PCC 73102,2,Npun_R4385,WP_012410720.1,rplV; Ribosomal protein L22; bacterial a,Log2 Ratio (Heterocyst/Filaments)=0.7533214685098788; Variability [%]=20.383569902317; Peptide Pair Count=3;6 | 24h Log2 Ratio (Het/Fil) (Present study)=0.7533214685098788; Variability [%]=20.383569902317; Peptide Pair Count=3;6; Steady state Log2 ratio [7]=1.2619567327693963,old_locus_tag,Highly Pure,50S ribosomal protein L22,Housekeeping / lineage marker,Housekeeping marker (not a transplant candidate),,,0.9,80,80,False
GF_01365,Sandh_2014_Nostoc_punctiforme,Sandh et al. 2014,Nostoc punctiforme PCC 73102,2,Npun_F4197,WP_012410539.1,RbcS; Ribulose-bisphosphate carboxylase.,Log2 Ratio (Heterocyst/Filaments)=-2.820982873609515; Variability [%]=18.0358047916597; Peptide Pair Count=24;29 | 24h Log2 Ratio (Het/Fil) (Present study)=-2.820982873609515; Variability [%]=18.0358047916597; Peptide Pair Count=24;29; Steady state Log2 ratio [7]=-0.3387031874070296,old_locus_tag,Highly Pure,ribulose bisphosphate carboxylase small subunit,Other / unassigned,Novel/uncertain candidate,,,0.92,75,75,False
GF_01370,Sandh_2014_Nostoc_punctiforme,Sandh et al. 2014,Nostoc punctiforme PCC 73102,2,Npun_F1876,WP_012408548.1,susA; Sucrose synthase.,Log2 Ratio (Heterocyst/Filaments)=-2.414171897982481; Variability [%]=13.154088165577; Peptide Pair Count=15;15 | 24h Log2 Ratio (Het/Fil) (Present study)=-2.414171897982481; Variability [%]=13.154088165577; Peptide Pair Count=15;15; Steady state Log2 ratio [7]=-1.1979967235844802,old_locus_tag,Highly Pure,sucrose synthase,Other / unassigned,Novel/uncertain candidate,,,0.9636363636363636,55,55,False
GF_01372,Sandh_2014_Nostoc_punctiforme,Sandh et al. 2014,Nostoc punctiforme PCC 73102,1,Npun_F3879,WP_012410234.1,{ManC}; Mannose-6-phosphate isomerase.,Log2 Ratio (Heterocyst/Filaments)=-2.7810926318174367; Variability [%]=0.0331236496157855; Peptide Pair Count=2;1,old_locus_tag,Model-Supported,phosphomannose isomerase type II C-terminal cupin domain,Other / unassigned,Novel/uncertain candidate,37.0,0.6893939393939394,0.8539325842696629,89,89,False
GF_01374,Panda_2025_Crocosphaera_ATCC51142,Panda et al. 2025,Crocosphaera subtropica ATCC 51142,1,cce_3150,WP_009547471.1,50S ribosomal protein L20,Two-way ANOVA p value nitrate=3.36099729568844e-07; Two-way ANOVA p value lightordark=0.00541394051436004; Two-way ANOVA p value Interaction=0.350887636666758; D-_avgLFQ=27.2834978103638; D+_avgLFQ=28.3657598495483; L-_avgLFQ=27.5710549354553; L+_avgLFQ=28.8844904899597; D-_D+(logFC)=-1.0822620391844993; L-_L+(logFC)=-1.313435554504398,old_locus_tag,Model-Supported,50S ribosomal protein L20,Housekeeping / lineage marker,Housekeeping marker (not a transplant candidate),126.0,0.6491228070175439,0.2980769230769231,104,104,False
GF_01374,Welkie_2014_Cyanothece_PCC7822,Welkie et al. 2014,Gloeothece verrucosa PCC 7822,1,Cyan7822_3979,WP_013323972.1,ref|YP_003889179.1| 50S ribosomal protein L20 [Cyanothece sp. PCC 7822],CT_D0=1.17266044053267; CT_D3=0.865284936; CT_L0=1.42395853060526; CT_L3=1.65769162041561,old_locus_tag,Model-Supported,50S ribosomal protein L20,Housekeeping / lineage marker,Housekeeping marker (not a transplant candidate),126.0,0.6491228070175439,0.2980769230769231,104,104,False
GF_01376,Panda_2025_Crocosphaera_ATCC51142,Panda et al. 2025,Crocosphaera subtropica ATCC 51142,1,cce_3504,WP_009545329.1,3-isopropylmalate dehydratase large subunit,Two-way ANOVA p value nitrate=5.06805133340665e-06; Two-way ANOVA p value lightordark=0.913648709579379; Two-way ANOVA p value Interaction=0.609996745597943; D-_avgLFQ=26.9888205528259; D+_avgLFQ=23.8601031303406; L-_avgLFQ=26.7494421005249; L+_avgLFQ=24.015917301178; D-_D+(logFC)=3.1287174224852983; L-_L+(logFC)=2.733524799346899,old_locus_tag,Model-Supported,3-isopropylmalate dehydratase large subunit,Other / unassigned,Novel/uncertain candidate,79.0,0.636762360446571,0.4105691056910569,246,246,False
GF_01376,Sandh_2014_Nostoc_punctiforme,Sandh et al. 2014,Nostoc punctiforme PCC 73102,2,Npun_F0162,WP_012406988.1,leuC; 3-isopropylmalate dehydratase larg,Log2 Ratio (Heterocyst/Filaments)=-2.378063808197811; Variability [%]=55.655248663202; Peptide Pair Count=1;2 | Log2 Ratio (Heterocyst/Filaments)=-2.378063808197811; Variability [%]=55.655248663202; Peptide Pair Count=1;2,old_locus_tag,Model-Supported,3-isopropylmalate dehydratase large subunit,Other / unassigned,Novel/uncertain candidate,79.0,0.636762360446571,0.4105691056910569,246,246,False
GF_01376,Welkie_2014_Cyanothece_PCC7822,Welkie et al. 2014,Gloeothece verrucosa PCC 7822,1,Cyan7822_1145,WP_013321259.1,ref|YP_003886427.1| 3-isopropylmalate dehydratase large subunit [Cyanothece sp. PCC 7822],CT_D0=1.17734256053267; CT_D3=0.872565606; CT_L0=1.29094731860526; CT_L3=1.77874004141561,old_locus_tag,Model-Supported,3-isopropylmalate dehydratase large subunit,Other / unassigned,Novel/uncertain candidate,79.0,0.636762360446571,0.4105691056910569,246,246,False
GF_01379,Held_2022_Trichodesmium_IMS101,Held et al. 2022,Trichodesmium erythraeum IMS101,1,Tery_2714,WP_011612264.1,Tery_2714 moaC cyclic pyranopterin monophosphate synthase subunit MoaC (EC 4.1.99.18) [Trichodesmium erythraeum IMS101: NC_008312],mean_relative_abundance=0.06486; max=0.9081@23h; min=0@0h; dynamic_range=0.9081,old_locus_tag,Model-Supported,cyclic pyranopterin monophosphate synthase MoaC,Other / unassigned,Novel/uncertain candidate,53.0,0.5614035087719298,0.55,40,40,False
GF_01381,Panda_2025_Crocosphaera_ATCC51142,Panda et al. 2025,Crocosphaera subtropica ATCC 51142,1,cce_1473,WP_009544281.1,Cysteine synthase,Two-way ANOVA p value nitrate=6.93590440205971e-09; Two-way ANOVA p value lightordark=3.3427741133764e-07; Two-way ANOVA p value Interaction=0.00262934943628246; D-_avgLFQ=27.3149108886719; D+_avgLFQ=28.0195617675781; L-_avgLFQ=26.3840308189392; L+_avgLFQ=27.5969047546387; D-_D+(logFC)=-0.7046508789062003; L-_L+(logFC)=-1.212873935699502,old_locus_tag,Model-Supported,cysteine synthase A,Other / unassigned,Novel/uncertain candidate,50.0,0.7045454545454546,0.4904761904761904,210,210,False
GF_01381,Welkie_2014_Cyanothece_PCC7822,Welkie et al. 2014,Gloeothece verrucosa PCC 7822,1,Cyan7822_4177,WP_013324158.1,ref|YP_003889370.1| cysteine synthase A [Cyanothece sp. PCC 7822],CT_D0=1.50072774453267; CT_D3=1.22997752; CT_L0=1.24469132460526; CT_L3=1.14419893841561,old_locus_tag,Model-Supported,cysteine synthase A,Other / unassigned,Novel/uncertain candidate,50.0,0.7045454545454546,0.4904761904761904,210,210,False
GF_01383,Held_2022_Trichodesmium_IMS101,Held et al. 2022,Trichodesmium erythraeum IMS101,1,Tery_3622,WP_370495744.1,Tery_3622 protoporphyrin IX magnesium-chelatase (EC 6.6.1.1) [Trichodesmium erythraeum IMS101: NC_008312],mean_relative_abundance=24.6; max=31.87@4h; min=17.11@9h; dynamic_range=14.76,old_locus_tag,Model-Supported,magnesium chelatase ATPase subunit I,Other / unassigned,Novel/uncertain candidate,25.0,0.8205741626794258,0.5517241379310345,174,174,False
GF_01383,Panda_2025_Crocosphaera_ATCC51142,Panda et al. 2025,Crocosphaera subtropica ATCC 51142,1,cce_0199,WP_009546697.1,Mg-protoporphyrin IX chelatase,Two-way ANOVA p value nitrate=0.000151601944836494; Two-way ANOVA p value lightordark=0.822819357768812; Two-way ANOVA p value Interaction=0.568912923130226; D-_avgLFQ=27.1909537315369; D+_avgLFQ=26.3394875526428; L-_avgLFQ=27.0757255554199; L+_avgLFQ=26.389965057373; D-_D+(logFC)=0.8514661788940998; L-_L+(logFC)=0.6857604980468999,old_locus_tag,Model-Supported,magnesium chelatase ATPase subunit I,Other / unassigned,Novel/uncertain candidate,25.0,0.8205741626794258,0.5517241379310345,174,174,False
GF_01383,Sandh_2014_Nostoc_punctiforme,Sandh et al. 2014,Nostoc punctiforme PCC 73102,2,Npun_F6313,WP_012412525.1,ChlI; Magnesium chelatase; ChlI subunit,Log2 Ratio (Heterocyst/Filaments)=-1.5322272254701976; Variability [%]=31.4000399344717; Peptide Pair Count=7;2 | Log2 Ratio (Heterocyst/Filaments)=-1.5322272254701976; Variability [%]=31.4000399344717; Peptide Pair Count=7;2,old_locus_tag,Model-Supported,magnesium chelatase ATPase subunit I,Other / unassigned,Novel/uncertain candidate,25.0,0.8205741626794258,0.5517241379310345,174,174,False
GF_01385,Panda_2025_Crocosphaera_ATCC51142,Panda et al. 2025,Crocosphaera subtropica ATCC 51142,1,cce_0686,WP_009545930.1,Iron-sulfur assembly ATPase,Two-way ANOVA p value nitrate=2.8632571985051e-06; Two-way ANOVA p value lightordark=0.516816231001356; Two-way ANOVA p value Interaction=0.0366051059806346; D-_avgLFQ=27.0412774085999; D+_avgLFQ=24.5882549285889; L-_avgLFQ=26.3402881622314; L+_avgLFQ=24.9791216850281; D-_D+(logFC)=2.4530224800110005; L-_L+(logFC)=1.361166477203298,old_locus_tag,,,,,,,,,,
GF_01386,Sandh_2014_Nostoc_punctiforme,Sandh et al. 2014,Nostoc punctiforme PCC 73102,2,Npun_R0444,WP_012407249.1,gapdh; Glyceraldehyde-3-phosphate dehydr,Log2 Ratio (Heterocyst/Filaments)=-3.0816594383693365; Variability [%]=18.7431005153645; Peptide Pair Count=2;2 | Log2 Ratio (Heterocyst/Filaments)=-3.0816594383693365; Variability [%]=18.7431005153645; Peptide Pair Count=2;2,old_locus_tag,Model-Supported,type I glyceraldehyde-3-phosphate dehydrogenase,Other / unassigned,FOX-consistent support function (plausible rediscovery),1.0,0.7803030303030303,0.8901098901098901,91,91,False
GF_01387,Held_2022_Trichodesmium_IMS101,Held et al. 2022,Trichodesmium erythraeum IMS101,1,Tery_2253,WP_011611850.1,Tery_2253 leuA 2-isopropylmalate synthase (EC 2.3.3.13) [Trichodesmium erythraeum IMS101: NC_008312],mean_relative_abundance=27.85; max=34.22@6h; min=20.12@14h; dynamic_range=14.1,old_locus_tag,Model-Supported,2-isopropylmalate synthase,Other / unassigned,Novel/uncertain candidate,148.0,0.3827751196172249,0.4482758620689655,232,232,False
GF_01387,Panda_2025_Crocosphaera_ATCC51142,Panda et al. 2025,Crocosphaera subtropica ATCC 51142,1,cce_4008,WP_009543901.1,2-isopropylmalate synthase,Two-way ANOVA p value nitrate=0.00756835446350265; Two-way ANOVA p value lightordark=0.54333571726474; Two-way ANOVA p value Interaction=0.63070979141764; D-_avgLFQ=26.874116897583; D+_avgLFQ=26.4604368209839; L-_avgLFQ=26.8539400100708; L+_avgLFQ=26.2897281646729; D-_D+(logFC)=0.4136800765990998; L-_L+(logFC)=0.5642118453978995,old_locus_tag,Model-Supported,2-isopropylmalate synthase,Other / unassigned,Novel/uncertain candidate,148.0,0.3827751196172249,0.4482758620689655,232,232,False
GF_01387,Welkie_2014_Cyanothece_PCC7822,Welkie et al. 2014,Gloeothece verrucosa PCC 7822,1,Cyan7822_4956,WP_013324885.1,ref|YP_003890122.1| 2-isopropylmalate synthase [Cyanothece sp. PCC 7822],CT_D0=1.44139667653267; CT_D3=1.259160916; CT_L0=1.26821925260526; CT_L3=1.15081868341561,old_locus_tag,Model-Supported,2-isopropylmalate synthase,Other / unassigned,Novel/uncertain candidate,148.0,0.3827751196172249,0.4482758620689655,232,232,False
GF_01389,Sandh_2014_Nostoc_punctiforme,Sandh et al. 2014,Nostoc punctiforme PCC 73102,1,Npun_R1072,WP_012407819.1,"Predicted homoserine dehydrogenase P and T, alr2831",Log2 Ratio (Heterocyst/Filaments)=1.4629841546819875; Variability [%]=7.10229371397926; Peptide Pair Count=9;7,old_locus_tag,Highly Pure,NAD(P)H-dependent oxidoreductase,Other / unassigned,Novel/uncertain candidate,,,0.9375,80,80,False
GF_01390,Held_2022_Trichodesmium_IMS101,Held et al. 2022,Trichodesmium erythraeum IMS101,1,Tery_3451,WP_011612886.1,Tery_3451 ribosomal protein PSRP-3/Ycf65 [Trichodesmium erythraeum IMS101: NC_008312],mean_relative_abundance=5.33; max=8.225@4h; min=2.281@6h; dynamic_range=5.944,old_locus_tag,Model-Supported,30S ribosomal protein PSRP-3,Housekeeping / lineage marker,Housekeeping marker (not a transplant candidate),54.0,0.4665071770334928,0.7131147540983607,122,122,False
GF_01393,Held_2022_Trichodesmium_IMS101,Held et al. 2022,Trichodesmium erythraeum IMS101,1,Tery_1610,WP_011611264.1,Tery_1610 bacterial nucleoid protein Hbs [Trichodesmium erythraeum IMS101: NC_008312],mean_relative_abundance=53.46; max=61.29@20h; min=44.13@9h; dynamic_range=17.16,old_locus_tag,Model-Supported,HU family DNA-binding protein,Other / unassigned,Novel/uncertain candidate,242.0,0.3309409888357256,0.5051020408163265,196,196,False
GF_01394,Sandh_2014_Nostoc_punctiforme,Sandh et al. 2014,Nostoc punctiforme PCC 73102,2,Npun_F4514,WP_012410841.1,MiaB; Protein of unknown function UPF000,Log2 Ratio (Heterocyst/Filaments)=-0.18639558166797748; Variability [%]=42.4660930252991; Peptide Pair Count=1;1 | 24h Log2 Ratio (Het/Fil) (Present study)=-0.18639558166797748; Variability [%]=42.4660930252991; Peptide Pair Count=1;1; Steady state Log2 ratio [7]=0.03889743571619669,old_locus_tag,Model-Supported,30S ribosomal protein S12 methylthiotransferase RimO,Housekeeping / lineage marker,Housekeeping marker (not a transplant candidate),120.0,0.5629984051036683,0.6086956521739131,138,138,False
GF_01395,Held_2022_Trichodesmium_IMS101,Held et al. 2022,Trichodesmium erythraeum IMS101,1,Tery_2842,WP_011612377.1,Tery_2842 nitrogen regulatory protein P-II family [Trichodesmium erythraeum IMS101: NC_008312],mean_relative_abundance=161.5; max=216.8@1h; min=81.39@18h; dynamic_range=135.4,old_locus_tag,Model-Supported,P-II family nitrogen regulator,Regulation,Novel/uncertain candidate,323.0,0.2751196172248804,0.4074074074074074,270,270,False
GF_01395,Panda_2025_Crocosphaera_ATCC51142,Panda et al. 2025,Crocosphaera subtropica ATCC 51142,1,cce_1775,WP_009545589.1,Nitrogen regulatory protein P-II,Two-way ANOVA p value nitrate=4.85328109628965e-08; Two-way ANOVA p value lightordark=0.0156540591188727; Two-way ANOVA p value Interaction=0.37344018695843; D-_avgLFQ=30.1375317573547; D+_avgLFQ=28.9776673316956; L-_avgLFQ=29.8019976615906; L+_avgLFQ=28.8081159591675; D-_D+(logFC)=1.1598644256591015; L-_L+(logFC)=0.9938817024231028,old_locus_tag,Model-Supported,P-II family nitrogen regulator,Regulation,Novel/uncertain candidate,323.0,0.2751196172248804,0.4074074074074074,270,270,False
GF_01396,Panda_2025_Crocosphaera_ATCC51142,Panda et al. 2025,Crocosphaera subtropica ATCC 51142,1,cce_4484,WP_007303504.1,ATP synthase subunit c,Two-way ANOVA p value nitrate=0.292403794308571; Two-way ANOVA p value lightordark=0.123734545125375; Two-way ANOVA p value Interaction=0.0868694610211365; D-_avgLFQ=26.1266179084778; D+_avgLFQ=26.4100980758667; L-_avgLFQ=26.2042970657349; L+_avgLFQ=25.1029829978943; D-_D+(logFC)=-0.28348016738889825; L-_L+(logFC)=1.1013140678405975,old_locus_tag,Model-Supported,ATP synthase F0 subunit C,Housekeeping / lineage marker,Housekeeping marker (not a transplant candidate),287.0,0.4114832535885168,0.4294117647058823,170,170,False
GF_01396,Welkie_2014_Cyanothece_PCC7822,Welkie et al. 2014,Gloeothece verrucosa PCC 7822,1,Cyan7822_5506,WP_013325418.1,ref|YP_003890655.1| ATP synthase F0 subunit C [Cyanothece sp. PCC 7822],CT_D0=1.10849689853267; CT_D3=1.019295533; CT_L0=1.11405909560526; CT_L3=1.87774400141561,old_locus_tag,Model-Supported,ATP synthase F0 subunit C,Housekeeping / lineage marker,Housekeeping marker (not a transplant candidate),287.0,0.4114832535885168,0.4294117647058823,170,170,False
GF_01397,Held_2022_Trichodesmium_IMS101,Held et al. 2022,Trichodesmium erythraeum IMS101,1,Tery_4410,WP_011613724.1,"Tery_4410 cbbL ribulose 1,5-bisphosphate carboxylase large subunit (EC 4.1.1.39) [Trichodesmium erythraeum IMS101: NC_008312]",mean_relative_abundance=884.3; max=1008@1h; min=748.2@6h; dynamic_range=259.5,old_locus_tag,Model-Supported,form I ribulose bisphosphate carboxylase large subunit,Other / unassigned,Novel/uncertain candidate,432.0,0.2188995215311004,0.3939393939393939,264,264,False
GF_01397,Panda_2025_Crocosphaera_ATCC51142,Panda et al. 2025,Crocosphaera subtropica ATCC 51142,1,cce_3166,WP_009547487.1,Ribulose bisphosphate carboxylase large chain,Two-way ANOVA p value nitrate=0.720055418293852; Two-way ANOVA p value lightordark=0.00413485988041507; Two-way ANOVA p value Interaction=0.985600092168078; D-_avgLFQ=31.9481797218323; D+_avgLFQ=31.9140424728394; L-_avgLFQ=32.2593841552734; L+_avgLFQ=32.2285118103027; D-_D+(logFC)=0.034137248992898606; L-_L+(logFC)=0.030872344970703125,old_locus_tag,Model-Supported,form I ribulose bisphosphate carboxylase large subunit,Other / unassigned,Novel/uncertain candidate,432.0,0.2188995215311004,0.3939393939393939,264,264,False
GF_01397,Sandh_2014_Nostoc_punctiforme,Sandh et al. 2014,Nostoc punctiforme PCC 73102,2,Npun_F4195,WP_012410537.1,RbcL; Ribulose-bisphosphate carboxylase.,Log2 Ratio (Heterocyst/Filaments)=-2.8257845020506256; Variability [%]=36.0772680896904; Peptide Pair Count=28;29 | 24h Log2 Ratio (Het/Fil) (Present study)=-2.8257845020506256; Variability [%]=36.0772680896904; Peptide Pair Count=28;29; Steady state Log2 ratio [7]=-0.1902296637813722,old_locus_tag,Model-Supported,form I ribulose bisphosphate carboxylase large subunit,Other / unassigned,Novel/uncertain candidate,432.0,0.2188995215311004,0.3939393939393939,264,264,False
GF_01399,Held_2022_Trichodesmium_IMS101,Held et al. 2022,Trichodesmium erythraeum IMS101,1,Tery_4663,WP_011613948.1,Tery_4663 SSU ribosomal protein S1P [Trichodesmium erythraeum IMS101: NC_008312],mean_relative_abundance=111.6; max=168@18h; min=62.79@12h; dynamic_range=105.2,old_locus_tag,Model-Supported,30S ribosomal protein S1,Housekeeping / lineage marker,Housekeeping marker (not a transplant candidate),54.0,0.8831738437001595,0.4821428571428571,112,112,False
GF_01399,Panda_2025_Crocosphaera_ATCC51142,Panda et al. 2025,Crocosphaera subtropica ATCC 51142,1,cce_0219,WP_009546716.1,30S ribosomal protein S1,Two-way ANOVA p value nitrate=2.83567632926369e-07; Two-way ANOVA p value lightordark=0.330590371089235; Two-way ANOVA p value Interaction=0.24132534995406; D-_avgLFQ=29.2971000671387; D+_avgLFQ=28.5750217437744; L-_avgLFQ=29.1554274559021; L+_avgLFQ=28.5888071060181; D-_D+(logFC)=0.7220783233643004; L-_L+(logFC)=0.5666203498840012,old_locus_tag,Model-Supported,30S ribosomal protein S1,Housekeeping / lineage marker,Housekeeping marker (not a transplant candidate),54.0,0.8831738437001595,0.4821428571428571,112,112,False
GF_01403,Sandh_2014_Nostoc_punctiforme,Sandh et al. 2014,Nostoc punctiforme PCC 73102,2,Npun_F1023,WP_012407776.1,SfcA; Malate dehydrogenase (oxaloacetate,Log2 Ratio (Heterocyst/Filaments)=-2.745076861189212; Variability [%]=0.806905223684832; Peptide Pair Count=4;3 | 24h Log2 Ratio (Het/Fil) (Present study)=-2.745076861189212; Variability [%]=0.806905223684832; Peptide Pair Count=4;3; Steady state Log2 ratio [7]=-1.1487765737405935,old_locus_tag,Highly Pure,malic enzyme-like NAD(P)-binding protein,Other / unassigned,Novel/uncertain candidate,,,0.9324324324324323,74,74,False
GF_01406,Sandh_2014_Nostoc_punctiforme,Sandh et al. 2014,Nostoc punctiforme PCC 73102,1,Npun_R0375,WP_012407183.1,"cyano, conserved hypothetical protein, cyano, T",Log2 Ratio (Heterocyst/Filaments)=1.9484248538251125; Variability [%]=9.78547423021509; Peptide Pair Count=4;1,old_locus_tag,Highly Pure,hypothetical protein,Stress / membrane / uncharacterized,Novel/uncertain candidate,,,1.0,51,51,False
GF_01411,Sandh_2014_Nostoc_punctiforme,Sandh et al. 2014,Nostoc punctiforme PCC 73102,2,Npun_R3921,WP_012410273.1,LivG; Molybdate-transporting ATPase.,Log2 Ratio (Heterocyst/Filaments)=0.016876821711208377; Variability [%]=6.36208339528066; Peptide Pair Count=3;2 | Log2 Ratio (Heterocyst/Filaments)=0.016876821711208377; Variability [%]=6.36208339528066; Peptide Pair Count=3;2,old_locus_tag,Highly Pure,ABC transporter ATP-binding protein,Transport,Novel/uncertain candidate,,,0.9393939393939394,66,66,False
GF_01413,Sandh_2014_Nostoc_punctiforme,Sandh et al. 2014,Nostoc punctiforme PCC 73102,1,Npun_R2751,WP_012409282.1,CysJ; Ferredoxin--NADP(+) reductase.,Log2 Ratio (Heterocyst/Filaments)=-0.17554249317785392; Variability [%]=34.6493802064226; Peptide Pair Count=10;14,old_locus_tag,Highly Pure,ferredoxin--NADP reductase,O2 protection & redox homeostasis,FOX-consistent support function (plausible rediscovery),,,1.0,51,51,False
GF_01416,Sandh_2014_Nostoc_punctiforme,Sandh et al. 2014,Nostoc punctiforme PCC 73102,2,Npun_F3466,WP_041566257.1,fabG 3-oxoacyl-[acyl-carrier protein] reductase,Log2 Ratio (Heterocyst/Filaments)=0.8078446939640019; Variability [%]=17.4591470873185; Peptide Pair Count=4;3 | 24h Log2 Ratio (Het/Fil) (Present study)=0.8078446939640019; Variability [%]=17.4591470873185; Peptide Pair Count=4;3; Steady state Log2 ratio [7]=0.4907852163574689,old_locus_tag,Highly Pure,SDR family oxidoreductase,Other / unassigned,Novel/uncertain candidate,,,1.0,45,45,False
GF_01429,Sandh_2014_Nostoc_punctiforme,Sandh et al. 2014,Nostoc punctiforme PCC 73102,2,Npun_F5549,WP_012411798.1,hoxR; Rubredoxin-type Fe(Cys)4 protein,Log2 Ratio (Heterocyst/Filaments)=-0.03927644476919707; Variability [%]=21.5980519867062; Peptide Pair Count=3;1 | 24h Log2 Ratio (Het/Fil) (Present study)=-0.03927644476919707; Variability [%]=21.5980519867062; Peptide Pair Count=3;1; Steady state Log2 ratio [7]=1.1350788302732613,old_locus_tag,Highly Pure,rubredoxin,O2 protection & redox homeostasis,Novel/uncertain candidate,,,0.9830508474576272,59,59,False
GF_01430,Sandh_2014_Nostoc_punctiforme,Sandh et al. 2014,Nostoc punctiforme PCC 73102,2,Npun_R4351,WP_012410687.1,pgm; Phosphoglycerate mutase; 2;3-bispho,Log2 Ratio (Heterocyst/Filaments)=-0.6214389437122814; Variability [%]=42.4340200337155; Peptide Pair Count=2;1 | 24h Log2 Ratio (Het/Fil) (Present study)=-0.6214389437122814; Variability [%]=42.4340200337155; Peptide Pair Count=2;1; Steady state Log2 ratio [7]=-1.0557672063718173,old_locus_tag,Highly Pure,2%2C3-bisphosphoglycerate-independent phosphoglycerate mutase,Other / unassigned,Novel/uncertain candidate,,,0.9824561403508772,57,57,False
GF_01445,Panda_2025_Crocosphaera_ATCC51142,Panda et al. 2025,Crocosphaera subtropica ATCC 51142,1,cce_4019,WP_009543891.1,50S ribosomal protein L22,Two-way ANOVA p value nitrate=2.18274534301148e-06; Two-way ANOVA p value lightordark=0.144723294867253; Two-way ANOVA p value Interaction=0.783076745616493; D-_avgLFQ=25.8725666999817; D+_avgLFQ=27.4116220474243; L-_avgLFQ=26.1139497756958; L+_avgLFQ=27.759325504303; D-_D+(logFC)=-1.5390553474425985; L-_L+(logFC)=-1.645375728607199,old_locus_tag,,,,,,,,,,
GF_01445,Welkie_2014_Cyanothece_PCC7822,Welkie et al. 2014,Gloeothece verrucosa PCC 7822,1,Cyan7822_5059,WP_041933381.1,ref|YP_003890221.1| 50S ribosomal protein L22 [Cyanothece sp. PCC 7822],CT_D0=1.16686378953267; CT_D3=1.140085011; CT_L0=1.33022369260526; CT_L3=1.48242303441561,old_locus_tag,,,,,,,,,,
GF_01446,Held_2022_Trichodesmium_IMS101,Held et al. 2022,Trichodesmium erythraeum IMS101,1,Tery_3293,WP_011612746.1,Tery_3293 dapL LL-diaminopimelate aminotransferase apoenzyme (EC 2.6.1.83) [Trichodesmium erythraeum IMS101: NC_008312],mean_relative_abundance=39.69; max=49.79@0h; min=31.3@14h; dynamic_range=18.49,old_locus_tag,Model-Supported,LL-diaminopimelate aminotransferase,Other / unassigned,Novel/uncertain candidate,177.0,0.6483253588516746,0.4675925925925926,216,216,False
GF_01446,Panda_2025_Crocosphaera_ATCC51142,Panda et al. 2025,Crocosphaera subtropica ATCC 51142,1,cce_2605,WP_009544705.1,LL-diaminopimelate aminotransferase,Two-way ANOVA p value nitrate=9.05064645178281e-05; Two-way ANOVA p value lightordark=0.712708501572733; Two-way ANOVA p value Interaction=0.180864199121656; D-_avgLFQ=27.7400522232056; D+_avgLFQ=27.1935534477234; L-_avgLFQ=27.8715529441833; L+_avgLFQ=26.9670300483704; D-_D+(logFC)=0.546498775482199; L-_L+(logFC)=0.9045228958128995,old_locus_tag,Model-Supported,LL-diaminopimelate aminotransferase,Other / unassigned,Novel/uncertain candidate,177.0,0.6483253588516746,0.4675925925925926,216,216,False
GF_01446,Sandh_2014_Nostoc_punctiforme,Sandh et al. 2014,Nostoc punctiforme PCC 73102,2,Npun_R3615,WP_012409982.1,Aspartate transaminase.,Log2 Ratio (Heterocyst/Filaments)=-2.53339077880139; Variability [%]=0.196416196126408; Peptide Pair Count=6;3 | 24h Log2 Ratio (Het/Fil) (Present study)=-2.53339077880139; Variability [%]=0.196416196126408; Peptide Pair Count=6;3; Steady state Log2 ratio [7]=2.9307455024866154,old_locus_tag,Model-Supported,LL-diaminopimelate aminotransferase,Other / unassigned,Novel/uncertain candidate,177.0,0.6483253588516746,0.4675925925925926,216,216,False
GF_01446,Welkie_2014_Cyanothece_PCC7822,Welkie et al. 2014,Gloeothece verrucosa PCC 7822,1,Cyan7822_1964,WP_013322053.1,ref|YP_003887222.1| LL-diaminopimelate aminotransferase [Cyanothece sp. PCC 7822],CT_D0=1.31338418953267; CT_D3=1.213016526; CT_L0=1.24351079460526; CT_L3=1.34968401741561,old_locus_tag,Model-Supported,LL-diaminopimelate aminotransferase,Other / unassigned,Novel/uncertain candidate,177.0,0.6483253588516746,0.4675925925925926,216,216,False
GF_01448,Held_2022_Trichodesmium_IMS101,Held et al. 2022,Trichodesmium erythraeum IMS101,1,Tery_2891,WP_011612420.1,Tery_2891 hypothetical protein [Trichodesmium erythraeum IMS101: NC_008312],mean_relative_abundance=0.06486; max=0.9081@23h; min=0@0h; dynamic_range=0.9081,old_locus_tag,Model-Supported,DUF4327 family protein,Stress / membrane / uncharacterized,Novel/uncertain candidate,55.0,0.6164274322169059,0.8275862068965517,87,87,False
GF_01449,Held_2022_Trichodesmium_IMS101,Held et al. 2022,Trichodesmium erythraeum IMS101,1,Tery_4522,WP_011613826.1,Tery_4522 ispG 4-hydroxy-3-methylbut-2-en-1-yl diphosphate synthase (EC 1.17.4.3) [Trichodesmium erythraeum IMS101: NC_008312],mean_relative_abundance=17.38; max=21.61@9h; min=13@20h; dynamic_range=8.614,old_locus_tag,Model-Supported,(E)-4-hydroxy-3-methylbut-2-enyl-diphosphate synthase,Other / unassigned,Novel/uncertain candidate,454.0,0.1218102073365231,0.3374233128834356,326,326,False
GF_01449,Panda_2025_Crocosphaera_ATCC51142,Panda et al. 2025,Crocosphaera subtropica ATCC 51142,1,cce_2312,WP_009544989.1,4-hydroxy-3-methylbut-2-en-1-yl diphosphate synthase (ferredoxin),Two-way ANOVA p value nitrate=0.000494061520615091; Two-way ANOVA p value lightordark=0.63022627408221; Two-way ANOVA p value Interaction=0.38203156293199; D-_avgLFQ=26.5375022888184; D+_avgLFQ=26.1451821327209; L-_avgLFQ=26.6815843582153; L+_avgLFQ=26.1026754379272; D-_D+(logFC)=0.3923201560974974; L-_L+(logFC)=0.5789089202881001,old_locus_tag,Model-Supported,(E)-4-hydroxy-3-methylbut-2-enyl-diphosphate synthase,Other / unassigned,Novel/uncertain candidate,454.0,0.1218102073365231,0.3374233128834356,326,326,False
GF_01449,Welkie_2014_Cyanothece_PCC7822,Welkie et al. 2014,Gloeothece verrucosa PCC 7822,1,Cyan7822_1548,WP_013321647.1,ref|YP_003886815.1| 1-hydroxy-2-methyl-2-(E)-butenyl 4-diphosphate synthase [Cyanothece sp. PCC 7822],CT_D0=1.28910767353267; CT_D3=0.883590919; CT_L0=1.03718580360526; CT_L3=1.90971113141561,old_locus_tag,Model-Supported,(E)-4-hydroxy-3-methylbut-2-enyl-diphosphate synthase,Other / unassigned,Novel/uncertain candidate,454.0,0.1218102073365231,0.3374233128834356,326,326,False
GF_01456,Sandh_2014_Nostoc_punctiforme,Sandh et al. 2014,Nostoc punctiforme PCC 73102,2,Npun_R4381,WP_012410716.1,RpsQ; Ribosomal protein S17,Log2 Ratio (Heterocyst/Filaments)=0.32510117997084914; Variability [%]=17.2086131393296; Peptide Pair Count=1;3 | 24h Log2 Ratio (Het/Fil) (Present study)=0.32510117997084914; Variability [%]=17.2086131393296; Peptide Pair Count=1;3; Steady state Log2 ratio [7]=-1.4720890477065232,old_locus_tag,Model-Supported,30S ribosomal protein S17,Housekeeping / lineage marker,Housekeeping marker (not a transplant candidate),86.0,0.7045454545454546,0.4010989010989011,182,182,False
GF_01457,Sandh_2014_Nostoc_punctiforme,Sandh et al. 2014,Nostoc punctiforme PCC 73102,2,Npun_R0672,WP_041565888.1,trxr; Thioredoxin reductase,Log2 Ratio (Heterocyst/Filaments)=-0.7544281208160273; Variability [%]=24.6420133040823; Peptide Pair Count=1;1 | 24h Log2 Ratio (Het/Fil) (Present study)=-0.7544281208160273; Variability [%]=24.6420133040823; Peptide Pair Count=1;1; Steady state Log2 ratio [7]=-1.8667576215199466,old_locus_tag,Highly Pure,thioredoxin-disulfide reductase,O2 protection & redox homeostasis,FOX-consistent support function (plausible rediscovery),,,0.9629629629629628,54,54,False
GF_01458,Held_2022_Trichodesmium_IMS101,Held et al. 2022,Trichodesmium erythraeum IMS101,1,Tery_2787,WP_044137539.1,Tery_2787 Ferritin and Dps [Trichodesmium erythraeum IMS101: NC_008312],mean_relative_abundance=37.01; max=51.74@0h; min=24.13@13h; dynamic_range=27.62,old_locus_tag,Model-Supported,bacterioferritin,Other / unassigned,Novel/uncertain candidate,43.0,0.5885167464114832,0.7978723404255319,94,94,False
GF_01460,Held_2022_Trichodesmium_IMS101,Held et al. 2022,Trichodesmium erythraeum IMS101,1,Tery_0262,WP_011610141.1,Tery_0262 rplL LSU ribosomal protein L12P [Trichodesmium erythraeum IMS101: NC_008312],mean_relative_abundance=32.54; max=66.65@9h; min=19.05@18h; dynamic_range=47.6,old_locus_tag,Model-Supported,50S ribosomal protein L7/L12,Housekeeping / lineage marker,Housekeeping marker (not a transplant candidate),134.0,0.5677830940988836,0.4532374100719424,139,139,False
GF_01460,Panda_2025_Crocosphaera_ATCC51142,Panda et al. 2025,Crocosphaera subtropica ATCC 51142,1,cce_0223,WP_009546720.1,50S ribosomal protein L7/L12,Two-way ANOVA p value nitrate=0.546554653202845; Two-way ANOVA p value lightordark=0.0159847189048076; Two-way ANOVA p value Interaction=0.321528691279751; D-_avgLFQ=31.861430644989; D+_avgLFQ=31.613983631134; L-_avgLFQ=31.2877044677734; L+_avgLFQ=31.3495531082153; D-_D+(logFC)=0.24744701385499823; L-_L+(logFC)=-0.06184864044190164,old_locus_tag,Model-Supported,50S ribosomal protein L7/L12,Housekeeping / lineage marker,Housekeeping marker (not a transplant candidate),134.0,0.5677830940988836,0.4532374100719424,139,139,False
GF_01460,Welkie_2014_Cyanothece_PCC7822,Welkie et al. 2014,Gloeothece verrucosa PCC 7822,1,Cyan7822_2718,WP_013322790.1,ref|YP_003887960.1| 50S ribosomal protein L7/L12 [Cyanothece sp. PCC 7822],CT_D0=1.06512348553267; CT_D3=1.14723835; CT_L0=1.41581941560526; CT_L3=1.49141427741561,old_locus_tag,Model-Supported,50S ribosomal protein L7/L12,Housekeeping / lineage marker,Housekeeping marker (not a transplant candidate),134.0,0.5677830940988836,0.4532374100719424,139,139,False
GF_01463,Sandh_2014_Nostoc_punctiforme,Sandh et al. 2014,Nostoc punctiforme PCC 73102,1,Npun_F0430,WP_012407235.1,"LeuA; Homocitrate synthase, nifV, T",Log2 Ratio (Heterocyst/Filaments)=3.1579709133923317; Variability [%]=41.5027062933104; Peptide Pair Count=1;2,old_locus_tag,Highly Pure,homocitrate synthase,Other / unassigned,Novel/uncertain candidate,,,0.9838709677419356,62,62,False
GF_01465,Sandh_2014_Nostoc_punctiforme,Sandh et al. 2014,Nostoc punctiforme PCC 73102,1,Npun_F0065,WP_012406895.1,MetH; 5-methyltetrahydrofolate--homocyst,Log2 Ratio (Heterocyst/Filaments)=-1.7538924424370077; Variability [%]=19.2606122108992; Peptide Pair Count=2;3,old_locus_tag,Highly Pure,methionine synthase,Other / unassigned,Novel/uncertain candidate,,,0.9705882352941176,68,68,False
GF_01466,Held_2022_Trichodesmium_IMS101,Held et al. 2022,Trichodesmium erythraeum IMS101,1,Tery_0882,WP_011610675.1,Tery_0882 argG argininosuccinate synthase (EC 6.3.4.5) [Trichodesmium erythraeum IMS101: NC_008312],mean_relative_abundance=108.4; max=132.8@20h; min=88.97@6h; dynamic_range=43.84,old_locus_tag,Model-Supported,argininosuccinate synthase,Other / unassigned,Novel/uncertain candidate,39.0,0.3349282296650718,0.8021978021978022,91,91,False
GF_01466,Sandh_2014_Nostoc_punctiforme,Sandh et al. 2014,Nostoc punctiforme PCC 73102,2,Npun_R5563,WP_012411812.1,argG; Argininosuccinate synthase,Log2 Ratio (Heterocyst/Filaments)=-2.4700238594189594; Variability [%]=6.67963532464658; Peptide Pair Count=4;4 | 24h Log2 Ratio (Het/Fil) (Present study)=-2.4700238594189594; Variability [%]=6.67963532464658; Peptide Pair Count=4;4; Steady state Log2 ratio [7]=-1.305876059703712,old_locus_tag,Model-Supported,argininosuccinate synthase,Other / unassigned,Novel/uncertain candidate,39.0,0.3349282296650718,0.8021978021978022,91,91,False
GF_01472,Sandh_2014_Nostoc_punctiforme,Sandh et al. 2014,Nostoc punctiforme PCC 73102,2,Npun_F1821,WP_012408499.1,CphB; Peptidase S51; dipeptidase E,Log2 Ratio (Heterocyst/Filaments)=-2.797177007684572; Variability [%]=2.76620892874112; Peptide Pair Count=2;1 | 24h Log2 Ratio (Het/Fil) (Present study)=-2.797177007684572; Variability [%]=2.76620892874112; Peptide Pair Count=2;1; Steady state Log2 ratio [7]=-1.4499141903109727,old_locus_tag,Highly Pure,cyanophycinase,Other / unassigned,Novel/uncertain candidate,,,0.9583333333333334,48,48,False
GF_01476,Held_2022_Trichodesmium_IMS101,Held et al. 2022,Trichodesmium erythraeum IMS101,1,Tery_3729,WP_011613116.1,Tery_3729 rpsR SSU ribosomal protein S18P [Trichodesmium erythraeum IMS101: NC_008312],mean_relative_abundance=13.57; max=21.9@12h; min=8.043@13h; dynamic_range=13.86,old_locus_tag,,,,,,,,,,
GF_01477,Held_2022_Trichodesmium_IMS101,Held et al. 2022,Trichodesmium erythraeum IMS101,1,Tery_0752,WP_011610574.1,Tery_0752 ureC urease. Metallo peptidase. MEROPS family M38 [Trichodesmium erythraeum IMS101: NC_008312],mean_relative_abundance=4.008; max=7.743@1h; min=0@6h; dynamic_range=7.743,old_locus_tag,Model-Supported,urease subunit alpha,Other / unassigned,Novel/uncertain candidate,123.0,0.5211323763955342,0.4656862745098039,204,204,False
GF_01479,Held_2022_Trichodesmium_IMS101,Held et al. 2022,Trichodesmium erythraeum IMS101,1,Tery_4442,WP_011613752.1,Tery_4442 GTP-binding protein TypA [Trichodesmium erythraeum IMS101: NC_008312],mean_relative_abundance=37.3; max=52.44@4h; min=25.44@1h; dynamic_range=26.99,old_locus_tag,Model-Supported,translational GTPase TypA,Other / unassigned,Novel/uncertain candidate,278.0,0.242822966507177,0.4144486692015209,263,263,False
GF_01479,Panda_2025_Crocosphaera_ATCC51142,Panda et al. 2025,Crocosphaera subtropica ATCC 51142,1,cce_1679,WP_009544477.1,50S ribosomal subunit assembly factor BipA,Two-way ANOVA p value nitrate=0.000105593592152271; Two-way ANOVA p value lightordark=0.0943199107011428; Two-way ANOVA p value Interaction=0.265770414318298; D-_avgLFQ=26.7874274253845; D+_avgLFQ=25.3063035011292; L-_avgLFQ=26.9282984733582; L+_avgLFQ=25.9536366462708; D-_D+(logFC)=1.4811239242553; L-_L+(logFC)=0.9746618270873988,old_locus_tag,Model-Supported,translational GTPase TypA,Other / unassigned,Novel/uncertain candidate,278.0,0.242822966507177,0.4144486692015209,263,263,False
GF_01479,Sandh_2014_Nostoc_punctiforme,Sandh et al. 2014,Nostoc punctiforme PCC 73102,2,Npun_F0974,WP_012407727.1,TypA_BipA; Small GTP-binding protein dom,Log2 Ratio (Heterocyst/Filaments)=-0.1594803546098382; Variability [%]=26.972339867642; Peptide Pair Count=3;4 | Log2 Ratio (Heterocyst/Filaments)=-0.1594803546098382; Variability [%]=26.972339867642; Peptide Pair Count=3;4,old_locus_tag,Model-Supported,translational GTPase TypA,Other / unassigned,Novel/uncertain candidate,278.0,0.242822966507177,0.4144486692015209,263,263,False
GF_01479,Welkie_2014_Cyanothece_PCC7822,Welkie et al. 2014,Gloeothece verrucosa PCC 7822,1,Cyan7822_5390,WP_013325305.1,ref|YP_003890542.1| GTP-binding protein TypA [Cyanothece sp. PCC 7822],CT_D0=1.24191923453267; CT_D3=1.114715598; CT_L0=1.22239000460526; CT_L3=1.54057069041561,old_locus_tag,Model-Supported,translational GTPase TypA,Other / unassigned,Novel/uncertain candidate,278.0,0.242822966507177,0.4144486692015209,263,263,False
GF_01483,Sandh_2014_Nostoc_punctiforme,Sandh et al. 2014,Nostoc punctiforme PCC 73102,2,Npun_F2780,WP_012409307.1,conserved hypothetical protein,Log2 Ratio (Heterocyst/Filaments)=0.922127603976435; Variability [%]=7.57999231170547; Peptide Pair Count=3;2 | 24h Log2 Ratio (Het/Fil) (Present study)=0.922127603976435; Variability [%]=7.57999231170547; Peptide Pair Count=3;2; Steady state Log2 ratio [7]=0.9423916345827257,old_locus_tag,Highly Pure,ribbon-helix-helix domain-containing protein,Other / unassigned,Novel/uncertain candidate,,,0.984375,64,64,False
GF_01487,Welkie_2014_Cyanothece_PCC7822,Welkie et al. 2014,Gloeothece verrucosa PCC 7822,1,Cyan7822_4881,WP_013324810.1,ref|YP_003890047.1| methylthioadenosine phosphorylase [Cyanothece sp. PCC 7822],CT_D0=1.03064655253267; CT_D3=0.831269944; CT_L0=1.54788326760526; CT_L3=1.70979576241561,old_locus_tag,Model-Supported,S-methyl-5'-thioadenosine phosphorylase,Other / unassigned,Novel/uncertain candidate,72.0,0.511164274322169,0.6428571428571429,140,140,False
GF_01489,Sandh_2014_Nostoc_punctiforme,Sandh et al. 2014,Nostoc punctiforme PCC 73102,2,Npun_F3799,WP_012410154.1,GlgA; Starch (bacterial glycogen) syntha,Log2 Ratio (Heterocyst/Filaments)=-0.34027698608977947; Variability [%]=4.89309060814568; Peptide Pair Count=4;3 | Log2 Ratio (Heterocyst/Filaments)=-0.34027698608977947; Variability [%]=4.89309060814568; Peptide Pair Count=4;3,old_locus_tag,Highly Pure,glycogen synthase GlgA,Carbon metabolism & NAD(P)H supply,Novel/uncertain candidate,,,0.9305555555555556,72,72,False
GF_01491,Sandh_2014_Nostoc_punctiforme,Sandh et al. 2014,Nostoc punctiforme PCC 73102,1,Npun_R0418,WP_012407223.1,"NifS; Selenocysteine lyase, T",Log2 Ratio (Heterocyst/Filaments)=3.518796575822714; Variability [%]=6.84150003473088; Peptide Pair Count=6;3,old_locus_tag,Highly Pure,cysteine desulfurase NifS,Nitrogenase / nif machinery,Novel/uncertain candidate,,,0.9855072463768116,69,69,True
GF_01492,Sandh_2014_Nostoc_punctiforme,Sandh et al. 2014,Nostoc punctiforme PCC 73102,2,Npun_R6193,WP_012412419.1,devH; Crp; Bacterial regulatory protein; DevH,Log2 Ratio (Heterocyst/Filaments)=2.608379257095779; Variability [%]=16.4331577244049; Peptide Pair Count=15;13 | 24h Log2 Ratio (Het/Fil) (Present study)=2.608379257095779; Variability [%]=16.4331577244049; Peptide Pair Count=15;13; Steady state Log2 ratio [7]=1.4113879512767078,old_locus_tag,Highly Pure,Crp/Fnr family transcriptional regulator,Regulation,Novel/uncertain candidate,,,0.9285714285714286,84,84,False
GF_01502,Held_2022_Trichodesmium_IMS101,Held et al. 2022,Trichodesmium erythraeum IMS101,1,Tery_3647,WP_011613044.1,Tery_3647 apcC phycobilisome core linker protein [Trichodesmium erythraeum IMS101: NC_008312],mean_relative_abundance=7.615; max=12.17@1h; min=2.281@6h; dynamic_range=9.887,old_locus_tag,Model-Supported,phycobilisome linker polypeptide,Other / unassigned,Novel/uncertain candidate,306.0,0.2117224880382775,0.4273858921161825,241,241,False
GF_01502,Panda_2025_Crocosphaera_ATCC51142,Panda et al. 2025,Crocosphaera subtropica ATCC 51142,1,cce_2911,WP_007305034.1,"Phycobilisome 7.8 kDa linker polypeptide, allophycocyanin-associated, core",Two-way ANOVA p value nitrate=0.00344043479719959; Two-way ANOVA p value lightordark=0.391401887033357; Two-way ANOVA p value Interaction=0.169436331276337; D-_avgLFQ=30.2069420814514; D+_avgLFQ=31.0468716621399; L-_avgLFQ=30.5946393013; L+_avgLFQ=30.9524116516113; D-_D+(logFC)=-0.8399295806885014; L-_L+(logFC)=-0.3577723503113006,old_locus_tag,Model-Supported,phycobilisome linker polypeptide,Other / unassigned,Novel/uncertain candidate,306.0,0.2117224880382775,0.4273858921161825,241,241,False
GF_01502,Welkie_2014_Cyanothece_PCC7822,Welkie et al. 2014,Gloeothece verrucosa PCC 7822,1,Cyan7822_5522,WP_013325433.1,ref|YP_003890670.1| CpcD phycobilisome linker domain-containing protein [Cyanothece sp. PCC 7822],CT_D0=1.09202042653267; CT_D3=0.762898131; CT_L0=1.31325529960526; CT_L3=1.95142166941561,old_locus_tag,Model-Supported,phycobilisome linker polypeptide,Other / unassigned,Novel/uncertain candidate,306.0,0.2117224880382775,0.4273858921161825,241,241,False
GF_01508,Sandh_2014_Nostoc_punctiforme,Sandh et al. 2014,Nostoc punctiforme PCC 73102,2,Npun_F4803,WP_012411108.1,RimK; Glutathione synthetase; prokaryoti,Log2 Ratio (Heterocyst/Filaments)=-2.0608234533823833; Variability [%]=16.9099105344505; Peptide Pair Count=4;5 | Log2 Ratio (Heterocyst/Filaments)=-2.0608234533823833; Variability [%]=16.9099105344505; Peptide Pair Count=4;5,old_locus_tag,Highly Pure,glutathione synthase,Other / unassigned,Novel/uncertain candidate,,,0.981132075471698,53,53,False
GF_01515,Sandh_2014_Nostoc_punctiforme,Sandh et al. 2014,Nostoc punctiforme PCC 73102,1,Npun_R0380,WP_012407188.1,"Fdx; Ferredoxin [2Fe-2S]; plant, T",Log2 Ratio (Heterocyst/Filaments)=1.9179584836434151; Variability [%]=28.7900286454541; Peptide Pair Count=6;4,old_locus_tag,Highly Pure,2Fe-2S iron-sulfur cluster-binding protein,Metallocluster & Fe-S biogenesis,FOX-consistent support function (plausible rediscovery),,,0.9838709677419356,62,62,False
GF_01516,Sandh_2014_Nostoc_punctiforme,Sandh et al. 2014,Nostoc punctiforme PCC 73102,1,Npun_R5776,WP_012412017.1,Protein of unknown function DUF,Log2 Ratio (Heterocyst/Filaments)=0.008287416819837308; Variability [%]=8.49265338793431; Peptide Pair Count=2;4,old_locus_tag,Highly Pure,ribosome maturation factor RimP,Metallocluster & Fe-S biogenesis,FOX-consistent support function (plausible rediscovery),,,0.953846153846154,65,65,False
GF_01527,Held_2022_Trichodesmium_IMS101,Held et al. 2022,Trichodesmium erythraeum IMS101,1,Tery_0581,WP_011610420.1,"Tery_0581 trpB tryptophan synthase, beta chain (EC 4.2.1.20) [Trichodesmium erythraeum IMS101: NC_008312]",mean_relative_abundance=30.71; max=36.5@1h; min=21.67@6h; dynamic_range=14.83,old_locus_tag,Model-Supported,tryptophan synthase subunit beta,Other / unassigned,Novel/uncertain candidate,233.0,0.303030303030303,0.4099616858237548,261,261,False
GF_01527,Panda_2025_Crocosphaera_ATCC51142,Panda et al. 2025,Crocosphaera subtropica ATCC 51142,1,cce_3134,WP_009547456.1,Tryptophan synthase beta chain,Two-way ANOVA p value nitrate=2.69779985431125e-05; Two-way ANOVA p value lightordark=0.45956154906435; Two-way ANOVA p value Interaction=0.196691428724461; D-_avgLFQ=26.283392906189; D+_avgLFQ=25.0813851356506; L-_avgLFQ=26.4229927062988; L+_avgLFQ=24.5879149436951; D-_D+(logFC)=1.2020077705384011; L-_L+(logFC)=1.8350777626036994,old_locus_tag,Model-Supported,tryptophan synthase subunit beta,Other / unassigned,Novel/uncertain candidate,233.0,0.303030303030303,0.4099616858237548,261,261,False
GF_01527,Sandh_2014_Nostoc_punctiforme,Sandh et al. 2014,Nostoc punctiforme PCC 73102,2,Npun_R4173,WP_012410517.1,trpB; Tryptophan synthase; beta chain,Log2 Ratio (Heterocyst/Filaments)=-2.707820674939317; Variability [%]=22.6171128405531; Peptide Pair Count=3;3 | Log2 Ratio (Heterocyst/Filaments)=-2.707820674939317; Variability [%]=22.6171128405531; Peptide Pair Count=3;3,old_locus_tag,Model-Supported,tryptophan synthase subunit beta,Other / unassigned,Novel/uncertain candidate,233.0,0.303030303030303,0.4099616858237548,261,261,False
GF_01527,Welkie_2014_Cyanothece_PCC7822,Welkie et al. 2014,Gloeothece verrucosa PCC 7822,1,Cyan7822_1283,WP_013321392.1,ref|YP_003886560.1| tryptophan synthase subunit beta [Cyanothece sp. PCC 7822],CT_D0=1.44603758853267; CT_D3=1.472483098; CT_L0=1.17853796360526; CT_L3=1.02253687641561,old_locus_tag,Model-Supported,tryptophan synthase subunit beta,Other / unassigned,Novel/uncertain candidate,233.0,0.303030303030303,0.4099616858237548,261,261,False
GF_01529,Sandh_2014_Nostoc_punctiforme,Sandh et al. 2014,Nostoc punctiforme PCC 73102,2,Npun_R6155,WP_012412381.1,GCD1; Mannose-1-phosphate guanylyltransf,Log2 Ratio (Heterocyst/Filaments)=-1.8225773627002588; Variability [%]=7.23858545251381; Peptide Pair Count=1;1 | Log2 Ratio (Heterocyst/Filaments)=-1.8225773627002588; Variability [%]=7.23858545251381; Peptide Pair Count=1;1,old_locus_tag,Highly Pure,mannose-1-phosphate guanyltransferase,Other / unassigned,Novel/uncertain candidate,,,0.9583333333333334,72,72,False
GF_01533,Welkie_2014_Cyanothece_PCC7822,Welkie et al. 2014,Gloeothece verrucosa PCC 7822,1,Cyan7822_2522,WP_013322599.1,ref|YP_003887769.1| NADH-ubiquinone/plastoquinone oxidoreductase chain 6 [Cyanothece sp. PCC 7822],CT_D0=1.38163350553267; CT_D3=1.2114164; CT_L0=1.37294622860526; CT_L3=1.15359939341561,old_locus_tag,,,,,,,,,,
GF_01534,Panda_2025_Crocosphaera_ATCC51142,Panda et al. 2025,Crocosphaera subtropica ATCC 51142,1,cce_2156,WP_009546907.1,Enolase,Two-way ANOVA p value nitrate=7.05365785183733e-06; Two-way ANOVA p value lightordark=0.00804819071894164; Two-way ANOVA p value Interaction=0.0670307026782492; D-_avgLFQ=29.8424677848816; D+_avgLFQ=28.6986331939697; L-_avgLFQ=29.2202939987183; L+_avgLFQ=28.5597052574158; D-_D+(logFC)=1.1438345909118972; L-_L+(logFC)=0.6605887413025009,old_locus_tag,,,,,,,,,,
GF_01534,Welkie_2014_Cyanothece_PCC7822,Welkie et al. 2014,Gloeothece verrucosa PCC 7822,1,Cyan7822_1633,WP_013321731.1,ref|YP_003886899.1| enolase [Cyanothece sp. PCC 7822],CT_D0=1.31455342853267; CT_D3=1.339412665; CT_L0=1.24934846560526; CT_L3=1.21628096841561,old_locus_tag,,,,,,,,,,
GF_01536,Held_2022_Trichodesmium_IMS101,Held et al. 2022,Trichodesmium erythraeum IMS101,1,Tery_3978,WP_011613333.1,Tery_3978 nusA NusA antitermination factor [Trichodesmium erythraeum IMS101: NC_008312],mean_relative_abundance=18.44; max=27.94@14h; min=7.301@12h; dynamic_range=20.64,old_locus_tag,Model-Supported,transcription termination factor NusA,Regulation,Novel/uncertain candidate,202.0,0.3106060606060606,0.6724137931034483,116,116,False
GF_01536,Sandh_2014_Nostoc_punctiforme,Sandh et al. 2014,Nostoc punctiforme PCC 73102,2,Npun_R5775,WP_012412016.1,NusA; Transcription termination factor N,Log2 Ratio (Heterocyst/Filaments)=-0.916325062889361; Variability [%]=6.33606590861694; Peptide Pair Count=3;2 | 24h Log2 Ratio (Het/Fil) (Present study)=-0.916325062889361; Variability [%]=6.33606590861694; Peptide Pair Count=3;2; Steady state Log2 ratio [7]=0.4702022059124519,old_locus_tag,Model-Supported,transcription termination factor NusA,Regulation,Novel/uncertain candidate,202.0,0.3106060606060606,0.6724137931034483,116,116,False
GF_01536,Welkie_2014_Cyanothece_PCC7822,Welkie et al. 2014,Gloeothece verrucosa PCC 7822,1,Cyan7822_5378,WP_013325295.1,ref|YP_003890532.1| NusA antitermination factor [Cyanothece sp. PCC 7822],CT_D0=1.38357075853267; CT_D3=1.226144081; CT_L0=1.23871425360526; CT_L3=1.27116643441561,old_locus_tag,Model-Supported,transcription termination factor NusA,Regulation,Novel/uncertain candidate,202.0,0.3106060606060606,0.6724137931034483,116,116,False
GF_01537,Sandh_2014_Nostoc_punctiforme,Sandh et al. 2014,Nostoc punctiforme PCC 73102,2,Npun_R5588,WP_012411837.1,GuaB; IMP dehydrogenase related 2,Log2 Ratio (Heterocyst/Filaments)=-3.278100299339507; Variability [%]=27.8415388203449; Peptide Pair Count=10;7 | 24h Log2 Ratio (Het/Fil) (Present study)=-3.278100299339507; Variability [%]=27.8415388203449; Peptide Pair Count=10;7; Steady state Log2 ratio [7]=-1.5276104138298032,old_locus_tag,Model-Supported,GuaB3 family IMP dehydrogenase-related protein,Other / unassigned,FOX-consistent support function (plausible rediscovery),77.0,0.3987240829346092,0.8928571428571429,56,56,False
GF_01538,Panda_2025_Crocosphaera_ATCC51142,Panda et al. 2025,Crocosphaera subtropica ATCC 51142,1,cce_3430,WP_009545401.1,DUF3318 domain-containing protein,Two-way ANOVA p value nitrate=0.945630865561999; Two-way ANOVA p value lightordark=0.179182914460814; Two-way ANOVA p value Interaction=0.129010109600191; D-_avgLFQ=27.3203821182251; D+_avgLFQ=27.0181021690369; L-_avgLFQ=27.2841825485229; L+_avgLFQ=27.5616960525513; D-_D+(logFC)=0.30227994918820045; L-_L+(logFC)=-0.277513504028402,old_locus_tag,,,,,,,,,,
GF_01538,Welkie_2014_Cyanothece_PCC7822,Welkie et al. 2014,Gloeothece verrucosa PCC 7822,1,Cyan7822_2008,WP_013322096.1,ref|YP_003887265.1| hypothetical protein Cyan7822_2008 [Cyanothece sp. PCC 7822],CT_D0=1.06849178853267; CT_D3=1.126318648; CT_L0=1.36853741460526; CT_L3=1.55624767641561,old_locus_tag,,,,,,,,,,
GF_01540,Held_2022_Trichodesmium_IMS101,Held et al. 2022,Trichodesmium erythraeum IMS101,1,Tery_0264,WP_011610143.1,Tery_0264 rplA LSU ribosomal protein L1P [Trichodesmium erythraeum IMS101: NC_008312],mean_relative_abundance=87.79; max=107.3@1h; min=61.33@12h; dynamic_range=45.97,old_locus_tag,Model-Supported,50S ribosomal protein L1,Housekeeping / lineage marker,Housekeeping marker (not a transplant candidate),172.0,0.409090909090909,0.5141242937853108,177,177,False
GF_01541,Held_2022_Trichodesmium_IMS101,Held et al. 2022,Trichodesmium erythraeum IMS101,1,Tery_3707,WP_011613097.1,Tery_3707 biotin carboxylase (EC 6.3.4.14)/acetyl-CoA carboxylase carboxyltransferase subunit alpha [Trichodesmium erythraeum IMS101: NC_008312],mean_relative_abundance=21.87; max=24.41@0h; min=14.53@14h; dynamic_range=9.876,old_locus_tag,Model-Supported,acetyl-CoA carboxylase biotin carboxylase subunit,Other / unassigned,Novel/uncertain candidate,143.0,0.5944976076555024,0.4344262295081967,244,244,False
GF_01541,Panda_2025_Crocosphaera_ATCC51142,Panda et al. 2025,Crocosphaera subtropica ATCC 51142,1,cce_3275,WP_009547590.1,Biotin carboxylase,Two-way ANOVA p value nitrate=1.0553294329128e-06; Two-way ANOVA p value lightordark=0.0570286889037021; Two-way ANOVA p value Interaction=0.167440006153801; D-_avgLFQ=26.216778755188; D+_avgLFQ=25.6264805793762; L-_avgLFQ=26.0159769058228; L+_avgLFQ=25.5907726287842; D-_D+(logFC)=0.5902981758117996; L-_L+(logFC)=0.4252042770385991,old_locus_tag,Model-Supported,acetyl-CoA carboxylase biotin carboxylase subunit,Other / unassigned,Novel/uncertain candidate,143.0,0.5944976076555024,0.4344262295081967,244,244,False
GF_01541,Sandh_2014_Nostoc_punctiforme,Sandh et al. 2014,Nostoc punctiforme PCC 73102,2,Npun_R5951,WP_012412185.1,accC; Acetyl-CoA carboxylase; biotin car,Log2 Ratio (Heterocyst/Filaments)=-0.11526097767157992; Variability [%]=6.94480790950142; Peptide Pair Count=5;4 | 24h Log2 Ratio (Het/Fil) (Present study)=-0.11526097767157992; Variability [%]=6.94480790950142; Peptide Pair Count=5;4; Steady state Log2 ratio [7]=0.6382365885132267,old_locus_tag,Model-Supported,acetyl-CoA carboxylase biotin carboxylase subunit,Other / unassigned,Novel/uncertain candidate,143.0,0.5944976076555024,0.4344262295081967,244,244,False
GF_01541,Welkie_2014_Cyanothece_PCC7822,Welkie et al. 2014,Gloeothece verrucosa PCC 7822,1,Cyan7822_2635,WP_013322708.1,"ref|YP_003887878.1| acetyl-CoA carboxylase, biotin carboxylase [Cyanothece sp. PCC 7822]",CT_D0=1.35633094253267; CT_D3=0.784214868; CT_L0=0.892131042605263; CT_L3=2.08691867441561,old_locus_tag,Model-Supported,acetyl-CoA carboxylase biotin carboxylase subunit,Other / unassigned,Novel/uncertain candidate,143.0,0.5944976076555024,0.4344262295081967,244,244,False
GF_01542,Held_2022_Trichodesmium_IMS101,Held et al. 2022,Trichodesmium erythraeum IMS101,1,Tery_0377,WP_011610241.1,Tery_0377 miaB tRNA-i(6)A37 thiotransferase enzyme MiaB [Trichodesmium erythraeum IMS101: NC_008312],mean_relative_abundance=1.671; max=5.589@14h; min=0@1h; dynamic_range=5.589,old_locus_tag,Model-Supported,tRNA (N6-isopentenyl adenosine(37)-C2)-methylthiotransferase MiaB,Other / unassigned,Novel/uncertain candidate,21.0,0.6232057416267942,0.4479638009049774,221,221,False
GF_01542,Panda_2025_Crocosphaera_ATCC51142,Panda et al. 2025,Crocosphaera subtropica ATCC 51142,1,cce_2810,WP_009544509.1,tRNA-2-methylthio-N(6)-dimethylallyladenosine synthase,Two-way ANOVA p value nitrate=1.23001411114794e-05; Two-way ANOVA p value lightordark=0.450434953018344; Two-way ANOVA p value Interaction=0.432007066621787; D-_avgLFQ=24.8229379653931; D+_avgLFQ=22.631178855896; L-_avgLFQ=24.3822274208069; L+_avgLFQ=22.6402974128723; D-_D+(logFC)=2.1917591094970987; L-_L+(logFC)=1.7419300079345987,old_locus_tag,Model-Supported,tRNA (N6-isopentenyl adenosine(37)-C2)-methylthiotransferase MiaB,Other / unassigned,Novel/uncertain candidate,21.0,0.6232057416267942,0.4479638009049774,221,221,False
GF_01544,Panda_2025_Crocosphaera_ATCC51142,Panda et al. 2025,Crocosphaera subtropica ATCC 51142,1,cce_0995,WP_009547106.1,Phosphoribulokinase,Two-way ANOVA p value nitrate=0.0127772831090526; Two-way ANOVA p value lightordark=0.011163627557882; Two-way ANOVA p value Interaction=0.111247997270076; D-_avgLFQ=28.9337558746338; D+_avgLFQ=29.7619857788086; L-_avgLFQ=29.7749500274658; L+_avgLFQ=29.9896850585938; D-_D+(logFC)=-0.8282299041748011; L-_L+(logFC)=-0.21473503112800074,old_locus_tag,,,,,,,,,,
GF_01544,Welkie_2014_Cyanothece_PCC7822,Welkie et al. 2014,Gloeothece verrucosa PCC 7822,1,Cyan7822_0374,WP_013320530.1,ref|YP_003885695.1| phosphoribulokinase [Cyanothece sp. PCC 7822],CT_D0=1.36561177253267; CT_D3=1.294930513; CT_L0=1.17477134660526; CT_L3=1.28428189541561,old_locus_tag,,,,,,,,,,
GF_01548,Sandh_2014_Nostoc_punctiforme,Sandh et al. 2014,Nostoc punctiforme PCC 73102,2,Npun_F1010,WP_012407763.1,GlnK; possible Nitrogen regulatory prote,Log2 Ratio (Heterocyst/Filaments)=-1.3509172250580812; Variability [%]=3.2170514260267; Peptide Pair Count=4;2 | 24h Log2 Ratio (Het/Fil) (Present study)=-1.3509172250580812; Variability [%]=3.2170514260267; Peptide Pair Count=4;2; Steady state Log2 ratio [7]=-1.7109199628391194,old_locus_tag,Highly Pure,P-II family nitrogen regulator,Regulation,Novel/uncertain candidate,,,0.9166666666666666,48,48,False
GF_01549,Held_2022_Trichodesmium_IMS101,Held et al. 2022,Trichodesmium erythraeum IMS101,1,Tery_3042,WP_011612545.1,Tery_3042 dxs 1-deoxy-D-xylulose-5-phosphate synthase (EC 2.2.1.7) [Trichodesmium erythraeum IMS101: NC_008312],mean_relative_abundance=20.78; max=32.5@20h; min=6.304@9h; dynamic_range=26.2,old_locus_tag,Model-Supported,1-deoxy-D-xylulose-5-phosphate synthase,Other / unassigned,Novel/uncertain candidate,116.0,0.6630781499202552,0.5119617224880383,209,209,False
GF_01549,Panda_2025_Crocosphaera_ATCC51142,Panda et al. 2025,Crocosphaera subtropica ATCC 51142,1,cce_1401,WP_009544214.1,1-deoxy-D-xylulose-5-phosphate synthase,Two-way ANOVA p value nitrate=0.0239899923938764; Two-way ANOVA p value lightordark=0.136505275943986; Two-way ANOVA p value Interaction=0.0255156623590516; D-_avgLFQ=26.6474456787109; D+_avgLFQ=27.2410573959351; L-_avgLFQ=26.757700920105; L+_avgLFQ=26.7615761756897; D-_D+(logFC)=-0.5936117172242028; L-_L+(logFC)=-0.003875255584702586,old_locus_tag,Model-Supported,1-deoxy-D-xylulose-5-phosphate synthase,Other / unassigned,Novel/uncertain candidate,116.0,0.6630781499202552,0.5119617224880383,209,209,False
GF_01549,Welkie_2014_Cyanothece_PCC7822,Welkie et al. 2014,Gloeothece verrucosa PCC 7822,1,Cyan7822_0988,WP_013321106.1,ref|YP_003886273.1| deoxyxylulose-5-phosphate synthase [Cyanothece sp. PCC 7822],CT_D0=1.15894087253267; CT_D3=0.817091329; CT_L0=1.31145756960526; CT_L3=1.83210575641561,old_locus_tag,Model-Supported,1-deoxy-D-xylulose-5-phosphate synthase,Other / unassigned,Novel/uncertain candidate,116.0,0.6630781499202552,0.5119617224880383,209,209,False
GF_01552,Held_2022_Trichodesmium_IMS101,Held et al. 2022,Trichodesmium erythraeum IMS101,1,Tery_3866,WP_011613235.1,Tery_3866 glyQ glycyl-tRNA synthetase alpha chain (EC 6.1.1.14) [Trichodesmium erythraeum IMS101: NC_008312],mean_relative_abundance=5.259; max=8.316@22h; min=3.318@1h; dynamic_range=4.998,old_locus_tag,Model-Supported,glycine--tRNA ligase subunit alpha,Housekeeping / lineage marker,Housekeeping marker (not a transplant candidate),266.0,0.2105263157894736,0.4126984126984127,252,252,False
GF_01552,Panda_2025_Crocosphaera_ATCC51142,Panda et al. 2025,Crocosphaera subtropica ATCC 51142,1,cce_3990,WP_009543918.1,Glycine--tRNA ligase alpha subunit,Two-way ANOVA p value nitrate=0.809346304766287; Two-way ANOVA p value lightordark=0.443736599112314; Two-way ANOVA p value Interaction=0.0624900996869951; D-_avgLFQ=25.9781575202942; D+_avgLFQ=26.2705011367798; L-_avgLFQ=26.1822628974915; L+_avgLFQ=25.8101015090942; D-_D+(logFC)=-0.29234361648559926; L-_L+(logFC)=0.37216138839730206,old_locus_tag,Model-Supported,glycine--tRNA ligase subunit alpha,Housekeeping / lineage marker,Housekeeping marker (not a transplant candidate),266.0,0.2105263157894736,0.4126984126984127,252,252,False
GF_01552,Sandh_2014_Nostoc_punctiforme,Sandh et al. 2014,Nostoc punctiforme PCC 73102,2,Npun_R1642,WP_012408340.1,glyQ; Glycyl-tRNA synthetase; alpha subu,Log2 Ratio (Heterocyst/Filaments)=-1.6201098995442442; Variability [%]=9.20915250508935; Peptide Pair Count=3;1 | Log2 Ratio (Heterocyst/Filaments)=-1.6201098995442442; Variability [%]=9.20915250508935; Peptide Pair Count=3;1,old_locus_tag,Model-Supported,glycine--tRNA ligase subunit alpha,Housekeeping / lineage marker,Housekeeping marker (not a transplant candidate),266.0,0.2105263157894736,0.4126984126984127,252,252,False
GF_01552,Welkie_2014_Cyanothece_PCC7822,Welkie et al. 2014,Gloeothece verrucosa PCC 7822,1,Cyan7822_4739,WP_013324682.1,ref|YP_003889917.1| glycyl-tRNA synthetase subunit alpha [Cyanothece sp. PCC 7822],CT_D0=1.23349902653267; CT_D3=1.337160792; CT_L0=1.35588694860526; CT_L3=1.19304876041561,old_locus_tag,Model-Supported,glycine--tRNA ligase subunit alpha,Housekeeping / lineage marker,Housekeeping marker (not a transplant candidate),266.0,0.2105263157894736,0.4126984126984127,252,252,False
GF_01553,Held_2022_Trichodesmium_IMS101,Held et al. 2022,Trichodesmium erythraeum IMS101,1,Tery_1914,WP_011611542.1,Tery_1914 oxidoreductase-like [Trichodesmium erythraeum IMS101: NC_008312],mean_relative_abundance=2.427; max=7.984@6h; min=0@1h; dynamic_range=7.984,old_locus_tag,,,,,,,,,,
GF_01579,Held_2022_Trichodesmium_IMS101,Held et al. 2022,Trichodesmium erythraeum IMS101,1,Tery_0473,WP_011610324.1,Tery_0473 rpsL SSU ribosomal protein S12P [Trichodesmium erythraeum IMS101: NC_008312],mean_relative_abundance=0.5501; max=2.929@0h; min=0@4h; dynamic_range=2.929,old_locus_tag,Model-Supported,30S ribosomal protein S12,Housekeeping / lineage marker,Housekeeping marker (not a transplant candidate),584.0,0.0478468899521531,0.2635294117647059,425,425,False
GF_01579,Panda_2025_Crocosphaera_ATCC51142,Panda et al. 2025,Crocosphaera subtropica ATCC 51142,1,cce_4091,WP_007310088.1,30S ribosomal protein S12,Two-way ANOVA p value nitrate=0.0220829217214862; Two-way ANOVA p value lightordark=0.00213850983370252; Two-way ANOVA p value Interaction=0.794829677941188; D-_avgLFQ=28.0560460090637; D+_avgLFQ=28.391058921814; L-_avgLFQ=28.5705547332764; L+_avgLFQ=28.9810123443604; D-_D+(logFC)=-0.335012912750301; L-_L+(logFC)=-0.41045761108400214,old_locus_tag,Model-Supported,30S ribosomal protein S12,Housekeeping / lineage marker,Housekeeping marker (not a transplant candidate),584.0,0.0478468899521531,0.2635294117647059,425,425,False
GF_01579,Welkie_2014_Cyanothece_PCC7822,Welkie et al. 2014,Gloeothece verrucosa PCC 7822,1,Cyan7822_2134,WP_013322220.1,ref|YP_003887389.1| 30S ribosomal protein S12 [Cyanothece sp. PCC 7822],CT_D0=1.14365201953267; CT_D3=0.948976466; CT_L0=1.36330979260526; CT_L3=1.66365724941561,old_locus_tag,Model-Supported,30S ribosomal protein S12,Housekeeping / lineage marker,Housekeeping marker (not a transplant candidate),584.0,0.0478468899521531,0.2635294117647059,425,425,False
GF_01580,Panda_2025_Crocosphaera_ATCC51142,Panda et al. 2025,Crocosphaera subtropica ATCC 51142,1,cce_2813,WP_009544507.1,ATP synthase subunit beta,Two-way ANOVA p value nitrate=0.000644371365643047; Two-way ANOVA p value lightordark=0.0514666772791045; Two-way ANOVA p value Interaction=0.786667604318377; D-_avgLFQ=30.4887218475342; D+_avgLFQ=29.6471452713013; L-_avgLFQ=30.1189742088318; L+_avgLFQ=29.1688709259033; D-_D+(logFC)=0.8415765762328995; L-_L+(logFC)=0.9501032829285023,old_locus_tag,Model-Supported,F0F1 ATP synthase subunit beta,Housekeeping / lineage marker,Housekeeping marker (not a transplant candidate),40.0,0.8600478468899522,0.5380434782608695,184,184,False
GF_01580,Welkie_2014_Cyanothece_PCC7822,Welkie et al. 2014,Gloeothece verrucosa PCC 7822,1,Cyan7822_4027,WP_013324020.1,ref|YP_003889227.1| ATP synthase F1 subunit beta [Cyanothece sp. PCC 7822],CT_D0=1.18161484053267; CT_D3=1.293621529; CT_L0=1.30056623660526; CT_L3=1.34379292141561,old_locus_tag,Model-Supported,F0F1 ATP synthase subunit beta,Housekeeping / lineage marker,Housekeeping marker (not a transplant candidate),40.0,0.8600478468899522,0.5380434782608695,184,184,False
GF_01586,Sandh_2014_Nostoc_punctiforme,Sandh et al. 2014,Nostoc punctiforme PCC 73102,2,Npun_R4301,WP_012410641.1,"con hyp - no cog, asr4678, P",Log2 Ratio (Heterocyst/Filaments)=-0.23460676325643195; Variability [%]=31.875938208757; Peptide Pair Count=2;2 | Log2 Ratio (Heterocyst/Filaments)=-0.23460676325643195; Variability [%]=31.875938208757; Peptide Pair Count=2;2,old_locus_tag,Highly Pure,hypothetical protein,Stress / membrane / uncharacterized,Novel/uncertain candidate,,,1.0,43,43,False
GF_01589,Sandh_2014_Nostoc_punctiforme,Sandh et al. 2014,Nostoc punctiforme PCC 73102,2,Npun_R4472,WP_012410800.1,conserved hypothetical protein,Log2 Ratio (Heterocyst/Filaments)=-2.190108764081317; Variability [%]=33.8470715996457; Peptide Pair Count=1;6 | 24h Log2 Ratio (Het/Fil) (Present study)=-2.190108764081317; Variability [%]=33.8470715996457; Peptide Pair Count=1;6; Steady state Log2 ratio [7]=-1.785231704967344,old_locus_tag,Highly Pure,ParM/StbA family protein,Other / unassigned,Novel/uncertain candidate,,,0.981132075471698,53,53,False
GF_01591,Held_2022_Trichodesmium_IMS101,Held et al. 2022,Trichodesmium erythraeum IMS101,1,Tery_1766,WP_011611401.1,Tery_1766 hisF imidazole glycerol phosphate synthase subunit hisF (EC 4.1.3.-) [Trichodesmium erythraeum IMS101: NC_008312],mean_relative_abundance=6.002; max=9.989@23h; min=2.236@14h; dynamic_range=7.753,old_locus_tag,Model-Supported,imidazole glycerol phosphate synthase subunit HisF,Other / unassigned,Novel/uncertain candidate,41.0,0.6606858054226474,0.7094017094017094,117,117,False
GF_01591,Welkie_2014_Cyanothece_PCC7822,Welkie et al. 2014,Gloeothece verrucosa PCC 7822,1,Cyan7822_5409,WP_013325324.1,"ref|YP_003890561.1| imidazoleglycerol phosphate synthase, cyclase subunit [Cyanothece sp. PCC 7822]",CT_D0=1.29619814253267; CT_D3=1.6125341; CT_L0=1.22567105260526; CT_L3=0.985192232415608,old_locus_tag,Model-Supported,imidazole glycerol phosphate synthase subunit HisF,Other / unassigned,Novel/uncertain candidate,41.0,0.6606858054226474,0.7094017094017094,117,117,False
GF_01592,Panda_2025_Crocosphaera_ATCC51142,Panda et al. 2025,Crocosphaera subtropica ATCC 51142,1,cce_4439,WP_009543505.1,ATP-dependent Clp protease proteolytic subunit,Two-way ANOVA p value nitrate=2.2293743344353e-06; Two-way ANOVA p value lightordark=0.0420810154275529; Two-way ANOVA p value Interaction=0.745365374431552; D-_avgLFQ=28.1740474700928; D+_avgLFQ=25.8092336654663; L-_avgLFQ=27.4693264961243; L+_avgLFQ=25.2841873168945; D-_D+(logFC)=2.364813804626497; L-_L+(logFC)=2.1851391792298003,old_locus_tag,,,,,,,,,,
GF_01592,Welkie_2014_Cyanothece_PCC7822,Welkie et al. 2014,Gloeothece verrucosa PCC 7822,1,Cyan7822_1771,WP_013321865.1,"ref|YP_003887033.1| ATP-dependent Clp protease, proteolytic subunit ClpP [Cyanothece sp. PCC 7822]",CT_D0=1.23390442253267; CT_D3=0.688991654; CT_L0=1.17040010360526; CT_L3=2.02629934741561,old_locus_tag,,,,,,,,,,
GF_01601,Sandh_2014_Nostoc_punctiforme,Sandh et al. 2014,Nostoc punctiforme PCC 73102,2,Npun_F2746,WP_012409277.1,conserved hypothetical protein,Log2 Ratio (Heterocyst/Filaments)=-1.3452087584208412; Variability [%]=20.4993730573619; Peptide Pair Count=2;2 | 24h Log2 Ratio (Het/Fil) (Present study)=-1.3452087584208412; Variability [%]=20.4993730573619; Peptide Pair Count=2;2; Steady state Log2 ratio [7]=-0.013560818637295734,old_locus_tag,Highly Pure,HetZ-related protein 2,Other / unassigned,Novel/uncertain candidate,,,1.0,41,41,False
GF_01612,Sandh_2014_Nostoc_punctiforme,Sandh et al. 2014,Nostoc punctiforme PCC 73102,1,Npun_R1079,WP_012407826.1,"Sarcosine oxidase, alr2826, T",Log2 Ratio (Heterocyst/Filaments)=3.429438017668233; Variability [%]=23.7110578887536; Peptide Pair Count=4;3,old_locus_tag,Highly Pure,L-2-hydroxyglutarate oxidase,Respiration & bioenergetics,FOX-consistent support function (plausible rediscovery),,,0.984126984126984,63,63,False
GF_01613,Sandh_2014_Nostoc_punctiforme,Sandh et al. 2014,Nostoc punctiforme PCC 73102,2,Npun_F3947,WP_012410296.1,TldD; Peptidase U62; modulator of DNA gy,Log2 Ratio (Heterocyst/Filaments)=-1.9144687716897457; Variability [%]=13.9844922208681; Peptide Pair Count=2;1 | 24h Log2 Ratio (Het/Fil) (Present study)=-1.9144687716897457; Variability [%]=13.9844922208681; Peptide Pair Count=2;1; Steady state Log2 ratio [7]=-0.5904154203471088,old_locus_tag,Highly Pure,TldD/PmbA family protein,Other / unassigned,Novel/uncertain candidate,,,0.9821428571428572,56,56,False
GF_01614,Sandh_2014_Nostoc_punctiforme,Sandh et al. 2014,Nostoc punctiforme PCC 73102,2,Npun_R5773,WP_012412014.1,IF-2; Initiation factor 2:Small GTP-bind,Log2 Ratio (Heterocyst/Filaments)=0.40001631891857214; Variability [%]=7.16770881564861; Peptide Pair Count=6;7 | 24h Log2 Ratio (Het/Fil) (Present study)=0.40001631891857214; Variability [%]=7.16770881564861; Peptide Pair Count=6;7; Steady state Log2 ratio [7]=0.4450691054977845,old_locus_tag,Highly Pure,translation initiation factor IF-2,Other / unassigned,Novel/uncertain candidate,,,1.0,41,41,False
GF_01618,Panda_2025_Crocosphaera_ATCC51142,Panda et al. 2025,Crocosphaera subtropica ATCC 51142,1,cce_0641,WP_279327065.1,ATP-dependent Clp protease proteolytic subunit,Two-way ANOVA p value nitrate=3.32077410211218e-07; Two-way ANOVA p value lightordark=0.00694540822667049; Two-way ANOVA p value Interaction=0.680136568086642; D-_avgLFQ=29.0946841239929; D+_avgLFQ=27.7398567199707; L-_avgLFQ=28.620373249054; L+_avgLFQ=27.3746523857117; D-_D+(logFC)=1.354827404022199; L-_L+(logFC)=1.245720863342303,old_locus_tag,,,,,,,,,,
GF_01618,Welkie_2014_Cyanothece_PCC7822,Welkie et al. 2014,Gloeothece verrucosa PCC 7822,1,Cyan7822_0097,WP_013320259.1,"ref|YP_003885424.1| ATP-dependent Clp protease, proteolytic subunit ClpP [Cyanothece sp. PCC 7822]",CT_D0=1.20825056953267; CT_D3=1.370111991; CT_L0=1.32166208060526; CT_L3=1.21957088641561,old_locus_tag,,,,,,,,,,
GF_01621,Held_2022_Trichodesmium_IMS101,Held et al. 2022,Trichodesmium erythraeum IMS101,1,Tery_0907,WP_155994643.1,Tery_0907 guaA GMP synthase (glutamine-hydrolyzing) (EC 6.3.5.2) [Trichodesmium erythraeum IMS101: NC_008312],mean_relative_abundance=18.51; max=29.06@23h; min=9.125@6h; dynamic_range=19.93,old_locus_tag,Model-Supported,glutamine-hydrolyzing GMP synthase,Other / unassigned,Novel/uncertain candidate,287.0,0.2492025518341308,0.4166666666666667,264,264,False
GF_01621,Panda_2025_Crocosphaera_ATCC51142,Panda et al. 2025,Crocosphaera subtropica ATCC 51142,1,cce_3266,WP_009547597.1,GMP synthase [glutamine-hydrolyzing],Two-way ANOVA p value nitrate=0.0499780180119394; Two-way ANOVA p value lightordark=0.943536999721224; Two-way ANOVA p value Interaction=0.0736535693052146; D-_avgLFQ=26.3589701652527; D+_avgLFQ=26.3400926589966; L-_avgLFQ=26.5215058326721; L+_avgLFQ=26.1651015281677; D-_D+(logFC)=0.018877506256099963; L-_L+(logFC)=0.35640430450440164,old_locus_tag,Model-Supported,glutamine-hydrolyzing GMP synthase,Other / unassigned,Novel/uncertain candidate,287.0,0.2492025518341308,0.4166666666666667,264,264,False
GF_01621,Welkie_2014_Cyanothece_PCC7822,Welkie et al. 2014,Gloeothece verrucosa PCC 7822,1,Cyan7822_3098,WP_013323146.1,ref|YP_003888328.1| GMP synthase large subunit [Cyanothece sp. PCC 7822],CT_D0=1.27916528253267; CT_D3=1.399375934; CT_L0=1.29706957760526; CT_L3=1.14398473341561,old_locus_tag,Model-Supported,glutamine-hydrolyzing GMP synthase,Other / unassigned,Novel/uncertain candidate,287.0,0.2492025518341308,0.4166666666666667,264,264,False
GF_01623,Held_2022_Trichodesmium_IMS101,Held et al. 2022,Trichodesmium erythraeum IMS101,1,Tery_1530,WP_011611187.1,Tery_1530 chlN ferredoxin protochlorophyllide reductase subunit N (EC 1.3.7.7) [Trichodesmium erythraeum IMS101: NC_008312],mean_relative_abundance=28.91; max=47.36@20h; min=15.31@9h; dynamic_range=32.05,old_locus_tag,Model-Supported,ferredoxin:protochlorophyllide reductase (ATP-dependent) subunit N,O2 protection & redox homeostasis,FOX-consistent support function (plausible rediscovery),85.0,0.6559011164274322,0.3927125506072874,247,247,False
GF_01623,Panda_2025_Crocosphaera_ATCC51142,Panda et al. 2025,Crocosphaera subtropica ATCC 51142,1,cce_4534,WP_009543413.1,Light-independent protochlorophyllide reductase subunit N,Two-way ANOVA p value nitrate=0.87038087825527; Two-way ANOVA p value lightordark=0.79072175120194; Two-way ANOVA p value Interaction=0.195827699259771; D-_avgLFQ=22.9853382110596; D+_avgLFQ=23.4593715667725; L-_avgLFQ=23.6319708824158; L+_avgLFQ=23.0265760421753; D-_D+(logFC)=-0.4740333557129013; L-_L+(logFC)=0.6053948402404998,old_locus_tag,Model-Supported,ferredoxin:protochlorophyllide reductase (ATP-dependent) subunit N,O2 protection & redox homeostasis,FOX-consistent support function (plausible rediscovery),85.0,0.6559011164274322,0.3927125506072874,247,247,False
GF_01623,Sandh_2014_Nostoc_punctiforme,Sandh et al. 2014,Nostoc punctiforme PCC 73102,1,Npun_R4420,WP_012410751.1,bchN; Light-independent protochlorophyll,Log2 Ratio (Heterocyst/Filaments)=-0.6253688782059462; Variability [%]=69.5365192517416; Peptide Pair Count=4;4,old_locus_tag,Model-Supported,ferredoxin:protochlorophyllide reductase (ATP-dependent) subunit N,O2 protection & redox homeostasis,FOX-consistent support function (plausible rediscovery),85.0,0.6559011164274322,0.3927125506072874,247,247,False
GF_01623,Welkie_2014_Cyanothece_PCC7822,Welkie et al. 2014,Gloeothece verrucosa PCC 7822,1,Cyan7822_5367,WP_013325284.1,"ref|YP_003890521.1| light-independent protochlorophyllide reductase, N subunit [Cyanothece sp. PCC 7822]",CT_D0=0.928367413532668; CT_D3=0.477892269; CT_L0=1.26027485260526; CT_L3=2.45306099341561,old_locus_tag,Model-Supported,ferredoxin:protochlorophyllide reductase (ATP-dependent) subunit N,O2 protection & redox homeostasis,FOX-consistent support function (plausible rediscovery),85.0,0.6559011164274322,0.3927125506072874,247,247,False
GF_01626,Held_2022_Trichodesmium_IMS101,Held et al. 2022,Trichodesmium erythraeum IMS101,1,Tery_1136,WP_011610884.1,Tery_1136 petD cytochrome b/b6-like [Trichodesmium erythraeum IMS101: NC_008312],mean_relative_abundance=11.24; max=17.57@0h; min=5.572@20h; dynamic_range=12,old_locus_tag,,,,,,,,,,
GF_01632,Sandh_2014_Nostoc_punctiforme,Sandh et al. 2014,Nostoc punctiforme PCC 73102,2,Npun_R6087,WP_012412317.1,GlgC; Glucose-1-phosphate adenylyltransf,Log2 Ratio (Heterocyst/Filaments)=-1.8444442742547769; Variability [%]=3.24784748328252; Peptide Pair Count=6;7 | 24h Log2 Ratio (Het/Fil) (Present study)=-1.8444442742547769; Variability [%]=3.24784748328252; Peptide Pair Count=6;7; Steady state Log2 ratio [7]=-0.6310073190648638,old_locus_tag,Highly Pure,glucose-1-phosphate adenylyltransferase,Other / unassigned,Novel/uncertain candidate,,,0.9696969696969696,66,66,False
GF_01634,Sandh_2014_Nostoc_punctiforme,Sandh et al. 2014,Nostoc punctiforme PCC 73102,2,Npun_R4339,WP_012410676.1,AnsA; L-asparaginase II,Log2 Ratio (Heterocyst/Filaments)=-1.6449079954241999; Variability [%]=6.72511511957451; Peptide Pair Count=5;4 | Log2 Ratio (Heterocyst/Filaments)=-1.6449079954241999; Variability [%]=6.72511511957451; Peptide Pair Count=5;4,old_locus_tag,Model-Supported,asparaginase,Other / unassigned,Novel/uncertain candidate,96.0,0.3751993620414673,0.875,80,80,False
GF_01635,Sandh_2014_Nostoc_punctiforme,Sandh et al. 2014,Nostoc punctiforme PCC 73102,1,Npun_R1709,WP_012408398.1,accA; Acetyl-CoA carboxylase; alpha subu,Log2 Ratio (Heterocyst/Filaments)=2.0114104568347377; Variability [%]=3.38029185998623; Peptide Pair Count=3;3,old_locus_tag,Model-Supported,acetyl-CoA carboxylase carboxyltransferase subunit alpha,Other / unassigned,Novel/uncertain candidate,44.0,0.2946570972886763,0.8875,80,80,False
GF_01640,Sandh_2014_Nostoc_punctiforme,Sandh et al. 2014,Nostoc punctiforme PCC 73102,2,Npun_R5823,WP_012412064.1,CphA; MurE; D-alanine--D-alanine ligase.; UDP-,Log2 Ratio (Heterocyst/Filaments)=-0.38037483408581235; Variability [%]=15.5269939524442; Peptide Pair Count=1;3 | 24h Log2 Ratio (Het/Fil) (Present study)=-0.38037483408581235; Variability [%]=15.5269939524442; Peptide Pair Count=1;3; Steady state Log2 ratio [7]=-0.7149691703484192,old_locus_tag,Highly Pure,cyanophycin synthetase,Other / unassigned,Novel/uncertain candidate,,,0.9333333333333332,75,75,False
GF_01641,Panda_2025_Crocosphaera_ATCC51142,Panda et al. 2025,Crocosphaera subtropica ATCC 51142,1,cce_3571,WP_009545265.1,Allophycocyanin-B,Two-way ANOVA p value nitrate=0.00162466881082795; Two-way ANOVA p value lightordark=0.0618700589369069; Two-way ANOVA p value Interaction=0.00503123443417201; D-_avgLFQ=30.45188331604; D+_avgLFQ=31.5004572868347; L-_avgLFQ=30.6436243057251; L+_avgLFQ=30.7306513786316; D-_D+(logFC)=-1.048573970794699; L-_L+(logFC)=-0.0870270729064977,old_locus_tag,Model-Supported,allophycocyanin subunit alpha-B,Other / unassigned,Novel/uncertain candidate,144.0,0.4677033492822966,0.5873015873015873,126,126,False
GF_01641,Welkie_2014_Cyanothece_PCC7822,Welkie et al. 2014,Gloeothece verrucosa PCC 7822,1,Cyan7822_2540,WP_013322617.1,ref|YP_003887787.1| phycocyanin [Cyanothece sp. PCC 7822],CT_D0=1.16678431253267; CT_D3=1.103270608; CT_L0=1.31755284660526; CT_L3=1.53198776041561,old_locus_tag,Model-Supported,allophycocyanin subunit alpha-B,Other / unassigned,Novel/uncertain candidate,144.0,0.4677033492822966,0.5873015873015873,126,126,False
GF_01642,Sandh_2014_Nostoc_punctiforme,Sandh et al. 2014,Nostoc punctiforme PCC 73102,2,Npun_F6279,WP_012412497.1,speA; Arginine decarboxylase,Log2 Ratio (Heterocyst/Filaments)=-1.130816806707645; Variability [%]=25.8443296737982; Peptide Pair Count=6;4 | Log2 Ratio (Heterocyst/Filaments)=-1.130816806707645; Variability [%]=25.8443296737982; Peptide Pair Count=6;4,old_locus_tag,Highly Pure,biosynthetic arginine decarboxylase,Other / unassigned,Novel/uncertain candidate,,,0.9452054794520548,73,73,False
GF_01647,Sandh_2014_Nostoc_punctiforme,Sandh et al. 2014,Nostoc punctiforme PCC 73102,1,Npun_F0490,WP_012407292.1,CcmA; Molybdate-transporting ATPase.,Log2 Ratio (Heterocyst/Filaments)=1.2099705775005074; Variability [%]=6.78413880296779; Peptide Pair Count=5;3,old_locus_tag,Highly Pure,ABC transporter ATP-binding protein,Transport,Novel/uncertain candidate,,,0.9428571428571428,70,70,False
GF_01650,Sandh_2014_Nostoc_punctiforme,Sandh et al. 2014,Nostoc punctiforme PCC 73102,2,Npun_R4965,WP_012411265.1,"cyano, conserved hypothetical protein, cyano",Log2 Ratio (Heterocyst/Filaments)=-2.7334685029540746; Variability [%]=21.0939120110693; Peptide Pair Count=2;1 | 24h Log2 Ratio (Het/Fil) (Present study)=-2.7334685029540746; Variability [%]=21.0939120110693; Peptide Pair Count=2;1; Steady state Log2 ratio [7]=-1.7797632095804188,old_locus_tag,Highly Pure,hypothetical protein,Stress / membrane / uncharacterized,Novel/uncertain candidate,,,1.0,50,50,False
GF_01652,Held_2022_Trichodesmium_IMS101,Held et al. 2022,Trichodesmium erythraeum IMS101,1,Tery_0277,WP_011610155.1,Tery_0277 Cytochrome-c oxidase [Trichodesmium erythraeum IMS101: NC_008312],mean_relative_abundance=8.42; max=12.29@14h; min=5.841@12h; dynamic_range=6.454,old_locus_tag,Highly Pure,cytochrome c oxidase subunit I,Respiration & bioenergetics,FOX-consistent support function (plausible rediscovery),,,0.9863013698630136,73,73,False
GF_01658,Welkie_2014_Cyanothece_PCC7822,Welkie et al. 2014,Gloeothece verrucosa PCC 7822,1,Cyan7822_1270,WP_013321380.1,ref|YP_003886548.1| NAD(P)H-quinone oxidoreductase subunit M [Cyanothece sp. PCC 7822],CT_D0=1.34252773853267; CT_D3=1.417171623; CT_L0=1.15682270960526; CT_L3=1.20307345741561,old_locus_tag,Highly Pure,NAD(P)H-quinone oxidoreductase subunit M,Other / unassigned,Novel/uncertain candidate,,,0.96,75,75,False
GF_01666,Sandh_2014_Nostoc_punctiforme,Sandh et al. 2014,Nostoc punctiforme PCC 73102,2,Npun_R4804,WP_012411109.1,ftsZ; Cell division protein FtsZ,Log2 Ratio (Heterocyst/Filaments)=-1.3154028453286055; Variability [%]=31.1240882945411; Peptide Pair Count=3;1 | 24h Log2 Ratio (Het/Fil) (Present study)=-1.3154028453286055; Variability [%]=31.1240882945411; Peptide Pair Count=3;1; Steady state Log2 ratio [7]=-0.4295762004797876,old_locus_tag,Highly Pure,cell division protein FtsZ,Housekeeping / lineage marker,Housekeeping marker (not a transplant candidate),,,0.9852941176470588,68,68,False
GF_01668,Sandh_2014_Nostoc_punctiforme,Sandh et al. 2014,Nostoc punctiforme PCC 73102,2,Npun_R1917,WP_012408585.1,Fdx; Ferredoxin [2Fe-2S]; plant,Log2 Ratio (Heterocyst/Filaments)=-2.4020477956472632; Variability [%]=23.8691852425989; Peptide Pair Count=3;4 | Log2 Ratio (Heterocyst/Filaments)=-2.4020477956472632; Variability [%]=23.8691852425989; Peptide Pair Count=3;4,old_locus_tag,Highly Pure,2Fe-2S iron-sulfur cluster-binding protein,Metallocluster & Fe-S biogenesis,FOX-consistent support function (plausible rediscovery),,,1.0,45,45,False
GF_01670,Sandh_2014_Nostoc_punctiforme,Sandh et al. 2014,Nostoc punctiforme PCC 73102,2,Npun_F5364,WP_012411627.1,SpoIIIAA; Single-stranded nucleic acid b,Log2 Ratio (Heterocyst/Filaments)=-0.06358520558519196; Variability [%]=59.9155228598101; Peptide Pair Count=2;1 | Log2 Ratio (Heterocyst/Filaments)=-0.06358520558519196; Variability [%]=59.9155228598101; Peptide Pair Count=2;1,old_locus_tag,Highly Pure,R3H domain-containing nucleic acid-binding protein,Other / unassigned,Novel/uncertain candidate,,,0.9571428571428572,70,70,False
GF_01672,Sandh_2014_Nostoc_punctiforme,Sandh et al. 2014,Nostoc punctiforme PCC 73102,2,Npun_F3745,WP_012410105.1,possible Phytoene dehydrogenase,Log2 Ratio (Heterocyst/Filaments)=-1.0316356055793043; Variability [%]=22.6682836172912; Peptide Pair Count=3;1 | 24h Log2 Ratio (Het/Fil) (Present study)=-1.0316356055793043; Variability [%]=22.6682836172912; Peptide Pair Count=3;1; Steady state Log2 ratio [7]=0.19385874331923816,old_locus_tag,Model-Supported,beta-carotene ketolase CrtO,Other / unassigned,Novel/uncertain candidate,36.0,0.3680223285486443,0.8947368421052632,76,76,False
GF_01675,Sandh_2014_Nostoc_punctiforme,Sandh et al. 2014,Nostoc punctiforme PCC 73102,1,Npun_F4271,WP_012410613.1,SppA_36K; Peptidase S49; SppA,Log2 Ratio (Heterocyst/Filaments)=1.4675288080634477; Variability [%]=23.7831418168579; Peptide Pair Count=2;3,old_locus_tag,Model-Supported,signal peptide peptidase SppA,Stress / membrane / uncharacterized,Novel/uncertain candidate,473.0,0.164274322169059,0.8225806451612904,62,62,False
GF_01675,Welkie_2014_Cyanothece_PCC7822,Welkie et al. 2014,Gloeothece verrucosa PCC 7822,1,Cyan7822_5595,WP_013325503.1,"ref|YP_003890741.1| signal peptide peptidase SppA, 36K type [Cyanothece sp. PCC 7822]",CT_D0=1.30078071953267; CT_D3=1.499208581; CT_L0=1.28818479760526; CT_L3=1.03142142941561,old_locus_tag,Model-Supported,signal peptide peptidase SppA,Stress / membrane / uncharacterized,Novel/uncertain candidate,473.0,0.164274322169059,0.8225806451612904,62,62,False
GF_01678,Welkie_2014_Cyanothece_PCC7822,Welkie et al. 2014,Gloeothece verrucosa PCC 7822,1,Cyan7822_2799,WP_013322866.1,ref|YP_003888036.1| 50S ribosomal protein L34 [Cyanothece sp. PCC 7822],CT_D0=1.09053748353267; CT_D3=1.28296949; CT_L0=1.22542970660526; CT_L3=1.52065884741561,old_locus_tag,,,,,,,,,,
GF_01679,Welkie_2014_Cyanothece_PCC7822,Welkie et al. 2014,Gloeothece verrucosa PCC 7822,1,Cyan7822_3113,WP_013323161.1,ref|YP_003888343.1| argininosuccinate lyase [Cyanothece sp. PCC 7822],CT_D0=1.39508240653267; CT_D3=1.438674504; CT_L0=1.20030551160526; CT_L3=1.08553310641561,old_locus_tag,Model-Supported,argininosuccinate lyase,Other / unassigned,Novel/uncertain candidate,9.0,0.5729665071770335,0.7244094488188977,127,127,False
GF_01680,Held_2022_Trichodesmium_IMS101,Held et al. 2022,Trichodesmium erythraeum IMS101,1,Tery_2926,WP_011612450.1,Tery_2926 pyruvate kinase (EC 2.7.1.40) [Trichodesmium erythraeum IMS101: NC_008312],mean_relative_abundance=38.31; max=55.72@20h; min=27.37@6h; dynamic_range=28.35,old_locus_tag,Model-Supported,pyruvate kinase,Other / unassigned,Novel/uncertain candidate,293.0,0.4593301435406698,0.4038461538461538,52,52,False
GF_01681,Sandh_2014_Nostoc_punctiforme,Sandh et al. 2014,Nostoc punctiforme PCC 73102,2,Npun_R2022,WP_012408659.1,FtsH; Peptidase M41; FtsH,Log2 Ratio (Heterocyst/Filaments)=0.5415654328611007; Variability [%]=4.27272749561622; Peptide Pair Count=5;5 | 24h Log2 Ratio (Het/Fil) (Present study)=0.5415654328611007; Variability [%]=4.27272749561622; Peptide Pair Count=5;5; Steady state Log2 ratio [7]=1.2899618069072043,old_locus_tag,Model-Supported,ATP-dependent zinc metalloprotease FtsH4,Housekeeping / lineage marker,Housekeeping marker (not a transplant candidate),303.0,0.2587719298245614,0.75,40,40,False
GF_01682,Sandh_2014_Nostoc_punctiforme,Sandh et al. 2014,Nostoc punctiforme PCC 73102,2,Npun_R6307,WP_012412521.1,gnd; 6-phosphogluconate dehydrogenase; d,Log2 Ratio (Heterocyst/Filaments)=0.924627809919047; Variability [%]=15.6032607467411; Peptide Pair Count=17;11 | 24h Log2 Ratio (Het/Fil) (Present study)=0.924627809919047; Variability [%]=15.6032607467411; Peptide Pair Count=17;11; Steady state Log2 ratio [7]=1.1978196771310783,old_locus_tag,Highly Pure,decarboxylating NADP(+)-dependent phosphogluconate dehydrogenase,Carbon metabolism & NAD(P)H supply,FOX-consistent support function (plausible rediscovery),,,0.9324324324324323,74,74,False
GF_01689,Held_2022_Trichodesmium_IMS101,Held et al. 2022,Trichodesmium erythraeum IMS101,1,Tery_1247,WP_011610973.1,Tery_1247 clpP ATP-dependent Clp protease proteolytic subunit ClpP (EC 3.4.21.92) [Trichodesmium erythraeum IMS101: NC_008312],mean_relative_abundance=72.12; max=100.2@15h; min=32.12@12h; dynamic_range=68.03,old_locus_tag,Model-Supported,ATP-dependent Clp protease proteolytic subunit,Other / unassigned,Novel/uncertain candidate,193.0,0.4011164274322168,0.2692307692307692,104,104,False
GF_01689,Panda_2025_Crocosphaera_ATCC51142,Panda et al. 2025,Crocosphaera subtropica ATCC 51142,1,cce_1911,WP_009545720.1,ATP-dependent Clp protease proteolytic subunit,Two-way ANOVA p value nitrate=0.135162010364813; Two-way ANOVA p value lightordark=0.674845050919909; Two-way ANOVA p value Interaction=0.0127777221418472; D-_avgLFQ=27.9257483482361; D+_avgLFQ=27.5038704872131; L-_avgLFQ=27.6933250427246; L+_avgLFQ=27.8164749145508; D-_D+(logFC)=0.4218778610230025; L-_L+(logFC)=-0.1231498718262003,old_locus_tag,Model-Supported,ATP-dependent Clp protease proteolytic subunit,Other / unassigned,Novel/uncertain candidate,193.0,0.4011164274322168,0.2692307692307692,104,104,False
GF_01689,Welkie_2014_Cyanothece_PCC7822,Welkie et al. 2014,Gloeothece verrucosa PCC 7822,1,Cyan7822_2640,WP_013322713.1,ref|YP_003887883.1| Endopeptidase Clp [Cyanothece sp. PCC 7822],CT_D0=1.44468263053267; CT_D3=1.473854005; CT_L0=1.19506318860526; CT_L3=1.00599570341561,old_locus_tag,Model-Supported,ATP-dependent Clp protease proteolytic subunit,Other / unassigned,Novel/uncertain candidate,193.0,0.4011164274322168,0.2692307692307692,104,104,False
GF_01690,Panda_2025_Crocosphaera_ATCC51142,Panda et al. 2025,Crocosphaera subtropica ATCC 51142,1,cce_2923,WP_009547383.1,CTP synthase,Two-way ANOVA p value nitrate=7.93540897031216e-07; Two-way ANOVA p value lightordark=0.445289570806711; Two-way ANOVA p value Interaction=0.627504433681575; D-_avgLFQ=25.7617425918579; D+_avgLFQ=22.5374431610107; L-_avgLFQ=25.337495803833; L+_avgLFQ=22.4414467811584; D-_D+(logFC)=3.2242994308472; L-_L+(logFC)=2.8960490226745996,old_locus_tag,Model-Supported,CTP synthase,Other / unassigned,Novel/uncertain candidate,224.0,0.4936204146730462,0.5403726708074534,161,161,False
GF_01690,Sandh_2014_Nostoc_punctiforme,Sandh et al. 2014,Nostoc punctiforme PCC 73102,2,Npun_F6033,WP_012412264.1,"pyrG Glutamine amidotransferase class-I:CTP synthase, P",Log2 Ratio (Heterocyst/Filaments)=0.664960618102748; Variability [%]=15.9972449846556; Peptide Pair Count=1;1 | Log2 Ratio (Heterocyst/Filaments)=0.664960618102748; Variability [%]=15.9972449846556; Peptide Pair Count=1;1,old_locus_tag,Model-Supported,CTP synthase,Other / unassigned,Novel/uncertain candidate,224.0,0.4936204146730462,0.5403726708074534,161,161,False
GF_01691,Panda_2025_Crocosphaera_ATCC51142,Panda et al. 2025,Crocosphaera subtropica ATCC 51142,1,cce_3935,WP_009547233.1,GTP cyclohydrolase 1,Two-way ANOVA p value nitrate=0.0310573793162272; Two-way ANOVA p value lightordark=0.000992337595404027; Two-way ANOVA p value Interaction=0.180493473516719; D-_avgLFQ=23.5934119224548; D+_avgLFQ=21.6901669502258; L-_avgLFQ=25.021990776062; L+_avgLFQ=24.5196676254272; D-_D+(logFC)=1.9032449722289968; L-_L+(logFC)=0.5023231506348012,old_locus_tag,,,,,,,,,,
GF_01732,Panda_2025_Crocosphaera_ATCC51142,Panda et al. 2025,Crocosphaera subtropica ATCC 51142,1,cce_3398,WP_024750361.1,Ferredoxin:thioredoxin reductase,Two-way ANOVA p value nitrate=0.000155514961951795; Two-way ANOVA p value lightordark=0.320453277493099; Two-way ANOVA p value Interaction=0.484507833758174; D-_avgLFQ=28.9474058151245; D+_avgLFQ=27.8472852706909; L-_avgLFQ=29.3591418266296; L+_avgLFQ=27.921079158783; D-_D+(logFC)=1.1001205444336009; L-_L+(logFC)=1.438062667846598,old_locus_tag,,,,,,,,,,
GF_01732,Welkie_2014_Cyanothece_PCC7822,Welkie et al. 2014,Gloeothece verrucosa PCC 7822,1,Cyan7822_5020,WP_013324947.1,ref|YP_003890184.1| ferredoxin thioredoxin reductase subunit beta [Cyanothece sp. PCC 7822],CT_D0=1.56863251853267; CT_D3=1.263062691; CT_L0=1.13340066160526; CT_L3=1.15449965741561,old_locus_tag,,,,,,,,,,
GF_01733,Held_2022_Trichodesmium_IMS101,Held et al. 2022,Trichodesmium erythraeum IMS101,1,Tery_0130,WP_011610023.1,Tery_0130 urea-binding protein [Trichodesmium erythraeum IMS101: NC_008312],mean_relative_abundance=28.3; max=43.18@4h; min=21.24@14h; dynamic_range=21.95,old_locus_tag,,,,,,,,,,
GF_01734,Panda_2025_Crocosphaera_ATCC51142,Panda et al. 2025,Crocosphaera subtropica ATCC 51142,1,cce_4358,WP_009543584.1,Magnesium chelatase,Two-way ANOVA p value nitrate=0.000264656450158618; Two-way ANOVA p value lightordark=0.00234179735030982; Two-way ANOVA p value Interaction=0.111336846255993; D-_avgLFQ=24.5241117477417; D+_avgLFQ=23.810019493103; L-_avgLFQ=25.7008409500122; L+_avgLFQ=24.2594108581543; D-_D+(logFC)=0.7140922546387003; L-_L+(logFC)=1.4414300918578995,old_locus_tag,,,,,,,,,,
GF_01734,Welkie_2014_Cyanothece_PCC7822,Welkie et al. 2014,Gloeothece verrucosa PCC 7822,1,Cyan7822_2857,WP_013322921.1,ref|YP_003888091.1| magnesium chelatase subunit H [Cyanothece sp. PCC 7822],CT_D0=1.17097736853267; CT_D3=0.813846483; CT_L0=1.27564852960526; CT_L3=1.85912314641561,old_locus_tag,,,,,,,,,,
GF_01735,Welkie_2014_Cyanothece_PCC7822,Welkie et al. 2014,Gloeothece verrucosa PCC 7822,1,Cyan7822_5196,WP_013325116.1,ref|YP_003890353.1| cytb6/f complex subunit IV [Cyanothece sp. PCC 7822],CT_D0=1.22294199353267; CT_D3=1.106850195; CT_L0=1.18217859860526; CT_L3=1.60762474041561,old_locus_tag,,,,,,,,,,
GF_01736,Held_2022_Trichodesmium_IMS101,Held et al. 2022,Trichodesmium erythraeum IMS101,1,Tery_4030,WP_011613378.1,Tery_4030 glyceraldehyde 3-phosphate dehydrogenase (NADP+) (EC 1.2.1.13) [Trichodesmium erythraeum IMS101: NC_008312],mean_relative_abundance=255.9; max=299.9@11h; min=205.2@23h; dynamic_range=94.71,old_locus_tag,,,,,,,,,,
GF_01736,Welkie_2014_Cyanothece_PCC7822,Welkie et al. 2014,Gloeothece verrucosa PCC 7822,1,Cyan7822_4638,WP_013324586.1,ref|YP_003889819.1| glyceraldehyde-3-phosphate dehydrogenase [Cyanothece sp. PCC 7822],CT_D0=1.04742476653267; CT_D3=1.135162742; CT_L0=1.35133392460526; CT_L3=1.58567409441561,old_locus_tag,,,,,,,,,,
GF_01737,Panda_2025_Crocosphaera_ATCC51142,Panda et al. 2025,Crocosphaera subtropica ATCC 51142,1,cce_3437,WP_024750364.1,ATPase,Two-way ANOVA p value nitrate=0.0202470020269808; Two-way ANOVA p value lightordark=0.142704694586287; Two-way ANOVA p value Interaction=0.815267072001849; D-_avgLFQ=24.0704283714294; D+_avgLFQ=23.6006546020508; L-_avgLFQ=24.4190654754639; L+_avgLFQ=23.8571586608887; D-_D+(logFC)=0.4697737693786017; L-_L+(logFC)=0.5619068145751989,old_locus_tag,,,,,,,,,,
GF_01743,Sandh_2014_Nostoc_punctiforme,Sandh et al. 2014,Nostoc punctiforme PCC 73102,2,Npun_R0279,WP_012407090.1,UspA; Usp domain,Log2 Ratio (Heterocyst/Filaments)=-0.4863194710753604; Variability [%]=0.173589884371466; Peptide Pair Count=11;11 | Log2 Ratio (Heterocyst/Filaments)=-0.4863194710753604; Variability [%]=0.173589884371466; Peptide Pair Count=11;11,old_locus_tag,Highly Pure,universal stress protein,Other / unassigned,Novel/uncertain candidate,,,0.9824561403508772,57,57,False
GF_01745,Sandh_2014_Nostoc_punctiforme,Sandh et al. 2014,Nostoc punctiforme PCC 73102,2,Npun_F4037,WP_012410383.1,RpsN; Ribosomal protein S14,Log2 Ratio (Heterocyst/Filaments)=0.327893440385092; Variability [%]=21.2615701610644; Peptide Pair Count=3;2 | Log2 Ratio (Heterocyst/Filaments)=0.327893440385092; Variability [%]=21.2615701610644; Peptide Pair Count=3;2,old_locus_tag,Model-Supported,30S ribosomal protein S14,Housekeeping / lineage marker,Housekeeping marker (not a transplant candidate),21.0,0.5217304625199362,0.76,100,100,False
GF_01748,Sandh_2014_Nostoc_punctiforme,Sandh et al. 2014,Nostoc punctiforme PCC 73102,1,Npun_R1700,WP_012408389.1,"conserved hypothetical - no cog, asr0485, P",Log2 Ratio (Heterocyst/Filaments)=0.9558189858464909; Variability [%]=3.57412827127926; Peptide Pair Count=2;2,old_locus_tag,Highly Pure,transcriptional coactivator PipX,Regulation,Novel/uncertain candidate,,,0.9833333333333332,60,60,False
GF_01755,Sandh_2014_Nostoc_punctiforme,Sandh et al. 2014,Nostoc punctiforme PCC 73102,2,Npun_F6479,WP_012412678.1,PhrB; Deoxyribodipyrimidine photolyase.,Log2 Ratio (Heterocyst/Filaments)=-0.5456779531708698; Variability [%]=0.815462796385952; Peptide Pair Count=1;1 | 24h Log2 Ratio (Het/Fil) (Present study)=-0.5456779531708698; Variability [%]=0.815462796385952; Peptide Pair Count=1;1; Steady state Log2 ratio [7]=0.1495957280722954,old_locus_tag,Highly Pure,FAD-binding domain-containing protein,Other / unassigned,Novel/uncertain candidate,,,0.9791666666666666,48,48,False
GF_01763,Held_2022_Trichodesmium_IMS101,Held et al. 2022,Trichodesmium erythraeum IMS101,1,Tery_0235,WP_011610119.1,Tery_0235 alkyl hydroperoxide reductase/ Thiol specific antioxidant/ Mal allergen [Trichodesmium erythraeum IMS101: NC_008312],mean_relative_abundance=12.81; max=26.93@20h; min=5.404@9h; dynamic_range=21.53,old_locus_tag,Model-Supported,peroxiredoxin,O2 protection & redox homeostasis,FOX-consistent support function (plausible rediscovery),34.0,0.6200159489633174,0.4654377880184331,217,217,False
GF_01763,Panda_2025_Crocosphaera_ATCC51142,Panda et al. 2025,Crocosphaera subtropica ATCC 51142,1,cce_2409,WP_009544896.1,Thioredoxin peroxidase,Two-way ANOVA p value nitrate=7.94527476653153e-07; Two-way ANOVA p value lightordark=0.950651510527999; Two-way ANOVA p value Interaction=0.573561857995137; D-_avgLFQ=26.2979507446289; D+_avgLFQ=27.3046526908875; L-_avgLFQ=26.3634614944458; L+_avgLFQ=27.2520432472229; D-_D+(logFC)=-1.0067019462586018; L-_L+(logFC)=-0.8885817527770996,old_locus_tag,Model-Supported,peroxiredoxin,O2 protection & redox homeostasis,FOX-consistent support function (plausible rediscovery),34.0,0.6200159489633174,0.4654377880184331,217,217,False
GF_01763,Sandh_2014_Nostoc_punctiforme,Sandh et al. 2014,Nostoc punctiforme PCC 73102,2,Npun_F6082,WP_012412312.1,AhpC; Peroxidase.,Log2 Ratio (Heterocyst/Filaments)=-0.7033676381157585; Variability [%]=29.2076825539038; Peptide Pair Count=3;4 | Log2 Ratio (Heterocyst/Filaments)=-0.7033676381157585; Variability [%]=29.2076825539038; Peptide Pair Count=3;4,old_locus_tag,Model-Supported,peroxiredoxin,O2 protection & redox homeostasis,FOX-consistent support function (plausible rediscovery),34.0,0.6200159489633174,0.4654377880184331,217,217,False
GF_01763,Welkie_2014_Cyanothece_PCC7822,Welkie et al. 2014,Gloeothece verrucosa PCC 7822,1,Cyan7822_3940,WP_013323938.1,ref|YP_003889145.1| alkyl hydroperoxide reductase/ thiol specific antioxidant/ Mal allergen [Cyanothece sp. PCC 7822],CT_D0=1.09501764053267; CT_D3=1.560284477; CT_L0=1.14192878060526; CT_L3=1.32236462941561,old_locus_tag,Model-Supported,peroxiredoxin,O2 protection & redox homeostasis,FOX-consistent support function (plausible rediscovery),34.0,0.6200159489633174,0.4654377880184331,217,217,False
GF_01783,Held_2022_Trichodesmium_IMS101,Held et al. 2022,Trichodesmium erythraeum IMS101,1,Tery_4763,WP_011614032.1,Tery_4763 psbA3 photosystem q(b) protein [Trichodesmium erythraeum IMS101: NC_008312],mean_relative_abundance=25.06; max=36.5@12h; min=10.9@23h; dynamic_range=25.61,old_locus_tag,,,,,,,,,,
GF_01783,Panda_2025_Crocosphaera_ATCC51142,Panda et al. 2025,Crocosphaera subtropica ATCC 51142,1,cce_0267,WP_009546761.1,Photosystem II protein D1,Two-way ANOVA p value nitrate=2.2980543990696e-07; Two-way ANOVA p value lightordark=0.0168678961365262; Two-way ANOVA p value Interaction=0.428716570721086; D-_avgLFQ=30.4670133590698; D+_avgLFQ=31.2554793357849; L-_avgLFQ=30.6275200843811; L+_avgLFQ=31.5505509376526; D-_D+(logFC)=-0.7884659767151021; L-_L+(logFC)=-0.9230308532714986,old_locus_tag,,,,,,,,,,
GF_01783,Welkie_2014_Cyanothece_PCC7822,Welkie et al. 2014,Gloeothece verrucosa PCC 7822,1,Cyan7822_0979,WP_013321097.1,ref|YP_003886264.1| photosystem q(b) protein [Cyanothece sp. PCC 7822],CT_D0=1.18395347853267; CT_D3=1.280488862; CT_L0=1.32884984760526; CT_L3=1.32630333841561,old_locus_tag,,,,,,,,,,
GF_01798,Welkie_2014_Cyanothece_PCC7822,Welkie et al. 2014,Gloeothece verrucosa PCC 7822,1,Cyan7822_2322,WP_245602758.1,ref|YP_003887575.1| glycogen/starch/alpha-glucan phosphorylase [Cyanothece sp. PCC 7822],CT_D0=1.19663769453267; CT_D3=1.167514314; CT_L0=1.24482937660526; CT_L3=1.51061414341561,old_locus_tag,,,,,,,,,,
GF_01799,Held_2022_Trichodesmium_IMS101,Held et al. 2022,Trichodesmium erythraeum IMS101,1,Tery_4327,WP_011613646.1,Tery_4327 groL2 chaperonin GroEL [Trichodesmium erythraeum IMS101: NC_008312],mean_relative_abundance=1016; max=1117@1h; min=850.3@4h; dynamic_range=266.9,old_locus_tag,Model-Supported,chaperonin GroEL,Other / unassigned,Novel/uncertain candidate,34.0,0.3438995215311005,0.2660332541567696,421,421,False
GF_01799,Panda_2025_Crocosphaera_ATCC51142,Panda et al. 2025,Crocosphaera subtropica ATCC 51142,1,cce_1344,WP_009544164.1,Chaperonin GroEL,Two-way ANOVA p value nitrate=5.51655887848483e-07; Two-way ANOVA p value lightordark=0.0443297852214485; Two-way ANOVA p value Interaction=0.370319489009223; D-_avgLFQ=31.0009379386902; D+_avgLFQ=29.5968332290649; L-_avgLFQ=30.5776524543762; L+_avgLFQ=29.421600818634; D-_D+(logFC)=1.404104709625301; L-_L+(logFC)=1.1560516357421982,old_locus_tag,Model-Supported,chaperonin GroEL,Other / unassigned,Novel/uncertain candidate,34.0,0.3438995215311005,0.2660332541567696,421,421,False
GF_01799,Sandh_2014_Nostoc_punctiforme,Sandh et al. 2014,Nostoc punctiforme PCC 73102,2,Npun_R0829,WP_012407589.1,GroL; Chaperonin Cpn60/TCP-1,Log2 Ratio (Heterocyst/Filaments)=-0.6814255254993423; Variability [%]=17.2671964893621; Peptide Pair Count=23;29 | 24h Log2 Ratio (Het/Fil) (Present study)=-0.6814255254993423; Variability [%]=17.2671964893621; Peptide Pair Count=23;29; Steady state Log2 ratio [7]=-0.10840924307980776,old_locus_tag,Model-Supported,chaperonin GroEL,Other / unassigned,Novel/uncertain candidate,34.0,0.3438995215311005,0.2660332541567696,421,421,False
GF_01799,Welkie_2014_Cyanothece_PCC7822,Welkie et al. 2014,Gloeothece verrucosa PCC 7822,1,Cyan7822_0398,WP_013320553.1,ref|YP_003885718.1| chaperonin GroEL [Cyanothece sp. PCC 7822],CT_D0=1.24391723053267; CT_D3=1.251246397; CT_L0=1.42041306160526; CT_L3=1.20401883941561,old_locus_tag,Model-Supported,chaperonin GroEL,Other / unassigned,Novel/uncertain candidate,34.0,0.3438995215311005,0.2660332541567696,421,421,False
GF_01801,Welkie_2014_Cyanothece_PCC7822,Welkie et al. 2014,Gloeothece verrucosa PCC 7822,1,Cyan7822_4985,WP_013324912.1,ref|YP_003890149.1| photosystem I reaction centre subunit IV/PsaE [Cyanothece sp. PCC 7822],CT_D0=1.35304963553267; CT_D3=1.81687084; CT_L0=1.15957649360526; CT_L3=0.790098557415608,old_locus_tag,,,,,,,,,,
GF_01802,Sandh_2014_Nostoc_punctiforme,Sandh et al. 2014,Nostoc punctiforme PCC 73102,2,Npun_R6141,WP_012412367.1,ureG; Urease accessory protein UreG,Log2 Ratio (Heterocyst/Filaments)=-1.9187527375703255; Variability [%]=31.7885630095765; Peptide Pair Count=1;1 | 24h Log2 Ratio (Het/Fil) (Present study)=-1.9187527375703255; Variability [%]=31.7885630095765; Peptide Pair Count=1;1; Steady state Log2 ratio [7]=-1.1695063113204696,old_locus_tag,Model-Supported,urease accessory protein UreG,Other / unassigned,Novel/uncertain candidate,289.0,0.3732057416267942,0.627906976744186,43,43,False
GF_01803,Welkie_2014_Cyanothece_PCC7822,Welkie et al. 2014,Gloeothece verrucosa PCC 7822,1,Cyan7822_1506,WP_013321608.1,ref|YP_003886776.1| methionine aminopeptidase [Cyanothece sp. PCC 7822],CT_D0=1.17500739453267; CT_D3=0.985768364; CT_L0=1.39330418460526; CT_L3=1.56551558441561,old_locus_tag,,,,,,,,,,
GF_01805,Panda_2025_Crocosphaera_ATCC51142,Panda et al. 2025,Crocosphaera subtropica ATCC 51142,1,cce_0623,WP_009547814.1,Polyribonucleotide nucleotidyltransferase,Two-way ANOVA p value nitrate=9.83943333543086e-09; Two-way ANOVA p value lightordark=0.0615177264261755; Two-way ANOVA p value Interaction=0.362304350375098; D-_avgLFQ=30.0369515419006; D+_avgLFQ=28.6914749145508; L-_avgLFQ=29.9204287528992; L+_avgLFQ=28.3770656585693; D-_D+(logFC)=1.3454766273498002; L-_L+(logFC)=1.543363094329898,old_locus_tag,,,,,,,,,,
GF_01805,Welkie_2014_Cyanothece_PCC7822,Welkie et al. 2014,Gloeothece verrucosa PCC 7822,1,Cyan7822_5438,WP_013325352.1,ref|YP_003890589.1| polyribonucleotide nucleotidyltransferase [Cyanothece sp. PCC 7822],CT_D0=1.24003253653267; CT_D3=1.145565659; CT_L0=1.25129623260526; CT_L3=1.48270109841561,old_locus_tag,,,,,,,,,,
GF_01806,Held_2022_Trichodesmium_IMS101,Held et al. 2022,Trichodesmium erythraeum IMS101,1,Tery_1919,WP_011611547.1,"Tery_1919 flavin reductase-like, FMN-binding [Trichodesmium erythraeum IMS101: NC_008312]",mean_relative_abundance=12.84; max=19.54@4h; min=7.793@18h; dynamic_range=11.74,old_locus_tag,Model-Supported,flavin reductase family protein,Other / unassigned,Novel/uncertain candidate,151.0,0.5450558213716108,0.3214285714285714,56,56,False
GF_01808,Held_2022_Trichodesmium_IMS101,Held et al. 2022,Trichodesmium erythraeum IMS101,1,Tery_3000,WP_011612510.1,Tery_3000 rplE LSU ribosomal protein L5P [Trichodesmium erythraeum IMS101: NC_008312],mean_relative_abundance=24.67; max=46.73@12h; min=17.11@9h; dynamic_range=29.61,old_locus_tag,,,,,,,,,,
GF_01808,Panda_2025_Crocosphaera_ATCC51142,Panda et al. 2025,Crocosphaera subtropica ATCC 51142,1,cce_4027,WP_009543885.1,50S ribosomal protein L5,Two-way ANOVA p value nitrate=3.53970401716582e-08; Two-way ANOVA p value lightordark=0.0947823707086673; Two-way ANOVA p value Interaction=0.950075707617538; D-_avgLFQ=29.1452803611755; D+_avgLFQ=30.1873664855957; L-_avgLFQ=29.2938175201416; L+_avgLFQ=30.3467578887939; D-_D+(logFC)=-1.042086124420198; L-_L+(logFC)=-1.0529403686522976,old_locus_tag,,,,,,,,,,
GF_01808,Welkie_2014_Cyanothece_PCC7822,Welkie et al. 2014,Gloeothece verrucosa PCC 7822,1,Cyan7822_5052,WP_013324977.1,ref|YP_003890214.1| 50S ribosomal protein L5 [Cyanothece sp. PCC 7822],CT_D0=1.27474090853267; CT_D3=1.370233662; CT_L0=1.18179633760526; CT_L3=1.29282461841561,old_locus_tag,,,,,,,,,,
GF_01809,Panda_2025_Crocosphaera_ATCC51142,Panda et al. 2025,Crocosphaera subtropica ATCC 51142,1,cce_3290,WP_009547913.1,Imidazoleglycerol-phosphate dehydratase,Two-way ANOVA p value nitrate=0.0116887740085031; Two-way ANOVA p value lightordark=0.00452794246865055; Two-way ANOVA p value Interaction=0.0226804597971267; D-_avgLFQ=25.2519965171814; D+_avgLFQ=25.128306388855; L-_avgLFQ=24.9513788223267; L+_avgLFQ=23.0205612182617; D-_D+(logFC)=0.1236901283264018; L-_L+(logFC)=1.9308176040649982,old_locus_tag,Model-Supported,imidazoleglycerol-phosphate dehydratase HisB,Other / unassigned,Novel/uncertain candidate,152.0,0.629585326953748,0.5657894736842105,152,152,False
GF_01811,Sandh_2014_Nostoc_punctiforme,Sandh et al. 2014,Nostoc punctiforme PCC 73102,2,Npun_F5580,WP_012411829.1,AcoA; Pyruvate dehydrogenase (lipoamide),Log2 Ratio (Heterocyst/Filaments)=0.11384278093346617; Variability [%]=11.196053139622; Peptide Pair Count=1;1 | 24h Log2 Ratio (Het/Fil) (Present study)=0.11384278093346617; Variability [%]=11.196053139622; Peptide Pair Count=1;1; Steady state Log2 ratio [7]=0.16176835414948657,old_locus_tag,Model-Supported,pyruvate dehydrogenase (acetyl-transferring) E1 component subunit alpha,Other / unassigned,FOX-consistent support function (plausible rediscovery),76.0,0.476475279106858,0.6137931034482759,145,145,False
GF_01812,Held_2022_Trichodesmium_IMS101,Held et al. 2022,Trichodesmium erythraeum IMS101,1,Tery_2120,WP_155994386.1,Tery_2120 bacterial peptide chain release factor 2 (bRF-2) [Trichodesmium erythraeum IMS101: NC_008312],mean_relative_abundance=5.518; max=7.205@9h; min=1.46@12h; dynamic_range=5.745,old_locus_tag,Model-Supported,peptide chain release factor 2,Other / unassigned,Novel/uncertain candidate,10.0,0.4146730462519936,0.851063829787234,94,94,False
GF_01813,Held_2022_Trichodesmium_IMS101,Held et al. 2022,Trichodesmium erythraeum IMS101,1,Tery_3376,WP_011612823.1,Tery_3376 pgk phosphoglycerate kinase (EC 2.7.2.3) [Trichodesmium erythraeum IMS101: NC_008312],mean_relative_abundance=361; max=461.1@9h; min=284.3@11h; dynamic_range=176.8,old_locus_tag,Model-Supported,phosphoglycerate kinase,Other / unassigned,Novel/uncertain candidate,158.0,0.4094896331738437,0.5972222222222222,144,144,False
GF_01813,Welkie_2014_Cyanothece_PCC7822,Welkie et al. 2014,Gloeothece verrucosa PCC 7822,1,Cyan7822_1455,WP_013321558.1,ref|YP_003886726.1| phosphoglycerate kinase [Cyanothece sp. PCC 7822],CT_D0=1.11480142053267; CT_D3=1.009726064; CT_L0=1.41839733860526; CT_L3=1.57667070441561,old_locus_tag,Model-Supported,phosphoglycerate kinase,Other / unassigned,Novel/uncertain candidate,158.0,0.4094896331738437,0.5972222222222222,144,144,False
GF_01814,Panda_2025_Crocosphaera_ATCC51142,Panda et al. 2025,Crocosphaera subtropica ATCC 51142,1,cce_2088,WP_009545886.1,TRAM domain-containing protein,Two-way ANOVA p value nitrate=0.114429925648316; Two-way ANOVA p value lightordark=0.0168444318213489; Two-way ANOVA p value Interaction=0.388865045062315; D-_avgLFQ=26.1871981620789; D+_avgLFQ=26.0752902030945; L-_avgLFQ=25.9269514083862; L+_avgLFQ=25.5674710273743; D-_D+(logFC)=0.11190795898439987; L-_L+(logFC)=0.35948038101189894,old_locus_tag,,,,,,,,,,
GF_01814,Welkie_2014_Cyanothece_PCC7822,Welkie et al. 2014,Gloeothece verrucosa PCC 7822,1,Cyan7822_3622,WP_013323631.1,ref|YP_003888837.1| PilT protein domain-containing protein [Cyanothece sp. PCC 7822],CT_D0=1.43423856553267; CT_D3=1.711819864; CT_L0=1.03459123760526; CT_L3=0.938945861415608,old_locus_tag,,,,,,,,,,
GF_01815,Panda_2025_Crocosphaera_ATCC51142,Panda et al. 2025,Crocosphaera subtropica ATCC 51142,1,cce_0285,WP_009546778.1,Photosystem I assembly protein Ycf3,Two-way ANOVA p value nitrate=0.000392567811848306; Two-way ANOVA p value lightordark=0.670696555833371; Two-way ANOVA p value Interaction=0.00374382339315409; D-_avgLFQ=26.6569232940674; D+_avgLFQ=27.7479734420776; L-_avgLFQ=27.1765260696411; L+_avgLFQ=27.3409976959229; D-_D+(logFC)=-1.0910501480102006; L-_L+(logFC)=-0.16447162628180223,old_locus_tag,,,,,,,,,,
GF_01815,Welkie_2014_Cyanothece_PCC7822,Welkie et al. 2014,Gloeothece verrucosa PCC 7822,1,Cyan7822_4810,WP_013324744.1,ref|YP_003889979.1| TPR repeat-containing protein [Cyanothece sp. PCC 7822],CT_D0=1.30630399753267; CT_D3=1.633575768; CT_L0=1.08570880860526; CT_L3=1.09400695341561,old_locus_tag,,,,,,,,,,
GF_01816,Held_2022_Trichodesmium_IMS101,Held et al. 2022,Trichodesmium erythraeum IMS101,1,Tery_3500,WP_011612932.1,Tery_3500 ndhK NADH dehydrogenase subunit B (EC 1.6.5.3) [Trichodesmium erythraeum IMS101: NC_008312],mean_relative_abundance=21.36; max=28.79@20h; min=17.52@12h; dynamic_range=11.27,old_locus_tag,Model-Supported,photosynthetic/respiratory NAD(P)H-quinone oxidoreductase subunit K,Respiration & bioenergetics,FOX-consistent support function (plausible rediscovery),68.0,0.6614832535885167,0.4857142857142857,175,175,False
GF_01816,Sandh_2014_Nostoc_punctiforme,Sandh et al. 2014,Nostoc punctiforme PCC 73102,2,Npun_R5547,WP_012411796.1,nuoB; NADH dehydrogenase (ubiquinone); 2,Log2 Ratio (Heterocyst/Filaments)=1.354573308560558; Variability [%]=6.05913464113988; Peptide Pair Count=4;5 | Log2 Ratio (Heterocyst/Filaments)=1.354573308560558; Variability [%]=6.05913464113988; Peptide Pair Count=4;5,old_locus_tag,Model-Supported,photosynthetic/respiratory NAD(P)H-quinone oxidoreductase subunit K,Respiration & bioenergetics,FOX-consistent support function (plausible rediscovery),68.0,0.6614832535885167,0.4857142857142857,175,175,False
GF_01816,Welkie_2014_Cyanothece_PCC7822,Welkie et al. 2014,Gloeothece verrucosa PCC 7822,1,Cyan7822_5014,WP_013324941.1,ref|YP_003890178.1| NADH-quinone oxidoreductase subunit B [Cyanothece sp. PCC 7822],CT_D0=1.26030173253267; CT_D3=1.263328718; CT_L0=1.28562060460526; CT_L3=1.31034447141561,old_locus_tag,Model-Supported,photosynthetic/respiratory NAD(P)H-quinone oxidoreductase subunit K,Respiration & bioenergetics,FOX-consistent support function (plausible rediscovery),68.0,0.6614832535885167,0.4857142857142857,175,175,False
GF_01818,Panda_2025_Crocosphaera_ATCC51142,Panda et al. 2025,Crocosphaera subtropica ATCC 51142,1,cce_2536,WP_009544773.1,Glucose-6-phosphate 1-dehydrogenase,Two-way ANOVA p value nitrate=1.76939652249486e-10; Two-way ANOVA p value lightordark=8.02601290977956e-05; Two-way ANOVA p value Interaction=0.771875982142307; D-_avgLFQ=30.0550403594971; D+_avgLFQ=28.9702043533325; L-_avgLFQ=29.74373960495; L+_avgLFQ=28.6255650520325; D-_D+(logFC)=1.084836006164597; L-_L+(logFC)=1.1181745529175018,old_locus_tag,Model-Supported,glucose-6-phosphate dehydrogenase,Other / unassigned,FOX-consistent support function (plausible rediscovery),203.0,0.5227272727272727,0.2916666666666667,72,72,False
GF_01818,Welkie_2014_Cyanothece_PCC7822,Welkie et al. 2014,Gloeothece verrucosa PCC 7822,1,Cyan7822_4173,WP_013324154.1,ref|YP_003889366.1| glucose-6-phosphate 1-dehydrogenase [Cyanothece sp. PCC 7822],CT_D0=1.31962035853267; CT_D3=1.371292074; CT_L0=1.07409105560526; CT_L3=1.35459203941561,old_locus_tag,Model-Supported,glucose-6-phosphate dehydrogenase,Other / unassigned,FOX-consistent support function (plausible rediscovery),203.0,0.5227272727272727,0.2916666666666667,72,72,False
GF_01819,Held_2022_Trichodesmium_IMS101,Held et al. 2022,Trichodesmium erythraeum IMS101,1,Tery_0140,WP_011610033.1,Tery_0140 L-threonine synthase (EC 4.2.3.1) [Trichodesmium erythraeum IMS101: NC_008312],mean_relative_abundance=27.37; max=37.97@12h; min=19.39@6h; dynamic_range=18.58,old_locus_tag,Model-Supported,threonine synthase,Other / unassigned,Novel/uncertain candidate,40.0,0.70414673046252,0.7547169811320755,106,106,False
GF_01827,Sandh_2014_Nostoc_punctiforme,Sandh et al. 2014,Nostoc punctiforme PCC 73102,1,Npun_R3558,WP_041565495.1,NpR3558; Cobyrinic acid a;c-diamide synt,Log2 Ratio (Heterocyst/Filaments)=1.2312567157888639; Variability [%]=20.6724745599631; Peptide Pair Count=1;1,old_locus_tag,Highly Pure,type 1 glutamine amidotransferase,Other / unassigned,Novel/uncertain candidate,,,0.9852941176470588,68,68,False
GF_01829,Sandh_2014_Nostoc_punctiforme,Sandh et al. 2014,Nostoc punctiforme PCC 73102,2,Npun_R4366,WP_012410702.1,RpoA; DNA-directed RNA polymerase.,Log2 Ratio (Heterocyst/Filaments)=0.42893195042794874; Variability [%]=4.27399249266896; Peptide Pair Count=3;5 | 24h Log2 Ratio (Het/Fil) (Present study)=0.42893195042794874; Variability [%]=4.27399249266896; Peptide Pair Count=3;5; Steady state Log2 ratio [7]=0.4231524657049669,old_locus_tag,Highly Pure,DNA-directed RNA polymerase subunit alpha,Housekeeping / lineage marker,Housekeeping marker (not a transplant candidate),,,0.9852941176470588,68,68,False
GF_01830,Sandh_2014_Nostoc_punctiforme,Sandh et al. 2014,Nostoc punctiforme PCC 73102,1,Npun_F3262,WP_012409683.1,Obg; Small GTP-binding protein domain,Log2 Ratio (Heterocyst/Filaments)=-0.2915163974290348; Variability [%]=25.1676294054313; Peptide Pair Count=1;2,old_locus_tag,Highly Pure,GTPase ObgE,Other / unassigned,Novel/uncertain candidate,,,0.9558823529411764,68,68,False
GF_01834,Held_2022_Trichodesmium_IMS101,Held et al. 2022,Trichodesmium erythraeum IMS101,1,Tery_2881,WP_011612412.1,Tery_2881 glyceraldehyde-3-phosphate dehydrogenase (NAD+) (EC 1.2.1.12) [Trichodesmium erythraeum IMS101: NC_008312],mean_relative_abundance=47.69; max=65.01@20h; min=33.08@6h; dynamic_range=31.93,old_locus_tag,Model-Supported,type I glyceraldehyde-3-phosphate dehydrogenase,Other / unassigned,FOX-consistent support function (plausible rediscovery),13.0,0.9629186602870814,0.7520661157024794,121,121,False
GF_01834,Sandh_2014_Nostoc_punctiforme,Sandh et al. 2014,Nostoc punctiforme PCC 73102,1,Npun_R0031,WP_012406862.1,gapdh; Glyceraldehyde-3-phosphate dehydr,Log2 Ratio (Heterocyst/Filaments)=-0.26407439231401836; Variability [%]=28.1778248664586; Peptide Pair Count=8;7,old_locus_tag,Model-Supported,type I glyceraldehyde-3-phosphate dehydrogenase,Other / unassigned,FOX-consistent support function (plausible rediscovery),13.0,0.9629186602870814,0.7520661157024794,121,121,False
GF_01834,Welkie_2014_Cyanothece_PCC7822,Welkie et al. 2014,Gloeothece verrucosa PCC 7822,1,Cyan7822_4423,WP_013324400.1,ref|YP_003889612.1| glyceraldehyde-3-phosphate dehydrogenase [Cyanothece sp. PCC 7822],CT_D0=1.20340935453267; CT_D3=1.360338006; CT_L0=1.30322521760526; CT_L3=1.25262294941561,old_locus_tag,Model-Supported,type I glyceraldehyde-3-phosphate dehydrogenase,Other / unassigned,FOX-consistent support function (plausible rediscovery),13.0,0.9629186602870814,0.7520661157024794,121,121,False
GF_01841,Held_2022_Trichodesmium_IMS101,Held et al. 2022,Trichodesmium erythraeum IMS101,1,Tery_0664,WP_011610496.1,Tery_0664 aconitase (EC 4.2.1.3) [Trichodesmium erythraeum IMS101: NC_008312],mean_relative_abundance=43.09; max=50.04@13h; min=36.45@11h; dynamic_range=13.59,old_locus_tag,Model-Supported,bifunctional aconitate hydratase 2/2-methylisocitrate dehydratase,Other / unassigned,Novel/uncertain candidate,50.0,0.777511961722488,0.6666666666666666,129,129,False
GF_01841,Sandh_2014_Nostoc_punctiforme,Sandh et al. 2014,Nostoc punctiforme PCC 73102,1,Npun_F1921,WP_012408589.1,acnB; Aconitate hydratase 2,Log2 Ratio (Heterocyst/Filaments)=-1.272626873273304; Variability [%]=1.22779260624611; Peptide Pair Count=4;4,old_locus_tag,Model-Supported,bifunctional aconitate hydratase 2/2-methylisocitrate dehydratase,Other / unassigned,Novel/uncertain candidate,50.0,0.777511961722488,0.6666666666666666,129,129,False
GF_01842,Held_2022_Trichodesmium_IMS101,Held et al. 2022,Trichodesmium erythraeum IMS101,1,Tery_4967,WP_011614175.1,Tery_4967 protoporphyrin IX magnesium-chelatase (EC 6.6.1.1) [Trichodesmium erythraeum IMS101: NC_008312],mean_relative_abundance=2.134; max=4.166@11h; min=0@12h; dynamic_range=4.166,old_locus_tag,Model-Supported,magnesium chelatase ATPase subunit D,Other / unassigned,Novel/uncertain candidate,117.0,0.3712121212121212,0.8846153846153846,78,78,False
GF_01855,Sandh_2014_Nostoc_punctiforme,Sandh et al. 2014,Nostoc punctiforme PCC 73102,2,Npun_R4994,WP_012411293.1,"gatA Asp-tRNAAsn/Glu-tRNAGln amidotransferase A subunit and related amidases, P",Log2 Ratio (Heterocyst/Filaments)=-2.113202547945408; Variability [%]=57.9052345172871; Peptide Pair Count=2;1 | 24h Log2 Ratio (Het/Fil) (Present study)=-2.113202547945408; Variability [%]=57.9052345172871; Peptide Pair Count=2;1; Steady state Log2 ratio [7]=-0.3177387525734014,old_locus_tag,Highly Pure,amidase,Other / unassigned,Novel/uncertain candidate,,,0.9814814814814816,54,54,False
GF_01860,Panda_2025_Crocosphaera_ATCC51142,Panda et al. 2025,Crocosphaera subtropica ATCC 51142,1,cce_0082,WP_009543120.1,DUF2164 domain-containing protein,Two-way ANOVA p value nitrate=6.39864242051515e-05; Two-way ANOVA p value lightordark=0.143792800754156; Two-way ANOVA p value Interaction=0.0439805028471956; D-_avgLFQ=24.1856303215027; D+_avgLFQ=23.0886206626892; L-_avgLFQ=24.3873925209045; L+_avgLFQ=21.9671473503113; D-_D+(logFC)=1.0970096588135014; L-_L+(logFC)=2.4202451705931978,old_locus_tag,Model-Supported,hypothetical protein,Stress / membrane / uncharacterized,Novel/uncertain candidate,17.0,0.6582934609250399,0.6616541353383458,133,133,False
GF_01869,Sandh_2014_Nostoc_punctiforme,Sandh et al. 2014,Nostoc punctiforme PCC 73102,2,Npun_F5122,WP_012411410.1,"GlgP; Phosphorylase, polyglucose phosphorylase.",Log2 Ratio (Heterocyst/Filaments)=-2.61735561993598; Variability [%]=26.9985758285896; Peptide Pair Count=2;2 | Log2 Ratio (Heterocyst/Filaments)=-2.61735561993598; Variability [%]=26.9985758285896; Peptide Pair Count=2;2,old_locus_tag,Highly Pure,alpha-glucan family phosphorylase,Other / unassigned,Novel/uncertain candidate,,,0.9852941176470588,68,68,False
GF_01870,Held_2022_Trichodesmium_IMS101,Held et al. 2022,Trichodesmium erythraeum IMS101,1,Tery_0454,WP_006616272.1,"Tery_0454 psaC 4Fe-4S ferredoxin, iron-sulfur binding [Trichodesmium erythraeum IMS101: NC_008312]",mean_relative_abundance=39.23; max=48.86@22h; min=29.06@14h; dynamic_range=19.8,old_locus_tag,,,,,,,,,,
GF_01870,Sandh_2014_Nostoc_punctiforme,Sandh et al. 2014,Nostoc punctiforme PCC 73102,2,Npun_F5213,WP_012411495.1,"PsaC by Blast, no interpro 4Fe-4S ferredoxin; iron-sulfur binding",Log2 Ratio (Heterocyst/Filaments)=0.9382468288207343; Variability [%]=0.267800419835619; Peptide Pair Count=42;41 | 24h Log2 Ratio (Het/Fil) (Present study)=0.9382468288207343; Variability [%]=0.267800419835619; Peptide Pair Count=42;41; Steady state Log2 ratio [7]=0.8661463063066402,old_locus_tag,,,,,,,,,,
GF_01870,Welkie_2014_Cyanothece_PCC7822,Welkie et al. 2014,Gloeothece verrucosa PCC 7822,1,Cyan7822_0347,WP_013320503.1,ref|YP_003885668.1| photosystem I iron-sulfur protein PsaC [Cyanothece sp. PCC 7822],CT_D0=1.09355922653267; CT_D3=0.825536308; CT_L0=1.41209516560526; CT_L3=1.78840482841561,old_locus_tag,,,,,,,,,,
GF_01882,Held_2022_Trichodesmium_IMS101,Held et al. 2022,Trichodesmium erythraeum IMS101,1,Tery_3369,WP_011612816.1,"Tery_3369 NADH ubiquinone oxidoreductase, 20 kDa subunit [Trichodesmium erythraeum IMS101: NC_008312]",mean_relative_abundance=0.8337; max=2.281@6h; min=0@4h; dynamic_range=2.281,old_locus_tag,Highly Pure,hydrogenase,Other / unassigned,Novel/uncertain candidate,,,0.9859154929577464,71,71,False
GF_01882,Welkie_2014_Cyanothece_PCC7822,Welkie et al. 2014,Gloeothece verrucosa PCC 7822,1,Cyan7822_1668,WP_013321765.1,ref|YP_003886933.1| NADH ubiquinone oxidoreductase 20 kDa subunit [Cyanothece sp. PCC 7822],CT_D0=1.34612714853267; CT_D3=2.084813263; CT_L0=1.00882328760526; CT_L3=0.679831828415608,old_locus_tag,Highly Pure,hydrogenase,Other / unassigned,Novel/uncertain candidate,,,0.9859154929577464,71,71,False
GF_01883,Sandh_2014_Nostoc_punctiforme,Sandh et al. 2014,Nostoc punctiforme PCC 73102,2,Npun_F0277,WP_012407088.1,Fdx; Ferredoxin,Log2 Ratio (Heterocyst/Filaments)=-1.7738496406255293; Variability [%]=49.7361053551515; Peptide Pair Count=1;1 | Log2 Ratio (Heterocyst/Filaments)=-1.7738496406255293; Variability [%]=49.7361053551515; Peptide Pair Count=1;1,old_locus_tag,Highly Pure,2Fe-2S iron-sulfur cluster-binding protein,Metallocluster & Fe-S biogenesis,FOX-consistent support function (plausible rediscovery),,,0.9649122807017544,57,57,False
GF_01889,Sandh_2014_Nostoc_punctiforme,Sandh et al. 2014,Nostoc punctiforme PCC 73102,2,Npun_R6402,WP_041565776.1,Udk; Phosphoribulokinase.,Log2 Ratio (Heterocyst/Filaments)=-0.13811786900506118; Variability [%]=20.7238025979876; Peptide Pair Count=1;2 | Log2 Ratio (Heterocyst/Filaments)=-0.13811786900506118; Variability [%]=20.7238025979876; Peptide Pair Count=1;2,old_locus_tag,Highly Pure,phosphoribulokinase,Other / unassigned,Novel/uncertain candidate,,,0.9565217391304348,69,69,False
GF_01899,Held_2022_Trichodesmium_IMS101,Held et al. 2022,Trichodesmium erythraeum IMS101,1,Tery_0477,WP_196797285.1,Tery_0477 rpsJ SSU ribosomal protein S10P [Trichodesmium erythraeum IMS101: NC_008312],mean_relative_abundance=32.1; max=44.21@4h; min=23.31@15h; dynamic_range=20.9,old_locus_tag,Model-Supported,30S ribosomal protein S10,Housekeeping / lineage marker,Housekeeping marker (not a transplant candidate),537.0,0.0466507177033492,0.2629107981220657,426,426,False
GF_01899,Panda_2025_Crocosphaera_ATCC51142,Panda et al. 2025,Crocosphaera subtropica ATCC 51142,1,cce_4087,WP_007304701.1,30S ribosomal protein S10,Two-way ANOVA p value nitrate=0.0064879534098819; Two-way ANOVA p value lightordark=0.802282733708984; Two-way ANOVA p value Interaction=0.0908102301875088; D-_avgLFQ=28.725691318512; D+_avgLFQ=28.8995089530945; L-_avgLFQ=28.5358023643494; L+_avgLFQ=29.150824546814; D-_D+(logFC)=-0.17381763458250177; L-_L+(logFC)=-0.6150221824645996,old_locus_tag,Model-Supported,30S ribosomal protein S10,Housekeeping / lineage marker,Housekeeping marker (not a transplant candidate),537.0,0.0466507177033492,0.2629107981220657,426,426,False
GF_01899,Sandh_2014_Nostoc_punctiforme,Sandh et al. 2014,Nostoc punctiforme PCC 73102,2,Npun_F3885,WP_008232935.1,rpsJ; Ribosomal protein S10; bacterial f,Log2 Ratio (Heterocyst/Filaments)=0.588940873842813; Variability [%]=0.0210096402721908; Peptide Pair Count=7;10 | Log2 Ratio (Heterocyst/Filaments)=0.588940873842813; Variability [%]=0.0210096402721908; Peptide Pair Count=7;10,old_locus_tag,Model-Supported,30S ribosomal protein S10,Housekeeping / lineage marker,Housekeeping marker (not a transplant candidate),537.0,0.0466507177033492,0.2629107981220657,426,426,False
GF_01899,Welkie_2014_Cyanothece_PCC7822,Welkie et al. 2014,Gloeothece verrucosa PCC 7822,1,Cyan7822_2139,WP_012597472.1,ref|YP_003887394.1| 30S ribosomal protein S10 [Cyanothece sp. PCC 7822],CT_D0=1.30113923553267; CT_D3=1.217810597; CT_L0=1.23479409060526; CT_L3=1.36585160541561,old_locus_tag,Model-Supported,30S ribosomal protein S10,Housekeeping / lineage marker,Housekeeping marker (not a transplant candidate),537.0,0.0466507177033492,0.2629107981220657,426,426,False
GF_01900,Held_2022_Trichodesmium_IMS101,Held et al. 2022,Trichodesmium erythraeum IMS101,1,Tery_0513,WP_011610363.1,Tery_0513 psbC photosystem II 44 kDa subunit reaction center protein [Trichodesmium erythraeum IMS101: NC_008312],mean_relative_abundance=65.81; max=97.83@12h; min=49.04@23h; dynamic_range=48.8,old_locus_tag,Model-Supported,photosystem II reaction center protein CP43,Housekeeping / lineage marker,Housekeeping marker (not a transplant candidate),277.0,0.2400318979266348,0.3097345132743362,339,339,False
GF_01900,Panda_2025_Crocosphaera_ATCC51142,Panda et al. 2025,Crocosphaera subtropica ATCC 51142,1,cce_0659,WP_009545908.1,Photosystem II CP43 reaction center protein,Two-way ANOVA p value nitrate=0.363979442108256; Two-way ANOVA p value lightordark=0.562747394933107; Two-way ANOVA p value Interaction=0.856605490924226; D-_avgLFQ=30.637779712677; D+_avgLFQ=30.765661239624; L-_avgLFQ=30.7261734008789; L+_avgLFQ=30.812201499939; D-_D+(logFC)=-0.12788152694700017; L-_L+(logFC)=-0.08602809906010123,old_locus_tag,Model-Supported,photosystem II reaction center protein CP43,Housekeeping / lineage marker,Housekeeping marker (not a transplant candidate),277.0,0.2400318979266348,0.3097345132743362,339,339,False
GF_01900,Welkie_2014_Cyanothece_PCC7822,Welkie et al. 2014,Gloeothece verrucosa PCC 7822,1,Cyan7822_1697,WP_013321792.1,ref|YP_003886960.1| photosystem II 44 kDa subunit reaction center protein [Cyanothece sp. PCC 7822],CT_D0=1.13066101153267; CT_D3=1.2542725; CT_L0=1.19036370160526; CT_L3=1.54429831341561,old_locus_tag,Model-Supported,photosystem II reaction center protein CP43,Housekeeping / lineage marker,Housekeeping marker (not a transplant candidate),277.0,0.2400318979266348,0.3097345132743362,339,339,False
GF_01904,Held_2022_Trichodesmium_IMS101,Held et al. 2022,Trichodesmium erythraeum IMS101,1,Tery_4668,WP_011613953.1,Tery_4668 psaB photosystem I core protein PsaB [Trichodesmium erythraeum IMS101: NC_008312],mean_relative_abundance=77.32; max=143.1@12h; min=59.74@18h; dynamic_range=83.35,old_locus_tag,Model-Supported,photosystem I core protein PsaB,Housekeeping / lineage marker,Housekeeping marker (not a transplant candidate),57.0,0.6535087719298246,0.3941605839416058,274,274,False
GF_01904,Panda_2025_Crocosphaera_ATCC51142,Panda et al. 2025,Crocosphaera subtropica ATCC 51142,1,cce_0990,WP_009547111.1,Photosystem I P700 chlorophyll a apoprotein A2,Two-way ANOVA p value nitrate=0.018515130490031; Two-way ANOVA p value lightordark=0.00784134942547994; Two-way ANOVA p value Interaction=0.997596850276929; D-_avgLFQ=33.0027923583984; D+_avgLFQ=33.3017749786377; L-_avgLFQ=33.3526487350464; L+_avgLFQ=33.652307510376; D-_D+(logFC)=-0.29898262023930045; L-_L+(logFC)=-0.29965877532959695,old_locus_tag,Model-Supported,photosystem I core protein PsaB,Housekeeping / lineage marker,Housekeeping marker (not a transplant candidate),57.0,0.6535087719298246,0.3941605839416058,274,274,False
GF_01904,Sandh_2014_Nostoc_punctiforme,Sandh et al. 2014,Nostoc punctiforme PCC 73102,3,Npun_F3819;Npun_R0210,WP_012407025.1;WP_012410174.1,"psaB; Photosystem I psaB | psaB; Photosystem I psaB, 11 tm",Log2 Ratio (Heterocyst/Filaments)=0.7862093200829419; Variability [%]=7.69289855736324; Peptide Pair Count=15;16 | Log2 Ratio (Heterocyst/Filaments)=0.6580649671103677; Variability [%]=3.94353328939328; Peptide Pair Count=11;11 | 24h Log2 Ratio (Het/Fil) (Present study)=0.7862093200829419; Variability [%]=7.69289855736324; Peptide Pair Count=15;16; Steady state Log2 ratio [7]=0.1812989320937952,old_locus_tag,Model-Supported,photosystem I core protein PsaB,Housekeeping / lineage marker,Housekeeping marker (not a transplant candidate),57.0,0.6535087719298246,0.3941605839416058,274,274,False
GF_01904,Welkie_2014_Cyanothece_PCC7822,Welkie et al. 2014,Gloeothece verrucosa PCC 7822,1,Cyan7822_4988,WP_013324915.1,ref|YP_003890152.1| photosystem I core protein PsaB [Cyanothece sp. PCC 7822],CT_D0=1.20351335653267; CT_D3=0.97749226; CT_L0=1.64824848860526; CT_L3=1.29034142241561,old_locus_tag,Model-Supported,photosystem I core protein PsaB,Housekeeping / lineage marker,Housekeeping marker (not a transplant candidate),57.0,0.6535087719298246,0.3941605839416058,274,274,False
GF_01912,Sandh_2014_Nostoc_punctiforme,Sandh et al. 2014,Nostoc punctiforme PCC 73102,2,Npun_F2474,WP_012409029.1,DdpA; Bacterial extracellular solute-bin,Log2 Ratio (Heterocyst/Filaments)=0.714710502759666; Variability [%]=7.6481192382924; Peptide Pair Count=5;3 | 24h Log2 Ratio (Het/Fil) (Present study)=0.714710502759666; Variability [%]=7.6481192382924; Peptide Pair Count=5;3; Steady state Log2 ratio [7]=0.7888722840450569,old_locus_tag,Highly Pure,ABC transporter substrate-binding protein,Transport,Novel/uncertain candidate,,,0.9777777777777776,45,45,False
GF_01919,Sandh_2014_Nostoc_punctiforme,Sandh et al. 2014,Nostoc punctiforme PCC 73102,2,Npun_R5070,WP_012411359.1,trpS; Tryptophanyl-tRNA synthetase; clas,Log2 Ratio (Heterocyst/Filaments)=-1.2352822469189744; Variability [%]=19.6463431425974; Peptide Pair Count=1;2 | Log2 Ratio (Heterocyst/Filaments)=-1.2352822469189744; Variability [%]=19.6463431425974; Peptide Pair Count=1;2,old_locus_tag,Model-Supported,tryptophan--tRNA ligase,Housekeeping / lineage marker,Housekeeping marker (not a transplant candidate),109.0,0.2838915470494417,0.8125,64,64,False
GF_01922,Sandh_2014_Nostoc_punctiforme,Sandh et al. 2014,Nostoc punctiforme PCC 73102,1,Npun_R0420,WP_012407225.1,nifB nitrogenase cofactor biosynthesis protein Predicted Fe-S oxidoreductases P and T,Log2 Ratio (Heterocyst/Filaments)=3.3629685233065603; Variability [%]=17.3783688793252; Peptide Pair Count=8;11,old_locus_tag,Highly Pure,nitrogenase cofactor biosynthesis protein NifB,Nitrogenase / nif machinery,Rediscovery: core diazotrophy/FOX machinery,,,0.9855072463768116,69,69,True
GF_01924,Held_2022_Trichodesmium_IMS101,Held et al. 2022,Trichodesmium erythraeum IMS101,1,Tery_3368,WP_011612815.1,Tery_3368 Hydrogen:quinone oxidoreductase [Trichodesmium erythraeum IMS101: NC_008312],mean_relative_abundance=4.931; max=8.358@20h; min=2.083@11h; dynamic_range=6.275,old_locus_tag,Highly Pure,nickel-dependent hydrogenase large subunit,Other / unassigned,Novel/uncertain candidate,,,1.0,46,46,False
GF_01924,Welkie_2014_Cyanothece_PCC7822,Welkie et al. 2014,Gloeothece verrucosa PCC 7822,1,Cyan7822_1669,WP_013321766.1,ref|YP_003886934.1| nickel-dependent hydrogenase large subunit [Cyanothece sp. PCC 7822],CT_D0=1.38880962253267; CT_D3=1.568425282; CT_L0=1.17773464960526; CT_L3=0.984625972415608,old_locus_tag,Highly Pure,nickel-dependent hydrogenase large subunit,Other / unassigned,Novel/uncertain candidate,,,1.0,46,46,False
GF_01926,Held_2022_Trichodesmium_IMS101,Held et al. 2022,Trichodesmium erythraeum IMS101,1,Tery_2938,WP_011612460.1,Tery_2938 rpoC1 DNA-directed RNA polymerase gamma chain (EC 2.7.7.6) [Trichodesmium erythraeum IMS101: NC_008312],mean_relative_abundance=27.08; max=35.04@12h; min=18.16@23h; dynamic_range=16.88,old_locus_tag,Model-Supported,DNA-directed RNA polymerase subunit gamma,Housekeeping / lineage marker,Housekeeping marker (not a transplant candidate),285.0,0.3684210526315789,0.4048582995951417,247,247,False
GF_01926,Panda_2025_Crocosphaera_ATCC51142,Panda et al. 2025,Crocosphaera subtropica ATCC 51142,1,cce_3838,WP_009547177.1,DNA-directed RNA polymerase subunit gamma,Two-way ANOVA p value nitrate=0.00232086803943466; Two-way ANOVA p value lightordark=0.0115630508248965; Two-way ANOVA p value Interaction=0.276557312606747; D-_avgLFQ=29.1112275123596; D+_avgLFQ=28.9247784614563; L-_avgLFQ=28.9847626686096; L+_avgLFQ=28.6413145065308; D-_D+(logFC)=0.18644905090330255; L-_L+(logFC)=0.3434481620788006,old_locus_tag,Model-Supported,DNA-directed RNA polymerase subunit gamma,Housekeeping / lineage marker,Housekeeping marker (not a transplant candidate),285.0,0.3684210526315789,0.4048582995951417,247,247,False
GF_01926,Sandh_2014_Nostoc_punctiforme,Sandh et al. 2014,Nostoc punctiforme PCC 73102,2,Npun_F4986,WP_012411285.1,"RpoC1; DNA-directed RNA polymerase, gamma subunit.",Log2 Ratio (Heterocyst/Filaments)=0.07750703738488403; Variability [%]=19.5586207676452; Peptide Pair Count=14;17 | 24h Log2 Ratio (Het/Fil) (Present study)=0.07750703738488403; Variability [%]=19.5586207676452; Peptide Pair Count=14;17; Steady state Log2 ratio [7]=-1.0451311833981356,old_locus_tag,Model-Supported,DNA-directed RNA polymerase subunit gamma,Housekeeping / lineage marker,Housekeeping marker (not a transplant candidate),285.0,0.3684210526315789,0.4048582995951417,247,247,False
GF_01926,Welkie_2014_Cyanothece_PCC7822,Welkie et al. 2014,Gloeothece verrucosa PCC 7822,1,Cyan7822_4769,WP_013324712.1,ref|YP_003889947.1| DNA-directed RNA polymerase subunit gamma [Cyanothece sp. PCC 7822],CT_D0=1.35399985053267; CT_D3=1.141758334; CT_L0=1.23166762560526; CT_L3=1.39216971741561,old_locus_tag,Model-Supported,DNA-directed RNA polymerase subunit gamma,Housekeeping / lineage marker,Housekeeping marker (not a transplant candidate),285.0,0.3684210526315789,0.4048582995951417,247,247,False
GF_01927,Held_2022_Trichodesmium_IMS101,Held et al. 2022,Trichodesmium erythraeum IMS101,1,Tery_3504,WP_011612936.1,"Tery_3504 psbE cytochrome b559, alpha subunit [Trichodesmium erythraeum IMS101: NC_008312]",mean_relative_abundance=3.521; max=7.149@13h; min=0@1h; dynamic_range=7.149,old_locus_tag,Model-Supported,cytochrome b559 subunit alpha,Respiration & bioenergetics,FOX-consistent support function (plausible rediscovery),7.0,0.6945773524720893,0.3205128205128205,78,78,False
GF_01928,Held_2022_Trichodesmium_IMS101,Held et al. 2022,Trichodesmium erythraeum IMS101,1,Tery_2987,WP_011612498.1,Tery_2987 rplQ LSU ribosomal protein L17P [Trichodesmium erythraeum IMS101: NC_008312],mean_relative_abundance=15.01; max=19.91@18h; min=10.27@6h; dynamic_range=9.65,old_locus_tag,,,,,,,,,,
GF_01928,Panda_2025_Crocosphaera_ATCC51142,Panda et al. 2025,Crocosphaera subtropica ATCC 51142,1,cce_4040,WP_009543874.1,50S ribosomal protein L17,Two-way ANOVA p value nitrate=6.30357524050881e-06; Two-way ANOVA p value lightordark=0.424540042398798; Two-way ANOVA p value Interaction=0.451798758042533; D-_avgLFQ=30.526104927063; D+_avgLFQ=31.6800365447998; L-_avgLFQ=30.5343866348267; L+_avgLFQ=31.9512777328491; D-_D+(logFC)=-1.1539316177368022; L-_L+(logFC)=-1.4168910980224005,old_locus_tag,,,,,,,,,,
GF_01929,Held_2022_Trichodesmium_IMS101,Held et al. 2022,Trichodesmium erythraeum IMS101,1,Tery_3791,WP_011613167.1,Tery_3791 photosystem I protein PsaD [Trichodesmium erythraeum IMS101: NC_008312],mean_relative_abundance=76.05; max=96.37@9h; min=60.4@11h; dynamic_range=35.97,old_locus_tag,,,,,,,,,,
GF_01929,Panda_2025_Crocosphaera_ATCC51142,Panda et al. 2025,Crocosphaera subtropica ATCC 51142,1,cce_1341,WP_009544162.1,Photosystem I reaction center subunit II,Two-way ANOVA p value nitrate=7.61988422672274e-07; Two-way ANOVA p value lightordark=0.0036948468430014; Two-way ANOVA p value Interaction=0.574390503529144; D-_avgLFQ=32.591908454895; D+_avgLFQ=33.2014055252075; L-_avgLFQ=32.8021202087402; L+_avgLFQ=33.4921112060547; D-_D+(logFC)=-0.6094970703125; L-_L+(logFC)=-0.6899909973145029,old_locus_tag,,,,,,,,,,
GF_01929,Welkie_2014_Cyanothece_PCC7822,Welkie et al. 2014,Gloeothece verrucosa PCC 7822,1,Cyan7822_2988,WP_013323038.1,ref|YP_003888220.1| photosystem I protein PsaD [Cyanothece sp. PCC 7822],CT_D0=1.08515834953267; CT_D3=1.176365; CT_L0=1.32640998160526; CT_L3=1.53166219641561,old_locus_tag,,,,,,,,,,
GF_01930,Held_2022_Trichodesmium_IMS101,Held et al. 2022,Trichodesmium erythraeum IMS101,1,Tery_4937,WP_011614147.1,"Tery_4937 rpaA two component transcriptional regulator, winged helix family [Trichodesmium erythraeum IMS101: NC_008312]",mean_relative_abundance=23.59; max=34.53@15h; min=16.06@12h; dynamic_range=18.47,old_locus_tag,Model-Supported,response regulator transcription factor,Regulation,Novel/uncertain candidate,41.0,0.7723285486443381,0.5675675675675675,148,148,False
GF_01930,Sandh_2014_Nostoc_punctiforme,Sandh et al. 2014,Nostoc punctiforme PCC 73102,1,Npun_F3659,WP_012410020.1,OmpR; Protein-glutamate methylesterase.,Log2 Ratio (Heterocyst/Filaments)=1.1917842688007907; Variability [%]=4.88066451218411; Peptide Pair Count=2;4,old_locus_tag,Model-Supported,response regulator transcription factor,Regulation,Novel/uncertain candidate,41.0,0.7723285486443381,0.5675675675675675,148,148,False
GF_01945,Held_2022_Trichodesmium_IMS101,Held et al. 2022,Trichodesmium erythraeum IMS101,1,Tery_0954,WP_011610732.1,"Tery_0954 ycf27 two component transcriptional regulator, winged helix family [Trichodesmium erythraeum IMS101: NC_008312]",mean_relative_abundance=37.08; max=45.88@0h; min=30.62@9h; dynamic_range=15.26,old_locus_tag,Model-Supported,response regulator transcription factor RpaB,Regulation,Novel/uncertain candidate,509.0,0.0466507177033492,0.2629107981220657,426,426,False
GF_01945,Panda_2025_Crocosphaera_ATCC51142,Panda et al. 2025,Crocosphaera subtropica ATCC 51142,1,cce_4002,WP_009543907.1,Two-component response regulator,Two-way ANOVA p value nitrate=0.25884684260509; Two-way ANOVA p value lightordark=0.75978814853155; Two-way ANOVA p value Interaction=0.408276561489229; D-_avgLFQ=28.2580428123474; D+_avgLFQ=28.0501718521118; L-_avgLFQ=28.1389780044556; L+_avgLFQ=28.1055545806885; D-_D+(logFC)=0.2078709602356028; L-_L+(logFC)=0.03342342376709695,old_locus_tag,Model-Supported,response regulator transcription factor RpaB,Regulation,Novel/uncertain candidate,509.0,0.0466507177033492,0.2629107981220657,426,426,False
GF_01945,Welkie_2014_Cyanothece_PCC7822,Welkie et al. 2014,Gloeothece verrucosa PCC 7822,1,Cyan7822_0012,WP_013320176.1,ref|YP_003885341.1| winged helix family two component transcriptional regulator [Cyanothece sp. PCC 7822],CT_D0=1.49555032953267; CT_D3=1.326970586; CT_L0=1.20413823560526; CT_L3=1.09293637541561,old_locus_tag,Model-Supported,response regulator transcription factor RpaB,Regulation,Novel/uncertain candidate,509.0,0.0466507177033492,0.2629107981220657,426,426,False
GF_02041,Panda_2025_Crocosphaera_ATCC51142,Panda et al. 2025,Crocosphaera subtropica ATCC 51142,1,cce_3025,WP_009547669.1,Phosphomethylpyrimidine synthase,Two-way ANOVA p value nitrate=0.171707253397071; Two-way ANOVA p value lightordark=0.00240797537368678; Two-way ANOVA p value Interaction=0.446669658330333; D-_avgLFQ=26.8621416091919; D+_avgLFQ=26.5010261535645; L-_avgLFQ=26.1184430122375; L+_avgLFQ=26.0109629631042; D-_D+(logFC)=0.3611154556274023; L-_L+(logFC)=0.10748004913330078,old_locus_tag,,,,,,,,,,
GF_02069,Sandh_2014_Nostoc_punctiforme,Sandh et al. 2014,Nostoc punctiforme PCC 73102,2,Npun_F3883,WP_012410238.1,EF-G; Translation elongation factor G:Sm,Log2 Ratio (Heterocyst/Filaments)=-1.2473511416076999; Variability [%]=8.28055981726368; Peptide Pair Count=8;15 | 24h Log2 Ratio (Het/Fil) (Present study)=-1.2473511416076999; Variability [%]=8.28055981726368; Peptide Pair Count=8;15; Steady state Log2 ratio [7]=-1.2465516528226221,old_locus_tag,Model-Supported,elongation factor G,Other / unassigned,Novel/uncertain candidate,11.0,0.8596491228070176,0.6909090909090909,110,110,False
GF_02070,Held_2022_Trichodesmium_IMS101,Held et al. 2022,Trichodesmium erythraeum IMS101,1,Tery_2745,WP_011612290.1,Tery_2745 hypothetical protein [Trichodesmium erythraeum IMS101: NC_008312],mean_relative_abundance=11.22; max=15.79@20h; min=7.77@15h; dynamic_range=8.017,old_locus_tag,,,,,,,,,,
GF_02070,Panda_2025_Crocosphaera_ATCC51142,Panda et al. 2025,Crocosphaera subtropica ATCC 51142,1,cce_2408,WP_024750312.1,DNA recombination-mediator protein A,Two-way ANOVA p value nitrate=0.000147702222736142; Two-way ANOVA p value lightordark=0.0194862459897999; Two-way ANOVA p value Interaction=0.836151417036714; D-_avgLFQ=29.3550672531128; D+_avgLFQ=28.4994678497314; L-_avgLFQ=28.9158067703247; L+_avgLFQ=28.1240954399109; D-_D+(logFC)=0.855599403381401; L-_L+(logFC)=0.7917113304138006,old_locus_tag,,,,,,,,,,
GF_02070,Welkie_2014_Cyanothece_PCC7822,Welkie et al. 2014,Gloeothece verrucosa PCC 7822,1,Cyan7822_5274,WP_013325193.1,ref|YP_003890430.1| hypothetical protein Cyan7822_5274 [Cyanothece sp. PCC 7822],CT_D0=1.33396226353267; CT_D3=1.486089815; CT_L0=1.11460136360526; CT_L3=1.18494208541561,old_locus_tag,,,,,,,,,,
GF_02071,Panda_2025_Crocosphaera_ATCC51142,Panda et al. 2025,Crocosphaera subtropica ATCC 51142,1,cce_1822,WP_009545635.1,S-adenosylmethionine synthase,Two-way ANOVA p value nitrate=1.04432608176457e-08; Two-way ANOVA p value lightordark=0.64379477786267; Two-way ANOVA p value Interaction=0.253073916896866; D-_avgLFQ=28.0493273735046; D+_avgLFQ=29.9206666946411; L-_avgLFQ=27.7996253967285; L+_avgLFQ=30.0289444923401; D-_D+(logFC)=-1.8713393211364995; L-_L+(logFC)=-2.229319095611597,old_locus_tag,Model-Supported,methionine adenosyltransferase,Other / unassigned,Novel/uncertain candidate,3.0,0.8991228070175439,0.822429906542056,107,107,False
GF_02075,Panda_2025_Crocosphaera_ATCC51142,Panda et al. 2025,Crocosphaera subtropica ATCC 51142,1,cce_0217,WP_009546714.1,30S ribosomal protein S4,Two-way ANOVA p value nitrate=3.60390845862039e-06; Two-way ANOVA p value lightordark=0.203893056201603; Two-way ANOVA p value Interaction=0.379353624173582; D-_avgLFQ=28.5576286315918; D+_avgLFQ=29.270350933075; L-_avgLFQ=28.6007690429688; L+_avgLFQ=29.4962129592896; D-_D+(logFC)=-0.7127223014832005; L-_L+(logFC)=-0.8954439163208008,old_locus_tag,Model-Supported,30S ribosomal protein S4,Housekeeping / lineage marker,Housekeeping marker (not a transplant candidate),14.0,0.7982456140350878,0.4266666666666667,225,225,False
GF_02075,Sandh_2014_Nostoc_punctiforme,Sandh et al. 2014,Nostoc punctiforme PCC 73102,2,Npun_R1720,WP_012408407.1,rpsD; Ribosomal protein S4; bacterial an,Log2 Ratio (Heterocyst/Filaments)=0.5010305143267323; Variability [%]=28.5026762352412; Peptide Pair Count=3;4 | 24h Log2 Ratio (Het/Fil) (Present study)=0.5010305143267323; Variability [%]=28.5026762352412; Peptide Pair Count=3;4; Steady state Log2 ratio [7]=-1.3377199123392445,old_locus_tag,Model-Supported,30S ribosomal protein S4,Housekeeping / lineage marker,Housekeeping marker (not a transplant candidate),14.0,0.7982456140350878,0.4266666666666667,225,225,False
GF_02075,Welkie_2014_Cyanothece_PCC7822,Welkie et al. 2014,Gloeothece verrucosa PCC 7822,1,Cyan7822_4234,WP_013324215.1,ref|YP_003889427.1| 30S ribosomal protein S4 [Cyanothece sp. PCC 7822],CT_D0=1.18231588353267; CT_D3=1.296510034; CT_L0=1.41208375860526; CT_L3=1.22868585141561,old_locus_tag,Model-Supported,30S ribosomal protein S4,Housekeeping / lineage marker,Housekeeping marker (not a transplant candidate),14.0,0.7982456140350878,0.4266666666666667,225,225,False
GF_02084,Held_2022_Trichodesmium_IMS101,Held et al. 2022,Trichodesmium erythraeum IMS101,1,Tery_0916,WP_011610706.1,Tery_0916 ferredoxin (2Fe-2S) [Trichodesmium erythraeum IMS101: NC_008312],mean_relative_abundance=5.131; max=7.77@15h; min=2.236@14h; dynamic_range=5.535,old_locus_tag,,,,,,,,,,
GF_02084,Welkie_2014_Cyanothece_PCC7822,Welkie et al. 2014,Gloeothece verrucosa PCC 7822,1,Cyan7822_0089,WP_013320251.1,ref|YP_003885416.1| ferredoxin (2Fe-2S) [Cyanothece sp. PCC 7822],CT_D0=1.14844140953267; CT_D3=1.398494854; CT_L0=1.53856730260526; CT_L3=1.03409196141561,old_locus_tag,,,,,,,,,,
GF_02085,Panda_2025_Crocosphaera_ATCC51142,Panda et al. 2025,Crocosphaera subtropica ATCC 51142,1,cce_3651,WP_009545190.1,Peptide transport system permease protein,Two-way ANOVA p value nitrate=0.234827394722041; Two-way ANOVA p value lightordark=0.935667401101129; Two-way ANOVA p value Interaction=0.743226875261877; D-_avgLFQ=24.4637603759766; D+_avgLFQ=24.9488892555237; L-_avgLFQ=24.5915107727051; L+_avgLFQ=24.8715605735779; D-_D+(logFC)=-0.4851288795470978; L-_L+(logFC)=-0.2800498008727992,old_locus_tag,,,,,,,,,,
GF_02086,Welkie_2014_Cyanothece_PCC7822,Welkie et al. 2014,Gloeothece verrucosa PCC 7822,1,Cyan7822_3718,WP_013323723.1,ref|YP_003888929.1| ATP-dependent metalloprotease FtsH [Cyanothece sp. PCC 7822],CT_D0=1.10724392253267; CT_D3=1.210494229; CT_L0=1.38131356660526; CT_L3=1.42054380941561,old_locus_tag,,,,,,,,,,
GF_02088,Held_2022_Trichodesmium_IMS101,Held et al. 2022,Trichodesmium erythraeum IMS101,1,Tery_4580,WP_044137005.1,Tery_4580 ycf3 Tetratricopeptide TPR_2 [Trichodesmium erythraeum IMS101: NC_008312],mean_relative_abundance=2.879; max=5.703@6h; min=0@1h; dynamic_range=5.703,old_locus_tag,,,,,,,,,,
GF_02089,Held_2022_Trichodesmium_IMS101,Held et al. 2022,Trichodesmium erythraeum IMS101,1,Tery_0659,WP_196797287.1,Tery_0659 ndhD1 NADH dehydrogenase subunit M (EC 1.6.5.3) [Trichodesmium erythraeum IMS101: NC_008312],mean_relative_abundance=9.315; max=13.85@18h; min=5.841@12h; dynamic_range=8.013,old_locus_tag,Model-Supported,photosynthetic/respiratory NAD(P)H-quinone oxidoreductase subunit D1,Respiration & bioenergetics,FOX-consistent support function (plausible rediscovery),180.0,0.4449760765550239,0.4298245614035088,228,228,False
GF_02091,Sandh_2014_Nostoc_punctiforme,Sandh et al. 2014,Nostoc punctiforme PCC 73102,1,Npun_F0997,WP_012407750.1,Fur; Ferric-uptake regulator,Log2 Ratio (Heterocyst/Filaments)=0.4140106202009393; Variability [%]=35.600401911756; Peptide Pair Count=1;4,old_locus_tag,Model-Supported,Fur family transcriptional regulator,Regulation,Novel/uncertain candidate,33.0,0.5474481658692185,0.717948717948718,117,117,False
GF_02092,Welkie_2014_Cyanothece_PCC7822,Welkie et al. 2014,Gloeothece verrucosa PCC 7822,1,Cyan7822_3054,WP_013323102.1,ref|YP_003888284.1| bacteriochlorophyll/chlorophyll synthetase [Cyanothece sp. PCC 7822],CT_D0=1.34740528653267; CT_D3=1.384947452; CT_L0=1.05261578060526; CT_L3=1.33462700841561,old_locus_tag,Model-Supported,chlorophyll synthase ChlG,Other / unassigned,Novel/uncertain candidate,240.0,0.4525518341307815,0.2934782608695652,92,92,False
GF_02093,Held_2022_Trichodesmium_IMS101,Held et al. 2022,Trichodesmium erythraeum IMS101,1,Tery_1541,WP_011611198.1,Tery_1541 pnp Polyribonucleotide nucleotidyltransferase [Trichodesmium erythraeum IMS101: NC_008312],mean_relative_abundance=204.2; max=329.7@14h; min=115.3@12h; dynamic_range=214.4,old_locus_tag,Model-Supported,polyribonucleotide nucleotidyltransferase,Other / unassigned,Novel/uncertain candidate,42.0,0.7468102073365231,0.7747747747747747,111,111,False
GF_02093,Sandh_2014_Nostoc_punctiforme,Sandh et al. 2014,Nostoc punctiforme PCC 73102,2,Npun_R3625,WP_012409992.1,Pnp; Polyribonucleotide nucleotidyltrans,Log2 Ratio (Heterocyst/Filaments)=-0.9186913561915456; Variability [%]=26.150756860399; Peptide Pair Count=9;11 | 24h Log2 Ratio (Het/Fil) (Present study)=-0.9186913561915456; Variability [%]=26.150756860399; Peptide Pair Count=9;11; Steady state Log2 ratio [7]=0.966964928749382,old_locus_tag,Model-Supported,polyribonucleotide nucleotidyltransferase,Other / unassigned,Novel/uncertain candidate,42.0,0.7468102073365231,0.7747747747747747,111,111,False
GF_02103,Sandh_2014_Nostoc_punctiforme,Sandh et al. 2014,Nostoc punctiforme PCC 73102,2,Npun_F2927,WP_012409449.1,purC; SAICAR synthetase,Log2 Ratio (Heterocyst/Filaments)=-0.7202068150619145; Variability [%]=5.73192127658318; Peptide Pair Count=5;3 | Log2 Ratio (Heterocyst/Filaments)=-0.7202068150619145; Variability [%]=5.73192127658318; Peptide Pair Count=5;3,old_locus_tag,Highly Pure,phosphoribosylaminoimidazolesuccinocarboxamide synthase,Other / unassigned,Novel/uncertain candidate,,,0.9824561403508772,57,57,False
GF_02105,Sandh_2014_Nostoc_punctiforme,Sandh et al. 2014,Nostoc punctiforme PCC 73102,2,Npun_F5989,WP_012412220.1,lysA; Diaminopimelate decarboxylase,Log2 Ratio (Heterocyst/Filaments)=-1.928960531581178; Variability [%]=2.60409023827264; Peptide Pair Count=1;2 | 24h Log2 Ratio (Het/Fil) (Present study)=-1.928960531581178; Variability [%]=2.60409023827264; Peptide Pair Count=1;2; Steady state Log2 ratio [7]=-1.7664498036188274,old_locus_tag,Highly Pure,diaminopimelate decarboxylase,Other / unassigned,Novel/uncertain candidate,,,0.9824561403508772,57,57,False
GF_02106,Sandh_2014_Nostoc_punctiforme,Sandh et al. 2014,Nostoc punctiforme PCC 73102,1,Npun_R0092,WP_012406922.1,"metG Methionyl-tRNA synthetase, class Ia, T",Log2 Ratio (Heterocyst/Filaments)=-1.982772051226509; Variability [%]=10.0913041066641; Peptide Pair Count=5;2,old_locus_tag,Highly Pure,methionine--tRNA ligase,Housekeeping / lineage marker,Housekeeping marker (not a transplant candidate),,,0.9838709677419356,62,62,False
GF_02107,Sandh_2014_Nostoc_punctiforme,Sandh et al. 2014,Nostoc punctiforme PCC 73102,1,Npun_R0847,WP_012407607.1,dapA; Dihydrodipicolinate synthase subfa,Log2 Ratio (Heterocyst/Filaments)=-2.408487610170308; Variability [%]=20.3861483045076; Peptide Pair Count=3;4,old_locus_tag,Highly Pure,4-hydroxy-tetrahydrodipicolinate synthase,Other / unassigned,Novel/uncertain candidate,,,0.9814814814814816,54,54,False
GF_02109,Welkie_2014_Cyanothece_PCC7822,Welkie et al. 2014,Gloeothece verrucosa PCC 7822,1,Cyan7822_3896,WP_013323895.1,ref|YP_003889102.1| phycocyanin subunit alpha [Cyanothece sp. PCC 7822],CT_D0=1.15366744453267; CT_D3=1.301459739; CT_L0=1.65618861160526; CT_L3=1.00827973241561,old_locus_tag,Model-Supported,phycocyanin subunit alpha,Other / unassigned,Novel/uncertain candidate,144.0,0.7384370015948963,0.8571428571428571,42,42,False
GF_02113,Sandh_2014_Nostoc_punctiforme,Sandh et al. 2014,Nostoc punctiforme PCC 73102,2,Npun_R0132,WP_012406961.1,QcrA; Plastoquinol--plastocyanin reducta,Log2 Ratio (Heterocyst/Filaments)=0.5123338078794495; Variability [%]=16.1301123409207; Peptide Pair Count=3;6 | Log2 Ratio (Heterocyst/Filaments)=0.5123338078794495; Variability [%]=16.1301123409207; Peptide Pair Count=3;6,old_locus_tag,Model-Supported,cytochrome b6-f complex iron-sulfur subunit,Metallocluster & Fe-S biogenesis,FOX-consistent support function (plausible rediscovery),69.0,0.3389154704944178,0.7906976744186046,86,86,False
GF_02124,Sandh_2014_Nostoc_punctiforme,Sandh et al. 2014,Nostoc punctiforme PCC 73102,2,Npun_F1087,WP_012407834.1,pheTb; Bacterial phenylalanyl-tRNA synth,Log2 Ratio (Heterocyst/Filaments)=-0.7677547262686126; Variability [%]=17.7923626943349; Peptide Pair Count=4;2 | Log2 Ratio (Heterocyst/Filaments)=-0.7677547262686126; Variability [%]=17.7923626943349; Peptide Pair Count=4;2,old_locus_tag,Highly Pure,phenylalanine--tRNA ligase subunit beta,Housekeeping / lineage marker,Housekeeping marker (not a transplant candidate),,,0.9824561403508772,57,57,False
GF_02128,Sandh_2014_Nostoc_punctiforme,Sandh et al. 2014,Nostoc punctiforme PCC 73102,2,Npun_F4201,WP_012410543.1,RbcS; AAA ATPase; central region (RuBisCO activase),Log2 Ratio (Heterocyst/Filaments)=-0.5555391277116343; Variability [%]=73.0848842312173; Peptide Pair Count=2;2 | 24h Log2 Ratio (Het/Fil) (Present study)=-0.5555391277116343; Variability [%]=73.0848842312173; Peptide Pair Count=2;2; Steady state Log2 ratio [7]=-0.7348456175500316,old_locus_tag,Highly Pure,ribulose bisphosphate carboxylase small subunit,Other / unassigned,Novel/uncertain candidate,,,0.9807692307692308,52,52,False
GF_02130,Held_2022_Trichodesmium_IMS101,Held et al. 2022,Trichodesmium erythraeum IMS101,1,Tery_4322,WP_011613642.1,Tery_4322 alr4839 protein of unknown function DUF88 [Trichodesmium erythraeum IMS101: NC_008312],mean_relative_abundance=5.435; max=9.125@6h; min=2.929@0h; dynamic_range=6.196,old_locus_tag,Model-Supported,NYN domain-containing protein,Other / unassigned,Novel/uncertain candidate,102.0,0.6124401913875598,0.4655172413793103,232,232,False
GF_02130,Panda_2025_Crocosphaera_ATCC51142,Panda et al. 2025,Crocosphaera subtropica ATCC 51142,1,cce_3317,WP_009545507.1,NYN domain-containing protein,Two-way ANOVA p value nitrate=0.00014028433846013; Two-way ANOVA p value lightordark=0.808188172749955; Two-way ANOVA p value Interaction=0.140112033233148; D-_avgLFQ=26.4167761802673; D+_avgLFQ=26.8042197227478; L-_avgLFQ=26.2845425605774; L+_avgLFQ=26.9857401847839; D-_D+(logFC)=-0.3874435424805007; L-_L+(logFC)=-0.7011976242065003,old_locus_tag,Model-Supported,NYN domain-containing protein,Other / unassigned,Novel/uncertain candidate,102.0,0.6124401913875598,0.4655172413793103,232,232,False
GF_02131,Held_2022_Trichodesmium_IMS101,Held et al. 2022,Trichodesmium erythraeum IMS101,1,Tery_4685,WP_011613966.1,"Tery_4685 cob(I)yrinic acid a,c-diamide adenosyltransferase (EC 2.5.1.17) [Trichodesmium erythraeum IMS101: NC_008312]",mean_relative_abundance=22.01; max=32.5@20h; min=17.11@6h; dynamic_range=15.39,old_locus_tag,Model-Supported,cob(I)yrinic acid a%2Cc-diamide adenosyltransferase,Other / unassigned,Novel/uncertain candidate,357.0,0.2703349282296651,0.546583850931677,161,161,False
GF_02134,Panda_2025_Crocosphaera_ATCC51142,Panda et al. 2025,Crocosphaera subtropica ATCC 51142,1,cce_3523,WP_009545310.1,BMC domain-containing protein,Two-way ANOVA p value nitrate=0.00508755489851119; Two-way ANOVA p value lightordark=0.458840343161221; Two-way ANOVA p value Interaction=0.237246875636293; D-_avgLFQ=24.1387186050415; D+_avgLFQ=22.8969912528992; L-_avgLFQ=25.2858781814575; L+_avgLFQ=22.6237335205078; D-_D+(logFC)=1.241727352142302; L-_L+(logFC)=2.6621446609497035,old_locus_tag,,,,,,,,,,
GF_02136,Held_2022_Trichodesmium_IMS101,Held et al. 2022,Trichodesmium erythraeum IMS101,1,Tery_1578,WP_011611234.1,"Tery_1578 ndhI NADH-plastoquinone oxidoreductase, I subunit [Trichodesmium erythraeum IMS101: NC_008312]",mean_relative_abundance=23.04; max=34.96@4h; min=16.98@13h; dynamic_range=17.98,old_locus_tag,Model-Supported,NAD(P)H-quinone oxidoreductase subunit I,Other / unassigned,Novel/uncertain candidate,545.0,0.0996810207336523,0.4131274131274131,259,259,False
GF_02136,Panda_2025_Crocosphaera_ATCC51142,Panda et al. 2025,Crocosphaera subtropica ATCC 51142,1,cce_2223,WP_009546970.1,NAD(P)H-quinone oxidoreductase subunit I,Two-way ANOVA p value nitrate=1.95441212003228e-05; Two-way ANOVA p value lightordark=0.486180998855552; Two-way ANOVA p value Interaction=0.135318013271052; D-_avgLFQ=28.7403388023376; D+_avgLFQ=29.0650229454041; L-_avgLFQ=28.6850156784058; L+_avgLFQ=29.2104206085205; D-_D+(logFC)=-0.3246841430664986; L-_L+(logFC)=-0.5254049301146999,old_locus_tag,Model-Supported,NAD(P)H-quinone oxidoreductase subunit I,Other / unassigned,Novel/uncertain candidate,545.0,0.0996810207336523,0.4131274131274131,259,259,False
GF_02136,Welkie_2014_Cyanothece_PCC7822,Welkie et al. 2014,Gloeothece verrucosa PCC 7822,1,Cyan7822_2521,WP_013322598.1,"ref|YP_003887768.1| NADH-plastoquinone oxidoreductase, I subunit [Cyanothece sp. PCC 7822]",CT_D0=1.36970212153267; CT_D3=1.322426893; CT_L0=1.18031576860526; CT_L3=1.24715074441561,old_locus_tag,Model-Supported,NAD(P)H-quinone oxidoreductase subunit I,Other / unassigned,Novel/uncertain candidate,545.0,0.0996810207336523,0.4131274131274131,259,259,False
GF_02137,Panda_2025_Crocosphaera_ATCC51142,Panda et al. 2025,Crocosphaera subtropica ATCC 51142,1,cce_2134,WP_009546886.1,D-3-phosphoglycerate dehydrogenase,Two-way ANOVA p value nitrate=2.01161921994807e-05; Two-way ANOVA p value lightordark=0.0355680855886557; Two-way ANOVA p value Interaction=0.18842199011938; D-_avgLFQ=28.8522639274597; D+_avgLFQ=28.1884417533875; L-_avgLFQ=28.5460610389709; L+_avgLFQ=28.1092591285706; D-_D+(logFC)=0.6638221740721981; L-_L+(logFC)=0.4368019104003018,old_locus_tag,,,,,,,,,,
GF_02137,Welkie_2014_Cyanothece_PCC7822,Welkie et al. 2014,Gloeothece verrucosa PCC 7822,1,Cyan7822_2869,WP_013322933.1,ref|YP_003888103.1| D-3-phosphoglycerate dehydrogenase [Cyanothece sp. PCC 7822],CT_D0=1.26165364453267; CT_D3=1.232572956; CT_L0=1.20431300260526; CT_L3=1.42105592341561,old_locus_tag,,,,,,,,,,
GF_02138,Panda_2025_Crocosphaera_ATCC51142,Panda et al. 2025,Crocosphaera subtropica ATCC 51142,1,cce_2936,WP_009547395.1,4-hydroxy-tetrahydrodipicolinate reductase,Two-way ANOVA p value nitrate=3.69693570560671e-07; Two-way ANOVA p value lightordark=0.504941527657577; Two-way ANOVA p value Interaction=0.511928480425084; D-_avgLFQ=26.6493601799011; D+_avgLFQ=25.5522789955139; L-_avgLFQ=26.6480093002319; L+_avgLFQ=25.3913750648499; D-_D+(logFC)=1.0970811843872035; L-_L+(logFC)=1.256634235382002,old_locus_tag,,,,,,,,,,
GF_02140,Held_2022_Trichodesmium_IMS101,Held et al. 2022,Trichodesmium erythraeum IMS101,1,Tery_4509,WP_011613816.1,Tery_4509 fusA2 translation elongation factor 2 (EF-2/EF-G) [Trichodesmium erythraeum IMS101: NC_008312],mean_relative_abundance=298.5; max=400.3@6h; min=215.6@11h; dynamic_range=184.8,old_locus_tag,Model-Supported,elongation factor G,Other / unassigned,Novel/uncertain candidate,114.0,0.6200159489633174,0.2676056338028169,71,71,False
GF_02140,Panda_2025_Crocosphaera_ATCC51142,Panda et al. 2025,Crocosphaera subtropica ATCC 51142,1,cce_2051,WP_009545850.1,Elongation factor G,Two-way ANOVA p value nitrate=1.68026562910479e-05; Two-way ANOVA p value lightordark=0.619651505784818; Two-way ANOVA p value Interaction=0.933971806879064; D-_avgLFQ=29.9214301109314; D+_avgLFQ=29.1628341674805; L-_avgLFQ=29.9676585197449; L+_avgLFQ=29.227472782135; D-_D+(logFC)=0.7585959434508993; L-_L+(logFC)=0.7401857376099024,old_locus_tag,Model-Supported,elongation factor G,Other / unassigned,Novel/uncertain candidate,114.0,0.6200159489633174,0.2676056338028169,71,71,False
GF_02141,Panda_2025_Crocosphaera_ATCC51142,Panda et al. 2025,Crocosphaera subtropica ATCC 51142,1,cce_4627,WP_009543323.1,Transketolase,Two-way ANOVA p value nitrate=0.296575778662305; Two-way ANOVA p value lightordark=0.664113623947072; Two-way ANOVA p value Interaction=0.0683402914447469; D-_avgLFQ=31.6503667831421; D+_avgLFQ=31.7542209625244; L-_avgLFQ=31.8278493881226; L+_avgLFQ=31.4752745628357; D-_D+(logFC)=-0.10385417938229935; L-_L+(logFC)=0.35257482528690076,old_locus_tag,Model-Supported,transketolase,Other / unassigned,Novel/uncertain candidate,4.0,0.9792663476874004,0.7755102040816326,98,98,False
GF_02141,Sandh_2014_Nostoc_punctiforme,Sandh et al. 2014,Nostoc punctiforme PCC 73102,2,Npun_R4557,WP_012410878.1,tkl; Bacterial transketolase,Log2 Ratio (Heterocyst/Filaments)=-2.068640840071733; Variability [%]=29.7787725189291; Peptide Pair Count=12;13 | 24h Log2 Ratio (Het/Fil) (Present study)=-2.068640840071733; Variability [%]=29.7787725189291; Peptide Pair Count=12;13; Steady state Log2 ratio [7]=-0.7679845639632119,old_locus_tag,Model-Supported,transketolase,Other / unassigned,Novel/uncertain candidate,4.0,0.9792663476874004,0.7755102040816326,98,98,False
GF_02143,Sandh_2014_Nostoc_punctiforme,Sandh et al. 2014,Nostoc punctiforme PCC 73102,2,Npun_F0501,WP_012407303.1,IscA; Protein of unknown function; HesB/,Log2 Ratio (Heterocyst/Filaments)=-2.0733284666254277; Variability [%]=14.7063561254585; Peptide Pair Count=1;1 | Log2 Ratio (Heterocyst/Filaments)=-2.0733284666254277; Variability [%]=14.7063561254585; Peptide Pair Count=1;1,old_locus_tag,Model-Supported,iron-sulfur cluster assembly accessory protein,Metallocluster & Fe-S biogenesis,FOX-consistent support function (plausible rediscovery),64.0,0.6140350877192983,0.7075471698113207,106,106,False
GF_02157,Held_2022_Trichodesmium_IMS101,Held et al. 2022,Trichodesmium erythraeum IMS101,1,Tery_1850,WP_011611481.1,"Tery_1850 acetolactate synthase, small subunit (EC 2.2.1.6) [Trichodesmium erythraeum IMS101: NC_008312]",mean_relative_abundance=37.29; max=53.11@11h; min=21.67@6h; dynamic_range=31.44,old_locus_tag,Model-Supported,acetolactate synthase small subunit,Other / unassigned,Novel/uncertain candidate,317.0,0.4661084529505582,0.5266272189349113,169,169,False
GF_02157,Panda_2025_Crocosphaera_ATCC51142,Panda et al. 2025,Crocosphaera subtropica ATCC 51142,1,cce_0628,WP_009547809.1,Acetolactate synthase small subunit,Two-way ANOVA p value nitrate=0.105509742388375; Two-way ANOVA p value lightordark=0.063571072667062; Two-way ANOVA p value Interaction=0.0300761649006123; D-_avgLFQ=26.1843843460083; D+_avgLFQ=26.1380076408386; L-_avgLFQ=25.8897085189819; L+_avgLFQ=26.1652030944824; D-_D+(logFC)=0.04637670516969905; L-_L+(logFC)=-0.27549457550049894,old_locus_tag,Model-Supported,acetolactate synthase small subunit,Other / unassigned,Novel/uncertain candidate,317.0,0.4661084529505582,0.5266272189349113,169,169,False
GF_02157,Sandh_2014_Nostoc_punctiforme,Sandh et al. 2014,Nostoc punctiforme PCC 73102,2,Npun_F1890,WP_012408560.1,acolacS; Acetolactate synthase; small su,Log2 Ratio (Heterocyst/Filaments)=-0.4202379724128963; Variability [%]=62.6407766777062; Peptide Pair Count=3;2 | 24h Log2 Ratio (Het/Fil) (Present study)=-0.4202379724128963; Variability [%]=62.6407766777062; Peptide Pair Count=3;2; Steady state Log2 ratio [7]=-0.06417082231289742,old_locus_tag,Model-Supported,acetolactate synthase small subunit,Other / unassigned,Novel/uncertain candidate,317.0,0.4661084529505582,0.5266272189349113,169,169,False
GF_02158,Held_2022_Trichodesmium_IMS101,Held et al. 2022,Trichodesmium erythraeum IMS101,1,Tery_3745,WP_011613129.1,Tery_3745 precorrin-8X methylmutase (EC 5.4.1.2) [Trichodesmium erythraeum IMS101: NC_008312],mean_relative_abundance=9.42; max=13.67@0h; min=5.362@13h; dynamic_range=8.306,old_locus_tag,Model-Supported,precorrin-8X methylmutase,Other / unassigned,Novel/uncertain candidate,156.0,0.4039074960127591,0.8666666666666667,75,75,False
GF_02165,Sandh_2014_Nostoc_punctiforme,Sandh et al. 2014,Nostoc punctiforme PCC 73102,2,Npun_R5799,WP_012412040.1,Dps; Ferritin and Dps,Log2 Ratio (Heterocyst/Filaments)=-0.21198221019669508; Variability [%]=14.9404970767255; Peptide Pair Count=5;5 | 24h Log2 Ratio (Het/Fil) (Present study)=-0.21198221019669508; Variability [%]=14.9404970767255; Peptide Pair Count=5;5; Steady state Log2 ratio [7]=2.07787895980558,old_locus_tag,Highly Pure,Dps family protein,Other / unassigned,Novel/uncertain candidate,,,0.9545454545454546,66,66,False
GF_02169,Sandh_2014_Nostoc_punctiforme,Sandh et al. 2014,Nostoc punctiforme PCC 73102,2,Npun_F1590,WP_012408293.1,PntA; NAD(P)(+) transhydrogenase (AB-spe,Log2 Ratio (Heterocyst/Filaments)=-0.22347601279598794; Variability [%]=8.28889378941773; Peptide Pair Count=5;3 | 24h Log2 Ratio (Het/Fil) (Present study)=-0.22347601279598794; Variability [%]=8.28889378941773; Peptide Pair Count=5;3; Steady state Log2 ratio [7]=0.741494246197426,old_locus_tag,Highly Pure,Re/Si-specific NAD(P)(+) transhydrogenase subunit alpha,Other / unassigned,Novel/uncertain candidate,,,0.9565217391304348,69,69,False
GF_02172,Held_2022_Trichodesmium_IMS101,Held et al. 2022,Trichodesmium erythraeum IMS101,1,Tery_4616,WP_011613906.1,Tery_4616 folE GTP cyclohydrolase I (EC 3.5.4.16) [Trichodesmium erythraeum IMS101: NC_008312],mean_relative_abundance=16.63; max=27.37@6h; min=6.637@1h; dynamic_range=20.74,old_locus_tag,Model-Supported,GTP cyclohydrolase I FolE,Other / unassigned,Novel/uncertain candidate,155.0,0.5247208931419458,0.4912280701754385,114,114,False
GF_02178,Sandh_2014_Nostoc_punctiforme,Sandh et al. 2014,Nostoc punctiforme PCC 73102,2,Npun_F6373,WP_012412584.1,gyrB; DNA gyrase; subunit B,Log2 Ratio (Heterocyst/Filaments)=0.5594609540224483; Variability [%]=8.59455262163705; Peptide Pair Count=8;10 | Log2 Ratio (Heterocyst/Filaments)=0.5594609540224483; Variability [%]=8.59455262163705; Peptide Pair Count=8;10,old_locus_tag,Model-Supported,DNA topoisomerase (ATP-hydrolyzing) subunit B,Housekeeping / lineage marker,Housekeeping marker (not a transplant candidate),146.0,0.6084529505582137,0.7816091954022989,87,87,False
GF_02185,Sandh_2014_Nostoc_punctiforme,Sandh et al. 2014,Nostoc punctiforme PCC 73102,2,Npun_R4571,WP_012410891.1,topA; Bacterial DNA topoisomerase I,Log2 Ratio (Heterocyst/Filaments)=0.26979609922721687; Variability [%]=22.3282509674691; Peptide Pair Count=1;1 | Log2 Ratio (Heterocyst/Filaments)=0.26979609922721687; Variability [%]=22.3282509674691; Peptide Pair Count=1;1,old_locus_tag,Highly Pure,type I DNA topoisomerase,Housekeeping / lineage marker,Housekeeping marker (not a transplant candidate),,,0.9852941176470588,68,68,False
GF_02186,Sandh_2014_Nostoc_punctiforme,Sandh et al. 2014,Nostoc punctiforme PCC 73102,2,Npun_F4810,WP_012411115.1,psbO; Manganese-stabilizing protein/phot,Log2 Ratio (Heterocyst/Filaments)=0.8760303268038608; Variability [%]=2.73879833834399; Peptide Pair Count=24;30 | 24h Log2 Ratio (Het/Fil) (Present study)=0.8760303268038608; Variability [%]=2.73879833834399; Peptide Pair Count=24;30; Steady state Log2 ratio [7]=0.4514676438971559,old_locus_tag,Highly Pure,photosystem II manganese-stabilizing polypeptide,Housekeeping / lineage marker,Housekeeping marker (not a transplant candidate),,,0.9838709677419356,62,62,False
GF_02189,Sandh_2014_Nostoc_punctiforme,Sandh et al. 2014,Nostoc punctiforme PCC 73102,2,Npun_R5798,WP_012412039.1,cpsL; Carbamoyl-phosphate synthase; larg,Log2 Ratio (Heterocyst/Filaments)=-2.286945558658229; Variability [%]=5.8330879683983; Peptide Pair Count=2;3 | Log2 Ratio (Heterocyst/Filaments)=-2.286945558658229; Variability [%]=5.8330879683983; Peptide Pair Count=2;3,old_locus_tag,Highly Pure,carbamoyl-phosphate synthase large subunit,Other / unassigned,Novel/uncertain candidate,,,0.9565217391304348,69,69,False
GF_02194,Sandh_2014_Nostoc_punctiforme,Sandh et al. 2014,Nostoc punctiforme PCC 73102,1,Npun_R1027,WP_012407779.1,GlgB; 1;4-alpha-glucan branching enzyme.,Log2 Ratio (Heterocyst/Filaments)=-2.3729102562791997; Variability [%]=26.2241662571151; Peptide Pair Count=2;1,old_locus_tag,Model-Supported,alpha-amylase family glycosyl hydrolase,Other / unassigned,Novel/uncertain candidate,497.0,0.0992822966507177,0.8983050847457628,59,59,False
GF_02217,Sandh_2014_Nostoc_punctiforme,Sandh et al. 2014,Nostoc punctiforme PCC 73102,2,Npun_R1308,WP_012408045.1,gatA; Glutamyl-tRNA(Gln) amidotransferas,Log2 Ratio (Heterocyst/Filaments)=-1.9105036654343712; Variability [%]=13.0385414820847; Peptide Pair Count=11;10 | 24h Log2 Ratio (Het/Fil) (Present study)=-1.9105036654343712; Variability [%]=13.0385414820847; Peptide Pair Count=11;10; Steady state Log2 ratio [7]=-1.169382525053809,old_locus_tag,Model-Supported,Asp-tRNA(Asn)/Glu-tRNA(Gln) amidotransferase subunit GatA,Other / unassigned,Novel/uncertain candidate,462.0,0.2224880382775119,0.7831325301204819,83,83,False
GF_02218,Held_2022_Trichodesmium_IMS101,Held et al. 2022,Trichodesmium erythraeum IMS101,1,Tery_5068,WP_011614265.1,"Tery_5068 sigA RNA polymerase, sigma 28 subunit, SigD/FliA/WhiG [Trichodesmium erythraeum IMS101: NC_008312]",mean_relative_abundance=14.1; max=19.07@23h; min=5.841@12h; dynamic_range=13.23,old_locus_tag,Model-Supported,RNA polymerase sigma factor RpoD,Housekeeping / lineage marker,Housekeeping marker (not a transplant candidate),199.0,0.4150717703349282,0.5,178,178,False
GF_02218,Welkie_2014_Cyanothece_PCC7822,Welkie et al. 2014,Gloeothece verrucosa PCC 7822,1,Cyan7822_2551,WP_013322628.1,ref|YP_003887798.1| RpoD subfamily RNA polymerase sigma-70 factor [Cyanothece sp. PCC 7822],CT_D0=1.31269149953267; CT_D3=1.251988203; CT_L0=1.24089119660526; CT_L3=1.31402462841561,old_locus_tag,Model-Supported,RNA polymerase sigma factor RpoD,Housekeeping / lineage marker,Housekeeping marker (not a transplant candidate),199.0,0.4150717703349282,0.5,178,178,False
GF_02221,Panda_2025_Crocosphaera_ATCC51142,Panda et al. 2025,Crocosphaera subtropica ATCC 51142,1,cce_0563,WP_009546643.1,Nitrogenase iron-molybdenum cofactor biosynthesis protein NifE,Two-way ANOVA p value nitrate=7.38979668584627e-06; Two-way ANOVA p value lightordark=2.33614738634644e-05; Two-way ANOVA p value Interaction=0.000125916936889273; D-_avgLFQ=25.4976778030396; D+_avgLFQ=22.1786684989929; L-_avgLFQ=22.3892488479614; L+_avgLFQ=21.8965501785278; D-_D+(logFC)=3.319009304046702; L-_L+(logFC)=0.49269866943360086,old_locus_tag,Highly Pure,nitrogenase iron-molybdenum cofactor biosynthesis protein NifE,Nitrogenase / nif machinery,Rediscovery: core diazotrophy/FOX machinery,,,0.9882352941176472,85,85,True
GF_02221,Welkie_2014_Cyanothece_PCC7822,Welkie et al. 2014,Gloeothece verrucosa PCC 7822,1,Cyan7822_3678,WP_013323684.1,ref|YP_003888890.1| nitrogenase MoFe cofactor biosynthesis protein NifE [Cyanothece sp. PCC 7822],CT_D0=1.20372824953267; CT_D3=1.77393813; CT_L0=1.20865211160526; CT_L3=0.933277036415608,old_locus_tag,Highly Pure,nitrogenase iron-molybdenum cofactor biosynthesis protein NifE,Nitrogenase / nif machinery,Rediscovery: core diazotrophy/FOX machinery,,,0.9882352941176472,85,85,True
GF_02222,Held_2022_Trichodesmium_IMS101,Held et al. 2022,Trichodesmium erythraeum IMS101,1,Tery_4196,WP_011613530.1,Tery_4196 D-3-phosphoglycerate dehydrogenase (EC 1.1.1.95) [Trichodesmium erythraeum IMS101: NC_008312],mean_relative_abundance=110.1; max=141.6@12h; min=91.78@18h; dynamic_range=49.86,old_locus_tag,Model-Supported,phosphoglycerate dehydrogenase,Other / unassigned,FOX-consistent support function (plausible rediscovery),10.0,0.8536682615629985,0.8846153846153846,78,78,False
GF_02222,Sandh_2014_Nostoc_punctiforme,Sandh et al. 2014,Nostoc punctiforme PCC 73102,2,Npun_R5218,WP_012411500.1,pgdh; D-3-phosphoglycerate dehydrogenase,Log2 Ratio (Heterocyst/Filaments)=-2.112307361429591; Variability [%]=14.9262135036079; Peptide Pair Count=3;3 | Log2 Ratio (Heterocyst/Filaments)=-2.112307361429591; Variability [%]=14.9262135036079; Peptide Pair Count=3;3,old_locus_tag,Model-Supported,phosphoglycerate dehydrogenase,Other / unassigned,FOX-consistent support function (plausible rediscovery),10.0,0.8536682615629985,0.8846153846153846,78,78,False
GF_02223,Held_2022_Trichodesmium_IMS101,Held et al. 2022,Trichodesmium erythraeum IMS101,1,Tery_1823,WP_011611455.1,Tery_1823 geranylgeranyl reductase [Trichodesmium erythraeum IMS101: NC_008312],mean_relative_abundance=31.78; max=42.62@22h; min=14.83@6h; dynamic_range=27.8,old_locus_tag,Model-Supported,geranylgeranyl reductase,Other / unassigned,Novel/uncertain candidate,103.0,0.4210526315789473,0.403921568627451,255,255,False
GF_02223,Panda_2025_Crocosphaera_ATCC51142,Panda et al. 2025,Crocosphaera subtropica ATCC 51142,1,cce_3146,WP_009547467.1,Geranylgeranyl diphosphate reductase,Two-way ANOVA p value nitrate=0.210825741564391; Two-way ANOVA p value lightordark=0.0150133985871531; Two-way ANOVA p value Interaction=0.253114713185385; D-_avgLFQ=26.6658267974854; D+_avgLFQ=26.641743183136; L-_avgLFQ=27.4659929275513; L+_avgLFQ=26.9659337997437; D-_D+(logFC)=0.02408361434940076; L-_L+(logFC)=0.500059127807603,old_locus_tag,Model-Supported,geranylgeranyl reductase,Other / unassigned,Novel/uncertain candidate,103.0,0.4210526315789473,0.403921568627451,255,255,False
GF_02223,Sandh_2014_Nostoc_punctiforme,Sandh et al. 2014,Nostoc punctiforme PCC 73102,2,Npun_F3720,WP_012410081.1,BchP-ChlP; Geranylgeranyl reductase,Log2 Ratio (Heterocyst/Filaments)=-1.3469444136858064; Variability [%]=57.0376589782322; Peptide Pair Count=3;2 | Log2 Ratio (Heterocyst/Filaments)=-1.3469444136858064; Variability [%]=57.0376589782322; Peptide Pair Count=3;2,old_locus_tag,Model-Supported,geranylgeranyl reductase,Other / unassigned,Novel/uncertain candidate,103.0,0.4210526315789473,0.403921568627451,255,255,False
GF_02223,Welkie_2014_Cyanothece_PCC7822,Welkie et al. 2014,Gloeothece verrucosa PCC 7822,1,Cyan7822_2454,WP_216701576.1,ref|YP_003887703.1| geranylgeranyl reductase [Cyanothece sp. PCC 7822],CT_D0=0.974172217532668; CT_D3=0.732285629; CT_L0=1.24900487760526; CT_L3=2.16413280341561,old_locus_tag,Model-Supported,geranylgeranyl reductase,Other / unassigned,Novel/uncertain candidate,103.0,0.4210526315789473,0.403921568627451,255,255,False
GF_02225,Panda_2025_Crocosphaera_ATCC51142,Panda et al. 2025,Crocosphaera subtropica ATCC 51142,1,cce_4227,WP_009543700.1,Acetolactate synthase large subunit,Two-way ANOVA p value nitrate=2.11767700527617e-06; Two-way ANOVA p value lightordark=0.212844958158837; Two-way ANOVA p value Interaction=0.805008979297267; D-_avgLFQ=27.1754975318909; D+_avgLFQ=25.8232088088989; L-_avgLFQ=26.9320368766785; L+_avgLFQ=25.658118724823; D-_D+(logFC)=1.3522887229920002; L-_L+(logFC)=1.2739181518554972,old_locus_tag,,,,,,,,,,
GF_02225,Welkie_2014_Cyanothece_PCC7822,Welkie et al. 2014,Gloeothece verrucosa PCC 7822,1,Cyan7822_5298,WP_013325217.1,ref|YP_003890454.1| thiamine pyrophosphate protein domain-containing protein TPP-binding protein [Cyanothece sp. PCC 7822],CT_D0=1.30105443153267; CT_D3=1.38668068; CT_L0=1.18835136960526; CT_L3=1.24350904641561,old_locus_tag,,,,,,,,,,
GF_02227,Held_2022_Trichodesmium_IMS101,Held et al. 2022,Trichodesmium erythraeum IMS101,1,Tery_4099,WP_011613437.1,Tery_4099 fructose-bisphosphate aldolase (EC 4.1.2.13) [Trichodesmium erythraeum IMS101: NC_008312],mean_relative_abundance=193.3; max=242.4@18h; min=137.2@1h; dynamic_range=105.3,old_locus_tag,Model-Supported,class II fructose-bisphosphate aldolase,Carbon metabolism & NAD(P)H supply,Novel/uncertain candidate,68.0,0.3576555023923445,0.4144486692015209,263,263,False
GF_02227,Panda_2025_Crocosphaera_ATCC51142,Panda et al. 2025,Crocosphaera subtropica ATCC 51142,1,cce_1357,WP_009544176.1,"Fructose-1,6-bisphosphate aldolase",Two-way ANOVA p value nitrate=0.925421944285777; Two-way ANOVA p value lightordark=5.24783972142952e-05; Two-way ANOVA p value Interaction=0.179493303481705; D-_avgLFQ=31.0494976043701; D+_avgLFQ=31.2060775756836; L-_avgLFQ=31.8252825737; L+_avgLFQ=31.6883826255798; D-_D+(logFC)=-0.15657997131350143; L-_L+(logFC)=0.13689994812020245,old_locus_tag,Model-Supported,class II fructose-bisphosphate aldolase,Carbon metabolism & NAD(P)H supply,Novel/uncertain candidate,68.0,0.3576555023923445,0.4144486692015209,263,263,False
GF_02227,Sandh_2014_Nostoc_punctiforme,Sandh et al. 2014,Nostoc punctiforme PCC 73102,2,Npun_F5584,WP_012411833.1,cbbA; Ketose-bisphosphate aldolase; clas,Log2 Ratio (Heterocyst/Filaments)=-2.6654006699052557; Variability [%]=9.12294038075471; Peptide Pair Count=2;1 | Log2 Ratio (Heterocyst/Filaments)=-2.6654006699052557; Variability [%]=9.12294038075471; Peptide Pair Count=2;1,old_locus_tag,Model-Supported,class II fructose-bisphosphate aldolase,Carbon metabolism & NAD(P)H supply,Novel/uncertain candidate,68.0,0.3576555023923445,0.4144486692015209,263,263,False
GF_02227,Welkie_2014_Cyanothece_PCC7822,Welkie et al. 2014,Gloeothece verrucosa PCC 7822,1,Cyan7822_1659,WP_013321756.1,"ref|YP_003886924.1| fructose-bisphosphate aldolase, class II, Calvin cycle subtype [Cyanothece sp. PCC 7822]",CT_D0=1.14711448353267; CT_D3=0.968089436; CT_L0=1.24337720960526; CT_L3=1.76101439941561,old_locus_tag,Model-Supported,class II fructose-bisphosphate aldolase,Carbon metabolism & NAD(P)H supply,Novel/uncertain candidate,68.0,0.3576555023923445,0.4144486692015209,263,263,False
GF_02228,Held_2022_Trichodesmium_IMS101,Held et al. 2022,Trichodesmium erythraeum IMS101,1,Tery_4661,WP_011613946.1,Tery_4661 metK methionine adenosyltransferase (EC 2.5.1.6) [Trichodesmium erythraeum IMS101: NC_008312],mean_relative_abundance=334.6; max=506.1@11h; min=235.5@18h; dynamic_range=270.6,old_locus_tag,,,,,,,,,,
GF_02228,Welkie_2014_Cyanothece_PCC7822,Welkie et al. 2014,Gloeothece verrucosa PCC 7822,1,Cyan7822_1269,WP_013321379.1,ref|YP_003886547.1| S-adenosylmethionine synthetase [Cyanothece sp. PCC 7822],CT_D0=1.14793952053267; CT_D3=1.132483861; CT_L0=1.46489175960526; CT_L3=1.37428038741561,old_locus_tag,,,,,,,,,,
GF_02230,Held_2022_Trichodesmium_IMS101,Held et al. 2022,Trichodesmium erythraeum IMS101,1,Tery_4329,WP_011613648.1,Tery_4329 microcompartments protein [Trichodesmium erythraeum IMS101: NC_008312],mean_relative_abundance=10.81; max=14.83@6h; min=3.632@23h; dynamic_range=11.19,old_locus_tag,Model-Supported,carbon dioxide-concentrating mechanism protein CcmK,Other / unassigned,Novel/uncertain candidate,170.0,0.5143540669856459,0.6867469879518072,83,83,False
GF_02239,Panda_2025_Crocosphaera_ATCC51142,Panda et al. 2025,Crocosphaera subtropica ATCC 51142,1,cce_2652,WP_009544659.1,Phycocyanin alpha subunit,Two-way ANOVA p value nitrate=4.13939492126408e-07; Two-way ANOVA p value lightordark=0.506336505770293; Two-way ANOVA p value Interaction=0.00380285375445054; D-_avgLFQ=33.4064702987671; D+_avgLFQ=35.2748527526855; L-_avgLFQ=33.8083953857422; L+_avgLFQ=34.6825170516968; D-_D+(logFC)=-1.8683824539184002; L-_L+(logFC)=-0.874121665954597,old_locus_tag,,,,,,,,,,
GF_02239,Welkie_2014_Cyanothece_PCC7822,Welkie et al. 2014,Gloeothece verrucosa PCC 7822,1,Cyan7822_1651,WP_013321748.1,ref|YP_003886916.1| phycocyanin subunit alpha [Cyanothece sp. PCC 7822],CT_D0=1.24531004153267; CT_D3=1.247727967; CT_L0=1.42537549460526; CT_L3=1.20118202441561,old_locus_tag,,,,,,,,,,
GF_02241,Held_2022_Trichodesmium_IMS101,Held et al. 2022,Trichodesmium erythraeum IMS101,1,Tery_3385,WP_011612831.1,Tery_3385 atpD ATP synthase F1 subcomplex beta subunit [Trichodesmium erythraeum IMS101: NC_008312],mean_relative_abundance=680.6; max=822.1@12h; min=617@14h; dynamic_range=205.1,old_locus_tag,,,,,,,,,,
GF_02261,Held_2022_Trichodesmium_IMS101,Held et al. 2022,Trichodesmium erythraeum IMS101,1,Tery_1580,WP_011611236.1,Tery_1580 citrate synthase (EC 2.3.3.1) [Trichodesmium erythraeum IMS101: NC_008312],mean_relative_abundance=25.17; max=37.97@12h; min=14.53@14h; dynamic_range=23.43,old_locus_tag,Model-Supported,citrate synthase,Other / unassigned,Novel/uncertain candidate,97.0,0.7312599681020734,0.873015873015873,63,63,False
GF_02262,Held_2022_Trichodesmium_IMS101,Held et al. 2022,Trichodesmium erythraeum IMS101,1,Tery_4326,WP_011613645.1,Tery_4326 groS chaperonin Cpn10 [Trichodesmium erythraeum IMS101: NC_008312],mean_relative_abundance=56.63; max=92.65@18h; min=30.84@4h; dynamic_range=61.8,old_locus_tag,Model-Supported,co-chaperone GroES,Other / unassigned,Novel/uncertain candidate,64.0,0.775518341307815,0.276657060518732,347,347,False
GF_02262,Panda_2025_Crocosphaera_ATCC51142,Panda et al. 2025,Crocosphaera subtropica ATCC 51142,1,cce_1343,WP_008278381.1,Co-chaperonin GroES,Two-way ANOVA p value nitrate=7.11390115312508e-05; Two-way ANOVA p value lightordark=0.789919503018902; Two-way ANOVA p value Interaction=0.217269484035297; D-_avgLFQ=31.0519332885742; D+_avgLFQ=29.193874835968; L-_avgLFQ=30.6463937759399; L+_avgLFQ=29.4590911865234; D-_D+(logFC)=1.8580584526062012; L-_L+(logFC)=1.1873025894165004,old_locus_tag,Model-Supported,co-chaperone GroES,Other / unassigned,Novel/uncertain candidate,64.0,0.775518341307815,0.276657060518732,347,347,False
GF_02262,Welkie_2014_Cyanothece_PCC7822,Welkie et al. 2014,Gloeothece verrucosa PCC 7822,1,Cyan7822_0397,WP_013320552.1,ref|YP_003885717.1| Chaperonin Cpn10 [Cyanothece sp. PCC 7822],CT_D0=1.53867479353267; CT_D3=1.585101087; CT_L0=0.941184615605263; CT_L3=1.05463503141561,old_locus_tag,Model-Supported,co-chaperone GroES,Other / unassigned,Novel/uncertain candidate,64.0,0.775518341307815,0.276657060518732,347,347,False
GF_02266,Held_2022_Trichodesmium_IMS101,Held et al. 2022,Trichodesmium erythraeum IMS101,1,Tery_0742,WP_011610566.1,Tery_0742 coenzyme F420 hydrogenase/dehydrogenase beta subunit-like [Trichodesmium erythraeum IMS101: NC_008312],mean_relative_abundance=0.5432; max=2.056@4h; min=0@0h; dynamic_range=2.056,old_locus_tag,Model-Supported,Coenzyme F420 hydrogenase/dehydrogenase%2C beta subunit C-terminal domain,Other / unassigned,FOX-consistent support function (plausible rediscovery),20.0,0.6124401913875598,0.5300546448087432,183,183,False
GF_02266,Welkie_2014_Cyanothece_PCC7822,Welkie et al. 2014,Gloeothece verrucosa PCC 7822,1,Cyan7822_1352,WP_013321459.1,ref|YP_003886627.1| coenzyme F420 hydrogenase/dehydrogenase subunit beta domain-containing protein [Cyanothece sp. PCC 7822],CT_D0=1.21054114553267; CT_D3=1.265624104; CT_L0=1.07255259860526; CT_L3=1.57087767841561,old_locus_tag,Model-Supported,Coenzyme F420 hydrogenase/dehydrogenase%2C beta subunit C-terminal domain,Other / unassigned,FOX-consistent support function (plausible rediscovery),20.0,0.6124401913875598,0.5300546448087432,183,183,False
