scenario,fold,gene_family
training_prevalence_at_least40,1,GF_00002
training_prevalence_at_least40,1,GF_00008
training_prevalence_at_least40,1,GF_00011
training_prevalence_at_least40,1,GF_00012
training_prevalence_at_least40,1,GF_00013
training_prevalence_at_least40,1,GF_00014
training_prevalence_at_least40,1,GF_00015
training_prevalence_at_least40,1,GF_00017
training_prevalence_at_least40,1,GF_00018
training_prevalence_at_least40,1,GF_00036
training_prevalence_at_least40,1,GF_00043
training_prevalence_at_least40,1,GF_00046
training_prevalence_at_least40,1,GF_00047
training_prevalence_at_least40,1,GF_00048
training_prevalence_at_least40,1,GF_00049
training_prevalence_at_least40,1,GF_00051
training_prevalence_at_least40,1,GF_00071
training_prevalence_at_least40,1,GF_00072
training_prevalence_at_least40,1,GF_00073
training_prevalence_at_least40,1,GF_00074
training_prevalence_at_least40,1,GF_00077
training_prevalence_at_least40,1,GF_00078
training_prevalence_at_least40,1,GF_00079
training_prevalence_at_least40,1,GF_00080
training_prevalence_at_least40,1,GF_00081
training_prevalence_at_least40,1,GF_00082
training_prevalence_at_least40,1,GF_00083
training_prevalence_at_least40,1,GF_00084
training_prevalence_at_least40,1,GF_00085
training_prevalence_at_least40,1,GF_00087
training_prevalence_at_least40,1,GF_00088
training_prevalence_at_least40,1,GF_00093
training_prevalence_at_least40,1,GF_00094
training_prevalence_at_least40,1,GF_00104
training_prevalence_at_least40,1,GF_00105
training_prevalence_at_least40,1,GF_00106
training_prevalence_at_least40,1,GF_00107
training_prevalence_at_least40,1,GF_00108
training_prevalence_at_least40,1,GF_00109
training_prevalence_at_least40,1,GF_00111
training_prevalence_at_least40,1,GF_00112
training_prevalence_at_least40,1,GF_00113
training_prevalence_at_least40,1,GF_00114
training_prevalence_at_least40,1,GF_00115
training_prevalence_at_least40,1,GF_00116
training_prevalence_at_least40,1,GF_00117
training_prevalence_at_least40,1,GF_00120
training_prevalence_at_least40,1,GF_00121
training_prevalence_at_least40,1,GF_00122
training_prevalence_at_least40,1,GF_00123
training_prevalence_at_least40,1,GF_00124
training_prevalence_at_least40,1,GF_00125
training_prevalence_at_least40,1,GF_00136
training_prevalence_at_least40,1,GF_00137
training_prevalence_at_least40,1,GF_00138
training_prevalence_at_least40,1,GF_00139
training_prevalence_at_least40,1,GF_00141
training_prevalence_at_least40,1,GF_00142
training_prevalence_at_least40,1,GF_00143
training_prevalence_at_least40,1,GF_00155
training_prevalence_at_least40,1,GF_00164
training_prevalence_at_least40,1,GF_00178
training_prevalence_at_least40,1,GF_00179
training_prevalence_at_least40,1,GF_00180
training_prevalence_at_least40,1,GF_00185
training_prevalence_at_least40,1,GF_00220
training_prevalence_at_least40,1,GF_00228
training_prevalence_at_least40,1,GF_00229
training_prevalence_at_least40,1,GF_00235
training_prevalence_at_least40,1,GF_00244
training_prevalence_at_least40,1,GF_00251
training_prevalence_at_least40,1,GF_00262
training_prevalence_at_least40,1,GF_00281
training_prevalence_at_least40,1,GF_00290
training_prevalence_at_least40,1,GF_00296
training_prevalence_at_least40,1,GF_00300
training_prevalence_at_least40,1,GF_00302
training_prevalence_at_least40,1,GF_00303
training_prevalence_at_least40,1,GF_00305
training_prevalence_at_least40,1,GF_00309
training_prevalence_at_least40,1,GF_00311
training_prevalence_at_least40,1,GF_00312
training_prevalence_at_least40,1,GF_00313
training_prevalence_at_least40,1,GF_00314
training_prevalence_at_least40,1,GF_00315
training_prevalence_at_least40,1,GF_00316
training_prevalence_at_least40,1,GF_00318
training_prevalence_at_least40,1,GF_00319
training_prevalence_at_least40,1,GF_00320
training_prevalence_at_least40,1,GF_00321
training_prevalence_at_least40,1,GF_00323
training_prevalence_at_least40,1,GF_00325
training_prevalence_at_least40,1,GF_00326
training_prevalence_at_least40,1,GF_00327
training_prevalence_at_least40,1,GF_00329
training_prevalence_at_least40,1,GF_00330
training_prevalence_at_least40,1,GF_00331
training_prevalence_at_least40,1,GF_00333
training_prevalence_at_least40,1,GF_00335
training_prevalence_at_least40,1,GF_00336
training_prevalence_at_least40,1,GF_00340
training_prevalence_at_least40,1,GF_00341
training_prevalence_at_least40,1,GF_00342
training_prevalence_at_least40,1,GF_00343
training_prevalence_at_least40,1,GF_00344
training_prevalence_at_least40,1,GF_00346
training_prevalence_at_least40,1,GF_00347
training_prevalence_at_least40,1,GF_00348
training_prevalence_at_least40,1,GF_00349
training_prevalence_at_least40,1,GF_00350
training_prevalence_at_least40,1,GF_00351
training_prevalence_at_least40,1,GF_00352
training_prevalence_at_least40,1,GF_00353
training_prevalence_at_least40,1,GF_00358
training_prevalence_at_least40,1,GF_00360
training_prevalence_at_least40,1,GF_00362
training_prevalence_at_least40,1,GF_00363
training_prevalence_at_least40,1,GF_00365
training_prevalence_at_least40,1,GF_00369
training_prevalence_at_least40,1,GF_00378
training_prevalence_at_least40,1,GF_00381
training_prevalence_at_least40,1,GF_00384
training_prevalence_at_least40,1,GF_00385
training_prevalence_at_least40,1,GF_00386
training_prevalence_at_least40,1,GF_00387
training_prevalence_at_least40,1,GF_00388
training_prevalence_at_least40,1,GF_00390
training_prevalence_at_least40,1,GF_00391
training_prevalence_at_least40,1,GF_00393
training_prevalence_at_least40,1,GF_00395
training_prevalence_at_least40,1,GF_00396
training_prevalence_at_least40,1,GF_00400
training_prevalence_at_least40,1,GF_00401
training_prevalence_at_least40,1,GF_00402
training_prevalence_at_least40,1,GF_00403
training_prevalence_at_least40,1,GF_00404
training_prevalence_at_least40,1,GF_00405
training_prevalence_at_least40,1,GF_00406
training_prevalence_at_least40,1,GF_00408
training_prevalence_at_least40,1,GF_00409
training_prevalence_at_least40,1,GF_00413
training_prevalence_at_least40,1,GF_00414
training_prevalence_at_least40,1,GF_00415
training_prevalence_at_least40,1,GF_00419
training_prevalence_at_least40,1,GF_00422
training_prevalence_at_least40,1,GF_00424
training_prevalence_at_least40,1,GF_00426
training_prevalence_at_least40,1,GF_00427
training_prevalence_at_least40,1,GF_00428
training_prevalence_at_least40,1,GF_00429
training_prevalence_at_least40,1,GF_00430
training_prevalence_at_least40,1,GF_00431
training_prevalence_at_least40,1,GF_00432
training_prevalence_at_least40,1,GF_00433
training_prevalence_at_least40,1,GF_00434
training_prevalence_at_least40,1,GF_00435
training_prevalence_at_least40,1,GF_00436
training_prevalence_at_least40,1,GF_00437
training_prevalence_at_least40,1,GF_00438
training_prevalence_at_least40,1,GF_00440
training_prevalence_at_least40,1,GF_00441
training_prevalence_at_least40,1,GF_00455
training_prevalence_at_least40,1,GF_00457
training_prevalence_at_least40,1,GF_00458
training_prevalence_at_least40,1,GF_00471
training_prevalence_at_least40,1,GF_00472
training_prevalence_at_least40,1,GF_00477
training_prevalence_at_least40,1,GF_00480
training_prevalence_at_least40,1,GF_00488
training_prevalence_at_least40,1,GF_00489
training_prevalence_at_least40,1,GF_00491
training_prevalence_at_least40,1,GF_00503
training_prevalence_at_least40,1,GF_00522
training_prevalence_at_least40,1,GF_00523
training_prevalence_at_least40,1,GF_00524
training_prevalence_at_least40,1,GF_00525
training_prevalence_at_least40,1,GF_00527
training_prevalence_at_least40,1,GF_00528
training_prevalence_at_least40,1,GF_00529
training_prevalence_at_least40,1,GF_00530
training_prevalence_at_least40,1,GF_00531
training_prevalence_at_least40,1,GF_00536
training_prevalence_at_least40,1,GF_00538
training_prevalence_at_least40,1,GF_00546
training_prevalence_at_least40,1,GF_00547
training_prevalence_at_least40,1,GF_00548
training_prevalence_at_least40,1,GF_00549
training_prevalence_at_least40,1,GF_00564
training_prevalence_at_least40,1,GF_00565
training_prevalence_at_least40,1,GF_00566
training_prevalence_at_least40,1,GF_00569
training_prevalence_at_least40,1,GF_00570
training_prevalence_at_least40,1,GF_00574
training_prevalence_at_least40,1,GF_00578
training_prevalence_at_least40,1,GF_00580
training_prevalence_at_least40,1,GF_00588
training_prevalence_at_least40,1,GF_00593
training_prevalence_at_least40,1,GF_00594
training_prevalence_at_least40,1,GF_00599
training_prevalence_at_least40,1,GF_00602
training_prevalence_at_least40,1,GF_00603
training_prevalence_at_least40,1,GF_00604
training_prevalence_at_least40,1,GF_00605
training_prevalence_at_least40,1,GF_00606
training_prevalence_at_least40,1,GF_00607
training_prevalence_at_least40,1,GF_00608
training_prevalence_at_least40,1,GF_00609
training_prevalence_at_least40,1,GF_00611
training_prevalence_at_least40,1,GF_00612
training_prevalence_at_least40,1,GF_00613
training_prevalence_at_least40,1,GF_00614
training_prevalence_at_least40,1,GF_00618
training_prevalence_at_least40,1,GF_00619
training_prevalence_at_least40,1,GF_00620
training_prevalence_at_least40,1,GF_00621
training_prevalence_at_least40,1,GF_00622
training_prevalence_at_least40,1,GF_00623
training_prevalence_at_least40,1,GF_00624
training_prevalence_at_least40,1,GF_00632
training_prevalence_at_least40,1,GF_00633
training_prevalence_at_least40,1,GF_00635
training_prevalence_at_least40,1,GF_00636
training_prevalence_at_least40,1,GF_00637
training_prevalence_at_least40,1,GF_00638
training_prevalence_at_least40,1,GF_00641
training_prevalence_at_least40,1,GF_00642
training_prevalence_at_least40,1,GF_00643
training_prevalence_at_least40,1,GF_00655
training_prevalence_at_least40,1,GF_00658
training_prevalence_at_least40,1,GF_00661
training_prevalence_at_least40,1,GF_00669
training_prevalence_at_least40,1,GF_00680
training_prevalence_at_least40,1,GF_00681
training_prevalence_at_least40,1,GF_00682
training_prevalence_at_least40,1,GF_00683
training_prevalence_at_least40,1,GF_00684
training_prevalence_at_least40,1,GF_00687
training_prevalence_at_least40,1,GF_00688
training_prevalence_at_least40,1,GF_00695
training_prevalence_at_least40,1,GF_00699
training_prevalence_at_least40,1,GF_00709
training_prevalence_at_least40,1,GF_00722
training_prevalence_at_least40,1,GF_00723
training_prevalence_at_least40,1,GF_00724
training_prevalence_at_least40,1,GF_00725
training_prevalence_at_least40,1,GF_00726
training_prevalence_at_least40,1,GF_00727
training_prevalence_at_least40,1,GF_00728
training_prevalence_at_least40,1,GF_00729
training_prevalence_at_least40,1,GF_00732
training_prevalence_at_least40,1,GF_00736
training_prevalence_at_least40,1,GF_00740
training_prevalence_at_least40,1,GF_00741
training_prevalence_at_least40,1,GF_00744
training_prevalence_at_least40,1,GF_00751
training_prevalence_at_least40,1,GF_00755
training_prevalence_at_least40,1,GF_00756
training_prevalence_at_least40,1,GF_00771
training_prevalence_at_least40,1,GF_00773
training_prevalence_at_least40,1,GF_00777
training_prevalence_at_least40,1,GF_00796
training_prevalence_at_least40,1,GF_00810
training_prevalence_at_least40,1,GF_00811
training_prevalence_at_least40,1,GF_00813
training_prevalence_at_least40,1,GF_00814
training_prevalence_at_least40,1,GF_00816
training_prevalence_at_least40,1,GF_00819
training_prevalence_at_least40,1,GF_00828
training_prevalence_at_least40,1,GF_00843
training_prevalence_at_least40,1,GF_00845
training_prevalence_at_least40,1,GF_00856
training_prevalence_at_least40,1,GF_00857
training_prevalence_at_least40,1,GF_00860
training_prevalence_at_least40,1,GF_00864
training_prevalence_at_least40,1,GF_00866
training_prevalence_at_least40,1,GF_00867
training_prevalence_at_least40,1,GF_00868
training_prevalence_at_least40,1,GF_00869
training_prevalence_at_least40,1,GF_00870
training_prevalence_at_least40,1,GF_00872
training_prevalence_at_least40,1,GF_00873
training_prevalence_at_least40,1,GF_00874
training_prevalence_at_least40,1,GF_00887
training_prevalence_at_least40,1,GF_00888
training_prevalence_at_least40,1,GF_00895
training_prevalence_at_least40,1,GF_00916
training_prevalence_at_least40,1,GF_00927
training_prevalence_at_least40,1,GF_00930
training_prevalence_at_least40,1,GF_00931
training_prevalence_at_least40,1,GF_00932
training_prevalence_at_least40,1,GF_00933
training_prevalence_at_least40,1,GF_00947
training_prevalence_at_least40,1,GF_00949
training_prevalence_at_least40,1,GF_00957
training_prevalence_at_least40,1,GF_00958
training_prevalence_at_least40,1,GF_00959
training_prevalence_at_least40,1,GF_00960
training_prevalence_at_least40,1,GF_00963
training_prevalence_at_least40,1,GF_00966
training_prevalence_at_least40,1,GF_00968
training_prevalence_at_least40,1,GF_00969
training_prevalence_at_least40,1,GF_00970
training_prevalence_at_least40,1,GF_00971
training_prevalence_at_least40,1,GF_00972
training_prevalence_at_least40,1,GF_00982
training_prevalence_at_least40,1,GF_01005
training_prevalence_at_least40,1,GF_01026
training_prevalence_at_least40,1,GF_01027
training_prevalence_at_least40,1,GF_01028
training_prevalence_at_least40,1,GF_01054
training_prevalence_at_least40,1,GF_01230
training_prevalence_at_least40,1,GF_01231
training_prevalence_at_least40,1,GF_01232
training_prevalence_at_least40,1,GF_01233
training_prevalence_at_least40,1,GF_01234
training_prevalence_at_least40,1,GF_01235
training_prevalence_at_least40,1,GF_01236
training_prevalence_at_least40,1,GF_01237
training_prevalence_at_least40,1,GF_01239
training_prevalence_at_least40,1,GF_01240
training_prevalence_at_least40,1,GF_01241
training_prevalence_at_least40,1,GF_01244
training_prevalence_at_least40,1,GF_01245
training_prevalence_at_least40,1,GF_01246
training_prevalence_at_least40,1,GF_01247
training_prevalence_at_least40,1,GF_01248
training_prevalence_at_least40,1,GF_01266
training_prevalence_at_least40,1,GF_01279
training_prevalence_at_least40,1,GF_01287
training_prevalence_at_least40,1,GF_01290
training_prevalence_at_least40,1,GF_01292
training_prevalence_at_least40,1,GF_01293
training_prevalence_at_least40,1,GF_01297
training_prevalence_at_least40,1,GF_01306
training_prevalence_at_least40,1,GF_01314
training_prevalence_at_least40,1,GF_01315
training_prevalence_at_least40,1,GF_01327
training_prevalence_at_least40,1,GF_01328
training_prevalence_at_least40,1,GF_01329
training_prevalence_at_least40,1,GF_01330
training_prevalence_at_least40,1,GF_01331
training_prevalence_at_least40,1,GF_01332
training_prevalence_at_least40,1,GF_01333
training_prevalence_at_least40,1,GF_01334
training_prevalence_at_least40,1,GF_01337
training_prevalence_at_least40,1,GF_01338
training_prevalence_at_least40,1,GF_01357
training_prevalence_at_least40,1,GF_01372
training_prevalence_at_least40,1,GF_01374
training_prevalence_at_least40,1,GF_01375
training_prevalence_at_least40,1,GF_01376
training_prevalence_at_least40,1,GF_01377
training_prevalence_at_least40,1,GF_01381
training_prevalence_at_least40,1,GF_01382
training_prevalence_at_least40,1,GF_01383
training_prevalence_at_least40,1,GF_01384
training_prevalence_at_least40,1,GF_01385
training_prevalence_at_least40,1,GF_01386
training_prevalence_at_least40,1,GF_01387
training_prevalence_at_least40,1,GF_01390
training_prevalence_at_least40,1,GF_01391
training_prevalence_at_least40,1,GF_01393
training_prevalence_at_least40,1,GF_01394
training_prevalence_at_least40,1,GF_01395
training_prevalence_at_least40,1,GF_01396
training_prevalence_at_least40,1,GF_01397
training_prevalence_at_least40,1,GF_01399
training_prevalence_at_least40,1,GF_01400
training_prevalence_at_least40,1,GF_01401
training_prevalence_at_least40,1,GF_01425
training_prevalence_at_least40,1,GF_01426
training_prevalence_at_least40,1,GF_01439
training_prevalence_at_least40,1,GF_01445
training_prevalence_at_least40,1,GF_01446
training_prevalence_at_least40,1,GF_01448
training_prevalence_at_least40,1,GF_01449
training_prevalence_at_least40,1,GF_01456
training_prevalence_at_least40,1,GF_01458
training_prevalence_at_least40,1,GF_01460
training_prevalence_at_least40,1,GF_01461
training_prevalence_at_least40,1,GF_01462
training_prevalence_at_least40,1,GF_01466
training_prevalence_at_least40,1,GF_01476
training_prevalence_at_least40,1,GF_01477
training_prevalence_at_least40,1,GF_01479
training_prevalence_at_least40,1,GF_01487
training_prevalence_at_least40,1,GF_01502
training_prevalence_at_least40,1,GF_01504
training_prevalence_at_least40,1,GF_01512
training_prevalence_at_least40,1,GF_01527
training_prevalence_at_least40,1,GF_01534
training_prevalence_at_least40,1,GF_01536
training_prevalence_at_least40,1,GF_01538
training_prevalence_at_least40,1,GF_01539
training_prevalence_at_least40,1,GF_01540
training_prevalence_at_least40,1,GF_01541
training_prevalence_at_least40,1,GF_01542
training_prevalence_at_least40,1,GF_01543
training_prevalence_at_least40,1,GF_01544
training_prevalence_at_least40,1,GF_01547
training_prevalence_at_least40,1,GF_01549
training_prevalence_at_least40,1,GF_01552
training_prevalence_at_least40,1,GF_01553
training_prevalence_at_least40,1,GF_01579
training_prevalence_at_least40,1,GF_01580
training_prevalence_at_least40,1,GF_01583
training_prevalence_at_least40,1,GF_01584
training_prevalence_at_least40,1,GF_01591
training_prevalence_at_least40,1,GF_01592
training_prevalence_at_least40,1,GF_01598
training_prevalence_at_least40,1,GF_01617
training_prevalence_at_least40,1,GF_01618
training_prevalence_at_least40,1,GF_01621
training_prevalence_at_least40,1,GF_01623
training_prevalence_at_least40,1,GF_01625
training_prevalence_at_least40,1,GF_01626
training_prevalence_at_least40,1,GF_01627
training_prevalence_at_least40,1,GF_01628
training_prevalence_at_least40,1,GF_01629
training_prevalence_at_least40,1,GF_01634
training_prevalence_at_least40,1,GF_01635
training_prevalence_at_least40,1,GF_01636
training_prevalence_at_least40,1,GF_01637
training_prevalence_at_least40,1,GF_01638
training_prevalence_at_least40,1,GF_01641
training_prevalence_at_least40,1,GF_01648
training_prevalence_at_least40,1,GF_01672
training_prevalence_at_least40,1,GF_01673
training_prevalence_at_least40,1,GF_01674
training_prevalence_at_least40,1,GF_01676
training_prevalence_at_least40,1,GF_01677
training_prevalence_at_least40,1,GF_01678
training_prevalence_at_least40,1,GF_01679
training_prevalence_at_least40,1,GF_01680
training_prevalence_at_least40,1,GF_01683
training_prevalence_at_least40,1,GF_01684
training_prevalence_at_least40,1,GF_01685
training_prevalence_at_least40,1,GF_01689
training_prevalence_at_least40,1,GF_01690
training_prevalence_at_least40,1,GF_01691
training_prevalence_at_least40,1,GF_01692
training_prevalence_at_least40,1,GF_01693
training_prevalence_at_least40,1,GF_01732
training_prevalence_at_least40,1,GF_01733
training_prevalence_at_least40,1,GF_01734
training_prevalence_at_least40,1,GF_01735
training_prevalence_at_least40,1,GF_01736
training_prevalence_at_least40,1,GF_01737
training_prevalence_at_least40,1,GF_01741
training_prevalence_at_least40,1,GF_01742
training_prevalence_at_least40,1,GF_01745
training_prevalence_at_least40,1,GF_01763
training_prevalence_at_least40,1,GF_01783
training_prevalence_at_least40,1,GF_01799
training_prevalence_at_least40,1,GF_01801
training_prevalence_at_least40,1,GF_01803
training_prevalence_at_least40,1,GF_01805
training_prevalence_at_least40,1,GF_01806
training_prevalence_at_least40,1,GF_01807
training_prevalence_at_least40,1,GF_01808
training_prevalence_at_least40,1,GF_01809
training_prevalence_at_least40,1,GF_01810
training_prevalence_at_least40,1,GF_01811
training_prevalence_at_least40,1,GF_01812
training_prevalence_at_least40,1,GF_01813
training_prevalence_at_least40,1,GF_01814
training_prevalence_at_least40,1,GF_01815
training_prevalence_at_least40,1,GF_01816
training_prevalence_at_least40,1,GF_01817
training_prevalence_at_least40,1,GF_01818
training_prevalence_at_least40,1,GF_01819
training_prevalence_at_least40,1,GF_01822
training_prevalence_at_least40,1,GF_01834
training_prevalence_at_least40,1,GF_01836
training_prevalence_at_least40,1,GF_01837
training_prevalence_at_least40,1,GF_01840
training_prevalence_at_least40,1,GF_01841
training_prevalence_at_least40,1,GF_01844
training_prevalence_at_least40,1,GF_01856
training_prevalence_at_least40,1,GF_01860
training_prevalence_at_least40,1,GF_01868
training_prevalence_at_least40,1,GF_01870
training_prevalence_at_least40,1,GF_01872
training_prevalence_at_least40,1,GF_01897
training_prevalence_at_least40,1,GF_01898
training_prevalence_at_least40,1,GF_01899
training_prevalence_at_least40,1,GF_01900
training_prevalence_at_least40,1,GF_01901
training_prevalence_at_least40,1,GF_01902
training_prevalence_at_least40,1,GF_01904
training_prevalence_at_least40,1,GF_01919
training_prevalence_at_least40,1,GF_01923
training_prevalence_at_least40,1,GF_01925
training_prevalence_at_least40,1,GF_01926
training_prevalence_at_least40,1,GF_01927
training_prevalence_at_least40,1,GF_01928
training_prevalence_at_least40,1,GF_01929
training_prevalence_at_least40,1,GF_01930
training_prevalence_at_least40,1,GF_01945
training_prevalence_at_least40,1,GF_02041
training_prevalence_at_least40,1,GF_02069
training_prevalence_at_least40,1,GF_02070
training_prevalence_at_least40,1,GF_02071
training_prevalence_at_least40,1,GF_02075
training_prevalence_at_least40,1,GF_02076
training_prevalence_at_least40,1,GF_02081
training_prevalence_at_least40,1,GF_02084
training_prevalence_at_least40,1,GF_02085
training_prevalence_at_least40,1,GF_02089
training_prevalence_at_least40,1,GF_02091
training_prevalence_at_least40,1,GF_02092
training_prevalence_at_least40,1,GF_02093
training_prevalence_at_least40,1,GF_02094
training_prevalence_at_least40,1,GF_02101
training_prevalence_at_least40,1,GF_02110
training_prevalence_at_least40,1,GF_02113
training_prevalence_at_least40,1,GF_02130
training_prevalence_at_least40,1,GF_02131
training_prevalence_at_least40,1,GF_02136
training_prevalence_at_least40,1,GF_02137
training_prevalence_at_least40,1,GF_02138
training_prevalence_at_least40,1,GF_02139
training_prevalence_at_least40,1,GF_02140
training_prevalence_at_least40,1,GF_02141
training_prevalence_at_least40,1,GF_02142
training_prevalence_at_least40,1,GF_02143
training_prevalence_at_least40,1,GF_02145
training_prevalence_at_least40,1,GF_02152
training_prevalence_at_least40,1,GF_02157
training_prevalence_at_least40,1,GF_02158
training_prevalence_at_least40,1,GF_02172
training_prevalence_at_least40,1,GF_02178
training_prevalence_at_least40,1,GF_02180
training_prevalence_at_least40,1,GF_02184
training_prevalence_at_least40,1,GF_02192
training_prevalence_at_least40,1,GF_02216
training_prevalence_at_least40,1,GF_02217
training_prevalence_at_least40,1,GF_02218
training_prevalence_at_least40,1,GF_02219
training_prevalence_at_least40,1,GF_02220
training_prevalence_at_least40,1,GF_02222
training_prevalence_at_least40,1,GF_02223
training_prevalence_at_least40,1,GF_02224
training_prevalence_at_least40,1,GF_02225
training_prevalence_at_least40,1,GF_02226
training_prevalence_at_least40,1,GF_02227
training_prevalence_at_least40,1,GF_02228
training_prevalence_at_least40,1,GF_02229
training_prevalence_at_least40,1,GF_02230
training_prevalence_at_least40,1,GF_02260
training_prevalence_at_least40,1,GF_02262
training_prevalence_at_least40,1,GF_02263
training_prevalence_at_least40,1,GF_02264
training_prevalence_at_least40,1,GF_02265
training_prevalence_at_least40,1,GF_02266
training_prevalence_at_least40,2,GF_00002
training_prevalence_at_least40,2,GF_00008
training_prevalence_at_least40,2,GF_00011
training_prevalence_at_least40,2,GF_00012
training_prevalence_at_least40,2,GF_00014
training_prevalence_at_least40,2,GF_00015
training_prevalence_at_least40,2,GF_00017
training_prevalence_at_least40,2,GF_00018
training_prevalence_at_least40,2,GF_00036
training_prevalence_at_least40,2,GF_00043
training_prevalence_at_least40,2,GF_00046
training_prevalence_at_least40,2,GF_00047
training_prevalence_at_least40,2,GF_00048
training_prevalence_at_least40,2,GF_00049
training_prevalence_at_least40,2,GF_00051
training_prevalence_at_least40,2,GF_00071
training_prevalence_at_least40,2,GF_00072
training_prevalence_at_least40,2,GF_00073
training_prevalence_at_least40,2,GF_00074
training_prevalence_at_least40,2,GF_00076
training_prevalence_at_least40,2,GF_00077
training_prevalence_at_least40,2,GF_00078
training_prevalence_at_least40,2,GF_00079
training_prevalence_at_least40,2,GF_00081
training_prevalence_at_least40,2,GF_00082
training_prevalence_at_least40,2,GF_00083
training_prevalence_at_least40,2,GF_00084
training_prevalence_at_least40,2,GF_00085
training_prevalence_at_least40,2,GF_00087
training_prevalence_at_least40,2,GF_00088
training_prevalence_at_least40,2,GF_00093
training_prevalence_at_least40,2,GF_00094
training_prevalence_at_least40,2,GF_00104
training_prevalence_at_least40,2,GF_00105
training_prevalence_at_least40,2,GF_00107
training_prevalence_at_least40,2,GF_00108
training_prevalence_at_least40,2,GF_00109
training_prevalence_at_least40,2,GF_00111
training_prevalence_at_least40,2,GF_00112
training_prevalence_at_least40,2,GF_00113
training_prevalence_at_least40,2,GF_00114
training_prevalence_at_least40,2,GF_00115
training_prevalence_at_least40,2,GF_00116
training_prevalence_at_least40,2,GF_00117
training_prevalence_at_least40,2,GF_00120
training_prevalence_at_least40,2,GF_00121
training_prevalence_at_least40,2,GF_00122
training_prevalence_at_least40,2,GF_00123
training_prevalence_at_least40,2,GF_00124
training_prevalence_at_least40,2,GF_00125
training_prevalence_at_least40,2,GF_00136
training_prevalence_at_least40,2,GF_00137
training_prevalence_at_least40,2,GF_00138
training_prevalence_at_least40,2,GF_00139
training_prevalence_at_least40,2,GF_00141
training_prevalence_at_least40,2,GF_00142
training_prevalence_at_least40,2,GF_00143
training_prevalence_at_least40,2,GF_00155
training_prevalence_at_least40,2,GF_00164
training_prevalence_at_least40,2,GF_00178
training_prevalence_at_least40,2,GF_00179
training_prevalence_at_least40,2,GF_00180
training_prevalence_at_least40,2,GF_00185
training_prevalence_at_least40,2,GF_00220
training_prevalence_at_least40,2,GF_00228
training_prevalence_at_least40,2,GF_00229
training_prevalence_at_least40,2,GF_00244
training_prevalence_at_least40,2,GF_00251
training_prevalence_at_least40,2,GF_00262
training_prevalence_at_least40,2,GF_00281
training_prevalence_at_least40,2,GF_00290
training_prevalence_at_least40,2,GF_00296
training_prevalence_at_least40,2,GF_00300
training_prevalence_at_least40,2,GF_00302
training_prevalence_at_least40,2,GF_00303
training_prevalence_at_least40,2,GF_00305
training_prevalence_at_least40,2,GF_00309
training_prevalence_at_least40,2,GF_00311
training_prevalence_at_least40,2,GF_00312
training_prevalence_at_least40,2,GF_00313
training_prevalence_at_least40,2,GF_00314
training_prevalence_at_least40,2,GF_00315
training_prevalence_at_least40,2,GF_00316
training_prevalence_at_least40,2,GF_00318
training_prevalence_at_least40,2,GF_00319
training_prevalence_at_least40,2,GF_00321
training_prevalence_at_least40,2,GF_00323
training_prevalence_at_least40,2,GF_00324
training_prevalence_at_least40,2,GF_00325
training_prevalence_at_least40,2,GF_00326
training_prevalence_at_least40,2,GF_00327
training_prevalence_at_least40,2,GF_00329
training_prevalence_at_least40,2,GF_00330
training_prevalence_at_least40,2,GF_00331
training_prevalence_at_least40,2,GF_00333
training_prevalence_at_least40,2,GF_00335
training_prevalence_at_least40,2,GF_00336
training_prevalence_at_least40,2,GF_00339
training_prevalence_at_least40,2,GF_00340
training_prevalence_at_least40,2,GF_00341
training_prevalence_at_least40,2,GF_00342
training_prevalence_at_least40,2,GF_00343
training_prevalence_at_least40,2,GF_00344
training_prevalence_at_least40,2,GF_00346
training_prevalence_at_least40,2,GF_00347
training_prevalence_at_least40,2,GF_00349
training_prevalence_at_least40,2,GF_00350
training_prevalence_at_least40,2,GF_00351
training_prevalence_at_least40,2,GF_00352
training_prevalence_at_least40,2,GF_00353
training_prevalence_at_least40,2,GF_00358
training_prevalence_at_least40,2,GF_00360
training_prevalence_at_least40,2,GF_00362
training_prevalence_at_least40,2,GF_00363
training_prevalence_at_least40,2,GF_00364
training_prevalence_at_least40,2,GF_00365
training_prevalence_at_least40,2,GF_00369
training_prevalence_at_least40,2,GF_00381
training_prevalence_at_least40,2,GF_00384
training_prevalence_at_least40,2,GF_00385
training_prevalence_at_least40,2,GF_00386
training_prevalence_at_least40,2,GF_00387
training_prevalence_at_least40,2,GF_00388
training_prevalence_at_least40,2,GF_00390
training_prevalence_at_least40,2,GF_00391
training_prevalence_at_least40,2,GF_00393
training_prevalence_at_least40,2,GF_00395
training_prevalence_at_least40,2,GF_00396
training_prevalence_at_least40,2,GF_00400
training_prevalence_at_least40,2,GF_00401
training_prevalence_at_least40,2,GF_00402
training_prevalence_at_least40,2,GF_00403
training_prevalence_at_least40,2,GF_00404
training_prevalence_at_least40,2,GF_00405
training_prevalence_at_least40,2,GF_00408
training_prevalence_at_least40,2,GF_00409
training_prevalence_at_least40,2,GF_00413
training_prevalence_at_least40,2,GF_00414
training_prevalence_at_least40,2,GF_00415
training_prevalence_at_least40,2,GF_00419
training_prevalence_at_least40,2,GF_00422
training_prevalence_at_least40,2,GF_00424
training_prevalence_at_least40,2,GF_00426
training_prevalence_at_least40,2,GF_00427
training_prevalence_at_least40,2,GF_00429
training_prevalence_at_least40,2,GF_00430
training_prevalence_at_least40,2,GF_00431
training_prevalence_at_least40,2,GF_00432
training_prevalence_at_least40,2,GF_00433
training_prevalence_at_least40,2,GF_00434
training_prevalence_at_least40,2,GF_00435
training_prevalence_at_least40,2,GF_00436
training_prevalence_at_least40,2,GF_00437
training_prevalence_at_least40,2,GF_00438
training_prevalence_at_least40,2,GF_00440
training_prevalence_at_least40,2,GF_00441
training_prevalence_at_least40,2,GF_00455
training_prevalence_at_least40,2,GF_00457
training_prevalence_at_least40,2,GF_00458
training_prevalence_at_least40,2,GF_00471
training_prevalence_at_least40,2,GF_00477
training_prevalence_at_least40,2,GF_00480
training_prevalence_at_least40,2,GF_00488
training_prevalence_at_least40,2,GF_00489
training_prevalence_at_least40,2,GF_00503
training_prevalence_at_least40,2,GF_00522
training_prevalence_at_least40,2,GF_00523
training_prevalence_at_least40,2,GF_00524
training_prevalence_at_least40,2,GF_00525
training_prevalence_at_least40,2,GF_00527
training_prevalence_at_least40,2,GF_00528
training_prevalence_at_least40,2,GF_00529
training_prevalence_at_least40,2,GF_00530
training_prevalence_at_least40,2,GF_00531
training_prevalence_at_least40,2,GF_00536
training_prevalence_at_least40,2,GF_00538
training_prevalence_at_least40,2,GF_00546
training_prevalence_at_least40,2,GF_00547
training_prevalence_at_least40,2,GF_00548
training_prevalence_at_least40,2,GF_00564
training_prevalence_at_least40,2,GF_00565
training_prevalence_at_least40,2,GF_00566
training_prevalence_at_least40,2,GF_00569
training_prevalence_at_least40,2,GF_00570
training_prevalence_at_least40,2,GF_00580
training_prevalence_at_least40,2,GF_00588
training_prevalence_at_least40,2,GF_00599
training_prevalence_at_least40,2,GF_00603
training_prevalence_at_least40,2,GF_00604
training_prevalence_at_least40,2,GF_00606
training_prevalence_at_least40,2,GF_00607
training_prevalence_at_least40,2,GF_00609
training_prevalence_at_least40,2,GF_00611
training_prevalence_at_least40,2,GF_00612
training_prevalence_at_least40,2,GF_00613
training_prevalence_at_least40,2,GF_00614
training_prevalence_at_least40,2,GF_00616
training_prevalence_at_least40,2,GF_00617
training_prevalence_at_least40,2,GF_00618
training_prevalence_at_least40,2,GF_00619
training_prevalence_at_least40,2,GF_00620
training_prevalence_at_least40,2,GF_00622
training_prevalence_at_least40,2,GF_00623
training_prevalence_at_least40,2,GF_00624
training_prevalence_at_least40,2,GF_00632
training_prevalence_at_least40,2,GF_00633
training_prevalence_at_least40,2,GF_00635
training_prevalence_at_least40,2,GF_00636
training_prevalence_at_least40,2,GF_00637
training_prevalence_at_least40,2,GF_00638
training_prevalence_at_least40,2,GF_00642
training_prevalence_at_least40,2,GF_00643
training_prevalence_at_least40,2,GF_00655
training_prevalence_at_least40,2,GF_00658
training_prevalence_at_least40,2,GF_00661
training_prevalence_at_least40,2,GF_00669
training_prevalence_at_least40,2,GF_00682
training_prevalence_at_least40,2,GF_00683
training_prevalence_at_least40,2,GF_00688
training_prevalence_at_least40,2,GF_00699
training_prevalence_at_least40,2,GF_00709
training_prevalence_at_least40,2,GF_00723
training_prevalence_at_least40,2,GF_00724
training_prevalence_at_least40,2,GF_00725
training_prevalence_at_least40,2,GF_00726
training_prevalence_at_least40,2,GF_00727
training_prevalence_at_least40,2,GF_00728
training_prevalence_at_least40,2,GF_00729
training_prevalence_at_least40,2,GF_00736
training_prevalence_at_least40,2,GF_00740
training_prevalence_at_least40,2,GF_00741
training_prevalence_at_least40,2,GF_00744
training_prevalence_at_least40,2,GF_00751
training_prevalence_at_least40,2,GF_00755
training_prevalence_at_least40,2,GF_00756
training_prevalence_at_least40,2,GF_00771
training_prevalence_at_least40,2,GF_00773
training_prevalence_at_least40,2,GF_00776
training_prevalence_at_least40,2,GF_00777
training_prevalence_at_least40,2,GF_00796
training_prevalence_at_least40,2,GF_00810
training_prevalence_at_least40,2,GF_00811
training_prevalence_at_least40,2,GF_00813
training_prevalence_at_least40,2,GF_00814
training_prevalence_at_least40,2,GF_00816
training_prevalence_at_least40,2,GF_00819
training_prevalence_at_least40,2,GF_00828
training_prevalence_at_least40,2,GF_00843
training_prevalence_at_least40,2,GF_00845
training_prevalence_at_least40,2,GF_00856
training_prevalence_at_least40,2,GF_00857
training_prevalence_at_least40,2,GF_00860
training_prevalence_at_least40,2,GF_00864
training_prevalence_at_least40,2,GF_00866
training_prevalence_at_least40,2,GF_00867
training_prevalence_at_least40,2,GF_00868
training_prevalence_at_least40,2,GF_00869
training_prevalence_at_least40,2,GF_00870
training_prevalence_at_least40,2,GF_00873
training_prevalence_at_least40,2,GF_00874
training_prevalence_at_least40,2,GF_00887
training_prevalence_at_least40,2,GF_00888
training_prevalence_at_least40,2,GF_00895
training_prevalence_at_least40,2,GF_00916
training_prevalence_at_least40,2,GF_00927
training_prevalence_at_least40,2,GF_00931
training_prevalence_at_least40,2,GF_00932
training_prevalence_at_least40,2,GF_00933
training_prevalence_at_least40,2,GF_00946
training_prevalence_at_least40,2,GF_00947
training_prevalence_at_least40,2,GF_00949
training_prevalence_at_least40,2,GF_00957
training_prevalence_at_least40,2,GF_00958
training_prevalence_at_least40,2,GF_00960
training_prevalence_at_least40,2,GF_00963
training_prevalence_at_least40,2,GF_00966
training_prevalence_at_least40,2,GF_00968
training_prevalence_at_least40,2,GF_00969
training_prevalence_at_least40,2,GF_00970
training_prevalence_at_least40,2,GF_00982
training_prevalence_at_least40,2,GF_01004
training_prevalence_at_least40,2,GF_01005
training_prevalence_at_least40,2,GF_01026
training_prevalence_at_least40,2,GF_01028
training_prevalence_at_least40,2,GF_01054
training_prevalence_at_least40,2,GF_01230
training_prevalence_at_least40,2,GF_01231
training_prevalence_at_least40,2,GF_01233
training_prevalence_at_least40,2,GF_01234
training_prevalence_at_least40,2,GF_01235
training_prevalence_at_least40,2,GF_01236
training_prevalence_at_least40,2,GF_01237
training_prevalence_at_least40,2,GF_01239
training_prevalence_at_least40,2,GF_01240
training_prevalence_at_least40,2,GF_01241
training_prevalence_at_least40,2,GF_01242
training_prevalence_at_least40,2,GF_01244
training_prevalence_at_least40,2,GF_01245
training_prevalence_at_least40,2,GF_01248
training_prevalence_at_least40,2,GF_01266
training_prevalence_at_least40,2,GF_01287
training_prevalence_at_least40,2,GF_01290
training_prevalence_at_least40,2,GF_01292
training_prevalence_at_least40,2,GF_01293
training_prevalence_at_least40,2,GF_01297
training_prevalence_at_least40,2,GF_01306
training_prevalence_at_least40,2,GF_01314
training_prevalence_at_least40,2,GF_01315
training_prevalence_at_least40,2,GF_01327
training_prevalence_at_least40,2,GF_01329
training_prevalence_at_least40,2,GF_01330
training_prevalence_at_least40,2,GF_01331
training_prevalence_at_least40,2,GF_01332
training_prevalence_at_least40,2,GF_01333
training_prevalence_at_least40,2,GF_01334
training_prevalence_at_least40,2,GF_01337
training_prevalence_at_least40,2,GF_01338
training_prevalence_at_least40,2,GF_01359
training_prevalence_at_least40,2,GF_01372
training_prevalence_at_least40,2,GF_01374
training_prevalence_at_least40,2,GF_01375
training_prevalence_at_least40,2,GF_01376
training_prevalence_at_least40,2,GF_01377
training_prevalence_at_least40,2,GF_01381
training_prevalence_at_least40,2,GF_01382
training_prevalence_at_least40,2,GF_01383
training_prevalence_at_least40,2,GF_01385
training_prevalence_at_least40,2,GF_01386
training_prevalence_at_least40,2,GF_01387
training_prevalence_at_least40,2,GF_01390
training_prevalence_at_least40,2,GF_01391
training_prevalence_at_least40,2,GF_01393
training_prevalence_at_least40,2,GF_01394
training_prevalence_at_least40,2,GF_01395
training_prevalence_at_least40,2,GF_01396
training_prevalence_at_least40,2,GF_01397
training_prevalence_at_least40,2,GF_01399
training_prevalence_at_least40,2,GF_01400
training_prevalence_at_least40,2,GF_01401
training_prevalence_at_least40,2,GF_01425
training_prevalence_at_least40,2,GF_01426
training_prevalence_at_least40,2,GF_01428
training_prevalence_at_least40,2,GF_01445
training_prevalence_at_least40,2,GF_01446
training_prevalence_at_least40,2,GF_01447
training_prevalence_at_least40,2,GF_01449
training_prevalence_at_least40,2,GF_01456
training_prevalence_at_least40,2,GF_01458
training_prevalence_at_least40,2,GF_01460
training_prevalence_at_least40,2,GF_01461
training_prevalence_at_least40,2,GF_01462
training_prevalence_at_least40,2,GF_01466
training_prevalence_at_least40,2,GF_01476
training_prevalence_at_least40,2,GF_01477
training_prevalence_at_least40,2,GF_01479
training_prevalence_at_least40,2,GF_01481
training_prevalence_at_least40,2,GF_01487
training_prevalence_at_least40,2,GF_01502
training_prevalence_at_least40,2,GF_01512
training_prevalence_at_least40,2,GF_01514
training_prevalence_at_least40,2,GF_01527
training_prevalence_at_least40,2,GF_01534
training_prevalence_at_least40,2,GF_01535
training_prevalence_at_least40,2,GF_01536
training_prevalence_at_least40,2,GF_01538
training_prevalence_at_least40,2,GF_01539
training_prevalence_at_least40,2,GF_01540
training_prevalence_at_least40,2,GF_01541
training_prevalence_at_least40,2,GF_01542
training_prevalence_at_least40,2,GF_01544
training_prevalence_at_least40,2,GF_01547
training_prevalence_at_least40,2,GF_01549
training_prevalence_at_least40,2,GF_01552
training_prevalence_at_least40,2,GF_01553
training_prevalence_at_least40,2,GF_01579
training_prevalence_at_least40,2,GF_01580
training_prevalence_at_least40,2,GF_01583
training_prevalence_at_least40,2,GF_01584
training_prevalence_at_least40,2,GF_01591
training_prevalence_at_least40,2,GF_01592
training_prevalence_at_least40,2,GF_01616
training_prevalence_at_least40,2,GF_01617
training_prevalence_at_least40,2,GF_01618
training_prevalence_at_least40,2,GF_01620
training_prevalence_at_least40,2,GF_01621
training_prevalence_at_least40,2,GF_01623
training_prevalence_at_least40,2,GF_01625
training_prevalence_at_least40,2,GF_01626
training_prevalence_at_least40,2,GF_01627
training_prevalence_at_least40,2,GF_01628
training_prevalence_at_least40,2,GF_01629
training_prevalence_at_least40,2,GF_01636
training_prevalence_at_least40,2,GF_01638
training_prevalence_at_least40,2,GF_01641
training_prevalence_at_least40,2,GF_01648
training_prevalence_at_least40,2,GF_01661
training_prevalence_at_least40,2,GF_01673
training_prevalence_at_least40,2,GF_01674
training_prevalence_at_least40,2,GF_01675
training_prevalence_at_least40,2,GF_01676
training_prevalence_at_least40,2,GF_01677
training_prevalence_at_least40,2,GF_01678
training_prevalence_at_least40,2,GF_01679
training_prevalence_at_least40,2,GF_01683
training_prevalence_at_least40,2,GF_01684
training_prevalence_at_least40,2,GF_01685
training_prevalence_at_least40,2,GF_01688
training_prevalence_at_least40,2,GF_01689
training_prevalence_at_least40,2,GF_01690
training_prevalence_at_least40,2,GF_01691
training_prevalence_at_least40,2,GF_01693
training_prevalence_at_least40,2,GF_01732
training_prevalence_at_least40,2,GF_01733
training_prevalence_at_least40,2,GF_01734
training_prevalence_at_least40,2,GF_01735
training_prevalence_at_least40,2,GF_01736
training_prevalence_at_least40,2,GF_01737
training_prevalence_at_least40,2,GF_01741
training_prevalence_at_least40,2,GF_01742
training_prevalence_at_least40,2,GF_01745
training_prevalence_at_least40,2,GF_01763
training_prevalence_at_least40,2,GF_01783
training_prevalence_at_least40,2,GF_01799
training_prevalence_at_least40,2,GF_01801
training_prevalence_at_least40,2,GF_01803
training_prevalence_at_least40,2,GF_01805
training_prevalence_at_least40,2,GF_01807
training_prevalence_at_least40,2,GF_01808
training_prevalence_at_least40,2,GF_01809
training_prevalence_at_least40,2,GF_01810
training_prevalence_at_least40,2,GF_01811
training_prevalence_at_least40,2,GF_01812
training_prevalence_at_least40,2,GF_01813
training_prevalence_at_least40,2,GF_01814
training_prevalence_at_least40,2,GF_01815
training_prevalence_at_least40,2,GF_01816
training_prevalence_at_least40,2,GF_01818
training_prevalence_at_least40,2,GF_01819
training_prevalence_at_least40,2,GF_01834
training_prevalence_at_least40,2,GF_01836
training_prevalence_at_least40,2,GF_01837
training_prevalence_at_least40,2,GF_01840
training_prevalence_at_least40,2,GF_01841
training_prevalence_at_least40,2,GF_01842
training_prevalence_at_least40,2,GF_01844
training_prevalence_at_least40,2,GF_01856
training_prevalence_at_least40,2,GF_01860
training_prevalence_at_least40,2,GF_01870
training_prevalence_at_least40,2,GF_01872
training_prevalence_at_least40,2,GF_01874
training_prevalence_at_least40,2,GF_01897
training_prevalence_at_least40,2,GF_01898
training_prevalence_at_least40,2,GF_01899
training_prevalence_at_least40,2,GF_01900
training_prevalence_at_least40,2,GF_01902
training_prevalence_at_least40,2,GF_01904
training_prevalence_at_least40,2,GF_01919
training_prevalence_at_least40,2,GF_01921
training_prevalence_at_least40,2,GF_01925
training_prevalence_at_least40,2,GF_01926
training_prevalence_at_least40,2,GF_01927
training_prevalence_at_least40,2,GF_01928
training_prevalence_at_least40,2,GF_01929
training_prevalence_at_least40,2,GF_01930
training_prevalence_at_least40,2,GF_01945
training_prevalence_at_least40,2,GF_02041
training_prevalence_at_least40,2,GF_02059
training_prevalence_at_least40,2,GF_02069
training_prevalence_at_least40,2,GF_02070
training_prevalence_at_least40,2,GF_02071
training_prevalence_at_least40,2,GF_02075
training_prevalence_at_least40,2,GF_02076
training_prevalence_at_least40,2,GF_02084
training_prevalence_at_least40,2,GF_02085
training_prevalence_at_least40,2,GF_02089
training_prevalence_at_least40,2,GF_02091
training_prevalence_at_least40,2,GF_02092
training_prevalence_at_least40,2,GF_02093
training_prevalence_at_least40,2,GF_02094
training_prevalence_at_least40,2,GF_02101
training_prevalence_at_least40,2,GF_02113
training_prevalence_at_least40,2,GF_02130
training_prevalence_at_least40,2,GF_02131
training_prevalence_at_least40,2,GF_02132
training_prevalence_at_least40,2,GF_02136
training_prevalence_at_least40,2,GF_02137
training_prevalence_at_least40,2,GF_02138
training_prevalence_at_least40,2,GF_02139
training_prevalence_at_least40,2,GF_02140
training_prevalence_at_least40,2,GF_02141
training_prevalence_at_least40,2,GF_02142
training_prevalence_at_least40,2,GF_02143
training_prevalence_at_least40,2,GF_02145
training_prevalence_at_least40,2,GF_02152
training_prevalence_at_least40,2,GF_02157
training_prevalence_at_least40,2,GF_02158
training_prevalence_at_least40,2,GF_02172
training_prevalence_at_least40,2,GF_02178
training_prevalence_at_least40,2,GF_02180
training_prevalence_at_least40,2,GF_02184
training_prevalence_at_least40,2,GF_02216
training_prevalence_at_least40,2,GF_02217
training_prevalence_at_least40,2,GF_02218
training_prevalence_at_least40,2,GF_02219
training_prevalence_at_least40,2,GF_02220
training_prevalence_at_least40,2,GF_02223
training_prevalence_at_least40,2,GF_02224
training_prevalence_at_least40,2,GF_02225
training_prevalence_at_least40,2,GF_02227
training_prevalence_at_least40,2,GF_02228
training_prevalence_at_least40,2,GF_02229
training_prevalence_at_least40,2,GF_02230
training_prevalence_at_least40,2,GF_02260
training_prevalence_at_least40,2,GF_02261
training_prevalence_at_least40,2,GF_02262
training_prevalence_at_least40,2,GF_02263
training_prevalence_at_least40,2,GF_02264
training_prevalence_at_least40,2,GF_02266
training_prevalence_at_least40,3,GF_00002
training_prevalence_at_least40,3,GF_00008
training_prevalence_at_least40,3,GF_00011
training_prevalence_at_least40,3,GF_00012
training_prevalence_at_least40,3,GF_00014
training_prevalence_at_least40,3,GF_00015
training_prevalence_at_least40,3,GF_00017
training_prevalence_at_least40,3,GF_00018
training_prevalence_at_least40,3,GF_00036
training_prevalence_at_least40,3,GF_00043
training_prevalence_at_least40,3,GF_00046
training_prevalence_at_least40,3,GF_00047
training_prevalence_at_least40,3,GF_00048
training_prevalence_at_least40,3,GF_00049
training_prevalence_at_least40,3,GF_00051
training_prevalence_at_least40,3,GF_00052
training_prevalence_at_least40,3,GF_00072
training_prevalence_at_least40,3,GF_00073
training_prevalence_at_least40,3,GF_00074
training_prevalence_at_least40,3,GF_00077
training_prevalence_at_least40,3,GF_00078
training_prevalence_at_least40,3,GF_00079
training_prevalence_at_least40,3,GF_00080
training_prevalence_at_least40,3,GF_00081
training_prevalence_at_least40,3,GF_00082
training_prevalence_at_least40,3,GF_00084
training_prevalence_at_least40,3,GF_00085
training_prevalence_at_least40,3,GF_00087
training_prevalence_at_least40,3,GF_00088
training_prevalence_at_least40,3,GF_00093
training_prevalence_at_least40,3,GF_00094
training_prevalence_at_least40,3,GF_00104
training_prevalence_at_least40,3,GF_00105
training_prevalence_at_least40,3,GF_00107
training_prevalence_at_least40,3,GF_00108
training_prevalence_at_least40,3,GF_00111
training_prevalence_at_least40,3,GF_00112
training_prevalence_at_least40,3,GF_00114
training_prevalence_at_least40,3,GF_00115
training_prevalence_at_least40,3,GF_00116
training_prevalence_at_least40,3,GF_00117
training_prevalence_at_least40,3,GF_00120
training_prevalence_at_least40,3,GF_00121
training_prevalence_at_least40,3,GF_00122
training_prevalence_at_least40,3,GF_00123
training_prevalence_at_least40,3,GF_00124
training_prevalence_at_least40,3,GF_00136
training_prevalence_at_least40,3,GF_00137
training_prevalence_at_least40,3,GF_00138
training_prevalence_at_least40,3,GF_00139
training_prevalence_at_least40,3,GF_00141
training_prevalence_at_least40,3,GF_00143
training_prevalence_at_least40,3,GF_00155
training_prevalence_at_least40,3,GF_00164
training_prevalence_at_least40,3,GF_00175
training_prevalence_at_least40,3,GF_00178
training_prevalence_at_least40,3,GF_00179
training_prevalence_at_least40,3,GF_00180
training_prevalence_at_least40,3,GF_00185
training_prevalence_at_least40,3,GF_00220
training_prevalence_at_least40,3,GF_00228
training_prevalence_at_least40,3,GF_00229
training_prevalence_at_least40,3,GF_00235
training_prevalence_at_least40,3,GF_00244
training_prevalence_at_least40,3,GF_00250
training_prevalence_at_least40,3,GF_00251
training_prevalence_at_least40,3,GF_00262
training_prevalence_at_least40,3,GF_00281
training_prevalence_at_least40,3,GF_00290
training_prevalence_at_least40,3,GF_00296
training_prevalence_at_least40,3,GF_00300
training_prevalence_at_least40,3,GF_00302
training_prevalence_at_least40,3,GF_00303
training_prevalence_at_least40,3,GF_00305
training_prevalence_at_least40,3,GF_00309
training_prevalence_at_least40,3,GF_00311
training_prevalence_at_least40,3,GF_00312
training_prevalence_at_least40,3,GF_00313
training_prevalence_at_least40,3,GF_00314
training_prevalence_at_least40,3,GF_00315
training_prevalence_at_least40,3,GF_00316
training_prevalence_at_least40,3,GF_00318
training_prevalence_at_least40,3,GF_00319
training_prevalence_at_least40,3,GF_00320
training_prevalence_at_least40,3,GF_00321
training_prevalence_at_least40,3,GF_00323
training_prevalence_at_least40,3,GF_00324
training_prevalence_at_least40,3,GF_00325
training_prevalence_at_least40,3,GF_00326
training_prevalence_at_least40,3,GF_00327
training_prevalence_at_least40,3,GF_00329
training_prevalence_at_least40,3,GF_00330
training_prevalence_at_least40,3,GF_00331
training_prevalence_at_least40,3,GF_00333
training_prevalence_at_least40,3,GF_00335
training_prevalence_at_least40,3,GF_00336
training_prevalence_at_least40,3,GF_00338
training_prevalence_at_least40,3,GF_00340
training_prevalence_at_least40,3,GF_00341
training_prevalence_at_least40,3,GF_00342
training_prevalence_at_least40,3,GF_00343
training_prevalence_at_least40,3,GF_00344
training_prevalence_at_least40,3,GF_00346
training_prevalence_at_least40,3,GF_00347
training_prevalence_at_least40,3,GF_00349
training_prevalence_at_least40,3,GF_00350
training_prevalence_at_least40,3,GF_00352
training_prevalence_at_least40,3,GF_00353
training_prevalence_at_least40,3,GF_00355
training_prevalence_at_least40,3,GF_00358
training_prevalence_at_least40,3,GF_00360
training_prevalence_at_least40,3,GF_00362
training_prevalence_at_least40,3,GF_00363
training_prevalence_at_least40,3,GF_00364
training_prevalence_at_least40,3,GF_00365
training_prevalence_at_least40,3,GF_00369
training_prevalence_at_least40,3,GF_00381
training_prevalence_at_least40,3,GF_00384
training_prevalence_at_least40,3,GF_00385
training_prevalence_at_least40,3,GF_00386
training_prevalence_at_least40,3,GF_00387
training_prevalence_at_least40,3,GF_00388
training_prevalence_at_least40,3,GF_00389
training_prevalence_at_least40,3,GF_00390
training_prevalence_at_least40,3,GF_00391
training_prevalence_at_least40,3,GF_00393
training_prevalence_at_least40,3,GF_00394
training_prevalence_at_least40,3,GF_00395
training_prevalence_at_least40,3,GF_00396
training_prevalence_at_least40,3,GF_00400
training_prevalence_at_least40,3,GF_00401
training_prevalence_at_least40,3,GF_00402
training_prevalence_at_least40,3,GF_00404
training_prevalence_at_least40,3,GF_00405
training_prevalence_at_least40,3,GF_00406
training_prevalence_at_least40,3,GF_00407
training_prevalence_at_least40,3,GF_00409
training_prevalence_at_least40,3,GF_00413
training_prevalence_at_least40,3,GF_00414
training_prevalence_at_least40,3,GF_00415
training_prevalence_at_least40,3,GF_00417
training_prevalence_at_least40,3,GF_00418
training_prevalence_at_least40,3,GF_00421
training_prevalence_at_least40,3,GF_00422
training_prevalence_at_least40,3,GF_00424
training_prevalence_at_least40,3,GF_00426
training_prevalence_at_least40,3,GF_00427
training_prevalence_at_least40,3,GF_00430
training_prevalence_at_least40,3,GF_00431
training_prevalence_at_least40,3,GF_00432
training_prevalence_at_least40,3,GF_00433
training_prevalence_at_least40,3,GF_00434
training_prevalence_at_least40,3,GF_00435
training_prevalence_at_least40,3,GF_00436
training_prevalence_at_least40,3,GF_00438
training_prevalence_at_least40,3,GF_00440
training_prevalence_at_least40,3,GF_00441
training_prevalence_at_least40,3,GF_00455
training_prevalence_at_least40,3,GF_00457
training_prevalence_at_least40,3,GF_00458
training_prevalence_at_least40,3,GF_00471
training_prevalence_at_least40,3,GF_00477
training_prevalence_at_least40,3,GF_00480
training_prevalence_at_least40,3,GF_00482
training_prevalence_at_least40,3,GF_00488
training_prevalence_at_least40,3,GF_00489
training_prevalence_at_least40,3,GF_00503
training_prevalence_at_least40,3,GF_00522
training_prevalence_at_least40,3,GF_00523
training_prevalence_at_least40,3,GF_00524
training_prevalence_at_least40,3,GF_00525
training_prevalence_at_least40,3,GF_00527
training_prevalence_at_least40,3,GF_00528
training_prevalence_at_least40,3,GF_00529
training_prevalence_at_least40,3,GF_00530
training_prevalence_at_least40,3,GF_00531
training_prevalence_at_least40,3,GF_00536
training_prevalence_at_least40,3,GF_00538
training_prevalence_at_least40,3,GF_00546
training_prevalence_at_least40,3,GF_00547
training_prevalence_at_least40,3,GF_00548
training_prevalence_at_least40,3,GF_00564
training_prevalence_at_least40,3,GF_00565
training_prevalence_at_least40,3,GF_00566
training_prevalence_at_least40,3,GF_00569
training_prevalence_at_least40,3,GF_00570
training_prevalence_at_least40,3,GF_00572
training_prevalence_at_least40,3,GF_00574
training_prevalence_at_least40,3,GF_00578
training_prevalence_at_least40,3,GF_00580
training_prevalence_at_least40,3,GF_00588
training_prevalence_at_least40,3,GF_00594
training_prevalence_at_least40,3,GF_00599
training_prevalence_at_least40,3,GF_00600
training_prevalence_at_least40,3,GF_00601
training_prevalence_at_least40,3,GF_00603
training_prevalence_at_least40,3,GF_00604
training_prevalence_at_least40,3,GF_00605
training_prevalence_at_least40,3,GF_00606
training_prevalence_at_least40,3,GF_00607
training_prevalence_at_least40,3,GF_00609
training_prevalence_at_least40,3,GF_00611
training_prevalence_at_least40,3,GF_00612
training_prevalence_at_least40,3,GF_00613
training_prevalence_at_least40,3,GF_00614
training_prevalence_at_least40,3,GF_00617
training_prevalence_at_least40,3,GF_00618
training_prevalence_at_least40,3,GF_00619
training_prevalence_at_least40,3,GF_00620
training_prevalence_at_least40,3,GF_00621
training_prevalence_at_least40,3,GF_00622
training_prevalence_at_least40,3,GF_00623
training_prevalence_at_least40,3,GF_00624
training_prevalence_at_least40,3,GF_00632
training_prevalence_at_least40,3,GF_00633
training_prevalence_at_least40,3,GF_00635
training_prevalence_at_least40,3,GF_00636
training_prevalence_at_least40,3,GF_00637
training_prevalence_at_least40,3,GF_00641
training_prevalence_at_least40,3,GF_00642
training_prevalence_at_least40,3,GF_00643
training_prevalence_at_least40,3,GF_00655
training_prevalence_at_least40,3,GF_00658
training_prevalence_at_least40,3,GF_00661
training_prevalence_at_least40,3,GF_00669
training_prevalence_at_least40,3,GF_00681
training_prevalence_at_least40,3,GF_00687
training_prevalence_at_least40,3,GF_00688
training_prevalence_at_least40,3,GF_00695
training_prevalence_at_least40,3,GF_00699
training_prevalence_at_least40,3,GF_00709
training_prevalence_at_least40,3,GF_00722
training_prevalence_at_least40,3,GF_00723
training_prevalence_at_least40,3,GF_00724
training_prevalence_at_least40,3,GF_00725
training_prevalence_at_least40,3,GF_00726
training_prevalence_at_least40,3,GF_00727
training_prevalence_at_least40,3,GF_00728
training_prevalence_at_least40,3,GF_00729
training_prevalence_at_least40,3,GF_00732
training_prevalence_at_least40,3,GF_00736
training_prevalence_at_least40,3,GF_00740
training_prevalence_at_least40,3,GF_00741
training_prevalence_at_least40,3,GF_00744
training_prevalence_at_least40,3,GF_00751
training_prevalence_at_least40,3,GF_00755
training_prevalence_at_least40,3,GF_00756
training_prevalence_at_least40,3,GF_00771
training_prevalence_at_least40,3,GF_00773
training_prevalence_at_least40,3,GF_00777
training_prevalence_at_least40,3,GF_00785
training_prevalence_at_least40,3,GF_00796
training_prevalence_at_least40,3,GF_00810
training_prevalence_at_least40,3,GF_00811
training_prevalence_at_least40,3,GF_00813
training_prevalence_at_least40,3,GF_00814
training_prevalence_at_least40,3,GF_00816
training_prevalence_at_least40,3,GF_00819
training_prevalence_at_least40,3,GF_00828
training_prevalence_at_least40,3,GF_00843
training_prevalence_at_least40,3,GF_00845
training_prevalence_at_least40,3,GF_00857
training_prevalence_at_least40,3,GF_00860
training_prevalence_at_least40,3,GF_00864
training_prevalence_at_least40,3,GF_00866
training_prevalence_at_least40,3,GF_00868
training_prevalence_at_least40,3,GF_00869
training_prevalence_at_least40,3,GF_00870
training_prevalence_at_least40,3,GF_00871
training_prevalence_at_least40,3,GF_00872
training_prevalence_at_least40,3,GF_00873
training_prevalence_at_least40,3,GF_00874
training_prevalence_at_least40,3,GF_00895
training_prevalence_at_least40,3,GF_00916
training_prevalence_at_least40,3,GF_00927
training_prevalence_at_least40,3,GF_00931
training_prevalence_at_least40,3,GF_00933
training_prevalence_at_least40,3,GF_00947
training_prevalence_at_least40,3,GF_00949
training_prevalence_at_least40,3,GF_00957
training_prevalence_at_least40,3,GF_00958
training_prevalence_at_least40,3,GF_00959
training_prevalence_at_least40,3,GF_00960
training_prevalence_at_least40,3,GF_00963
training_prevalence_at_least40,3,GF_00966
training_prevalence_at_least40,3,GF_00968
training_prevalence_at_least40,3,GF_00969
training_prevalence_at_least40,3,GF_00970
training_prevalence_at_least40,3,GF_00971
training_prevalence_at_least40,3,GF_00972
training_prevalence_at_least40,3,GF_00982
training_prevalence_at_least40,3,GF_01004
training_prevalence_at_least40,3,GF_01005
training_prevalence_at_least40,3,GF_01026
training_prevalence_at_least40,3,GF_01027
training_prevalence_at_least40,3,GF_01028
training_prevalence_at_least40,3,GF_01054
training_prevalence_at_least40,3,GF_01230
training_prevalence_at_least40,3,GF_01231
training_prevalence_at_least40,3,GF_01232
training_prevalence_at_least40,3,GF_01233
training_prevalence_at_least40,3,GF_01234
training_prevalence_at_least40,3,GF_01235
training_prevalence_at_least40,3,GF_01236
training_prevalence_at_least40,3,GF_01237
training_prevalence_at_least40,3,GF_01239
training_prevalence_at_least40,3,GF_01240
training_prevalence_at_least40,3,GF_01241
training_prevalence_at_least40,3,GF_01242
training_prevalence_at_least40,3,GF_01244
training_prevalence_at_least40,3,GF_01245
training_prevalence_at_least40,3,GF_01246
training_prevalence_at_least40,3,GF_01247
training_prevalence_at_least40,3,GF_01248
training_prevalence_at_least40,3,GF_01266
training_prevalence_at_least40,3,GF_01287
training_prevalence_at_least40,3,GF_01290
training_prevalence_at_least40,3,GF_01291
training_prevalence_at_least40,3,GF_01292
training_prevalence_at_least40,3,GF_01293
training_prevalence_at_least40,3,GF_01297
training_prevalence_at_least40,3,GF_01306
training_prevalence_at_least40,3,GF_01314
training_prevalence_at_least40,3,GF_01315
training_prevalence_at_least40,3,GF_01327
training_prevalence_at_least40,3,GF_01329
training_prevalence_at_least40,3,GF_01330
training_prevalence_at_least40,3,GF_01331
training_prevalence_at_least40,3,GF_01332
training_prevalence_at_least40,3,GF_01333
training_prevalence_at_least40,3,GF_01334
training_prevalence_at_least40,3,GF_01337
training_prevalence_at_least40,3,GF_01338
training_prevalence_at_least40,3,GF_01359
training_prevalence_at_least40,3,GF_01372
training_prevalence_at_least40,3,GF_01374
training_prevalence_at_least40,3,GF_01375
training_prevalence_at_least40,3,GF_01376
training_prevalence_at_least40,3,GF_01377
training_prevalence_at_least40,3,GF_01381
training_prevalence_at_least40,3,GF_01382
training_prevalence_at_least40,3,GF_01383
training_prevalence_at_least40,3,GF_01385
training_prevalence_at_least40,3,GF_01387
training_prevalence_at_least40,3,GF_01390
training_prevalence_at_least40,3,GF_01391
training_prevalence_at_least40,3,GF_01393
training_prevalence_at_least40,3,GF_01394
training_prevalence_at_least40,3,GF_01395
training_prevalence_at_least40,3,GF_01396
training_prevalence_at_least40,3,GF_01397
training_prevalence_at_least40,3,GF_01399
training_prevalence_at_least40,3,GF_01400
training_prevalence_at_least40,3,GF_01401
training_prevalence_at_least40,3,GF_01404
training_prevalence_at_least40,3,GF_01425
training_prevalence_at_least40,3,GF_01426
training_prevalence_at_least40,3,GF_01428
training_prevalence_at_least40,3,GF_01439
training_prevalence_at_least40,3,GF_01445
training_prevalence_at_least40,3,GF_01446
training_prevalence_at_least40,3,GF_01447
training_prevalence_at_least40,3,GF_01448
training_prevalence_at_least40,3,GF_01449
training_prevalence_at_least40,3,GF_01456
training_prevalence_at_least40,3,GF_01458
training_prevalence_at_least40,3,GF_01460
training_prevalence_at_least40,3,GF_01461
training_prevalence_at_least40,3,GF_01466
training_prevalence_at_least40,3,GF_01477
training_prevalence_at_least40,3,GF_01479
training_prevalence_at_least40,3,GF_01487
training_prevalence_at_least40,3,GF_01502
training_prevalence_at_least40,3,GF_01512
training_prevalence_at_least40,3,GF_01514
training_prevalence_at_least40,3,GF_01527
training_prevalence_at_least40,3,GF_01534
training_prevalence_at_least40,3,GF_01536
training_prevalence_at_least40,3,GF_01538
training_prevalence_at_least40,3,GF_01539
training_prevalence_at_least40,3,GF_01540
training_prevalence_at_least40,3,GF_01541
training_prevalence_at_least40,3,GF_01542
training_prevalence_at_least40,3,GF_01543
training_prevalence_at_least40,3,GF_01544
training_prevalence_at_least40,3,GF_01547
training_prevalence_at_least40,3,GF_01549
training_prevalence_at_least40,3,GF_01552
training_prevalence_at_least40,3,GF_01553
training_prevalence_at_least40,3,GF_01579
training_prevalence_at_least40,3,GF_01580
training_prevalence_at_least40,3,GF_01583
training_prevalence_at_least40,3,GF_01584
training_prevalence_at_least40,3,GF_01591
training_prevalence_at_least40,3,GF_01592
training_prevalence_at_least40,3,GF_01616
training_prevalence_at_least40,3,GF_01617
training_prevalence_at_least40,3,GF_01618
training_prevalence_at_least40,3,GF_01619
training_prevalence_at_least40,3,GF_01620
training_prevalence_at_least40,3,GF_01621
training_prevalence_at_least40,3,GF_01623
training_prevalence_at_least40,3,GF_01625
training_prevalence_at_least40,3,GF_01626
training_prevalence_at_least40,3,GF_01627
training_prevalence_at_least40,3,GF_01628
training_prevalence_at_least40,3,GF_01629
training_prevalence_at_least40,3,GF_01634
training_prevalence_at_least40,3,GF_01635
training_prevalence_at_least40,3,GF_01636
training_prevalence_at_least40,3,GF_01637
training_prevalence_at_least40,3,GF_01638
training_prevalence_at_least40,3,GF_01639
training_prevalence_at_least40,3,GF_01641
training_prevalence_at_least40,3,GF_01648
training_prevalence_at_least40,3,GF_01659
training_prevalence_at_least40,3,GF_01661
training_prevalence_at_least40,3,GF_01672
training_prevalence_at_least40,3,GF_01673
training_prevalence_at_least40,3,GF_01674
training_prevalence_at_least40,3,GF_01675
training_prevalence_at_least40,3,GF_01676
training_prevalence_at_least40,3,GF_01677
training_prevalence_at_least40,3,GF_01678
training_prevalence_at_least40,3,GF_01679
training_prevalence_at_least40,3,GF_01680
training_prevalence_at_least40,3,GF_01683
training_prevalence_at_least40,3,GF_01684
training_prevalence_at_least40,3,GF_01685
training_prevalence_at_least40,3,GF_01688
training_prevalence_at_least40,3,GF_01689
training_prevalence_at_least40,3,GF_01690
training_prevalence_at_least40,3,GF_01693
training_prevalence_at_least40,3,GF_01732
training_prevalence_at_least40,3,GF_01733
training_prevalence_at_least40,3,GF_01734
training_prevalence_at_least40,3,GF_01735
training_prevalence_at_least40,3,GF_01736
training_prevalence_at_least40,3,GF_01740
training_prevalence_at_least40,3,GF_01741
training_prevalence_at_least40,3,GF_01742
training_prevalence_at_least40,3,GF_01745
training_prevalence_at_least40,3,GF_01763
training_prevalence_at_least40,3,GF_01783
training_prevalence_at_least40,3,GF_01799
training_prevalence_at_least40,3,GF_01802
training_prevalence_at_least40,3,GF_01803
training_prevalence_at_least40,3,GF_01805
training_prevalence_at_least40,3,GF_01806
training_prevalence_at_least40,3,GF_01807
training_prevalence_at_least40,3,GF_01808
training_prevalence_at_least40,3,GF_01809
training_prevalence_at_least40,3,GF_01810
training_prevalence_at_least40,3,GF_01811
training_prevalence_at_least40,3,GF_01812
training_prevalence_at_least40,3,GF_01813
training_prevalence_at_least40,3,GF_01816
training_prevalence_at_least40,3,GF_01818
training_prevalence_at_least40,3,GF_01819
training_prevalence_at_least40,3,GF_01822
training_prevalence_at_least40,3,GF_01823
training_prevalence_at_least40,3,GF_01834
training_prevalence_at_least40,3,GF_01836
training_prevalence_at_least40,3,GF_01837
training_prevalence_at_least40,3,GF_01840
training_prevalence_at_least40,3,GF_01841
training_prevalence_at_least40,3,GF_01842
training_prevalence_at_least40,3,GF_01844
training_prevalence_at_least40,3,GF_01856
training_prevalence_at_least40,3,GF_01860
training_prevalence_at_least40,3,GF_01866
training_prevalence_at_least40,3,GF_01870
training_prevalence_at_least40,3,GF_01872
training_prevalence_at_least40,3,GF_01885
training_prevalence_at_least40,3,GF_01897
training_prevalence_at_least40,3,GF_01898
training_prevalence_at_least40,3,GF_01899
training_prevalence_at_least40,3,GF_01900
training_prevalence_at_least40,3,GF_01901
training_prevalence_at_least40,3,GF_01902
training_prevalence_at_least40,3,GF_01904
training_prevalence_at_least40,3,GF_01919
training_prevalence_at_least40,3,GF_01921
training_prevalence_at_least40,3,GF_01925
training_prevalence_at_least40,3,GF_01926
training_prevalence_at_least40,3,GF_01927
training_prevalence_at_least40,3,GF_01928
training_prevalence_at_least40,3,GF_01929
training_prevalence_at_least40,3,GF_01930
training_prevalence_at_least40,3,GF_01945
training_prevalence_at_least40,3,GF_02041
training_prevalence_at_least40,3,GF_02059
training_prevalence_at_least40,3,GF_02060
training_prevalence_at_least40,3,GF_02069
training_prevalence_at_least40,3,GF_02070
training_prevalence_at_least40,3,GF_02071
training_prevalence_at_least40,3,GF_02074
training_prevalence_at_least40,3,GF_02075
training_prevalence_at_least40,3,GF_02076
training_prevalence_at_least40,3,GF_02084
training_prevalence_at_least40,3,GF_02085
training_prevalence_at_least40,3,GF_02088
training_prevalence_at_least40,3,GF_02089
training_prevalence_at_least40,3,GF_02091
training_prevalence_at_least40,3,GF_02092
training_prevalence_at_least40,3,GF_02093
training_prevalence_at_least40,3,GF_02094
training_prevalence_at_least40,3,GF_02101
training_prevalence_at_least40,3,GF_02109
training_prevalence_at_least40,3,GF_02110
training_prevalence_at_least40,3,GF_02113
training_prevalence_at_least40,3,GF_02122
training_prevalence_at_least40,3,GF_02130
training_prevalence_at_least40,3,GF_02131
training_prevalence_at_least40,3,GF_02132
training_prevalence_at_least40,3,GF_02136
training_prevalence_at_least40,3,GF_02137
training_prevalence_at_least40,3,GF_02138
training_prevalence_at_least40,3,GF_02139
training_prevalence_at_least40,3,GF_02140
training_prevalence_at_least40,3,GF_02141
training_prevalence_at_least40,3,GF_02142
training_prevalence_at_least40,3,GF_02143
training_prevalence_at_least40,3,GF_02145
training_prevalence_at_least40,3,GF_02152
training_prevalence_at_least40,3,GF_02157
training_prevalence_at_least40,3,GF_02159
training_prevalence_at_least40,3,GF_02172
training_prevalence_at_least40,3,GF_02178
training_prevalence_at_least40,3,GF_02180
training_prevalence_at_least40,3,GF_02194
training_prevalence_at_least40,3,GF_02215
training_prevalence_at_least40,3,GF_02216
training_prevalence_at_least40,3,GF_02217
training_prevalence_at_least40,3,GF_02218
training_prevalence_at_least40,3,GF_02219
training_prevalence_at_least40,3,GF_02220
training_prevalence_at_least40,3,GF_02222
training_prevalence_at_least40,3,GF_02223
training_prevalence_at_least40,3,GF_02224
training_prevalence_at_least40,3,GF_02225
training_prevalence_at_least40,3,GF_02226
training_prevalence_at_least40,3,GF_02227
training_prevalence_at_least40,3,GF_02228
training_prevalence_at_least40,3,GF_02229
training_prevalence_at_least40,3,GF_02230
training_prevalence_at_least40,3,GF_02260
training_prevalence_at_least40,3,GF_02261
training_prevalence_at_least40,3,GF_02262
training_prevalence_at_least40,3,GF_02263
training_prevalence_at_least40,3,GF_02264
training_prevalence_at_least40,3,GF_02266
training_prevalence_at_least40,4,GF_00002
training_prevalence_at_least40,4,GF_00013
training_prevalence_at_least40,4,GF_00015
training_prevalence_at_least40,4,GF_00017
training_prevalence_at_least40,4,GF_00018
training_prevalence_at_least40,4,GF_00036
training_prevalence_at_least40,4,GF_00043
training_prevalence_at_least40,4,GF_00045
training_prevalence_at_least40,4,GF_00046
training_prevalence_at_least40,4,GF_00047
training_prevalence_at_least40,4,GF_00048
training_prevalence_at_least40,4,GF_00049
training_prevalence_at_least40,4,GF_00051
training_prevalence_at_least40,4,GF_00052
training_prevalence_at_least40,4,GF_00072
training_prevalence_at_least40,4,GF_00073
training_prevalence_at_least40,4,GF_00078
training_prevalence_at_least40,4,GF_00079
training_prevalence_at_least40,4,GF_00080
training_prevalence_at_least40,4,GF_00081
training_prevalence_at_least40,4,GF_00082
training_prevalence_at_least40,4,GF_00083
training_prevalence_at_least40,4,GF_00084
training_prevalence_at_least40,4,GF_00085
training_prevalence_at_least40,4,GF_00087
training_prevalence_at_least40,4,GF_00088
training_prevalence_at_least40,4,GF_00093
training_prevalence_at_least40,4,GF_00094
training_prevalence_at_least40,4,GF_00104
training_prevalence_at_least40,4,GF_00105
training_prevalence_at_least40,4,GF_00107
training_prevalence_at_least40,4,GF_00108
training_prevalence_at_least40,4,GF_00112
training_prevalence_at_least40,4,GF_00115
training_prevalence_at_least40,4,GF_00116
training_prevalence_at_least40,4,GF_00120
training_prevalence_at_least40,4,GF_00122
training_prevalence_at_least40,4,GF_00124
training_prevalence_at_least40,4,GF_00136
training_prevalence_at_least40,4,GF_00137
training_prevalence_at_least40,4,GF_00138
training_prevalence_at_least40,4,GF_00139
training_prevalence_at_least40,4,GF_00141
training_prevalence_at_least40,4,GF_00143
training_prevalence_at_least40,4,GF_00155
training_prevalence_at_least40,4,GF_00164
training_prevalence_at_least40,4,GF_00170
training_prevalence_at_least40,4,GF_00175
training_prevalence_at_least40,4,GF_00178
training_prevalence_at_least40,4,GF_00180
training_prevalence_at_least40,4,GF_00185
training_prevalence_at_least40,4,GF_00208
training_prevalence_at_least40,4,GF_00228
training_prevalence_at_least40,4,GF_00235
training_prevalence_at_least40,4,GF_00250
training_prevalence_at_least40,4,GF_00251
training_prevalence_at_least40,4,GF_00262
training_prevalence_at_least40,4,GF_00281
training_prevalence_at_least40,4,GF_00290
training_prevalence_at_least40,4,GF_00296
training_prevalence_at_least40,4,GF_00300
training_prevalence_at_least40,4,GF_00302
training_prevalence_at_least40,4,GF_00303
training_prevalence_at_least40,4,GF_00305
training_prevalence_at_least40,4,GF_00309
training_prevalence_at_least40,4,GF_00311
training_prevalence_at_least40,4,GF_00313
training_prevalence_at_least40,4,GF_00314
training_prevalence_at_least40,4,GF_00315
training_prevalence_at_least40,4,GF_00316
training_prevalence_at_least40,4,GF_00317
training_prevalence_at_least40,4,GF_00318
training_prevalence_at_least40,4,GF_00321
training_prevalence_at_least40,4,GF_00323
training_prevalence_at_least40,4,GF_00324
training_prevalence_at_least40,4,GF_00325
training_prevalence_at_least40,4,GF_00326
training_prevalence_at_least40,4,GF_00327
training_prevalence_at_least40,4,GF_00329
training_prevalence_at_least40,4,GF_00330
training_prevalence_at_least40,4,GF_00331
training_prevalence_at_least40,4,GF_00333
training_prevalence_at_least40,4,GF_00335
training_prevalence_at_least40,4,GF_00336
training_prevalence_at_least40,4,GF_00338
training_prevalence_at_least40,4,GF_00339
training_prevalence_at_least40,4,GF_00340
training_prevalence_at_least40,4,GF_00341
training_prevalence_at_least40,4,GF_00342
training_prevalence_at_least40,4,GF_00343
training_prevalence_at_least40,4,GF_00344
training_prevalence_at_least40,4,GF_00346
training_prevalence_at_least40,4,GF_00347
training_prevalence_at_least40,4,GF_00349
training_prevalence_at_least40,4,GF_00350
training_prevalence_at_least40,4,GF_00352
training_prevalence_at_least40,4,GF_00353
training_prevalence_at_least40,4,GF_00355
training_prevalence_at_least40,4,GF_00358
training_prevalence_at_least40,4,GF_00359
training_prevalence_at_least40,4,GF_00360
training_prevalence_at_least40,4,GF_00362
training_prevalence_at_least40,4,GF_00363
training_prevalence_at_least40,4,GF_00364
training_prevalence_at_least40,4,GF_00365
training_prevalence_at_least40,4,GF_00369
training_prevalence_at_least40,4,GF_00378
training_prevalence_at_least40,4,GF_00381
training_prevalence_at_least40,4,GF_00384
training_prevalence_at_least40,4,GF_00385
training_prevalence_at_least40,4,GF_00386
training_prevalence_at_least40,4,GF_00387
training_prevalence_at_least40,4,GF_00388
training_prevalence_at_least40,4,GF_00390
training_prevalence_at_least40,4,GF_00391
training_prevalence_at_least40,4,GF_00393
training_prevalence_at_least40,4,GF_00394
training_prevalence_at_least40,4,GF_00395
training_prevalence_at_least40,4,GF_00396
training_prevalence_at_least40,4,GF_00400
training_prevalence_at_least40,4,GF_00401
training_prevalence_at_least40,4,GF_00403
training_prevalence_at_least40,4,GF_00404
training_prevalence_at_least40,4,GF_00405
training_prevalence_at_least40,4,GF_00406
training_prevalence_at_least40,4,GF_00407
training_prevalence_at_least40,4,GF_00408
training_prevalence_at_least40,4,GF_00409
training_prevalence_at_least40,4,GF_00413
training_prevalence_at_least40,4,GF_00414
training_prevalence_at_least40,4,GF_00415
training_prevalence_at_least40,4,GF_00419
training_prevalence_at_least40,4,GF_00421
training_prevalence_at_least40,4,GF_00422
training_prevalence_at_least40,4,GF_00424
training_prevalence_at_least40,4,GF_00426
training_prevalence_at_least40,4,GF_00427
training_prevalence_at_least40,4,GF_00428
training_prevalence_at_least40,4,GF_00429
training_prevalence_at_least40,4,GF_00430
training_prevalence_at_least40,4,GF_00431
training_prevalence_at_least40,4,GF_00432
training_prevalence_at_least40,4,GF_00433
training_prevalence_at_least40,4,GF_00434
training_prevalence_at_least40,4,GF_00435
training_prevalence_at_least40,4,GF_00436
training_prevalence_at_least40,4,GF_00437
training_prevalence_at_least40,4,GF_00438
training_prevalence_at_least40,4,GF_00440
training_prevalence_at_least40,4,GF_00441
training_prevalence_at_least40,4,GF_00455
training_prevalence_at_least40,4,GF_00457
training_prevalence_at_least40,4,GF_00471
training_prevalence_at_least40,4,GF_00472
training_prevalence_at_least40,4,GF_00477
training_prevalence_at_least40,4,GF_00480
training_prevalence_at_least40,4,GF_00482
training_prevalence_at_least40,4,GF_00488
training_prevalence_at_least40,4,GF_00489
training_prevalence_at_least40,4,GF_00491
training_prevalence_at_least40,4,GF_00503
training_prevalence_at_least40,4,GF_00522
training_prevalence_at_least40,4,GF_00523
training_prevalence_at_least40,4,GF_00524
training_prevalence_at_least40,4,GF_00527
training_prevalence_at_least40,4,GF_00530
training_prevalence_at_least40,4,GF_00531
training_prevalence_at_least40,4,GF_00536
training_prevalence_at_least40,4,GF_00546
training_prevalence_at_least40,4,GF_00547
training_prevalence_at_least40,4,GF_00548
training_prevalence_at_least40,4,GF_00564
training_prevalence_at_least40,4,GF_00565
training_prevalence_at_least40,4,GF_00566
training_prevalence_at_least40,4,GF_00569
training_prevalence_at_least40,4,GF_00570
training_prevalence_at_least40,4,GF_00572
training_prevalence_at_least40,4,GF_00574
training_prevalence_at_least40,4,GF_00578
training_prevalence_at_least40,4,GF_00580
training_prevalence_at_least40,4,GF_00588
training_prevalence_at_least40,4,GF_00593
training_prevalence_at_least40,4,GF_00594
training_prevalence_at_least40,4,GF_00599
training_prevalence_at_least40,4,GF_00600
training_prevalence_at_least40,4,GF_00601
training_prevalence_at_least40,4,GF_00602
training_prevalence_at_least40,4,GF_00603
training_prevalence_at_least40,4,GF_00604
training_prevalence_at_least40,4,GF_00605
training_prevalence_at_least40,4,GF_00606
training_prevalence_at_least40,4,GF_00608
training_prevalence_at_least40,4,GF_00609
training_prevalence_at_least40,4,GF_00611
training_prevalence_at_least40,4,GF_00612
training_prevalence_at_least40,4,GF_00613
training_prevalence_at_least40,4,GF_00614
training_prevalence_at_least40,4,GF_00617
training_prevalence_at_least40,4,GF_00618
training_prevalence_at_least40,4,GF_00619
training_prevalence_at_least40,4,GF_00620
training_prevalence_at_least40,4,GF_00621
training_prevalence_at_least40,4,GF_00622
training_prevalence_at_least40,4,GF_00623
training_prevalence_at_least40,4,GF_00624
training_prevalence_at_least40,4,GF_00632
training_prevalence_at_least40,4,GF_00633
training_prevalence_at_least40,4,GF_00634
training_prevalence_at_least40,4,GF_00635
training_prevalence_at_least40,4,GF_00636
training_prevalence_at_least40,4,GF_00637
training_prevalence_at_least40,4,GF_00641
training_prevalence_at_least40,4,GF_00642
training_prevalence_at_least40,4,GF_00643
training_prevalence_at_least40,4,GF_00655
training_prevalence_at_least40,4,GF_00658
training_prevalence_at_least40,4,GF_00659
training_prevalence_at_least40,4,GF_00661
training_prevalence_at_least40,4,GF_00669
training_prevalence_at_least40,4,GF_00682
training_prevalence_at_least40,4,GF_00688
training_prevalence_at_least40,4,GF_00695
training_prevalence_at_least40,4,GF_00699
training_prevalence_at_least40,4,GF_00709
training_prevalence_at_least40,4,GF_00722
training_prevalence_at_least40,4,GF_00723
training_prevalence_at_least40,4,GF_00724
training_prevalence_at_least40,4,GF_00725
training_prevalence_at_least40,4,GF_00726
training_prevalence_at_least40,4,GF_00727
training_prevalence_at_least40,4,GF_00728
training_prevalence_at_least40,4,GF_00729
training_prevalence_at_least40,4,GF_00732
training_prevalence_at_least40,4,GF_00736
training_prevalence_at_least40,4,GF_00740
training_prevalence_at_least40,4,GF_00741
training_prevalence_at_least40,4,GF_00744
training_prevalence_at_least40,4,GF_00751
training_prevalence_at_least40,4,GF_00755
training_prevalence_at_least40,4,GF_00756
training_prevalence_at_least40,4,GF_00761
training_prevalence_at_least40,4,GF_00771
training_prevalence_at_least40,4,GF_00773
training_prevalence_at_least40,4,GF_00777
training_prevalence_at_least40,4,GF_00785
training_prevalence_at_least40,4,GF_00796
training_prevalence_at_least40,4,GF_00810
training_prevalence_at_least40,4,GF_00811
training_prevalence_at_least40,4,GF_00814
training_prevalence_at_least40,4,GF_00816
training_prevalence_at_least40,4,GF_00819
training_prevalence_at_least40,4,GF_00828
training_prevalence_at_least40,4,GF_00845
training_prevalence_at_least40,4,GF_00856
training_prevalence_at_least40,4,GF_00857
training_prevalence_at_least40,4,GF_00860
training_prevalence_at_least40,4,GF_00864
training_prevalence_at_least40,4,GF_00866
training_prevalence_at_least40,4,GF_00867
training_prevalence_at_least40,4,GF_00870
training_prevalence_at_least40,4,GF_00873
training_prevalence_at_least40,4,GF_00874
training_prevalence_at_least40,4,GF_00887
training_prevalence_at_least40,4,GF_00888
training_prevalence_at_least40,4,GF_00895
training_prevalence_at_least40,4,GF_00916
training_prevalence_at_least40,4,GF_00927
training_prevalence_at_least40,4,GF_00931
training_prevalence_at_least40,4,GF_00933
training_prevalence_at_least40,4,GF_00946
training_prevalence_at_least40,4,GF_00949
training_prevalence_at_least40,4,GF_00957
training_prevalence_at_least40,4,GF_00958
training_prevalence_at_least40,4,GF_00959
training_prevalence_at_least40,4,GF_00960
training_prevalence_at_least40,4,GF_00966
training_prevalence_at_least40,4,GF_00968
training_prevalence_at_least40,4,GF_00969
training_prevalence_at_least40,4,GF_00970
training_prevalence_at_least40,4,GF_00972
training_prevalence_at_least40,4,GF_00982
training_prevalence_at_least40,4,GF_01005
training_prevalence_at_least40,4,GF_01026
training_prevalence_at_least40,4,GF_01027
training_prevalence_at_least40,4,GF_01028
training_prevalence_at_least40,4,GF_01054
training_prevalence_at_least40,4,GF_01230
training_prevalence_at_least40,4,GF_01231
training_prevalence_at_least40,4,GF_01232
training_prevalence_at_least40,4,GF_01233
training_prevalence_at_least40,4,GF_01234
training_prevalence_at_least40,4,GF_01235
training_prevalence_at_least40,4,GF_01236
training_prevalence_at_least40,4,GF_01237
training_prevalence_at_least40,4,GF_01238
training_prevalence_at_least40,4,GF_01239
training_prevalence_at_least40,4,GF_01240
training_prevalence_at_least40,4,GF_01241
training_prevalence_at_least40,4,GF_01242
training_prevalence_at_least40,4,GF_01243
training_prevalence_at_least40,4,GF_01244
training_prevalence_at_least40,4,GF_01245
training_prevalence_at_least40,4,GF_01247
training_prevalence_at_least40,4,GF_01248
training_prevalence_at_least40,4,GF_01253
training_prevalence_at_least40,4,GF_01266
training_prevalence_at_least40,4,GF_01279
training_prevalence_at_least40,4,GF_01282
training_prevalence_at_least40,4,GF_01287
training_prevalence_at_least40,4,GF_01291
training_prevalence_at_least40,4,GF_01292
training_prevalence_at_least40,4,GF_01293
training_prevalence_at_least40,4,GF_01297
training_prevalence_at_least40,4,GF_01306
training_prevalence_at_least40,4,GF_01314
training_prevalence_at_least40,4,GF_01328
training_prevalence_at_least40,4,GF_01329
training_prevalence_at_least40,4,GF_01330
training_prevalence_at_least40,4,GF_01331
training_prevalence_at_least40,4,GF_01332
training_prevalence_at_least40,4,GF_01333
training_prevalence_at_least40,4,GF_01334
training_prevalence_at_least40,4,GF_01337
training_prevalence_at_least40,4,GF_01338
training_prevalence_at_least40,4,GF_01357
training_prevalence_at_least40,4,GF_01365
training_prevalence_at_least40,4,GF_01372
training_prevalence_at_least40,4,GF_01374
training_prevalence_at_least40,4,GF_01375
training_prevalence_at_least40,4,GF_01376
training_prevalence_at_least40,4,GF_01377
training_prevalence_at_least40,4,GF_01378
training_prevalence_at_least40,4,GF_01380
training_prevalence_at_least40,4,GF_01381
training_prevalence_at_least40,4,GF_01382
training_prevalence_at_least40,4,GF_01383
training_prevalence_at_least40,4,GF_01384
training_prevalence_at_least40,4,GF_01385
training_prevalence_at_least40,4,GF_01386
training_prevalence_at_least40,4,GF_01387
training_prevalence_at_least40,4,GF_01390
training_prevalence_at_least40,4,GF_01391
training_prevalence_at_least40,4,GF_01393
training_prevalence_at_least40,4,GF_01394
training_prevalence_at_least40,4,GF_01395
training_prevalence_at_least40,4,GF_01396
training_prevalence_at_least40,4,GF_01397
training_prevalence_at_least40,4,GF_01399
training_prevalence_at_least40,4,GF_01400
training_prevalence_at_least40,4,GF_01401
training_prevalence_at_least40,4,GF_01404
training_prevalence_at_least40,4,GF_01425
training_prevalence_at_least40,4,GF_01426
training_prevalence_at_least40,4,GF_01428
training_prevalence_at_least40,4,GF_01445
training_prevalence_at_least40,4,GF_01446
training_prevalence_at_least40,4,GF_01447
training_prevalence_at_least40,4,GF_01448
training_prevalence_at_least40,4,GF_01449
training_prevalence_at_least40,4,GF_01456
training_prevalence_at_least40,4,GF_01458
training_prevalence_at_least40,4,GF_01460
training_prevalence_at_least40,4,GF_01461
training_prevalence_at_least40,4,GF_01462
training_prevalence_at_least40,4,GF_01466
training_prevalence_at_least40,4,GF_01476
training_prevalence_at_least40,4,GF_01477
training_prevalence_at_least40,4,GF_01479
training_prevalence_at_least40,4,GF_01487
training_prevalence_at_least40,4,GF_01497
training_prevalence_at_least40,4,GF_01502
training_prevalence_at_least40,4,GF_01512
training_prevalence_at_least40,4,GF_01514
training_prevalence_at_least40,4,GF_01527
training_prevalence_at_least40,4,GF_01535
training_prevalence_at_least40,4,GF_01536
training_prevalence_at_least40,4,GF_01537
training_prevalence_at_least40,4,GF_01538
training_prevalence_at_least40,4,GF_01540
training_prevalence_at_least40,4,GF_01541
training_prevalence_at_least40,4,GF_01542
training_prevalence_at_least40,4,GF_01543
training_prevalence_at_least40,4,GF_01544
training_prevalence_at_least40,4,GF_01549
training_prevalence_at_least40,4,GF_01550
training_prevalence_at_least40,4,GF_01552
training_prevalence_at_least40,4,GF_01553
training_prevalence_at_least40,4,GF_01579
training_prevalence_at_least40,4,GF_01580
training_prevalence_at_least40,4,GF_01583
training_prevalence_at_least40,4,GF_01584
training_prevalence_at_least40,4,GF_01591
training_prevalence_at_least40,4,GF_01592
training_prevalence_at_least40,4,GF_01616
training_prevalence_at_least40,4,GF_01617
training_prevalence_at_least40,4,GF_01618
training_prevalence_at_least40,4,GF_01620
training_prevalence_at_least40,4,GF_01621
training_prevalence_at_least40,4,GF_01623
training_prevalence_at_least40,4,GF_01626
training_prevalence_at_least40,4,GF_01627
training_prevalence_at_least40,4,GF_01628
training_prevalence_at_least40,4,GF_01629
training_prevalence_at_least40,4,GF_01633
training_prevalence_at_least40,4,GF_01634
training_prevalence_at_least40,4,GF_01635
training_prevalence_at_least40,4,GF_01636
training_prevalence_at_least40,4,GF_01637
training_prevalence_at_least40,4,GF_01638
training_prevalence_at_least40,4,GF_01639
training_prevalence_at_least40,4,GF_01641
training_prevalence_at_least40,4,GF_01643
training_prevalence_at_least40,4,GF_01645
training_prevalence_at_least40,4,GF_01648
training_prevalence_at_least40,4,GF_01661
training_prevalence_at_least40,4,GF_01672
training_prevalence_at_least40,4,GF_01673
training_prevalence_at_least40,4,GF_01674
training_prevalence_at_least40,4,GF_01675
training_prevalence_at_least40,4,GF_01676
training_prevalence_at_least40,4,GF_01677
training_prevalence_at_least40,4,GF_01678
training_prevalence_at_least40,4,GF_01679
training_prevalence_at_least40,4,GF_01683
training_prevalence_at_least40,4,GF_01684
training_prevalence_at_least40,4,GF_01685
training_prevalence_at_least40,4,GF_01688
training_prevalence_at_least40,4,GF_01689
training_prevalence_at_least40,4,GF_01690
training_prevalence_at_least40,4,GF_01691
training_prevalence_at_least40,4,GF_01693
training_prevalence_at_least40,4,GF_01732
training_prevalence_at_least40,4,GF_01733
training_prevalence_at_least40,4,GF_01734
training_prevalence_at_least40,4,GF_01735
training_prevalence_at_least40,4,GF_01736
training_prevalence_at_least40,4,GF_01740
training_prevalence_at_least40,4,GF_01742
training_prevalence_at_least40,4,GF_01763
training_prevalence_at_least40,4,GF_01764
training_prevalence_at_least40,4,GF_01770
training_prevalence_at_least40,4,GF_01783
training_prevalence_at_least40,4,GF_01799
training_prevalence_at_least40,4,GF_01807
training_prevalence_at_least40,4,GF_01808
training_prevalence_at_least40,4,GF_01809
training_prevalence_at_least40,4,GF_01810
training_prevalence_at_least40,4,GF_01811
training_prevalence_at_least40,4,GF_01812
training_prevalence_at_least40,4,GF_01813
training_prevalence_at_least40,4,GF_01816
training_prevalence_at_least40,4,GF_01817
training_prevalence_at_least40,4,GF_01818
training_prevalence_at_least40,4,GF_01819
training_prevalence_at_least40,4,GF_01822
training_prevalence_at_least40,4,GF_01823
training_prevalence_at_least40,4,GF_01834
training_prevalence_at_least40,4,GF_01836
training_prevalence_at_least40,4,GF_01837
training_prevalence_at_least40,4,GF_01840
training_prevalence_at_least40,4,GF_01841
training_prevalence_at_least40,4,GF_01842
training_prevalence_at_least40,4,GF_01844
training_prevalence_at_least40,4,GF_01856
training_prevalence_at_least40,4,GF_01860
training_prevalence_at_least40,4,GF_01866
training_prevalence_at_least40,4,GF_01870
training_prevalence_at_least40,4,GF_01872
training_prevalence_at_least40,4,GF_01874
training_prevalence_at_least40,4,GF_01885
training_prevalence_at_least40,4,GF_01897
training_prevalence_at_least40,4,GF_01898
training_prevalence_at_least40,4,GF_01899
training_prevalence_at_least40,4,GF_01900
training_prevalence_at_least40,4,GF_01901
training_prevalence_at_least40,4,GF_01902
training_prevalence_at_least40,4,GF_01904
training_prevalence_at_least40,4,GF_01919
training_prevalence_at_least40,4,GF_01921
training_prevalence_at_least40,4,GF_01925
training_prevalence_at_least40,4,GF_01926
training_prevalence_at_least40,4,GF_01927
training_prevalence_at_least40,4,GF_01928
training_prevalence_at_least40,4,GF_01929
training_prevalence_at_least40,4,GF_01930
training_prevalence_at_least40,4,GF_01945
training_prevalence_at_least40,4,GF_02041
training_prevalence_at_least40,4,GF_02069
training_prevalence_at_least40,4,GF_02070
training_prevalence_at_least40,4,GF_02071
training_prevalence_at_least40,4,GF_02074
training_prevalence_at_least40,4,GF_02075
training_prevalence_at_least40,4,GF_02081
training_prevalence_at_least40,4,GF_02084
training_prevalence_at_least40,4,GF_02089
training_prevalence_at_least40,4,GF_02091
training_prevalence_at_least40,4,GF_02092
training_prevalence_at_least40,4,GF_02093
training_prevalence_at_least40,4,GF_02094
training_prevalence_at_least40,4,GF_02101
training_prevalence_at_least40,4,GF_02110
training_prevalence_at_least40,4,GF_02122
training_prevalence_at_least40,4,GF_02130
training_prevalence_at_least40,4,GF_02131
training_prevalence_at_least40,4,GF_02136
training_prevalence_at_least40,4,GF_02137
training_prevalence_at_least40,4,GF_02138
training_prevalence_at_least40,4,GF_02139
training_prevalence_at_least40,4,GF_02140
training_prevalence_at_least40,4,GF_02142
training_prevalence_at_least40,4,GF_02143
training_prevalence_at_least40,4,GF_02145
training_prevalence_at_least40,4,GF_02152
training_prevalence_at_least40,4,GF_02157
training_prevalence_at_least40,4,GF_02158
training_prevalence_at_least40,4,GF_02159
training_prevalence_at_least40,4,GF_02172
training_prevalence_at_least40,4,GF_02178
training_prevalence_at_least40,4,GF_02180
training_prevalence_at_least40,4,GF_02192
training_prevalence_at_least40,4,GF_02194
training_prevalence_at_least40,4,GF_02215
training_prevalence_at_least40,4,GF_02216
training_prevalence_at_least40,4,GF_02217
training_prevalence_at_least40,4,GF_02218
training_prevalence_at_least40,4,GF_02219
training_prevalence_at_least40,4,GF_02220
training_prevalence_at_least40,4,GF_02222
training_prevalence_at_least40,4,GF_02223
training_prevalence_at_least40,4,GF_02224
training_prevalence_at_least40,4,GF_02225
training_prevalence_at_least40,4,GF_02226
training_prevalence_at_least40,4,GF_02227
training_prevalence_at_least40,4,GF_02228
training_prevalence_at_least40,4,GF_02229
training_prevalence_at_least40,4,GF_02230
training_prevalence_at_least40,4,GF_02239
training_prevalence_at_least40,4,GF_02260
training_prevalence_at_least40,4,GF_02261
training_prevalence_at_least40,4,GF_02262
training_prevalence_at_least40,4,GF_02263
training_prevalence_at_least40,4,GF_02264
training_prevalence_at_least40,4,GF_02266
training_prevalence_at_least40,5,GF_00002
training_prevalence_at_least40,5,GF_00011
training_prevalence_at_least40,5,GF_00012
training_prevalence_at_least40,5,GF_00015
training_prevalence_at_least40,5,GF_00017
training_prevalence_at_least40,5,GF_00018
training_prevalence_at_least40,5,GF_00036
training_prevalence_at_least40,5,GF_00043
training_prevalence_at_least40,5,GF_00046
training_prevalence_at_least40,5,GF_00047
training_prevalence_at_least40,5,GF_00048
training_prevalence_at_least40,5,GF_00051
training_prevalence_at_least40,5,GF_00072
training_prevalence_at_least40,5,GF_00079
training_prevalence_at_least40,5,GF_00080
training_prevalence_at_least40,5,GF_00081
training_prevalence_at_least40,5,GF_00084
training_prevalence_at_least40,5,GF_00085
training_prevalence_at_least40,5,GF_00087
training_prevalence_at_least40,5,GF_00088
training_prevalence_at_least40,5,GF_00093
training_prevalence_at_least40,5,GF_00094
training_prevalence_at_least40,5,GF_00104
training_prevalence_at_least40,5,GF_00112
training_prevalence_at_least40,5,GF_00122
training_prevalence_at_least40,5,GF_00124
training_prevalence_at_least40,5,GF_00136
training_prevalence_at_least40,5,GF_00143
training_prevalence_at_least40,5,GF_00155
training_prevalence_at_least40,5,GF_00164
training_prevalence_at_least40,5,GF_00170
training_prevalence_at_least40,5,GF_00178
training_prevalence_at_least40,5,GF_00185
training_prevalence_at_least40,5,GF_00208
training_prevalence_at_least40,5,GF_00229
training_prevalence_at_least40,5,GF_00235
training_prevalence_at_least40,5,GF_00251
training_prevalence_at_least40,5,GF_00262
training_prevalence_at_least40,5,GF_00281
training_prevalence_at_least40,5,GF_00290
training_prevalence_at_least40,5,GF_00296
training_prevalence_at_least40,5,GF_00300
training_prevalence_at_least40,5,GF_00302
training_prevalence_at_least40,5,GF_00303
training_prevalence_at_least40,5,GF_00305
training_prevalence_at_least40,5,GF_00309
training_prevalence_at_least40,5,GF_00311
training_prevalence_at_least40,5,GF_00312
training_prevalence_at_least40,5,GF_00313
training_prevalence_at_least40,5,GF_00314
training_prevalence_at_least40,5,GF_00316
training_prevalence_at_least40,5,GF_00320
training_prevalence_at_least40,5,GF_00323
training_prevalence_at_least40,5,GF_00324
training_prevalence_at_least40,5,GF_00326
training_prevalence_at_least40,5,GF_00327
training_prevalence_at_least40,5,GF_00330
training_prevalence_at_least40,5,GF_00331
training_prevalence_at_least40,5,GF_00335
training_prevalence_at_least40,5,GF_00336
training_prevalence_at_least40,5,GF_00338
training_prevalence_at_least40,5,GF_00339
training_prevalence_at_least40,5,GF_00340
training_prevalence_at_least40,5,GF_00341
training_prevalence_at_least40,5,GF_00342
training_prevalence_at_least40,5,GF_00343
training_prevalence_at_least40,5,GF_00344
training_prevalence_at_least40,5,GF_00346
training_prevalence_at_least40,5,GF_00347
training_prevalence_at_least40,5,GF_00348
training_prevalence_at_least40,5,GF_00349
training_prevalence_at_least40,5,GF_00350
training_prevalence_at_least40,5,GF_00352
training_prevalence_at_least40,5,GF_00353
training_prevalence_at_least40,5,GF_00355
training_prevalence_at_least40,5,GF_00358
training_prevalence_at_least40,5,GF_00360
training_prevalence_at_least40,5,GF_00362
training_prevalence_at_least40,5,GF_00363
training_prevalence_at_least40,5,GF_00364
training_prevalence_at_least40,5,GF_00365
training_prevalence_at_least40,5,GF_00369
training_prevalence_at_least40,5,GF_00381
training_prevalence_at_least40,5,GF_00384
training_prevalence_at_least40,5,GF_00385
training_prevalence_at_least40,5,GF_00386
training_prevalence_at_least40,5,GF_00387
training_prevalence_at_least40,5,GF_00388
training_prevalence_at_least40,5,GF_00389
training_prevalence_at_least40,5,GF_00390
training_prevalence_at_least40,5,GF_00391
training_prevalence_at_least40,5,GF_00393
training_prevalence_at_least40,5,GF_00394
training_prevalence_at_least40,5,GF_00395
training_prevalence_at_least40,5,GF_00396
training_prevalence_at_least40,5,GF_00400
training_prevalence_at_least40,5,GF_00402
training_prevalence_at_least40,5,GF_00404
training_prevalence_at_least40,5,GF_00405
training_prevalence_at_least40,5,GF_00406
training_prevalence_at_least40,5,GF_00407
training_prevalence_at_least40,5,GF_00408
training_prevalence_at_least40,5,GF_00409
training_prevalence_at_least40,5,GF_00413
training_prevalence_at_least40,5,GF_00414
training_prevalence_at_least40,5,GF_00415
training_prevalence_at_least40,5,GF_00417
training_prevalence_at_least40,5,GF_00421
training_prevalence_at_least40,5,GF_00422
training_prevalence_at_least40,5,GF_00424
training_prevalence_at_least40,5,GF_00426
training_prevalence_at_least40,5,GF_00430
training_prevalence_at_least40,5,GF_00431
training_prevalence_at_least40,5,GF_00432
training_prevalence_at_least40,5,GF_00433
training_prevalence_at_least40,5,GF_00434
training_prevalence_at_least40,5,GF_00435
training_prevalence_at_least40,5,GF_00436
training_prevalence_at_least40,5,GF_00437
training_prevalence_at_least40,5,GF_00438
training_prevalence_at_least40,5,GF_00455
training_prevalence_at_least40,5,GF_00457
training_prevalence_at_least40,5,GF_00471
training_prevalence_at_least40,5,GF_00480
training_prevalence_at_least40,5,GF_00482
training_prevalence_at_least40,5,GF_00488
training_prevalence_at_least40,5,GF_00489
training_prevalence_at_least40,5,GF_00503
training_prevalence_at_least40,5,GF_00522
training_prevalence_at_least40,5,GF_00524
training_prevalence_at_least40,5,GF_00531
training_prevalence_at_least40,5,GF_00536
training_prevalence_at_least40,5,GF_00538
training_prevalence_at_least40,5,GF_00547
training_prevalence_at_least40,5,GF_00564
training_prevalence_at_least40,5,GF_00565
training_prevalence_at_least40,5,GF_00566
training_prevalence_at_least40,5,GF_00572
training_prevalence_at_least40,5,GF_00574
training_prevalence_at_least40,5,GF_00578
training_prevalence_at_least40,5,GF_00580
training_prevalence_at_least40,5,GF_00595
training_prevalence_at_least40,5,GF_00600
training_prevalence_at_least40,5,GF_00601
training_prevalence_at_least40,5,GF_00603
training_prevalence_at_least40,5,GF_00604
training_prevalence_at_least40,5,GF_00605
training_prevalence_at_least40,5,GF_00606
training_prevalence_at_least40,5,GF_00608
training_prevalence_at_least40,5,GF_00609
training_prevalence_at_least40,5,GF_00611
training_prevalence_at_least40,5,GF_00612
training_prevalence_at_least40,5,GF_00613
training_prevalence_at_least40,5,GF_00614
training_prevalence_at_least40,5,GF_00616
training_prevalence_at_least40,5,GF_00617
training_prevalence_at_least40,5,GF_00618
training_prevalence_at_least40,5,GF_00619
training_prevalence_at_least40,5,GF_00621
training_prevalence_at_least40,5,GF_00622
training_prevalence_at_least40,5,GF_00623
training_prevalence_at_least40,5,GF_00624
training_prevalence_at_least40,5,GF_00632
training_prevalence_at_least40,5,GF_00633
training_prevalence_at_least40,5,GF_00634
training_prevalence_at_least40,5,GF_00635
training_prevalence_at_least40,5,GF_00636
training_prevalence_at_least40,5,GF_00637
training_prevalence_at_least40,5,GF_00641
training_prevalence_at_least40,5,GF_00642
training_prevalence_at_least40,5,GF_00643
training_prevalence_at_least40,5,GF_00655
training_prevalence_at_least40,5,GF_00658
training_prevalence_at_least40,5,GF_00659
training_prevalence_at_least40,5,GF_00661
training_prevalence_at_least40,5,GF_00669
training_prevalence_at_least40,5,GF_00676
training_prevalence_at_least40,5,GF_00681
training_prevalence_at_least40,5,GF_00688
training_prevalence_at_least40,5,GF_00695
training_prevalence_at_least40,5,GF_00699
training_prevalence_at_least40,5,GF_00709
training_prevalence_at_least40,5,GF_00722
training_prevalence_at_least40,5,GF_00723
training_prevalence_at_least40,5,GF_00724
training_prevalence_at_least40,5,GF_00725
training_prevalence_at_least40,5,GF_00726
training_prevalence_at_least40,5,GF_00727
training_prevalence_at_least40,5,GF_00728
training_prevalence_at_least40,5,GF_00729
training_prevalence_at_least40,5,GF_00732
training_prevalence_at_least40,5,GF_00736
training_prevalence_at_least40,5,GF_00740
training_prevalence_at_least40,5,GF_00741
training_prevalence_at_least40,5,GF_00744
training_prevalence_at_least40,5,GF_00751
training_prevalence_at_least40,5,GF_00755
training_prevalence_at_least40,5,GF_00756
training_prevalence_at_least40,5,GF_00761
training_prevalence_at_least40,5,GF_00771
training_prevalence_at_least40,5,GF_00773
training_prevalence_at_least40,5,GF_00777
training_prevalence_at_least40,5,GF_00785
training_prevalence_at_least40,5,GF_00796
training_prevalence_at_least40,5,GF_00810
training_prevalence_at_least40,5,GF_00814
training_prevalence_at_least40,5,GF_00815
training_prevalence_at_least40,5,GF_00816
training_prevalence_at_least40,5,GF_00819
training_prevalence_at_least40,5,GF_00828
training_prevalence_at_least40,5,GF_00845
training_prevalence_at_least40,5,GF_00857
training_prevalence_at_least40,5,GF_00864
training_prevalence_at_least40,5,GF_00866
training_prevalence_at_least40,5,GF_00869
training_prevalence_at_least40,5,GF_00874
training_prevalence_at_least40,5,GF_00887
training_prevalence_at_least40,5,GF_00895
training_prevalence_at_least40,5,GF_00916
training_prevalence_at_least40,5,GF_00931
training_prevalence_at_least40,5,GF_00946
training_prevalence_at_least40,5,GF_00949
training_prevalence_at_least40,5,GF_00957
training_prevalence_at_least40,5,GF_00958
training_prevalence_at_least40,5,GF_00959
training_prevalence_at_least40,5,GF_00960
training_prevalence_at_least40,5,GF_00963
training_prevalence_at_least40,5,GF_00968
training_prevalence_at_least40,5,GF_00969
training_prevalence_at_least40,5,GF_00970
training_prevalence_at_least40,5,GF_00971
training_prevalence_at_least40,5,GF_00972
training_prevalence_at_least40,5,GF_01005
training_prevalence_at_least40,5,GF_01012
training_prevalence_at_least40,5,GF_01026
training_prevalence_at_least40,5,GF_01027
training_prevalence_at_least40,5,GF_01028
training_prevalence_at_least40,5,GF_01054
training_prevalence_at_least40,5,GF_01230
training_prevalence_at_least40,5,GF_01231
training_prevalence_at_least40,5,GF_01233
training_prevalence_at_least40,5,GF_01234
training_prevalence_at_least40,5,GF_01235
training_prevalence_at_least40,5,GF_01236
training_prevalence_at_least40,5,GF_01239
training_prevalence_at_least40,5,GF_01240
training_prevalence_at_least40,5,GF_01241
training_prevalence_at_least40,5,GF_01242
training_prevalence_at_least40,5,GF_01245
training_prevalence_at_least40,5,GF_01246
training_prevalence_at_least40,5,GF_01248
training_prevalence_at_least40,5,GF_01266
training_prevalence_at_least40,5,GF_01287
training_prevalence_at_least40,5,GF_01291
training_prevalence_at_least40,5,GF_01292
training_prevalence_at_least40,5,GF_01297
training_prevalence_at_least40,5,GF_01306
training_prevalence_at_least40,5,GF_01314
training_prevalence_at_least40,5,GF_01315
training_prevalence_at_least40,5,GF_01328
training_prevalence_at_least40,5,GF_01329
training_prevalence_at_least40,5,GF_01330
training_prevalence_at_least40,5,GF_01331
training_prevalence_at_least40,5,GF_01332
training_prevalence_at_least40,5,GF_01333
training_prevalence_at_least40,5,GF_01334
training_prevalence_at_least40,5,GF_01337
training_prevalence_at_least40,5,GF_01338
training_prevalence_at_least40,5,GF_01372
training_prevalence_at_least40,5,GF_01374
training_prevalence_at_least40,5,GF_01375
training_prevalence_at_least40,5,GF_01376
training_prevalence_at_least40,5,GF_01377
training_prevalence_at_least40,5,GF_01381
training_prevalence_at_least40,5,GF_01383
training_prevalence_at_least40,5,GF_01387
training_prevalence_at_least40,5,GF_01390
training_prevalence_at_least40,5,GF_01393
training_prevalence_at_least40,5,GF_01394
training_prevalence_at_least40,5,GF_01395
training_prevalence_at_least40,5,GF_01396
training_prevalence_at_least40,5,GF_01397
training_prevalence_at_least40,5,GF_01399
training_prevalence_at_least40,5,GF_01400
training_prevalence_at_least40,5,GF_01401
training_prevalence_at_least40,5,GF_01404
training_prevalence_at_least40,5,GF_01425
training_prevalence_at_least40,5,GF_01426
training_prevalence_at_least40,5,GF_01428
training_prevalence_at_least40,5,GF_01439
training_prevalence_at_least40,5,GF_01445
training_prevalence_at_least40,5,GF_01446
training_prevalence_at_least40,5,GF_01447
training_prevalence_at_least40,5,GF_01448
training_prevalence_at_least40,5,GF_01449
training_prevalence_at_least40,5,GF_01456
training_prevalence_at_least40,5,GF_01458
training_prevalence_at_least40,5,GF_01460
training_prevalence_at_least40,5,GF_01461
training_prevalence_at_least40,5,GF_01462
training_prevalence_at_least40,5,GF_01466
training_prevalence_at_least40,5,GF_01477
training_prevalence_at_least40,5,GF_01479
training_prevalence_at_least40,5,GF_01487
training_prevalence_at_least40,5,GF_01502
training_prevalence_at_least40,5,GF_01512
training_prevalence_at_least40,5,GF_01514
training_prevalence_at_least40,5,GF_01527
training_prevalence_at_least40,5,GF_01536
training_prevalence_at_least40,5,GF_01538
training_prevalence_at_least40,5,GF_01540
training_prevalence_at_least40,5,GF_01541
training_prevalence_at_least40,5,GF_01542
training_prevalence_at_least40,5,GF_01544
training_prevalence_at_least40,5,GF_01547
training_prevalence_at_least40,5,GF_01549
training_prevalence_at_least40,5,GF_01550
training_prevalence_at_least40,5,GF_01552
training_prevalence_at_least40,5,GF_01553
training_prevalence_at_least40,5,GF_01579
training_prevalence_at_least40,5,GF_01580
training_prevalence_at_least40,5,GF_01583
training_prevalence_at_least40,5,GF_01591
training_prevalence_at_least40,5,GF_01592
training_prevalence_at_least40,5,GF_01616
training_prevalence_at_least40,5,GF_01617
training_prevalence_at_least40,5,GF_01618
training_prevalence_at_least40,5,GF_01620
training_prevalence_at_least40,5,GF_01621
training_prevalence_at_least40,5,GF_01623
training_prevalence_at_least40,5,GF_01626
training_prevalence_at_least40,5,GF_01629
training_prevalence_at_least40,5,GF_01634
training_prevalence_at_least40,5,GF_01636
training_prevalence_at_least40,5,GF_01637
training_prevalence_at_least40,5,GF_01638
training_prevalence_at_least40,5,GF_01639
training_prevalence_at_least40,5,GF_01641
training_prevalence_at_least40,5,GF_01648
training_prevalence_at_least40,5,GF_01661
training_prevalence_at_least40,5,GF_01673
training_prevalence_at_least40,5,GF_01674
training_prevalence_at_least40,5,GF_01675
training_prevalence_at_least40,5,GF_01676
training_prevalence_at_least40,5,GF_01677
training_prevalence_at_least40,5,GF_01678
training_prevalence_at_least40,5,GF_01679
training_prevalence_at_least40,5,GF_01680
training_prevalence_at_least40,5,GF_01684
training_prevalence_at_least40,5,GF_01685
training_prevalence_at_least40,5,GF_01688
training_prevalence_at_least40,5,GF_01689
training_prevalence_at_least40,5,GF_01690
training_prevalence_at_least40,5,GF_01692
training_prevalence_at_least40,5,GF_01693
training_prevalence_at_least40,5,GF_01734
training_prevalence_at_least40,5,GF_01735
training_prevalence_at_least40,5,GF_01736
training_prevalence_at_least40,5,GF_01741
training_prevalence_at_least40,5,GF_01742
training_prevalence_at_least40,5,GF_01745
training_prevalence_at_least40,5,GF_01763
training_prevalence_at_least40,5,GF_01783
training_prevalence_at_least40,5,GF_01799
training_prevalence_at_least40,5,GF_01806
training_prevalence_at_least40,5,GF_01807
training_prevalence_at_least40,5,GF_01808
training_prevalence_at_least40,5,GF_01809
training_prevalence_at_least40,5,GF_01810
training_prevalence_at_least40,5,GF_01811
training_prevalence_at_least40,5,GF_01812
training_prevalence_at_least40,5,GF_01813
training_prevalence_at_least40,5,GF_01816
training_prevalence_at_least40,5,GF_01819
training_prevalence_at_least40,5,GF_01822
training_prevalence_at_least40,5,GF_01823
training_prevalence_at_least40,5,GF_01834
training_prevalence_at_least40,5,GF_01836
training_prevalence_at_least40,5,GF_01837
training_prevalence_at_least40,5,GF_01840
training_prevalence_at_least40,5,GF_01841
training_prevalence_at_least40,5,GF_01842
training_prevalence_at_least40,5,GF_01844
training_prevalence_at_least40,5,GF_01856
training_prevalence_at_least40,5,GF_01860
training_prevalence_at_least40,5,GF_01866
training_prevalence_at_least40,5,GF_01870
training_prevalence_at_least40,5,GF_01885
training_prevalence_at_least40,5,GF_01898
training_prevalence_at_least40,5,GF_01899
training_prevalence_at_least40,5,GF_01900
training_prevalence_at_least40,5,GF_01902
training_prevalence_at_least40,5,GF_01904
training_prevalence_at_least40,5,GF_01919
training_prevalence_at_least40,5,GF_01921
training_prevalence_at_least40,5,GF_01926
training_prevalence_at_least40,5,GF_01927
training_prevalence_at_least40,5,GF_01928
training_prevalence_at_least40,5,GF_01929
training_prevalence_at_least40,5,GF_01930
training_prevalence_at_least40,5,GF_01945
training_prevalence_at_least40,5,GF_02041
training_prevalence_at_least40,5,GF_02059
training_prevalence_at_least40,5,GF_02060
training_prevalence_at_least40,5,GF_02069
training_prevalence_at_least40,5,GF_02070
training_prevalence_at_least40,5,GF_02071
training_prevalence_at_least40,5,GF_02074
training_prevalence_at_least40,5,GF_02075
training_prevalence_at_least40,5,GF_02089
training_prevalence_at_least40,5,GF_02091
training_prevalence_at_least40,5,GF_02092
training_prevalence_at_least40,5,GF_02093
training_prevalence_at_least40,5,GF_02101
training_prevalence_at_least40,5,GF_02110
training_prevalence_at_least40,5,GF_02113
training_prevalence_at_least40,5,GF_02122
training_prevalence_at_least40,5,GF_02130
training_prevalence_at_least40,5,GF_02131
training_prevalence_at_least40,5,GF_02132
training_prevalence_at_least40,5,GF_02136
training_prevalence_at_least40,5,GF_02140
training_prevalence_at_least40,5,GF_02141
training_prevalence_at_least40,5,GF_02145
training_prevalence_at_least40,5,GF_02152
training_prevalence_at_least40,5,GF_02157
training_prevalence_at_least40,5,GF_02158
training_prevalence_at_least40,5,GF_02159
training_prevalence_at_least40,5,GF_02172
training_prevalence_at_least40,5,GF_02178
training_prevalence_at_least40,5,GF_02180
training_prevalence_at_least40,5,GF_02215
training_prevalence_at_least40,5,GF_02216
training_prevalence_at_least40,5,GF_02217
training_prevalence_at_least40,5,GF_02218
training_prevalence_at_least40,5,GF_02220
training_prevalence_at_least40,5,GF_02222
training_prevalence_at_least40,5,GF_02223
training_prevalence_at_least40,5,GF_02224
training_prevalence_at_least40,5,GF_02225
training_prevalence_at_least40,5,GF_02226
training_prevalence_at_least40,5,GF_02227
training_prevalence_at_least40,5,GF_02229
training_prevalence_at_least40,5,GF_02230
training_prevalence_at_least40,5,GF_02261
training_prevalence_at_least40,5,GF_02262
training_prevalence_at_least40,5,GF_02263
training_prevalence_at_least40,5,GF_02264
training_prevalence_at_least40,5,GF_02266
