accuracy,precision,recall,f1,roc_auc,model
0.8913043478260869,0.8857142857142857,0.96875,0.9253731343283582,0.9776785714285714,Random Forest
0.9401709401709402,0.7692307692307693,0.9523809523809523,0.851063829787234,0.9791666666666665,Random Forest
0.6551724137931034,0.7333333333333333,0.6470588235294118,0.6875,0.7598039215686275,Random Forest
0.8333333333333334,0.5526315789473685,0.75,0.6363636363636364,0.9507389162561577,Random Forest
0.8666666666666667,0.75,0.21428571428571427,0.3333333333333333,0.4332706766917293,Random Forest
