module_guess	n_families	mean_consensus	median_effect_size
Unclassified/other	46	0.006779783887697384	0.6146567123434752
Redox/electron supply	6	0.015259112829747241	0.7400879289510094
Regulation	3	0.027545359773829745	0.7506898086337339
Transport	3	0.007442901737171734	0.6647887323943662
Cofactor/Fe-S biogenesis	1	0.013647055796465076	0.7329043443470142
O2/ROS protection	1	0.005381533426418092	0.7242035003298537
