scenario,fold,gene_family
official_genus_resolved422,1,GF_00008
official_genus_resolved422,1,GF_00011
official_genus_resolved422,1,GF_00012
official_genus_resolved422,1,GF_00013
official_genus_resolved422,1,GF_00014
official_genus_resolved422,1,GF_00015
official_genus_resolved422,1,GF_00017
official_genus_resolved422,1,GF_00018
official_genus_resolved422,1,GF_00036
official_genus_resolved422,1,GF_00043
official_genus_resolved422,1,GF_00044
official_genus_resolved422,1,GF_00046
official_genus_resolved422,1,GF_00047
official_genus_resolved422,1,GF_00048
official_genus_resolved422,1,GF_00049
official_genus_resolved422,1,GF_00051
official_genus_resolved422,1,GF_00052
official_genus_resolved422,1,GF_00071
official_genus_resolved422,1,GF_00072
official_genus_resolved422,1,GF_00073
official_genus_resolved422,1,GF_00074
official_genus_resolved422,1,GF_00075
official_genus_resolved422,1,GF_00076
official_genus_resolved422,1,GF_00077
official_genus_resolved422,1,GF_00078
official_genus_resolved422,1,GF_00079
official_genus_resolved422,1,GF_00080
official_genus_resolved422,1,GF_00081
official_genus_resolved422,1,GF_00082
official_genus_resolved422,1,GF_00083
official_genus_resolved422,1,GF_00084
official_genus_resolved422,1,GF_00085
official_genus_resolved422,1,GF_00087
official_genus_resolved422,1,GF_00088
official_genus_resolved422,1,GF_00093
official_genus_resolved422,1,GF_00094
official_genus_resolved422,1,GF_00104
official_genus_resolved422,1,GF_00105
official_genus_resolved422,1,GF_00106
official_genus_resolved422,1,GF_00107
official_genus_resolved422,1,GF_00108
official_genus_resolved422,1,GF_00109
official_genus_resolved422,1,GF_00110
official_genus_resolved422,1,GF_00111
official_genus_resolved422,1,GF_00112
official_genus_resolved422,1,GF_00113
official_genus_resolved422,1,GF_00114
official_genus_resolved422,1,GF_00115
official_genus_resolved422,1,GF_00116
official_genus_resolved422,1,GF_00117
official_genus_resolved422,1,GF_00119
official_genus_resolved422,1,GF_00120
official_genus_resolved422,1,GF_00121
official_genus_resolved422,1,GF_00122
official_genus_resolved422,1,GF_00123
official_genus_resolved422,1,GF_00124
official_genus_resolved422,1,GF_00125
official_genus_resolved422,1,GF_00136
official_genus_resolved422,1,GF_00137
official_genus_resolved422,1,GF_00138
official_genus_resolved422,1,GF_00139
official_genus_resolved422,1,GF_00141
official_genus_resolved422,1,GF_00142
official_genus_resolved422,1,GF_00143
official_genus_resolved422,1,GF_00155
official_genus_resolved422,1,GF_00164
official_genus_resolved422,1,GF_00170
official_genus_resolved422,1,GF_00175
official_genus_resolved422,1,GF_00178
official_genus_resolved422,1,GF_00179
official_genus_resolved422,1,GF_00180
official_genus_resolved422,1,GF_00181
official_genus_resolved422,1,GF_00185
official_genus_resolved422,1,GF_00208
official_genus_resolved422,1,GF_00220
official_genus_resolved422,1,GF_00228
official_genus_resolved422,1,GF_00229
official_genus_resolved422,1,GF_00235
official_genus_resolved422,1,GF_00244
official_genus_resolved422,1,GF_00251
official_genus_resolved422,1,GF_00262
official_genus_resolved422,1,GF_00281
official_genus_resolved422,1,GF_00290
official_genus_resolved422,1,GF_00296
official_genus_resolved422,1,GF_00300
official_genus_resolved422,1,GF_00302
official_genus_resolved422,1,GF_00303
official_genus_resolved422,1,GF_00309
official_genus_resolved422,1,GF_00310
official_genus_resolved422,1,GF_00311
official_genus_resolved422,1,GF_00312
official_genus_resolved422,1,GF_00313
official_genus_resolved422,1,GF_00314
official_genus_resolved422,1,GF_00315
official_genus_resolved422,1,GF_00316
official_genus_resolved422,1,GF_00317
official_genus_resolved422,1,GF_00318
official_genus_resolved422,1,GF_00319
official_genus_resolved422,1,GF_00320
official_genus_resolved422,1,GF_00321
official_genus_resolved422,1,GF_00322
official_genus_resolved422,1,GF_00323
official_genus_resolved422,1,GF_00324
official_genus_resolved422,1,GF_00325
official_genus_resolved422,1,GF_00326
official_genus_resolved422,1,GF_00327
official_genus_resolved422,1,GF_00329
official_genus_resolved422,1,GF_00330
official_genus_resolved422,1,GF_00331
official_genus_resolved422,1,GF_00332
official_genus_resolved422,1,GF_00333
official_genus_resolved422,1,GF_00335
official_genus_resolved422,1,GF_00336
official_genus_resolved422,1,GF_00338
official_genus_resolved422,1,GF_00340
official_genus_resolved422,1,GF_00341
official_genus_resolved422,1,GF_00342
official_genus_resolved422,1,GF_00343
official_genus_resolved422,1,GF_00344
official_genus_resolved422,1,GF_00346
official_genus_resolved422,1,GF_00347
official_genus_resolved422,1,GF_00348
official_genus_resolved422,1,GF_00349
official_genus_resolved422,1,GF_00350
official_genus_resolved422,1,GF_00351
official_genus_resolved422,1,GF_00352
official_genus_resolved422,1,GF_00353
official_genus_resolved422,1,GF_00358
official_genus_resolved422,1,GF_00360
official_genus_resolved422,1,GF_00362
official_genus_resolved422,1,GF_00363
official_genus_resolved422,1,GF_00364
official_genus_resolved422,1,GF_00365
official_genus_resolved422,1,GF_00369
official_genus_resolved422,1,GF_00381
official_genus_resolved422,1,GF_00384
official_genus_resolved422,1,GF_00385
official_genus_resolved422,1,GF_00386
official_genus_resolved422,1,GF_00387
official_genus_resolved422,1,GF_00390
official_genus_resolved422,1,GF_00391
official_genus_resolved422,1,GF_00393
official_genus_resolved422,1,GF_00394
official_genus_resolved422,1,GF_00395
official_genus_resolved422,1,GF_00396
official_genus_resolved422,1,GF_00400
official_genus_resolved422,1,GF_00401
official_genus_resolved422,1,GF_00402
official_genus_resolved422,1,GF_00403
official_genus_resolved422,1,GF_00404
official_genus_resolved422,1,GF_00405
official_genus_resolved422,1,GF_00406
official_genus_resolved422,1,GF_00407
official_genus_resolved422,1,GF_00408
official_genus_resolved422,1,GF_00409
official_genus_resolved422,1,GF_00410
official_genus_resolved422,1,GF_00413
official_genus_resolved422,1,GF_00414
official_genus_resolved422,1,GF_00415
official_genus_resolved422,1,GF_00417
official_genus_resolved422,1,GF_00418
official_genus_resolved422,1,GF_00419
official_genus_resolved422,1,GF_00421
official_genus_resolved422,1,GF_00422
official_genus_resolved422,1,GF_00424
official_genus_resolved422,1,GF_00426
official_genus_resolved422,1,GF_00427
official_genus_resolved422,1,GF_00428
official_genus_resolved422,1,GF_00429
official_genus_resolved422,1,GF_00430
official_genus_resolved422,1,GF_00431
official_genus_resolved422,1,GF_00432
official_genus_resolved422,1,GF_00433
official_genus_resolved422,1,GF_00434
official_genus_resolved422,1,GF_00435
official_genus_resolved422,1,GF_00436
official_genus_resolved422,1,GF_00437
official_genus_resolved422,1,GF_00438
official_genus_resolved422,1,GF_00440
official_genus_resolved422,1,GF_00441
official_genus_resolved422,1,GF_00455
official_genus_resolved422,1,GF_00456
official_genus_resolved422,1,GF_00457
official_genus_resolved422,1,GF_00458
official_genus_resolved422,1,GF_00459
official_genus_resolved422,1,GF_00460
official_genus_resolved422,1,GF_00471
official_genus_resolved422,1,GF_00472
official_genus_resolved422,1,GF_00480
official_genus_resolved422,1,GF_00482
official_genus_resolved422,1,GF_00488
official_genus_resolved422,1,GF_00489
official_genus_resolved422,1,GF_00503
official_genus_resolved422,1,GF_00522
official_genus_resolved422,1,GF_00523
official_genus_resolved422,1,GF_00524
official_genus_resolved422,1,GF_00525
official_genus_resolved422,1,GF_00527
official_genus_resolved422,1,GF_00528
official_genus_resolved422,1,GF_00529
official_genus_resolved422,1,GF_00530
official_genus_resolved422,1,GF_00531
official_genus_resolved422,1,GF_00536
official_genus_resolved422,1,GF_00538
official_genus_resolved422,1,GF_00546
official_genus_resolved422,1,GF_00547
official_genus_resolved422,1,GF_00548
official_genus_resolved422,1,GF_00549
official_genus_resolved422,1,GF_00564
official_genus_resolved422,1,GF_00565
official_genus_resolved422,1,GF_00566
official_genus_resolved422,1,GF_00569
official_genus_resolved422,1,GF_00570
official_genus_resolved422,1,GF_00572
official_genus_resolved422,1,GF_00580
official_genus_resolved422,1,GF_00594
official_genus_resolved422,1,GF_00595
official_genus_resolved422,1,GF_00599
official_genus_resolved422,1,GF_00600
official_genus_resolved422,1,GF_00601
official_genus_resolved422,1,GF_00603
official_genus_resolved422,1,GF_00604
official_genus_resolved422,1,GF_00605
official_genus_resolved422,1,GF_00606
official_genus_resolved422,1,GF_00607
official_genus_resolved422,1,GF_00608
official_genus_resolved422,1,GF_00609
official_genus_resolved422,1,GF_00611
official_genus_resolved422,1,GF_00612
official_genus_resolved422,1,GF_00613
official_genus_resolved422,1,GF_00614
official_genus_resolved422,1,GF_00615
official_genus_resolved422,1,GF_00617
official_genus_resolved422,1,GF_00618
official_genus_resolved422,1,GF_00619
official_genus_resolved422,1,GF_00620
official_genus_resolved422,1,GF_00621
official_genus_resolved422,1,GF_00622
official_genus_resolved422,1,GF_00623
official_genus_resolved422,1,GF_00624
official_genus_resolved422,1,GF_00632
official_genus_resolved422,1,GF_00633
official_genus_resolved422,1,GF_00634
official_genus_resolved422,1,GF_00635
official_genus_resolved422,1,GF_00636
official_genus_resolved422,1,GF_00637
official_genus_resolved422,1,GF_00638
official_genus_resolved422,1,GF_00640
official_genus_resolved422,1,GF_00641
official_genus_resolved422,1,GF_00642
official_genus_resolved422,1,GF_00643
official_genus_resolved422,1,GF_00655
official_genus_resolved422,1,GF_00658
official_genus_resolved422,1,GF_00661
official_genus_resolved422,1,GF_00669
official_genus_resolved422,1,GF_00676
official_genus_resolved422,1,GF_00680
official_genus_resolved422,1,GF_00681
official_genus_resolved422,1,GF_00682
official_genus_resolved422,1,GF_00683
official_genus_resolved422,1,GF_00684
official_genus_resolved422,1,GF_00687
official_genus_resolved422,1,GF_00688
official_genus_resolved422,1,GF_00695
official_genus_resolved422,1,GF_00699
official_genus_resolved422,1,GF_00702
official_genus_resolved422,1,GF_00709
official_genus_resolved422,1,GF_00722
official_genus_resolved422,1,GF_00723
official_genus_resolved422,1,GF_00724
official_genus_resolved422,1,GF_00725
official_genus_resolved422,1,GF_00726
official_genus_resolved422,1,GF_00727
official_genus_resolved422,1,GF_00728
official_genus_resolved422,1,GF_00729
official_genus_resolved422,1,GF_00732
official_genus_resolved422,1,GF_00736
official_genus_resolved422,1,GF_00740
official_genus_resolved422,1,GF_00741
official_genus_resolved422,1,GF_00744
official_genus_resolved422,1,GF_00751
official_genus_resolved422,1,GF_00755
official_genus_resolved422,1,GF_00756
official_genus_resolved422,1,GF_00761
official_genus_resolved422,1,GF_00771
official_genus_resolved422,1,GF_00773
official_genus_resolved422,1,GF_00776
official_genus_resolved422,1,GF_00777
official_genus_resolved422,1,GF_00785
official_genus_resolved422,1,GF_00796
official_genus_resolved422,1,GF_00810
official_genus_resolved422,1,GF_00811
official_genus_resolved422,1,GF_00813
official_genus_resolved422,1,GF_00814
official_genus_resolved422,1,GF_00815
official_genus_resolved422,1,GF_00816
official_genus_resolved422,1,GF_00819
official_genus_resolved422,1,GF_00828
official_genus_resolved422,1,GF_00845
official_genus_resolved422,1,GF_00857
official_genus_resolved422,1,GF_00860
official_genus_resolved422,1,GF_00864
official_genus_resolved422,1,GF_00866
official_genus_resolved422,1,GF_00867
official_genus_resolved422,1,GF_00868
official_genus_resolved422,1,GF_00869
official_genus_resolved422,1,GF_00870
official_genus_resolved422,1,GF_00871
official_genus_resolved422,1,GF_00872
official_genus_resolved422,1,GF_00873
official_genus_resolved422,1,GF_00874
official_genus_resolved422,1,GF_00888
official_genus_resolved422,1,GF_00895
official_genus_resolved422,1,GF_00916
official_genus_resolved422,1,GF_00931
official_genus_resolved422,1,GF_00932
official_genus_resolved422,1,GF_00933
official_genus_resolved422,1,GF_00946
official_genus_resolved422,1,GF_00947
official_genus_resolved422,1,GF_00949
official_genus_resolved422,1,GF_00957
official_genus_resolved422,1,GF_00958
official_genus_resolved422,1,GF_00959
official_genus_resolved422,1,GF_00960
official_genus_resolved422,1,GF_00963
official_genus_resolved422,1,GF_00966
official_genus_resolved422,1,GF_00968
official_genus_resolved422,1,GF_00969
official_genus_resolved422,1,GF_00970
official_genus_resolved422,1,GF_00971
official_genus_resolved422,1,GF_00972
official_genus_resolved422,1,GF_00982
official_genus_resolved422,1,GF_01005
official_genus_resolved422,1,GF_01012
official_genus_resolved422,1,GF_01026
official_genus_resolved422,1,GF_01027
official_genus_resolved422,1,GF_01028
official_genus_resolved422,1,GF_01054
official_genus_resolved422,1,GF_01230
official_genus_resolved422,1,GF_01231
official_genus_resolved422,1,GF_01232
official_genus_resolved422,1,GF_01233
official_genus_resolved422,1,GF_01234
official_genus_resolved422,1,GF_01235
official_genus_resolved422,1,GF_01236
official_genus_resolved422,1,GF_01237
official_genus_resolved422,1,GF_01239
official_genus_resolved422,1,GF_01240
official_genus_resolved422,1,GF_01241
official_genus_resolved422,1,GF_01242
official_genus_resolved422,1,GF_01244
official_genus_resolved422,1,GF_01245
official_genus_resolved422,1,GF_01246
official_genus_resolved422,1,GF_01247
official_genus_resolved422,1,GF_01248
official_genus_resolved422,1,GF_01266
official_genus_resolved422,1,GF_01287
official_genus_resolved422,1,GF_01290
official_genus_resolved422,1,GF_01291
official_genus_resolved422,1,GF_01292
official_genus_resolved422,1,GF_01293
official_genus_resolved422,1,GF_01297
official_genus_resolved422,1,GF_01306
official_genus_resolved422,1,GF_01314
official_genus_resolved422,1,GF_01315
official_genus_resolved422,1,GF_01327
official_genus_resolved422,1,GF_01328
official_genus_resolved422,1,GF_01329
official_genus_resolved422,1,GF_01330
official_genus_resolved422,1,GF_01331
official_genus_resolved422,1,GF_01332
official_genus_resolved422,1,GF_01333
official_genus_resolved422,1,GF_01336
official_genus_resolved422,1,GF_01337
official_genus_resolved422,1,GF_01338
official_genus_resolved422,1,GF_01372
official_genus_resolved422,1,GF_01374
official_genus_resolved422,1,GF_01375
official_genus_resolved422,1,GF_01376
official_genus_resolved422,1,GF_01377
official_genus_resolved422,1,GF_01379
official_genus_resolved422,1,GF_01381
official_genus_resolved422,1,GF_01382
official_genus_resolved422,1,GF_01383
official_genus_resolved422,1,GF_01385
official_genus_resolved422,1,GF_01387
official_genus_resolved422,1,GF_01390
official_genus_resolved422,1,GF_01391
official_genus_resolved422,1,GF_01392
official_genus_resolved422,1,GF_01393
official_genus_resolved422,1,GF_01394
official_genus_resolved422,1,GF_01395
official_genus_resolved422,1,GF_01396
official_genus_resolved422,1,GF_01397
official_genus_resolved422,1,GF_01399
official_genus_resolved422,1,GF_01400
official_genus_resolved422,1,GF_01401
official_genus_resolved422,1,GF_01404
official_genus_resolved422,1,GF_01409
official_genus_resolved422,1,GF_01425
official_genus_resolved422,1,GF_01426
official_genus_resolved422,1,GF_01428
official_genus_resolved422,1,GF_01439
official_genus_resolved422,1,GF_01445
official_genus_resolved422,1,GF_01446
official_genus_resolved422,1,GF_01447
official_genus_resolved422,1,GF_01448
official_genus_resolved422,1,GF_01449
official_genus_resolved422,1,GF_01456
official_genus_resolved422,1,GF_01458
official_genus_resolved422,1,GF_01460
official_genus_resolved422,1,GF_01461
official_genus_resolved422,1,GF_01462
official_genus_resolved422,1,GF_01466
official_genus_resolved422,1,GF_01476
official_genus_resolved422,1,GF_01477
official_genus_resolved422,1,GF_01479
official_genus_resolved422,1,GF_01480
official_genus_resolved422,1,GF_01481
official_genus_resolved422,1,GF_01487
official_genus_resolved422,1,GF_01502
official_genus_resolved422,1,GF_01512
official_genus_resolved422,1,GF_01527
official_genus_resolved422,1,GF_01533
official_genus_resolved422,1,GF_01534
official_genus_resolved422,1,GF_01536
official_genus_resolved422,1,GF_01538
official_genus_resolved422,1,GF_01539
official_genus_resolved422,1,GF_01540
official_genus_resolved422,1,GF_01541
official_genus_resolved422,1,GF_01542
official_genus_resolved422,1,GF_01544
official_genus_resolved422,1,GF_01547
official_genus_resolved422,1,GF_01549
official_genus_resolved422,1,GF_01550
official_genus_resolved422,1,GF_01552
official_genus_resolved422,1,GF_01553
official_genus_resolved422,1,GF_01579
official_genus_resolved422,1,GF_01580
official_genus_resolved422,1,GF_01583
official_genus_resolved422,1,GF_01584
official_genus_resolved422,1,GF_01591
official_genus_resolved422,1,GF_01592
official_genus_resolved422,1,GF_01616
official_genus_resolved422,1,GF_01617
official_genus_resolved422,1,GF_01618
official_genus_resolved422,1,GF_01619
official_genus_resolved422,1,GF_01620
official_genus_resolved422,1,GF_01621
official_genus_resolved422,1,GF_01622
official_genus_resolved422,1,GF_01623
official_genus_resolved422,1,GF_01625
official_genus_resolved422,1,GF_01626
official_genus_resolved422,1,GF_01627
official_genus_resolved422,1,GF_01628
official_genus_resolved422,1,GF_01629
official_genus_resolved422,1,GF_01630
official_genus_resolved422,1,GF_01636
official_genus_resolved422,1,GF_01637
official_genus_resolved422,1,GF_01638
official_genus_resolved422,1,GF_01639
official_genus_resolved422,1,GF_01641
official_genus_resolved422,1,GF_01648
official_genus_resolved422,1,GF_01661
official_genus_resolved422,1,GF_01673
official_genus_resolved422,1,GF_01674
official_genus_resolved422,1,GF_01675
official_genus_resolved422,1,GF_01676
official_genus_resolved422,1,GF_01677
official_genus_resolved422,1,GF_01678
official_genus_resolved422,1,GF_01679
official_genus_resolved422,1,GF_01680
official_genus_resolved422,1,GF_01681
official_genus_resolved422,1,GF_01683
official_genus_resolved422,1,GF_01684
official_genus_resolved422,1,GF_01685
official_genus_resolved422,1,GF_01688
official_genus_resolved422,1,GF_01689
official_genus_resolved422,1,GF_01690
official_genus_resolved422,1,GF_01691
official_genus_resolved422,1,GF_01692
official_genus_resolved422,1,GF_01693
official_genus_resolved422,1,GF_01732
official_genus_resolved422,1,GF_01733
official_genus_resolved422,1,GF_01734
official_genus_resolved422,1,GF_01735
official_genus_resolved422,1,GF_01736
official_genus_resolved422,1,GF_01737
official_genus_resolved422,1,GF_01741
official_genus_resolved422,1,GF_01742
official_genus_resolved422,1,GF_01745
official_genus_resolved422,1,GF_01763
official_genus_resolved422,1,GF_01783
official_genus_resolved422,1,GF_01798
official_genus_resolved422,1,GF_01799
official_genus_resolved422,1,GF_01801
official_genus_resolved422,1,GF_01802
official_genus_resolved422,1,GF_01803
official_genus_resolved422,1,GF_01805
official_genus_resolved422,1,GF_01806
official_genus_resolved422,1,GF_01807
official_genus_resolved422,1,GF_01808
official_genus_resolved422,1,GF_01809
official_genus_resolved422,1,GF_01810
official_genus_resolved422,1,GF_01811
official_genus_resolved422,1,GF_01812
official_genus_resolved422,1,GF_01813
official_genus_resolved422,1,GF_01814
official_genus_resolved422,1,GF_01815
official_genus_resolved422,1,GF_01816
official_genus_resolved422,1,GF_01818
official_genus_resolved422,1,GF_01819
official_genus_resolved422,1,GF_01822
official_genus_resolved422,1,GF_01823
official_genus_resolved422,1,GF_01834
official_genus_resolved422,1,GF_01836
official_genus_resolved422,1,GF_01837
official_genus_resolved422,1,GF_01840
official_genus_resolved422,1,GF_01841
official_genus_resolved422,1,GF_01844
official_genus_resolved422,1,GF_01856
official_genus_resolved422,1,GF_01860
official_genus_resolved422,1,GF_01866
official_genus_resolved422,1,GF_01870
official_genus_resolved422,1,GF_01885
official_genus_resolved422,1,GF_01897
official_genus_resolved422,1,GF_01898
official_genus_resolved422,1,GF_01899
official_genus_resolved422,1,GF_01900
official_genus_resolved422,1,GF_01901
official_genus_resolved422,1,GF_01902
official_genus_resolved422,1,GF_01904
official_genus_resolved422,1,GF_01919
official_genus_resolved422,1,GF_01921
official_genus_resolved422,1,GF_01923
official_genus_resolved422,1,GF_01925
official_genus_resolved422,1,GF_01926
official_genus_resolved422,1,GF_01927
official_genus_resolved422,1,GF_01928
official_genus_resolved422,1,GF_01929
official_genus_resolved422,1,GF_01930
official_genus_resolved422,1,GF_01945
official_genus_resolved422,1,GF_02041
official_genus_resolved422,1,GF_02059
official_genus_resolved422,1,GF_02060
official_genus_resolved422,1,GF_02069
official_genus_resolved422,1,GF_02070
official_genus_resolved422,1,GF_02071
official_genus_resolved422,1,GF_02072
official_genus_resolved422,1,GF_02074
official_genus_resolved422,1,GF_02075
official_genus_resolved422,1,GF_02076
official_genus_resolved422,1,GF_02084
official_genus_resolved422,1,GF_02085
official_genus_resolved422,1,GF_02086
official_genus_resolved422,1,GF_02088
official_genus_resolved422,1,GF_02089
official_genus_resolved422,1,GF_02091
official_genus_resolved422,1,GF_02092
official_genus_resolved422,1,GF_02093
official_genus_resolved422,1,GF_02094
official_genus_resolved422,1,GF_02101
official_genus_resolved422,1,GF_02109
official_genus_resolved422,1,GF_02110
official_genus_resolved422,1,GF_02113
official_genus_resolved422,1,GF_02122
official_genus_resolved422,1,GF_02130
official_genus_resolved422,1,GF_02131
official_genus_resolved422,1,GF_02132
official_genus_resolved422,1,GF_02134
official_genus_resolved422,1,GF_02136
official_genus_resolved422,1,GF_02137
official_genus_resolved422,1,GF_02138
official_genus_resolved422,1,GF_02139
official_genus_resolved422,1,GF_02140
official_genus_resolved422,1,GF_02141
official_genus_resolved422,1,GF_02142
official_genus_resolved422,1,GF_02145
official_genus_resolved422,1,GF_02152
official_genus_resolved422,1,GF_02157
official_genus_resolved422,1,GF_02159
official_genus_resolved422,1,GF_02168
official_genus_resolved422,1,GF_02172
official_genus_resolved422,1,GF_02178
official_genus_resolved422,1,GF_02180
official_genus_resolved422,1,GF_02184
official_genus_resolved422,1,GF_02215
official_genus_resolved422,1,GF_02216
official_genus_resolved422,1,GF_02217
official_genus_resolved422,1,GF_02218
official_genus_resolved422,1,GF_02219
official_genus_resolved422,1,GF_02220
official_genus_resolved422,1,GF_02222
official_genus_resolved422,1,GF_02223
official_genus_resolved422,1,GF_02224
official_genus_resolved422,1,GF_02225
official_genus_resolved422,1,GF_02226
official_genus_resolved422,1,GF_02227
official_genus_resolved422,1,GF_02228
official_genus_resolved422,1,GF_02229
official_genus_resolved422,1,GF_02230
official_genus_resolved422,1,GF_02260
official_genus_resolved422,1,GF_02261
official_genus_resolved422,1,GF_02262
official_genus_resolved422,1,GF_02263
official_genus_resolved422,1,GF_02264
official_genus_resolved422,1,GF_02266
official_genus_resolved422,2,GF_00002
official_genus_resolved422,2,GF_00008
official_genus_resolved422,2,GF_00011
official_genus_resolved422,2,GF_00012
official_genus_resolved422,2,GF_00013
official_genus_resolved422,2,GF_00014
official_genus_resolved422,2,GF_00015
official_genus_resolved422,2,GF_00016
official_genus_resolved422,2,GF_00017
official_genus_resolved422,2,GF_00018
official_genus_resolved422,2,GF_00036
official_genus_resolved422,2,GF_00043
official_genus_resolved422,2,GF_00044
official_genus_resolved422,2,GF_00046
official_genus_resolved422,2,GF_00047
official_genus_resolved422,2,GF_00048
official_genus_resolved422,2,GF_00049
official_genus_resolved422,2,GF_00051
official_genus_resolved422,2,GF_00052
official_genus_resolved422,2,GF_00071
official_genus_resolved422,2,GF_00072
official_genus_resolved422,2,GF_00073
official_genus_resolved422,2,GF_00074
official_genus_resolved422,2,GF_00075
official_genus_resolved422,2,GF_00076
official_genus_resolved422,2,GF_00077
official_genus_resolved422,2,GF_00078
official_genus_resolved422,2,GF_00079
official_genus_resolved422,2,GF_00080
official_genus_resolved422,2,GF_00081
official_genus_resolved422,2,GF_00082
official_genus_resolved422,2,GF_00083
official_genus_resolved422,2,GF_00084
official_genus_resolved422,2,GF_00085
official_genus_resolved422,2,GF_00087
official_genus_resolved422,2,GF_00088
official_genus_resolved422,2,GF_00093
official_genus_resolved422,2,GF_00094
official_genus_resolved422,2,GF_00104
official_genus_resolved422,2,GF_00105
official_genus_resolved422,2,GF_00106
official_genus_resolved422,2,GF_00107
official_genus_resolved422,2,GF_00108
official_genus_resolved422,2,GF_00109
official_genus_resolved422,2,GF_00111
official_genus_resolved422,2,GF_00112
official_genus_resolved422,2,GF_00113
official_genus_resolved422,2,GF_00114
official_genus_resolved422,2,GF_00115
official_genus_resolved422,2,GF_00116
official_genus_resolved422,2,GF_00120
official_genus_resolved422,2,GF_00121
official_genus_resolved422,2,GF_00122
official_genus_resolved422,2,GF_00123
official_genus_resolved422,2,GF_00124
official_genus_resolved422,2,GF_00125
official_genus_resolved422,2,GF_00136
official_genus_resolved422,2,GF_00137
official_genus_resolved422,2,GF_00138
official_genus_resolved422,2,GF_00139
official_genus_resolved422,2,GF_00141
official_genus_resolved422,2,GF_00142
official_genus_resolved422,2,GF_00143
official_genus_resolved422,2,GF_00155
official_genus_resolved422,2,GF_00164
official_genus_resolved422,2,GF_00170
official_genus_resolved422,2,GF_00175
official_genus_resolved422,2,GF_00178
official_genus_resolved422,2,GF_00179
official_genus_resolved422,2,GF_00180
official_genus_resolved422,2,GF_00181
official_genus_resolved422,2,GF_00185
official_genus_resolved422,2,GF_00208
official_genus_resolved422,2,GF_00220
official_genus_resolved422,2,GF_00228
official_genus_resolved422,2,GF_00229
official_genus_resolved422,2,GF_00235
official_genus_resolved422,2,GF_00244
official_genus_resolved422,2,GF_00250
official_genus_resolved422,2,GF_00251
official_genus_resolved422,2,GF_00262
official_genus_resolved422,2,GF_00281
official_genus_resolved422,2,GF_00290
official_genus_resolved422,2,GF_00296
official_genus_resolved422,2,GF_00300
official_genus_resolved422,2,GF_00302
official_genus_resolved422,2,GF_00303
official_genus_resolved422,2,GF_00305
official_genus_resolved422,2,GF_00309
official_genus_resolved422,2,GF_00310
official_genus_resolved422,2,GF_00311
official_genus_resolved422,2,GF_00312
official_genus_resolved422,2,GF_00313
official_genus_resolved422,2,GF_00314
official_genus_resolved422,2,GF_00315
official_genus_resolved422,2,GF_00316
official_genus_resolved422,2,GF_00317
official_genus_resolved422,2,GF_00318
official_genus_resolved422,2,GF_00319
official_genus_resolved422,2,GF_00320
official_genus_resolved422,2,GF_00321
official_genus_resolved422,2,GF_00322
official_genus_resolved422,2,GF_00323
official_genus_resolved422,2,GF_00324
official_genus_resolved422,2,GF_00325
official_genus_resolved422,2,GF_00326
official_genus_resolved422,2,GF_00327
official_genus_resolved422,2,GF_00329
official_genus_resolved422,2,GF_00330
official_genus_resolved422,2,GF_00331
official_genus_resolved422,2,GF_00332
official_genus_resolved422,2,GF_00333
official_genus_resolved422,2,GF_00335
official_genus_resolved422,2,GF_00336
official_genus_resolved422,2,GF_00338
official_genus_resolved422,2,GF_00339
official_genus_resolved422,2,GF_00340
official_genus_resolved422,2,GF_00341
official_genus_resolved422,2,GF_00342
official_genus_resolved422,2,GF_00343
official_genus_resolved422,2,GF_00344
official_genus_resolved422,2,GF_00346
official_genus_resolved422,2,GF_00347
official_genus_resolved422,2,GF_00349
official_genus_resolved422,2,GF_00350
official_genus_resolved422,2,GF_00351
official_genus_resolved422,2,GF_00352
official_genus_resolved422,2,GF_00353
official_genus_resolved422,2,GF_00355
official_genus_resolved422,2,GF_00358
official_genus_resolved422,2,GF_00360
official_genus_resolved422,2,GF_00362
official_genus_resolved422,2,GF_00363
official_genus_resolved422,2,GF_00364
official_genus_resolved422,2,GF_00365
official_genus_resolved422,2,GF_00369
official_genus_resolved422,2,GF_00381
official_genus_resolved422,2,GF_00384
official_genus_resolved422,2,GF_00385
official_genus_resolved422,2,GF_00386
official_genus_resolved422,2,GF_00387
official_genus_resolved422,2,GF_00388
official_genus_resolved422,2,GF_00389
official_genus_resolved422,2,GF_00390
official_genus_resolved422,2,GF_00391
official_genus_resolved422,2,GF_00393
official_genus_resolved422,2,GF_00394
official_genus_resolved422,2,GF_00395
official_genus_resolved422,2,GF_00396
official_genus_resolved422,2,GF_00400
official_genus_resolved422,2,GF_00401
official_genus_resolved422,2,GF_00402
official_genus_resolved422,2,GF_00403
official_genus_resolved422,2,GF_00404
official_genus_resolved422,2,GF_00405
official_genus_resolved422,2,GF_00406
official_genus_resolved422,2,GF_00407
official_genus_resolved422,2,GF_00408
official_genus_resolved422,2,GF_00409
official_genus_resolved422,2,GF_00410
official_genus_resolved422,2,GF_00413
official_genus_resolved422,2,GF_00414
official_genus_resolved422,2,GF_00415
official_genus_resolved422,2,GF_00417
official_genus_resolved422,2,GF_00418
official_genus_resolved422,2,GF_00419
official_genus_resolved422,2,GF_00421
official_genus_resolved422,2,GF_00422
official_genus_resolved422,2,GF_00424
official_genus_resolved422,2,GF_00426
official_genus_resolved422,2,GF_00427
official_genus_resolved422,2,GF_00428
official_genus_resolved422,2,GF_00429
official_genus_resolved422,2,GF_00430
official_genus_resolved422,2,GF_00431
official_genus_resolved422,2,GF_00432
official_genus_resolved422,2,GF_00433
official_genus_resolved422,2,GF_00434
official_genus_resolved422,2,GF_00435
official_genus_resolved422,2,GF_00436
official_genus_resolved422,2,GF_00437
official_genus_resolved422,2,GF_00438
official_genus_resolved422,2,GF_00440
official_genus_resolved422,2,GF_00441
official_genus_resolved422,2,GF_00455
official_genus_resolved422,2,GF_00456
official_genus_resolved422,2,GF_00457
official_genus_resolved422,2,GF_00458
official_genus_resolved422,2,GF_00471
official_genus_resolved422,2,GF_00472
official_genus_resolved422,2,GF_00477
official_genus_resolved422,2,GF_00480
official_genus_resolved422,2,GF_00482
official_genus_resolved422,2,GF_00488
official_genus_resolved422,2,GF_00489
official_genus_resolved422,2,GF_00491
official_genus_resolved422,2,GF_00503
official_genus_resolved422,2,GF_00522
official_genus_resolved422,2,GF_00523
official_genus_resolved422,2,GF_00524
official_genus_resolved422,2,GF_00525
official_genus_resolved422,2,GF_00527
official_genus_resolved422,2,GF_00528
official_genus_resolved422,2,GF_00529
official_genus_resolved422,2,GF_00530
official_genus_resolved422,2,GF_00531
official_genus_resolved422,2,GF_00536
official_genus_resolved422,2,GF_00538
official_genus_resolved422,2,GF_00546
official_genus_resolved422,2,GF_00547
official_genus_resolved422,2,GF_00548
official_genus_resolved422,2,GF_00549
official_genus_resolved422,2,GF_00564
official_genus_resolved422,2,GF_00565
official_genus_resolved422,2,GF_00566
official_genus_resolved422,2,GF_00569
official_genus_resolved422,2,GF_00570
official_genus_resolved422,2,GF_00572
official_genus_resolved422,2,GF_00574
official_genus_resolved422,2,GF_00578
official_genus_resolved422,2,GF_00580
official_genus_resolved422,2,GF_00588
official_genus_resolved422,2,GF_00594
official_genus_resolved422,2,GF_00595
official_genus_resolved422,2,GF_00599
official_genus_resolved422,2,GF_00600
official_genus_resolved422,2,GF_00601
official_genus_resolved422,2,GF_00602
official_genus_resolved422,2,GF_00603
official_genus_resolved422,2,GF_00604
official_genus_resolved422,2,GF_00605
official_genus_resolved422,2,GF_00606
official_genus_resolved422,2,GF_00607
official_genus_resolved422,2,GF_00608
official_genus_resolved422,2,GF_00609
official_genus_resolved422,2,GF_00610
official_genus_resolved422,2,GF_00611
official_genus_resolved422,2,GF_00612
official_genus_resolved422,2,GF_00613
official_genus_resolved422,2,GF_00614
official_genus_resolved422,2,GF_00615
official_genus_resolved422,2,GF_00616
official_genus_resolved422,2,GF_00617
official_genus_resolved422,2,GF_00618
official_genus_resolved422,2,GF_00619
official_genus_resolved422,2,GF_00620
official_genus_resolved422,2,GF_00621
official_genus_resolved422,2,GF_00622
official_genus_resolved422,2,GF_00623
official_genus_resolved422,2,GF_00624
official_genus_resolved422,2,GF_00632
official_genus_resolved422,2,GF_00633
official_genus_resolved422,2,GF_00634
official_genus_resolved422,2,GF_00635
official_genus_resolved422,2,GF_00636
official_genus_resolved422,2,GF_00637
official_genus_resolved422,2,GF_00638
official_genus_resolved422,2,GF_00640
official_genus_resolved422,2,GF_00641
official_genus_resolved422,2,GF_00642
official_genus_resolved422,2,GF_00643
official_genus_resolved422,2,GF_00655
official_genus_resolved422,2,GF_00658
official_genus_resolved422,2,GF_00659
official_genus_resolved422,2,GF_00661
official_genus_resolved422,2,GF_00669
official_genus_resolved422,2,GF_00676
official_genus_resolved422,2,GF_00680
official_genus_resolved422,2,GF_00681
official_genus_resolved422,2,GF_00683
official_genus_resolved422,2,GF_00684
official_genus_resolved422,2,GF_00686
official_genus_resolved422,2,GF_00687
official_genus_resolved422,2,GF_00688
official_genus_resolved422,2,GF_00695
official_genus_resolved422,2,GF_00699
official_genus_resolved422,2,GF_00702
official_genus_resolved422,2,GF_00709
official_genus_resolved422,2,GF_00722
official_genus_resolved422,2,GF_00723
official_genus_resolved422,2,GF_00724
official_genus_resolved422,2,GF_00725
official_genus_resolved422,2,GF_00726
official_genus_resolved422,2,GF_00727
official_genus_resolved422,2,GF_00728
official_genus_resolved422,2,GF_00729
official_genus_resolved422,2,GF_00732
official_genus_resolved422,2,GF_00736
official_genus_resolved422,2,GF_00740
official_genus_resolved422,2,GF_00741
official_genus_resolved422,2,GF_00744
official_genus_resolved422,2,GF_00751
official_genus_resolved422,2,GF_00755
official_genus_resolved422,2,GF_00756
official_genus_resolved422,2,GF_00761
official_genus_resolved422,2,GF_00771
official_genus_resolved422,2,GF_00773
official_genus_resolved422,2,GF_00776
official_genus_resolved422,2,GF_00777
official_genus_resolved422,2,GF_00785
official_genus_resolved422,2,GF_00796
official_genus_resolved422,2,GF_00810
official_genus_resolved422,2,GF_00811
official_genus_resolved422,2,GF_00813
official_genus_resolved422,2,GF_00814
official_genus_resolved422,2,GF_00815
official_genus_resolved422,2,GF_00816
official_genus_resolved422,2,GF_00819
official_genus_resolved422,2,GF_00828
official_genus_resolved422,2,GF_00843
official_genus_resolved422,2,GF_00845
official_genus_resolved422,2,GF_00856
official_genus_resolved422,2,GF_00857
official_genus_resolved422,2,GF_00864
official_genus_resolved422,2,GF_00866
official_genus_resolved422,2,GF_00868
official_genus_resolved422,2,GF_00869
official_genus_resolved422,2,GF_00870
official_genus_resolved422,2,GF_00871
official_genus_resolved422,2,GF_00872
official_genus_resolved422,2,GF_00873
official_genus_resolved422,2,GF_00874
official_genus_resolved422,2,GF_00887
official_genus_resolved422,2,GF_00888
official_genus_resolved422,2,GF_00895
official_genus_resolved422,2,GF_00916
official_genus_resolved422,2,GF_00927
official_genus_resolved422,2,GF_00931
official_genus_resolved422,2,GF_00932
official_genus_resolved422,2,GF_00933
official_genus_resolved422,2,GF_00946
official_genus_resolved422,2,GF_00947
official_genus_resolved422,2,GF_00949
official_genus_resolved422,2,GF_00957
official_genus_resolved422,2,GF_00958
official_genus_resolved422,2,GF_00959
official_genus_resolved422,2,GF_00960
official_genus_resolved422,2,GF_00966
official_genus_resolved422,2,GF_00967
official_genus_resolved422,2,GF_00968
official_genus_resolved422,2,GF_00969
official_genus_resolved422,2,GF_00970
official_genus_resolved422,2,GF_00971
official_genus_resolved422,2,GF_00972
official_genus_resolved422,2,GF_00982
official_genus_resolved422,2,GF_01004
official_genus_resolved422,2,GF_01005
official_genus_resolved422,2,GF_01012
official_genus_resolved422,2,GF_01026
official_genus_resolved422,2,GF_01027
official_genus_resolved422,2,GF_01028
official_genus_resolved422,2,GF_01054
official_genus_resolved422,2,GF_01230
official_genus_resolved422,2,GF_01231
official_genus_resolved422,2,GF_01232
official_genus_resolved422,2,GF_01233
official_genus_resolved422,2,GF_01234
official_genus_resolved422,2,GF_01235
official_genus_resolved422,2,GF_01236
official_genus_resolved422,2,GF_01237
official_genus_resolved422,2,GF_01239
official_genus_resolved422,2,GF_01240
official_genus_resolved422,2,GF_01241
official_genus_resolved422,2,GF_01242
official_genus_resolved422,2,GF_01244
official_genus_resolved422,2,GF_01245
official_genus_resolved422,2,GF_01246
official_genus_resolved422,2,GF_01247
official_genus_resolved422,2,GF_01248
official_genus_resolved422,2,GF_01266
official_genus_resolved422,2,GF_01287
official_genus_resolved422,2,GF_01290
official_genus_resolved422,2,GF_01291
official_genus_resolved422,2,GF_01292
official_genus_resolved422,2,GF_01293
official_genus_resolved422,2,GF_01297
official_genus_resolved422,2,GF_01306
official_genus_resolved422,2,GF_01314
official_genus_resolved422,2,GF_01315
official_genus_resolved422,2,GF_01327
official_genus_resolved422,2,GF_01328
official_genus_resolved422,2,GF_01329
official_genus_resolved422,2,GF_01330
official_genus_resolved422,2,GF_01331
official_genus_resolved422,2,GF_01332
official_genus_resolved422,2,GF_01333
official_genus_resolved422,2,GF_01334
official_genus_resolved422,2,GF_01335
official_genus_resolved422,2,GF_01336
official_genus_resolved422,2,GF_01337
official_genus_resolved422,2,GF_01338
official_genus_resolved422,2,GF_01359
official_genus_resolved422,2,GF_01372
official_genus_resolved422,2,GF_01373
official_genus_resolved422,2,GF_01374
official_genus_resolved422,2,GF_01375
official_genus_resolved422,2,GF_01376
official_genus_resolved422,2,GF_01377
official_genus_resolved422,2,GF_01379
official_genus_resolved422,2,GF_01381
official_genus_resolved422,2,GF_01382
official_genus_resolved422,2,GF_01383
official_genus_resolved422,2,GF_01385
official_genus_resolved422,2,GF_01387
official_genus_resolved422,2,GF_01390
official_genus_resolved422,2,GF_01391
official_genus_resolved422,2,GF_01393
official_genus_resolved422,2,GF_01394
official_genus_resolved422,2,GF_01395
official_genus_resolved422,2,GF_01396
official_genus_resolved422,2,GF_01397
official_genus_resolved422,2,GF_01398
official_genus_resolved422,2,GF_01399
official_genus_resolved422,2,GF_01400
official_genus_resolved422,2,GF_01401
official_genus_resolved422,2,GF_01404
official_genus_resolved422,2,GF_01409
official_genus_resolved422,2,GF_01425
official_genus_resolved422,2,GF_01426
official_genus_resolved422,2,GF_01428
official_genus_resolved422,2,GF_01439
official_genus_resolved422,2,GF_01445
official_genus_resolved422,2,GF_01446
official_genus_resolved422,2,GF_01447
official_genus_resolved422,2,GF_01448
official_genus_resolved422,2,GF_01449
official_genus_resolved422,2,GF_01456
official_genus_resolved422,2,GF_01458
official_genus_resolved422,2,GF_01460
official_genus_resolved422,2,GF_01461
official_genus_resolved422,2,GF_01462
official_genus_resolved422,2,GF_01466
official_genus_resolved422,2,GF_01476
official_genus_resolved422,2,GF_01477
official_genus_resolved422,2,GF_01479
official_genus_resolved422,2,GF_01480
official_genus_resolved422,2,GF_01481
official_genus_resolved422,2,GF_01487
official_genus_resolved422,2,GF_01502
official_genus_resolved422,2,GF_01504
official_genus_resolved422,2,GF_01512
official_genus_resolved422,2,GF_01514
official_genus_resolved422,2,GF_01527
official_genus_resolved422,2,GF_01534
official_genus_resolved422,2,GF_01535
official_genus_resolved422,2,GF_01536
official_genus_resolved422,2,GF_01537
official_genus_resolved422,2,GF_01538
official_genus_resolved422,2,GF_01539
official_genus_resolved422,2,GF_01540
official_genus_resolved422,2,GF_01541
official_genus_resolved422,2,GF_01542
official_genus_resolved422,2,GF_01543
official_genus_resolved422,2,GF_01544
official_genus_resolved422,2,GF_01547
official_genus_resolved422,2,GF_01549
official_genus_resolved422,2,GF_01550
official_genus_resolved422,2,GF_01552
official_genus_resolved422,2,GF_01553
official_genus_resolved422,2,GF_01579
official_genus_resolved422,2,GF_01580
official_genus_resolved422,2,GF_01583
official_genus_resolved422,2,GF_01584
official_genus_resolved422,2,GF_01591
official_genus_resolved422,2,GF_01592
official_genus_resolved422,2,GF_01616
official_genus_resolved422,2,GF_01617
official_genus_resolved422,2,GF_01618
official_genus_resolved422,2,GF_01619
official_genus_resolved422,2,GF_01620
official_genus_resolved422,2,GF_01621
official_genus_resolved422,2,GF_01623
official_genus_resolved422,2,GF_01625
official_genus_resolved422,2,GF_01626
official_genus_resolved422,2,GF_01627
official_genus_resolved422,2,GF_01628
official_genus_resolved422,2,GF_01629
official_genus_resolved422,2,GF_01630
official_genus_resolved422,2,GF_01634
official_genus_resolved422,2,GF_01635
official_genus_resolved422,2,GF_01636
official_genus_resolved422,2,GF_01637
official_genus_resolved422,2,GF_01638
official_genus_resolved422,2,GF_01639
official_genus_resolved422,2,GF_01641
official_genus_resolved422,2,GF_01643
official_genus_resolved422,2,GF_01648
official_genus_resolved422,2,GF_01659
official_genus_resolved422,2,GF_01661
official_genus_resolved422,2,GF_01672
official_genus_resolved422,2,GF_01673
official_genus_resolved422,2,GF_01674
official_genus_resolved422,2,GF_01675
official_genus_resolved422,2,GF_01676
official_genus_resolved422,2,GF_01677
official_genus_resolved422,2,GF_01678
official_genus_resolved422,2,GF_01679
official_genus_resolved422,2,GF_01680
official_genus_resolved422,2,GF_01681
official_genus_resolved422,2,GF_01683
official_genus_resolved422,2,GF_01684
official_genus_resolved422,2,GF_01685
official_genus_resolved422,2,GF_01688
official_genus_resolved422,2,GF_01689
official_genus_resolved422,2,GF_01690
official_genus_resolved422,2,GF_01691
official_genus_resolved422,2,GF_01692
official_genus_resolved422,2,GF_01693
official_genus_resolved422,2,GF_01732
official_genus_resolved422,2,GF_01733
official_genus_resolved422,2,GF_01734
official_genus_resolved422,2,GF_01735
official_genus_resolved422,2,GF_01736
official_genus_resolved422,2,GF_01740
official_genus_resolved422,2,GF_01741
official_genus_resolved422,2,GF_01742
official_genus_resolved422,2,GF_01763
official_genus_resolved422,2,GF_01770
official_genus_resolved422,2,GF_01783
official_genus_resolved422,2,GF_01798
official_genus_resolved422,2,GF_01799
official_genus_resolved422,2,GF_01801
official_genus_resolved422,2,GF_01802
official_genus_resolved422,2,GF_01803
official_genus_resolved422,2,GF_01805
official_genus_resolved422,2,GF_01806
official_genus_resolved422,2,GF_01807
official_genus_resolved422,2,GF_01808
official_genus_resolved422,2,GF_01809
official_genus_resolved422,2,GF_01810
official_genus_resolved422,2,GF_01811
official_genus_resolved422,2,GF_01812
official_genus_resolved422,2,GF_01813
official_genus_resolved422,2,GF_01814
official_genus_resolved422,2,GF_01815
official_genus_resolved422,2,GF_01816
official_genus_resolved422,2,GF_01818
official_genus_resolved422,2,GF_01819
official_genus_resolved422,2,GF_01822
official_genus_resolved422,2,GF_01823
official_genus_resolved422,2,GF_01834
official_genus_resolved422,2,GF_01836
official_genus_resolved422,2,GF_01837
official_genus_resolved422,2,GF_01840
official_genus_resolved422,2,GF_01841
official_genus_resolved422,2,GF_01842
official_genus_resolved422,2,GF_01844
official_genus_resolved422,2,GF_01856
official_genus_resolved422,2,GF_01860
official_genus_resolved422,2,GF_01866
official_genus_resolved422,2,GF_01870
official_genus_resolved422,2,GF_01872
official_genus_resolved422,2,GF_01874
official_genus_resolved422,2,GF_01885
official_genus_resolved422,2,GF_01897
official_genus_resolved422,2,GF_01898
official_genus_resolved422,2,GF_01899
official_genus_resolved422,2,GF_01900
official_genus_resolved422,2,GF_01901
official_genus_resolved422,2,GF_01902
official_genus_resolved422,2,GF_01904
official_genus_resolved422,2,GF_01919
official_genus_resolved422,2,GF_01921
official_genus_resolved422,2,GF_01925
official_genus_resolved422,2,GF_01926
official_genus_resolved422,2,GF_01927
official_genus_resolved422,2,GF_01928
official_genus_resolved422,2,GF_01929
official_genus_resolved422,2,GF_01930
official_genus_resolved422,2,GF_01945
official_genus_resolved422,2,GF_02041
official_genus_resolved422,2,GF_02059
official_genus_resolved422,2,GF_02060
official_genus_resolved422,2,GF_02069
official_genus_resolved422,2,GF_02070
official_genus_resolved422,2,GF_02071
official_genus_resolved422,2,GF_02072
official_genus_resolved422,2,GF_02074
official_genus_resolved422,2,GF_02075
official_genus_resolved422,2,GF_02076
official_genus_resolved422,2,GF_02084
official_genus_resolved422,2,GF_02085
official_genus_resolved422,2,GF_02089
official_genus_resolved422,2,GF_02091
official_genus_resolved422,2,GF_02092
official_genus_resolved422,2,GF_02093
official_genus_resolved422,2,GF_02094
official_genus_resolved422,2,GF_02101
official_genus_resolved422,2,GF_02109
official_genus_resolved422,2,GF_02110
official_genus_resolved422,2,GF_02113
official_genus_resolved422,2,GF_02122
official_genus_resolved422,2,GF_02130
official_genus_resolved422,2,GF_02131
official_genus_resolved422,2,GF_02132
official_genus_resolved422,2,GF_02136
official_genus_resolved422,2,GF_02137
official_genus_resolved422,2,GF_02138
official_genus_resolved422,2,GF_02139
official_genus_resolved422,2,GF_02140
official_genus_resolved422,2,GF_02142
official_genus_resolved422,2,GF_02143
official_genus_resolved422,2,GF_02145
official_genus_resolved422,2,GF_02152
official_genus_resolved422,2,GF_02157
official_genus_resolved422,2,GF_02158
official_genus_resolved422,2,GF_02159
official_genus_resolved422,2,GF_02168
official_genus_resolved422,2,GF_02172
official_genus_resolved422,2,GF_02178
official_genus_resolved422,2,GF_02180
official_genus_resolved422,2,GF_02184
official_genus_resolved422,2,GF_02194
official_genus_resolved422,2,GF_02215
official_genus_resolved422,2,GF_02216
official_genus_resolved422,2,GF_02217
official_genus_resolved422,2,GF_02218
official_genus_resolved422,2,GF_02219
official_genus_resolved422,2,GF_02220
official_genus_resolved422,2,GF_02222
official_genus_resolved422,2,GF_02223
official_genus_resolved422,2,GF_02224
official_genus_resolved422,2,GF_02225
official_genus_resolved422,2,GF_02226
official_genus_resolved422,2,GF_02227
official_genus_resolved422,2,GF_02228
official_genus_resolved422,2,GF_02229
official_genus_resolved422,2,GF_02230
official_genus_resolved422,2,GF_02260
official_genus_resolved422,2,GF_02261
official_genus_resolved422,2,GF_02262
official_genus_resolved422,2,GF_02263
official_genus_resolved422,2,GF_02264
official_genus_resolved422,2,GF_02265
official_genus_resolved422,2,GF_02266
official_genus_resolved422,3,GF_00002
official_genus_resolved422,3,GF_00008
official_genus_resolved422,3,GF_00011
official_genus_resolved422,3,GF_00012
official_genus_resolved422,3,GF_00013
official_genus_resolved422,3,GF_00014
official_genus_resolved422,3,GF_00015
official_genus_resolved422,3,GF_00017
official_genus_resolved422,3,GF_00018
official_genus_resolved422,3,GF_00036
official_genus_resolved422,3,GF_00043
official_genus_resolved422,3,GF_00044
official_genus_resolved422,3,GF_00046
official_genus_resolved422,3,GF_00047
official_genus_resolved422,3,GF_00048
official_genus_resolved422,3,GF_00049
official_genus_resolved422,3,GF_00051
official_genus_resolved422,3,GF_00052
official_genus_resolved422,3,GF_00071
official_genus_resolved422,3,GF_00072
official_genus_resolved422,3,GF_00073
official_genus_resolved422,3,GF_00074
official_genus_resolved422,3,GF_00075
official_genus_resolved422,3,GF_00076
official_genus_resolved422,3,GF_00077
official_genus_resolved422,3,GF_00078
official_genus_resolved422,3,GF_00079
official_genus_resolved422,3,GF_00080
official_genus_resolved422,3,GF_00081
official_genus_resolved422,3,GF_00082
official_genus_resolved422,3,GF_00083
official_genus_resolved422,3,GF_00084
official_genus_resolved422,3,GF_00085
official_genus_resolved422,3,GF_00087
official_genus_resolved422,3,GF_00088
official_genus_resolved422,3,GF_00093
official_genus_resolved422,3,GF_00094
official_genus_resolved422,3,GF_00104
official_genus_resolved422,3,GF_00105
official_genus_resolved422,3,GF_00106
official_genus_resolved422,3,GF_00107
official_genus_resolved422,3,GF_00108
official_genus_resolved422,3,GF_00109
official_genus_resolved422,3,GF_00111
official_genus_resolved422,3,GF_00112
official_genus_resolved422,3,GF_00113
official_genus_resolved422,3,GF_00114
official_genus_resolved422,3,GF_00115
official_genus_resolved422,3,GF_00116
official_genus_resolved422,3,GF_00120
official_genus_resolved422,3,GF_00121
official_genus_resolved422,3,GF_00122
official_genus_resolved422,3,GF_00123
official_genus_resolved422,3,GF_00124
official_genus_resolved422,3,GF_00125
official_genus_resolved422,3,GF_00136
official_genus_resolved422,3,GF_00137
official_genus_resolved422,3,GF_00138
official_genus_resolved422,3,GF_00139
official_genus_resolved422,3,GF_00141
official_genus_resolved422,3,GF_00142
official_genus_resolved422,3,GF_00143
official_genus_resolved422,3,GF_00155
official_genus_resolved422,3,GF_00164
official_genus_resolved422,3,GF_00170
official_genus_resolved422,3,GF_00175
official_genus_resolved422,3,GF_00178
official_genus_resolved422,3,GF_00179
official_genus_resolved422,3,GF_00180
official_genus_resolved422,3,GF_00185
official_genus_resolved422,3,GF_00208
official_genus_resolved422,3,GF_00220
official_genus_resolved422,3,GF_00228
official_genus_resolved422,3,GF_00229
official_genus_resolved422,3,GF_00235
official_genus_resolved422,3,GF_00244
official_genus_resolved422,3,GF_00250
official_genus_resolved422,3,GF_00251
official_genus_resolved422,3,GF_00262
official_genus_resolved422,3,GF_00281
official_genus_resolved422,3,GF_00290
official_genus_resolved422,3,GF_00296
official_genus_resolved422,3,GF_00300
official_genus_resolved422,3,GF_00302
official_genus_resolved422,3,GF_00303
official_genus_resolved422,3,GF_00305
official_genus_resolved422,3,GF_00309
official_genus_resolved422,3,GF_00310
official_genus_resolved422,3,GF_00311
official_genus_resolved422,3,GF_00312
official_genus_resolved422,3,GF_00313
official_genus_resolved422,3,GF_00314
official_genus_resolved422,3,GF_00315
official_genus_resolved422,3,GF_00316
official_genus_resolved422,3,GF_00317
official_genus_resolved422,3,GF_00318
official_genus_resolved422,3,GF_00319
official_genus_resolved422,3,GF_00320
official_genus_resolved422,3,GF_00321
official_genus_resolved422,3,GF_00323
official_genus_resolved422,3,GF_00324
official_genus_resolved422,3,GF_00325
official_genus_resolved422,3,GF_00326
official_genus_resolved422,3,GF_00327
official_genus_resolved422,3,GF_00329
official_genus_resolved422,3,GF_00330
official_genus_resolved422,3,GF_00331
official_genus_resolved422,3,GF_00332
official_genus_resolved422,3,GF_00333
official_genus_resolved422,3,GF_00335
official_genus_resolved422,3,GF_00336
official_genus_resolved422,3,GF_00338
official_genus_resolved422,3,GF_00339
official_genus_resolved422,3,GF_00340
official_genus_resolved422,3,GF_00341
official_genus_resolved422,3,GF_00342
official_genus_resolved422,3,GF_00343
official_genus_resolved422,3,GF_00344
official_genus_resolved422,3,GF_00346
official_genus_resolved422,3,GF_00347
official_genus_resolved422,3,GF_00348
official_genus_resolved422,3,GF_00349
official_genus_resolved422,3,GF_00350
official_genus_resolved422,3,GF_00351
official_genus_resolved422,3,GF_00352
official_genus_resolved422,3,GF_00353
official_genus_resolved422,3,GF_00355
official_genus_resolved422,3,GF_00358
official_genus_resolved422,3,GF_00360
official_genus_resolved422,3,GF_00362
official_genus_resolved422,3,GF_00363
official_genus_resolved422,3,GF_00364
official_genus_resolved422,3,GF_00365
official_genus_resolved422,3,GF_00369
official_genus_resolved422,3,GF_00378
official_genus_resolved422,3,GF_00381
official_genus_resolved422,3,GF_00384
official_genus_resolved422,3,GF_00385
official_genus_resolved422,3,GF_00386
official_genus_resolved422,3,GF_00387
official_genus_resolved422,3,GF_00388
official_genus_resolved422,3,GF_00389
official_genus_resolved422,3,GF_00390
official_genus_resolved422,3,GF_00391
official_genus_resolved422,3,GF_00393
official_genus_resolved422,3,GF_00395
official_genus_resolved422,3,GF_00396
official_genus_resolved422,3,GF_00400
official_genus_resolved422,3,GF_00401
official_genus_resolved422,3,GF_00402
official_genus_resolved422,3,GF_00403
official_genus_resolved422,3,GF_00404
official_genus_resolved422,3,GF_00405
official_genus_resolved422,3,GF_00406
official_genus_resolved422,3,GF_00407
official_genus_resolved422,3,GF_00408
official_genus_resolved422,3,GF_00409
official_genus_resolved422,3,GF_00410
official_genus_resolved422,3,GF_00413
official_genus_resolved422,3,GF_00414
official_genus_resolved422,3,GF_00415
official_genus_resolved422,3,GF_00417
official_genus_resolved422,3,GF_00418
official_genus_resolved422,3,GF_00421
official_genus_resolved422,3,GF_00422
official_genus_resolved422,3,GF_00424
official_genus_resolved422,3,GF_00426
official_genus_resolved422,3,GF_00427
official_genus_resolved422,3,GF_00428
official_genus_resolved422,3,GF_00429
official_genus_resolved422,3,GF_00430
official_genus_resolved422,3,GF_00431
official_genus_resolved422,3,GF_00432
official_genus_resolved422,3,GF_00433
official_genus_resolved422,3,GF_00434
official_genus_resolved422,3,GF_00435
official_genus_resolved422,3,GF_00436
official_genus_resolved422,3,GF_00437
official_genus_resolved422,3,GF_00438
official_genus_resolved422,3,GF_00440
official_genus_resolved422,3,GF_00441
official_genus_resolved422,3,GF_00455
official_genus_resolved422,3,GF_00457
official_genus_resolved422,3,GF_00458
official_genus_resolved422,3,GF_00460
official_genus_resolved422,3,GF_00471
official_genus_resolved422,3,GF_00472
official_genus_resolved422,3,GF_00477
official_genus_resolved422,3,GF_00480
official_genus_resolved422,3,GF_00488
official_genus_resolved422,3,GF_00489
official_genus_resolved422,3,GF_00491
official_genus_resolved422,3,GF_00503
official_genus_resolved422,3,GF_00522
official_genus_resolved422,3,GF_00523
official_genus_resolved422,3,GF_00524
official_genus_resolved422,3,GF_00525
official_genus_resolved422,3,GF_00527
official_genus_resolved422,3,GF_00528
official_genus_resolved422,3,GF_00529
official_genus_resolved422,3,GF_00530
official_genus_resolved422,3,GF_00531
official_genus_resolved422,3,GF_00536
official_genus_resolved422,3,GF_00538
official_genus_resolved422,3,GF_00546
official_genus_resolved422,3,GF_00547
official_genus_resolved422,3,GF_00548
official_genus_resolved422,3,GF_00549
official_genus_resolved422,3,GF_00564
official_genus_resolved422,3,GF_00565
official_genus_resolved422,3,GF_00566
official_genus_resolved422,3,GF_00569
official_genus_resolved422,3,GF_00570
official_genus_resolved422,3,GF_00572
official_genus_resolved422,3,GF_00574
official_genus_resolved422,3,GF_00578
official_genus_resolved422,3,GF_00580
official_genus_resolved422,3,GF_00588
official_genus_resolved422,3,GF_00593
official_genus_resolved422,3,GF_00594
official_genus_resolved422,3,GF_00595
official_genus_resolved422,3,GF_00599
official_genus_resolved422,3,GF_00600
official_genus_resolved422,3,GF_00601
official_genus_resolved422,3,GF_00602
official_genus_resolved422,3,GF_00603
official_genus_resolved422,3,GF_00604
official_genus_resolved422,3,GF_00605
official_genus_resolved422,3,GF_00606
official_genus_resolved422,3,GF_00607
official_genus_resolved422,3,GF_00608
official_genus_resolved422,3,GF_00609
official_genus_resolved422,3,GF_00611
official_genus_resolved422,3,GF_00612
official_genus_resolved422,3,GF_00613
official_genus_resolved422,3,GF_00614
official_genus_resolved422,3,GF_00615
official_genus_resolved422,3,GF_00616
official_genus_resolved422,3,GF_00617
official_genus_resolved422,3,GF_00618
official_genus_resolved422,3,GF_00619
official_genus_resolved422,3,GF_00620
official_genus_resolved422,3,GF_00621
official_genus_resolved422,3,GF_00622
official_genus_resolved422,3,GF_00623
official_genus_resolved422,3,GF_00624
official_genus_resolved422,3,GF_00632
official_genus_resolved422,3,GF_00633
official_genus_resolved422,3,GF_00634
official_genus_resolved422,3,GF_00635
official_genus_resolved422,3,GF_00636
official_genus_resolved422,3,GF_00637
official_genus_resolved422,3,GF_00638
official_genus_resolved422,3,GF_00640
official_genus_resolved422,3,GF_00641
official_genus_resolved422,3,GF_00642
official_genus_resolved422,3,GF_00643
official_genus_resolved422,3,GF_00655
official_genus_resolved422,3,GF_00658
official_genus_resolved422,3,GF_00659
official_genus_resolved422,3,GF_00661
official_genus_resolved422,3,GF_00669
official_genus_resolved422,3,GF_00676
official_genus_resolved422,3,GF_00680
official_genus_resolved422,3,GF_00681
official_genus_resolved422,3,GF_00682
official_genus_resolved422,3,GF_00683
official_genus_resolved422,3,GF_00684
official_genus_resolved422,3,GF_00686
official_genus_resolved422,3,GF_00687
official_genus_resolved422,3,GF_00688
official_genus_resolved422,3,GF_00695
official_genus_resolved422,3,GF_00699
official_genus_resolved422,3,GF_00702
official_genus_resolved422,3,GF_00709
official_genus_resolved422,3,GF_00722
official_genus_resolved422,3,GF_00723
official_genus_resolved422,3,GF_00724
official_genus_resolved422,3,GF_00725
official_genus_resolved422,3,GF_00726
official_genus_resolved422,3,GF_00727
official_genus_resolved422,3,GF_00728
official_genus_resolved422,3,GF_00729
official_genus_resolved422,3,GF_00732
official_genus_resolved422,3,GF_00736
official_genus_resolved422,3,GF_00740
official_genus_resolved422,3,GF_00741
official_genus_resolved422,3,GF_00744
official_genus_resolved422,3,GF_00749
official_genus_resolved422,3,GF_00751
official_genus_resolved422,3,GF_00755
official_genus_resolved422,3,GF_00756
official_genus_resolved422,3,GF_00761
official_genus_resolved422,3,GF_00771
official_genus_resolved422,3,GF_00773
official_genus_resolved422,3,GF_00776
official_genus_resolved422,3,GF_00777
official_genus_resolved422,3,GF_00796
official_genus_resolved422,3,GF_00810
official_genus_resolved422,3,GF_00811
official_genus_resolved422,3,GF_00813
official_genus_resolved422,3,GF_00814
official_genus_resolved422,3,GF_00816
official_genus_resolved422,3,GF_00819
official_genus_resolved422,3,GF_00828
official_genus_resolved422,3,GF_00843
official_genus_resolved422,3,GF_00845
official_genus_resolved422,3,GF_00856
official_genus_resolved422,3,GF_00857
official_genus_resolved422,3,GF_00860
official_genus_resolved422,3,GF_00864
official_genus_resolved422,3,GF_00866
official_genus_resolved422,3,GF_00868
official_genus_resolved422,3,GF_00869
official_genus_resolved422,3,GF_00870
official_genus_resolved422,3,GF_00871
official_genus_resolved422,3,GF_00872
official_genus_resolved422,3,GF_00873
official_genus_resolved422,3,GF_00874
official_genus_resolved422,3,GF_00888
official_genus_resolved422,3,GF_00895
official_genus_resolved422,3,GF_00916
official_genus_resolved422,3,GF_00927
official_genus_resolved422,3,GF_00931
official_genus_resolved422,3,GF_00932
official_genus_resolved422,3,GF_00933
official_genus_resolved422,3,GF_00946
official_genus_resolved422,3,GF_00947
official_genus_resolved422,3,GF_00949
official_genus_resolved422,3,GF_00957
official_genus_resolved422,3,GF_00958
official_genus_resolved422,3,GF_00959
official_genus_resolved422,3,GF_00960
official_genus_resolved422,3,GF_00963
official_genus_resolved422,3,GF_00966
official_genus_resolved422,3,GF_00968
official_genus_resolved422,3,GF_00969
official_genus_resolved422,3,GF_00970
official_genus_resolved422,3,GF_00971
official_genus_resolved422,3,GF_00982
official_genus_resolved422,3,GF_01004
official_genus_resolved422,3,GF_01005
official_genus_resolved422,3,GF_01026
official_genus_resolved422,3,GF_01027
official_genus_resolved422,3,GF_01028
official_genus_resolved422,3,GF_01054
official_genus_resolved422,3,GF_01230
official_genus_resolved422,3,GF_01231
official_genus_resolved422,3,GF_01232
official_genus_resolved422,3,GF_01233
official_genus_resolved422,3,GF_01234
official_genus_resolved422,3,GF_01235
official_genus_resolved422,3,GF_01236
official_genus_resolved422,3,GF_01237
official_genus_resolved422,3,GF_01239
official_genus_resolved422,3,GF_01240
official_genus_resolved422,3,GF_01241
official_genus_resolved422,3,GF_01242
official_genus_resolved422,3,GF_01244
official_genus_resolved422,3,GF_01245
official_genus_resolved422,3,GF_01246
official_genus_resolved422,3,GF_01247
official_genus_resolved422,3,GF_01248
official_genus_resolved422,3,GF_01266
official_genus_resolved422,3,GF_01279
official_genus_resolved422,3,GF_01287
official_genus_resolved422,3,GF_01290
official_genus_resolved422,3,GF_01291
official_genus_resolved422,3,GF_01292
official_genus_resolved422,3,GF_01293
official_genus_resolved422,3,GF_01297
official_genus_resolved422,3,GF_01306
official_genus_resolved422,3,GF_01314
official_genus_resolved422,3,GF_01315
official_genus_resolved422,3,GF_01327
official_genus_resolved422,3,GF_01328
official_genus_resolved422,3,GF_01329
official_genus_resolved422,3,GF_01330
official_genus_resolved422,3,GF_01331
official_genus_resolved422,3,GF_01332
official_genus_resolved422,3,GF_01333
official_genus_resolved422,3,GF_01334
official_genus_resolved422,3,GF_01336
official_genus_resolved422,3,GF_01337
official_genus_resolved422,3,GF_01338
official_genus_resolved422,3,GF_01357
official_genus_resolved422,3,GF_01359
official_genus_resolved422,3,GF_01372
official_genus_resolved422,3,GF_01373
official_genus_resolved422,3,GF_01374
official_genus_resolved422,3,GF_01375
official_genus_resolved422,3,GF_01376
official_genus_resolved422,3,GF_01377
official_genus_resolved422,3,GF_01379
official_genus_resolved422,3,GF_01381
official_genus_resolved422,3,GF_01382
official_genus_resolved422,3,GF_01383
official_genus_resolved422,3,GF_01384
official_genus_resolved422,3,GF_01385
official_genus_resolved422,3,GF_01386
official_genus_resolved422,3,GF_01387
official_genus_resolved422,3,GF_01390
official_genus_resolved422,3,GF_01391
official_genus_resolved422,3,GF_01393
official_genus_resolved422,3,GF_01394
official_genus_resolved422,3,GF_01395
official_genus_resolved422,3,GF_01396
official_genus_resolved422,3,GF_01397
official_genus_resolved422,3,GF_01399
official_genus_resolved422,3,GF_01400
official_genus_resolved422,3,GF_01401
official_genus_resolved422,3,GF_01409
official_genus_resolved422,3,GF_01425
official_genus_resolved422,3,GF_01426
official_genus_resolved422,3,GF_01428
official_genus_resolved422,3,GF_01439
official_genus_resolved422,3,GF_01445
official_genus_resolved422,3,GF_01446
official_genus_resolved422,3,GF_01447
official_genus_resolved422,3,GF_01448
official_genus_resolved422,3,GF_01449
official_genus_resolved422,3,GF_01456
official_genus_resolved422,3,GF_01458
official_genus_resolved422,3,GF_01460
official_genus_resolved422,3,GF_01461
official_genus_resolved422,3,GF_01462
official_genus_resolved422,3,GF_01466
official_genus_resolved422,3,GF_01476
official_genus_resolved422,3,GF_01477
official_genus_resolved422,3,GF_01479
official_genus_resolved422,3,GF_01480
official_genus_resolved422,3,GF_01481
official_genus_resolved422,3,GF_01487
official_genus_resolved422,3,GF_01502
official_genus_resolved422,3,GF_01504
official_genus_resolved422,3,GF_01512
official_genus_resolved422,3,GF_01514
official_genus_resolved422,3,GF_01527
official_genus_resolved422,3,GF_01534
official_genus_resolved422,3,GF_01535
official_genus_resolved422,3,GF_01536
official_genus_resolved422,3,GF_01537
official_genus_resolved422,3,GF_01538
official_genus_resolved422,3,GF_01539
official_genus_resolved422,3,GF_01540
official_genus_resolved422,3,GF_01541
official_genus_resolved422,3,GF_01542
official_genus_resolved422,3,GF_01543
official_genus_resolved422,3,GF_01544
official_genus_resolved422,3,GF_01547
official_genus_resolved422,3,GF_01549
official_genus_resolved422,3,GF_01550
official_genus_resolved422,3,GF_01552
official_genus_resolved422,3,GF_01553
official_genus_resolved422,3,GF_01579
official_genus_resolved422,3,GF_01580
official_genus_resolved422,3,GF_01583
official_genus_resolved422,3,GF_01584
official_genus_resolved422,3,GF_01591
official_genus_resolved422,3,GF_01592
official_genus_resolved422,3,GF_01616
official_genus_resolved422,3,GF_01617
official_genus_resolved422,3,GF_01618
official_genus_resolved422,3,GF_01619
official_genus_resolved422,3,GF_01620
official_genus_resolved422,3,GF_01621
official_genus_resolved422,3,GF_01623
official_genus_resolved422,3,GF_01626
official_genus_resolved422,3,GF_01627
official_genus_resolved422,3,GF_01628
official_genus_resolved422,3,GF_01629
official_genus_resolved422,3,GF_01634
official_genus_resolved422,3,GF_01635
official_genus_resolved422,3,GF_01636
official_genus_resolved422,3,GF_01637
official_genus_resolved422,3,GF_01638
official_genus_resolved422,3,GF_01639
official_genus_resolved422,3,GF_01641
official_genus_resolved422,3,GF_01643
official_genus_resolved422,3,GF_01648
official_genus_resolved422,3,GF_01661
official_genus_resolved422,3,GF_01672
official_genus_resolved422,3,GF_01673
official_genus_resolved422,3,GF_01674
official_genus_resolved422,3,GF_01675
official_genus_resolved422,3,GF_01676
official_genus_resolved422,3,GF_01677
official_genus_resolved422,3,GF_01678
official_genus_resolved422,3,GF_01679
official_genus_resolved422,3,GF_01680
official_genus_resolved422,3,GF_01681
official_genus_resolved422,3,GF_01683
official_genus_resolved422,3,GF_01684
official_genus_resolved422,3,GF_01685
official_genus_resolved422,3,GF_01688
official_genus_resolved422,3,GF_01689
official_genus_resolved422,3,GF_01690
official_genus_resolved422,3,GF_01691
official_genus_resolved422,3,GF_01692
official_genus_resolved422,3,GF_01693
official_genus_resolved422,3,GF_01732
official_genus_resolved422,3,GF_01733
official_genus_resolved422,3,GF_01734
official_genus_resolved422,3,GF_01735
official_genus_resolved422,3,GF_01736
official_genus_resolved422,3,GF_01737
official_genus_resolved422,3,GF_01740
official_genus_resolved422,3,GF_01741
official_genus_resolved422,3,GF_01742
official_genus_resolved422,3,GF_01745
official_genus_resolved422,3,GF_01763
official_genus_resolved422,3,GF_01770
official_genus_resolved422,3,GF_01783
official_genus_resolved422,3,GF_01799
official_genus_resolved422,3,GF_01802
official_genus_resolved422,3,GF_01805
official_genus_resolved422,3,GF_01806
official_genus_resolved422,3,GF_01807
official_genus_resolved422,3,GF_01808
official_genus_resolved422,3,GF_01809
official_genus_resolved422,3,GF_01810
official_genus_resolved422,3,GF_01811
official_genus_resolved422,3,GF_01812
official_genus_resolved422,3,GF_01813
official_genus_resolved422,3,GF_01814
official_genus_resolved422,3,GF_01815
official_genus_resolved422,3,GF_01816
official_genus_resolved422,3,GF_01818
official_genus_resolved422,3,GF_01819
official_genus_resolved422,3,GF_01822
official_genus_resolved422,3,GF_01823
official_genus_resolved422,3,GF_01834
official_genus_resolved422,3,GF_01836
official_genus_resolved422,3,GF_01837
official_genus_resolved422,3,GF_01840
official_genus_resolved422,3,GF_01841
official_genus_resolved422,3,GF_01842
official_genus_resolved422,3,GF_01844
official_genus_resolved422,3,GF_01856
official_genus_resolved422,3,GF_01860
official_genus_resolved422,3,GF_01866
official_genus_resolved422,3,GF_01870
official_genus_resolved422,3,GF_01872
official_genus_resolved422,3,GF_01874
official_genus_resolved422,3,GF_01897
official_genus_resolved422,3,GF_01898
official_genus_resolved422,3,GF_01899
official_genus_resolved422,3,GF_01900
official_genus_resolved422,3,GF_01901
official_genus_resolved422,3,GF_01902
official_genus_resolved422,3,GF_01904
official_genus_resolved422,3,GF_01919
official_genus_resolved422,3,GF_01921
official_genus_resolved422,3,GF_01925
official_genus_resolved422,3,GF_01926
official_genus_resolved422,3,GF_01927
official_genus_resolved422,3,GF_01928
official_genus_resolved422,3,GF_01929
official_genus_resolved422,3,GF_01930
official_genus_resolved422,3,GF_01945
official_genus_resolved422,3,GF_02041
official_genus_resolved422,3,GF_02060
official_genus_resolved422,3,GF_02069
official_genus_resolved422,3,GF_02070
official_genus_resolved422,3,GF_02071
official_genus_resolved422,3,GF_02072
official_genus_resolved422,3,GF_02074
official_genus_resolved422,3,GF_02075
official_genus_resolved422,3,GF_02076
official_genus_resolved422,3,GF_02081
official_genus_resolved422,3,GF_02084
official_genus_resolved422,3,GF_02085
official_genus_resolved422,3,GF_02088
official_genus_resolved422,3,GF_02089
official_genus_resolved422,3,GF_02091
official_genus_resolved422,3,GF_02092
official_genus_resolved422,3,GF_02093
official_genus_resolved422,3,GF_02094
official_genus_resolved422,3,GF_02101
official_genus_resolved422,3,GF_02109
official_genus_resolved422,3,GF_02110
official_genus_resolved422,3,GF_02113
official_genus_resolved422,3,GF_02122
official_genus_resolved422,3,GF_02130
official_genus_resolved422,3,GF_02131
official_genus_resolved422,3,GF_02132
official_genus_resolved422,3,GF_02136
official_genus_resolved422,3,GF_02137
official_genus_resolved422,3,GF_02138
official_genus_resolved422,3,GF_02139
official_genus_resolved422,3,GF_02140
official_genus_resolved422,3,GF_02141
official_genus_resolved422,3,GF_02142
official_genus_resolved422,3,GF_02143
official_genus_resolved422,3,GF_02145
official_genus_resolved422,3,GF_02152
official_genus_resolved422,3,GF_02157
official_genus_resolved422,3,GF_02158
official_genus_resolved422,3,GF_02159
official_genus_resolved422,3,GF_02168
official_genus_resolved422,3,GF_02172
official_genus_resolved422,3,GF_02178
official_genus_resolved422,3,GF_02180
official_genus_resolved422,3,GF_02184
official_genus_resolved422,3,GF_02194
official_genus_resolved422,3,GF_02216
official_genus_resolved422,3,GF_02217
official_genus_resolved422,3,GF_02218
official_genus_resolved422,3,GF_02219
official_genus_resolved422,3,GF_02220
official_genus_resolved422,3,GF_02223
official_genus_resolved422,3,GF_02224
official_genus_resolved422,3,GF_02225
official_genus_resolved422,3,GF_02226
official_genus_resolved422,3,GF_02227
official_genus_resolved422,3,GF_02228
official_genus_resolved422,3,GF_02229
official_genus_resolved422,3,GF_02230
official_genus_resolved422,3,GF_02260
official_genus_resolved422,3,GF_02261
official_genus_resolved422,3,GF_02262
official_genus_resolved422,3,GF_02263
official_genus_resolved422,3,GF_02264
official_genus_resolved422,3,GF_02266
official_genus_resolved422,4,GF_00002
official_genus_resolved422,4,GF_00011
official_genus_resolved422,4,GF_00012
official_genus_resolved422,4,GF_00013
official_genus_resolved422,4,GF_00014
official_genus_resolved422,4,GF_00015
official_genus_resolved422,4,GF_00017
official_genus_resolved422,4,GF_00018
official_genus_resolved422,4,GF_00036
official_genus_resolved422,4,GF_00043
official_genus_resolved422,4,GF_00044
official_genus_resolved422,4,GF_00046
official_genus_resolved422,4,GF_00047
official_genus_resolved422,4,GF_00048
official_genus_resolved422,4,GF_00049
official_genus_resolved422,4,GF_00050
official_genus_resolved422,4,GF_00051
official_genus_resolved422,4,GF_00052
official_genus_resolved422,4,GF_00072
official_genus_resolved422,4,GF_00073
official_genus_resolved422,4,GF_00074
official_genus_resolved422,4,GF_00075
official_genus_resolved422,4,GF_00077
official_genus_resolved422,4,GF_00078
official_genus_resolved422,4,GF_00079
official_genus_resolved422,4,GF_00080
official_genus_resolved422,4,GF_00081
official_genus_resolved422,4,GF_00082
official_genus_resolved422,4,GF_00083
official_genus_resolved422,4,GF_00084
official_genus_resolved422,4,GF_00085
official_genus_resolved422,4,GF_00087
official_genus_resolved422,4,GF_00088
official_genus_resolved422,4,GF_00093
official_genus_resolved422,4,GF_00094
official_genus_resolved422,4,GF_00104
official_genus_resolved422,4,GF_00105
official_genus_resolved422,4,GF_00106
official_genus_resolved422,4,GF_00107
official_genus_resolved422,4,GF_00111
official_genus_resolved422,4,GF_00112
official_genus_resolved422,4,GF_00114
official_genus_resolved422,4,GF_00120
official_genus_resolved422,4,GF_00122
official_genus_resolved422,4,GF_00123
official_genus_resolved422,4,GF_00124
official_genus_resolved422,4,GF_00125
official_genus_resolved422,4,GF_00136
official_genus_resolved422,4,GF_00137
official_genus_resolved422,4,GF_00138
official_genus_resolved422,4,GF_00141
official_genus_resolved422,4,GF_00143
official_genus_resolved422,4,GF_00155
official_genus_resolved422,4,GF_00164
official_genus_resolved422,4,GF_00170
official_genus_resolved422,4,GF_00175
official_genus_resolved422,4,GF_00178
official_genus_resolved422,4,GF_00179
official_genus_resolved422,4,GF_00180
official_genus_resolved422,4,GF_00185
official_genus_resolved422,4,GF_00205
official_genus_resolved422,4,GF_00208
official_genus_resolved422,4,GF_00220
official_genus_resolved422,4,GF_00228
official_genus_resolved422,4,GF_00229
official_genus_resolved422,4,GF_00235
official_genus_resolved422,4,GF_00244
official_genus_resolved422,4,GF_00250
official_genus_resolved422,4,GF_00251
official_genus_resolved422,4,GF_00262
official_genus_resolved422,4,GF_00267
official_genus_resolved422,4,GF_00275
official_genus_resolved422,4,GF_00281
official_genus_resolved422,4,GF_00282
official_genus_resolved422,4,GF_00290
official_genus_resolved422,4,GF_00296
official_genus_resolved422,4,GF_00300
official_genus_resolved422,4,GF_00302
official_genus_resolved422,4,GF_00303
official_genus_resolved422,4,GF_00305
official_genus_resolved422,4,GF_00309
official_genus_resolved422,4,GF_00311
official_genus_resolved422,4,GF_00312
official_genus_resolved422,4,GF_00313
official_genus_resolved422,4,GF_00314
official_genus_resolved422,4,GF_00315
official_genus_resolved422,4,GF_00316
official_genus_resolved422,4,GF_00317
official_genus_resolved422,4,GF_00318
official_genus_resolved422,4,GF_00320
official_genus_resolved422,4,GF_00321
official_genus_resolved422,4,GF_00323
official_genus_resolved422,4,GF_00324
official_genus_resolved422,4,GF_00325
official_genus_resolved422,4,GF_00326
official_genus_resolved422,4,GF_00327
official_genus_resolved422,4,GF_00329
official_genus_resolved422,4,GF_00330
official_genus_resolved422,4,GF_00331
official_genus_resolved422,4,GF_00332
official_genus_resolved422,4,GF_00333
official_genus_resolved422,4,GF_00335
official_genus_resolved422,4,GF_00336
official_genus_resolved422,4,GF_00338
official_genus_resolved422,4,GF_00339
official_genus_resolved422,4,GF_00340
official_genus_resolved422,4,GF_00341
official_genus_resolved422,4,GF_00342
official_genus_resolved422,4,GF_00343
official_genus_resolved422,4,GF_00344
official_genus_resolved422,4,GF_00346
official_genus_resolved422,4,GF_00347
official_genus_resolved422,4,GF_00348
official_genus_resolved422,4,GF_00349
official_genus_resolved422,4,GF_00350
official_genus_resolved422,4,GF_00352
official_genus_resolved422,4,GF_00353
official_genus_resolved422,4,GF_00355
official_genus_resolved422,4,GF_00358
official_genus_resolved422,4,GF_00359
official_genus_resolved422,4,GF_00360
official_genus_resolved422,4,GF_00361
official_genus_resolved422,4,GF_00362
official_genus_resolved422,4,GF_00363
official_genus_resolved422,4,GF_00364
official_genus_resolved422,4,GF_00365
official_genus_resolved422,4,GF_00369
official_genus_resolved422,4,GF_00381
official_genus_resolved422,4,GF_00384
official_genus_resolved422,4,GF_00385
official_genus_resolved422,4,GF_00386
official_genus_resolved422,4,GF_00387
official_genus_resolved422,4,GF_00388
official_genus_resolved422,4,GF_00389
official_genus_resolved422,4,GF_00390
official_genus_resolved422,4,GF_00391
official_genus_resolved422,4,GF_00392
official_genus_resolved422,4,GF_00393
official_genus_resolved422,4,GF_00394
official_genus_resolved422,4,GF_00395
official_genus_resolved422,4,GF_00396
official_genus_resolved422,4,GF_00400
official_genus_resolved422,4,GF_00401
official_genus_resolved422,4,GF_00402
official_genus_resolved422,4,GF_00404
official_genus_resolved422,4,GF_00405
official_genus_resolved422,4,GF_00406
official_genus_resolved422,4,GF_00407
official_genus_resolved422,4,GF_00408
official_genus_resolved422,4,GF_00409
official_genus_resolved422,4,GF_00410
official_genus_resolved422,4,GF_00411
official_genus_resolved422,4,GF_00413
official_genus_resolved422,4,GF_00414
official_genus_resolved422,4,GF_00415
official_genus_resolved422,4,GF_00417
official_genus_resolved422,4,GF_00418
official_genus_resolved422,4,GF_00419
official_genus_resolved422,4,GF_00421
official_genus_resolved422,4,GF_00422
official_genus_resolved422,4,GF_00424
official_genus_resolved422,4,GF_00426
official_genus_resolved422,4,GF_00427
official_genus_resolved422,4,GF_00429
official_genus_resolved422,4,GF_00430
official_genus_resolved422,4,GF_00431
official_genus_resolved422,4,GF_00432
official_genus_resolved422,4,GF_00433
official_genus_resolved422,4,GF_00434
official_genus_resolved422,4,GF_00435
official_genus_resolved422,4,GF_00436
official_genus_resolved422,4,GF_00437
official_genus_resolved422,4,GF_00438
official_genus_resolved422,4,GF_00440
official_genus_resolved422,4,GF_00455
official_genus_resolved422,4,GF_00457
official_genus_resolved422,4,GF_00465
official_genus_resolved422,4,GF_00471
official_genus_resolved422,4,GF_00472
official_genus_resolved422,4,GF_00474
official_genus_resolved422,4,GF_00477
official_genus_resolved422,4,GF_00479
official_genus_resolved422,4,GF_00480
official_genus_resolved422,4,GF_00482
official_genus_resolved422,4,GF_00488
official_genus_resolved422,4,GF_00489
official_genus_resolved422,4,GF_00491
official_genus_resolved422,4,GF_00503
official_genus_resolved422,4,GF_00522
official_genus_resolved422,4,GF_00523
official_genus_resolved422,4,GF_00524
official_genus_resolved422,4,GF_00525
official_genus_resolved422,4,GF_00527
official_genus_resolved422,4,GF_00528
official_genus_resolved422,4,GF_00529
official_genus_resolved422,4,GF_00531
official_genus_resolved422,4,GF_00536
official_genus_resolved422,4,GF_00538
official_genus_resolved422,4,GF_00546
official_genus_resolved422,4,GF_00547
official_genus_resolved422,4,GF_00548
official_genus_resolved422,4,GF_00549
official_genus_resolved422,4,GF_00564
official_genus_resolved422,4,GF_00565
official_genus_resolved422,4,GF_00566
official_genus_resolved422,4,GF_00570
official_genus_resolved422,4,GF_00572
official_genus_resolved422,4,GF_00574
official_genus_resolved422,4,GF_00578
official_genus_resolved422,4,GF_00580
official_genus_resolved422,4,GF_00588
official_genus_resolved422,4,GF_00593
official_genus_resolved422,4,GF_00594
official_genus_resolved422,4,GF_00595
official_genus_resolved422,4,GF_00600
official_genus_resolved422,4,GF_00601
official_genus_resolved422,4,GF_00602
official_genus_resolved422,4,GF_00603
official_genus_resolved422,4,GF_00604
official_genus_resolved422,4,GF_00605
official_genus_resolved422,4,GF_00606
official_genus_resolved422,4,GF_00607
official_genus_resolved422,4,GF_00608
official_genus_resolved422,4,GF_00609
official_genus_resolved422,4,GF_00611
official_genus_resolved422,4,GF_00612
official_genus_resolved422,4,GF_00613
official_genus_resolved422,4,GF_00614
official_genus_resolved422,4,GF_00615
official_genus_resolved422,4,GF_00616
official_genus_resolved422,4,GF_00617
official_genus_resolved422,4,GF_00618
official_genus_resolved422,4,GF_00619
official_genus_resolved422,4,GF_00621
official_genus_resolved422,4,GF_00622
official_genus_resolved422,4,GF_00623
official_genus_resolved422,4,GF_00624
official_genus_resolved422,4,GF_00632
official_genus_resolved422,4,GF_00633
official_genus_resolved422,4,GF_00635
official_genus_resolved422,4,GF_00636
official_genus_resolved422,4,GF_00637
official_genus_resolved422,4,GF_00640
official_genus_resolved422,4,GF_00641
official_genus_resolved422,4,GF_00642
official_genus_resolved422,4,GF_00643
official_genus_resolved422,4,GF_00655
official_genus_resolved422,4,GF_00658
official_genus_resolved422,4,GF_00659
official_genus_resolved422,4,GF_00661
official_genus_resolved422,4,GF_00669
official_genus_resolved422,4,GF_00681
official_genus_resolved422,4,GF_00688
official_genus_resolved422,4,GF_00695
official_genus_resolved422,4,GF_00699
official_genus_resolved422,4,GF_00702
official_genus_resolved422,4,GF_00709
official_genus_resolved422,4,GF_00722
official_genus_resolved422,4,GF_00723
official_genus_resolved422,4,GF_00724
official_genus_resolved422,4,GF_00725
official_genus_resolved422,4,GF_00726
official_genus_resolved422,4,GF_00727
official_genus_resolved422,4,GF_00728
official_genus_resolved422,4,GF_00729
official_genus_resolved422,4,GF_00736
official_genus_resolved422,4,GF_00740
official_genus_resolved422,4,GF_00741
official_genus_resolved422,4,GF_00744
official_genus_resolved422,4,GF_00751
official_genus_resolved422,4,GF_00755
official_genus_resolved422,4,GF_00756
official_genus_resolved422,4,GF_00761
official_genus_resolved422,4,GF_00770
official_genus_resolved422,4,GF_00771
official_genus_resolved422,4,GF_00773
official_genus_resolved422,4,GF_00776
official_genus_resolved422,4,GF_00777
official_genus_resolved422,4,GF_00785
official_genus_resolved422,4,GF_00791
official_genus_resolved422,4,GF_00793
official_genus_resolved422,4,GF_00796
official_genus_resolved422,4,GF_00798
official_genus_resolved422,4,GF_00810
official_genus_resolved422,4,GF_00811
official_genus_resolved422,4,GF_00813
official_genus_resolved422,4,GF_00814
official_genus_resolved422,4,GF_00816
official_genus_resolved422,4,GF_00819
official_genus_resolved422,4,GF_00826
official_genus_resolved422,4,GF_00828
official_genus_resolved422,4,GF_00843
official_genus_resolved422,4,GF_00845
official_genus_resolved422,4,GF_00856
official_genus_resolved422,4,GF_00857
official_genus_resolved422,4,GF_00860
official_genus_resolved422,4,GF_00864
official_genus_resolved422,4,GF_00866
official_genus_resolved422,4,GF_00868
official_genus_resolved422,4,GF_00870
official_genus_resolved422,4,GF_00873
official_genus_resolved422,4,GF_00874
official_genus_resolved422,4,GF_00887
official_genus_resolved422,4,GF_00888
official_genus_resolved422,4,GF_00893
official_genus_resolved422,4,GF_00895
official_genus_resolved422,4,GF_00916
official_genus_resolved422,4,GF_00917
official_genus_resolved422,4,GF_00918
official_genus_resolved422,4,GF_00927
official_genus_resolved422,4,GF_00930
official_genus_resolved422,4,GF_00931
official_genus_resolved422,4,GF_00933
official_genus_resolved422,4,GF_00946
official_genus_resolved422,4,GF_00949
official_genus_resolved422,4,GF_00957
official_genus_resolved422,4,GF_00958
official_genus_resolved422,4,GF_00960
official_genus_resolved422,4,GF_00963
official_genus_resolved422,4,GF_00968
official_genus_resolved422,4,GF_00969
official_genus_resolved422,4,GF_00970
official_genus_resolved422,4,GF_00971
official_genus_resolved422,4,GF_00972
official_genus_resolved422,4,GF_00982
official_genus_resolved422,4,GF_00987
official_genus_resolved422,4,GF_01004
official_genus_resolved422,4,GF_01005
official_genus_resolved422,4,GF_01012
official_genus_resolved422,4,GF_01013
official_genus_resolved422,4,GF_01016
official_genus_resolved422,4,GF_01026
official_genus_resolved422,4,GF_01027
official_genus_resolved422,4,GF_01028
official_genus_resolved422,4,GF_01054
official_genus_resolved422,4,GF_01147
official_genus_resolved422,4,GF_01164
official_genus_resolved422,4,GF_01212
official_genus_resolved422,4,GF_01230
official_genus_resolved422,4,GF_01231
official_genus_resolved422,4,GF_01233
official_genus_resolved422,4,GF_01234
official_genus_resolved422,4,GF_01235
official_genus_resolved422,4,GF_01236
official_genus_resolved422,4,GF_01237
official_genus_resolved422,4,GF_01238
official_genus_resolved422,4,GF_01239
official_genus_resolved422,4,GF_01240
official_genus_resolved422,4,GF_01241
official_genus_resolved422,4,GF_01242
official_genus_resolved422,4,GF_01243
official_genus_resolved422,4,GF_01244
official_genus_resolved422,4,GF_01245
official_genus_resolved422,4,GF_01246
official_genus_resolved422,4,GF_01248
official_genus_resolved422,4,GF_01253
official_genus_resolved422,4,GF_01257
official_genus_resolved422,4,GF_01266
official_genus_resolved422,4,GF_01282
official_genus_resolved422,4,GF_01287
official_genus_resolved422,4,GF_01290
official_genus_resolved422,4,GF_01291
official_genus_resolved422,4,GF_01292
official_genus_resolved422,4,GF_01293
official_genus_resolved422,4,GF_01297
official_genus_resolved422,4,GF_01306
official_genus_resolved422,4,GF_01308
official_genus_resolved422,4,GF_01314
official_genus_resolved422,4,GF_01315
official_genus_resolved422,4,GF_01327
official_genus_resolved422,4,GF_01329
official_genus_resolved422,4,GF_01330
official_genus_resolved422,4,GF_01331
official_genus_resolved422,4,GF_01332
official_genus_resolved422,4,GF_01333
official_genus_resolved422,4,GF_01334
official_genus_resolved422,4,GF_01336
official_genus_resolved422,4,GF_01337
official_genus_resolved422,4,GF_01338
official_genus_resolved422,4,GF_01357
official_genus_resolved422,4,GF_01359
official_genus_resolved422,4,GF_01365
official_genus_resolved422,4,GF_01371
official_genus_resolved422,4,GF_01372
official_genus_resolved422,4,GF_01373
official_genus_resolved422,4,GF_01374
official_genus_resolved422,4,GF_01375
official_genus_resolved422,4,GF_01376
official_genus_resolved422,4,GF_01377
official_genus_resolved422,4,GF_01378
official_genus_resolved422,4,GF_01379
official_genus_resolved422,4,GF_01380
official_genus_resolved422,4,GF_01381
official_genus_resolved422,4,GF_01383
official_genus_resolved422,4,GF_01384
official_genus_resolved422,4,GF_01385
official_genus_resolved422,4,GF_01386
official_genus_resolved422,4,GF_01387
official_genus_resolved422,4,GF_01390
official_genus_resolved422,4,GF_01391
official_genus_resolved422,4,GF_01393
official_genus_resolved422,4,GF_01394
official_genus_resolved422,4,GF_01395
official_genus_resolved422,4,GF_01396
official_genus_resolved422,4,GF_01397
official_genus_resolved422,4,GF_01399
official_genus_resolved422,4,GF_01400
official_genus_resolved422,4,GF_01401
official_genus_resolved422,4,GF_01403
official_genus_resolved422,4,GF_01404
official_genus_resolved422,4,GF_01409
official_genus_resolved422,4,GF_01425
official_genus_resolved422,4,GF_01426
official_genus_resolved422,4,GF_01428
official_genus_resolved422,4,GF_01439
official_genus_resolved422,4,GF_01445
official_genus_resolved422,4,GF_01446
official_genus_resolved422,4,GF_01447
official_genus_resolved422,4,GF_01448
official_genus_resolved422,4,GF_01449
official_genus_resolved422,4,GF_01456
official_genus_resolved422,4,GF_01458
official_genus_resolved422,4,GF_01460
official_genus_resolved422,4,GF_01461
official_genus_resolved422,4,GF_01462
official_genus_resolved422,4,GF_01464
official_genus_resolved422,4,GF_01466
official_genus_resolved422,4,GF_01477
official_genus_resolved422,4,GF_01479
official_genus_resolved422,4,GF_01480
official_genus_resolved422,4,GF_01487
official_genus_resolved422,4,GF_01488
official_genus_resolved422,4,GF_01489
official_genus_resolved422,4,GF_01492
official_genus_resolved422,4,GF_01497
official_genus_resolved422,4,GF_01502
official_genus_resolved422,4,GF_01504
official_genus_resolved422,4,GF_01512
official_genus_resolved422,4,GF_01514
official_genus_resolved422,4,GF_01527
official_genus_resolved422,4,GF_01535
official_genus_resolved422,4,GF_01536
official_genus_resolved422,4,GF_01537
official_genus_resolved422,4,GF_01538
official_genus_resolved422,4,GF_01539
official_genus_resolved422,4,GF_01540
official_genus_resolved422,4,GF_01541
official_genus_resolved422,4,GF_01542
official_genus_resolved422,4,GF_01543
official_genus_resolved422,4,GF_01544
official_genus_resolved422,4,GF_01546
official_genus_resolved422,4,GF_01547
official_genus_resolved422,4,GF_01548
official_genus_resolved422,4,GF_01549
official_genus_resolved422,4,GF_01550
official_genus_resolved422,4,GF_01552
official_genus_resolved422,4,GF_01553
official_genus_resolved422,4,GF_01579
official_genus_resolved422,4,GF_01580
official_genus_resolved422,4,GF_01583
official_genus_resolved422,4,GF_01584
official_genus_resolved422,4,GF_01587
official_genus_resolved422,4,GF_01591
official_genus_resolved422,4,GF_01592
official_genus_resolved422,4,GF_01616
official_genus_resolved422,4,GF_01617
official_genus_resolved422,4,GF_01618
official_genus_resolved422,4,GF_01619
official_genus_resolved422,4,GF_01620
official_genus_resolved422,4,GF_01621
official_genus_resolved422,4,GF_01623
official_genus_resolved422,4,GF_01626
official_genus_resolved422,4,GF_01627
official_genus_resolved422,4,GF_01629
official_genus_resolved422,4,GF_01630
official_genus_resolved422,4,GF_01633
official_genus_resolved422,4,GF_01634
official_genus_resolved422,4,GF_01635
official_genus_resolved422,4,GF_01636
official_genus_resolved422,4,GF_01637
official_genus_resolved422,4,GF_01638
official_genus_resolved422,4,GF_01640
official_genus_resolved422,4,GF_01641
official_genus_resolved422,4,GF_01643
official_genus_resolved422,4,GF_01644
official_genus_resolved422,4,GF_01645
official_genus_resolved422,4,GF_01648
official_genus_resolved422,4,GF_01659
official_genus_resolved422,4,GF_01661
official_genus_resolved422,4,GF_01672
official_genus_resolved422,4,GF_01673
official_genus_resolved422,4,GF_01674
official_genus_resolved422,4,GF_01675
official_genus_resolved422,4,GF_01676
official_genus_resolved422,4,GF_01677
official_genus_resolved422,4,GF_01678
official_genus_resolved422,4,GF_01679
official_genus_resolved422,4,GF_01680
official_genus_resolved422,4,GF_01681
official_genus_resolved422,4,GF_01682
official_genus_resolved422,4,GF_01683
official_genus_resolved422,4,GF_01684
official_genus_resolved422,4,GF_01685
official_genus_resolved422,4,GF_01688
official_genus_resolved422,4,GF_01689
official_genus_resolved422,4,GF_01690
official_genus_resolved422,4,GF_01692
official_genus_resolved422,4,GF_01693
official_genus_resolved422,4,GF_01732
official_genus_resolved422,4,GF_01733
official_genus_resolved422,4,GF_01735
official_genus_resolved422,4,GF_01736
official_genus_resolved422,4,GF_01741
official_genus_resolved422,4,GF_01742
official_genus_resolved422,4,GF_01745
official_genus_resolved422,4,GF_01763
official_genus_resolved422,4,GF_01764
official_genus_resolved422,4,GF_01770
official_genus_resolved422,4,GF_01783
official_genus_resolved422,4,GF_01799
official_genus_resolved422,4,GF_01802
official_genus_resolved422,4,GF_01805
official_genus_resolved422,4,GF_01806
official_genus_resolved422,4,GF_01807
official_genus_resolved422,4,GF_01808
official_genus_resolved422,4,GF_01809
official_genus_resolved422,4,GF_01810
official_genus_resolved422,4,GF_01811
official_genus_resolved422,4,GF_01812
official_genus_resolved422,4,GF_01813
official_genus_resolved422,4,GF_01815
official_genus_resolved422,4,GF_01816
official_genus_resolved422,4,GF_01818
official_genus_resolved422,4,GF_01819
official_genus_resolved422,4,GF_01822
official_genus_resolved422,4,GF_01823
official_genus_resolved422,4,GF_01834
official_genus_resolved422,4,GF_01836
official_genus_resolved422,4,GF_01837
official_genus_resolved422,4,GF_01840
official_genus_resolved422,4,GF_01841
official_genus_resolved422,4,GF_01842
official_genus_resolved422,4,GF_01844
official_genus_resolved422,4,GF_01850
official_genus_resolved422,4,GF_01856
official_genus_resolved422,4,GF_01857
official_genus_resolved422,4,GF_01860
official_genus_resolved422,4,GF_01866
official_genus_resolved422,4,GF_01868
official_genus_resolved422,4,GF_01870
official_genus_resolved422,4,GF_01872
official_genus_resolved422,4,GF_01874
official_genus_resolved422,4,GF_01879
official_genus_resolved422,4,GF_01885
official_genus_resolved422,4,GF_01897
official_genus_resolved422,4,GF_01898
official_genus_resolved422,4,GF_01899
official_genus_resolved422,4,GF_01900
official_genus_resolved422,4,GF_01902
official_genus_resolved422,4,GF_01904
official_genus_resolved422,4,GF_01919
official_genus_resolved422,4,GF_01921
official_genus_resolved422,4,GF_01923
official_genus_resolved422,4,GF_01926
official_genus_resolved422,4,GF_01927
official_genus_resolved422,4,GF_01928
official_genus_resolved422,4,GF_01929
official_genus_resolved422,4,GF_01930
official_genus_resolved422,4,GF_01945
official_genus_resolved422,4,GF_02041
official_genus_resolved422,4,GF_02059
official_genus_resolved422,4,GF_02060
official_genus_resolved422,4,GF_02069
official_genus_resolved422,4,GF_02070
official_genus_resolved422,4,GF_02071
official_genus_resolved422,4,GF_02072
official_genus_resolved422,4,GF_02073
official_genus_resolved422,4,GF_02074
official_genus_resolved422,4,GF_02075
official_genus_resolved422,4,GF_02081
official_genus_resolved422,4,GF_02084
official_genus_resolved422,4,GF_02087
official_genus_resolved422,4,GF_02088
official_genus_resolved422,4,GF_02089
official_genus_resolved422,4,GF_02091
official_genus_resolved422,4,GF_02092
official_genus_resolved422,4,GF_02093
official_genus_resolved422,4,GF_02094
official_genus_resolved422,4,GF_02101
official_genus_resolved422,4,GF_02109
official_genus_resolved422,4,GF_02110
official_genus_resolved422,4,GF_02122
official_genus_resolved422,4,GF_02130
official_genus_resolved422,4,GF_02131
official_genus_resolved422,4,GF_02132
official_genus_resolved422,4,GF_02136
official_genus_resolved422,4,GF_02137
official_genus_resolved422,4,GF_02138
official_genus_resolved422,4,GF_02139
official_genus_resolved422,4,GF_02140
official_genus_resolved422,4,GF_02141
official_genus_resolved422,4,GF_02142
official_genus_resolved422,4,GF_02143
official_genus_resolved422,4,GF_02145
official_genus_resolved422,4,GF_02152
official_genus_resolved422,4,GF_02157
official_genus_resolved422,4,GF_02158
official_genus_resolved422,4,GF_02159
official_genus_resolved422,4,GF_02167
official_genus_resolved422,4,GF_02168
official_genus_resolved422,4,GF_02172
official_genus_resolved422,4,GF_02178
official_genus_resolved422,4,GF_02180
official_genus_resolved422,4,GF_02184
official_genus_resolved422,4,GF_02192
official_genus_resolved422,4,GF_02194
official_genus_resolved422,4,GF_02215
official_genus_resolved422,4,GF_02216
official_genus_resolved422,4,GF_02217
official_genus_resolved422,4,GF_02218
official_genus_resolved422,4,GF_02219
official_genus_resolved422,4,GF_02220
official_genus_resolved422,4,GF_02222
official_genus_resolved422,4,GF_02223
official_genus_resolved422,4,GF_02224
official_genus_resolved422,4,GF_02225
official_genus_resolved422,4,GF_02226
official_genus_resolved422,4,GF_02227
official_genus_resolved422,4,GF_02228
official_genus_resolved422,4,GF_02230
official_genus_resolved422,4,GF_02260
official_genus_resolved422,4,GF_02261
official_genus_resolved422,4,GF_02262
official_genus_resolved422,4,GF_02263
official_genus_resolved422,4,GF_02264
official_genus_resolved422,4,GF_02266
official_genus_resolved422,5,GF_00002
official_genus_resolved422,5,GF_00008
official_genus_resolved422,5,GF_00011
official_genus_resolved422,5,GF_00012
official_genus_resolved422,5,GF_00013
official_genus_resolved422,5,GF_00015
official_genus_resolved422,5,GF_00017
official_genus_resolved422,5,GF_00018
official_genus_resolved422,5,GF_00036
official_genus_resolved422,5,GF_00043
official_genus_resolved422,5,GF_00044
official_genus_resolved422,5,GF_00046
official_genus_resolved422,5,GF_00047
official_genus_resolved422,5,GF_00048
official_genus_resolved422,5,GF_00049
official_genus_resolved422,5,GF_00051
official_genus_resolved422,5,GF_00052
official_genus_resolved422,5,GF_00071
official_genus_resolved422,5,GF_00072
official_genus_resolved422,5,GF_00073
official_genus_resolved422,5,GF_00075
official_genus_resolved422,5,GF_00077
official_genus_resolved422,5,GF_00079
official_genus_resolved422,5,GF_00080
official_genus_resolved422,5,GF_00081
official_genus_resolved422,5,GF_00082
official_genus_resolved422,5,GF_00083
official_genus_resolved422,5,GF_00084
official_genus_resolved422,5,GF_00085
official_genus_resolved422,5,GF_00087
official_genus_resolved422,5,GF_00088
official_genus_resolved422,5,GF_00093
official_genus_resolved422,5,GF_00094
official_genus_resolved422,5,GF_00104
official_genus_resolved422,5,GF_00105
official_genus_resolved422,5,GF_00106
official_genus_resolved422,5,GF_00107
official_genus_resolved422,5,GF_00108
official_genus_resolved422,5,GF_00109
official_genus_resolved422,5,GF_00110
official_genus_resolved422,5,GF_00111
official_genus_resolved422,5,GF_00112
official_genus_resolved422,5,GF_00113
official_genus_resolved422,5,GF_00114
official_genus_resolved422,5,GF_00115
official_genus_resolved422,5,GF_00117
official_genus_resolved422,5,GF_00120
official_genus_resolved422,5,GF_00121
official_genus_resolved422,5,GF_00122
official_genus_resolved422,5,GF_00123
official_genus_resolved422,5,GF_00124
official_genus_resolved422,5,GF_00125
official_genus_resolved422,5,GF_00136
official_genus_resolved422,5,GF_00137
official_genus_resolved422,5,GF_00139
official_genus_resolved422,5,GF_00141
official_genus_resolved422,5,GF_00143
official_genus_resolved422,5,GF_00155
official_genus_resolved422,5,GF_00164
official_genus_resolved422,5,GF_00175
official_genus_resolved422,5,GF_00178
official_genus_resolved422,5,GF_00179
official_genus_resolved422,5,GF_00180
official_genus_resolved422,5,GF_00185
official_genus_resolved422,5,GF_00220
official_genus_resolved422,5,GF_00229
official_genus_resolved422,5,GF_00244
official_genus_resolved422,5,GF_00251
official_genus_resolved422,5,GF_00262
official_genus_resolved422,5,GF_00281
official_genus_resolved422,5,GF_00290
official_genus_resolved422,5,GF_00296
official_genus_resolved422,5,GF_00300
official_genus_resolved422,5,GF_00302
official_genus_resolved422,5,GF_00303
official_genus_resolved422,5,GF_00309
official_genus_resolved422,5,GF_00311
official_genus_resolved422,5,GF_00312
official_genus_resolved422,5,GF_00313
official_genus_resolved422,5,GF_00314
official_genus_resolved422,5,GF_00315
official_genus_resolved422,5,GF_00316
official_genus_resolved422,5,GF_00317
official_genus_resolved422,5,GF_00318
official_genus_resolved422,5,GF_00319
official_genus_resolved422,5,GF_00320
official_genus_resolved422,5,GF_00323
official_genus_resolved422,5,GF_00324
official_genus_resolved422,5,GF_00325
official_genus_resolved422,5,GF_00326
official_genus_resolved422,5,GF_00327
official_genus_resolved422,5,GF_00330
official_genus_resolved422,5,GF_00331
official_genus_resolved422,5,GF_00332
official_genus_resolved422,5,GF_00333
official_genus_resolved422,5,GF_00335
official_genus_resolved422,5,GF_00336
official_genus_resolved422,5,GF_00338
official_genus_resolved422,5,GF_00340
official_genus_resolved422,5,GF_00341
official_genus_resolved422,5,GF_00342
official_genus_resolved422,5,GF_00343
official_genus_resolved422,5,GF_00344
official_genus_resolved422,5,GF_00346
official_genus_resolved422,5,GF_00347
official_genus_resolved422,5,GF_00348
official_genus_resolved422,5,GF_00349
official_genus_resolved422,5,GF_00350
official_genus_resolved422,5,GF_00351
official_genus_resolved422,5,GF_00352
official_genus_resolved422,5,GF_00353
official_genus_resolved422,5,GF_00358
official_genus_resolved422,5,GF_00360
official_genus_resolved422,5,GF_00362
official_genus_resolved422,5,GF_00363
official_genus_resolved422,5,GF_00364
official_genus_resolved422,5,GF_00365
official_genus_resolved422,5,GF_00369
official_genus_resolved422,5,GF_00381
official_genus_resolved422,5,GF_00384
official_genus_resolved422,5,GF_00385
official_genus_resolved422,5,GF_00386
official_genus_resolved422,5,GF_00387
official_genus_resolved422,5,GF_00388
official_genus_resolved422,5,GF_00389
official_genus_resolved422,5,GF_00390
official_genus_resolved422,5,GF_00391
official_genus_resolved422,5,GF_00393
official_genus_resolved422,5,GF_00394
official_genus_resolved422,5,GF_00395
official_genus_resolved422,5,GF_00396
official_genus_resolved422,5,GF_00400
official_genus_resolved422,5,GF_00401
official_genus_resolved422,5,GF_00402
official_genus_resolved422,5,GF_00403
official_genus_resolved422,5,GF_00404
official_genus_resolved422,5,GF_00405
official_genus_resolved422,5,GF_00407
official_genus_resolved422,5,GF_00409
official_genus_resolved422,5,GF_00410
official_genus_resolved422,5,GF_00413
official_genus_resolved422,5,GF_00414
official_genus_resolved422,5,GF_00415
official_genus_resolved422,5,GF_00417
official_genus_resolved422,5,GF_00418
official_genus_resolved422,5,GF_00419
official_genus_resolved422,5,GF_00421
official_genus_resolved422,5,GF_00422
official_genus_resolved422,5,GF_00424
official_genus_resolved422,5,GF_00426
official_genus_resolved422,5,GF_00427
official_genus_resolved422,5,GF_00428
official_genus_resolved422,5,GF_00429
official_genus_resolved422,5,GF_00430
official_genus_resolved422,5,GF_00431
official_genus_resolved422,5,GF_00432
official_genus_resolved422,5,GF_00433
official_genus_resolved422,5,GF_00434
official_genus_resolved422,5,GF_00435
official_genus_resolved422,5,GF_00436
official_genus_resolved422,5,GF_00437
official_genus_resolved422,5,GF_00438
official_genus_resolved422,5,GF_00440
official_genus_resolved422,5,GF_00455
official_genus_resolved422,5,GF_00457
official_genus_resolved422,5,GF_00458
official_genus_resolved422,5,GF_00471
official_genus_resolved422,5,GF_00477
official_genus_resolved422,5,GF_00480
official_genus_resolved422,5,GF_00482
official_genus_resolved422,5,GF_00488
official_genus_resolved422,5,GF_00503
official_genus_resolved422,5,GF_00522
official_genus_resolved422,5,GF_00523
official_genus_resolved422,5,GF_00524
official_genus_resolved422,5,GF_00525
official_genus_resolved422,5,GF_00527
official_genus_resolved422,5,GF_00528
official_genus_resolved422,5,GF_00529
official_genus_resolved422,5,GF_00531
official_genus_resolved422,5,GF_00536
official_genus_resolved422,5,GF_00538
official_genus_resolved422,5,GF_00546
official_genus_resolved422,5,GF_00547
official_genus_resolved422,5,GF_00548
official_genus_resolved422,5,GF_00549
official_genus_resolved422,5,GF_00564
official_genus_resolved422,5,GF_00565
official_genus_resolved422,5,GF_00566
official_genus_resolved422,5,GF_00569
official_genus_resolved422,5,GF_00570
official_genus_resolved422,5,GF_00572
official_genus_resolved422,5,GF_00574
official_genus_resolved422,5,GF_00578
official_genus_resolved422,5,GF_00580
official_genus_resolved422,5,GF_00588
official_genus_resolved422,5,GF_00594
official_genus_resolved422,5,GF_00595
official_genus_resolved422,5,GF_00599
official_genus_resolved422,5,GF_00600
official_genus_resolved422,5,GF_00601
official_genus_resolved422,5,GF_00603
official_genus_resolved422,5,GF_00604
official_genus_resolved422,5,GF_00606
official_genus_resolved422,5,GF_00607
official_genus_resolved422,5,GF_00608
official_genus_resolved422,5,GF_00609
official_genus_resolved422,5,GF_00611
official_genus_resolved422,5,GF_00612
official_genus_resolved422,5,GF_00613
official_genus_resolved422,5,GF_00614
official_genus_resolved422,5,GF_00615
official_genus_resolved422,5,GF_00616
official_genus_resolved422,5,GF_00617
official_genus_resolved422,5,GF_00618
official_genus_resolved422,5,GF_00619
official_genus_resolved422,5,GF_00620
official_genus_resolved422,5,GF_00621
official_genus_resolved422,5,GF_00622
official_genus_resolved422,5,GF_00623
official_genus_resolved422,5,GF_00624
official_genus_resolved422,5,GF_00632
official_genus_resolved422,5,GF_00633
official_genus_resolved422,5,GF_00635
official_genus_resolved422,5,GF_00636
official_genus_resolved422,5,GF_00637
official_genus_resolved422,5,GF_00638
official_genus_resolved422,5,GF_00640
official_genus_resolved422,5,GF_00641
official_genus_resolved422,5,GF_00642
official_genus_resolved422,5,GF_00643
official_genus_resolved422,5,GF_00655
official_genus_resolved422,5,GF_00658
official_genus_resolved422,5,GF_00661
official_genus_resolved422,5,GF_00669
official_genus_resolved422,5,GF_00676
official_genus_resolved422,5,GF_00680
official_genus_resolved422,5,GF_00681
official_genus_resolved422,5,GF_00684
official_genus_resolved422,5,GF_00688
official_genus_resolved422,5,GF_00695
official_genus_resolved422,5,GF_00699
official_genus_resolved422,5,GF_00702
official_genus_resolved422,5,GF_00709
official_genus_resolved422,5,GF_00722
official_genus_resolved422,5,GF_00723
official_genus_resolved422,5,GF_00724
official_genus_resolved422,5,GF_00725
official_genus_resolved422,5,GF_00726
official_genus_resolved422,5,GF_00727
official_genus_resolved422,5,GF_00728
official_genus_resolved422,5,GF_00729
official_genus_resolved422,5,GF_00732
official_genus_resolved422,5,GF_00736
official_genus_resolved422,5,GF_00740
official_genus_resolved422,5,GF_00741
official_genus_resolved422,5,GF_00744
official_genus_resolved422,5,GF_00751
official_genus_resolved422,5,GF_00755
official_genus_resolved422,5,GF_00756
official_genus_resolved422,5,GF_00761
official_genus_resolved422,5,GF_00771
official_genus_resolved422,5,GF_00773
official_genus_resolved422,5,GF_00776
official_genus_resolved422,5,GF_00777
official_genus_resolved422,5,GF_00785
official_genus_resolved422,5,GF_00796
official_genus_resolved422,5,GF_00810
official_genus_resolved422,5,GF_00811
official_genus_resolved422,5,GF_00813
official_genus_resolved422,5,GF_00814
official_genus_resolved422,5,GF_00816
official_genus_resolved422,5,GF_00819
official_genus_resolved422,5,GF_00828
official_genus_resolved422,5,GF_00843
official_genus_resolved422,5,GF_00845
official_genus_resolved422,5,GF_00857
official_genus_resolved422,5,GF_00860
official_genus_resolved422,5,GF_00864
official_genus_resolved422,5,GF_00866
official_genus_resolved422,5,GF_00868
official_genus_resolved422,5,GF_00869
official_genus_resolved422,5,GF_00870
official_genus_resolved422,5,GF_00872
official_genus_resolved422,5,GF_00873
official_genus_resolved422,5,GF_00874
official_genus_resolved422,5,GF_00887
official_genus_resolved422,5,GF_00888
official_genus_resolved422,5,GF_00895
official_genus_resolved422,5,GF_00916
official_genus_resolved422,5,GF_00927
official_genus_resolved422,5,GF_00931
official_genus_resolved422,5,GF_00933
official_genus_resolved422,5,GF_00946
official_genus_resolved422,5,GF_00949
official_genus_resolved422,5,GF_00957
official_genus_resolved422,5,GF_00958
official_genus_resolved422,5,GF_00959
official_genus_resolved422,5,GF_00960
official_genus_resolved422,5,GF_00963
official_genus_resolved422,5,GF_00966
official_genus_resolved422,5,GF_00968
official_genus_resolved422,5,GF_00969
official_genus_resolved422,5,GF_00970
official_genus_resolved422,5,GF_00971
official_genus_resolved422,5,GF_00972
official_genus_resolved422,5,GF_00982
official_genus_resolved422,5,GF_01004
official_genus_resolved422,5,GF_01005
official_genus_resolved422,5,GF_01012
official_genus_resolved422,5,GF_01026
official_genus_resolved422,5,GF_01027
official_genus_resolved422,5,GF_01028
official_genus_resolved422,5,GF_01054
official_genus_resolved422,5,GF_01230
official_genus_resolved422,5,GF_01231
official_genus_resolved422,5,GF_01232
official_genus_resolved422,5,GF_01233
official_genus_resolved422,5,GF_01234
official_genus_resolved422,5,GF_01235
official_genus_resolved422,5,GF_01236
official_genus_resolved422,5,GF_01237
official_genus_resolved422,5,GF_01239
official_genus_resolved422,5,GF_01240
official_genus_resolved422,5,GF_01241
official_genus_resolved422,5,GF_01244
official_genus_resolved422,5,GF_01245
official_genus_resolved422,5,GF_01246
official_genus_resolved422,5,GF_01247
official_genus_resolved422,5,GF_01248
official_genus_resolved422,5,GF_01266
official_genus_resolved422,5,GF_01287
official_genus_resolved422,5,GF_01290
official_genus_resolved422,5,GF_01292
official_genus_resolved422,5,GF_01293
official_genus_resolved422,5,GF_01297
official_genus_resolved422,5,GF_01306
official_genus_resolved422,5,GF_01314
official_genus_resolved422,5,GF_01315
official_genus_resolved422,5,GF_01327
official_genus_resolved422,5,GF_01328
official_genus_resolved422,5,GF_01329
official_genus_resolved422,5,GF_01330
official_genus_resolved422,5,GF_01331
official_genus_resolved422,5,GF_01332
official_genus_resolved422,5,GF_01333
official_genus_resolved422,5,GF_01334
official_genus_resolved422,5,GF_01336
official_genus_resolved422,5,GF_01337
official_genus_resolved422,5,GF_01338
official_genus_resolved422,5,GF_01359
official_genus_resolved422,5,GF_01372
official_genus_resolved422,5,GF_01374
official_genus_resolved422,5,GF_01375
official_genus_resolved422,5,GF_01376
official_genus_resolved422,5,GF_01377
official_genus_resolved422,5,GF_01379
official_genus_resolved422,5,GF_01381
official_genus_resolved422,5,GF_01382
official_genus_resolved422,5,GF_01383
official_genus_resolved422,5,GF_01385
official_genus_resolved422,5,GF_01387
official_genus_resolved422,5,GF_01390
official_genus_resolved422,5,GF_01391
official_genus_resolved422,5,GF_01393
official_genus_resolved422,5,GF_01394
official_genus_resolved422,5,GF_01395
official_genus_resolved422,5,GF_01396
official_genus_resolved422,5,GF_01397
official_genus_resolved422,5,GF_01398
official_genus_resolved422,5,GF_01399
official_genus_resolved422,5,GF_01400
official_genus_resolved422,5,GF_01401
official_genus_resolved422,5,GF_01404
official_genus_resolved422,5,GF_01409
official_genus_resolved422,5,GF_01425
official_genus_resolved422,5,GF_01426
official_genus_resolved422,5,GF_01428
official_genus_resolved422,5,GF_01439
official_genus_resolved422,5,GF_01445
official_genus_resolved422,5,GF_01446
official_genus_resolved422,5,GF_01447
official_genus_resolved422,5,GF_01448
official_genus_resolved422,5,GF_01449
official_genus_resolved422,5,GF_01456
official_genus_resolved422,5,GF_01458
official_genus_resolved422,5,GF_01460
official_genus_resolved422,5,GF_01461
official_genus_resolved422,5,GF_01462
official_genus_resolved422,5,GF_01466
official_genus_resolved422,5,GF_01476
official_genus_resolved422,5,GF_01477
official_genus_resolved422,5,GF_01479
official_genus_resolved422,5,GF_01480
official_genus_resolved422,5,GF_01487
official_genus_resolved422,5,GF_01502
official_genus_resolved422,5,GF_01512
official_genus_resolved422,5,GF_01527
official_genus_resolved422,5,GF_01534
official_genus_resolved422,5,GF_01536
official_genus_resolved422,5,GF_01538
official_genus_resolved422,5,GF_01539
official_genus_resolved422,5,GF_01540
official_genus_resolved422,5,GF_01541
official_genus_resolved422,5,GF_01542
official_genus_resolved422,5,GF_01544
official_genus_resolved422,5,GF_01547
official_genus_resolved422,5,GF_01549
official_genus_resolved422,5,GF_01552
official_genus_resolved422,5,GF_01553
official_genus_resolved422,5,GF_01579
official_genus_resolved422,5,GF_01580
official_genus_resolved422,5,GF_01583
official_genus_resolved422,5,GF_01584
official_genus_resolved422,5,GF_01591
official_genus_resolved422,5,GF_01592
official_genus_resolved422,5,GF_01616
official_genus_resolved422,5,GF_01617
official_genus_resolved422,5,GF_01618
official_genus_resolved422,5,GF_01619
official_genus_resolved422,5,GF_01620
official_genus_resolved422,5,GF_01621
official_genus_resolved422,5,GF_01623
official_genus_resolved422,5,GF_01625
official_genus_resolved422,5,GF_01626
official_genus_resolved422,5,GF_01627
official_genus_resolved422,5,GF_01628
official_genus_resolved422,5,GF_01629
official_genus_resolved422,5,GF_01634
official_genus_resolved422,5,GF_01636
official_genus_resolved422,5,GF_01637
official_genus_resolved422,5,GF_01638
official_genus_resolved422,5,GF_01639
official_genus_resolved422,5,GF_01641
official_genus_resolved422,5,GF_01648
official_genus_resolved422,5,GF_01661
official_genus_resolved422,5,GF_01673
official_genus_resolved422,5,GF_01674
official_genus_resolved422,5,GF_01675
official_genus_resolved422,5,GF_01676
official_genus_resolved422,5,GF_01677
official_genus_resolved422,5,GF_01678
official_genus_resolved422,5,GF_01679
official_genus_resolved422,5,GF_01680
official_genus_resolved422,5,GF_01681
official_genus_resolved422,5,GF_01683
official_genus_resolved422,5,GF_01684
official_genus_resolved422,5,GF_01685
official_genus_resolved422,5,GF_01688
official_genus_resolved422,5,GF_01689
official_genus_resolved422,5,GF_01690
official_genus_resolved422,5,GF_01691
official_genus_resolved422,5,GF_01692
official_genus_resolved422,5,GF_01693
official_genus_resolved422,5,GF_01732
official_genus_resolved422,5,GF_01733
official_genus_resolved422,5,GF_01734
official_genus_resolved422,5,GF_01735
official_genus_resolved422,5,GF_01736
official_genus_resolved422,5,GF_01740
official_genus_resolved422,5,GF_01741
official_genus_resolved422,5,GF_01742
official_genus_resolved422,5,GF_01745
official_genus_resolved422,5,GF_01763
official_genus_resolved422,5,GF_01783
official_genus_resolved422,5,GF_01799
official_genus_resolved422,5,GF_01801
official_genus_resolved422,5,GF_01802
official_genus_resolved422,5,GF_01803
official_genus_resolved422,5,GF_01805
official_genus_resolved422,5,GF_01806
official_genus_resolved422,5,GF_01807
official_genus_resolved422,5,GF_01808
official_genus_resolved422,5,GF_01809
official_genus_resolved422,5,GF_01810
official_genus_resolved422,5,GF_01811
official_genus_resolved422,5,GF_01812
official_genus_resolved422,5,GF_01813
official_genus_resolved422,5,GF_01814
official_genus_resolved422,5,GF_01815
official_genus_resolved422,5,GF_01816
official_genus_resolved422,5,GF_01818
official_genus_resolved422,5,GF_01819
official_genus_resolved422,5,GF_01822
official_genus_resolved422,5,GF_01823
official_genus_resolved422,5,GF_01834
official_genus_resolved422,5,GF_01836
official_genus_resolved422,5,GF_01837
official_genus_resolved422,5,GF_01840
official_genus_resolved422,5,GF_01841
official_genus_resolved422,5,GF_01844
official_genus_resolved422,5,GF_01856
official_genus_resolved422,5,GF_01860
official_genus_resolved422,5,GF_01866
official_genus_resolved422,5,GF_01870
official_genus_resolved422,5,GF_01872
official_genus_resolved422,5,GF_01885
official_genus_resolved422,5,GF_01897
official_genus_resolved422,5,GF_01898
official_genus_resolved422,5,GF_01899
official_genus_resolved422,5,GF_01900
official_genus_resolved422,5,GF_01901
official_genus_resolved422,5,GF_01902
official_genus_resolved422,5,GF_01904
official_genus_resolved422,5,GF_01919
official_genus_resolved422,5,GF_01921
official_genus_resolved422,5,GF_01923
official_genus_resolved422,5,GF_01925
official_genus_resolved422,5,GF_01926
official_genus_resolved422,5,GF_01927
official_genus_resolved422,5,GF_01928
official_genus_resolved422,5,GF_01929
official_genus_resolved422,5,GF_01930
official_genus_resolved422,5,GF_01945
official_genus_resolved422,5,GF_02041
official_genus_resolved422,5,GF_02059
official_genus_resolved422,5,GF_02060
official_genus_resolved422,5,GF_02069
official_genus_resolved422,5,GF_02070
official_genus_resolved422,5,GF_02071
official_genus_resolved422,5,GF_02072
official_genus_resolved422,5,GF_02075
official_genus_resolved422,5,GF_02076
official_genus_resolved422,5,GF_02085
official_genus_resolved422,5,GF_02088
official_genus_resolved422,5,GF_02089
official_genus_resolved422,5,GF_02091
official_genus_resolved422,5,GF_02092
official_genus_resolved422,5,GF_02093
official_genus_resolved422,5,GF_02094
official_genus_resolved422,5,GF_02101
official_genus_resolved422,5,GF_02110
official_genus_resolved422,5,GF_02113
official_genus_resolved422,5,GF_02122
official_genus_resolved422,5,GF_02130
official_genus_resolved422,5,GF_02131
official_genus_resolved422,5,GF_02136
official_genus_resolved422,5,GF_02137
official_genus_resolved422,5,GF_02138
official_genus_resolved422,5,GF_02139
official_genus_resolved422,5,GF_02140
official_genus_resolved422,5,GF_02141
official_genus_resolved422,5,GF_02142
official_genus_resolved422,5,GF_02143
official_genus_resolved422,5,GF_02145
official_genus_resolved422,5,GF_02152
official_genus_resolved422,5,GF_02157
official_genus_resolved422,5,GF_02158
official_genus_resolved422,5,GF_02159
official_genus_resolved422,5,GF_02172
official_genus_resolved422,5,GF_02178
official_genus_resolved422,5,GF_02180
official_genus_resolved422,5,GF_02184
official_genus_resolved422,5,GF_02215
official_genus_resolved422,5,GF_02216
official_genus_resolved422,5,GF_02217
official_genus_resolved422,5,GF_02218
official_genus_resolved422,5,GF_02219
official_genus_resolved422,5,GF_02220
official_genus_resolved422,5,GF_02222
official_genus_resolved422,5,GF_02223
official_genus_resolved422,5,GF_02224
official_genus_resolved422,5,GF_02225
official_genus_resolved422,5,GF_02226
official_genus_resolved422,5,GF_02227
official_genus_resolved422,5,GF_02228
official_genus_resolved422,5,GF_02230
official_genus_resolved422,5,GF_02260
official_genus_resolved422,5,GF_02261
official_genus_resolved422,5,GF_02262
official_genus_resolved422,5,GF_02263
official_genus_resolved422,5,GF_02264
official_genus_resolved422,5,GF_02266
official_genus_current_only,1,GF_00002
official_genus_current_only,1,GF_00008
official_genus_current_only,1,GF_00011
official_genus_current_only,1,GF_00012
official_genus_current_only,1,GF_00013
official_genus_current_only,1,GF_00014
official_genus_current_only,1,GF_00015
official_genus_current_only,1,GF_00017
official_genus_current_only,1,GF_00018
official_genus_current_only,1,GF_00036
official_genus_current_only,1,GF_00043
official_genus_current_only,1,GF_00044
official_genus_current_only,1,GF_00046
official_genus_current_only,1,GF_00047
official_genus_current_only,1,GF_00048
official_genus_current_only,1,GF_00049
official_genus_current_only,1,GF_00051
official_genus_current_only,1,GF_00052
official_genus_current_only,1,GF_00071
official_genus_current_only,1,GF_00072
official_genus_current_only,1,GF_00073
official_genus_current_only,1,GF_00074
official_genus_current_only,1,GF_00075
official_genus_current_only,1,GF_00077
official_genus_current_only,1,GF_00078
official_genus_current_only,1,GF_00079
official_genus_current_only,1,GF_00080
official_genus_current_only,1,GF_00081
official_genus_current_only,1,GF_00082
official_genus_current_only,1,GF_00083
official_genus_current_only,1,GF_00084
official_genus_current_only,1,GF_00085
official_genus_current_only,1,GF_00087
official_genus_current_only,1,GF_00088
official_genus_current_only,1,GF_00093
official_genus_current_only,1,GF_00094
official_genus_current_only,1,GF_00104
official_genus_current_only,1,GF_00105
official_genus_current_only,1,GF_00106
official_genus_current_only,1,GF_00107
official_genus_current_only,1,GF_00108
official_genus_current_only,1,GF_00109
official_genus_current_only,1,GF_00111
official_genus_current_only,1,GF_00112
official_genus_current_only,1,GF_00113
official_genus_current_only,1,GF_00114
official_genus_current_only,1,GF_00115
official_genus_current_only,1,GF_00120
official_genus_current_only,1,GF_00121
official_genus_current_only,1,GF_00122
official_genus_current_only,1,GF_00123
official_genus_current_only,1,GF_00124
official_genus_current_only,1,GF_00125
official_genus_current_only,1,GF_00136
official_genus_current_only,1,GF_00137
official_genus_current_only,1,GF_00138
official_genus_current_only,1,GF_00139
official_genus_current_only,1,GF_00141
official_genus_current_only,1,GF_00143
official_genus_current_only,1,GF_00155
official_genus_current_only,1,GF_00164
official_genus_current_only,1,GF_00170
official_genus_current_only,1,GF_00175
official_genus_current_only,1,GF_00178
official_genus_current_only,1,GF_00179
official_genus_current_only,1,GF_00180
official_genus_current_only,1,GF_00185
official_genus_current_only,1,GF_00220
official_genus_current_only,1,GF_00229
official_genus_current_only,1,GF_00235
official_genus_current_only,1,GF_00244
official_genus_current_only,1,GF_00251
official_genus_current_only,1,GF_00262
official_genus_current_only,1,GF_00281
official_genus_current_only,1,GF_00290
official_genus_current_only,1,GF_00296
official_genus_current_only,1,GF_00300
official_genus_current_only,1,GF_00302
official_genus_current_only,1,GF_00303
official_genus_current_only,1,GF_00305
official_genus_current_only,1,GF_00309
official_genus_current_only,1,GF_00310
official_genus_current_only,1,GF_00311
official_genus_current_only,1,GF_00312
official_genus_current_only,1,GF_00313
official_genus_current_only,1,GF_00314
official_genus_current_only,1,GF_00315
official_genus_current_only,1,GF_00316
official_genus_current_only,1,GF_00317
official_genus_current_only,1,GF_00318
official_genus_current_only,1,GF_00319
official_genus_current_only,1,GF_00320
official_genus_current_only,1,GF_00321
official_genus_current_only,1,GF_00323
official_genus_current_only,1,GF_00324
official_genus_current_only,1,GF_00325
official_genus_current_only,1,GF_00326
official_genus_current_only,1,GF_00327
official_genus_current_only,1,GF_00330
official_genus_current_only,1,GF_00331
official_genus_current_only,1,GF_00332
official_genus_current_only,1,GF_00333
official_genus_current_only,1,GF_00335
official_genus_current_only,1,GF_00336
official_genus_current_only,1,GF_00340
official_genus_current_only,1,GF_00341
official_genus_current_only,1,GF_00342
official_genus_current_only,1,GF_00343
official_genus_current_only,1,GF_00344
official_genus_current_only,1,GF_00346
official_genus_current_only,1,GF_00347
official_genus_current_only,1,GF_00348
official_genus_current_only,1,GF_00349
official_genus_current_only,1,GF_00350
official_genus_current_only,1,GF_00352
official_genus_current_only,1,GF_00353
official_genus_current_only,1,GF_00355
official_genus_current_only,1,GF_00358
official_genus_current_only,1,GF_00360
official_genus_current_only,1,GF_00362
official_genus_current_only,1,GF_00363
official_genus_current_only,1,GF_00364
official_genus_current_only,1,GF_00365
official_genus_current_only,1,GF_00369
official_genus_current_only,1,GF_00381
official_genus_current_only,1,GF_00384
official_genus_current_only,1,GF_00385
official_genus_current_only,1,GF_00386
official_genus_current_only,1,GF_00387
official_genus_current_only,1,GF_00388
official_genus_current_only,1,GF_00389
official_genus_current_only,1,GF_00390
official_genus_current_only,1,GF_00391
official_genus_current_only,1,GF_00393
official_genus_current_only,1,GF_00394
official_genus_current_only,1,GF_00395
official_genus_current_only,1,GF_00396
official_genus_current_only,1,GF_00400
official_genus_current_only,1,GF_00401
official_genus_current_only,1,GF_00402
official_genus_current_only,1,GF_00404
official_genus_current_only,1,GF_00405
official_genus_current_only,1,GF_00406
official_genus_current_only,1,GF_00407
official_genus_current_only,1,GF_00408
official_genus_current_only,1,GF_00409
official_genus_current_only,1,GF_00410
official_genus_current_only,1,GF_00413
official_genus_current_only,1,GF_00414
official_genus_current_only,1,GF_00415
official_genus_current_only,1,GF_00417
official_genus_current_only,1,GF_00418
official_genus_current_only,1,GF_00422
official_genus_current_only,1,GF_00424
official_genus_current_only,1,GF_00426
official_genus_current_only,1,GF_00427
official_genus_current_only,1,GF_00429
official_genus_current_only,1,GF_00430
official_genus_current_only,1,GF_00431
official_genus_current_only,1,GF_00432
official_genus_current_only,1,GF_00433
official_genus_current_only,1,GF_00434
official_genus_current_only,1,GF_00435
official_genus_current_only,1,GF_00436
official_genus_current_only,1,GF_00438
official_genus_current_only,1,GF_00440
official_genus_current_only,1,GF_00455
official_genus_current_only,1,GF_00457
official_genus_current_only,1,GF_00471
official_genus_current_only,1,GF_00477
official_genus_current_only,1,GF_00488
official_genus_current_only,1,GF_00503
official_genus_current_only,1,GF_00522
official_genus_current_only,1,GF_00523
official_genus_current_only,1,GF_00524
official_genus_current_only,1,GF_00525
official_genus_current_only,1,GF_00527
official_genus_current_only,1,GF_00528
official_genus_current_only,1,GF_00529
official_genus_current_only,1,GF_00530
official_genus_current_only,1,GF_00531
official_genus_current_only,1,GF_00536
official_genus_current_only,1,GF_00538
official_genus_current_only,1,GF_00546
official_genus_current_only,1,GF_00547
official_genus_current_only,1,GF_00548
official_genus_current_only,1,GF_00549
official_genus_current_only,1,GF_00564
official_genus_current_only,1,GF_00565
official_genus_current_only,1,GF_00566
official_genus_current_only,1,GF_00569
official_genus_current_only,1,GF_00570
official_genus_current_only,1,GF_00580
official_genus_current_only,1,GF_00588
official_genus_current_only,1,GF_00594
official_genus_current_only,1,GF_00595
official_genus_current_only,1,GF_00599
official_genus_current_only,1,GF_00600
official_genus_current_only,1,GF_00601
official_genus_current_only,1,GF_00603
official_genus_current_only,1,GF_00604
official_genus_current_only,1,GF_00605
official_genus_current_only,1,GF_00606
official_genus_current_only,1,GF_00607
official_genus_current_only,1,GF_00608
official_genus_current_only,1,GF_00609
official_genus_current_only,1,GF_00611
official_genus_current_only,1,GF_00612
official_genus_current_only,1,GF_00613
official_genus_current_only,1,GF_00614
official_genus_current_only,1,GF_00615
official_genus_current_only,1,GF_00616
official_genus_current_only,1,GF_00617
official_genus_current_only,1,GF_00618
official_genus_current_only,1,GF_00619
official_genus_current_only,1,GF_00622
official_genus_current_only,1,GF_00623
official_genus_current_only,1,GF_00624
official_genus_current_only,1,GF_00632
official_genus_current_only,1,GF_00633
official_genus_current_only,1,GF_00635
official_genus_current_only,1,GF_00636
official_genus_current_only,1,GF_00637
official_genus_current_only,1,GF_00638
official_genus_current_only,1,GF_00642
official_genus_current_only,1,GF_00643
official_genus_current_only,1,GF_00655
official_genus_current_only,1,GF_00658
official_genus_current_only,1,GF_00661
official_genus_current_only,1,GF_00669
official_genus_current_only,1,GF_00681
official_genus_current_only,1,GF_00682
official_genus_current_only,1,GF_00684
official_genus_current_only,1,GF_00687
official_genus_current_only,1,GF_00688
official_genus_current_only,1,GF_00699
official_genus_current_only,1,GF_00702
official_genus_current_only,1,GF_00723
official_genus_current_only,1,GF_00725
official_genus_current_only,1,GF_00726
official_genus_current_only,1,GF_00727
official_genus_current_only,1,GF_00728
official_genus_current_only,1,GF_00729
official_genus_current_only,1,GF_00736
official_genus_current_only,1,GF_00740
official_genus_current_only,1,GF_00741
official_genus_current_only,1,GF_00744
official_genus_current_only,1,GF_00751
official_genus_current_only,1,GF_00755
official_genus_current_only,1,GF_00756
official_genus_current_only,1,GF_00761
official_genus_current_only,1,GF_00771
official_genus_current_only,1,GF_00773
official_genus_current_only,1,GF_00776
official_genus_current_only,1,GF_00777
official_genus_current_only,1,GF_00796
official_genus_current_only,1,GF_00810
official_genus_current_only,1,GF_00811
official_genus_current_only,1,GF_00814
official_genus_current_only,1,GF_00816
official_genus_current_only,1,GF_00819
official_genus_current_only,1,GF_00828
official_genus_current_only,1,GF_00843
official_genus_current_only,1,GF_00845
official_genus_current_only,1,GF_00856
official_genus_current_only,1,GF_00857
official_genus_current_only,1,GF_00860
official_genus_current_only,1,GF_00864
official_genus_current_only,1,GF_00866
official_genus_current_only,1,GF_00868
official_genus_current_only,1,GF_00869
official_genus_current_only,1,GF_00870
official_genus_current_only,1,GF_00871
official_genus_current_only,1,GF_00872
official_genus_current_only,1,GF_00873
official_genus_current_only,1,GF_00874
official_genus_current_only,1,GF_00888
official_genus_current_only,1,GF_00895
official_genus_current_only,1,GF_00916
official_genus_current_only,1,GF_00927
official_genus_current_only,1,GF_00931
official_genus_current_only,1,GF_00932
official_genus_current_only,1,GF_00933
official_genus_current_only,1,GF_00946
official_genus_current_only,1,GF_00947
official_genus_current_only,1,GF_00949
official_genus_current_only,1,GF_00957
official_genus_current_only,1,GF_00958
official_genus_current_only,1,GF_00959
official_genus_current_only,1,GF_00960
official_genus_current_only,1,GF_00963
official_genus_current_only,1,GF_00966
official_genus_current_only,1,GF_00968
official_genus_current_only,1,GF_00969
official_genus_current_only,1,GF_00970
official_genus_current_only,1,GF_00971
official_genus_current_only,1,GF_00982
official_genus_current_only,1,GF_01004
official_genus_current_only,1,GF_01005
official_genus_current_only,1,GF_01026
official_genus_current_only,1,GF_01028
official_genus_current_only,1,GF_01054
official_genus_current_only,1,GF_01230
official_genus_current_only,1,GF_01231
official_genus_current_only,1,GF_01232
official_genus_current_only,1,GF_01233
official_genus_current_only,1,GF_01234
official_genus_current_only,1,GF_01235
official_genus_current_only,1,GF_01236
official_genus_current_only,1,GF_01237
official_genus_current_only,1,GF_01239
official_genus_current_only,1,GF_01240
official_genus_current_only,1,GF_01241
official_genus_current_only,1,GF_01242
official_genus_current_only,1,GF_01244
official_genus_current_only,1,GF_01245
official_genus_current_only,1,GF_01246
official_genus_current_only,1,GF_01247
official_genus_current_only,1,GF_01248
official_genus_current_only,1,GF_01266
official_genus_current_only,1,GF_01287
official_genus_current_only,1,GF_01290
official_genus_current_only,1,GF_01291
official_genus_current_only,1,GF_01292
official_genus_current_only,1,GF_01293
official_genus_current_only,1,GF_01297
official_genus_current_only,1,GF_01306
official_genus_current_only,1,GF_01314
official_genus_current_only,1,GF_01315
official_genus_current_only,1,GF_01327
official_genus_current_only,1,GF_01329
official_genus_current_only,1,GF_01330
official_genus_current_only,1,GF_01331
official_genus_current_only,1,GF_01332
official_genus_current_only,1,GF_01333
official_genus_current_only,1,GF_01336
official_genus_current_only,1,GF_01338
official_genus_current_only,1,GF_01359
official_genus_current_only,1,GF_01372
official_genus_current_only,1,GF_01374
official_genus_current_only,1,GF_01375
official_genus_current_only,1,GF_01376
official_genus_current_only,1,GF_01377
official_genus_current_only,1,GF_01379
official_genus_current_only,1,GF_01381
official_genus_current_only,1,GF_01382
official_genus_current_only,1,GF_01383
official_genus_current_only,1,GF_01385
official_genus_current_only,1,GF_01387
official_genus_current_only,1,GF_01390
official_genus_current_only,1,GF_01391
official_genus_current_only,1,GF_01393
official_genus_current_only,1,GF_01394
official_genus_current_only,1,GF_01395
official_genus_current_only,1,GF_01396
official_genus_current_only,1,GF_01397
official_genus_current_only,1,GF_01399
official_genus_current_only,1,GF_01400
official_genus_current_only,1,GF_01401
official_genus_current_only,1,GF_01409
official_genus_current_only,1,GF_01425
official_genus_current_only,1,GF_01426
official_genus_current_only,1,GF_01439
official_genus_current_only,1,GF_01445
official_genus_current_only,1,GF_01446
official_genus_current_only,1,GF_01449
official_genus_current_only,1,GF_01456
official_genus_current_only,1,GF_01458
official_genus_current_only,1,GF_01460
official_genus_current_only,1,GF_01461
official_genus_current_only,1,GF_01462
official_genus_current_only,1,GF_01476
official_genus_current_only,1,GF_01477
official_genus_current_only,1,GF_01479
official_genus_current_only,1,GF_01481
official_genus_current_only,1,GF_01487
official_genus_current_only,1,GF_01502
official_genus_current_only,1,GF_01504
official_genus_current_only,1,GF_01512
official_genus_current_only,1,GF_01527
official_genus_current_only,1,GF_01534
official_genus_current_only,1,GF_01536
official_genus_current_only,1,GF_01538
official_genus_current_only,1,GF_01539
official_genus_current_only,1,GF_01540
official_genus_current_only,1,GF_01541
official_genus_current_only,1,GF_01542
official_genus_current_only,1,GF_01544
official_genus_current_only,1,GF_01547
official_genus_current_only,1,GF_01549
official_genus_current_only,1,GF_01552
official_genus_current_only,1,GF_01553
official_genus_current_only,1,GF_01579
official_genus_current_only,1,GF_01580
official_genus_current_only,1,GF_01583
official_genus_current_only,1,GF_01584
official_genus_current_only,1,GF_01591
official_genus_current_only,1,GF_01592
official_genus_current_only,1,GF_01617
official_genus_current_only,1,GF_01618
official_genus_current_only,1,GF_01619
official_genus_current_only,1,GF_01620
official_genus_current_only,1,GF_01621
official_genus_current_only,1,GF_01623
official_genus_current_only,1,GF_01625
official_genus_current_only,1,GF_01626
official_genus_current_only,1,GF_01627
official_genus_current_only,1,GF_01628
official_genus_current_only,1,GF_01629
official_genus_current_only,1,GF_01636
official_genus_current_only,1,GF_01637
official_genus_current_only,1,GF_01638
official_genus_current_only,1,GF_01641
official_genus_current_only,1,GF_01643
official_genus_current_only,1,GF_01648
official_genus_current_only,1,GF_01661
official_genus_current_only,1,GF_01673
official_genus_current_only,1,GF_01674
official_genus_current_only,1,GF_01676
official_genus_current_only,1,GF_01677
official_genus_current_only,1,GF_01678
official_genus_current_only,1,GF_01679
official_genus_current_only,1,GF_01680
official_genus_current_only,1,GF_01681
official_genus_current_only,1,GF_01683
official_genus_current_only,1,GF_01684
official_genus_current_only,1,GF_01685
official_genus_current_only,1,GF_01689
official_genus_current_only,1,GF_01690
official_genus_current_only,1,GF_01691
official_genus_current_only,1,GF_01692
official_genus_current_only,1,GF_01693
official_genus_current_only,1,GF_01732
official_genus_current_only,1,GF_01733
official_genus_current_only,1,GF_01734
official_genus_current_only,1,GF_01735
official_genus_current_only,1,GF_01736
official_genus_current_only,1,GF_01737
official_genus_current_only,1,GF_01741
official_genus_current_only,1,GF_01742
official_genus_current_only,1,GF_01745
official_genus_current_only,1,GF_01763
official_genus_current_only,1,GF_01783
official_genus_current_only,1,GF_01799
official_genus_current_only,1,GF_01802
official_genus_current_only,1,GF_01805
official_genus_current_only,1,GF_01806
official_genus_current_only,1,GF_01807
official_genus_current_only,1,GF_01808
official_genus_current_only,1,GF_01809
official_genus_current_only,1,GF_01810
official_genus_current_only,1,GF_01811
official_genus_current_only,1,GF_01812
official_genus_current_only,1,GF_01813
official_genus_current_only,1,GF_01814
official_genus_current_only,1,GF_01815
official_genus_current_only,1,GF_01816
official_genus_current_only,1,GF_01818
official_genus_current_only,1,GF_01819
official_genus_current_only,1,GF_01822
official_genus_current_only,1,GF_01834
official_genus_current_only,1,GF_01836
official_genus_current_only,1,GF_01837
official_genus_current_only,1,GF_01840
official_genus_current_only,1,GF_01841
official_genus_current_only,1,GF_01844
official_genus_current_only,1,GF_01856
official_genus_current_only,1,GF_01860
official_genus_current_only,1,GF_01870
official_genus_current_only,1,GF_01872
official_genus_current_only,1,GF_01897
official_genus_current_only,1,GF_01898
official_genus_current_only,1,GF_01899
official_genus_current_only,1,GF_01900
official_genus_current_only,1,GF_01901
official_genus_current_only,1,GF_01902
official_genus_current_only,1,GF_01904
official_genus_current_only,1,GF_01921
official_genus_current_only,1,GF_01925
official_genus_current_only,1,GF_01926
official_genus_current_only,1,GF_01927
official_genus_current_only,1,GF_01928
official_genus_current_only,1,GF_01929
official_genus_current_only,1,GF_01930
official_genus_current_only,1,GF_01945
official_genus_current_only,1,GF_02041
official_genus_current_only,1,GF_02059
official_genus_current_only,1,GF_02060
official_genus_current_only,1,GF_02069
official_genus_current_only,1,GF_02070
official_genus_current_only,1,GF_02071
official_genus_current_only,1,GF_02072
official_genus_current_only,1,GF_02074
official_genus_current_only,1,GF_02075
official_genus_current_only,1,GF_02076
official_genus_current_only,1,GF_02085
official_genus_current_only,1,GF_02088
official_genus_current_only,1,GF_02089
official_genus_current_only,1,GF_02091
official_genus_current_only,1,GF_02092
official_genus_current_only,1,GF_02093
official_genus_current_only,1,GF_02094
official_genus_current_only,1,GF_02101
official_genus_current_only,1,GF_02109
official_genus_current_only,1,GF_02113
official_genus_current_only,1,GF_02122
official_genus_current_only,1,GF_02130
official_genus_current_only,1,GF_02131
official_genus_current_only,1,GF_02136
official_genus_current_only,1,GF_02137
official_genus_current_only,1,GF_02138
official_genus_current_only,1,GF_02139
official_genus_current_only,1,GF_02140
official_genus_current_only,1,GF_02141
official_genus_current_only,1,GF_02142
official_genus_current_only,1,GF_02143
official_genus_current_only,1,GF_02145
official_genus_current_only,1,GF_02152
official_genus_current_only,1,GF_02157
official_genus_current_only,1,GF_02158
official_genus_current_only,1,GF_02168
official_genus_current_only,1,GF_02172
official_genus_current_only,1,GF_02178
official_genus_current_only,1,GF_02180
official_genus_current_only,1,GF_02184
official_genus_current_only,1,GF_02216
official_genus_current_only,1,GF_02217
official_genus_current_only,1,GF_02218
official_genus_current_only,1,GF_02219
official_genus_current_only,1,GF_02220
official_genus_current_only,1,GF_02223
official_genus_current_only,1,GF_02225
official_genus_current_only,1,GF_02226
official_genus_current_only,1,GF_02227
official_genus_current_only,1,GF_02228
official_genus_current_only,1,GF_02229
official_genus_current_only,1,GF_02230
official_genus_current_only,1,GF_02260
official_genus_current_only,1,GF_02262
official_genus_current_only,1,GF_02263
official_genus_current_only,1,GF_02264
official_genus_current_only,1,GF_02266
official_genus_current_only,2,GF_00002
official_genus_current_only,2,GF_00008
official_genus_current_only,2,GF_00011
official_genus_current_only,2,GF_00012
official_genus_current_only,2,GF_00013
official_genus_current_only,2,GF_00014
official_genus_current_only,2,GF_00015
official_genus_current_only,2,GF_00017
official_genus_current_only,2,GF_00018
official_genus_current_only,2,GF_00036
official_genus_current_only,2,GF_00043
official_genus_current_only,2,GF_00044
official_genus_current_only,2,GF_00046
official_genus_current_only,2,GF_00047
official_genus_current_only,2,GF_00048
official_genus_current_only,2,GF_00049
official_genus_current_only,2,GF_00051
official_genus_current_only,2,GF_00052
official_genus_current_only,2,GF_00071
official_genus_current_only,2,GF_00072
official_genus_current_only,2,GF_00073
official_genus_current_only,2,GF_00074
official_genus_current_only,2,GF_00075
official_genus_current_only,2,GF_00076
official_genus_current_only,2,GF_00077
official_genus_current_only,2,GF_00078
official_genus_current_only,2,GF_00079
official_genus_current_only,2,GF_00080
official_genus_current_only,2,GF_00081
official_genus_current_only,2,GF_00082
official_genus_current_only,2,GF_00083
official_genus_current_only,2,GF_00084
official_genus_current_only,2,GF_00085
official_genus_current_only,2,GF_00087
official_genus_current_only,2,GF_00088
official_genus_current_only,2,GF_00093
official_genus_current_only,2,GF_00094
official_genus_current_only,2,GF_00104
official_genus_current_only,2,GF_00105
official_genus_current_only,2,GF_00106
official_genus_current_only,2,GF_00107
official_genus_current_only,2,GF_00108
official_genus_current_only,2,GF_00109
official_genus_current_only,2,GF_00110
official_genus_current_only,2,GF_00111
official_genus_current_only,2,GF_00112
official_genus_current_only,2,GF_00113
official_genus_current_only,2,GF_00114
official_genus_current_only,2,GF_00115
official_genus_current_only,2,GF_00116
official_genus_current_only,2,GF_00117
official_genus_current_only,2,GF_00119
official_genus_current_only,2,GF_00120
official_genus_current_only,2,GF_00121
official_genus_current_only,2,GF_00122
official_genus_current_only,2,GF_00123
official_genus_current_only,2,GF_00124
official_genus_current_only,2,GF_00125
official_genus_current_only,2,GF_00136
official_genus_current_only,2,GF_00137
official_genus_current_only,2,GF_00138
official_genus_current_only,2,GF_00139
official_genus_current_only,2,GF_00141
official_genus_current_only,2,GF_00142
official_genus_current_only,2,GF_00143
official_genus_current_only,2,GF_00155
official_genus_current_only,2,GF_00164
official_genus_current_only,2,GF_00170
official_genus_current_only,2,GF_00175
official_genus_current_only,2,GF_00178
official_genus_current_only,2,GF_00179
official_genus_current_only,2,GF_00180
official_genus_current_only,2,GF_00181
official_genus_current_only,2,GF_00185
official_genus_current_only,2,GF_00208
official_genus_current_only,2,GF_00220
official_genus_current_only,2,GF_00228
official_genus_current_only,2,GF_00229
official_genus_current_only,2,GF_00235
official_genus_current_only,2,GF_00244
official_genus_current_only,2,GF_00251
official_genus_current_only,2,GF_00262
official_genus_current_only,2,GF_00281
official_genus_current_only,2,GF_00290
official_genus_current_only,2,GF_00296
official_genus_current_only,2,GF_00300
official_genus_current_only,2,GF_00302
official_genus_current_only,2,GF_00303
official_genus_current_only,2,GF_00305
official_genus_current_only,2,GF_00309
official_genus_current_only,2,GF_00311
official_genus_current_only,2,GF_00312
official_genus_current_only,2,GF_00313
official_genus_current_only,2,GF_00314
official_genus_current_only,2,GF_00315
official_genus_current_only,2,GF_00316
official_genus_current_only,2,GF_00317
official_genus_current_only,2,GF_00318
official_genus_current_only,2,GF_00319
official_genus_current_only,2,GF_00320
official_genus_current_only,2,GF_00321
official_genus_current_only,2,GF_00322
official_genus_current_only,2,GF_00323
official_genus_current_only,2,GF_00324
official_genus_current_only,2,GF_00325
official_genus_current_only,2,GF_00326
official_genus_current_only,2,GF_00327
official_genus_current_only,2,GF_00329
official_genus_current_only,2,GF_00330
official_genus_current_only,2,GF_00331
official_genus_current_only,2,GF_00332
official_genus_current_only,2,GF_00333
official_genus_current_only,2,GF_00335
official_genus_current_only,2,GF_00336
official_genus_current_only,2,GF_00338
official_genus_current_only,2,GF_00339
official_genus_current_only,2,GF_00340
official_genus_current_only,2,GF_00341
official_genus_current_only,2,GF_00342
official_genus_current_only,2,GF_00343
official_genus_current_only,2,GF_00344
official_genus_current_only,2,GF_00346
official_genus_current_only,2,GF_00347
official_genus_current_only,2,GF_00348
official_genus_current_only,2,GF_00349
official_genus_current_only,2,GF_00350
official_genus_current_only,2,GF_00351
official_genus_current_only,2,GF_00352
official_genus_current_only,2,GF_00353
official_genus_current_only,2,GF_00355
official_genus_current_only,2,GF_00358
official_genus_current_only,2,GF_00360
official_genus_current_only,2,GF_00362
official_genus_current_only,2,GF_00363
official_genus_current_only,2,GF_00364
official_genus_current_only,2,GF_00365
official_genus_current_only,2,GF_00369
official_genus_current_only,2,GF_00381
official_genus_current_only,2,GF_00384
official_genus_current_only,2,GF_00385
official_genus_current_only,2,GF_00386
official_genus_current_only,2,GF_00387
official_genus_current_only,2,GF_00388
official_genus_current_only,2,GF_00389
official_genus_current_only,2,GF_00390
official_genus_current_only,2,GF_00391
official_genus_current_only,2,GF_00393
official_genus_current_only,2,GF_00395
official_genus_current_only,2,GF_00396
official_genus_current_only,2,GF_00400
official_genus_current_only,2,GF_00401
official_genus_current_only,2,GF_00402
official_genus_current_only,2,GF_00403
official_genus_current_only,2,GF_00404
official_genus_current_only,2,GF_00405
official_genus_current_only,2,GF_00406
official_genus_current_only,2,GF_00407
official_genus_current_only,2,GF_00408
official_genus_current_only,2,GF_00409
official_genus_current_only,2,GF_00410
official_genus_current_only,2,GF_00413
official_genus_current_only,2,GF_00414
official_genus_current_only,2,GF_00415
official_genus_current_only,2,GF_00417
official_genus_current_only,2,GF_00418
official_genus_current_only,2,GF_00421
official_genus_current_only,2,GF_00422
official_genus_current_only,2,GF_00424
official_genus_current_only,2,GF_00426
official_genus_current_only,2,GF_00427
official_genus_current_only,2,GF_00428
official_genus_current_only,2,GF_00429
official_genus_current_only,2,GF_00430
official_genus_current_only,2,GF_00431
official_genus_current_only,2,GF_00432
official_genus_current_only,2,GF_00433
official_genus_current_only,2,GF_00434
official_genus_current_only,2,GF_00435
official_genus_current_only,2,GF_00436
official_genus_current_only,2,GF_00438
official_genus_current_only,2,GF_00439
official_genus_current_only,2,GF_00440
official_genus_current_only,2,GF_00441
official_genus_current_only,2,GF_00455
official_genus_current_only,2,GF_00456
official_genus_current_only,2,GF_00457
official_genus_current_only,2,GF_00458
official_genus_current_only,2,GF_00460
official_genus_current_only,2,GF_00471
official_genus_current_only,2,GF_00472
official_genus_current_only,2,GF_00477
official_genus_current_only,2,GF_00480
official_genus_current_only,2,GF_00482
official_genus_current_only,2,GF_00488
official_genus_current_only,2,GF_00489
official_genus_current_only,2,GF_00503
official_genus_current_only,2,GF_00522
official_genus_current_only,2,GF_00523
official_genus_current_only,2,GF_00524
official_genus_current_only,2,GF_00525
official_genus_current_only,2,GF_00527
official_genus_current_only,2,GF_00528
official_genus_current_only,2,GF_00529
official_genus_current_only,2,GF_00530
official_genus_current_only,2,GF_00531
official_genus_current_only,2,GF_00536
official_genus_current_only,2,GF_00538
official_genus_current_only,2,GF_00546
official_genus_current_only,2,GF_00547
official_genus_current_only,2,GF_00548
official_genus_current_only,2,GF_00549
official_genus_current_only,2,GF_00564
official_genus_current_only,2,GF_00565
official_genus_current_only,2,GF_00566
official_genus_current_only,2,GF_00569
official_genus_current_only,2,GF_00570
official_genus_current_only,2,GF_00572
official_genus_current_only,2,GF_00574
official_genus_current_only,2,GF_00578
official_genus_current_only,2,GF_00580
official_genus_current_only,2,GF_00588
official_genus_current_only,2,GF_00594
official_genus_current_only,2,GF_00595
official_genus_current_only,2,GF_00599
official_genus_current_only,2,GF_00600
official_genus_current_only,2,GF_00601
official_genus_current_only,2,GF_00603
official_genus_current_only,2,GF_00604
official_genus_current_only,2,GF_00605
official_genus_current_only,2,GF_00606
official_genus_current_only,2,GF_00607
official_genus_current_only,2,GF_00608
official_genus_current_only,2,GF_00609
official_genus_current_only,2,GF_00611
official_genus_current_only,2,GF_00612
official_genus_current_only,2,GF_00613
official_genus_current_only,2,GF_00614
official_genus_current_only,2,GF_00615
official_genus_current_only,2,GF_00617
official_genus_current_only,2,GF_00618
official_genus_current_only,2,GF_00619
official_genus_current_only,2,GF_00620
official_genus_current_only,2,GF_00621
official_genus_current_only,2,GF_00622
official_genus_current_only,2,GF_00623
official_genus_current_only,2,GF_00624
official_genus_current_only,2,GF_00632
official_genus_current_only,2,GF_00633
official_genus_current_only,2,GF_00635
official_genus_current_only,2,GF_00636
official_genus_current_only,2,GF_00637
official_genus_current_only,2,GF_00638
official_genus_current_only,2,GF_00640
official_genus_current_only,2,GF_00641
official_genus_current_only,2,GF_00642
official_genus_current_only,2,GF_00643
official_genus_current_only,2,GF_00655
official_genus_current_only,2,GF_00658
official_genus_current_only,2,GF_00659
official_genus_current_only,2,GF_00661
official_genus_current_only,2,GF_00669
official_genus_current_only,2,GF_00676
official_genus_current_only,2,GF_00680
official_genus_current_only,2,GF_00681
official_genus_current_only,2,GF_00682
official_genus_current_only,2,GF_00683
official_genus_current_only,2,GF_00684
official_genus_current_only,2,GF_00685
official_genus_current_only,2,GF_00687
official_genus_current_only,2,GF_00688
official_genus_current_only,2,GF_00695
official_genus_current_only,2,GF_00699
official_genus_current_only,2,GF_00702
official_genus_current_only,2,GF_00709
official_genus_current_only,2,GF_00722
official_genus_current_only,2,GF_00723
official_genus_current_only,2,GF_00724
official_genus_current_only,2,GF_00725
official_genus_current_only,2,GF_00726
official_genus_current_only,2,GF_00727
official_genus_current_only,2,GF_00728
official_genus_current_only,2,GF_00729
official_genus_current_only,2,GF_00732
official_genus_current_only,2,GF_00736
official_genus_current_only,2,GF_00740
official_genus_current_only,2,GF_00741
official_genus_current_only,2,GF_00744
official_genus_current_only,2,GF_00751
official_genus_current_only,2,GF_00755
official_genus_current_only,2,GF_00756
official_genus_current_only,2,GF_00761
official_genus_current_only,2,GF_00771
official_genus_current_only,2,GF_00773
official_genus_current_only,2,GF_00776
official_genus_current_only,2,GF_00777
official_genus_current_only,2,GF_00785
official_genus_current_only,2,GF_00796
official_genus_current_only,2,GF_00810
official_genus_current_only,2,GF_00811
official_genus_current_only,2,GF_00813
official_genus_current_only,2,GF_00814
official_genus_current_only,2,GF_00815
official_genus_current_only,2,GF_00816
official_genus_current_only,2,GF_00819
official_genus_current_only,2,GF_00828
official_genus_current_only,2,GF_00843
official_genus_current_only,2,GF_00845
official_genus_current_only,2,GF_00856
official_genus_current_only,2,GF_00857
official_genus_current_only,2,GF_00860
official_genus_current_only,2,GF_00864
official_genus_current_only,2,GF_00866
official_genus_current_only,2,GF_00868
official_genus_current_only,2,GF_00869
official_genus_current_only,2,GF_00870
official_genus_current_only,2,GF_00873
official_genus_current_only,2,GF_00874
official_genus_current_only,2,GF_00888
official_genus_current_only,2,GF_00895
official_genus_current_only,2,GF_00916
official_genus_current_only,2,GF_00927
official_genus_current_only,2,GF_00931
official_genus_current_only,2,GF_00932
official_genus_current_only,2,GF_00933
official_genus_current_only,2,GF_00946
official_genus_current_only,2,GF_00947
official_genus_current_only,2,GF_00949
official_genus_current_only,2,GF_00957
official_genus_current_only,2,GF_00958
official_genus_current_only,2,GF_00960
official_genus_current_only,2,GF_00966
official_genus_current_only,2,GF_00968
official_genus_current_only,2,GF_00969
official_genus_current_only,2,GF_00970
official_genus_current_only,2,GF_00971
official_genus_current_only,2,GF_00972
official_genus_current_only,2,GF_00982
official_genus_current_only,2,GF_01004
official_genus_current_only,2,GF_01005
official_genus_current_only,2,GF_01012
official_genus_current_only,2,GF_01026
official_genus_current_only,2,GF_01027
official_genus_current_only,2,GF_01028
official_genus_current_only,2,GF_01054
official_genus_current_only,2,GF_01230
official_genus_current_only,2,GF_01231
official_genus_current_only,2,GF_01233
official_genus_current_only,2,GF_01234
official_genus_current_only,2,GF_01235
official_genus_current_only,2,GF_01236
official_genus_current_only,2,GF_01237
official_genus_current_only,2,GF_01239
official_genus_current_only,2,GF_01240
official_genus_current_only,2,GF_01241
official_genus_current_only,2,GF_01242
official_genus_current_only,2,GF_01245
official_genus_current_only,2,GF_01246
official_genus_current_only,2,GF_01248
official_genus_current_only,2,GF_01266
official_genus_current_only,2,GF_01287
official_genus_current_only,2,GF_01290
official_genus_current_only,2,GF_01291
official_genus_current_only,2,GF_01292
official_genus_current_only,2,GF_01293
official_genus_current_only,2,GF_01297
official_genus_current_only,2,GF_01306
official_genus_current_only,2,GF_01314
official_genus_current_only,2,GF_01315
official_genus_current_only,2,GF_01327
official_genus_current_only,2,GF_01328
official_genus_current_only,2,GF_01329
official_genus_current_only,2,GF_01330
official_genus_current_only,2,GF_01331
official_genus_current_only,2,GF_01332
official_genus_current_only,2,GF_01333
official_genus_current_only,2,GF_01334
official_genus_current_only,2,GF_01336
official_genus_current_only,2,GF_01337
official_genus_current_only,2,GF_01338
official_genus_current_only,2,GF_01359
official_genus_current_only,2,GF_01372
official_genus_current_only,2,GF_01374
official_genus_current_only,2,GF_01375
official_genus_current_only,2,GF_01376
official_genus_current_only,2,GF_01377
official_genus_current_only,2,GF_01378
official_genus_current_only,2,GF_01379
official_genus_current_only,2,GF_01381
official_genus_current_only,2,GF_01382
official_genus_current_only,2,GF_01383
official_genus_current_only,2,GF_01385
official_genus_current_only,2,GF_01387
official_genus_current_only,2,GF_01390
official_genus_current_only,2,GF_01391
official_genus_current_only,2,GF_01393
official_genus_current_only,2,GF_01394
official_genus_current_only,2,GF_01395
official_genus_current_only,2,GF_01396
official_genus_current_only,2,GF_01397
official_genus_current_only,2,GF_01399
official_genus_current_only,2,GF_01400
official_genus_current_only,2,GF_01401
official_genus_current_only,2,GF_01404
official_genus_current_only,2,GF_01409
official_genus_current_only,2,GF_01425
official_genus_current_only,2,GF_01426
official_genus_current_only,2,GF_01428
official_genus_current_only,2,GF_01439
official_genus_current_only,2,GF_01445
official_genus_current_only,2,GF_01446
official_genus_current_only,2,GF_01447
official_genus_current_only,2,GF_01448
official_genus_current_only,2,GF_01449
official_genus_current_only,2,GF_01456
official_genus_current_only,2,GF_01458
official_genus_current_only,2,GF_01460
official_genus_current_only,2,GF_01461
official_genus_current_only,2,GF_01462
official_genus_current_only,2,GF_01464
official_genus_current_only,2,GF_01466
official_genus_current_only,2,GF_01477
official_genus_current_only,2,GF_01479
official_genus_current_only,2,GF_01480
official_genus_current_only,2,GF_01481
official_genus_current_only,2,GF_01487
official_genus_current_only,2,GF_01502
official_genus_current_only,2,GF_01504
official_genus_current_only,2,GF_01512
official_genus_current_only,2,GF_01514
official_genus_current_only,2,GF_01527
official_genus_current_only,2,GF_01534
official_genus_current_only,2,GF_01535
official_genus_current_only,2,GF_01536
official_genus_current_only,2,GF_01537
official_genus_current_only,2,GF_01538
official_genus_current_only,2,GF_01539
official_genus_current_only,2,GF_01540
official_genus_current_only,2,GF_01541
official_genus_current_only,2,GF_01542
official_genus_current_only,2,GF_01544
official_genus_current_only,2,GF_01547
official_genus_current_only,2,GF_01549
official_genus_current_only,2,GF_01550
official_genus_current_only,2,GF_01552
official_genus_current_only,2,GF_01553
official_genus_current_only,2,GF_01579
official_genus_current_only,2,GF_01580
official_genus_current_only,2,GF_01583
official_genus_current_only,2,GF_01584
official_genus_current_only,2,GF_01591
official_genus_current_only,2,GF_01592
official_genus_current_only,2,GF_01616
official_genus_current_only,2,GF_01617
official_genus_current_only,2,GF_01618
official_genus_current_only,2,GF_01619
official_genus_current_only,2,GF_01620
official_genus_current_only,2,GF_01621
official_genus_current_only,2,GF_01623
official_genus_current_only,2,GF_01625
official_genus_current_only,2,GF_01626
official_genus_current_only,2,GF_01627
official_genus_current_only,2,GF_01629
official_genus_current_only,2,GF_01634
official_genus_current_only,2,GF_01636
official_genus_current_only,2,GF_01637
official_genus_current_only,2,GF_01638
official_genus_current_only,2,GF_01639
official_genus_current_only,2,GF_01641
official_genus_current_only,2,GF_01643
official_genus_current_only,2,GF_01648
official_genus_current_only,2,GF_01661
official_genus_current_only,2,GF_01672
official_genus_current_only,2,GF_01673
official_genus_current_only,2,GF_01674
official_genus_current_only,2,GF_01675
official_genus_current_only,2,GF_01676
official_genus_current_only,2,GF_01677
official_genus_current_only,2,GF_01678
official_genus_current_only,2,GF_01679
official_genus_current_only,2,GF_01680
official_genus_current_only,2,GF_01681
official_genus_current_only,2,GF_01683
official_genus_current_only,2,GF_01684
official_genus_current_only,2,GF_01685
official_genus_current_only,2,GF_01688
official_genus_current_only,2,GF_01689
official_genus_current_only,2,GF_01690
official_genus_current_only,2,GF_01691
official_genus_current_only,2,GF_01692
official_genus_current_only,2,GF_01693
official_genus_current_only,2,GF_01732
official_genus_current_only,2,GF_01733
official_genus_current_only,2,GF_01734
official_genus_current_only,2,GF_01735
official_genus_current_only,2,GF_01736
official_genus_current_only,2,GF_01737
official_genus_current_only,2,GF_01741
official_genus_current_only,2,GF_01742
official_genus_current_only,2,GF_01763
official_genus_current_only,2,GF_01783
official_genus_current_only,2,GF_01798
official_genus_current_only,2,GF_01799
official_genus_current_only,2,GF_01801
official_genus_current_only,2,GF_01802
official_genus_current_only,2,GF_01803
official_genus_current_only,2,GF_01805
official_genus_current_only,2,GF_01806
official_genus_current_only,2,GF_01807
official_genus_current_only,2,GF_01808
official_genus_current_only,2,GF_01809
official_genus_current_only,2,GF_01810
official_genus_current_only,2,GF_01811
official_genus_current_only,2,GF_01812
official_genus_current_only,2,GF_01813
official_genus_current_only,2,GF_01814
official_genus_current_only,2,GF_01815
official_genus_current_only,2,GF_01816
official_genus_current_only,2,GF_01818
official_genus_current_only,2,GF_01819
official_genus_current_only,2,GF_01822
official_genus_current_only,2,GF_01823
official_genus_current_only,2,GF_01834
official_genus_current_only,2,GF_01836
official_genus_current_only,2,GF_01837
official_genus_current_only,2,GF_01840
official_genus_current_only,2,GF_01841
official_genus_current_only,2,GF_01842
official_genus_current_only,2,GF_01844
official_genus_current_only,2,GF_01856
official_genus_current_only,2,GF_01860
official_genus_current_only,2,GF_01866
official_genus_current_only,2,GF_01870
official_genus_current_only,2,GF_01872
official_genus_current_only,2,GF_01885
official_genus_current_only,2,GF_01897
official_genus_current_only,2,GF_01898
official_genus_current_only,2,GF_01899
official_genus_current_only,2,GF_01900
official_genus_current_only,2,GF_01902
official_genus_current_only,2,GF_01903
official_genus_current_only,2,GF_01904
official_genus_current_only,2,GF_01919
official_genus_current_only,2,GF_01921
official_genus_current_only,2,GF_01923
official_genus_current_only,2,GF_01925
official_genus_current_only,2,GF_01926
official_genus_current_only,2,GF_01927
official_genus_current_only,2,GF_01928
official_genus_current_only,2,GF_01929
official_genus_current_only,2,GF_01930
official_genus_current_only,2,GF_01945
official_genus_current_only,2,GF_02041
official_genus_current_only,2,GF_02060
official_genus_current_only,2,GF_02069
official_genus_current_only,2,GF_02070
official_genus_current_only,2,GF_02071
official_genus_current_only,2,GF_02072
official_genus_current_only,2,GF_02074
official_genus_current_only,2,GF_02075
official_genus_current_only,2,GF_02081
official_genus_current_only,2,GF_02084
official_genus_current_only,2,GF_02085
official_genus_current_only,2,GF_02086
official_genus_current_only,2,GF_02088
official_genus_current_only,2,GF_02089
official_genus_current_only,2,GF_02091
official_genus_current_only,2,GF_02092
official_genus_current_only,2,GF_02093
official_genus_current_only,2,GF_02094
official_genus_current_only,2,GF_02101
official_genus_current_only,2,GF_02109
official_genus_current_only,2,GF_02110
official_genus_current_only,2,GF_02113
official_genus_current_only,2,GF_02122
official_genus_current_only,2,GF_02130
official_genus_current_only,2,GF_02131
official_genus_current_only,2,GF_02132
official_genus_current_only,2,GF_02136
official_genus_current_only,2,GF_02137
official_genus_current_only,2,GF_02138
official_genus_current_only,2,GF_02139
official_genus_current_only,2,GF_02140
official_genus_current_only,2,GF_02142
official_genus_current_only,2,GF_02143
official_genus_current_only,2,GF_02145
official_genus_current_only,2,GF_02152
official_genus_current_only,2,GF_02157
official_genus_current_only,2,GF_02158
official_genus_current_only,2,GF_02159
official_genus_current_only,2,GF_02168
official_genus_current_only,2,GF_02172
official_genus_current_only,2,GF_02178
official_genus_current_only,2,GF_02180
official_genus_current_only,2,GF_02184
official_genus_current_only,2,GF_02215
official_genus_current_only,2,GF_02216
official_genus_current_only,2,GF_02217
official_genus_current_only,2,GF_02218
official_genus_current_only,2,GF_02219
official_genus_current_only,2,GF_02220
official_genus_current_only,2,GF_02222
official_genus_current_only,2,GF_02223
official_genus_current_only,2,GF_02224
official_genus_current_only,2,GF_02225
official_genus_current_only,2,GF_02226
official_genus_current_only,2,GF_02227
official_genus_current_only,2,GF_02228
official_genus_current_only,2,GF_02229
official_genus_current_only,2,GF_02230
official_genus_current_only,2,GF_02260
official_genus_current_only,2,GF_02262
official_genus_current_only,2,GF_02263
official_genus_current_only,2,GF_02264
official_genus_current_only,2,GF_02266
official_genus_current_only,3,GF_00002
official_genus_current_only,3,GF_00008
official_genus_current_only,3,GF_00011
official_genus_current_only,3,GF_00012
official_genus_current_only,3,GF_00013
official_genus_current_only,3,GF_00015
official_genus_current_only,3,GF_00017
official_genus_current_only,3,GF_00018
official_genus_current_only,3,GF_00036
official_genus_current_only,3,GF_00043
official_genus_current_only,3,GF_00044
official_genus_current_only,3,GF_00046
official_genus_current_only,3,GF_00047
official_genus_current_only,3,GF_00048
official_genus_current_only,3,GF_00049
official_genus_current_only,3,GF_00050
official_genus_current_only,3,GF_00051
official_genus_current_only,3,GF_00052
official_genus_current_only,3,GF_00072
official_genus_current_only,3,GF_00073
official_genus_current_only,3,GF_00075
official_genus_current_only,3,GF_00077
official_genus_current_only,3,GF_00078
official_genus_current_only,3,GF_00079
official_genus_current_only,3,GF_00080
official_genus_current_only,3,GF_00081
official_genus_current_only,3,GF_00082
official_genus_current_only,3,GF_00083
official_genus_current_only,3,GF_00084
official_genus_current_only,3,GF_00085
official_genus_current_only,3,GF_00087
official_genus_current_only,3,GF_00088
official_genus_current_only,3,GF_00093
official_genus_current_only,3,GF_00094
official_genus_current_only,3,GF_00104
official_genus_current_only,3,GF_00105
official_genus_current_only,3,GF_00106
official_genus_current_only,3,GF_00107
official_genus_current_only,3,GF_00108
official_genus_current_only,3,GF_00111
official_genus_current_only,3,GF_00112
official_genus_current_only,3,GF_00114
official_genus_current_only,3,GF_00115
official_genus_current_only,3,GF_00120
official_genus_current_only,3,GF_00121
official_genus_current_only,3,GF_00122
official_genus_current_only,3,GF_00123
official_genus_current_only,3,GF_00124
official_genus_current_only,3,GF_00125
official_genus_current_only,3,GF_00136
official_genus_current_only,3,GF_00137
official_genus_current_only,3,GF_00138
official_genus_current_only,3,GF_00141
official_genus_current_only,3,GF_00143
official_genus_current_only,3,GF_00155
official_genus_current_only,3,GF_00164
official_genus_current_only,3,GF_00170
official_genus_current_only,3,GF_00175
official_genus_current_only,3,GF_00178
official_genus_current_only,3,GF_00179
official_genus_current_only,3,GF_00180
official_genus_current_only,3,GF_00185
official_genus_current_only,3,GF_00220
official_genus_current_only,3,GF_00229
official_genus_current_only,3,GF_00244
official_genus_current_only,3,GF_00250
official_genus_current_only,3,GF_00251
official_genus_current_only,3,GF_00262
official_genus_current_only,3,GF_00275
official_genus_current_only,3,GF_00281
official_genus_current_only,3,GF_00282
official_genus_current_only,3,GF_00290
official_genus_current_only,3,GF_00296
official_genus_current_only,3,GF_00300
official_genus_current_only,3,GF_00302
official_genus_current_only,3,GF_00303
official_genus_current_only,3,GF_00305
official_genus_current_only,3,GF_00309
official_genus_current_only,3,GF_00310
official_genus_current_only,3,GF_00311
official_genus_current_only,3,GF_00312
official_genus_current_only,3,GF_00313
official_genus_current_only,3,GF_00314
official_genus_current_only,3,GF_00315
official_genus_current_only,3,GF_00316
official_genus_current_only,3,GF_00317
official_genus_current_only,3,GF_00318
official_genus_current_only,3,GF_00319
official_genus_current_only,3,GF_00320
official_genus_current_only,3,GF_00321
official_genus_current_only,3,GF_00323
official_genus_current_only,3,GF_00324
official_genus_current_only,3,GF_00325
official_genus_current_only,3,GF_00326
official_genus_current_only,3,GF_00327
official_genus_current_only,3,GF_00329
official_genus_current_only,3,GF_00330
official_genus_current_only,3,GF_00331
official_genus_current_only,3,GF_00332
official_genus_current_only,3,GF_00333
official_genus_current_only,3,GF_00335
official_genus_current_only,3,GF_00336
official_genus_current_only,3,GF_00338
official_genus_current_only,3,GF_00339
official_genus_current_only,3,GF_00340
official_genus_current_only,3,GF_00341
official_genus_current_only,3,GF_00342
official_genus_current_only,3,GF_00343
official_genus_current_only,3,GF_00344
official_genus_current_only,3,GF_00346
official_genus_current_only,3,GF_00347
official_genus_current_only,3,GF_00348
official_genus_current_only,3,GF_00349
official_genus_current_only,3,GF_00350
official_genus_current_only,3,GF_00351
official_genus_current_only,3,GF_00352
official_genus_current_only,3,GF_00353
official_genus_current_only,3,GF_00355
official_genus_current_only,3,GF_00358
official_genus_current_only,3,GF_00359
official_genus_current_only,3,GF_00360
official_genus_current_only,3,GF_00362
official_genus_current_only,3,GF_00363
official_genus_current_only,3,GF_00364
official_genus_current_only,3,GF_00365
official_genus_current_only,3,GF_00369
official_genus_current_only,3,GF_00378
official_genus_current_only,3,GF_00381
official_genus_current_only,3,GF_00384
official_genus_current_only,3,GF_00385
official_genus_current_only,3,GF_00386
official_genus_current_only,3,GF_00387
official_genus_current_only,3,GF_00388
official_genus_current_only,3,GF_00389
official_genus_current_only,3,GF_00390
official_genus_current_only,3,GF_00391
official_genus_current_only,3,GF_00393
official_genus_current_only,3,GF_00394
official_genus_current_only,3,GF_00395
official_genus_current_only,3,GF_00396
official_genus_current_only,3,GF_00400
official_genus_current_only,3,GF_00401
official_genus_current_only,3,GF_00402
official_genus_current_only,3,GF_00404
official_genus_current_only,3,GF_00405
official_genus_current_only,3,GF_00407
official_genus_current_only,3,GF_00408
official_genus_current_only,3,GF_00409
official_genus_current_only,3,GF_00410
official_genus_current_only,3,GF_00413
official_genus_current_only,3,GF_00414
official_genus_current_only,3,GF_00415
official_genus_current_only,3,GF_00417
official_genus_current_only,3,GF_00418
official_genus_current_only,3,GF_00421
official_genus_current_only,3,GF_00422
official_genus_current_only,3,GF_00424
official_genus_current_only,3,GF_00426
official_genus_current_only,3,GF_00427
official_genus_current_only,3,GF_00428
official_genus_current_only,3,GF_00429
official_genus_current_only,3,GF_00430
official_genus_current_only,3,GF_00431
official_genus_current_only,3,GF_00432
official_genus_current_only,3,GF_00433
official_genus_current_only,3,GF_00434
official_genus_current_only,3,GF_00435
official_genus_current_only,3,GF_00436
official_genus_current_only,3,GF_00437
official_genus_current_only,3,GF_00438
official_genus_current_only,3,GF_00440
official_genus_current_only,3,GF_00455
official_genus_current_only,3,GF_00457
official_genus_current_only,3,GF_00471
official_genus_current_only,3,GF_00472
official_genus_current_only,3,GF_00474
official_genus_current_only,3,GF_00477
official_genus_current_only,3,GF_00480
official_genus_current_only,3,GF_00482
official_genus_current_only,3,GF_00484
official_genus_current_only,3,GF_00488
official_genus_current_only,3,GF_00489
official_genus_current_only,3,GF_00491
official_genus_current_only,3,GF_00503
official_genus_current_only,3,GF_00522
official_genus_current_only,3,GF_00523
official_genus_current_only,3,GF_00524
official_genus_current_only,3,GF_00525
official_genus_current_only,3,GF_00527
official_genus_current_only,3,GF_00528
official_genus_current_only,3,GF_00529
official_genus_current_only,3,GF_00531
official_genus_current_only,3,GF_00536
official_genus_current_only,3,GF_00538
official_genus_current_only,3,GF_00546
official_genus_current_only,3,GF_00547
official_genus_current_only,3,GF_00548
official_genus_current_only,3,GF_00549
official_genus_current_only,3,GF_00564
official_genus_current_only,3,GF_00565
official_genus_current_only,3,GF_00566
official_genus_current_only,3,GF_00569
official_genus_current_only,3,GF_00570
official_genus_current_only,3,GF_00572
official_genus_current_only,3,GF_00574
official_genus_current_only,3,GF_00578
official_genus_current_only,3,GF_00580
official_genus_current_only,3,GF_00588
official_genus_current_only,3,GF_00591
official_genus_current_only,3,GF_00593
official_genus_current_only,3,GF_00594
official_genus_current_only,3,GF_00595
official_genus_current_only,3,GF_00599
official_genus_current_only,3,GF_00600
official_genus_current_only,3,GF_00601
official_genus_current_only,3,GF_00602
official_genus_current_only,3,GF_00603
official_genus_current_only,3,GF_00604
official_genus_current_only,3,GF_00605
official_genus_current_only,3,GF_00606
official_genus_current_only,3,GF_00607
official_genus_current_only,3,GF_00608
official_genus_current_only,3,GF_00609
official_genus_current_only,3,GF_00611
official_genus_current_only,3,GF_00612
official_genus_current_only,3,GF_00613
official_genus_current_only,3,GF_00614
official_genus_current_only,3,GF_00615
official_genus_current_only,3,GF_00616
official_genus_current_only,3,GF_00617
official_genus_current_only,3,GF_00618
official_genus_current_only,3,GF_00619
official_genus_current_only,3,GF_00621
official_genus_current_only,3,GF_00622
official_genus_current_only,3,GF_00623
official_genus_current_only,3,GF_00624
official_genus_current_only,3,GF_00632
official_genus_current_only,3,GF_00633
official_genus_current_only,3,GF_00635
official_genus_current_only,3,GF_00636
official_genus_current_only,3,GF_00637
official_genus_current_only,3,GF_00638
official_genus_current_only,3,GF_00640
official_genus_current_only,3,GF_00641
official_genus_current_only,3,GF_00642
official_genus_current_only,3,GF_00643
official_genus_current_only,3,GF_00655
official_genus_current_only,3,GF_00658
official_genus_current_only,3,GF_00659
official_genus_current_only,3,GF_00661
official_genus_current_only,3,GF_00669
official_genus_current_only,3,GF_00676
official_genus_current_only,3,GF_00680
official_genus_current_only,3,GF_00681
official_genus_current_only,3,GF_00684
official_genus_current_only,3,GF_00687
official_genus_current_only,3,GF_00688
official_genus_current_only,3,GF_00695
official_genus_current_only,3,GF_00699
official_genus_current_only,3,GF_00702
official_genus_current_only,3,GF_00709
official_genus_current_only,3,GF_00717
official_genus_current_only,3,GF_00722
official_genus_current_only,3,GF_00723
official_genus_current_only,3,GF_00724
official_genus_current_only,3,GF_00725
official_genus_current_only,3,GF_00726
official_genus_current_only,3,GF_00727
official_genus_current_only,3,GF_00728
official_genus_current_only,3,GF_00729
official_genus_current_only,3,GF_00732
official_genus_current_only,3,GF_00736
official_genus_current_only,3,GF_00740
official_genus_current_only,3,GF_00741
official_genus_current_only,3,GF_00744
official_genus_current_only,3,GF_00751
official_genus_current_only,3,GF_00755
official_genus_current_only,3,GF_00756
official_genus_current_only,3,GF_00761
official_genus_current_only,3,GF_00771
official_genus_current_only,3,GF_00773
official_genus_current_only,3,GF_00776
official_genus_current_only,3,GF_00777
official_genus_current_only,3,GF_00785
official_genus_current_only,3,GF_00796
official_genus_current_only,3,GF_00810
official_genus_current_only,3,GF_00811
official_genus_current_only,3,GF_00813
official_genus_current_only,3,GF_00814
official_genus_current_only,3,GF_00816
official_genus_current_only,3,GF_00819
official_genus_current_only,3,GF_00826
official_genus_current_only,3,GF_00828
official_genus_current_only,3,GF_00843
official_genus_current_only,3,GF_00845
official_genus_current_only,3,GF_00856
official_genus_current_only,3,GF_00857
official_genus_current_only,3,GF_00860
official_genus_current_only,3,GF_00864
official_genus_current_only,3,GF_00866
official_genus_current_only,3,GF_00868
official_genus_current_only,3,GF_00869
official_genus_current_only,3,GF_00870
official_genus_current_only,3,GF_00871
official_genus_current_only,3,GF_00872
official_genus_current_only,3,GF_00873
official_genus_current_only,3,GF_00874
official_genus_current_only,3,GF_00887
official_genus_current_only,3,GF_00888
official_genus_current_only,3,GF_00895
official_genus_current_only,3,GF_00916
official_genus_current_only,3,GF_00917
official_genus_current_only,3,GF_00918
official_genus_current_only,3,GF_00927
official_genus_current_only,3,GF_00930
official_genus_current_only,3,GF_00931
official_genus_current_only,3,GF_00933
official_genus_current_only,3,GF_00946
official_genus_current_only,3,GF_00949
official_genus_current_only,3,GF_00957
official_genus_current_only,3,GF_00958
official_genus_current_only,3,GF_00959
official_genus_current_only,3,GF_00960
official_genus_current_only,3,GF_00963
official_genus_current_only,3,GF_00966
official_genus_current_only,3,GF_00968
official_genus_current_only,3,GF_00969
official_genus_current_only,3,GF_00970
official_genus_current_only,3,GF_00971
official_genus_current_only,3,GF_00972
official_genus_current_only,3,GF_00982
official_genus_current_only,3,GF_00987
official_genus_current_only,3,GF_01004
official_genus_current_only,3,GF_01005
official_genus_current_only,3,GF_01012
official_genus_current_only,3,GF_01013
official_genus_current_only,3,GF_01026
official_genus_current_only,3,GF_01027
official_genus_current_only,3,GF_01028
official_genus_current_only,3,GF_01054
official_genus_current_only,3,GF_01230
official_genus_current_only,3,GF_01231
official_genus_current_only,3,GF_01232
official_genus_current_only,3,GF_01233
official_genus_current_only,3,GF_01234
official_genus_current_only,3,GF_01235
official_genus_current_only,3,GF_01236
official_genus_current_only,3,GF_01237
official_genus_current_only,3,GF_01238
official_genus_current_only,3,GF_01239
official_genus_current_only,3,GF_01240
official_genus_current_only,3,GF_01241
official_genus_current_only,3,GF_01242
official_genus_current_only,3,GF_01243
official_genus_current_only,3,GF_01244
official_genus_current_only,3,GF_01245
official_genus_current_only,3,GF_01246
official_genus_current_only,3,GF_01247
official_genus_current_only,3,GF_01248
official_genus_current_only,3,GF_01266
official_genus_current_only,3,GF_01279
official_genus_current_only,3,GF_01287
official_genus_current_only,3,GF_01290
official_genus_current_only,3,GF_01292
official_genus_current_only,3,GF_01293
official_genus_current_only,3,GF_01297
official_genus_current_only,3,GF_01306
official_genus_current_only,3,GF_01308
official_genus_current_only,3,GF_01314
official_genus_current_only,3,GF_01315
official_genus_current_only,3,GF_01327
official_genus_current_only,3,GF_01328
official_genus_current_only,3,GF_01329
official_genus_current_only,3,GF_01330
official_genus_current_only,3,GF_01331
official_genus_current_only,3,GF_01332
official_genus_current_only,3,GF_01333
official_genus_current_only,3,GF_01334
official_genus_current_only,3,GF_01336
official_genus_current_only,3,GF_01337
official_genus_current_only,3,GF_01338
official_genus_current_only,3,GF_01357
official_genus_current_only,3,GF_01359
official_genus_current_only,3,GF_01365
official_genus_current_only,3,GF_01372
official_genus_current_only,3,GF_01373
official_genus_current_only,3,GF_01374
official_genus_current_only,3,GF_01375
official_genus_current_only,3,GF_01376
official_genus_current_only,3,GF_01377
official_genus_current_only,3,GF_01378
official_genus_current_only,3,GF_01379
official_genus_current_only,3,GF_01381
official_genus_current_only,3,GF_01382
official_genus_current_only,3,GF_01383
official_genus_current_only,3,GF_01384
official_genus_current_only,3,GF_01385
official_genus_current_only,3,GF_01387
official_genus_current_only,3,GF_01390
official_genus_current_only,3,GF_01391
official_genus_current_only,3,GF_01393
official_genus_current_only,3,GF_01394
official_genus_current_only,3,GF_01395
official_genus_current_only,3,GF_01396
official_genus_current_only,3,GF_01397
official_genus_current_only,3,GF_01398
official_genus_current_only,3,GF_01399
official_genus_current_only,3,GF_01400
official_genus_current_only,3,GF_01401
official_genus_current_only,3,GF_01404
official_genus_current_only,3,GF_01409
official_genus_current_only,3,GF_01425
official_genus_current_only,3,GF_01426
official_genus_current_only,3,GF_01428
official_genus_current_only,3,GF_01439
official_genus_current_only,3,GF_01445
official_genus_current_only,3,GF_01446
official_genus_current_only,3,GF_01447
official_genus_current_only,3,GF_01448
official_genus_current_only,3,GF_01449
official_genus_current_only,3,GF_01456
official_genus_current_only,3,GF_01458
official_genus_current_only,3,GF_01460
official_genus_current_only,3,GF_01461
official_genus_current_only,3,GF_01462
official_genus_current_only,3,GF_01464
official_genus_current_only,3,GF_01466
official_genus_current_only,3,GF_01476
official_genus_current_only,3,GF_01477
official_genus_current_only,3,GF_01479
official_genus_current_only,3,GF_01480
official_genus_current_only,3,GF_01487
official_genus_current_only,3,GF_01502
official_genus_current_only,3,GF_01504
official_genus_current_only,3,GF_01512
official_genus_current_only,3,GF_01514
official_genus_current_only,3,GF_01527
official_genus_current_only,3,GF_01534
official_genus_current_only,3,GF_01535
official_genus_current_only,3,GF_01536
official_genus_current_only,3,GF_01537
official_genus_current_only,3,GF_01538
official_genus_current_only,3,GF_01539
official_genus_current_only,3,GF_01540
official_genus_current_only,3,GF_01541
official_genus_current_only,3,GF_01542
official_genus_current_only,3,GF_01543
official_genus_current_only,3,GF_01544
official_genus_current_only,3,GF_01546
official_genus_current_only,3,GF_01547
official_genus_current_only,3,GF_01548
official_genus_current_only,3,GF_01549
official_genus_current_only,3,GF_01550
official_genus_current_only,3,GF_01552
official_genus_current_only,3,GF_01553
official_genus_current_only,3,GF_01579
official_genus_current_only,3,GF_01580
official_genus_current_only,3,GF_01583
official_genus_current_only,3,GF_01584
official_genus_current_only,3,GF_01591
official_genus_current_only,3,GF_01592
official_genus_current_only,3,GF_01598
official_genus_current_only,3,GF_01616
official_genus_current_only,3,GF_01617
official_genus_current_only,3,GF_01618
official_genus_current_only,3,GF_01619
official_genus_current_only,3,GF_01620
official_genus_current_only,3,GF_01621
official_genus_current_only,3,GF_01623
official_genus_current_only,3,GF_01625
official_genus_current_only,3,GF_01626
official_genus_current_only,3,GF_01627
official_genus_current_only,3,GF_01628
official_genus_current_only,3,GF_01629
official_genus_current_only,3,GF_01630
official_genus_current_only,3,GF_01633
official_genus_current_only,3,GF_01634
official_genus_current_only,3,GF_01635
official_genus_current_only,3,GF_01636
official_genus_current_only,3,GF_01637
official_genus_current_only,3,GF_01638
official_genus_current_only,3,GF_01639
official_genus_current_only,3,GF_01641
official_genus_current_only,3,GF_01643
official_genus_current_only,3,GF_01648
official_genus_current_only,3,GF_01659
official_genus_current_only,3,GF_01661
official_genus_current_only,3,GF_01672
official_genus_current_only,3,GF_01673
official_genus_current_only,3,GF_01674
official_genus_current_only,3,GF_01675
official_genus_current_only,3,GF_01676
official_genus_current_only,3,GF_01677
official_genus_current_only,3,GF_01678
official_genus_current_only,3,GF_01679
official_genus_current_only,3,GF_01680
official_genus_current_only,3,GF_01681
official_genus_current_only,3,GF_01683
official_genus_current_only,3,GF_01684
official_genus_current_only,3,GF_01685
official_genus_current_only,3,GF_01686
official_genus_current_only,3,GF_01688
official_genus_current_only,3,GF_01689
official_genus_current_only,3,GF_01690
official_genus_current_only,3,GF_01691
official_genus_current_only,3,GF_01692
official_genus_current_only,3,GF_01693
official_genus_current_only,3,GF_01732
official_genus_current_only,3,GF_01733
official_genus_current_only,3,GF_01734
official_genus_current_only,3,GF_01735
official_genus_current_only,3,GF_01736
official_genus_current_only,3,GF_01740
official_genus_current_only,3,GF_01741
official_genus_current_only,3,GF_01742
official_genus_current_only,3,GF_01745
official_genus_current_only,3,GF_01763
official_genus_current_only,3,GF_01770
official_genus_current_only,3,GF_01783
official_genus_current_only,3,GF_01799
official_genus_current_only,3,GF_01802
official_genus_current_only,3,GF_01803
official_genus_current_only,3,GF_01805
official_genus_current_only,3,GF_01806
official_genus_current_only,3,GF_01807
official_genus_current_only,3,GF_01808
official_genus_current_only,3,GF_01809
official_genus_current_only,3,GF_01810
official_genus_current_only,3,GF_01811
official_genus_current_only,3,GF_01812
official_genus_current_only,3,GF_01813
official_genus_current_only,3,GF_01815
official_genus_current_only,3,GF_01816
official_genus_current_only,3,GF_01817
official_genus_current_only,3,GF_01818
official_genus_current_only,3,GF_01819
official_genus_current_only,3,GF_01822
official_genus_current_only,3,GF_01823
official_genus_current_only,3,GF_01834
official_genus_current_only,3,GF_01836
official_genus_current_only,3,GF_01837
official_genus_current_only,3,GF_01840
official_genus_current_only,3,GF_01841
official_genus_current_only,3,GF_01842
official_genus_current_only,3,GF_01844
official_genus_current_only,3,GF_01856
official_genus_current_only,3,GF_01860
official_genus_current_only,3,GF_01866
official_genus_current_only,3,GF_01870
official_genus_current_only,3,GF_01872
official_genus_current_only,3,GF_01885
official_genus_current_only,3,GF_01897
official_genus_current_only,3,GF_01898
official_genus_current_only,3,GF_01899
official_genus_current_only,3,GF_01900
official_genus_current_only,3,GF_01901
official_genus_current_only,3,GF_01902
official_genus_current_only,3,GF_01904
official_genus_current_only,3,GF_01919
official_genus_current_only,3,GF_01921
official_genus_current_only,3,GF_01923
official_genus_current_only,3,GF_01925
official_genus_current_only,3,GF_01926
official_genus_current_only,3,GF_01927
official_genus_current_only,3,GF_01928
official_genus_current_only,3,GF_01929
official_genus_current_only,3,GF_01930
official_genus_current_only,3,GF_01945
official_genus_current_only,3,GF_02059
official_genus_current_only,3,GF_02060
official_genus_current_only,3,GF_02069
official_genus_current_only,3,GF_02070
official_genus_current_only,3,GF_02071
official_genus_current_only,3,GF_02072
official_genus_current_only,3,GF_02073
official_genus_current_only,3,GF_02075
official_genus_current_only,3,GF_02076
official_genus_current_only,3,GF_02081
official_genus_current_only,3,GF_02084
official_genus_current_only,3,GF_02086
official_genus_current_only,3,GF_02088
official_genus_current_only,3,GF_02089
official_genus_current_only,3,GF_02091
official_genus_current_only,3,GF_02092
official_genus_current_only,3,GF_02093
official_genus_current_only,3,GF_02094
official_genus_current_only,3,GF_02101
official_genus_current_only,3,GF_02109
official_genus_current_only,3,GF_02110
official_genus_current_only,3,GF_02113
official_genus_current_only,3,GF_02122
official_genus_current_only,3,GF_02130
official_genus_current_only,3,GF_02131
official_genus_current_only,3,GF_02136
official_genus_current_only,3,GF_02137
official_genus_current_only,3,GF_02138
official_genus_current_only,3,GF_02139
official_genus_current_only,3,GF_02140
official_genus_current_only,3,GF_02141
official_genus_current_only,3,GF_02142
official_genus_current_only,3,GF_02143
official_genus_current_only,3,GF_02145
official_genus_current_only,3,GF_02152
official_genus_current_only,3,GF_02157
official_genus_current_only,3,GF_02158
official_genus_current_only,3,GF_02159
official_genus_current_only,3,GF_02168
official_genus_current_only,3,GF_02172
official_genus_current_only,3,GF_02178
official_genus_current_only,3,GF_02180
official_genus_current_only,3,GF_02184
official_genus_current_only,3,GF_02194
official_genus_current_only,3,GF_02215
official_genus_current_only,3,GF_02216
official_genus_current_only,3,GF_02217
official_genus_current_only,3,GF_02218
official_genus_current_only,3,GF_02219
official_genus_current_only,3,GF_02220
official_genus_current_only,3,GF_02222
official_genus_current_only,3,GF_02223
official_genus_current_only,3,GF_02224
official_genus_current_only,3,GF_02225
official_genus_current_only,3,GF_02226
official_genus_current_only,3,GF_02227
official_genus_current_only,3,GF_02228
official_genus_current_only,3,GF_02229
official_genus_current_only,3,GF_02230
official_genus_current_only,3,GF_02260
official_genus_current_only,3,GF_02261
official_genus_current_only,3,GF_02262
official_genus_current_only,3,GF_02263
official_genus_current_only,3,GF_02264
official_genus_current_only,3,GF_02266
official_genus_current_only,4,GF_00008
official_genus_current_only,4,GF_00011
official_genus_current_only,4,GF_00012
official_genus_current_only,4,GF_00013
official_genus_current_only,4,GF_00014
official_genus_current_only,4,GF_00015
official_genus_current_only,4,GF_00016
official_genus_current_only,4,GF_00017
official_genus_current_only,4,GF_00018
official_genus_current_only,4,GF_00043
official_genus_current_only,4,GF_00044
official_genus_current_only,4,GF_00045
official_genus_current_only,4,GF_00046
official_genus_current_only,4,GF_00047
official_genus_current_only,4,GF_00048
official_genus_current_only,4,GF_00051
official_genus_current_only,4,GF_00052
official_genus_current_only,4,GF_00071
official_genus_current_only,4,GF_00072
official_genus_current_only,4,GF_00073
official_genus_current_only,4,GF_00074
official_genus_current_only,4,GF_00075
official_genus_current_only,4,GF_00076
official_genus_current_only,4,GF_00077
official_genus_current_only,4,GF_00078
official_genus_current_only,4,GF_00079
official_genus_current_only,4,GF_00080
official_genus_current_only,4,GF_00081
official_genus_current_only,4,GF_00082
official_genus_current_only,4,GF_00083
official_genus_current_only,4,GF_00084
official_genus_current_only,4,GF_00085
official_genus_current_only,4,GF_00087
official_genus_current_only,4,GF_00088
official_genus_current_only,4,GF_00093
official_genus_current_only,4,GF_00094
official_genus_current_only,4,GF_00104
official_genus_current_only,4,GF_00105
official_genus_current_only,4,GF_00106
official_genus_current_only,4,GF_00107
official_genus_current_only,4,GF_00108
official_genus_current_only,4,GF_00109
official_genus_current_only,4,GF_00110
official_genus_current_only,4,GF_00111
official_genus_current_only,4,GF_00112
official_genus_current_only,4,GF_00113
official_genus_current_only,4,GF_00114
official_genus_current_only,4,GF_00115
official_genus_current_only,4,GF_00116
official_genus_current_only,4,GF_00117
official_genus_current_only,4,GF_00119
official_genus_current_only,4,GF_00120
official_genus_current_only,4,GF_00121
official_genus_current_only,4,GF_00122
official_genus_current_only,4,GF_00123
official_genus_current_only,4,GF_00124
official_genus_current_only,4,GF_00125
official_genus_current_only,4,GF_00136
official_genus_current_only,4,GF_00137
official_genus_current_only,4,GF_00138
official_genus_current_only,4,GF_00139
official_genus_current_only,4,GF_00141
official_genus_current_only,4,GF_00142
official_genus_current_only,4,GF_00143
official_genus_current_only,4,GF_00155
official_genus_current_only,4,GF_00164
official_genus_current_only,4,GF_00170
official_genus_current_only,4,GF_00175
official_genus_current_only,4,GF_00178
official_genus_current_only,4,GF_00179
official_genus_current_only,4,GF_00180
official_genus_current_only,4,GF_00181
official_genus_current_only,4,GF_00185
official_genus_current_only,4,GF_00208
official_genus_current_only,4,GF_00220
official_genus_current_only,4,GF_00228
official_genus_current_only,4,GF_00229
official_genus_current_only,4,GF_00235
official_genus_current_only,4,GF_00244
official_genus_current_only,4,GF_00251
official_genus_current_only,4,GF_00262
official_genus_current_only,4,GF_00281
official_genus_current_only,4,GF_00290
official_genus_current_only,4,GF_00296
official_genus_current_only,4,GF_00300
official_genus_current_only,4,GF_00302
official_genus_current_only,4,GF_00303
official_genus_current_only,4,GF_00309
official_genus_current_only,4,GF_00310
official_genus_current_only,4,GF_00311
official_genus_current_only,4,GF_00312
official_genus_current_only,4,GF_00313
official_genus_current_only,4,GF_00314
official_genus_current_only,4,GF_00315
official_genus_current_only,4,GF_00316
official_genus_current_only,4,GF_00317
official_genus_current_only,4,GF_00318
official_genus_current_only,4,GF_00319
official_genus_current_only,4,GF_00320
official_genus_current_only,4,GF_00321
official_genus_current_only,4,GF_00322
official_genus_current_only,4,GF_00323
official_genus_current_only,4,GF_00324
official_genus_current_only,4,GF_00325
official_genus_current_only,4,GF_00326
official_genus_current_only,4,GF_00327
official_genus_current_only,4,GF_00329
official_genus_current_only,4,GF_00330
official_genus_current_only,4,GF_00331
official_genus_current_only,4,GF_00332
official_genus_current_only,4,GF_00333
official_genus_current_only,4,GF_00335
official_genus_current_only,4,GF_00336
official_genus_current_only,4,GF_00338
official_genus_current_only,4,GF_00339
official_genus_current_only,4,GF_00340
official_genus_current_only,4,GF_00341
official_genus_current_only,4,GF_00342
official_genus_current_only,4,GF_00343
official_genus_current_only,4,GF_00344
official_genus_current_only,4,GF_00346
official_genus_current_only,4,GF_00347
official_genus_current_only,4,GF_00348
official_genus_current_only,4,GF_00349
official_genus_current_only,4,GF_00350
official_genus_current_only,4,GF_00351
official_genus_current_only,4,GF_00352
official_genus_current_only,4,GF_00353
official_genus_current_only,4,GF_00358
official_genus_current_only,4,GF_00360
official_genus_current_only,4,GF_00362
official_genus_current_only,4,GF_00363
official_genus_current_only,4,GF_00364
official_genus_current_only,4,GF_00365
official_genus_current_only,4,GF_00369
official_genus_current_only,4,GF_00378
official_genus_current_only,4,GF_00381
official_genus_current_only,4,GF_00384
official_genus_current_only,4,GF_00385
official_genus_current_only,4,GF_00386
official_genus_current_only,4,GF_00387
official_genus_current_only,4,GF_00389
official_genus_current_only,4,GF_00391
official_genus_current_only,4,GF_00393
official_genus_current_only,4,GF_00394
official_genus_current_only,4,GF_00395
official_genus_current_only,4,GF_00396
official_genus_current_only,4,GF_00400
official_genus_current_only,4,GF_00401
official_genus_current_only,4,GF_00402
official_genus_current_only,4,GF_00403
official_genus_current_only,4,GF_00404
official_genus_current_only,4,GF_00405
official_genus_current_only,4,GF_00406
official_genus_current_only,4,GF_00407
official_genus_current_only,4,GF_00408
official_genus_current_only,4,GF_00409
official_genus_current_only,4,GF_00410
official_genus_current_only,4,GF_00413
official_genus_current_only,4,GF_00414
official_genus_current_only,4,GF_00415
official_genus_current_only,4,GF_00417
official_genus_current_only,4,GF_00418
official_genus_current_only,4,GF_00421
official_genus_current_only,4,GF_00422
official_genus_current_only,4,GF_00424
official_genus_current_only,4,GF_00426
official_genus_current_only,4,GF_00427
official_genus_current_only,4,GF_00428
official_genus_current_only,4,GF_00429
official_genus_current_only,4,GF_00430
official_genus_current_only,4,GF_00431
official_genus_current_only,4,GF_00432
official_genus_current_only,4,GF_00433
official_genus_current_only,4,GF_00434
official_genus_current_only,4,GF_00435
official_genus_current_only,4,GF_00436
official_genus_current_only,4,GF_00437
official_genus_current_only,4,GF_00438
official_genus_current_only,4,GF_00440
official_genus_current_only,4,GF_00441
official_genus_current_only,4,GF_00455
official_genus_current_only,4,GF_00456
official_genus_current_only,4,GF_00457
official_genus_current_only,4,GF_00458
official_genus_current_only,4,GF_00459
official_genus_current_only,4,GF_00460
official_genus_current_only,4,GF_00471
official_genus_current_only,4,GF_00472
official_genus_current_only,4,GF_00480
official_genus_current_only,4,GF_00482
official_genus_current_only,4,GF_00488
official_genus_current_only,4,GF_00491
official_genus_current_only,4,GF_00503
official_genus_current_only,4,GF_00522
official_genus_current_only,4,GF_00523
official_genus_current_only,4,GF_00524
official_genus_current_only,4,GF_00525
official_genus_current_only,4,GF_00527
official_genus_current_only,4,GF_00528
official_genus_current_only,4,GF_00529
official_genus_current_only,4,GF_00530
official_genus_current_only,4,GF_00531
official_genus_current_only,4,GF_00536
official_genus_current_only,4,GF_00538
official_genus_current_only,4,GF_00546
official_genus_current_only,4,GF_00547
official_genus_current_only,4,GF_00548
official_genus_current_only,4,GF_00549
official_genus_current_only,4,GF_00564
official_genus_current_only,4,GF_00565
official_genus_current_only,4,GF_00566
official_genus_current_only,4,GF_00569
official_genus_current_only,4,GF_00570
official_genus_current_only,4,GF_00572
official_genus_current_only,4,GF_00574
official_genus_current_only,4,GF_00578
official_genus_current_only,4,GF_00580
official_genus_current_only,4,GF_00593
official_genus_current_only,4,GF_00594
official_genus_current_only,4,GF_00595
official_genus_current_only,4,GF_00596
official_genus_current_only,4,GF_00599
official_genus_current_only,4,GF_00600
official_genus_current_only,4,GF_00601
official_genus_current_only,4,GF_00602
official_genus_current_only,4,GF_00603
official_genus_current_only,4,GF_00604
official_genus_current_only,4,GF_00605
official_genus_current_only,4,GF_00606
official_genus_current_only,4,GF_00607
official_genus_current_only,4,GF_00608
official_genus_current_only,4,GF_00609
official_genus_current_only,4,GF_00610
official_genus_current_only,4,GF_00611
official_genus_current_only,4,GF_00612
official_genus_current_only,4,GF_00613
official_genus_current_only,4,GF_00614
official_genus_current_only,4,GF_00615
official_genus_current_only,4,GF_00617
official_genus_current_only,4,GF_00618
official_genus_current_only,4,GF_00619
official_genus_current_only,4,GF_00620
official_genus_current_only,4,GF_00621
official_genus_current_only,4,GF_00622
official_genus_current_only,4,GF_00623
official_genus_current_only,4,GF_00624
official_genus_current_only,4,GF_00632
official_genus_current_only,4,GF_00633
official_genus_current_only,4,GF_00634
official_genus_current_only,4,GF_00635
official_genus_current_only,4,GF_00636
official_genus_current_only,4,GF_00637
official_genus_current_only,4,GF_00638
official_genus_current_only,4,GF_00640
official_genus_current_only,4,GF_00641
official_genus_current_only,4,GF_00642
official_genus_current_only,4,GF_00643
official_genus_current_only,4,GF_00655
official_genus_current_only,4,GF_00658
official_genus_current_only,4,GF_00661
official_genus_current_only,4,GF_00669
official_genus_current_only,4,GF_00676
official_genus_current_only,4,GF_00680
official_genus_current_only,4,GF_00681
official_genus_current_only,4,GF_00682
official_genus_current_only,4,GF_00683
official_genus_current_only,4,GF_00684
official_genus_current_only,4,GF_00686
official_genus_current_only,4,GF_00687
official_genus_current_only,4,GF_00688
official_genus_current_only,4,GF_00695
official_genus_current_only,4,GF_00699
official_genus_current_only,4,GF_00702
official_genus_current_only,4,GF_00709
official_genus_current_only,4,GF_00722
official_genus_current_only,4,GF_00723
official_genus_current_only,4,GF_00724
official_genus_current_only,4,GF_00725
official_genus_current_only,4,GF_00726
official_genus_current_only,4,GF_00727
official_genus_current_only,4,GF_00728
official_genus_current_only,4,GF_00729
official_genus_current_only,4,GF_00732
official_genus_current_only,4,GF_00736
official_genus_current_only,4,GF_00740
official_genus_current_only,4,GF_00741
official_genus_current_only,4,GF_00744
official_genus_current_only,4,GF_00751
official_genus_current_only,4,GF_00755
official_genus_current_only,4,GF_00756
official_genus_current_only,4,GF_00761
official_genus_current_only,4,GF_00771
official_genus_current_only,4,GF_00773
official_genus_current_only,4,GF_00776
official_genus_current_only,4,GF_00777
official_genus_current_only,4,GF_00785
official_genus_current_only,4,GF_00796
official_genus_current_only,4,GF_00810
official_genus_current_only,4,GF_00813
official_genus_current_only,4,GF_00814
official_genus_current_only,4,GF_00815
official_genus_current_only,4,GF_00816
official_genus_current_only,4,GF_00819
official_genus_current_only,4,GF_00828
official_genus_current_only,4,GF_00845
official_genus_current_only,4,GF_00856
official_genus_current_only,4,GF_00857
official_genus_current_only,4,GF_00864
official_genus_current_only,4,GF_00865
official_genus_current_only,4,GF_00866
official_genus_current_only,4,GF_00868
official_genus_current_only,4,GF_00869
official_genus_current_only,4,GF_00870
official_genus_current_only,4,GF_00871
official_genus_current_only,4,GF_00873
official_genus_current_only,4,GF_00874
official_genus_current_only,4,GF_00888
official_genus_current_only,4,GF_00895
official_genus_current_only,4,GF_00916
official_genus_current_only,4,GF_00931
official_genus_current_only,4,GF_00932
official_genus_current_only,4,GF_00933
official_genus_current_only,4,GF_00946
official_genus_current_only,4,GF_00947
official_genus_current_only,4,GF_00949
official_genus_current_only,4,GF_00957
official_genus_current_only,4,GF_00958
official_genus_current_only,4,GF_00959
official_genus_current_only,4,GF_00960
official_genus_current_only,4,GF_00963
official_genus_current_only,4,GF_00966
official_genus_current_only,4,GF_00967
official_genus_current_only,4,GF_00968
official_genus_current_only,4,GF_00969
official_genus_current_only,4,GF_00970
official_genus_current_only,4,GF_00971
official_genus_current_only,4,GF_00972
official_genus_current_only,4,GF_00982
official_genus_current_only,4,GF_01005
official_genus_current_only,4,GF_01012
official_genus_current_only,4,GF_01026
official_genus_current_only,4,GF_01027
official_genus_current_only,4,GF_01028
official_genus_current_only,4,GF_01054
official_genus_current_only,4,GF_01147
official_genus_current_only,4,GF_01164
official_genus_current_only,4,GF_01212
official_genus_current_only,4,GF_01230
official_genus_current_only,4,GF_01231
official_genus_current_only,4,GF_01232
official_genus_current_only,4,GF_01233
official_genus_current_only,4,GF_01234
official_genus_current_only,4,GF_01235
official_genus_current_only,4,GF_01236
official_genus_current_only,4,GF_01237
official_genus_current_only,4,GF_01239
official_genus_current_only,4,GF_01240
official_genus_current_only,4,GF_01242
official_genus_current_only,4,GF_01244
official_genus_current_only,4,GF_01245
official_genus_current_only,4,GF_01246
official_genus_current_only,4,GF_01247
official_genus_current_only,4,GF_01248
official_genus_current_only,4,GF_01253
official_genus_current_only,4,GF_01266
official_genus_current_only,4,GF_01279
official_genus_current_only,4,GF_01287
official_genus_current_only,4,GF_01290
official_genus_current_only,4,GF_01291
official_genus_current_only,4,GF_01292
official_genus_current_only,4,GF_01293
official_genus_current_only,4,GF_01297
official_genus_current_only,4,GF_01306
official_genus_current_only,4,GF_01314
official_genus_current_only,4,GF_01315
official_genus_current_only,4,GF_01327
official_genus_current_only,4,GF_01328
official_genus_current_only,4,GF_01329
official_genus_current_only,4,GF_01330
official_genus_current_only,4,GF_01331
official_genus_current_only,4,GF_01332
official_genus_current_only,4,GF_01333
official_genus_current_only,4,GF_01335
official_genus_current_only,4,GF_01336
official_genus_current_only,4,GF_01337
official_genus_current_only,4,GF_01338
official_genus_current_only,4,GF_01372
official_genus_current_only,4,GF_01373
official_genus_current_only,4,GF_01374
official_genus_current_only,4,GF_01375
official_genus_current_only,4,GF_01376
official_genus_current_only,4,GF_01377
official_genus_current_only,4,GF_01378
official_genus_current_only,4,GF_01379
official_genus_current_only,4,GF_01381
official_genus_current_only,4,GF_01382
official_genus_current_only,4,GF_01383
official_genus_current_only,4,GF_01385
official_genus_current_only,4,GF_01387
official_genus_current_only,4,GF_01390
official_genus_current_only,4,GF_01391
official_genus_current_only,4,GF_01392
official_genus_current_only,4,GF_01393
official_genus_current_only,4,GF_01394
official_genus_current_only,4,GF_01395
official_genus_current_only,4,GF_01396
official_genus_current_only,4,GF_01397
official_genus_current_only,4,GF_01398
official_genus_current_only,4,GF_01399
official_genus_current_only,4,GF_01400
official_genus_current_only,4,GF_01401
official_genus_current_only,4,GF_01404
official_genus_current_only,4,GF_01409
official_genus_current_only,4,GF_01425
official_genus_current_only,4,GF_01426
official_genus_current_only,4,GF_01428
official_genus_current_only,4,GF_01439
official_genus_current_only,4,GF_01445
official_genus_current_only,4,GF_01446
official_genus_current_only,4,GF_01447
official_genus_current_only,4,GF_01448
official_genus_current_only,4,GF_01449
official_genus_current_only,4,GF_01456
official_genus_current_only,4,GF_01458
official_genus_current_only,4,GF_01460
official_genus_current_only,4,GF_01461
official_genus_current_only,4,GF_01462
official_genus_current_only,4,GF_01464
official_genus_current_only,4,GF_01466
official_genus_current_only,4,GF_01476
official_genus_current_only,4,GF_01477
official_genus_current_only,4,GF_01479
official_genus_current_only,4,GF_01480
official_genus_current_only,4,GF_01481
official_genus_current_only,4,GF_01487
official_genus_current_only,4,GF_01502
official_genus_current_only,4,GF_01504
official_genus_current_only,4,GF_01512
official_genus_current_only,4,GF_01527
official_genus_current_only,4,GF_01533
official_genus_current_only,4,GF_01534
official_genus_current_only,4,GF_01536
official_genus_current_only,4,GF_01537
official_genus_current_only,4,GF_01538
official_genus_current_only,4,GF_01539
official_genus_current_only,4,GF_01540
official_genus_current_only,4,GF_01541
official_genus_current_only,4,GF_01542
official_genus_current_only,4,GF_01544
official_genus_current_only,4,GF_01547
official_genus_current_only,4,GF_01549
official_genus_current_only,4,GF_01552
official_genus_current_only,4,GF_01553
official_genus_current_only,4,GF_01579
official_genus_current_only,4,GF_01580
official_genus_current_only,4,GF_01583
official_genus_current_only,4,GF_01584
official_genus_current_only,4,GF_01591
official_genus_current_only,4,GF_01592
official_genus_current_only,4,GF_01616
official_genus_current_only,4,GF_01617
official_genus_current_only,4,GF_01618
official_genus_current_only,4,GF_01619
official_genus_current_only,4,GF_01620
official_genus_current_only,4,GF_01621
official_genus_current_only,4,GF_01622
official_genus_current_only,4,GF_01623
official_genus_current_only,4,GF_01626
official_genus_current_only,4,GF_01627
official_genus_current_only,4,GF_01628
official_genus_current_only,4,GF_01629
official_genus_current_only,4,GF_01630
official_genus_current_only,4,GF_01634
official_genus_current_only,4,GF_01636
official_genus_current_only,4,GF_01637
official_genus_current_only,4,GF_01638
official_genus_current_only,4,GF_01639
official_genus_current_only,4,GF_01641
official_genus_current_only,4,GF_01648
official_genus_current_only,4,GF_01659
official_genus_current_only,4,GF_01661
official_genus_current_only,4,GF_01672
official_genus_current_only,4,GF_01673
official_genus_current_only,4,GF_01674
official_genus_current_only,4,GF_01675
official_genus_current_only,4,GF_01676
official_genus_current_only,4,GF_01677
official_genus_current_only,4,GF_01678
official_genus_current_only,4,GF_01679
official_genus_current_only,4,GF_01680
official_genus_current_only,4,GF_01681
official_genus_current_only,4,GF_01684
official_genus_current_only,4,GF_01685
official_genus_current_only,4,GF_01688
official_genus_current_only,4,GF_01689
official_genus_current_only,4,GF_01690
official_genus_current_only,4,GF_01691
official_genus_current_only,4,GF_01692
official_genus_current_only,4,GF_01693
official_genus_current_only,4,GF_01732
official_genus_current_only,4,GF_01733
official_genus_current_only,4,GF_01734
official_genus_current_only,4,GF_01735
official_genus_current_only,4,GF_01736
official_genus_current_only,4,GF_01737
official_genus_current_only,4,GF_01740
official_genus_current_only,4,GF_01741
official_genus_current_only,4,GF_01742
official_genus_current_only,4,GF_01745
official_genus_current_only,4,GF_01763
official_genus_current_only,4,GF_01783
official_genus_current_only,4,GF_01798
official_genus_current_only,4,GF_01799
official_genus_current_only,4,GF_01801
official_genus_current_only,4,GF_01802
official_genus_current_only,4,GF_01803
official_genus_current_only,4,GF_01805
official_genus_current_only,4,GF_01806
official_genus_current_only,4,GF_01807
official_genus_current_only,4,GF_01808
official_genus_current_only,4,GF_01809
official_genus_current_only,4,GF_01810
official_genus_current_only,4,GF_01811
official_genus_current_only,4,GF_01812
official_genus_current_only,4,GF_01813
official_genus_current_only,4,GF_01814
official_genus_current_only,4,GF_01815
official_genus_current_only,4,GF_01816
official_genus_current_only,4,GF_01818
official_genus_current_only,4,GF_01819
official_genus_current_only,4,GF_01822
official_genus_current_only,4,GF_01823
official_genus_current_only,4,GF_01834
official_genus_current_only,4,GF_01836
official_genus_current_only,4,GF_01837
official_genus_current_only,4,GF_01840
official_genus_current_only,4,GF_01841
official_genus_current_only,4,GF_01844
official_genus_current_only,4,GF_01856
official_genus_current_only,4,GF_01860
official_genus_current_only,4,GF_01866
official_genus_current_only,4,GF_01870
official_genus_current_only,4,GF_01885
official_genus_current_only,4,GF_01896
official_genus_current_only,4,GF_01897
official_genus_current_only,4,GF_01898
official_genus_current_only,4,GF_01899
official_genus_current_only,4,GF_01900
official_genus_current_only,4,GF_01901
official_genus_current_only,4,GF_01902
official_genus_current_only,4,GF_01904
official_genus_current_only,4,GF_01919
official_genus_current_only,4,GF_01921
official_genus_current_only,4,GF_01923
official_genus_current_only,4,GF_01925
official_genus_current_only,4,GF_01926
official_genus_current_only,4,GF_01927
official_genus_current_only,4,GF_01928
official_genus_current_only,4,GF_01929
official_genus_current_only,4,GF_01930
official_genus_current_only,4,GF_01945
official_genus_current_only,4,GF_02041
official_genus_current_only,4,GF_02060
official_genus_current_only,4,GF_02069
official_genus_current_only,4,GF_02070
official_genus_current_only,4,GF_02071
official_genus_current_only,4,GF_02072
official_genus_current_only,4,GF_02073
official_genus_current_only,4,GF_02074
official_genus_current_only,4,GF_02075
official_genus_current_only,4,GF_02076
official_genus_current_only,4,GF_02084
official_genus_current_only,4,GF_02085
official_genus_current_only,4,GF_02086
official_genus_current_only,4,GF_02088
official_genus_current_only,4,GF_02089
official_genus_current_only,4,GF_02091
official_genus_current_only,4,GF_02092
official_genus_current_only,4,GF_02093
official_genus_current_only,4,GF_02094
official_genus_current_only,4,GF_02101
official_genus_current_only,4,GF_02109
official_genus_current_only,4,GF_02110
official_genus_current_only,4,GF_02122
official_genus_current_only,4,GF_02130
official_genus_current_only,4,GF_02131
official_genus_current_only,4,GF_02132
official_genus_current_only,4,GF_02134
official_genus_current_only,4,GF_02136
official_genus_current_only,4,GF_02137
official_genus_current_only,4,GF_02138
official_genus_current_only,4,GF_02139
official_genus_current_only,4,GF_02140
official_genus_current_only,4,GF_02141
official_genus_current_only,4,GF_02142
official_genus_current_only,4,GF_02145
official_genus_current_only,4,GF_02152
official_genus_current_only,4,GF_02157
official_genus_current_only,4,GF_02159
official_genus_current_only,4,GF_02172
official_genus_current_only,4,GF_02178
official_genus_current_only,4,GF_02180
official_genus_current_only,4,GF_02184
official_genus_current_only,4,GF_02194
official_genus_current_only,4,GF_02215
official_genus_current_only,4,GF_02216
official_genus_current_only,4,GF_02217
official_genus_current_only,4,GF_02218
official_genus_current_only,4,GF_02219
official_genus_current_only,4,GF_02220
official_genus_current_only,4,GF_02222
official_genus_current_only,4,GF_02223
official_genus_current_only,4,GF_02224
official_genus_current_only,4,GF_02225
official_genus_current_only,4,GF_02226
official_genus_current_only,4,GF_02227
official_genus_current_only,4,GF_02228
official_genus_current_only,4,GF_02229
official_genus_current_only,4,GF_02230
official_genus_current_only,4,GF_02239
official_genus_current_only,4,GF_02241
official_genus_current_only,4,GF_02249
official_genus_current_only,4,GF_02260
official_genus_current_only,4,GF_02262
official_genus_current_only,4,GF_02263
official_genus_current_only,4,GF_02264
official_genus_current_only,4,GF_02265
official_genus_current_only,4,GF_02266
official_genus_current_only,5,GF_00002
official_genus_current_only,5,GF_00008
official_genus_current_only,5,GF_00011
official_genus_current_only,5,GF_00012
official_genus_current_only,5,GF_00013
official_genus_current_only,5,GF_00014
official_genus_current_only,5,GF_00015
official_genus_current_only,5,GF_00017
official_genus_current_only,5,GF_00018
official_genus_current_only,5,GF_00036
official_genus_current_only,5,GF_00043
official_genus_current_only,5,GF_00044
official_genus_current_only,5,GF_00046
official_genus_current_only,5,GF_00047
official_genus_current_only,5,GF_00048
official_genus_current_only,5,GF_00049
official_genus_current_only,5,GF_00051
official_genus_current_only,5,GF_00052
official_genus_current_only,5,GF_00071
official_genus_current_only,5,GF_00072
official_genus_current_only,5,GF_00073
official_genus_current_only,5,GF_00074
official_genus_current_only,5,GF_00075
official_genus_current_only,5,GF_00076
official_genus_current_only,5,GF_00077
official_genus_current_only,5,GF_00078
official_genus_current_only,5,GF_00079
official_genus_current_only,5,GF_00080
official_genus_current_only,5,GF_00081
official_genus_current_only,5,GF_00082
official_genus_current_only,5,GF_00083
official_genus_current_only,5,GF_00084
official_genus_current_only,5,GF_00085
official_genus_current_only,5,GF_00087
official_genus_current_only,5,GF_00088
official_genus_current_only,5,GF_00093
official_genus_current_only,5,GF_00094
official_genus_current_only,5,GF_00104
official_genus_current_only,5,GF_00105
official_genus_current_only,5,GF_00106
official_genus_current_only,5,GF_00107
official_genus_current_only,5,GF_00108
official_genus_current_only,5,GF_00109
official_genus_current_only,5,GF_00110
official_genus_current_only,5,GF_00111
official_genus_current_only,5,GF_00112
official_genus_current_only,5,GF_00113
official_genus_current_only,5,GF_00114
official_genus_current_only,5,GF_00115
official_genus_current_only,5,GF_00116
official_genus_current_only,5,GF_00120
official_genus_current_only,5,GF_00121
official_genus_current_only,5,GF_00122
official_genus_current_only,5,GF_00123
official_genus_current_only,5,GF_00124
official_genus_current_only,5,GF_00125
official_genus_current_only,5,GF_00136
official_genus_current_only,5,GF_00137
official_genus_current_only,5,GF_00138
official_genus_current_only,5,GF_00139
official_genus_current_only,5,GF_00141
official_genus_current_only,5,GF_00142
official_genus_current_only,5,GF_00143
official_genus_current_only,5,GF_00155
official_genus_current_only,5,GF_00164
official_genus_current_only,5,GF_00170
official_genus_current_only,5,GF_00175
official_genus_current_only,5,GF_00178
official_genus_current_only,5,GF_00179
official_genus_current_only,5,GF_00180
official_genus_current_only,5,GF_00185
official_genus_current_only,5,GF_00208
official_genus_current_only,5,GF_00220
official_genus_current_only,5,GF_00228
official_genus_current_only,5,GF_00229
official_genus_current_only,5,GF_00235
official_genus_current_only,5,GF_00244
official_genus_current_only,5,GF_00251
official_genus_current_only,5,GF_00262
official_genus_current_only,5,GF_00281
official_genus_current_only,5,GF_00290
official_genus_current_only,5,GF_00296
official_genus_current_only,5,GF_00300
official_genus_current_only,5,GF_00302
official_genus_current_only,5,GF_00303
official_genus_current_only,5,GF_00305
official_genus_current_only,5,GF_00309
official_genus_current_only,5,GF_00311
official_genus_current_only,5,GF_00312
official_genus_current_only,5,GF_00313
official_genus_current_only,5,GF_00314
official_genus_current_only,5,GF_00315
official_genus_current_only,5,GF_00316
official_genus_current_only,5,GF_00317
official_genus_current_only,5,GF_00318
official_genus_current_only,5,GF_00319
official_genus_current_only,5,GF_00320
official_genus_current_only,5,GF_00321
official_genus_current_only,5,GF_00323
official_genus_current_only,5,GF_00324
official_genus_current_only,5,GF_00325
official_genus_current_only,5,GF_00326
official_genus_current_only,5,GF_00327
official_genus_current_only,5,GF_00329
official_genus_current_only,5,GF_00330
official_genus_current_only,5,GF_00331
official_genus_current_only,5,GF_00332
official_genus_current_only,5,GF_00333
official_genus_current_only,5,GF_00335
official_genus_current_only,5,GF_00336
official_genus_current_only,5,GF_00338
official_genus_current_only,5,GF_00339
official_genus_current_only,5,GF_00340
official_genus_current_only,5,GF_00341
official_genus_current_only,5,GF_00342
official_genus_current_only,5,GF_00343
official_genus_current_only,5,GF_00344
official_genus_current_only,5,GF_00346
official_genus_current_only,5,GF_00347
official_genus_current_only,5,GF_00348
official_genus_current_only,5,GF_00349
official_genus_current_only,5,GF_00350
official_genus_current_only,5,GF_00351
official_genus_current_only,5,GF_00352
official_genus_current_only,5,GF_00353
official_genus_current_only,5,GF_00355
official_genus_current_only,5,GF_00358
official_genus_current_only,5,GF_00360
official_genus_current_only,5,GF_00362
official_genus_current_only,5,GF_00363
official_genus_current_only,5,GF_00364
official_genus_current_only,5,GF_00365
official_genus_current_only,5,GF_00369
official_genus_current_only,5,GF_00378
official_genus_current_only,5,GF_00381
official_genus_current_only,5,GF_00384
official_genus_current_only,5,GF_00385
official_genus_current_only,5,GF_00386
official_genus_current_only,5,GF_00387
official_genus_current_only,5,GF_00388
official_genus_current_only,5,GF_00389
official_genus_current_only,5,GF_00390
official_genus_current_only,5,GF_00391
official_genus_current_only,5,GF_00393
official_genus_current_only,5,GF_00394
official_genus_current_only,5,GF_00395
official_genus_current_only,5,GF_00396
official_genus_current_only,5,GF_00400
official_genus_current_only,5,GF_00401
official_genus_current_only,5,GF_00402
official_genus_current_only,5,GF_00403
official_genus_current_only,5,GF_00404
official_genus_current_only,5,GF_00405
official_genus_current_only,5,GF_00406
official_genus_current_only,5,GF_00407
official_genus_current_only,5,GF_00408
official_genus_current_only,5,GF_00409
official_genus_current_only,5,GF_00410
official_genus_current_only,5,GF_00413
official_genus_current_only,5,GF_00414
official_genus_current_only,5,GF_00415
official_genus_current_only,5,GF_00417
official_genus_current_only,5,GF_00418
official_genus_current_only,5,GF_00421
official_genus_current_only,5,GF_00422
official_genus_current_only,5,GF_00424
official_genus_current_only,5,GF_00426
official_genus_current_only,5,GF_00427
official_genus_current_only,5,GF_00428
official_genus_current_only,5,GF_00429
official_genus_current_only,5,GF_00430
official_genus_current_only,5,GF_00431
official_genus_current_only,5,GF_00432
official_genus_current_only,5,GF_00433
official_genus_current_only,5,GF_00434
official_genus_current_only,5,GF_00435
official_genus_current_only,5,GF_00436
official_genus_current_only,5,GF_00437
official_genus_current_only,5,GF_00438
official_genus_current_only,5,GF_00440
official_genus_current_only,5,GF_00441
official_genus_current_only,5,GF_00455
official_genus_current_only,5,GF_00457
official_genus_current_only,5,GF_00471
official_genus_current_only,5,GF_00472
official_genus_current_only,5,GF_00477
official_genus_current_only,5,GF_00480
official_genus_current_only,5,GF_00482
official_genus_current_only,5,GF_00488
official_genus_current_only,5,GF_00489
official_genus_current_only,5,GF_00503
official_genus_current_only,5,GF_00522
official_genus_current_only,5,GF_00523
official_genus_current_only,5,GF_00524
official_genus_current_only,5,GF_00525
official_genus_current_only,5,GF_00527
official_genus_current_only,5,GF_00528
official_genus_current_only,5,GF_00529
official_genus_current_only,5,GF_00530
official_genus_current_only,5,GF_00531
official_genus_current_only,5,GF_00536
official_genus_current_only,5,GF_00538
official_genus_current_only,5,GF_00546
official_genus_current_only,5,GF_00547
official_genus_current_only,5,GF_00548
official_genus_current_only,5,GF_00549
official_genus_current_only,5,GF_00564
official_genus_current_only,5,GF_00565
official_genus_current_only,5,GF_00566
official_genus_current_only,5,GF_00569
official_genus_current_only,5,GF_00570
official_genus_current_only,5,GF_00572
official_genus_current_only,5,GF_00574
official_genus_current_only,5,GF_00578
official_genus_current_only,5,GF_00580
official_genus_current_only,5,GF_00588
official_genus_current_only,5,GF_00593
official_genus_current_only,5,GF_00594
official_genus_current_only,5,GF_00595
official_genus_current_only,5,GF_00599
official_genus_current_only,5,GF_00600
official_genus_current_only,5,GF_00601
official_genus_current_only,5,GF_00602
official_genus_current_only,5,GF_00603
official_genus_current_only,5,GF_00604
official_genus_current_only,5,GF_00605
official_genus_current_only,5,GF_00606
official_genus_current_only,5,GF_00607
official_genus_current_only,5,GF_00608
official_genus_current_only,5,GF_00609
official_genus_current_only,5,GF_00611
official_genus_current_only,5,GF_00612
official_genus_current_only,5,GF_00613
official_genus_current_only,5,GF_00614
official_genus_current_only,5,GF_00615
official_genus_current_only,5,GF_00617
official_genus_current_only,5,GF_00618
official_genus_current_only,5,GF_00619
official_genus_current_only,5,GF_00620
official_genus_current_only,5,GF_00621
official_genus_current_only,5,GF_00622
official_genus_current_only,5,GF_00623
official_genus_current_only,5,GF_00624
official_genus_current_only,5,GF_00632
official_genus_current_only,5,GF_00633
official_genus_current_only,5,GF_00635
official_genus_current_only,5,GF_00636
official_genus_current_only,5,GF_00637
official_genus_current_only,5,GF_00638
official_genus_current_only,5,GF_00640
official_genus_current_only,5,GF_00641
official_genus_current_only,5,GF_00642
official_genus_current_only,5,GF_00643
official_genus_current_only,5,GF_00655
official_genus_current_only,5,GF_00658
official_genus_current_only,5,GF_00659
official_genus_current_only,5,GF_00661
official_genus_current_only,5,GF_00669
official_genus_current_only,5,GF_00676
official_genus_current_only,5,GF_00681
official_genus_current_only,5,GF_00683
official_genus_current_only,5,GF_00684
official_genus_current_only,5,GF_00688
official_genus_current_only,5,GF_00695
official_genus_current_only,5,GF_00699
official_genus_current_only,5,GF_00702
official_genus_current_only,5,GF_00709
official_genus_current_only,5,GF_00722
official_genus_current_only,5,GF_00723
official_genus_current_only,5,GF_00724
official_genus_current_only,5,GF_00725
official_genus_current_only,5,GF_00726
official_genus_current_only,5,GF_00727
official_genus_current_only,5,GF_00728
official_genus_current_only,5,GF_00729
official_genus_current_only,5,GF_00732
official_genus_current_only,5,GF_00736
official_genus_current_only,5,GF_00740
official_genus_current_only,5,GF_00741
official_genus_current_only,5,GF_00744
official_genus_current_only,5,GF_00751
official_genus_current_only,5,GF_00755
official_genus_current_only,5,GF_00756
official_genus_current_only,5,GF_00761
official_genus_current_only,5,GF_00771
official_genus_current_only,5,GF_00773
official_genus_current_only,5,GF_00776
official_genus_current_only,5,GF_00777
official_genus_current_only,5,GF_00785
official_genus_current_only,5,GF_00796
official_genus_current_only,5,GF_00810
official_genus_current_only,5,GF_00811
official_genus_current_only,5,GF_00813
official_genus_current_only,5,GF_00814
official_genus_current_only,5,GF_00816
official_genus_current_only,5,GF_00819
official_genus_current_only,5,GF_00828
official_genus_current_only,5,GF_00843
official_genus_current_only,5,GF_00845
official_genus_current_only,5,GF_00857
official_genus_current_only,5,GF_00860
official_genus_current_only,5,GF_00864
official_genus_current_only,5,GF_00866
official_genus_current_only,5,GF_00868
official_genus_current_only,5,GF_00869
official_genus_current_only,5,GF_00870
official_genus_current_only,5,GF_00872
official_genus_current_only,5,GF_00873
official_genus_current_only,5,GF_00874
official_genus_current_only,5,GF_00888
official_genus_current_only,5,GF_00895
official_genus_current_only,5,GF_00916
official_genus_current_only,5,GF_00927
official_genus_current_only,5,GF_00931
official_genus_current_only,5,GF_00932
official_genus_current_only,5,GF_00933
official_genus_current_only,5,GF_00946
official_genus_current_only,5,GF_00947
official_genus_current_only,5,GF_00949
official_genus_current_only,5,GF_00957
official_genus_current_only,5,GF_00958
official_genus_current_only,5,GF_00959
official_genus_current_only,5,GF_00960
official_genus_current_only,5,GF_00963
official_genus_current_only,5,GF_00966
official_genus_current_only,5,GF_00968
official_genus_current_only,5,GF_00969
official_genus_current_only,5,GF_00970
official_genus_current_only,5,GF_00971
official_genus_current_only,5,GF_00972
official_genus_current_only,5,GF_00982
official_genus_current_only,5,GF_01004
official_genus_current_only,5,GF_01005
official_genus_current_only,5,GF_01012
official_genus_current_only,5,GF_01026
official_genus_current_only,5,GF_01027
official_genus_current_only,5,GF_01028
official_genus_current_only,5,GF_01054
official_genus_current_only,5,GF_01230
official_genus_current_only,5,GF_01231
official_genus_current_only,5,GF_01232
official_genus_current_only,5,GF_01233
official_genus_current_only,5,GF_01234
official_genus_current_only,5,GF_01235
official_genus_current_only,5,GF_01236
official_genus_current_only,5,GF_01237
official_genus_current_only,5,GF_01239
official_genus_current_only,5,GF_01240
official_genus_current_only,5,GF_01241
official_genus_current_only,5,GF_01242
official_genus_current_only,5,GF_01244
official_genus_current_only,5,GF_01245
official_genus_current_only,5,GF_01246
official_genus_current_only,5,GF_01247
official_genus_current_only,5,GF_01248
official_genus_current_only,5,GF_01253
official_genus_current_only,5,GF_01266
official_genus_current_only,5,GF_01279
official_genus_current_only,5,GF_01287
official_genus_current_only,5,GF_01290
official_genus_current_only,5,GF_01291
official_genus_current_only,5,GF_01292
official_genus_current_only,5,GF_01293
official_genus_current_only,5,GF_01297
official_genus_current_only,5,GF_01306
official_genus_current_only,5,GF_01314
official_genus_current_only,5,GF_01315
official_genus_current_only,5,GF_01327
official_genus_current_only,5,GF_01328
official_genus_current_only,5,GF_01329
official_genus_current_only,5,GF_01330
official_genus_current_only,5,GF_01331
official_genus_current_only,5,GF_01332
official_genus_current_only,5,GF_01333
official_genus_current_only,5,GF_01334
official_genus_current_only,5,GF_01336
official_genus_current_only,5,GF_01337
official_genus_current_only,5,GF_01338
official_genus_current_only,5,GF_01357
official_genus_current_only,5,GF_01359
official_genus_current_only,5,GF_01372
official_genus_current_only,5,GF_01373
official_genus_current_only,5,GF_01374
official_genus_current_only,5,GF_01375
official_genus_current_only,5,GF_01376
official_genus_current_only,5,GF_01377
official_genus_current_only,5,GF_01379
official_genus_current_only,5,GF_01381
official_genus_current_only,5,GF_01382
official_genus_current_only,5,GF_01383
official_genus_current_only,5,GF_01384
official_genus_current_only,5,GF_01385
official_genus_current_only,5,GF_01386
official_genus_current_only,5,GF_01387
official_genus_current_only,5,GF_01390
official_genus_current_only,5,GF_01391
official_genus_current_only,5,GF_01393
official_genus_current_only,5,GF_01394
official_genus_current_only,5,GF_01395
official_genus_current_only,5,GF_01396
official_genus_current_only,5,GF_01397
official_genus_current_only,5,GF_01399
official_genus_current_only,5,GF_01400
official_genus_current_only,5,GF_01401
official_genus_current_only,5,GF_01404
official_genus_current_only,5,GF_01409
official_genus_current_only,5,GF_01425
official_genus_current_only,5,GF_01426
official_genus_current_only,5,GF_01428
official_genus_current_only,5,GF_01439
official_genus_current_only,5,GF_01445
official_genus_current_only,5,GF_01446
official_genus_current_only,5,GF_01447
official_genus_current_only,5,GF_01448
official_genus_current_only,5,GF_01449
official_genus_current_only,5,GF_01456
official_genus_current_only,5,GF_01458
official_genus_current_only,5,GF_01460
official_genus_current_only,5,GF_01461
official_genus_current_only,5,GF_01466
official_genus_current_only,5,GF_01477
official_genus_current_only,5,GF_01479
official_genus_current_only,5,GF_01480
official_genus_current_only,5,GF_01481
official_genus_current_only,5,GF_01487
official_genus_current_only,5,GF_01502
official_genus_current_only,5,GF_01512
official_genus_current_only,5,GF_01527
official_genus_current_only,5,GF_01534
official_genus_current_only,5,GF_01536
official_genus_current_only,5,GF_01537
official_genus_current_only,5,GF_01538
official_genus_current_only,5,GF_01539
official_genus_current_only,5,GF_01540
official_genus_current_only,5,GF_01541
official_genus_current_only,5,GF_01542
official_genus_current_only,5,GF_01544
official_genus_current_only,5,GF_01547
official_genus_current_only,5,GF_01549
official_genus_current_only,5,GF_01552
official_genus_current_only,5,GF_01553
official_genus_current_only,5,GF_01579
official_genus_current_only,5,GF_01580
official_genus_current_only,5,GF_01583
official_genus_current_only,5,GF_01584
official_genus_current_only,5,GF_01591
official_genus_current_only,5,GF_01592
official_genus_current_only,5,GF_01616
official_genus_current_only,5,GF_01617
official_genus_current_only,5,GF_01618
official_genus_current_only,5,GF_01619
official_genus_current_only,5,GF_01620
official_genus_current_only,5,GF_01621
official_genus_current_only,5,GF_01623
official_genus_current_only,5,GF_01625
official_genus_current_only,5,GF_01626
official_genus_current_only,5,GF_01627
official_genus_current_only,5,GF_01628
official_genus_current_only,5,GF_01629
official_genus_current_only,5,GF_01634
official_genus_current_only,5,GF_01635
official_genus_current_only,5,GF_01636
official_genus_current_only,5,GF_01637
official_genus_current_only,5,GF_01638
official_genus_current_only,5,GF_01639
official_genus_current_only,5,GF_01641
official_genus_current_only,5,GF_01643
official_genus_current_only,5,GF_01648
official_genus_current_only,5,GF_01661
official_genus_current_only,5,GF_01672
official_genus_current_only,5,GF_01673
official_genus_current_only,5,GF_01674
official_genus_current_only,5,GF_01675
official_genus_current_only,5,GF_01676
official_genus_current_only,5,GF_01677
official_genus_current_only,5,GF_01678
official_genus_current_only,5,GF_01679
official_genus_current_only,5,GF_01680
official_genus_current_only,5,GF_01681
official_genus_current_only,5,GF_01683
official_genus_current_only,5,GF_01684
official_genus_current_only,5,GF_01685
official_genus_current_only,5,GF_01688
official_genus_current_only,5,GF_01689
official_genus_current_only,5,GF_01690
official_genus_current_only,5,GF_01691
official_genus_current_only,5,GF_01692
official_genus_current_only,5,GF_01693
official_genus_current_only,5,GF_01732
official_genus_current_only,5,GF_01733
official_genus_current_only,5,GF_01734
official_genus_current_only,5,GF_01735
official_genus_current_only,5,GF_01736
official_genus_current_only,5,GF_01740
official_genus_current_only,5,GF_01741
official_genus_current_only,5,GF_01742
official_genus_current_only,5,GF_01745
official_genus_current_only,5,GF_01763
official_genus_current_only,5,GF_01783
official_genus_current_only,5,GF_01799
official_genus_current_only,5,GF_01802
official_genus_current_only,5,GF_01803
official_genus_current_only,5,GF_01805
official_genus_current_only,5,GF_01806
official_genus_current_only,5,GF_01807
official_genus_current_only,5,GF_01808
official_genus_current_only,5,GF_01809
official_genus_current_only,5,GF_01810
official_genus_current_only,5,GF_01811
official_genus_current_only,5,GF_01812
official_genus_current_only,5,GF_01813
official_genus_current_only,5,GF_01814
official_genus_current_only,5,GF_01815
official_genus_current_only,5,GF_01816
official_genus_current_only,5,GF_01818
official_genus_current_only,5,GF_01819
official_genus_current_only,5,GF_01822
official_genus_current_only,5,GF_01823
official_genus_current_only,5,GF_01834
official_genus_current_only,5,GF_01836
official_genus_current_only,5,GF_01837
official_genus_current_only,5,GF_01840
official_genus_current_only,5,GF_01841
official_genus_current_only,5,GF_01842
official_genus_current_only,5,GF_01844
official_genus_current_only,5,GF_01856
official_genus_current_only,5,GF_01860
official_genus_current_only,5,GF_01866
official_genus_current_only,5,GF_01870
official_genus_current_only,5,GF_01872
official_genus_current_only,5,GF_01885
official_genus_current_only,5,GF_01897
official_genus_current_only,5,GF_01898
official_genus_current_only,5,GF_01899
official_genus_current_only,5,GF_01900
official_genus_current_only,5,GF_01901
official_genus_current_only,5,GF_01902
official_genus_current_only,5,GF_01904
official_genus_current_only,5,GF_01919
official_genus_current_only,5,GF_01921
official_genus_current_only,5,GF_01923
official_genus_current_only,5,GF_01925
official_genus_current_only,5,GF_01926
official_genus_current_only,5,GF_01927
official_genus_current_only,5,GF_01928
official_genus_current_only,5,GF_01929
official_genus_current_only,5,GF_01930
official_genus_current_only,5,GF_01945
official_genus_current_only,5,GF_02041
official_genus_current_only,5,GF_02059
official_genus_current_only,5,GF_02060
official_genus_current_only,5,GF_02069
official_genus_current_only,5,GF_02070
official_genus_current_only,5,GF_02071
official_genus_current_only,5,GF_02072
official_genus_current_only,5,GF_02074
official_genus_current_only,5,GF_02075
official_genus_current_only,5,GF_02076
official_genus_current_only,5,GF_02081
official_genus_current_only,5,GF_02084
official_genus_current_only,5,GF_02085
official_genus_current_only,5,GF_02088
official_genus_current_only,5,GF_02089
official_genus_current_only,5,GF_02091
official_genus_current_only,5,GF_02092
official_genus_current_only,5,GF_02093
official_genus_current_only,5,GF_02094
official_genus_current_only,5,GF_02101
official_genus_current_only,5,GF_02110
official_genus_current_only,5,GF_02113
official_genus_current_only,5,GF_02122
official_genus_current_only,5,GF_02130
official_genus_current_only,5,GF_02131
official_genus_current_only,5,GF_02136
official_genus_current_only,5,GF_02137
official_genus_current_only,5,GF_02138
official_genus_current_only,5,GF_02139
official_genus_current_only,5,GF_02140
official_genus_current_only,5,GF_02141
official_genus_current_only,5,GF_02142
official_genus_current_only,5,GF_02143
official_genus_current_only,5,GF_02145
official_genus_current_only,5,GF_02152
official_genus_current_only,5,GF_02157
official_genus_current_only,5,GF_02158
official_genus_current_only,5,GF_02159
official_genus_current_only,5,GF_02168
official_genus_current_only,5,GF_02172
official_genus_current_only,5,GF_02178
official_genus_current_only,5,GF_02180
official_genus_current_only,5,GF_02184
official_genus_current_only,5,GF_02194
official_genus_current_only,5,GF_02215
official_genus_current_only,5,GF_02216
official_genus_current_only,5,GF_02217
official_genus_current_only,5,GF_02218
official_genus_current_only,5,GF_02219
official_genus_current_only,5,GF_02220
official_genus_current_only,5,GF_02222
official_genus_current_only,5,GF_02223
official_genus_current_only,5,GF_02224
official_genus_current_only,5,GF_02225
official_genus_current_only,5,GF_02226
official_genus_current_only,5,GF_02227
official_genus_current_only,5,GF_02228
official_genus_current_only,5,GF_02229
official_genus_current_only,5,GF_02230
official_genus_current_only,5,GF_02260
official_genus_current_only,5,GF_02261
official_genus_current_only,5,GF_02262
official_genus_current_only,5,GF_02263
official_genus_current_only,5,GF_02264
official_genus_current_only,5,GF_02266
