scenario,model,fold,assembly_accession,genus,audit_group,y_true,y_prob,y_pred
official_genus_resolved422,Random Forest,1,GCF_000010625.1,Microcystis,1125,0,0.5135461270755387,1
official_genus_resolved422,Random Forest,1,GCF_000196515.1,'Nostoc,264688,1,0.8986855089355088,1
official_genus_resolved422,Random Forest,1,GCF_000204075.1,Trichormus,264688,1,0.9847850678733032,1
official_genus_resolved422,Random Forest,1,GCF_000317475.1,Phormidium,1198,0,0.34860626106147163,0
official_genus_resolved422,Random Forest,1,GCF_000317495.1,Crinalium,241421,0,0.6430419988508221,1
official_genus_resolved422,Random Forest,1,GCF_000317515.1,Allocoleopsis,2886347,1,0.6042243255110901,1
official_genus_resolved422,Random Forest,1,GCF_000317615.1,Dactylococcopsis,13034,0,0.3817692737087473,0
official_genus_resolved422,Random Forest,1,GCF_000981785.1,Microcystis,1125,0,0.5072252257546375,1
official_genus_resolved422,Random Forest,1,GCF_000981785.2,Microcystis,1125,0,0.516370802400214,1
official_genus_resolved422,Random Forest,1,GCF_001264245.1,Microcystis,1125,0,0.4874986329030445,0
official_genus_resolved422,Random Forest,1,GCF_001704955.1,Microcystis,1125,0,0.5072252257546375,1
official_genus_resolved422,Random Forest,1,GCF_001704955.2,Microcystis,1125,0,0.5252380462674578,1
official_genus_resolved422,Random Forest,1,GCF_001767235.1,Moorena,1155738,0,0.5700326617826615,1
official_genus_resolved422,Random Forest,1,GCF_001854205.2,Moorena,1155738,0,0.5308273412861646,1
official_genus_resolved422,Random Forest,1,GCF_002095975.1,Microcystis,1125,0,0.5156925917220033,1
official_genus_resolved422,Random Forest,1,GCF_003019735.1,Microcystis,1125,0,0.5304599354893472,1
official_genus_resolved422,Random Forest,1,GCF_003945305.1,Microcystis,1125,0,0.5157450392744508,1
official_genus_resolved422,Random Forest,1,GCF_003990665.1,Thermostichus,2881385,0,0.014241745057209725,0
official_genus_resolved422,Random Forest,1,GCF_007904085.1,Euhalothece,65097,1,0.30070115571562933,0
official_genus_resolved422,Random Forest,1,GCF_009792235.1,Microcystis,1125,0,0.5327747040541158,1
official_genus_resolved422,Random Forest,1,GCF_009856605.1,Trichormus,264688,1,0.9847850678733032,1
official_genus_resolved422,Random Forest,1,GCF_010196425.1,Microcystis,1125,0,0.5265441013235129,1
official_genus_resolved422,Random Forest,1,GCF_012516315.1,Limnospira,2596745,0,0.33156365334012394,0
official_genus_resolved422,Random Forest,1,GCF_014489415.1,Cylindrospermopsis,244599,1,0.8663863955617824,1
official_genus_resolved422,Random Forest,1,GCF_016446395.1,[Phormidium],2023214,0,0.4548828491769668,0
official_genus_resolved422,Random Forest,1,GCF_019056575.1,Richelia,98443,1,0.9475620172311348,1
official_genus_resolved422,Random Forest,1,GCF_019704275.1,Microcystis,1125,0,0.5540227338021455,1
official_genus_resolved422,Random Forest,1,GCF_020091585.1,Kovacikia,1874526,0,0.5454431589222609,1
official_genus_resolved422,Random Forest,1,GCF_021172085.1,Microcystis,1125,0,0.5156925917220033,1
official_genus_resolved422,Random Forest,1,GCF_025200965.1,Limnospira,2596745,0,0.2921012546277252,0
official_genus_resolved422,Random Forest,1,GCF_026000695.1,Limnospira,2596745,0,0.3471005930086426,0
official_genus_resolved422,Random Forest,1,GCF_026222535.1,Microcystis,1125,0,0.5378422198716316,1
official_genus_resolved422,Random Forest,1,GCF_030553035.1,Microcystis,1125,0,0.5156925917220033,1
official_genus_resolved422,Random Forest,1,GCF_031754835.1,Microcystis,1125,0,0.49033056485997656,0
official_genus_resolved422,Random Forest,1,GCF_038050375.1,Okeanomitos,3231549,1,0.9518196582828934,1
official_genus_resolved422,Random Forest,1,GCF_038396575.1,Microcystis,1125,0,0.5317026927321045,1
official_genus_resolved422,Random Forest,1,GCF_041506625.1,Microcystis,1125,0,0.5156925917220033,1
official_genus_resolved422,Random Forest,1,GCF_048593405.1,Microcystis,1125,0,0.53470385823327,1
official_genus_resolved422,Random Forest,1,GCF_048820285.1,Microcystis,1125,0,0.5265441013235129,1
official_genus_resolved422,Random Forest,1,GCF_050500235.1,Microcystis,1125,0,0.5527166787460904,1
official_genus_resolved422,Random Forest,1,GCF_050500245.1,Microcystis,1125,0,0.5549155909450026,1
official_genus_resolved422,Random Forest,1,GCF_050500255.1,Microcystis,1125,0,0.5096808224455281,1
official_genus_resolved422,Random Forest,1,GCF_050711215.1,Microcystis,1125,0,0.5253693593987712,1
official_genus_resolved422,Random Forest,1,GCF_976987195.1,Microcystis,1125,0,0.5540227338021455,1
official_genus_resolved422,Gradient Boosting,1,GCF_000010625.1,Microcystis,1125,0,0.9170282439378004,1
official_genus_resolved422,Gradient Boosting,1,GCF_000196515.1,'Nostoc,264688,1,0.930815838943086,1
official_genus_resolved422,Gradient Boosting,1,GCF_000204075.1,Trichormus,264688,1,0.9998036836210027,1
official_genus_resolved422,Gradient Boosting,1,GCF_000317475.1,Phormidium,1198,0,0.000290720751416836,0
official_genus_resolved422,Gradient Boosting,1,GCF_000317495.1,Crinalium,241421,0,0.7542220592394123,1
official_genus_resolved422,Gradient Boosting,1,GCF_000317515.1,Allocoleopsis,2886347,1,0.3532638856393484,0
official_genus_resolved422,Gradient Boosting,1,GCF_000317615.1,Dactylococcopsis,13034,0,0.9992789590760662,1
official_genus_resolved422,Gradient Boosting,1,GCF_000981785.1,Microcystis,1125,0,0.9913257774740162,1
official_genus_resolved422,Gradient Boosting,1,GCF_000981785.2,Microcystis,1125,0,0.9912690877510835,1
official_genus_resolved422,Gradient Boosting,1,GCF_001264245.1,Microcystis,1125,0,0.8563395621049414,1
official_genus_resolved422,Gradient Boosting,1,GCF_001704955.1,Microcystis,1125,0,0.9895736818177223,1
official_genus_resolved422,Gradient Boosting,1,GCF_001704955.2,Microcystis,1125,0,0.9912690877510835,1
official_genus_resolved422,Gradient Boosting,1,GCF_001767235.1,Moorena,1155738,0,0.7227869517065112,1
official_genus_resolved422,Gradient Boosting,1,GCF_001854205.2,Moorena,1155738,0,0.21226973935432478,0
official_genus_resolved422,Gradient Boosting,1,GCF_002095975.1,Microcystis,1125,0,0.8663820213248707,1
official_genus_resolved422,Gradient Boosting,1,GCF_003019735.1,Microcystis,1125,0,0.9632868711393313,1
official_genus_resolved422,Gradient Boosting,1,GCF_003945305.1,Microcystis,1125,0,0.8601494026784514,1
official_genus_resolved422,Gradient Boosting,1,GCF_003990665.1,Thermostichus,2881385,0,4.481673760275962e-05,0
official_genus_resolved422,Gradient Boosting,1,GCF_007904085.1,Euhalothece,65097,1,0.004848128092232573,0
official_genus_resolved422,Gradient Boosting,1,GCF_009792235.1,Microcystis,1125,0,0.9776214483823665,1
official_genus_resolved422,Gradient Boosting,1,GCF_009856605.1,Trichormus,264688,1,0.9998036836210027,1
official_genus_resolved422,Gradient Boosting,1,GCF_010196425.1,Microcystis,1125,0,0.9756520728647223,1
official_genus_resolved422,Gradient Boosting,1,GCF_012516315.1,Limnospira,2596745,0,0.00015297149387743248,0
official_genus_resolved422,Gradient Boosting,1,GCF_014489415.1,Cylindrospermopsis,244599,1,0.9997052708243386,1
official_genus_resolved422,Gradient Boosting,1,GCF_016446395.1,[Phormidium],2023214,0,0.030681680302432977,0
official_genus_resolved422,Gradient Boosting,1,GCF_019056575.1,Richelia,98443,1,0.9998334761363025,1
official_genus_resolved422,Gradient Boosting,1,GCF_019704275.1,Microcystis,1125,0,0.9876224445972,1
official_genus_resolved422,Gradient Boosting,1,GCF_020091585.1,Kovacikia,1874526,0,0.9540685160172667,1
official_genus_resolved422,Gradient Boosting,1,GCF_021172085.1,Microcystis,1125,0,0.8663820213248707,1
official_genus_resolved422,Gradient Boosting,1,GCF_025200965.1,Limnospira,2596745,0,0.0002269923321236907,0
official_genus_resolved422,Gradient Boosting,1,GCF_026000695.1,Limnospira,2596745,0,0.0009357747164855024,0
official_genus_resolved422,Gradient Boosting,1,GCF_026222535.1,Microcystis,1125,0,0.9808073838226972,1
official_genus_resolved422,Gradient Boosting,1,GCF_030553035.1,Microcystis,1125,0,0.8663820213248707,1
official_genus_resolved422,Gradient Boosting,1,GCF_031754835.1,Microcystis,1125,0,0.9237806551660619,1
official_genus_resolved422,Gradient Boosting,1,GCF_038050375.1,Okeanomitos,3231549,1,0.9999146186923036,1
official_genus_resolved422,Gradient Boosting,1,GCF_038396575.1,Microcystis,1125,0,0.9861863772300249,1
official_genus_resolved422,Gradient Boosting,1,GCF_041506625.1,Microcystis,1125,0,0.8663820213248707,1
official_genus_resolved422,Gradient Boosting,1,GCF_048593405.1,Microcystis,1125,0,0.9921476468784591,1
official_genus_resolved422,Gradient Boosting,1,GCF_048820285.1,Microcystis,1125,0,0.9756520728647223,1
official_genus_resolved422,Gradient Boosting,1,GCF_050500235.1,Microcystis,1125,0,0.9920510177659844,1
official_genus_resolved422,Gradient Boosting,1,GCF_050500245.1,Microcystis,1125,0,0.9902225912719339,1
official_genus_resolved422,Gradient Boosting,1,GCF_050500255.1,Microcystis,1125,0,0.9746638713181922,1
official_genus_resolved422,Gradient Boosting,1,GCF_050711215.1,Microcystis,1125,0,0.9746639877734814,1
official_genus_resolved422,Gradient Boosting,1,GCF_976987195.1,Microcystis,1125,0,0.9876224445972,1
official_genus_resolved422,Logistic Regression,1,GCF_000010625.1,Microcystis,1125,0,0.9877532143142885,1
official_genus_resolved422,Logistic Regression,1,GCF_000196515.1,'Nostoc,264688,1,0.9923899170816763,1
official_genus_resolved422,Logistic Regression,1,GCF_000204075.1,Trichormus,264688,1,0.9998417196021283,1
official_genus_resolved422,Logistic Regression,1,GCF_000317475.1,Phormidium,1198,0,0.0494232585678434,0
official_genus_resolved422,Logistic Regression,1,GCF_000317495.1,Crinalium,241421,0,0.9742687687926425,1
official_genus_resolved422,Logistic Regression,1,GCF_000317515.1,Allocoleopsis,2886347,1,0.9673005647721022,1
official_genus_resolved422,Logistic Regression,1,GCF_000317615.1,Dactylococcopsis,13034,0,0.6734037121716928,1
official_genus_resolved422,Logistic Regression,1,GCF_000981785.1,Microcystis,1125,0,0.9925919480690134,1
official_genus_resolved422,Logistic Regression,1,GCF_000981785.2,Microcystis,1125,0,0.9955406738431823,1
official_genus_resolved422,Logistic Regression,1,GCF_001264245.1,Microcystis,1125,0,0.9160722838856995,1
official_genus_resolved422,Logistic Regression,1,GCF_001704955.1,Microcystis,1125,0,0.9911319841509417,1
official_genus_resolved422,Logistic Regression,1,GCF_001704955.2,Microcystis,1125,0,0.9972531925523179,1
official_genus_resolved422,Logistic Regression,1,GCF_001767235.1,Moorena,1155738,0,0.2964135137296086,0
official_genus_resolved422,Logistic Regression,1,GCF_001854205.2,Moorena,1155738,0,0.21029972806249603,0
official_genus_resolved422,Logistic Regression,1,GCF_002095975.1,Microcystis,1125,0,0.9826619668743384,1
official_genus_resolved422,Logistic Regression,1,GCF_003019735.1,Microcystis,1125,0,0.9518965880758438,1
official_genus_resolved422,Logistic Regression,1,GCF_003945305.1,Microcystis,1125,0,0.9818446778226034,1
official_genus_resolved422,Logistic Regression,1,GCF_003990665.1,Thermostichus,2881385,0,0.000387743477321308,0
official_genus_resolved422,Logistic Regression,1,GCF_007904085.1,Euhalothece,65097,1,0.5171176220725886,1
official_genus_resolved422,Logistic Regression,1,GCF_009792235.1,Microcystis,1125,0,0.998133944542851,1
official_genus_resolved422,Logistic Regression,1,GCF_009856605.1,Trichormus,264688,1,0.9998454451587372,1
official_genus_resolved422,Logistic Regression,1,GCF_010196425.1,Microcystis,1125,0,0.9645065948890903,1
official_genus_resolved422,Logistic Regression,1,GCF_012516315.1,Limnospira,2596745,0,0.026046020612312662,0
official_genus_resolved422,Logistic Regression,1,GCF_014489415.1,Cylindrospermopsis,244599,1,0.9990096716299246,1
official_genus_resolved422,Logistic Regression,1,GCF_016446395.1,[Phormidium],2023214,0,0.5902909696052977,1
official_genus_resolved422,Logistic Regression,1,GCF_019056575.1,Richelia,98443,1,0.9950757128758995,1
official_genus_resolved422,Logistic Regression,1,GCF_019704275.1,Microcystis,1125,0,0.9913883559364987,1
official_genus_resolved422,Logistic Regression,1,GCF_020091585.1,Kovacikia,1874526,0,0.9745041040608741,1
official_genus_resolved422,Logistic Regression,1,GCF_021172085.1,Microcystis,1125,0,0.985595098740576,1
official_genus_resolved422,Logistic Regression,1,GCF_025200965.1,Limnospira,2596745,0,0.015792885741584873,0
official_genus_resolved422,Logistic Regression,1,GCF_026000695.1,Limnospira,2596745,0,0.036148220523240085,0
official_genus_resolved422,Logistic Regression,1,GCF_026222535.1,Microcystis,1125,0,0.9953197417818532,1
official_genus_resolved422,Logistic Regression,1,GCF_030553035.1,Microcystis,1125,0,0.9863382272901323,1
official_genus_resolved422,Logistic Regression,1,GCF_031754835.1,Microcystis,1125,0,0.9908231144358339,1
official_genus_resolved422,Logistic Regression,1,GCF_038050375.1,Okeanomitos,3231549,1,0.9999725858523768,1
official_genus_resolved422,Logistic Regression,1,GCF_038396575.1,Microcystis,1125,0,0.9796438404794817,1
official_genus_resolved422,Logistic Regression,1,GCF_041506625.1,Microcystis,1125,0,0.9863382272901323,1
official_genus_resolved422,Logistic Regression,1,GCF_048593405.1,Microcystis,1125,0,0.9938667377990947,1
official_genus_resolved422,Logistic Regression,1,GCF_048820285.1,Microcystis,1125,0,0.9645065948890903,1
official_genus_resolved422,Logistic Regression,1,GCF_050500235.1,Microcystis,1125,0,0.9959635826055984,1
official_genus_resolved422,Logistic Regression,1,GCF_050500245.1,Microcystis,1125,0,0.9935107074993369,1
official_genus_resolved422,Logistic Regression,1,GCF_050500255.1,Microcystis,1125,0,0.9745354073001302,1
official_genus_resolved422,Logistic Regression,1,GCF_050711215.1,Microcystis,1125,0,0.9528802730790932,1
official_genus_resolved422,Logistic Regression,1,GCF_976987195.1,Microcystis,1125,0,0.9913883559364987,1
official_genus_resolved422,XGBoost,1,GCF_000010625.1,Microcystis,1125,0,0.898522138595581,1
official_genus_resolved422,XGBoost,1,GCF_000196515.1,'Nostoc,264688,1,0.9107034802436829,1
official_genus_resolved422,XGBoost,1,GCF_000204075.1,Trichormus,264688,1,0.996954083442688,1
official_genus_resolved422,XGBoost,1,GCF_000317475.1,Phormidium,1198,0,0.1008070707321167,0
official_genus_resolved422,XGBoost,1,GCF_000317495.1,Crinalium,241421,0,0.7476838827133179,1
official_genus_resolved422,XGBoost,1,GCF_000317515.1,Allocoleopsis,2886347,1,0.8927001953125,1
official_genus_resolved422,XGBoost,1,GCF_000317615.1,Dactylococcopsis,13034,0,0.7713552713394165,1
official_genus_resolved422,XGBoost,1,GCF_000981785.1,Microcystis,1125,0,0.9330329298973083,1
official_genus_resolved422,XGBoost,1,GCF_000981785.2,Microcystis,1125,0,0.9330329298973083,1
official_genus_resolved422,XGBoost,1,GCF_001264245.1,Microcystis,1125,0,0.915481686592102,1
official_genus_resolved422,XGBoost,1,GCF_001704955.1,Microcystis,1125,0,0.9183517694473267,1
official_genus_resolved422,XGBoost,1,GCF_001704955.2,Microcystis,1125,0,0.9557162523269653,1
official_genus_resolved422,XGBoost,1,GCF_001767235.1,Moorena,1155738,0,0.5981871485710144,1
official_genus_resolved422,XGBoost,1,GCF_001854205.2,Moorena,1155738,0,0.10626070946455002,0
official_genus_resolved422,XGBoost,1,GCF_002095975.1,Microcystis,1125,0,0.8190775513648987,1
official_genus_resolved422,XGBoost,1,GCF_003019735.1,Microcystis,1125,0,0.9213393926620483,1
official_genus_resolved422,XGBoost,1,GCF_003945305.1,Microcystis,1125,0,0.8519909977912903,1
official_genus_resolved422,XGBoost,1,GCF_003990665.1,Thermostichus,2881385,0,0.0008430868620052934,0
official_genus_resolved422,XGBoost,1,GCF_007904085.1,Euhalothece,65097,1,0.2834174633026123,0
official_genus_resolved422,XGBoost,1,GCF_009792235.1,Microcystis,1125,0,0.934349775314331,1
official_genus_resolved422,XGBoost,1,GCF_009856605.1,Trichormus,264688,1,0.996954083442688,1
official_genus_resolved422,XGBoost,1,GCF_010196425.1,Microcystis,1125,0,0.9390947222709656,1
official_genus_resolved422,XGBoost,1,GCF_012516315.1,Limnospira,2596745,0,0.04716113582253456,0
official_genus_resolved422,XGBoost,1,GCF_014489415.1,Cylindrospermopsis,244599,1,0.9833652377128601,1
official_genus_resolved422,XGBoost,1,GCF_016446395.1,[Phormidium],2023214,0,0.15814603865146637,0
official_genus_resolved422,XGBoost,1,GCF_019056575.1,Richelia,98443,1,0.9909355044364929,1
official_genus_resolved422,XGBoost,1,GCF_019704275.1,Microcystis,1125,0,0.9340190291404724,1
official_genus_resolved422,XGBoost,1,GCF_020091585.1,Kovacikia,1874526,0,0.8381446599960327,1
official_genus_resolved422,XGBoost,1,GCF_021172085.1,Microcystis,1125,0,0.8402249217033386,1
official_genus_resolved422,XGBoost,1,GCF_025200965.1,Limnospira,2596745,0,0.0457751490175724,0
official_genus_resolved422,XGBoost,1,GCF_026000695.1,Limnospira,2596745,0,0.044505223631858826,0
official_genus_resolved422,XGBoost,1,GCF_026222535.1,Microcystis,1125,0,0.9287716746330261,1
official_genus_resolved422,XGBoost,1,GCF_030553035.1,Microcystis,1125,0,0.8402249217033386,1
official_genus_resolved422,XGBoost,1,GCF_031754835.1,Microcystis,1125,0,0.8790871500968933,1
official_genus_resolved422,XGBoost,1,GCF_038050375.1,Okeanomitos,3231549,1,0.9983125925064087,1
official_genus_resolved422,XGBoost,1,GCF_038396575.1,Microcystis,1125,0,0.9149970412254333,1
official_genus_resolved422,XGBoost,1,GCF_041506625.1,Microcystis,1125,0,0.8402249217033386,1
official_genus_resolved422,XGBoost,1,GCF_048593405.1,Microcystis,1125,0,0.9673745632171631,1
official_genus_resolved422,XGBoost,1,GCF_048820285.1,Microcystis,1125,0,0.9390947222709656,1
official_genus_resolved422,XGBoost,1,GCF_050500235.1,Microcystis,1125,0,0.9673745632171631,1
official_genus_resolved422,XGBoost,1,GCF_050500245.1,Microcystis,1125,0,0.9673745632171631,1
official_genus_resolved422,XGBoost,1,GCF_050500255.1,Microcystis,1125,0,0.9079510569572449,1
official_genus_resolved422,XGBoost,1,GCF_050711215.1,Microcystis,1125,0,0.895176887512207,1
official_genus_resolved422,XGBoost,1,GCF_976987195.1,Microcystis,1125,0,0.9340190291404724,1
official_genus_resolved422,assembly_length_only_LR,1,GCF_000010625.1,Microcystis,1125,0,0.5326122390237178,1
official_genus_resolved422,assembly_length_only_LR,1,GCF_000196515.1,'Nostoc,264688,1,0.44346528206511787,0
official_genus_resolved422,assembly_length_only_LR,1,GCF_000204075.1,Trichormus,264688,1,0.801781641855916,1
official_genus_resolved422,assembly_length_only_LR,1,GCF_000317475.1,Phormidium,1198,0,0.9287436429969589,1
official_genus_resolved422,assembly_length_only_LR,1,GCF_000317495.1,Crinalium,241421,0,0.4769074335650577,0
official_genus_resolved422,assembly_length_only_LR,1,GCF_000317515.1,Allocoleopsis,2886347,1,0.905583742389676,1
official_genus_resolved422,assembly_length_only_LR,1,GCF_000317615.1,Dactylococcopsis,13034,0,0.12592500971909198,0
official_genus_resolved422,assembly_length_only_LR,1,GCF_000981785.1,Microcystis,1125,0,0.1942387001941251,0
official_genus_resolved422,assembly_length_only_LR,1,GCF_000981785.2,Microcystis,1125,0,0.19533794257527645,0
official_genus_resolved422,assembly_length_only_LR,1,GCF_001264245.1,Microcystis,1125,0,0.49355031604799365,0
official_genus_resolved422,assembly_length_only_LR,1,GCF_001704955.1,Microcystis,1125,0,0.19404928303153532,0
official_genus_resolved422,assembly_length_only_LR,1,GCF_001704955.2,Microcystis,1125,0,0.2182457556325796,0
official_genus_resolved422,assembly_length_only_LR,1,GCF_001767235.1,Moorena,1155738,0,0.982160832467653,1
official_genus_resolved422,assembly_length_only_LR,1,GCF_001854205.2,Moorena,1155738,0,0.9812842015650418,1
official_genus_resolved422,assembly_length_only_LR,1,GCF_002095975.1,Microcystis,1125,0,0.36008844627619224,0
official_genus_resolved422,assembly_length_only_LR,1,GCF_003019735.1,Microcystis,1125,0,0.33304571224726115,0
official_genus_resolved422,assembly_length_only_LR,1,GCF_003945305.1,Microcystis,1125,0,0.540444636315986,1
official_genus_resolved422,assembly_length_only_LR,1,GCF_003990665.1,Thermostichus,2881385,0,0.04105469124553124,0
official_genus_resolved422,assembly_length_only_LR,1,GCF_007904085.1,Euhalothece,65097,1,0.10020333472273737,0
official_genus_resolved422,assembly_length_only_LR,1,GCF_009792235.1,Microcystis,1125,0,0.4451907155789281,0
official_genus_resolved422,assembly_length_only_LR,1,GCF_009856605.1,Trichormus,264688,1,0.800224355385899,1
official_genus_resolved422,assembly_length_only_LR,1,GCF_010196425.1,Microcystis,1125,0,0.33189657378965537,0
official_genus_resolved422,assembly_length_only_LR,1,GCF_012516315.1,Limnospira,2596745,0,0.671133465754001,1
official_genus_resolved422,assembly_length_only_LR,1,GCF_014489415.1,Cylindrospermopsis,244599,1,0.15970428014621732,0
official_genus_resolved422,assembly_length_only_LR,1,GCF_016446395.1,[Phormidium],2023214,0,0.640143006241404,1
official_genus_resolved422,assembly_length_only_LR,1,GCF_019056575.1,Richelia,98443,1,0.504244574873653,1
official_genus_resolved422,assembly_length_only_LR,1,GCF_019704275.1,Microcystis,1125,0,0.44717187248353335,0
official_genus_resolved422,assembly_length_only_LR,1,GCF_020091585.1,Kovacikia,1874526,0,0.9458602942892441,1
official_genus_resolved422,assembly_length_only_LR,1,GCF_021172085.1,Microcystis,1125,0,0.3517566696005792,0
official_genus_resolved422,assembly_length_only_LR,1,GCF_025200965.1,Limnospira,2596745,0,0.665973552634512,1
official_genus_resolved422,assembly_length_only_LR,1,GCF_026000695.1,Limnospira,2596745,0,0.7520714367733579,1
official_genus_resolved422,assembly_length_only_LR,1,GCF_026222535.1,Microcystis,1125,0,0.48928429428135806,0
official_genus_resolved422,assembly_length_only_LR,1,GCF_030553035.1,Microcystis,1125,0,0.3519440170782802,0
official_genus_resolved422,assembly_length_only_LR,1,GCF_031754835.1,Microcystis,1125,0,0.3245093208090552,0
official_genus_resolved422,assembly_length_only_LR,1,GCF_038050375.1,Okeanomitos,3231549,1,0.40356364682970286,0
official_genus_resolved422,assembly_length_only_LR,1,GCF_038396575.1,Microcystis,1125,0,0.27563393404203884,0
official_genus_resolved422,assembly_length_only_LR,1,GCF_041506625.1,Microcystis,1125,0,0.35018580660102966,0
official_genus_resolved422,assembly_length_only_LR,1,GCF_048593405.1,Microcystis,1125,0,0.34522812788574797,0
official_genus_resolved422,assembly_length_only_LR,1,GCF_048820285.1,Microcystis,1125,0,0.31819883241451946,0
official_genus_resolved422,assembly_length_only_LR,1,GCF_050500235.1,Microcystis,1125,0,0.3106509630072323,0
official_genus_resolved422,assembly_length_only_LR,1,GCF_050500245.1,Microcystis,1125,0,0.3102921393270391,0
official_genus_resolved422,assembly_length_only_LR,1,GCF_050500255.1,Microcystis,1125,0,0.5379563714063733,1
official_genus_resolved422,assembly_length_only_LR,1,GCF_050711215.1,Microcystis,1125,0,0.5389522602662465,1
official_genus_resolved422,assembly_length_only_LR,1,GCF_976987195.1,Microcystis,1125,0,0.4415863680318806,0
official_genus_resolved422,retained_family_count_only_LR,1,GCF_000010625.1,Microcystis,1125,0,0.16367789813979491,0
official_genus_resolved422,retained_family_count_only_LR,1,GCF_000196515.1,'Nostoc,264688,1,0.7675006462228167,1
official_genus_resolved422,retained_family_count_only_LR,1,GCF_000204075.1,Trichormus,264688,1,0.9499244341869657,1
official_genus_resolved422,retained_family_count_only_LR,1,GCF_000317475.1,Phormidium,1198,0,0.15205889917645152,0
official_genus_resolved422,retained_family_count_only_LR,1,GCF_000317495.1,Crinalium,241421,0,0.19187892151123737,0
official_genus_resolved422,retained_family_count_only_LR,1,GCF_000317515.1,Allocoleopsis,2886347,1,0.21265367198680013,0
official_genus_resolved422,retained_family_count_only_LR,1,GCF_000317615.1,Dactylococcopsis,13034,0,0.07775837064314456,0
official_genus_resolved422,retained_family_count_only_LR,1,GCF_000981785.1,Microcystis,1125,0,0.1605527315201441,0
official_genus_resolved422,retained_family_count_only_LR,1,GCF_000981785.2,Microcystis,1125,0,0.1611738800663204,0
official_genus_resolved422,retained_family_count_only_LR,1,GCF_001264245.1,Microcystis,1125,0,0.1502874971995858,0
official_genus_resolved422,retained_family_count_only_LR,1,GCF_001704955.1,Microcystis,1125,0,0.1605527315201441,0
official_genus_resolved422,retained_family_count_only_LR,1,GCF_001704955.2,Microcystis,1125,0,0.16304897514092415,0
official_genus_resolved422,retained_family_count_only_LR,1,GCF_001767235.1,Moorena,1155738,0,0.1383597138975822,0
official_genus_resolved422,retained_family_count_only_LR,1,GCF_001854205.2,Moorena,1155738,0,0.13563955510745757,0
official_genus_resolved422,retained_family_count_only_LR,1,GCF_002095975.1,Microcystis,1125,0,0.16304897514092415,0
official_genus_resolved422,retained_family_count_only_LR,1,GCF_003019735.1,Microcystis,1125,0,0.1643087708080844,0
official_genus_resolved422,retained_family_count_only_LR,1,GCF_003945305.1,Microcystis,1125,0,0.16621311039335104,0
official_genus_resolved422,retained_family_count_only_LR,1,GCF_003990665.1,Thermostichus,2881385,0,0.08937019827602229,0
official_genus_resolved422,retained_family_count_only_LR,1,GCF_007904085.1,Euhalothece,65097,1,0.07420520252589548,0
official_genus_resolved422,retained_family_count_only_LR,1,GCF_009792235.1,Microcystis,1125,0,0.15686643695574504,0
official_genus_resolved422,retained_family_count_only_LR,1,GCF_009856605.1,Trichormus,264688,1,0.9503604010849102,1
official_genus_resolved422,retained_family_count_only_LR,1,GCF_010196425.1,Microcystis,1125,0,0.16813508069664507,0
official_genus_resolved422,retained_family_count_only_LR,1,GCF_012516315.1,Limnospira,2596745,0,0.11784018973577208,0
official_genus_resolved422,retained_family_count_only_LR,1,GCF_014489415.1,Cylindrospermopsis,244599,1,0.4948593943209361,0
official_genus_resolved422,retained_family_count_only_LR,1,GCF_016446395.1,[Phormidium],2023214,0,0.1282623397067048,0
official_genus_resolved422,retained_family_count_only_LR,1,GCF_019056575.1,Richelia,98443,1,0.8616745994177404,1
official_genus_resolved422,retained_family_count_only_LR,1,GCF_019704275.1,Microcystis,1125,0,0.16685180516836298,0
official_genus_resolved422,retained_family_count_only_LR,1,GCF_020091585.1,Kovacikia,1874526,0,0.15384739990663876,0
official_genus_resolved422,retained_family_count_only_LR,1,GCF_021172085.1,Microcystis,1125,0,0.16304897514092415,0
official_genus_resolved422,retained_family_count_only_LR,1,GCF_025200965.1,Limnospira,2596745,0,0.10860450773561306,0
official_genus_resolved422,retained_family_count_only_LR,1,GCF_026000695.1,Limnospira,2596745,0,0.11641268953631573,0
official_genus_resolved422,retained_family_count_only_LR,1,GCF_026222535.1,Microcystis,1125,0,0.16367789813979491,0
official_genus_resolved422,retained_family_count_only_LR,1,GCF_030553035.1,Microcystis,1125,0,0.16242199941514185,0
official_genus_resolved422,retained_family_count_only_LR,1,GCF_031754835.1,Microcystis,1125,0,0.16304897514092415,0
official_genus_resolved422,retained_family_count_only_LR,1,GCF_038050375.1,Okeanomitos,3231549,1,0.7858497985120989,1
official_genus_resolved422,retained_family_count_only_LR,1,GCF_038396575.1,Microcystis,1125,0,0.16304897514092415,0
official_genus_resolved422,retained_family_count_only_LR,1,GCF_041506625.1,Microcystis,1125,0,0.16242199941514185,0
official_genus_resolved422,retained_family_count_only_LR,1,GCF_048593405.1,Microcystis,1125,0,0.1643087708080844,0
official_genus_resolved422,retained_family_count_only_LR,1,GCF_048820285.1,Microcystis,1125,0,0.16813508069664507,0
official_genus_resolved422,retained_family_count_only_LR,1,GCF_050500235.1,Microcystis,1125,0,0.16685180516836298,0
official_genus_resolved422,retained_family_count_only_LR,1,GCF_050500245.1,Microcystis,1125,0,0.1655763746053443,0
official_genus_resolved422,retained_family_count_only_LR,1,GCF_050500255.1,Microcystis,1125,0,0.1643087708080844,0
official_genus_resolved422,retained_family_count_only_LR,1,GCF_050711215.1,Microcystis,1125,0,0.16685180516836298,0
official_genus_resolved422,retained_family_count_only_LR,1,GCF_976987195.1,Microcystis,1125,0,0.16685180516836298,0
official_genus_resolved422,Random Forest,2,GCF_000007925.1,Prochlorococcus,1218,0,0.013172877846790889,0
official_genus_resolved422,Random Forest,2,GCF_000009725.1,Synechocystis,1142,0,0.37323509106693264,0
official_genus_resolved422,Random Forest,2,GCF_000011345.1,Thermosynechococcus,146785,0,0.18352304258282512,0
official_genus_resolved422,Random Forest,2,GCF_000011465.1,Prochlorococcus,1218,0,0.013475908149821192,0
official_genus_resolved422,Random Forest,2,GCF_000011485.1,Prochlorococcus,1218,0,0.012670047343960385,0
official_genus_resolved422,Random Forest,2,GCF_000012465.1,Prochlorococcus,1218,0,0.013475908149821192,0
official_genus_resolved422,Random Forest,2,GCF_000012645.1,Prochlorococcus,1218,0,0.013475908149821192,0
official_genus_resolved422,Random Forest,2,GCF_000015645.1,Prochlorococcus,1218,0,0.013475908149821192,0
official_genus_resolved422,Random Forest,2,GCF_000015665.1,Prochlorococcus,1218,0,0.013475908149821192,0
official_genus_resolved422,Random Forest,2,GCF_000015685.1,Prochlorococcus,1218,0,0.013475908149821192,0
official_genus_resolved422,Random Forest,2,GCF_000015705.1,Prochlorococcus,1218,0,0.012285431959345,0
official_genus_resolved422,Random Forest,2,GCF_000015965.1,Prochlorococcus,1218,0,0.013475908149821192,0
official_genus_resolved422,Random Forest,2,GCF_000018065.1,Prochlorococcus,1218,0,0.013475908149821192,0
official_genus_resolved422,Random Forest,2,GCF_000195975.1,Parasynechococcus,2881427,0,0.0006728778467908902,0
official_genus_resolved422,Random Forest,2,GCF_000270265.1,Synechocystis,1142,0,0.3725516495084911,0
official_genus_resolved422,Random Forest,2,GCF_000284135.1,Synechocystis,1142,0,0.37323509106693264,0
official_genus_resolved422,Random Forest,2,GCF_000284215.1,Synechocystis,1142,0,0.37323509106693264,0
official_genus_resolved422,Random Forest,2,GCF_000284455.1,Synechocystis,1142,0,0.35823509106693263,0
official_genus_resolved422,Random Forest,2,GCF_000317085.1,Synechococcus,3687896,0,0.18035472649283388,0
official_genus_resolved422,Random Forest,2,GCF_000317125.1,Chroococcidiopsis,54298,1,0.6163436008436007,1
official_genus_resolved422,Random Forest,2,GCF_000317635.1,Halothece,76023,1,0.3359434759076702,0
official_genus_resolved422,Random Forest,2,GCF_000317655.1,Cyanobacterium,102234,0,0.19776969489059265,0
official_genus_resolved422,Random Forest,2,GCF_000317675.1,Cyanobacterium,102234,0,0.27086691086691084,0
official_genus_resolved422,Random Forest,2,GCF_000340785.1,Synechocystis,1142,0,0.37073509106693264,0
official_genus_resolved422,Random Forest,2,GCF_000478825.2,Synechocystis,1142,0,0.3842975286293702,0
official_genus_resolved422,Random Forest,2,GCF_000757845.1,Prochlorococcus,1218,0,0.013475908149821192,0
official_genus_resolved422,Random Forest,2,GCF_000757865.1,Prochlorococcus,1218,0,0.013475908149821192,0
official_genus_resolved422,Random Forest,2,GCF_001318385.1,Synechocystis,1142,0,0.37323509106693264,0
official_genus_resolved422,Random Forest,2,GCF_001747005.2,Cyanobacterium,102234,0,0.27612688378013456,0
official_genus_resolved422,Random Forest,2,GCF_002813895.1,Cyanobacterium,102234,0,0.24675783616108687,0
official_genus_resolved422,Random Forest,2,GCF_003015225.1,Synechocystis,1142,0,0.37323509106693264,0
official_genus_resolved422,Random Forest,2,GCF_003555505.1,Thermosynechococcus,146785,0,0.19850972638472633,0
official_genus_resolved422,Random Forest,2,GCF_008386235.1,Thermosynechococcus,146785,0,0.2047346958596958,0
official_genus_resolved422,Random Forest,2,GCF_011769525.1,Tolypothrix,111782,1,0.9871638371947968,1
official_genus_resolved422,Random Forest,2,GCF_017086385.1,Thermosynechococcus,146785,0,0.19765136252636245,0
official_genus_resolved422,Random Forest,2,GCF_018282115.1,Synechocystis,1142,0,0.36017448500632654,0
official_genus_resolved422,Random Forest,2,GCF_018845095.1,Synechocystis,1142,0,0.37323509106693264,0
official_genus_resolved422,Random Forest,2,GCF_019891175.1,Leptothermofonsia,2917830,1,0.6046871837313013,1
official_genus_resolved422,Random Forest,2,GCF_019924095.1,Synechocystis,1142,0,0.35550781833965983,0
official_genus_resolved422,Random Forest,2,GCF_021379005.1,Leptodesmis,2664261,1,0.552295006464124,1
official_genus_resolved422,Random Forest,2,GCF_022869765.1,Synechocystis,1142,0,0.37323509106693264,0
official_genus_resolved422,Random Forest,2,GCF_023546805.1,Chroococcidiopsis,54298,1,0.6121385142635142,1
official_genus_resolved422,Random Forest,2,GCF_023650955.1,Thermosynechococcus,146785,0,0.19145474976453233,0
official_genus_resolved422,Random Forest,2,GCF_023983615.1,Phormidium,2219504,1,0.20746139296719793,0
official_genus_resolved422,Random Forest,2,GCF_025677855.1,Tolypothrix,111782,1,0.9606982194791791,1
official_genus_resolved422,Random Forest,2,GCF_025860405.1,Tolypothrix,111782,1,0.9861519324328921,1
official_genus_resolved422,Random Forest,2,GCF_025999095.1,Thermosynechococcus,146785,0,0.17988667894646151,0
official_genus_resolved422,Random Forest,2,GCF_026802175.1,Thermocoleostomius,3065395,1,0.4509720100161277,0
official_genus_resolved422,Random Forest,2,GCF_027359355.1,Prochlorococcus,1218,0,0.013475908149821192,0
official_genus_resolved422,Random Forest,2,GCF_027359375.1,Prochlorococcus,1218,0,0.013475908149821192,0
official_genus_resolved422,Random Forest,2,GCF_027359395.1,Prochlorococcus,1218,0,0.013475908149821192,0
official_genus_resolved422,Random Forest,2,GCF_027359415.1,Prochlorococcus,1218,0,0.013475908149821192,0
official_genus_resolved422,Random Forest,2,GCF_027359475.1,Prochlorococcus,1218,0,0.013475908149821192,0
official_genus_resolved422,Random Forest,2,GCF_027359525.1,Prochlorococcus,1218,0,0.013475908149821192,0
official_genus_resolved422,Random Forest,2,GCF_027359575.1,Prochlorococcus,1218,0,0.013475908149821192,0
official_genus_resolved422,Random Forest,2,GCF_027359595.1,Prochlorococcus,1218,0,0.013475908149821192,0
official_genus_resolved422,Random Forest,2,GCF_030322965.1,Thermosynechococcus,146785,0,0.20109833222333215,0
official_genus_resolved422,Random Forest,2,GCF_030322985.1,Thermosynechococcus,146785,0,0.2047346958596958,0
official_genus_resolved422,Random Forest,2,GCF_030323045.1,Thermosynechococcus,146785,0,0.2047346958596958,0
official_genus_resolved422,Random Forest,2,GCF_030518695.1,Thermosynechococcus,146785,0,0.19765136252636245,0
official_genus_resolved422,Random Forest,2,GCF_030518715.1,Thermosynechococcus,146785,0,0.2047346958596958,0
official_genus_resolved422,Random Forest,2,GCF_030518735.1,Thermosynechococcus,146785,0,0.19765136252636245,0
official_genus_resolved422,Random Forest,2,GCF_031583185.1,Thermosynechococcus,146785,0,0.19765136252636245,0
official_genus_resolved422,Random Forest,2,GCF_031583205.1,Thermosynechococcus,146785,0,0.19765136252636245,0
official_genus_resolved422,Random Forest,2,GCF_031583225.1,Thermosynechococcus,146785,0,0.19765136252636245,0
official_genus_resolved422,Random Forest,2,GCF_031583255.1,Thermosynechococcus,146785,0,0.19765136252636245,0
official_genus_resolved422,Random Forest,2,GCF_031583295.1,Thermosynechococcus,146785,0,0.19765136252636245,0
official_genus_resolved422,Random Forest,2,GCF_031583315.1,Thermosynechococcus,146785,0,0.19765136252636245,0
official_genus_resolved422,Random Forest,2,GCF_031583335.1,Thermosynechococcus,146785,0,0.19765136252636245,0
official_genus_resolved422,Random Forest,2,GCF_031583355.1,Thermosynechococcus,146785,0,0.2047346958596958,0
official_genus_resolved422,Random Forest,2,GCF_031583375.1,Thermosynechococcus,146785,0,0.19765136252636245,0
official_genus_resolved422,Random Forest,2,GCF_031583395.1,Thermosynechococcus,146785,0,0.19542914030414024,0
official_genus_resolved422,Random Forest,2,GCF_031583415.1,Thermosynechococcus,146785,0,0.19765136252636245,0
official_genus_resolved422,Random Forest,2,GCF_031583435.1,Thermosynechococcus,146785,0,0.19765136252636245,0
official_genus_resolved422,Random Forest,2,GCF_031583455.1,Thermosynechococcus,146785,0,0.19765136252636245,0
official_genus_resolved422,Random Forest,2,GCF_031583475.1,Thermosynechococcus,146785,0,0.19765136252636245,0
official_genus_resolved422,Random Forest,2,GCF_031583495.1,Thermosynechococcus,146785,0,0.19765136252636245,0
official_genus_resolved422,Random Forest,2,GCF_031583515.1,Thermosynechococcus,146785,0,0.19765136252636245,0
official_genus_resolved422,Random Forest,2,GCF_031583535.1,Thermosynechococcus,146785,0,0.2047346958596958,0
official_genus_resolved422,Random Forest,2,GCF_031583555.1,Thermosynechococcus,146785,0,0.19973469585969583,0
official_genus_resolved422,Random Forest,2,GCF_031586415.1,Thermosynechococcus,146785,0,0.2047346958596958,0
official_genus_resolved422,Random Forest,2,GCF_033798705.1,Cyanobacterium,102234,0,0.24868238705738702,0
official_genus_resolved422,Random Forest,2,GCF_034092375.1,Prochlorococcus,1218,0,0.013410973084886126,0
official_genus_resolved422,Random Forest,2,GCF_034092395.1,Prochlorococcus,1218,0,0.013172877846790889,0
official_genus_resolved422,Random Forest,2,GCF_034092415.1,Prochlorococcus,1218,0,0.013475908149821192,0
official_genus_resolved422,Random Forest,2,GCF_034092465.1,Prochlorococcus,1218,0,0.013475908149821192,0
official_genus_resolved422,Random Forest,2,GCF_034093315.1,Prochlorococcus,1218,0,0.013475908149821192,0
official_genus_resolved422,Random Forest,2,GCF_035320825.1,Cyanobacterium,102234,0,0.256682387057387,0
official_genus_resolved422,Random Forest,2,GCF_036345015.1,Cyanobacterium,102234,1,0.26613079975579973,0
official_genus_resolved422,Random Forest,2,GCF_038630775.1,Cyanobacterium,102234,0,0.24009874847374846,0
official_genus_resolved422,Random Forest,2,GCF_040436315.1,Synechocystis,1142,1,0.33948318348318357,0
official_genus_resolved422,Random Forest,2,GCF_044923475.1,Altericista,2855430,1,0.2419329927038904,0
official_genus_resolved422,Random Forest,2,GCF_045345185.1,Cyanobacterium,102234,0,0.2529262894964114,0
official_genus_resolved422,Random Forest,2,GCF_046846445.1,Synechocystis,1142,0,0.3806517577335993,0
official_genus_resolved422,Random Forest,2,GCF_046847935.1,Synechocystis,1142,0,0.37323509106693264,0
official_genus_resolved422,Random Forest,2,GCF_046847945.1,Synechocystis,1142,0,0.37323509106693264,0
official_genus_resolved422,Random Forest,2,GCF_046847955.1,Synechocystis,1142,0,0.37323509106693264,0
official_genus_resolved422,Random Forest,2,GCF_047302725.1,Prochlorococcus,1218,0,0.013475908149821192,0
official_genus_resolved422,Random Forest,2,GCF_047302745.1,Prochlorococcus,1218,0,0.013475908149821192,0
official_genus_resolved422,Random Forest,2,GCF_047302755.1,Prochlorococcus,1218,0,0.012670047343960385,0
official_genus_resolved422,Random Forest,2,GCF_047302765.1,Prochlorococcus,1218,0,0.013172877846790889,0
official_genus_resolved422,Random Forest,2,GCF_047302795.1,Prochlorococcus,1218,0,0.013475908149821192,0
official_genus_resolved422,Random Forest,2,GCF_047302805.1,Prochlorococcus,1218,0,0.012670047343960385,0
official_genus_resolved422,Random Forest,2,GCF_047302855.1,Prochlorococcus,1218,0,0.013475908149821192,0
official_genus_resolved422,Random Forest,2,GCF_047302865.1,Prochlorococcus,1218,0,0.012670047343960385,0
official_genus_resolved422,Random Forest,2,GCF_047302875.1,Prochlorococcus,1218,0,0.013475908149821192,0
official_genus_resolved422,Random Forest,2,GCF_047302905.1,Prochlorococcus,1218,0,0.013172877846790889,0
official_genus_resolved422,Random Forest,2,GCF_047302975.1,Prochlorococcus,1218,0,0.013172877846790889,0
official_genus_resolved422,Random Forest,2,GCF_047302985.1,Prochlorococcus,1218,0,0.012670047343960385,0
official_genus_resolved422,Random Forest,2,GCF_047303155.1,Prochlorococcus,1218,0,0.012285431959345,0
official_genus_resolved422,Random Forest,2,GCF_047303165.1,Prochlorococcus,1218,0,0.012670047343960385,0
official_genus_resolved422,Random Forest,2,GCF_047303175.1,Prochlorococcus,1218,0,0.013475908149821192,0
official_genus_resolved422,Random Forest,2,GCF_047303345.1,Prochlorococcus,1218,0,0.012670047343960385,0
official_genus_resolved422,Random Forest,2,GCF_047303415.1,Prochlorococcus,1218,0,0.012670047343960385,0
official_genus_resolved422,Random Forest,2,GCF_047303465.1,Prochlorococcus,1218,0,0.012670047343960385,0
official_genus_resolved422,Random Forest,2,GCF_047303495.1,Prochlorococcus,1218,0,0.012670047343960385,0
official_genus_resolved422,Random Forest,2,GCF_047303505.1,Prochlorococcus,1218,0,0.013475908149821192,0
official_genus_resolved422,Random Forest,2,GCF_047303555.1,Prochlorococcus,1218,0,0.013475908149821192,0
official_genus_resolved422,Random Forest,2,GCF_047304495.1,Prochlorococcus,1218,0,0.012670047343960385,0
official_genus_resolved422,Random Forest,2,GCF_047304505.1,Prochlorococcus,1218,0,0.012670047343960385,0
official_genus_resolved422,Random Forest,2,GCF_047304515.1,Prochlorococcus,1218,0,0.012670047343960385,0
official_genus_resolved422,Random Forest,2,GCF_047304525.1,Prochlorococcus,1218,0,0.013475908149821192,0
official_genus_resolved422,Random Forest,2,GCF_047304535.1,Prochlorococcus,1218,0,0.013475908149821192,0
official_genus_resolved422,Random Forest,2,GCF_047304605.1,Prochlorococcus,1218,0,0.013172877846790889,0
official_genus_resolved422,Random Forest,2,GCF_047304615.1,Prochlorococcus,1218,0,0.013172877846790889,0
official_genus_resolved422,Random Forest,2,GCF_047304625.1,Prochlorococcus,1218,0,0.013172877846790889,0
official_genus_resolved422,Random Forest,2,GCF_047304675.1,Prochlorococcus,1218,0,0.013475908149821192,0
official_genus_resolved422,Random Forest,2,GCF_047304685.1,Prochlorococcus,1218,0,0.013475908149821192,0
official_genus_resolved422,Random Forest,2,GCF_047304785.1,Prochlorococcus,1218,0,0.012670047343960385,0
official_genus_resolved422,Random Forest,2,GCF_047304905.1,Prochlorococcus,1218,0,0.012670047343960385,0
official_genus_resolved422,Random Forest,2,GCF_047305015.1,Prochlorococcus,1218,0,0.013475908149821192,0
official_genus_resolved422,Random Forest,2,GCF_047305065.1,Prochlorococcus,1218,0,0.013475908149821192,0
official_genus_resolved422,Random Forest,2,GCF_047305115.1,Prochlorococcus,1218,0,0.013475908149821192,0
official_genus_resolved422,Random Forest,2,GCF_047305125.1,Prochlorococcus,1218,0,0.013475908149821192,0
official_genus_resolved422,Random Forest,2,GCF_047305135.1,Prochlorococcus,1218,0,0.013475908149821192,0
official_genus_resolved422,Random Forest,2,GCF_047305145.1,Prochlorococcus,1218,0,0.013475908149821192,0
official_genus_resolved422,Random Forest,2,GCF_047305155.1,Prochlorococcus,1218,0,0.013475908149821192,0
official_genus_resolved422,Random Forest,2,GCF_047305225.1,Prochlorococcus,1218,0,0.013475908149821192,0
official_genus_resolved422,Random Forest,2,GCF_047305235.1,Prochlorococcus,1218,0,0.013475908149821192,0
official_genus_resolved422,Random Forest,2,GCF_047497115.1,Prochlorococcus,1218,0,0.013475908149821192,0
official_genus_resolved422,Random Forest,2,GCF_047497125.1,Prochlorococcus,1218,0,0.013475908149821192,0
official_genus_resolved422,Random Forest,2,GCF_047947085.1,Prochlorococcus,1218,0,0.013475908149821192,0
official_genus_resolved422,Random Forest,2,GCF_048077055.1,Egbenema,3079668,1,0.471339318432349,0
official_genus_resolved422,Random Forest,2,GCF_049200465.1,Leptothermofonsia,2917830,0,0.5024803258317191,1
official_genus_resolved422,Random Forest,2,GCF_050408035.1,Synechocystis,1142,0,0.3603779482097898,0
official_genus_resolved422,Random Forest,2,GCF_947331815.1,Cyanobacterium,102234,1,0.353849016405051,0
official_genus_resolved422,Gradient Boosting,2,GCF_000007925.1,Prochlorococcus,1218,0,1.5311992286191193e-05,0
official_genus_resolved422,Gradient Boosting,2,GCF_000009725.1,Synechocystis,1142,0,0.9989875142160122,1
official_genus_resolved422,Gradient Boosting,2,GCF_000011345.1,Thermosynechococcus,146785,0,2.210254237744688e-05,0
official_genus_resolved422,Gradient Boosting,2,GCF_000011465.1,Prochlorococcus,1218,0,1.5311992286191193e-05,0
official_genus_resolved422,Gradient Boosting,2,GCF_000011485.1,Prochlorococcus,1218,0,1.5311992286191193e-05,0
official_genus_resolved422,Gradient Boosting,2,GCF_000012465.1,Prochlorococcus,1218,0,1.5311992286191193e-05,0
official_genus_resolved422,Gradient Boosting,2,GCF_000012645.1,Prochlorococcus,1218,0,1.5311992286191193e-05,0
official_genus_resolved422,Gradient Boosting,2,GCF_000015645.1,Prochlorococcus,1218,0,1.5311992286191193e-05,0
official_genus_resolved422,Gradient Boosting,2,GCF_000015665.1,Prochlorococcus,1218,0,1.5311992286191193e-05,0
official_genus_resolved422,Gradient Boosting,2,GCF_000015685.1,Prochlorococcus,1218,0,1.5311992286191193e-05,0
official_genus_resolved422,Gradient Boosting,2,GCF_000015705.1,Prochlorococcus,1218,0,1.5311992286191193e-05,0
official_genus_resolved422,Gradient Boosting,2,GCF_000015965.1,Prochlorococcus,1218,0,1.5311992286191193e-05,0
official_genus_resolved422,Gradient Boosting,2,GCF_000018065.1,Prochlorococcus,1218,0,1.5311992286191193e-05,0
official_genus_resolved422,Gradient Boosting,2,GCF_000195975.1,Parasynechococcus,2881427,0,1.5311992286191193e-05,0
official_genus_resolved422,Gradient Boosting,2,GCF_000270265.1,Synechocystis,1142,0,0.9989875142160122,1
official_genus_resolved422,Gradient Boosting,2,GCF_000284135.1,Synechocystis,1142,0,0.9989875142160122,1
official_genus_resolved422,Gradient Boosting,2,GCF_000284215.1,Synechocystis,1142,0,0.9989875142160122,1
official_genus_resolved422,Gradient Boosting,2,GCF_000284455.1,Synechocystis,1142,0,0.9989875142160122,1
official_genus_resolved422,Gradient Boosting,2,GCF_000317085.1,Synechococcus,3687896,0,1.5311992286191193e-05,0
official_genus_resolved422,Gradient Boosting,2,GCF_000317125.1,Chroococcidiopsis,54298,1,0.00037073465636172274,0
official_genus_resolved422,Gradient Boosting,2,GCF_000317635.1,Halothece,76023,1,0.032508612830377114,0
official_genus_resolved422,Gradient Boosting,2,GCF_000317655.1,Cyanobacterium,102234,0,1.5311992286191193e-05,0
official_genus_resolved422,Gradient Boosting,2,GCF_000317675.1,Cyanobacterium,102234,0,0.0002600511584039594,0
official_genus_resolved422,Gradient Boosting,2,GCF_000340785.1,Synechocystis,1142,0,0.9989875142160122,1
official_genus_resolved422,Gradient Boosting,2,GCF_000478825.2,Synechocystis,1142,0,0.9999613562767554,1
official_genus_resolved422,Gradient Boosting,2,GCF_000757845.1,Prochlorococcus,1218,0,1.5311992286191193e-05,0
official_genus_resolved422,Gradient Boosting,2,GCF_000757865.1,Prochlorococcus,1218,0,1.5311992286191193e-05,0
official_genus_resolved422,Gradient Boosting,2,GCF_001318385.1,Synechocystis,1142,0,0.9989875142160122,1
official_genus_resolved422,Gradient Boosting,2,GCF_001747005.2,Cyanobacterium,102234,0,3.0158609019460522e-05,0
official_genus_resolved422,Gradient Boosting,2,GCF_002813895.1,Cyanobacterium,102234,0,3.0158609019460522e-05,0
official_genus_resolved422,Gradient Boosting,2,GCF_003015225.1,Synechocystis,1142,0,0.9989875142160122,1
official_genus_resolved422,Gradient Boosting,2,GCF_003555505.1,Thermosynechococcus,146785,0,2.218064059296744e-05,0
official_genus_resolved422,Gradient Boosting,2,GCF_008386235.1,Thermosynechococcus,146785,0,3.320532951135182e-05,0
official_genus_resolved422,Gradient Boosting,2,GCF_011769525.1,Tolypothrix,111782,1,0.9995310139842914,1
official_genus_resolved422,Gradient Boosting,2,GCF_017086385.1,Thermosynechococcus,146785,0,2.218064059296744e-05,0
official_genus_resolved422,Gradient Boosting,2,GCF_018282115.1,Synechocystis,1142,0,0.9985318753821788,1
official_genus_resolved422,Gradient Boosting,2,GCF_018845095.1,Synechocystis,1142,0,0.9989875142160122,1
official_genus_resolved422,Gradient Boosting,2,GCF_019891175.1,Leptothermofonsia,2917830,1,0.9971287663269723,1
official_genus_resolved422,Gradient Boosting,2,GCF_019924095.1,Synechocystis,1142,0,0.9985318753821788,1
official_genus_resolved422,Gradient Boosting,2,GCF_021379005.1,Leptodesmis,2664261,1,1.4042070868534735e-05,0
official_genus_resolved422,Gradient Boosting,2,GCF_022869765.1,Synechocystis,1142,0,0.9989875142160122,1
official_genus_resolved422,Gradient Boosting,2,GCF_023546805.1,Chroococcidiopsis,54298,1,0.00017999844061113176,0
official_genus_resolved422,Gradient Boosting,2,GCF_023650955.1,Thermosynechococcus,146785,0,2.210254237744688e-05,0
official_genus_resolved422,Gradient Boosting,2,GCF_023983615.1,Phormidium,2219504,1,1.5311992286191193e-05,0
official_genus_resolved422,Gradient Boosting,2,GCF_025677855.1,Tolypothrix,111782,1,0.9999715272765657,1
official_genus_resolved422,Gradient Boosting,2,GCF_025860405.1,Tolypothrix,111782,1,0.9999715272545276,1
official_genus_resolved422,Gradient Boosting,2,GCF_025999095.1,Thermosynechococcus,146785,0,2.210254237744688e-05,0
official_genus_resolved422,Gradient Boosting,2,GCF_026802175.1,Thermocoleostomius,3065395,1,0.9118499362089448,1
official_genus_resolved422,Gradient Boosting,2,GCF_027359355.1,Prochlorococcus,1218,0,1.5311992286191193e-05,0
official_genus_resolved422,Gradient Boosting,2,GCF_027359375.1,Prochlorococcus,1218,0,1.5311992286191193e-05,0
official_genus_resolved422,Gradient Boosting,2,GCF_027359395.1,Prochlorococcus,1218,0,1.5311992286191193e-05,0
official_genus_resolved422,Gradient Boosting,2,GCF_027359415.1,Prochlorococcus,1218,0,1.5311992286191193e-05,0
official_genus_resolved422,Gradient Boosting,2,GCF_027359475.1,Prochlorococcus,1218,0,1.5311992286191193e-05,0
official_genus_resolved422,Gradient Boosting,2,GCF_027359525.1,Prochlorococcus,1218,0,1.5311992286191193e-05,0
official_genus_resolved422,Gradient Boosting,2,GCF_027359575.1,Prochlorococcus,1218,0,1.5311992286191193e-05,0
official_genus_resolved422,Gradient Boosting,2,GCF_027359595.1,Prochlorococcus,1218,0,1.5311992286191193e-05,0
official_genus_resolved422,Gradient Boosting,2,GCF_030322965.1,Thermosynechococcus,146785,0,3.320532951135182e-05,0
official_genus_resolved422,Gradient Boosting,2,GCF_030322985.1,Thermosynechococcus,146785,0,3.320532951135182e-05,0
official_genus_resolved422,Gradient Boosting,2,GCF_030323045.1,Thermosynechococcus,146785,0,3.320532951135182e-05,0
official_genus_resolved422,Gradient Boosting,2,GCF_030518695.1,Thermosynechococcus,146785,0,2.218064059296744e-05,0
official_genus_resolved422,Gradient Boosting,2,GCF_030518715.1,Thermosynechococcus,146785,0,3.320532951135182e-05,0
official_genus_resolved422,Gradient Boosting,2,GCF_030518735.1,Thermosynechococcus,146785,0,2.218064059296744e-05,0
official_genus_resolved422,Gradient Boosting,2,GCF_031583185.1,Thermosynechococcus,146785,0,2.218064059296744e-05,0
official_genus_resolved422,Gradient Boosting,2,GCF_031583205.1,Thermosynechococcus,146785,0,2.218064059296744e-05,0
official_genus_resolved422,Gradient Boosting,2,GCF_031583225.1,Thermosynechococcus,146785,0,2.218064059296744e-05,0
official_genus_resolved422,Gradient Boosting,2,GCF_031583255.1,Thermosynechococcus,146785,0,2.218064059296744e-05,0
official_genus_resolved422,Gradient Boosting,2,GCF_031583295.1,Thermosynechococcus,146785,0,2.218064059296744e-05,0
official_genus_resolved422,Gradient Boosting,2,GCF_031583315.1,Thermosynechococcus,146785,0,2.218064059296744e-05,0
official_genus_resolved422,Gradient Boosting,2,GCF_031583335.1,Thermosynechococcus,146785,0,2.218064059296744e-05,0
official_genus_resolved422,Gradient Boosting,2,GCF_031583355.1,Thermosynechococcus,146785,0,3.320532951135182e-05,0
official_genus_resolved422,Gradient Boosting,2,GCF_031583375.1,Thermosynechococcus,146785,0,2.218064059296744e-05,0
official_genus_resolved422,Gradient Boosting,2,GCF_031583395.1,Thermosynechococcus,146785,0,2.218064059296744e-05,0
official_genus_resolved422,Gradient Boosting,2,GCF_031583415.1,Thermosynechococcus,146785,0,2.218064059296744e-05,0
official_genus_resolved422,Gradient Boosting,2,GCF_031583435.1,Thermosynechococcus,146785,0,2.218064059296744e-05,0
official_genus_resolved422,Gradient Boosting,2,GCF_031583455.1,Thermosynechococcus,146785,0,2.218064059296744e-05,0
official_genus_resolved422,Gradient Boosting,2,GCF_031583475.1,Thermosynechococcus,146785,0,2.218064059296744e-05,0
official_genus_resolved422,Gradient Boosting,2,GCF_031583495.1,Thermosynechococcus,146785,0,2.218064059296744e-05,0
official_genus_resolved422,Gradient Boosting,2,GCF_031583515.1,Thermosynechococcus,146785,0,2.218064059296744e-05,0
official_genus_resolved422,Gradient Boosting,2,GCF_031583535.1,Thermosynechococcus,146785,0,3.320532951135182e-05,0
official_genus_resolved422,Gradient Boosting,2,GCF_031583555.1,Thermosynechococcus,146785,0,3.320532951135182e-05,0
official_genus_resolved422,Gradient Boosting,2,GCF_031586415.1,Thermosynechococcus,146785,0,3.320532951135182e-05,0
official_genus_resolved422,Gradient Boosting,2,GCF_033798705.1,Cyanobacterium,102234,0,0.00010798411599548007,0
official_genus_resolved422,Gradient Boosting,2,GCF_034092375.1,Prochlorococcus,1218,0,1.5311992286191193e-05,0
official_genus_resolved422,Gradient Boosting,2,GCF_034092395.1,Prochlorococcus,1218,0,1.5311992286191193e-05,0
official_genus_resolved422,Gradient Boosting,2,GCF_034092415.1,Prochlorococcus,1218,0,1.5311992286191193e-05,0
official_genus_resolved422,Gradient Boosting,2,GCF_034092465.1,Prochlorococcus,1218,0,1.5311992286191193e-05,0
official_genus_resolved422,Gradient Boosting,2,GCF_034093315.1,Prochlorococcus,1218,0,1.5311992286191193e-05,0
official_genus_resolved422,Gradient Boosting,2,GCF_035320825.1,Cyanobacterium,102234,0,0.0001739430077513763,0
official_genus_resolved422,Gradient Boosting,2,GCF_036345015.1,Cyanobacterium,102234,1,0.00010798411599548007,0
official_genus_resolved422,Gradient Boosting,2,GCF_038630775.1,Cyanobacterium,102234,0,0.00010798411599548007,0
official_genus_resolved422,Gradient Boosting,2,GCF_040436315.1,Synechocystis,1142,1,0.9868376256206325,1
official_genus_resolved422,Gradient Boosting,2,GCF_044923475.1,Altericista,2855430,1,1.975731098715818e-05,0
official_genus_resolved422,Gradient Boosting,2,GCF_045345185.1,Cyanobacterium,102234,0,0.00010798411599548007,0
official_genus_resolved422,Gradient Boosting,2,GCF_046846445.1,Synechocystis,1142,0,0.9989875142160122,1
official_genus_resolved422,Gradient Boosting,2,GCF_046847935.1,Synechocystis,1142,0,0.9989875142160122,1
official_genus_resolved422,Gradient Boosting,2,GCF_046847945.1,Synechocystis,1142,0,0.9989875142160122,1
official_genus_resolved422,Gradient Boosting,2,GCF_046847955.1,Synechocystis,1142,0,0.9989875142160122,1
official_genus_resolved422,Gradient Boosting,2,GCF_047302725.1,Prochlorococcus,1218,0,1.5311992286191193e-05,0
official_genus_resolved422,Gradient Boosting,2,GCF_047302745.1,Prochlorococcus,1218,0,1.5311992286191193e-05,0
official_genus_resolved422,Gradient Boosting,2,GCF_047302755.1,Prochlorococcus,1218,0,1.5311992286191193e-05,0
official_genus_resolved422,Gradient Boosting,2,GCF_047302765.1,Prochlorococcus,1218,0,1.5311992286191193e-05,0
official_genus_resolved422,Gradient Boosting,2,GCF_047302795.1,Prochlorococcus,1218,0,1.5311992286191193e-05,0
official_genus_resolved422,Gradient Boosting,2,GCF_047302805.1,Prochlorococcus,1218,0,1.5311992286191193e-05,0
official_genus_resolved422,Gradient Boosting,2,GCF_047302855.1,Prochlorococcus,1218,0,1.5311992286191193e-05,0
official_genus_resolved422,Gradient Boosting,2,GCF_047302865.1,Prochlorococcus,1218,0,1.5311992286191193e-05,0
official_genus_resolved422,Gradient Boosting,2,GCF_047302875.1,Prochlorococcus,1218,0,1.5311992286191193e-05,0
official_genus_resolved422,Gradient Boosting,2,GCF_047302905.1,Prochlorococcus,1218,0,1.5311992286191193e-05,0
official_genus_resolved422,Gradient Boosting,2,GCF_047302975.1,Prochlorococcus,1218,0,1.5311992286191193e-05,0
official_genus_resolved422,Gradient Boosting,2,GCF_047302985.1,Prochlorococcus,1218,0,1.5311992286191193e-05,0
official_genus_resolved422,Gradient Boosting,2,GCF_047303155.1,Prochlorococcus,1218,0,1.5311992286191193e-05,0
official_genus_resolved422,Gradient Boosting,2,GCF_047303165.1,Prochlorococcus,1218,0,1.5311992286191193e-05,0
official_genus_resolved422,Gradient Boosting,2,GCF_047303175.1,Prochlorococcus,1218,0,1.5311992286191193e-05,0
official_genus_resolved422,Gradient Boosting,2,GCF_047303345.1,Prochlorococcus,1218,0,1.5311992286191193e-05,0
official_genus_resolved422,Gradient Boosting,2,GCF_047303415.1,Prochlorococcus,1218,0,1.5311992286191193e-05,0
official_genus_resolved422,Gradient Boosting,2,GCF_047303465.1,Prochlorococcus,1218,0,1.5311992286191193e-05,0
official_genus_resolved422,Gradient Boosting,2,GCF_047303495.1,Prochlorococcus,1218,0,1.5311992286191193e-05,0
official_genus_resolved422,Gradient Boosting,2,GCF_047303505.1,Prochlorococcus,1218,0,1.5311992286191193e-05,0
official_genus_resolved422,Gradient Boosting,2,GCF_047303555.1,Prochlorococcus,1218,0,1.5311992286191193e-05,0
official_genus_resolved422,Gradient Boosting,2,GCF_047304495.1,Prochlorococcus,1218,0,1.5311992286191193e-05,0
official_genus_resolved422,Gradient Boosting,2,GCF_047304505.1,Prochlorococcus,1218,0,1.5311992286191193e-05,0
official_genus_resolved422,Gradient Boosting,2,GCF_047304515.1,Prochlorococcus,1218,0,1.5311992286191193e-05,0
official_genus_resolved422,Gradient Boosting,2,GCF_047304525.1,Prochlorococcus,1218,0,1.5311992286191193e-05,0
official_genus_resolved422,Gradient Boosting,2,GCF_047304535.1,Prochlorococcus,1218,0,1.5311992286191193e-05,0
official_genus_resolved422,Gradient Boosting,2,GCF_047304605.1,Prochlorococcus,1218,0,1.5311992286191193e-05,0
official_genus_resolved422,Gradient Boosting,2,GCF_047304615.1,Prochlorococcus,1218,0,1.5311992286191193e-05,0
official_genus_resolved422,Gradient Boosting,2,GCF_047304625.1,Prochlorococcus,1218,0,1.5311992286191193e-05,0
official_genus_resolved422,Gradient Boosting,2,GCF_047304675.1,Prochlorococcus,1218,0,1.5311992286191193e-05,0
official_genus_resolved422,Gradient Boosting,2,GCF_047304685.1,Prochlorococcus,1218,0,1.5311992286191193e-05,0
official_genus_resolved422,Gradient Boosting,2,GCF_047304785.1,Prochlorococcus,1218,0,1.5311992286191193e-05,0
official_genus_resolved422,Gradient Boosting,2,GCF_047304905.1,Prochlorococcus,1218,0,1.5311992286191193e-05,0
official_genus_resolved422,Gradient Boosting,2,GCF_047305015.1,Prochlorococcus,1218,0,1.5311992286191193e-05,0
official_genus_resolved422,Gradient Boosting,2,GCF_047305065.1,Prochlorococcus,1218,0,1.5311992286191193e-05,0
official_genus_resolved422,Gradient Boosting,2,GCF_047305115.1,Prochlorococcus,1218,0,1.5311992286191193e-05,0
official_genus_resolved422,Gradient Boosting,2,GCF_047305125.1,Prochlorococcus,1218,0,1.5311992286191193e-05,0
official_genus_resolved422,Gradient Boosting,2,GCF_047305135.1,Prochlorococcus,1218,0,1.5311992286191193e-05,0
official_genus_resolved422,Gradient Boosting,2,GCF_047305145.1,Prochlorococcus,1218,0,1.5311992286191193e-05,0
official_genus_resolved422,Gradient Boosting,2,GCF_047305155.1,Prochlorococcus,1218,0,1.5311992286191193e-05,0
official_genus_resolved422,Gradient Boosting,2,GCF_047305225.1,Prochlorococcus,1218,0,1.5311992286191193e-05,0
official_genus_resolved422,Gradient Boosting,2,GCF_047305235.1,Prochlorococcus,1218,0,1.5311992286191193e-05,0
official_genus_resolved422,Gradient Boosting,2,GCF_047497115.1,Prochlorococcus,1218,0,1.5311992286191193e-05,0
official_genus_resolved422,Gradient Boosting,2,GCF_047497125.1,Prochlorococcus,1218,0,1.5311992286191193e-05,0
official_genus_resolved422,Gradient Boosting,2,GCF_047947085.1,Prochlorococcus,1218,0,1.5311992286191193e-05,0
official_genus_resolved422,Gradient Boosting,2,GCF_048077055.1,Egbenema,3079668,1,0.9836059168007422,1
official_genus_resolved422,Gradient Boosting,2,GCF_049200465.1,Leptothermofonsia,2917830,0,0.9997819198929664,1
official_genus_resolved422,Gradient Boosting,2,GCF_050408035.1,Synechocystis,1142,0,0.9989875142160122,1
official_genus_resolved422,Gradient Boosting,2,GCF_947331815.1,Cyanobacterium,102234,1,0.9998838856426294,1
official_genus_resolved422,Logistic Regression,2,GCF_000007925.1,Prochlorococcus,1218,0,0.0004414493595477703,0
official_genus_resolved422,Logistic Regression,2,GCF_000009725.1,Synechocystis,1142,0,0.9318774101809977,1
official_genus_resolved422,Logistic Regression,2,GCF_000011345.1,Thermosynechococcus,146785,0,0.0020572698855121866,0
official_genus_resolved422,Logistic Regression,2,GCF_000011465.1,Prochlorococcus,1218,0,0.0005112324480234079,0
official_genus_resolved422,Logistic Regression,2,GCF_000011485.1,Prochlorococcus,1218,0,0.00013510677852224777,0
official_genus_resolved422,Logistic Regression,2,GCF_000012465.1,Prochlorococcus,1218,0,0.000464602264485488,0
official_genus_resolved422,Logistic Regression,2,GCF_000012645.1,Prochlorococcus,1218,0,0.0005112623013869159,0
official_genus_resolved422,Logistic Regression,2,GCF_000015645.1,Prochlorococcus,1218,0,0.0005112623013869159,0
official_genus_resolved422,Logistic Regression,2,GCF_000015665.1,Prochlorococcus,1218,0,0.0005112324480234079,0
official_genus_resolved422,Logistic Regression,2,GCF_000015685.1,Prochlorococcus,1218,0,0.000464602264485488,0
official_genus_resolved422,Logistic Regression,2,GCF_000015705.1,Prochlorococcus,1218,0,0.00011624218361708637,0
official_genus_resolved422,Logistic Regression,2,GCF_000015965.1,Prochlorococcus,1218,0,0.0005112623013869159,0
official_genus_resolved422,Logistic Regression,2,GCF_000018065.1,Prochlorococcus,1218,0,0.0005112623013869159,0
official_genus_resolved422,Logistic Regression,2,GCF_000195975.1,Parasynechococcus,2881427,0,0.00021036475689362497,0
official_genus_resolved422,Logistic Regression,2,GCF_000270265.1,Synechocystis,1142,0,0.9847913249237298,1
official_genus_resolved422,Logistic Regression,2,GCF_000284135.1,Synechocystis,1142,0,0.960535441119892,1
official_genus_resolved422,Logistic Regression,2,GCF_000284215.1,Synechocystis,1142,0,0.9612079271876892,1
official_genus_resolved422,Logistic Regression,2,GCF_000284455.1,Synechocystis,1142,0,0.9478653997853622,1
official_genus_resolved422,Logistic Regression,2,GCF_000317085.1,Synechococcus,3687896,0,0.0008023333257212283,0
official_genus_resolved422,Logistic Regression,2,GCF_000317125.1,Chroococcidiopsis,54298,1,0.5208607926630316,1
official_genus_resolved422,Logistic Regression,2,GCF_000317635.1,Halothece,76023,1,0.5840562560048753,1
official_genus_resolved422,Logistic Regression,2,GCF_000317655.1,Cyanobacterium,102234,0,0.0010850594728541148,0
official_genus_resolved422,Logistic Regression,2,GCF_000317675.1,Cyanobacterium,102234,0,0.09825944831822601,0
official_genus_resolved422,Logistic Regression,2,GCF_000340785.1,Synechocystis,1142,0,0.8362773550344009,1
official_genus_resolved422,Logistic Regression,2,GCF_000478825.2,Synechocystis,1142,0,0.957761272524528,1
official_genus_resolved422,Logistic Regression,2,GCF_000757845.1,Prochlorococcus,1218,0,0.0005112623013869159,0
official_genus_resolved422,Logistic Regression,2,GCF_000757865.1,Prochlorococcus,1218,0,0.00041908456256295083,0
official_genus_resolved422,Logistic Regression,2,GCF_001318385.1,Synechocystis,1142,0,0.9604007379411263,1
official_genus_resolved422,Logistic Regression,2,GCF_001747005.2,Cyanobacterium,102234,0,0.011491834349568396,0
official_genus_resolved422,Logistic Regression,2,GCF_002813895.1,Cyanobacterium,102234,0,0.012227682855715663,0
official_genus_resolved422,Logistic Regression,2,GCF_003015225.1,Synechocystis,1142,0,0.933671557417994,1
official_genus_resolved422,Logistic Regression,2,GCF_003555505.1,Thermosynechococcus,146785,0,0.002662796265430616,0
official_genus_resolved422,Logistic Regression,2,GCF_008386235.1,Thermosynechococcus,146785,0,0.005485052214439104,0
official_genus_resolved422,Logistic Regression,2,GCF_011769525.1,Tolypothrix,111782,1,0.9996097819749556,1
official_genus_resolved422,Logistic Regression,2,GCF_017086385.1,Thermosynechococcus,146785,0,0.007078470434989532,0
official_genus_resolved422,Logistic Regression,2,GCF_018282115.1,Synechocystis,1142,0,0.7046427527053025,1
official_genus_resolved422,Logistic Regression,2,GCF_018845095.1,Synechocystis,1142,0,0.9913870522017642,1
official_genus_resolved422,Logistic Regression,2,GCF_019891175.1,Leptothermofonsia,2917830,1,0.5013201708129938,1
official_genus_resolved422,Logistic Regression,2,GCF_019924095.1,Synechocystis,1142,0,0.48504502980862063,0
official_genus_resolved422,Logistic Regression,2,GCF_021379005.1,Leptodesmis,2664261,1,0.25661396184894264,0
official_genus_resolved422,Logistic Regression,2,GCF_022869765.1,Synechocystis,1142,0,0.9563312704201153,1
official_genus_resolved422,Logistic Regression,2,GCF_023546805.1,Chroococcidiopsis,54298,1,0.3860550090257784,0
official_genus_resolved422,Logistic Regression,2,GCF_023650955.1,Thermosynechococcus,146785,0,0.004341322947863347,0
official_genus_resolved422,Logistic Regression,2,GCF_023983615.1,Phormidium,2219504,1,0.0012950069984146056,0
official_genus_resolved422,Logistic Regression,2,GCF_025677855.1,Tolypothrix,111782,1,0.9994221321994335,1
official_genus_resolved422,Logistic Regression,2,GCF_025860405.1,Tolypothrix,111782,1,0.9994980940180864,1
official_genus_resolved422,Logistic Regression,2,GCF_025999095.1,Thermosynechococcus,146785,0,0.003842479108586182,0
official_genus_resolved422,Logistic Regression,2,GCF_026802175.1,Thermocoleostomius,3065395,1,0.6109206776717535,1
official_genus_resolved422,Logistic Regression,2,GCF_027359355.1,Prochlorococcus,1218,0,0.000464602264485488,0
official_genus_resolved422,Logistic Regression,2,GCF_027359375.1,Prochlorococcus,1218,0,0.0005112324480234079,0
official_genus_resolved422,Logistic Regression,2,GCF_027359395.1,Prochlorococcus,1218,0,0.00041908456256295083,0
official_genus_resolved422,Logistic Regression,2,GCF_027359415.1,Prochlorococcus,1218,0,0.0004563984880084498,0
official_genus_resolved422,Logistic Regression,2,GCF_027359475.1,Prochlorococcus,1218,0,0.000464602264485488,0
official_genus_resolved422,Logistic Regression,2,GCF_027359525.1,Prochlorococcus,1218,0,0.000464602264485488,0
official_genus_resolved422,Logistic Regression,2,GCF_027359575.1,Prochlorococcus,1218,0,0.00041908456256295083,0
official_genus_resolved422,Logistic Regression,2,GCF_027359595.1,Prochlorococcus,1218,0,0.000464602264485488,0
official_genus_resolved422,Logistic Regression,2,GCF_030322965.1,Thermosynechococcus,146785,0,0.010214296822799954,0
official_genus_resolved422,Logistic Regression,2,GCF_030322985.1,Thermosynechococcus,146785,0,0.005485052214439104,0
official_genus_resolved422,Logistic Regression,2,GCF_030323045.1,Thermosynechococcus,146785,0,0.005485052214439104,0
official_genus_resolved422,Logistic Regression,2,GCF_030518695.1,Thermosynechococcus,146785,0,0.007078470434989532,0
official_genus_resolved422,Logistic Regression,2,GCF_030518715.1,Thermosynechococcus,146785,0,0.005485052214439104,0
official_genus_resolved422,Logistic Regression,2,GCF_030518735.1,Thermosynechococcus,146785,0,0.007078470434989532,0
official_genus_resolved422,Logistic Regression,2,GCF_031583185.1,Thermosynechococcus,146785,0,0.00948213396968579,0
official_genus_resolved422,Logistic Regression,2,GCF_031583205.1,Thermosynechococcus,146785,0,0.007078470434989532,0
official_genus_resolved422,Logistic Regression,2,GCF_031583225.1,Thermosynechococcus,146785,0,0.007078470434989532,0
official_genus_resolved422,Logistic Regression,2,GCF_031583255.1,Thermosynechococcus,146785,0,0.007078470434989532,0
official_genus_resolved422,Logistic Regression,2,GCF_031583295.1,Thermosynechococcus,146785,0,0.007078470434989532,0
official_genus_resolved422,Logistic Regression,2,GCF_031583315.1,Thermosynechococcus,146785,0,0.007078470434989532,0
official_genus_resolved422,Logistic Regression,2,GCF_031583335.1,Thermosynechococcus,146785,0,0.007078470434989532,0
official_genus_resolved422,Logistic Regression,2,GCF_031583355.1,Thermosynechococcus,146785,0,0.00772679300339515,0
official_genus_resolved422,Logistic Regression,2,GCF_031583375.1,Thermosynechococcus,146785,0,0.007078470434989532,0
official_genus_resolved422,Logistic Regression,2,GCF_031583395.1,Thermosynechococcus,146785,0,0.005165128604571939,0
official_genus_resolved422,Logistic Regression,2,GCF_031583415.1,Thermosynechococcus,146785,0,0.005303066159439819,0
official_genus_resolved422,Logistic Regression,2,GCF_031583435.1,Thermosynechococcus,146785,0,0.007078470434989532,0
official_genus_resolved422,Logistic Regression,2,GCF_031583455.1,Thermosynechococcus,146785,0,0.007078470434989532,0
official_genus_resolved422,Logistic Regression,2,GCF_031583475.1,Thermosynechococcus,146785,0,0.007078470434989532,0
official_genus_resolved422,Logistic Regression,2,GCF_031583495.1,Thermosynechococcus,146785,0,0.007078470434989532,0
official_genus_resolved422,Logistic Regression,2,GCF_031583515.1,Thermosynechococcus,146785,0,0.007078470434989532,0
official_genus_resolved422,Logistic Regression,2,GCF_031583535.1,Thermosynechococcus,146785,0,0.005485052214439104,0
official_genus_resolved422,Logistic Regression,2,GCF_031583555.1,Thermosynechococcus,146785,0,0.0038838353205278243,0
official_genus_resolved422,Logistic Regression,2,GCF_031586415.1,Thermosynechococcus,146785,0,0.0046537872850322196,0
official_genus_resolved422,Logistic Regression,2,GCF_033798705.1,Cyanobacterium,102234,0,0.08997429313917354,0
official_genus_resolved422,Logistic Regression,2,GCF_034092375.1,Prochlorococcus,1218,0,0.0003500380224286938,0
official_genus_resolved422,Logistic Regression,2,GCF_034092395.1,Prochlorococcus,1218,0,0.00045711482476788073,0
official_genus_resolved422,Logistic Regression,2,GCF_034092415.1,Prochlorococcus,1218,0,0.00042855419675067244,0
official_genus_resolved422,Logistic Regression,2,GCF_034092465.1,Prochlorococcus,1218,0,0.00035128302653046297,0
official_genus_resolved422,Logistic Regression,2,GCF_034093315.1,Prochlorococcus,1218,0,0.0005112623013869159,0
official_genus_resolved422,Logistic Regression,2,GCF_035320825.1,Cyanobacterium,102234,0,0.033517548737919844,0
official_genus_resolved422,Logistic Regression,2,GCF_036345015.1,Cyanobacterium,102234,1,0.15479747124150603,0
official_genus_resolved422,Logistic Regression,2,GCF_038630775.1,Cyanobacterium,102234,0,0.01996798719341205,0
official_genus_resolved422,Logistic Regression,2,GCF_040436315.1,Synechocystis,1142,1,0.10130620001896459,0
official_genus_resolved422,Logistic Regression,2,GCF_044923475.1,Altericista,2855430,1,0.004590255417722937,0
official_genus_resolved422,Logistic Regression,2,GCF_045345185.1,Cyanobacterium,102234,0,0.07316229915741417,0
official_genus_resolved422,Logistic Regression,2,GCF_046846445.1,Synechocystis,1142,0,0.9595886299894302,1
official_genus_resolved422,Logistic Regression,2,GCF_046847935.1,Synechocystis,1142,0,0.9612079271876892,1
official_genus_resolved422,Logistic Regression,2,GCF_046847945.1,Synechocystis,1142,0,0.9612079271876892,1
official_genus_resolved422,Logistic Regression,2,GCF_046847955.1,Synechocystis,1142,0,0.9612079271876892,1
official_genus_resolved422,Logistic Regression,2,GCF_047302725.1,Prochlorococcus,1218,0,0.0005112324480234079,0
official_genus_resolved422,Logistic Regression,2,GCF_047302745.1,Prochlorococcus,1218,0,0.0004147677065237065,0
official_genus_resolved422,Logistic Regression,2,GCF_047302755.1,Prochlorococcus,1218,0,0.00013510677852224777,0
official_genus_resolved422,Logistic Regression,2,GCF_047302765.1,Prochlorococcus,1218,0,0.0004414493595477703,0
official_genus_resolved422,Logistic Regression,2,GCF_047302795.1,Prochlorococcus,1218,0,0.0005112623013869159,0
official_genus_resolved422,Logistic Regression,2,GCF_047302805.1,Prochlorococcus,1218,0,0.00013510677852224777,0
official_genus_resolved422,Logistic Regression,2,GCF_047302855.1,Prochlorococcus,1218,0,0.0005112623013869159,0
official_genus_resolved422,Logistic Regression,2,GCF_047302865.1,Prochlorococcus,1218,0,0.00013510677852224777,0
official_genus_resolved422,Logistic Regression,2,GCF_047302875.1,Prochlorococcus,1218,0,0.0005112623013869159,0
official_genus_resolved422,Logistic Regression,2,GCF_047302905.1,Prochlorococcus,1218,0,0.0004414493595477703,0
official_genus_resolved422,Logistic Regression,2,GCF_047302975.1,Prochlorococcus,1218,0,0.0004414493595477703,0
official_genus_resolved422,Logistic Regression,2,GCF_047302985.1,Prochlorococcus,1218,0,0.00013510677852224777,0
official_genus_resolved422,Logistic Regression,2,GCF_047303155.1,Prochlorococcus,1218,0,0.00011624218361708637,0
official_genus_resolved422,Logistic Regression,2,GCF_047303165.1,Prochlorococcus,1218,0,0.00014359908765519574,0
official_genus_resolved422,Logistic Regression,2,GCF_047303175.1,Prochlorococcus,1218,0,0.0004563984880084498,0
official_genus_resolved422,Logistic Regression,2,GCF_047303345.1,Prochlorococcus,1218,0,0.00014359908765519574,0
official_genus_resolved422,Logistic Regression,2,GCF_047303415.1,Prochlorococcus,1218,0,0.00014359908765519574,0
official_genus_resolved422,Logistic Regression,2,GCF_047303465.1,Prochlorococcus,1218,0,0.00013510677852224777,0
official_genus_resolved422,Logistic Regression,2,GCF_047303495.1,Prochlorococcus,1218,0,0.00013510677852224777,0
official_genus_resolved422,Logistic Regression,2,GCF_047303505.1,Prochlorococcus,1218,0,0.0005112623013869159,0
official_genus_resolved422,Logistic Regression,2,GCF_047303555.1,Prochlorococcus,1218,0,0.0005112623013869159,0
official_genus_resolved422,Logistic Regression,2,GCF_047304495.1,Prochlorococcus,1218,0,0.00014359908765519574,0
official_genus_resolved422,Logistic Regression,2,GCF_047304505.1,Prochlorococcus,1218,0,0.00014359908765519574,0
official_genus_resolved422,Logistic Regression,2,GCF_047304515.1,Prochlorococcus,1218,0,0.00014359908765519574,0
official_genus_resolved422,Logistic Regression,2,GCF_047304525.1,Prochlorococcus,1218,0,0.0005667859547157695,0
official_genus_resolved422,Logistic Regression,2,GCF_047304535.1,Prochlorococcus,1218,0,0.0005667859547157695,0
official_genus_resolved422,Logistic Regression,2,GCF_047304605.1,Prochlorococcus,1218,0,0.0004414493595477703,0
official_genus_resolved422,Logistic Regression,2,GCF_047304615.1,Prochlorococcus,1218,0,0.0003981990748596873,0
official_genus_resolved422,Logistic Regression,2,GCF_047304625.1,Prochlorococcus,1218,0,0.0003981990748596873,0
official_genus_resolved422,Logistic Regression,2,GCF_047304675.1,Prochlorococcus,1218,0,0.000464602264485488,0
official_genus_resolved422,Logistic Regression,2,GCF_047304685.1,Prochlorococcus,1218,0,0.0005112623013869159,0
official_genus_resolved422,Logistic Regression,2,GCF_047304785.1,Prochlorococcus,1218,0,0.00014359908765519574,0
official_genus_resolved422,Logistic Regression,2,GCF_047304905.1,Prochlorococcus,1218,0,0.00014359908765519574,0
official_genus_resolved422,Logistic Regression,2,GCF_047305015.1,Prochlorococcus,1218,0,0.0005112623013869159,0
official_genus_resolved422,Logistic Regression,2,GCF_047305065.1,Prochlorococcus,1218,0,0.0005112623013869159,0
official_genus_resolved422,Logistic Regression,2,GCF_047305115.1,Prochlorococcus,1218,0,0.0005112324480234079,0
official_genus_resolved422,Logistic Regression,2,GCF_047305125.1,Prochlorococcus,1218,0,0.0005112623013869159,0
official_genus_resolved422,Logistic Regression,2,GCF_047305135.1,Prochlorococcus,1218,0,0.0005112623013869159,0
official_genus_resolved422,Logistic Regression,2,GCF_047305145.1,Prochlorococcus,1218,0,0.0006377249404995932,0
official_genus_resolved422,Logistic Regression,2,GCF_047305155.1,Prochlorococcus,1218,0,0.000464602264485488,0
official_genus_resolved422,Logistic Regression,2,GCF_047305225.1,Prochlorococcus,1218,0,0.0005112623013869159,0
official_genus_resolved422,Logistic Regression,2,GCF_047305235.1,Prochlorococcus,1218,0,0.00041908456256295083,0
official_genus_resolved422,Logistic Regression,2,GCF_047497115.1,Prochlorococcus,1218,0,0.0005112324480234079,0
official_genus_resolved422,Logistic Regression,2,GCF_047497125.1,Prochlorococcus,1218,0,0.0005112324480234079,0
official_genus_resolved422,Logistic Regression,2,GCF_047947085.1,Prochlorococcus,1218,0,0.0005112623013869159,0
official_genus_resolved422,Logistic Regression,2,GCF_048077055.1,Egbenema,3079668,1,0.9336428321994968,1
official_genus_resolved422,Logistic Regression,2,GCF_049200465.1,Leptothermofonsia,2917830,0,0.025314284936060808,0
official_genus_resolved422,Logistic Regression,2,GCF_050408035.1,Synechocystis,1142,0,0.9452431312958174,1
official_genus_resolved422,Logistic Regression,2,GCF_947331815.1,Cyanobacterium,102234,1,0.8829891725816295,1
official_genus_resolved422,XGBoost,2,GCF_000007925.1,Prochlorococcus,1218,0,0.0033742496743798256,0
official_genus_resolved422,XGBoost,2,GCF_000009725.1,Synechocystis,1142,0,0.3935382664203644,0
official_genus_resolved422,XGBoost,2,GCF_000011345.1,Thermosynechococcus,146785,0,0.013647614046931267,0
official_genus_resolved422,XGBoost,2,GCF_000011465.1,Prochlorococcus,1218,0,0.003701533190906048,0
official_genus_resolved422,XGBoost,2,GCF_000011485.1,Prochlorococcus,1218,0,0.001892860047519207,0
official_genus_resolved422,XGBoost,2,GCF_000012465.1,Prochlorococcus,1218,0,0.003528103930875659,0
official_genus_resolved422,XGBoost,2,GCF_000012645.1,Prochlorococcus,1218,0,0.003701533190906048,0
official_genus_resolved422,XGBoost,2,GCF_000015645.1,Prochlorococcus,1218,0,0.003701533190906048,0
official_genus_resolved422,XGBoost,2,GCF_000015665.1,Prochlorococcus,1218,0,0.003701533190906048,0
official_genus_resolved422,XGBoost,2,GCF_000015685.1,Prochlorococcus,1218,0,0.003528103930875659,0
official_genus_resolved422,XGBoost,2,GCF_000015705.1,Prochlorococcus,1218,0,0.001892860047519207,0
official_genus_resolved422,XGBoost,2,GCF_000015965.1,Prochlorococcus,1218,0,0.003701533190906048,0
official_genus_resolved422,XGBoost,2,GCF_000018065.1,Prochlorococcus,1218,0,0.003701533190906048,0
official_genus_resolved422,XGBoost,2,GCF_000195975.1,Parasynechococcus,2881427,0,0.001041544252075255,0
official_genus_resolved422,XGBoost,2,GCF_000270265.1,Synechocystis,1142,0,0.4919596016407013,0
official_genus_resolved422,XGBoost,2,GCF_000284135.1,Synechocystis,1142,0,0.40824994444847107,0
official_genus_resolved422,XGBoost,2,GCF_000284215.1,Synechocystis,1142,0,0.40824994444847107,0
official_genus_resolved422,XGBoost,2,GCF_000284455.1,Synechocystis,1142,0,0.4196421504020691,0
official_genus_resolved422,XGBoost,2,GCF_000317085.1,Synechococcus,3687896,0,0.005409559700638056,0
official_genus_resolved422,XGBoost,2,GCF_000317125.1,Chroococcidiopsis,54298,1,0.4958595037460327,0
official_genus_resolved422,XGBoost,2,GCF_000317635.1,Halothece,76023,1,0.41600674390792847,0
official_genus_resolved422,XGBoost,2,GCF_000317655.1,Cyanobacterium,102234,0,0.0072212922386825085,0
official_genus_resolved422,XGBoost,2,GCF_000317675.1,Cyanobacterium,102234,0,0.05596322938799858,0
official_genus_resolved422,XGBoost,2,GCF_000340785.1,Synechocystis,1142,0,0.40824994444847107,0
official_genus_resolved422,XGBoost,2,GCF_000478825.2,Synechocystis,1142,0,0.6833369731903076,1
official_genus_resolved422,XGBoost,2,GCF_000757845.1,Prochlorococcus,1218,0,0.003701533190906048,0
official_genus_resolved422,XGBoost,2,GCF_000757865.1,Prochlorococcus,1218,0,0.003528103930875659,0
official_genus_resolved422,XGBoost,2,GCF_001318385.1,Synechocystis,1142,0,0.40824994444847107,0
official_genus_resolved422,XGBoost,2,GCF_001747005.2,Cyanobacterium,102234,0,0.04546986520290375,0
official_genus_resolved422,XGBoost,2,GCF_002813895.1,Cyanobacterium,102234,0,0.04482058063149452,0
official_genus_resolved422,XGBoost,2,GCF_003015225.1,Synechocystis,1142,0,0.40824994444847107,0
official_genus_resolved422,XGBoost,2,GCF_003555505.1,Thermosynechococcus,146785,0,0.015724286437034607,0
official_genus_resolved422,XGBoost,2,GCF_008386235.1,Thermosynechococcus,146785,0,0.015483499504625797,0
official_genus_resolved422,XGBoost,2,GCF_011769525.1,Tolypothrix,111782,1,0.9971211552619934,1
official_genus_resolved422,XGBoost,2,GCF_017086385.1,Thermosynechococcus,146785,0,0.022434091195464134,0
official_genus_resolved422,XGBoost,2,GCF_018282115.1,Synechocystis,1142,0,0.31345728039741516,0
official_genus_resolved422,XGBoost,2,GCF_018845095.1,Synechocystis,1142,0,0.6373625993728638,1
official_genus_resolved422,XGBoost,2,GCF_019891175.1,Leptothermofonsia,2917830,1,0.7864663600921631,1
official_genus_resolved422,XGBoost,2,GCF_019924095.1,Synechocystis,1142,0,0.27693629264831543,0
official_genus_resolved422,XGBoost,2,GCF_021379005.1,Leptodesmis,2664261,1,0.7754746079444885,1
official_genus_resolved422,XGBoost,2,GCF_022869765.1,Synechocystis,1142,0,0.40824994444847107,0
official_genus_resolved422,XGBoost,2,GCF_023546805.1,Chroococcidiopsis,54298,1,0.5970226526260376,1
official_genus_resolved422,XGBoost,2,GCF_023650955.1,Thermosynechococcus,146785,0,0.020292893052101135,0
official_genus_resolved422,XGBoost,2,GCF_023983615.1,Phormidium,2219504,1,0.009477437473833561,0
official_genus_resolved422,XGBoost,2,GCF_025677855.1,Tolypothrix,111782,1,0.9974735379219055,1
official_genus_resolved422,XGBoost,2,GCF_025860405.1,Tolypothrix,111782,1,0.9974735379219055,1
official_genus_resolved422,XGBoost,2,GCF_025999095.1,Thermosynechococcus,146785,0,0.013647614046931267,0
official_genus_resolved422,XGBoost,2,GCF_026802175.1,Thermocoleostomius,3065395,1,0.23630227148532867,0
official_genus_resolved422,XGBoost,2,GCF_027359355.1,Prochlorococcus,1218,0,0.003528103930875659,0
official_genus_resolved422,XGBoost,2,GCF_027359375.1,Prochlorococcus,1218,0,0.003701533190906048,0
official_genus_resolved422,XGBoost,2,GCF_027359395.1,Prochlorococcus,1218,0,0.003528103930875659,0
official_genus_resolved422,XGBoost,2,GCF_027359415.1,Prochlorococcus,1218,0,0.003701533190906048,0
official_genus_resolved422,XGBoost,2,GCF_027359475.1,Prochlorococcus,1218,0,0.003528103930875659,0
official_genus_resolved422,XGBoost,2,GCF_027359525.1,Prochlorococcus,1218,0,0.003528103930875659,0
official_genus_resolved422,XGBoost,2,GCF_027359575.1,Prochlorococcus,1218,0,0.003528103930875659,0
official_genus_resolved422,XGBoost,2,GCF_027359595.1,Prochlorococcus,1218,0,0.003528103930875659,0
official_genus_resolved422,XGBoost,2,GCF_030322965.1,Thermosynechococcus,146785,0,0.015483499504625797,0
official_genus_resolved422,XGBoost,2,GCF_030322985.1,Thermosynechococcus,146785,0,0.015483499504625797,0
official_genus_resolved422,XGBoost,2,GCF_030323045.1,Thermosynechococcus,146785,0,0.015483499504625797,0
official_genus_resolved422,XGBoost,2,GCF_030518695.1,Thermosynechococcus,146785,0,0.022434091195464134,0
official_genus_resolved422,XGBoost,2,GCF_030518715.1,Thermosynechococcus,146785,0,0.015483499504625797,0
official_genus_resolved422,XGBoost,2,GCF_030518735.1,Thermosynechococcus,146785,0,0.022434091195464134,0
official_genus_resolved422,XGBoost,2,GCF_031583185.1,Thermosynechococcus,146785,0,0.02947492152452469,0
official_genus_resolved422,XGBoost,2,GCF_031583205.1,Thermosynechococcus,146785,0,0.022434091195464134,0
official_genus_resolved422,XGBoost,2,GCF_031583225.1,Thermosynechococcus,146785,0,0.022434091195464134,0
official_genus_resolved422,XGBoost,2,GCF_031583255.1,Thermosynechococcus,146785,0,0.022434091195464134,0
official_genus_resolved422,XGBoost,2,GCF_031583295.1,Thermosynechococcus,146785,0,0.022434091195464134,0
official_genus_resolved422,XGBoost,2,GCF_031583315.1,Thermosynechococcus,146785,0,0.022434091195464134,0
official_genus_resolved422,XGBoost,2,GCF_031583335.1,Thermosynechococcus,146785,0,0.022434091195464134,0
official_genus_resolved422,XGBoost,2,GCF_031583355.1,Thermosynechococcus,146785,0,0.021168943494558334,0
official_genus_resolved422,XGBoost,2,GCF_031583375.1,Thermosynechococcus,146785,0,0.022434091195464134,0
official_genus_resolved422,XGBoost,2,GCF_031583395.1,Thermosynechococcus,146785,0,0.01867172122001648,0
official_genus_resolved422,XGBoost,2,GCF_031583415.1,Thermosynechococcus,146785,0,0.022434091195464134,0
official_genus_resolved422,XGBoost,2,GCF_031583435.1,Thermosynechococcus,146785,0,0.022434091195464134,0
official_genus_resolved422,XGBoost,2,GCF_031583455.1,Thermosynechococcus,146785,0,0.022434091195464134,0
official_genus_resolved422,XGBoost,2,GCF_031583475.1,Thermosynechococcus,146785,0,0.022434091195464134,0
official_genus_resolved422,XGBoost,2,GCF_031583495.1,Thermosynechococcus,146785,0,0.022434091195464134,0
official_genus_resolved422,XGBoost,2,GCF_031583515.1,Thermosynechococcus,146785,0,0.022434091195464134,0
official_genus_resolved422,XGBoost,2,GCF_031583535.1,Thermosynechococcus,146785,0,0.015483499504625797,0
official_genus_resolved422,XGBoost,2,GCF_031583555.1,Thermosynechococcus,146785,0,0.021168943494558334,0
official_genus_resolved422,XGBoost,2,GCF_031586415.1,Thermosynechococcus,146785,0,0.015483499504625797,0
official_genus_resolved422,XGBoost,2,GCF_033798705.1,Cyanobacterium,102234,0,0.0679168850183487,0
official_genus_resolved422,XGBoost,2,GCF_034092375.1,Prochlorococcus,1218,0,0.0033742496743798256,0
official_genus_resolved422,XGBoost,2,GCF_034092395.1,Prochlorococcus,1218,0,0.0033742496743798256,0
official_genus_resolved422,XGBoost,2,GCF_034092415.1,Prochlorococcus,1218,0,0.003701533190906048,0
official_genus_resolved422,XGBoost,2,GCF_034092465.1,Prochlorococcus,1218,0,0.003528103930875659,0
official_genus_resolved422,XGBoost,2,GCF_034093315.1,Prochlorococcus,1218,0,0.003701533190906048,0
official_genus_resolved422,XGBoost,2,GCF_035320825.1,Cyanobacterium,102234,0,0.0450008362531662,0
official_genus_resolved422,XGBoost,2,GCF_036345015.1,Cyanobacterium,102234,1,0.0679168850183487,0
official_genus_resolved422,XGBoost,2,GCF_038630775.1,Cyanobacterium,102234,0,0.04046892747282982,0
official_genus_resolved422,XGBoost,2,GCF_040436315.1,Synechocystis,1142,1,0.3912791907787323,0
official_genus_resolved422,XGBoost,2,GCF_044923475.1,Altericista,2855430,1,0.04163650423288345,0
official_genus_resolved422,XGBoost,2,GCF_045345185.1,Cyanobacterium,102234,0,0.0794939398765564,0
official_genus_resolved422,XGBoost,2,GCF_046846445.1,Synechocystis,1142,0,0.40824994444847107,0
official_genus_resolved422,XGBoost,2,GCF_046847935.1,Synechocystis,1142,0,0.40824994444847107,0
official_genus_resolved422,XGBoost,2,GCF_046847945.1,Synechocystis,1142,0,0.40824994444847107,0
official_genus_resolved422,XGBoost,2,GCF_046847955.1,Synechocystis,1142,0,0.40824994444847107,0
official_genus_resolved422,XGBoost,2,GCF_047302725.1,Prochlorococcus,1218,0,0.003701533190906048,0
official_genus_resolved422,XGBoost,2,GCF_047302745.1,Prochlorococcus,1218,0,0.003528103930875659,0
official_genus_resolved422,XGBoost,2,GCF_047302755.1,Prochlorococcus,1218,0,0.001892860047519207,0
official_genus_resolved422,XGBoost,2,GCF_047302765.1,Prochlorococcus,1218,0,0.0033742496743798256,0
official_genus_resolved422,XGBoost,2,GCF_047302795.1,Prochlorococcus,1218,0,0.003701533190906048,0
official_genus_resolved422,XGBoost,2,GCF_047302805.1,Prochlorococcus,1218,0,0.001892860047519207,0
official_genus_resolved422,XGBoost,2,GCF_047302855.1,Prochlorococcus,1218,0,0.003701533190906048,0
official_genus_resolved422,XGBoost,2,GCF_047302865.1,Prochlorococcus,1218,0,0.001892860047519207,0
official_genus_resolved422,XGBoost,2,GCF_047302875.1,Prochlorococcus,1218,0,0.003701533190906048,0
official_genus_resolved422,XGBoost,2,GCF_047302905.1,Prochlorococcus,1218,0,0.0033742496743798256,0
official_genus_resolved422,XGBoost,2,GCF_047302975.1,Prochlorococcus,1218,0,0.0033742496743798256,0
official_genus_resolved422,XGBoost,2,GCF_047302985.1,Prochlorococcus,1218,0,0.001892860047519207,0
official_genus_resolved422,XGBoost,2,GCF_047303155.1,Prochlorococcus,1218,0,0.001892860047519207,0
official_genus_resolved422,XGBoost,2,GCF_047303165.1,Prochlorococcus,1218,0,0.001892860047519207,0
official_genus_resolved422,XGBoost,2,GCF_047303175.1,Prochlorococcus,1218,0,0.003701533190906048,0
official_genus_resolved422,XGBoost,2,GCF_047303345.1,Prochlorococcus,1218,0,0.001892860047519207,0
official_genus_resolved422,XGBoost,2,GCF_047303415.1,Prochlorococcus,1218,0,0.001892860047519207,0
official_genus_resolved422,XGBoost,2,GCF_047303465.1,Prochlorococcus,1218,0,0.001892860047519207,0
official_genus_resolved422,XGBoost,2,GCF_047303495.1,Prochlorococcus,1218,0,0.001892860047519207,0
official_genus_resolved422,XGBoost,2,GCF_047303505.1,Prochlorococcus,1218,0,0.003701533190906048,0
official_genus_resolved422,XGBoost,2,GCF_047303555.1,Prochlorococcus,1218,0,0.003701533190906048,0
official_genus_resolved422,XGBoost,2,GCF_047304495.1,Prochlorococcus,1218,0,0.001892860047519207,0
official_genus_resolved422,XGBoost,2,GCF_047304505.1,Prochlorococcus,1218,0,0.001892860047519207,0
official_genus_resolved422,XGBoost,2,GCF_047304515.1,Prochlorococcus,1218,0,0.001892860047519207,0
official_genus_resolved422,XGBoost,2,GCF_047304525.1,Prochlorococcus,1218,0,0.003701533190906048,0
official_genus_resolved422,XGBoost,2,GCF_047304535.1,Prochlorococcus,1218,0,0.003701533190906048,0
official_genus_resolved422,XGBoost,2,GCF_047304605.1,Prochlorococcus,1218,0,0.0033742496743798256,0
official_genus_resolved422,XGBoost,2,GCF_047304615.1,Prochlorococcus,1218,0,0.0033742496743798256,0
official_genus_resolved422,XGBoost,2,GCF_047304625.1,Prochlorococcus,1218,0,0.0033742496743798256,0
official_genus_resolved422,XGBoost,2,GCF_047304675.1,Prochlorococcus,1218,0,0.003528103930875659,0
official_genus_resolved422,XGBoost,2,GCF_047304685.1,Prochlorococcus,1218,0,0.003701533190906048,0
official_genus_resolved422,XGBoost,2,GCF_047304785.1,Prochlorococcus,1218,0,0.001892860047519207,0
official_genus_resolved422,XGBoost,2,GCF_047304905.1,Prochlorococcus,1218,0,0.001892860047519207,0
official_genus_resolved422,XGBoost,2,GCF_047305015.1,Prochlorococcus,1218,0,0.003701533190906048,0
official_genus_resolved422,XGBoost,2,GCF_047305065.1,Prochlorococcus,1218,0,0.003701533190906048,0
official_genus_resolved422,XGBoost,2,GCF_047305115.1,Prochlorococcus,1218,0,0.003701533190906048,0
official_genus_resolved422,XGBoost,2,GCF_047305125.1,Prochlorococcus,1218,0,0.003701533190906048,0
official_genus_resolved422,XGBoost,2,GCF_047305135.1,Prochlorococcus,1218,0,0.003701533190906048,0
official_genus_resolved422,XGBoost,2,GCF_047305145.1,Prochlorococcus,1218,0,0.0037418724969029427,0
official_genus_resolved422,XGBoost,2,GCF_047305155.1,Prochlorococcus,1218,0,0.003528103930875659,0
official_genus_resolved422,XGBoost,2,GCF_047305225.1,Prochlorococcus,1218,0,0.003701533190906048,0
official_genus_resolved422,XGBoost,2,GCF_047305235.1,Prochlorococcus,1218,0,0.003528103930875659,0
official_genus_resolved422,XGBoost,2,GCF_047497115.1,Prochlorococcus,1218,0,0.003701533190906048,0
official_genus_resolved422,XGBoost,2,GCF_047497125.1,Prochlorococcus,1218,0,0.003701533190906048,0
official_genus_resolved422,XGBoost,2,GCF_047947085.1,Prochlorococcus,1218,0,0.003701533190906048,0
official_genus_resolved422,XGBoost,2,GCF_048077055.1,Egbenema,3079668,1,0.759124219417572,1
official_genus_resolved422,XGBoost,2,GCF_049200465.1,Leptothermofonsia,2917830,0,0.456038236618042,0
official_genus_resolved422,XGBoost,2,GCF_050408035.1,Synechocystis,1142,0,0.3545563817024231,0
official_genus_resolved422,XGBoost,2,GCF_947331815.1,Cyanobacterium,102234,1,0.9269521236419678,1
official_genus_resolved422,assembly_length_only_LR,2,GCF_000007925.1,Prochlorococcus,1218,0,0.035105920794516,0
official_genus_resolved422,assembly_length_only_LR,2,GCF_000009725.1,Synechocystis,1142,0,0.1558802921210687,0
official_genus_resolved422,assembly_length_only_LR,2,GCF_000011345.1,Thermosynechococcus,146785,0,0.06355378600509136,0
official_genus_resolved422,assembly_length_only_LR,2,GCF_000011465.1,Prochlorococcus,1218,0,0.03284650973825107,0
official_genus_resolved422,assembly_length_only_LR,2,GCF_000011485.1,Prochlorococcus,1218,0,0.055958084136633515,0
official_genus_resolved422,assembly_length_only_LR,2,GCF_000012465.1,Prochlorococcus,1218,0,0.03748078723545146,0
official_genus_resolved422,assembly_length_only_LR,2,GCF_000012645.1,Prochlorococcus,1218,0,0.034071576230025505,0
official_genus_resolved422,assembly_length_only_LR,2,GCF_000015645.1,Prochlorococcus,1218,0,0.03312721846596464,0
official_genus_resolved422,assembly_length_only_LR,2,GCF_000015665.1,Prochlorococcus,1218,0,0.03394937824361431,0
official_genus_resolved422,assembly_length_only_LR,2,GCF_000015685.1,Prochlorococcus,1218,0,0.03806779314210203,0
official_genus_resolved422,assembly_length_only_LR,2,GCF_000015705.1,Prochlorococcus,1218,0,0.06757803032285556,0
official_genus_resolved422,assembly_length_only_LR,2,GCF_000015965.1,Prochlorococcus,1218,0,0.032470001185811684,0
official_genus_resolved422,assembly_length_only_LR,2,GCF_000018065.1,Prochlorococcus,1218,0,0.034799257859299354,0
official_genus_resolved422,assembly_length_only_LR,2,GCF_000195975.1,Parasynechococcus,2881427,0,0.05688573293499931,0
official_genus_resolved422,assembly_length_only_LR,2,GCF_000270265.1,Synechocystis,1142,0,0.12268034525537408,0
official_genus_resolved422,assembly_length_only_LR,2,GCF_000284135.1,Synechocystis,1142,0,0.12259287076810696,0
official_genus_resolved422,assembly_length_only_LR,2,GCF_000284215.1,Synechocystis,1142,0,0.12260074843589501,0
official_genus_resolved422,assembly_length_only_LR,2,GCF_000284455.1,Synechocystis,1142,0,0.1226016237591966,0
official_genus_resolved422,assembly_length_only_LR,2,GCF_000317085.1,Synechococcus,3687896,0,0.12368964427993728,0
official_genus_resolved422,assembly_length_only_LR,2,GCF_000317125.1,Chroococcidiopsis,54298,1,0.5840610429689175,1
official_genus_resolved422,assembly_length_only_LR,2,GCF_000317635.1,Halothece,76023,1,0.17983399178625908,0
official_genus_resolved422,assembly_length_only_LR,2,GCF_000317655.1,Cyanobacterium,102234,0,0.09373152659256075,0
official_genus_resolved422,assembly_length_only_LR,2,GCF_000317675.1,Cyanobacterium,102234,0,0.1795944056529051,0
official_genus_resolved422,assembly_length_only_LR,2,GCF_000340785.1,Synechocystis,1142,0,0.1561030321719204,0
official_genus_resolved422,assembly_length_only_LR,2,GCF_000478825.2,Synechocystis,1142,0,0.13667683489323526,0
official_genus_resolved422,assembly_length_only_LR,2,GCF_000757845.1,Prochlorococcus,1218,0,0.03583940516535309,0
official_genus_resolved422,assembly_length_only_LR,2,GCF_000757865.1,Prochlorococcus,1218,0,0.03985324493735425,0
official_genus_resolved422,assembly_length_only_LR,2,GCF_001318385.1,Synechocystis,1142,0,0.12252859254636828,0
official_genus_resolved422,assembly_length_only_LR,2,GCF_001747005.2,Cyanobacterium,102234,0,0.11537269490472274,0
official_genus_resolved422,assembly_length_only_LR,2,GCF_002813895.1,Cyanobacterium,102234,0,0.1024680913110574,0
official_genus_resolved422,assembly_length_only_LR,2,GCF_003015225.1,Synechocystis,1142,0,0.15626750202591033,0
official_genus_resolved422,assembly_length_only_LR,2,GCF_003555505.1,Thermosynechococcus,146785,0,0.06608421650177174,0
official_genus_resolved422,assembly_length_only_LR,2,GCF_008386235.1,Thermosynechococcus,146785,0,0.06597149212435438,0
official_genus_resolved422,assembly_length_only_LR,2,GCF_011769525.1,Tolypothrix,111782,1,0.8667269845203931,1
official_genus_resolved422,assembly_length_only_LR,2,GCF_017086385.1,Thermosynechococcus,146785,0,0.06646981091114554,0
official_genus_resolved422,assembly_length_only_LR,2,GCF_018282115.1,Synechocystis,1142,0,0.14508316343778405,0
official_genus_resolved422,assembly_length_only_LR,2,GCF_018845095.1,Synechocystis,1142,0,0.1559314010387354,0
official_genus_resolved422,assembly_length_only_LR,2,GCF_019891175.1,Leptothermofonsia,2917830,1,0.5361024680238089,1
official_genus_resolved422,assembly_length_only_LR,2,GCF_019924095.1,Synechocystis,1142,0,0.14917279083620674,0
official_genus_resolved422,assembly_length_only_LR,2,GCF_021379005.1,Leptodesmis,2664261,1,0.3424876374660197,0
official_genus_resolved422,assembly_length_only_LR,2,GCF_022869765.1,Synechocystis,1142,0,0.12258690312786988,0
official_genus_resolved422,assembly_length_only_LR,2,GCF_023546805.1,Chroococcidiopsis,54298,1,0.6309991715855979,1
official_genus_resolved422,assembly_length_only_LR,2,GCF_023650955.1,Thermosynechococcus,146785,0,0.0686716614245548,0
official_genus_resolved422,assembly_length_only_LR,2,GCF_023983615.1,Phormidium,2219504,1,0.25751895758432114,0
official_genus_resolved422,assembly_length_only_LR,2,GCF_025677855.1,Tolypothrix,111782,1,0.9470243109593518,1
official_genus_resolved422,assembly_length_only_LR,2,GCF_025860405.1,Tolypothrix,111782,1,0.9465568342263619,1
official_genus_resolved422,assembly_length_only_LR,2,GCF_025999095.1,Thermosynechococcus,146785,0,0.05945751812822802,0
official_genus_resolved422,assembly_length_only_LR,2,GCF_026802175.1,Thermocoleostomius,3065395,1,0.4227098734953184,0
official_genus_resolved422,assembly_length_only_LR,2,GCF_027359355.1,Prochlorococcus,1218,0,0.040013370656594965,0
official_genus_resolved422,assembly_length_only_LR,2,GCF_027359375.1,Prochlorococcus,1218,0,0.03425625649200213,0
official_genus_resolved422,assembly_length_only_LR,2,GCF_027359395.1,Prochlorococcus,1218,0,0.04331582804713779,0
official_genus_resolved422,assembly_length_only_LR,2,GCF_027359415.1,Prochlorococcus,1218,0,0.03607665725213023,0
official_genus_resolved422,assembly_length_only_LR,2,GCF_027359475.1,Prochlorococcus,1218,0,0.04155438993217798,0
official_genus_resolved422,assembly_length_only_LR,2,GCF_027359525.1,Prochlorococcus,1218,0,0.03842550370528076,0
official_genus_resolved422,assembly_length_only_LR,2,GCF_027359575.1,Prochlorococcus,1218,0,0.03972524248154475,0
official_genus_resolved422,assembly_length_only_LR,2,GCF_027359595.1,Prochlorococcus,1218,0,0.039005570528354745,0
official_genus_resolved422,assembly_length_only_LR,2,GCF_030322965.1,Thermosynechococcus,146785,0,0.06730223502471866,0
official_genus_resolved422,assembly_length_only_LR,2,GCF_030322985.1,Thermosynechococcus,146785,0,0.06602790038638998,0
official_genus_resolved422,assembly_length_only_LR,2,GCF_030323045.1,Thermosynechococcus,146785,0,0.06619428478393129,0
official_genus_resolved422,assembly_length_only_LR,2,GCF_030518695.1,Thermosynechococcus,146785,0,0.06849922353205228,0
official_genus_resolved422,assembly_length_only_LR,2,GCF_030518715.1,Thermosynechococcus,146785,0,0.06730386030184246,0
official_genus_resolved422,assembly_length_only_LR,2,GCF_030518735.1,Thermosynechococcus,146785,0,0.06733660578215866,0
official_genus_resolved422,assembly_length_only_LR,2,GCF_031583185.1,Thermosynechococcus,146785,0,0.06623073755188871,0
official_genus_resolved422,assembly_length_only_LR,2,GCF_031583205.1,Thermosynechococcus,146785,0,0.06837052363551673,0
official_genus_resolved422,assembly_length_only_LR,2,GCF_031583225.1,Thermosynechococcus,146785,0,0.06837759182651201,0
official_genus_resolved422,assembly_length_only_LR,2,GCF_031583255.1,Thermosynechococcus,146785,0,0.06648055291612145,0
official_genus_resolved422,assembly_length_only_LR,2,GCF_031583295.1,Thermosynechococcus,146785,0,0.06587005189416832,0
official_genus_resolved422,assembly_length_only_LR,2,GCF_031583315.1,Thermosynechococcus,146785,0,0.06586895948009706,0
official_genus_resolved422,assembly_length_only_LR,2,GCF_031583335.1,Thermosynechococcus,146785,0,0.06587651568866891,0
official_genus_resolved422,assembly_length_only_LR,2,GCF_031583355.1,Thermosynechococcus,146785,0,0.06587296508068657,0
official_genus_resolved422,assembly_length_only_LR,2,GCF_031583375.1,Thermosynechococcus,146785,0,0.06587665225406673,0
official_genus_resolved422,assembly_length_only_LR,2,GCF_031583395.1,Thermosynechococcus,146785,0,0.06661008871203158,0
official_genus_resolved422,assembly_length_only_LR,2,GCF_031583415.1,Thermosynechococcus,146785,0,0.06661330826067272,0
official_genus_resolved422,assembly_length_only_LR,2,GCF_031583435.1,Thermosynechococcus,146785,0,0.06662282977146623,0
official_genus_resolved422,assembly_length_only_LR,2,GCF_031583455.1,Thermosynechococcus,146785,0,0.06690278262933952,0
official_genus_resolved422,assembly_length_only_LR,2,GCF_031583475.1,Thermosynechococcus,146785,0,0.06733340025292114,0
official_genus_resolved422,assembly_length_only_LR,2,GCF_031583495.1,Thermosynechococcus,146785,0,0.06703049133838927,0
official_genus_resolved422,assembly_length_only_LR,2,GCF_031583515.1,Thermosynechococcus,146785,0,0.06652996853260558,0
official_genus_resolved422,assembly_length_only_LR,2,GCF_031583535.1,Thermosynechococcus,146785,0,0.06730386030184246,0
official_genus_resolved422,assembly_length_only_LR,2,GCF_031583555.1,Thermosynechococcus,146785,0,0.06729276270557812,0
official_genus_resolved422,assembly_length_only_LR,2,GCF_031586415.1,Thermosynechococcus,146785,0,0.06643149253653052,0
official_genus_resolved422,assembly_length_only_LR,2,GCF_033798705.1,Cyanobacterium,102234,0,0.194202116237351,0
official_genus_resolved422,assembly_length_only_LR,2,GCF_034092375.1,Prochlorococcus,1218,0,0.03780899781593809,0
official_genus_resolved422,assembly_length_only_LR,2,GCF_034092395.1,Prochlorococcus,1218,0,0.04287978770818817,0
official_genus_resolved422,assembly_length_only_LR,2,GCF_034092415.1,Prochlorococcus,1218,0,0.040077268995836794,0
official_genus_resolved422,assembly_length_only_LR,2,GCF_034092465.1,Prochlorococcus,1218,0,0.03624705894832076,0
official_genus_resolved422,assembly_length_only_LR,2,GCF_034093315.1,Prochlorococcus,1218,0,0.033955953696444295,0
official_genus_resolved422,assembly_length_only_LR,2,GCF_035320825.1,Cyanobacterium,102234,0,0.19113588655680547,0
official_genus_resolved422,assembly_length_only_LR,2,GCF_036345015.1,Cyanobacterium,102234,1,0.1957621003089685,0
official_genus_resolved422,assembly_length_only_LR,2,GCF_038630775.1,Cyanobacterium,102234,0,0.2072716753760234,0
official_genus_resolved422,assembly_length_only_LR,2,GCF_040436315.1,Synechocystis,1142,1,0.13089167912362432,0
official_genus_resolved422,assembly_length_only_LR,2,GCF_044923475.1,Altericista,2855430,1,0.4195432005568911,0
official_genus_resolved422,assembly_length_only_LR,2,GCF_045345185.1,Cyanobacterium,102234,0,0.19412387342540813,0
official_genus_resolved422,assembly_length_only_LR,2,GCF_046846445.1,Synechocystis,1142,0,0.12255929609853808,0
official_genus_resolved422,assembly_length_only_LR,2,GCF_046847935.1,Synechocystis,1142,0,0.12255929609853808,0
official_genus_resolved422,assembly_length_only_LR,2,GCF_046847945.1,Synechocystis,1142,0,0.12255929609853808,0
official_genus_resolved422,assembly_length_only_LR,2,GCF_046847955.1,Synechocystis,1142,0,0.12255929609853808,0
official_genus_resolved422,assembly_length_only_LR,2,GCF_047302725.1,Prochlorococcus,1218,0,0.03284648623821271,0
official_genus_resolved422,assembly_length_only_LR,2,GCF_047302745.1,Prochlorococcus,1218,0,0.03896759977000439,0
official_genus_resolved422,assembly_length_only_LR,2,GCF_047302755.1,Prochlorococcus,1218,0,0.06912257821701104,0
official_genus_resolved422,assembly_length_only_LR,2,GCF_047302765.1,Prochlorococcus,1218,0,0.035121685602764074,0
official_genus_resolved422,assembly_length_only_LR,2,GCF_047302795.1,Prochlorococcus,1218,0,0.033843563902034815,0
official_genus_resolved422,assembly_length_only_LR,2,GCF_047302805.1,Prochlorococcus,1218,0,0.06762265211480512,0
official_genus_resolved422,assembly_length_only_LR,2,GCF_047302855.1,Prochlorococcus,1218,0,0.03213245527527328,0
official_genus_resolved422,assembly_length_only_LR,2,GCF_047302865.1,Prochlorococcus,1218,0,0.0691773846038562,0
official_genus_resolved422,assembly_length_only_LR,2,GCF_047302875.1,Prochlorococcus,1218,0,0.03213245527527328,0
official_genus_resolved422,assembly_length_only_LR,2,GCF_047302905.1,Prochlorococcus,1218,0,0.03512747693482219,0
official_genus_resolved422,assembly_length_only_LR,2,GCF_047302975.1,Prochlorococcus,1218,0,0.03513163923949309,0
official_genus_resolved422,assembly_length_only_LR,2,GCF_047302985.1,Prochlorococcus,1218,0,0.06822361165200842,0
official_genus_resolved422,assembly_length_only_LR,2,GCF_047303155.1,Prochlorococcus,1218,0,0.06418182750255123,0
official_genus_resolved422,assembly_length_only_LR,2,GCF_047303165.1,Prochlorococcus,1218,0,0.0646892682336944,0
official_genus_resolved422,assembly_length_only_LR,2,GCF_047303175.1,Prochlorococcus,1218,0,0.03513580201940165,0
official_genus_resolved422,assembly_length_only_LR,2,GCF_047303345.1,Prochlorococcus,1218,0,0.06452506582047719,0
official_genus_resolved422,assembly_length_only_LR,2,GCF_047303415.1,Prochlorococcus,1218,0,0.0635134261949225,0
official_genus_resolved422,assembly_length_only_LR,2,GCF_047303465.1,Prochlorococcus,1218,0,0.06837966529096898,0
official_genus_resolved422,assembly_length_only_LR,2,GCF_047303495.1,Prochlorococcus,1218,0,0.0688338796609082,0
official_genus_resolved422,assembly_length_only_LR,2,GCF_047303505.1,Prochlorococcus,1218,0,0.03373411310278263,0
official_genus_resolved422,assembly_length_only_LR,2,GCF_047303555.1,Prochlorococcus,1218,0,0.03355687582666204,0
official_genus_resolved422,assembly_length_only_LR,2,GCF_047304495.1,Prochlorococcus,1218,0,0.06252196363061632,0
official_genus_resolved422,assembly_length_only_LR,2,GCF_047304505.1,Prochlorococcus,1218,0,0.06424281402362253,0
official_genus_resolved422,assembly_length_only_LR,2,GCF_047304515.1,Prochlorococcus,1218,0,0.060394154503699414,0
official_genus_resolved422,assembly_length_only_LR,2,GCF_047304525.1,Prochlorococcus,1218,0,0.03264629373494592,0
official_genus_resolved422,assembly_length_only_LR,2,GCF_047304535.1,Prochlorococcus,1218,0,0.03288238972668298,0
official_genus_resolved422,assembly_length_only_LR,2,GCF_047304605.1,Prochlorococcus,1218,0,0.03512644896889542,0
official_genus_resolved422,assembly_length_only_LR,2,GCF_047304615.1,Prochlorococcus,1218,0,0.03513580201940165,0
official_genus_resolved422,assembly_length_only_LR,2,GCF_047304625.1,Prochlorococcus,1218,0,0.03513580201940165,0
official_genus_resolved422,assembly_length_only_LR,2,GCF_047304675.1,Prochlorococcus,1218,0,0.0398070744662778,0
official_genus_resolved422,assembly_length_only_LR,2,GCF_047304685.1,Prochlorococcus,1218,0,0.03407320742582043,0
official_genus_resolved422,assembly_length_only_LR,2,GCF_047304785.1,Prochlorococcus,1218,0,0.06331053761803941,0
official_genus_resolved422,assembly_length_only_LR,2,GCF_047304905.1,Prochlorococcus,1218,0,0.05796686309740353,0
official_genus_resolved422,assembly_length_only_LR,2,GCF_047305015.1,Prochlorococcus,1218,0,0.03246760758023667,0
official_genus_resolved422,assembly_length_only_LR,2,GCF_047305065.1,Prochlorococcus,1218,0,0.03246760758023667,0
official_genus_resolved422,assembly_length_only_LR,2,GCF_047305115.1,Prochlorococcus,1218,0,0.03293611577347498,0
official_genus_resolved422,assembly_length_only_LR,2,GCF_047305125.1,Prochlorococcus,1218,0,0.03350828078803073,0
official_genus_resolved422,assembly_length_only_LR,2,GCF_047305135.1,Prochlorococcus,1218,0,0.034393495908077235,0
official_genus_resolved422,assembly_length_only_LR,2,GCF_047305145.1,Prochlorococcus,1218,0,0.03279585790495616,0
official_genus_resolved422,assembly_length_only_LR,2,GCF_047305155.1,Prochlorococcus,1218,0,0.04028156060656665,0
official_genus_resolved422,assembly_length_only_LR,2,GCF_047305225.1,Prochlorococcus,1218,0,0.03322514310610558,0
official_genus_resolved422,assembly_length_only_LR,2,GCF_047305235.1,Prochlorococcus,1218,0,0.04009511654853677,0
official_genus_resolved422,assembly_length_only_LR,2,GCF_047497115.1,Prochlorococcus,1218,0,0.032884295292388926,0
official_genus_resolved422,assembly_length_only_LR,2,GCF_047497125.1,Prochlorococcus,1218,0,0.03288427176623604,0
official_genus_resolved422,assembly_length_only_LR,2,GCF_047947085.1,Prochlorococcus,1218,0,0.03491924356433937,0
official_genus_resolved422,assembly_length_only_LR,2,GCF_048077055.1,Egbenema,3079668,1,0.7199133073929908,1
official_genus_resolved422,assembly_length_only_LR,2,GCF_049200465.1,Leptothermofonsia,2917830,0,0.37747765963034885,0
official_genus_resolved422,assembly_length_only_LR,2,GCF_050408035.1,Synechocystis,1142,0,0.1558802921210687,0
official_genus_resolved422,assembly_length_only_LR,2,GCF_947331815.1,Cyanobacterium,102234,1,0.05888374185670619,0
official_genus_resolved422,retained_family_count_only_LR,2,GCF_000007925.1,Prochlorococcus,1218,0,0.11385912205459409,0
official_genus_resolved422,retained_family_count_only_LR,2,GCF_000009725.1,Synechocystis,1142,0,0.14603350136202478,0
official_genus_resolved422,retained_family_count_only_LR,2,GCF_000011345.1,Thermosynechococcus,146785,0,0.0986149880962396,0
official_genus_resolved422,retained_family_count_only_LR,2,GCF_000011465.1,Prochlorococcus,1218,0,0.09395205532394314,0
official_genus_resolved422,retained_family_count_only_LR,2,GCF_000011485.1,Prochlorococcus,1218,0,0.24300498106728916,0
official_genus_resolved422,retained_family_count_only_LR,2,GCF_000012465.1,Prochlorococcus,1218,0,0.11296092258396216,0
official_genus_resolved422,retained_family_count_only_LR,2,GCF_000012645.1,Prochlorococcus,1218,0,0.09471524640153704,0
official_genus_resolved422,retained_family_count_only_LR,2,GCF_000015645.1,Prochlorococcus,1218,0,0.09433295944128298,0
official_genus_resolved422,retained_family_count_only_LR,2,GCF_000015665.1,Prochlorococcus,1218,0,0.09319438077440491,0
official_genus_resolved422,retained_family_count_only_LR,2,GCF_000015685.1,Prochlorococcus,1218,0,0.11251414569630684,0
official_genus_resolved422,retained_family_count_only_LR,2,GCF_000015705.1,Prochlorococcus,1218,0,0.23649240168455304,0
official_genus_resolved422,retained_family_count_only_LR,2,GCF_000015965.1,Prochlorococcus,1218,0,0.09471524640153704,0
official_genus_resolved422,retained_family_count_only_LR,2,GCF_000018065.1,Prochlorococcus,1218,0,0.09471524640153704,0
official_genus_resolved422,retained_family_count_only_LR,2,GCF_000195975.1,Parasynechococcus,2881427,0,0.32425473595198495,0
official_genus_resolved422,retained_family_count_only_LR,2,GCF_000270265.1,Synechocystis,1142,0,0.14603350136202478,0
official_genus_resolved422,retained_family_count_only_LR,2,GCF_000284135.1,Synechocystis,1142,0,0.14492299785195334,0
official_genus_resolved422,retained_family_count_only_LR,2,GCF_000284215.1,Synechocystis,1142,0,0.14603350136202478,0
official_genus_resolved422,retained_family_count_only_LR,2,GCF_000284455.1,Synechocystis,1142,0,0.14603350136202478,0
official_genus_resolved422,retained_family_count_only_LR,2,GCF_000317085.1,Synechococcus,3687896,0,0.06876837006868418,0
official_genus_resolved422,retained_family_count_only_LR,2,GCF_000317125.1,Chroococcidiopsis,54298,1,0.3087966107677218,0
official_genus_resolved422,retained_family_count_only_LR,2,GCF_000317635.1,Halothece,76023,1,0.08732801579283485,0
official_genus_resolved422,retained_family_count_only_LR,2,GCF_000317655.1,Cyanobacterium,102234,0,0.09281760291902968,0
official_genus_resolved422,retained_family_count_only_LR,2,GCF_000317675.1,Cyanobacterium,102234,0,0.10061801222491601,0
official_genus_resolved422,retained_family_count_only_LR,2,GCF_000340785.1,Synechocystis,1142,0,0.14547737037447003,0
official_genus_resolved422,retained_family_count_only_LR,2,GCF_000478825.2,Synechocystis,1142,0,0.14109138791656323,0
official_genus_resolved422,retained_family_count_only_LR,2,GCF_000757845.1,Prochlorococcus,1218,0,0.09548398369021464,0
official_genus_resolved422,retained_family_count_only_LR,2,GCF_000757865.1,Prochlorococcus,1218,0,0.11251414569630684,0
official_genus_resolved422,retained_family_count_only_LR,2,GCF_001318385.1,Synechocystis,1142,0,0.14547737037447003,0
official_genus_resolved422,retained_family_count_only_LR,2,GCF_001747005.2,Cyanobacterium,102234,0,0.09587044143624479,0
official_genus_resolved422,retained_family_count_only_LR,2,GCF_002813895.1,Cyanobacterium,102234,0,0.09587044143624479,0
official_genus_resolved422,retained_family_count_only_LR,2,GCF_003015225.1,Synechocystis,1142,0,0.14492299785195334,0
official_genus_resolved422,retained_family_count_only_LR,2,GCF_003555505.1,Thermosynechococcus,146785,0,0.0998125022520156,0
official_genus_resolved422,retained_family_count_only_LR,2,GCF_008386235.1,Thermosynechococcus,146785,0,0.0998125022520156,0
official_genus_resolved422,retained_family_count_only_LR,2,GCF_011769525.1,Tolypothrix,111782,1,0.9396384342553182,1
official_genus_resolved422,retained_family_count_only_LR,2,GCF_017086385.1,Thermosynechococcus,146785,0,0.0998125022520156,0
official_genus_resolved422,retained_family_count_only_LR,2,GCF_018282115.1,Synechocystis,1142,0,0.14001230465845438,0
official_genus_resolved422,retained_family_count_only_LR,2,GCF_018845095.1,Synechocystis,1142,0,0.14659139362086118,0
official_genus_resolved422,retained_family_count_only_LR,2,GCF_019891175.1,Leptothermofonsia,2917830,1,0.1742028339523472,0
official_genus_resolved422,retained_family_count_only_LR,2,GCF_019924095.1,Synechocystis,1142,0,0.13734480999647214,0
official_genus_resolved422,retained_family_count_only_LR,2,GCF_021379005.1,Leptodesmis,2664261,1,0.17292149460803816,0
official_genus_resolved422,retained_family_count_only_LR,2,GCF_022869765.1,Synechocystis,1142,0,0.14492299785195334,0
official_genus_resolved422,retained_family_count_only_LR,2,GCF_023546805.1,Chroococcidiopsis,54298,1,0.2984095111316756,0
official_genus_resolved422,retained_family_count_only_LR,2,GCF_023650955.1,Thermosynechococcus,146785,0,0.09941190111743349,0
official_genus_resolved422,retained_family_count_only_LR,2,GCF_023983615.1,Phormidium,2219504,1,0.10306926906547129,0
official_genus_resolved422,retained_family_count_only_LR,2,GCF_025677855.1,Tolypothrix,111782,1,0.9396384342553182,1
official_genus_resolved422,retained_family_count_only_LR,2,GCF_025860405.1,Tolypothrix,111782,1,0.9396384342553182,1
official_genus_resolved422,retained_family_count_only_LR,2,GCF_025999095.1,Thermosynechococcus,146785,0,0.0986149880962396,0
official_genus_resolved422,retained_family_count_only_LR,2,GCF_026802175.1,Thermocoleostomius,3065395,1,0.1505461870404301,0
official_genus_resolved422,retained_family_count_only_LR,2,GCF_027359355.1,Prochlorococcus,1218,0,0.11340924685088472,0
official_genus_resolved422,retained_family_count_only_LR,2,GCF_027359375.1,Prochlorococcus,1218,0,0.11705197216352824,0
official_genus_resolved422,retained_family_count_only_LR,2,GCF_027359395.1,Prochlorococcus,1218,0,0.11340924685088472,0
official_genus_resolved422,retained_family_count_only_LR,2,GCF_027359415.1,Prochlorococcus,1218,0,0.11206891262415046,0
official_genus_resolved422,retained_family_count_only_LR,2,GCF_027359475.1,Prochlorococcus,1218,0,0.11431055174621846,0
official_genus_resolved422,retained_family_count_only_LR,2,GCF_027359525.1,Prochlorococcus,1218,0,0.11385912205459409,0
official_genus_resolved422,retained_family_count_only_LR,2,GCF_027359575.1,Prochlorococcus,1218,0,0.11296092258396216,0
official_genus_resolved422,retained_family_count_only_LR,2,GCF_027359595.1,Prochlorococcus,1218,0,0.11385912205459409,0
official_genus_resolved422,retained_family_count_only_LR,2,GCF_030322965.1,Thermosynechococcus,146785,0,0.0998125022520156,0
official_genus_resolved422,retained_family_count_only_LR,2,GCF_030322985.1,Thermosynechococcus,146785,0,0.0998125022520156,0
official_genus_resolved422,retained_family_count_only_LR,2,GCF_030323045.1,Thermosynechococcus,146785,0,0.0998125022520156,0
official_genus_resolved422,retained_family_count_only_LR,2,GCF_030518695.1,Thermosynechococcus,146785,0,0.0998125022520156,0
official_genus_resolved422,retained_family_count_only_LR,2,GCF_030518715.1,Thermosynechococcus,146785,0,0.0998125022520156,0
official_genus_resolved422,retained_family_count_only_LR,2,GCF_030518735.1,Thermosynechococcus,146785,0,0.0998125022520156,0
official_genus_resolved422,retained_family_count_only_LR,2,GCF_031583185.1,Thermosynechococcus,146785,0,0.09941190111743349,0
official_genus_resolved422,retained_family_count_only_LR,2,GCF_031583205.1,Thermosynechococcus,146785,0,0.0998125022520156,0
official_genus_resolved422,retained_family_count_only_LR,2,GCF_031583225.1,Thermosynechococcus,146785,0,0.0998125022520156,0
official_genus_resolved422,retained_family_count_only_LR,2,GCF_031583255.1,Thermosynechococcus,146785,0,0.0998125022520156,0
official_genus_resolved422,retained_family_count_only_LR,2,GCF_031583295.1,Thermosynechococcus,146785,0,0.0998125022520156,0
official_genus_resolved422,retained_family_count_only_LR,2,GCF_031583315.1,Thermosynechococcus,146785,0,0.0998125022520156,0
official_genus_resolved422,retained_family_count_only_LR,2,GCF_031583335.1,Thermosynechococcus,146785,0,0.0998125022520156,0
official_genus_resolved422,retained_family_count_only_LR,2,GCF_031583355.1,Thermosynechococcus,146785,0,0.09901273096327448,0
official_genus_resolved422,retained_family_count_only_LR,2,GCF_031583375.1,Thermosynechococcus,146785,0,0.0998125022520156,0
official_genus_resolved422,retained_family_count_only_LR,2,GCF_031583395.1,Thermosynechococcus,146785,0,0.09941190111743349,0
official_genus_resolved422,retained_family_count_only_LR,2,GCF_031583415.1,Thermosynechococcus,146785,0,0.09941190111743349,0
official_genus_resolved422,retained_family_count_only_LR,2,GCF_031583435.1,Thermosynechococcus,146785,0,0.0998125022520156,0
official_genus_resolved422,retained_family_count_only_LR,2,GCF_031583455.1,Thermosynechococcus,146785,0,0.09941190111743349,0
official_genus_resolved422,retained_family_count_only_LR,2,GCF_031583475.1,Thermosynechococcus,146785,0,0.0998125022520156,0
official_genus_resolved422,retained_family_count_only_LR,2,GCF_031583495.1,Thermosynechococcus,146785,0,0.0998125022520156,0
official_genus_resolved422,retained_family_count_only_LR,2,GCF_031583515.1,Thermosynechococcus,146785,0,0.0998125022520156,0
official_genus_resolved422,retained_family_count_only_LR,2,GCF_031583535.1,Thermosynechococcus,146785,0,0.0998125022520156,0
official_genus_resolved422,retained_family_count_only_LR,2,GCF_031583555.1,Thermosynechococcus,146785,0,0.09901273096327448,0
official_genus_resolved422,retained_family_count_only_LR,2,GCF_031586415.1,Thermosynechococcus,146785,0,0.09941190111743349,0
official_genus_resolved422,retained_family_count_only_LR,2,GCF_033798705.1,Cyanobacterium,102234,0,0.0998125022520156,0
official_genus_resolved422,retained_family_count_only_LR,2,GCF_034092375.1,Prochlorococcus,1218,0,0.14437038097097918,0
official_genus_resolved422,retained_family_count_only_LR,2,GCF_034092395.1,Prochlorococcus,1218,0,0.14659139362086118,0
official_genus_resolved422,retained_family_count_only_LR,2,GCF_034092415.1,Prochlorococcus,1218,0,0.1321380132104326,0
official_genus_resolved422,retained_family_count_only_LR,2,GCF_034092465.1,Prochlorococcus,1218,0,0.11385912205459409,0
official_genus_resolved422,retained_family_count_only_LR,2,GCF_034093315.1,Prochlorococcus,1218,0,0.09357253033876516,0
official_genus_resolved422,retained_family_count_only_LR,2,GCF_035320825.1,Cyanobacterium,102234,0,0.1002145380581971,0
official_genus_resolved422,retained_family_count_only_LR,2,GCF_036345015.1,Cyanobacterium,102234,1,0.0998125022520156,0
official_genus_resolved422,retained_family_count_only_LR,2,GCF_038630775.1,Cyanobacterium,102234,0,0.1002145380581971,0
official_genus_resolved422,retained_family_count_only_LR,2,GCF_040436315.1,Synechocystis,1142,1,0.14492299785195334,0
official_genus_resolved422,retained_family_count_only_LR,2,GCF_044923475.1,Altericista,2855430,1,0.11476353947035012,0
official_genus_resolved422,retained_family_count_only_LR,2,GCF_045345185.1,Cyanobacterium,102234,0,0.09782376944042091,0
official_genus_resolved422,retained_family_count_only_LR,2,GCF_046846445.1,Synechocystis,1142,0,0.14547737037447003,0
official_genus_resolved422,retained_family_count_only_LR,2,GCF_046847935.1,Synechocystis,1142,0,0.14603350136202478,0
official_genus_resolved422,retained_family_count_only_LR,2,GCF_046847945.1,Synechocystis,1142,0,0.14603350136202478,0
official_genus_resolved422,retained_family_count_only_LR,2,GCF_046847955.1,Synechocystis,1142,0,0.14603350136202478,0
official_genus_resolved422,retained_family_count_only_LR,2,GCF_047302725.1,Prochlorococcus,1218,0,0.09395205532394314,0
official_genus_resolved422,retained_family_count_only_LR,2,GCF_047302745.1,Prochlorococcus,1218,0,0.11340924685088472,0
official_genus_resolved422,retained_family_count_only_LR,2,GCF_047302755.1,Prochlorococcus,1218,0,0.24136548649223286,0
official_genus_resolved422,retained_family_count_only_LR,2,GCF_047302765.1,Prochlorococcus,1218,0,0.11340924685088472,0
official_genus_resolved422,retained_family_count_only_LR,2,GCF_047302795.1,Prochlorococcus,1218,0,0.09244219306042051,0
official_genus_resolved422,retained_family_count_only_LR,2,GCF_047302805.1,Prochlorococcus,1218,0,0.24136548649223286,0
official_genus_resolved422,retained_family_count_only_LR,2,GCF_047302855.1,Prochlorococcus,1218,0,0.09509891991476216,0
official_genus_resolved422,retained_family_count_only_LR,2,GCF_047302865.1,Prochlorococcus,1218,0,0.24136548649223286,0
official_genus_resolved422,retained_family_count_only_LR,2,GCF_047302875.1,Prochlorococcus,1218,0,0.09548398369021464,0
official_genus_resolved422,retained_family_count_only_LR,2,GCF_047302905.1,Prochlorococcus,1218,0,0.11385912205459409,0
official_genus_resolved422,retained_family_count_only_LR,2,GCF_047302975.1,Prochlorococcus,1218,0,0.11431055174621846,0
official_genus_resolved422,retained_family_count_only_LR,2,GCF_047302985.1,Prochlorococcus,1218,0,0.24218428980755627,0
official_genus_resolved422,retained_family_count_only_LR,2,GCF_047303155.1,Prochlorococcus,1218,0,0.24136548649223286,0
official_genus_resolved422,retained_family_count_only_LR,2,GCF_047303165.1,Prochlorococcus,1218,0,0.24218428980755627,0
official_genus_resolved422,retained_family_count_only_LR,2,GCF_047303175.1,Prochlorococcus,1218,0,0.11074244057224654,0
official_genus_resolved422,retained_family_count_only_LR,2,GCF_047303345.1,Prochlorococcus,1218,0,0.23973355017842363,0
official_genus_resolved422,retained_family_count_only_LR,2,GCF_047303415.1,Prochlorococcus,1218,0,0.23973355017842363,0
official_genus_resolved422,retained_family_count_only_LR,2,GCF_047303465.1,Prochlorococcus,1218,0,0.24300498106728916,0
official_genus_resolved422,retained_family_count_only_LR,2,GCF_047303495.1,Prochlorococcus,1218,0,0.24136548649223286,0
official_genus_resolved422,retained_family_count_only_LR,2,GCF_047303505.1,Prochlorococcus,1218,0,0.09281760291902968,0
official_genus_resolved422,retained_family_count_only_LR,2,GCF_047303555.1,Prochlorococcus,1218,0,0.09433295944128298,0
official_genus_resolved422,retained_family_count_only_LR,2,GCF_047304495.1,Prochlorococcus,1218,0,0.24054857275350477,0
official_genus_resolved422,retained_family_count_only_LR,2,GCF_047304505.1,Prochlorococcus,1218,0,0.24136548649223286,0
official_genus_resolved422,retained_family_count_only_LR,2,GCF_047304515.1,Prochlorococcus,1218,0,0.24136548649223286,0
official_genus_resolved422,retained_family_count_only_LR,2,GCF_047304525.1,Prochlorococcus,1218,0,0.09548398369021464,0
official_genus_resolved422,retained_family_count_only_LR,2,GCF_047304535.1,Prochlorococcus,1218,0,0.09587044143624479,0
official_genus_resolved422,retained_family_count_only_LR,2,GCF_047304605.1,Prochlorococcus,1218,0,0.11385912205459409,0
official_genus_resolved422,retained_family_count_only_LR,2,GCF_047304615.1,Prochlorococcus,1218,0,0.11074244057224654,0
official_genus_resolved422,retained_family_count_only_LR,2,GCF_047304625.1,Prochlorococcus,1218,0,0.11074244057224654,0
official_genus_resolved422,retained_family_count_only_LR,2,GCF_047304675.1,Prochlorococcus,1218,0,0.11251414569630684,0
official_genus_resolved422,retained_family_count_only_LR,2,GCF_047304685.1,Prochlorococcus,1218,0,0.09509891991476216,0
official_genus_resolved422,retained_family_count_only_LR,2,GCF_047304785.1,Prochlorococcus,1218,0,0.24218428980755627,0
official_genus_resolved422,retained_family_count_only_LR,2,GCF_047304905.1,Prochlorococcus,1218,0,0.24218428980755627,0
official_genus_resolved422,retained_family_count_only_LR,2,GCF_047305015.1,Prochlorococcus,1218,0,0.09433295944128298,0
official_genus_resolved422,retained_family_count_only_LR,2,GCF_047305065.1,Prochlorococcus,1218,0,0.09433295944128298,0
official_genus_resolved422,retained_family_count_only_LR,2,GCF_047305115.1,Prochlorococcus,1218,0,0.09395205532394314,0
official_genus_resolved422,retained_family_count_only_LR,2,GCF_047305125.1,Prochlorococcus,1218,0,0.09471524640153704,0
official_genus_resolved422,retained_family_count_only_LR,2,GCF_047305135.1,Prochlorococcus,1218,0,0.09281760291902968,0
official_genus_resolved422,retained_family_count_only_LR,2,GCF_047305145.1,Prochlorococcus,1218,0,0.09395205532394314,0
official_genus_resolved422,retained_family_count_only_LR,2,GCF_047305155.1,Prochlorococcus,1218,0,0.11296092258396216,0
official_genus_resolved422,retained_family_count_only_LR,2,GCF_047305225.1,Prochlorococcus,1218,0,0.09548398369021464,0
official_genus_resolved422,retained_family_count_only_LR,2,GCF_047305235.1,Prochlorococcus,1218,0,0.11296092258396216,0
official_genus_resolved422,retained_family_count_only_LR,2,GCF_047497115.1,Prochlorococcus,1218,0,0.09395205532394314,0
official_genus_resolved422,retained_family_count_only_LR,2,GCF_047497125.1,Prochlorococcus,1218,0,0.09433295944128298,0
official_genus_resolved422,retained_family_count_only_LR,2,GCF_047947085.1,Prochlorococcus,1218,0,0.09471524640153704,0
official_genus_resolved422,retained_family_count_only_LR,2,GCF_048077055.1,Egbenema,3079668,1,0.14940737097071505,0
official_genus_resolved422,retained_family_count_only_LR,2,GCF_049200465.1,Leptothermofonsia,2917830,0,0.16477409117233868,0
official_genus_resolved422,retained_family_count_only_LR,2,GCF_050408035.1,Synechocystis,1142,0,0.14547737037447003,0
official_genus_resolved422,retained_family_count_only_LR,2,GCF_947331815.1,Cyanobacterium,102234,1,0.09743028625545477,0
official_genus_resolved422,Random Forest,3,GCF_000011385.1,Gloeobacter,33071,0,0.18923431915223296,0
official_genus_resolved422,Random Forest,3,GCF_000019485.1,Picosynechococcus,3079908,0,0.2594362101574882,0
official_genus_resolved422,Random Forest,3,GCF_000316515.1,Cyanobium,167375,0,0.01664420073098396,0
official_genus_resolved422,Random Forest,3,GCF_000316605.1,[Leptolyngbya],3079908,0,0.275215352798473,0
official_genus_resolved422,Random Forest,3,GCF_000317025.1,Pleurocapsa,44474,1,0.4097886978862211,0
official_genus_resolved422,Random Forest,3,GCF_000317065.1,Thalassoporum,2799719,0,0.2599995505383678,0
official_genus_resolved422,Random Forest,3,GCF_000484535.1,Gloeobacter,33071,0,0.18879276071067452,0
official_genus_resolved422,Random Forest,3,GCF_001521855.1,Picosynechococcus,3079908,0,0.27037975272603076,0
official_genus_resolved422,Random Forest,3,GCF_001548455.1,Fischerella,1190,1,0.9244072755178894,1
official_genus_resolved422,Random Forest,3,GCF_001693255.1,Picosynechococcus,3079908,0,0.2584448681661462,0
official_genus_resolved422,Random Forest,3,GCF_001693275.1,Picosynechococcus,3079908,0,0.25963750885878695,0
official_genus_resolved422,Random Forest,3,GCF_001693295.1,Picosynechococcus,3079908,0,0.2594362101574882,0
official_genus_resolved422,Random Forest,3,GCF_002075285.2,Halomicronema,170610,0,0.36010812980162804,0
official_genus_resolved422,Random Forest,3,GCF_002075285.3,Halomicronema,170610,0,0.3762735433354626,0
official_genus_resolved422,Random Forest,3,GCF_002356215.1,[Synechococcus],3079908,0,0.26569940107285306,0
official_genus_resolved422,Random Forest,3,GCF_002368355.1,Chondrocystis,268175,0,0.3167910722019787,0
official_genus_resolved422,Random Forest,3,GCF_002754935.1,Parathermosynechococcus,3161592,0,0.05800915021041764,0
official_genus_resolved422,Random Forest,3,GCF_003054475.1,Nodularia,159191,1,0.897129357357618,1
official_genus_resolved422,Random Forest,3,GCF_003367075.2,Cylindrospermopsis,77021,1,0.7765143116687234,1
official_genus_resolved422,Random Forest,3,GCF_014280235.1,Cyanobium,167375,0,0.010810867397650626,0
official_genus_resolved422,Random Forest,3,GCF_018139025.1,Cylindrospermopsis,77021,1,0.8055794883221354,1
official_genus_resolved422,Random Forest,3,GCF_018399015.1,Cyanobium,167375,0,0.009676011096987397,0
official_genus_resolved422,Random Forest,3,GCF_021018745.1,Gloeobacter,33071,0,0.18923431915223296,0
official_genus_resolved422,Random Forest,3,GCF_021650815.1,Cylindrospermopsis,77021,1,0.7910012054938526,1
official_genus_resolved422,Random Forest,3,GCF_022376295.1,Nodularia,159191,1,0.898957196185457,1
official_genus_resolved422,Random Forest,3,GCF_029953635.1,Halotia,1620790,1,0.953080532212885,1
official_genus_resolved422,Random Forest,3,GCF_032393985.1,Fischerella,1190,1,0.9489365928189457,1
official_genus_resolved422,Random Forest,3,GCF_047276495.1,Capilliphycus,2768926,1,0.3175828292078293,0
official_genus_resolved422,Random Forest,3,GCF_050235535.1,Aliinostoc,2035978,1,0.9655553415041906,1
official_genus_resolved422,Random Forest,3,GCF_050920705.1,Cyanobium,167375,0,0.004209857296640524,0
official_genus_resolved422,Random Forest,3,GCF_051201415.1,Cylindrospermopsis,77021,1,0.8022739327665798,1
official_genus_resolved422,Random Forest,3,GCF_900088535.1,Cyanobium,167375,0,0.01696767776365406,0
official_genus_resolved422,Random Forest,3,GCF_904830765.1,Planktothrix,54304,0,0.3207516483516483,0
official_genus_resolved422,Random Forest,3,GCF_904830775.1,Planktothrix,54304,0,0.34802762237762247,0
official_genus_resolved422,Random Forest,3,GCF_904830845.1,Planktothrix,54304,0,0.37450164835164834,0
official_genus_resolved422,Random Forest,3,GCF_904830855.1,Planktothrix,54304,0,0.33875164835164834,0
official_genus_resolved422,Random Forest,3,GCF_904830915.1,Planktothrix,54304,0,0.3558728604728605,0
official_genus_resolved422,Random Forest,3,GCF_904830925.1,Planktothrix,54304,1,0.42122059884559876,0
official_genus_resolved422,Random Forest,3,GCF_904830935.1,Planktothrix,54304,0,0.32004331501831496,0
official_genus_resolved422,Random Forest,3,GCF_963665995.1,Pleurocapsa,44474,0,0.3530919541383096,0
official_genus_resolved422,Random Forest,3,GCF_963920485.1,Cyanobium,167375,0,0.008154366075342378,0
official_genus_resolved422,Random Forest,3,GCF_977927515.1,Cyanobium,167375,0,0.012755311842095067,0
official_genus_resolved422,Random Forest,3,GCF_977927535.1,Cyanobium,167375,0,0.001963889884866186,0
official_genus_resolved422,Random Forest,3,GCF_977927545.1,Cyanobium,167375,0,0.001963889884866186,0
official_genus_resolved422,Gradient Boosting,3,GCF_000011385.1,Gloeobacter,33071,0,0.007452805652933803,0
official_genus_resolved422,Gradient Boosting,3,GCF_000019485.1,Picosynechococcus,3079908,0,0.00029231815184483566,0
official_genus_resolved422,Gradient Boosting,3,GCF_000316515.1,Cyanobium,167375,0,3.2978767695728414e-05,0
official_genus_resolved422,Gradient Boosting,3,GCF_000316605.1,[Leptolyngbya],3079908,0,0.00029152547958264573,0
official_genus_resolved422,Gradient Boosting,3,GCF_000317025.1,Pleurocapsa,44474,1,0.09396472483609834,0
official_genus_resolved422,Gradient Boosting,3,GCF_000317065.1,Thalassoporum,2799719,0,0.00015132219043573019,0
official_genus_resolved422,Gradient Boosting,3,GCF_000484535.1,Gloeobacter,33071,0,0.007453668400664125,0
official_genus_resolved422,Gradient Boosting,3,GCF_001521855.1,Picosynechococcus,3079908,0,0.0002325608124430716,0
official_genus_resolved422,Gradient Boosting,3,GCF_001548455.1,Fischerella,1190,1,0.9996215670047657,1
official_genus_resolved422,Gradient Boosting,3,GCF_001693255.1,Picosynechococcus,3079908,0,0.00026383383214844357,0
official_genus_resolved422,Gradient Boosting,3,GCF_001693275.1,Picosynechococcus,3079908,0,0.0002325608124430716,0
official_genus_resolved422,Gradient Boosting,3,GCF_001693295.1,Picosynechococcus,3079908,0,0.00029232492491410077,0
official_genus_resolved422,Gradient Boosting,3,GCF_002075285.2,Halomicronema,170610,0,0.012535847786248725,0
official_genus_resolved422,Gradient Boosting,3,GCF_002075285.3,Halomicronema,170610,0,0.007724666918900277,0
official_genus_resolved422,Gradient Boosting,3,GCF_002356215.1,[Synechococcus],3079908,0,0.0002325662012450929,0
official_genus_resolved422,Gradient Boosting,3,GCF_002368355.1,Chondrocystis,268175,0,0.28987690027551527,0
official_genus_resolved422,Gradient Boosting,3,GCF_002754935.1,Parathermosynechococcus,3161592,0,3.802418082520087e-05,0
official_genus_resolved422,Gradient Boosting,3,GCF_003054475.1,Nodularia,159191,1,0.9999358680891668,1
official_genus_resolved422,Gradient Boosting,3,GCF_003367075.2,Cylindrospermopsis,77021,1,0.9994332146525964,1
official_genus_resolved422,Gradient Boosting,3,GCF_014280235.1,Cyanobium,167375,0,3.2978767695728414e-05,0
official_genus_resolved422,Gradient Boosting,3,GCF_018139025.1,Cylindrospermopsis,77021,1,0.9997428764185059,1
official_genus_resolved422,Gradient Boosting,3,GCF_018399015.1,Cyanobium,167375,0,3.2978767695728414e-05,0
official_genus_resolved422,Gradient Boosting,3,GCF_021018745.1,Gloeobacter,33071,0,0.007452805652933803,0
official_genus_resolved422,Gradient Boosting,3,GCF_021650815.1,Cylindrospermopsis,77021,1,0.9994298797351745,1
official_genus_resolved422,Gradient Boosting,3,GCF_022376295.1,Nodularia,159191,1,0.9998834333120082,1
official_genus_resolved422,Gradient Boosting,3,GCF_029953635.1,Halotia,1620790,1,0.999934813801504,1
official_genus_resolved422,Gradient Boosting,3,GCF_032393985.1,Fischerella,1190,1,0.9996215757721746,1
official_genus_resolved422,Gradient Boosting,3,GCF_047276495.1,Capilliphycus,2768926,1,0.004459536101525248,0
official_genus_resolved422,Gradient Boosting,3,GCF_050235535.1,Aliinostoc,2035978,1,0.9999361152993743,1
official_genus_resolved422,Gradient Boosting,3,GCF_050920705.1,Cyanobium,167375,0,3.2978767695728414e-05,0
official_genus_resolved422,Gradient Boosting,3,GCF_051201415.1,Cylindrospermopsis,77021,1,0.9995299155021689,1
official_genus_resolved422,Gradient Boosting,3,GCF_900088535.1,Cyanobium,167375,0,3.2978767695728414e-05,0
official_genus_resolved422,Gradient Boosting,3,GCF_904830765.1,Planktothrix,54304,0,0.0009131343659902925,0
official_genus_resolved422,Gradient Boosting,3,GCF_904830775.1,Planktothrix,54304,0,0.0009132137011214359,0
official_genus_resolved422,Gradient Boosting,3,GCF_904830845.1,Planktothrix,54304,0,0.0017268262433235708,0
official_genus_resolved422,Gradient Boosting,3,GCF_904830855.1,Planktothrix,54304,0,0.0009132137011214359,0
official_genus_resolved422,Gradient Boosting,3,GCF_904830915.1,Planktothrix,54304,0,0.0013983414065430265,0
official_genus_resolved422,Gradient Boosting,3,GCF_904830925.1,Planktothrix,54304,1,0.0032354490841878447,0
official_genus_resolved422,Gradient Boosting,3,GCF_904830935.1,Planktothrix,54304,0,0.0010282641660122414,0
official_genus_resolved422,Gradient Boosting,3,GCF_963665995.1,Pleurocapsa,44474,0,0.5590750560399225,1
official_genus_resolved422,Gradient Boosting,3,GCF_963920485.1,Cyanobium,167375,0,8.163320926242908e-05,0
official_genus_resolved422,Gradient Boosting,3,GCF_977927515.1,Cyanobium,167375,0,3.2978767695728414e-05,0
official_genus_resolved422,Gradient Boosting,3,GCF_977927535.1,Cyanobium,167375,0,3.2978767695728414e-05,0
official_genus_resolved422,Gradient Boosting,3,GCF_977927545.1,Cyanobium,167375,0,3.2978767695728414e-05,0
official_genus_resolved422,Logistic Regression,3,GCF_000011385.1,Gloeobacter,33071,0,0.07681768043095961,0
official_genus_resolved422,Logistic Regression,3,GCF_000019485.1,Picosynechococcus,3079908,0,0.0035487883139869478,0
official_genus_resolved422,Logistic Regression,3,GCF_000316515.1,Cyanobium,167375,0,0.0008888797907313184,0
official_genus_resolved422,Logistic Regression,3,GCF_000316605.1,[Leptolyngbya],3079908,0,0.007100374704550742,0
official_genus_resolved422,Logistic Regression,3,GCF_000317025.1,Pleurocapsa,44474,1,0.681045168078098,1
official_genus_resolved422,Logistic Regression,3,GCF_000317065.1,Thalassoporum,2799719,0,0.0015175478307314619,0
official_genus_resolved422,Logistic Regression,3,GCF_000484535.1,Gloeobacter,33071,0,0.01988339558605685,0
official_genus_resolved422,Logistic Regression,3,GCF_001521855.1,Picosynechococcus,3079908,0,0.002027123921443351,0
official_genus_resolved422,Logistic Regression,3,GCF_001548455.1,Fischerella,1190,1,0.9988038207457397,1
official_genus_resolved422,Logistic Regression,3,GCF_001693255.1,Picosynechococcus,3079908,0,0.029973585535638923,0
official_genus_resolved422,Logistic Regression,3,GCF_001693275.1,Picosynechococcus,3079908,0,0.00168550534865674,0
official_genus_resolved422,Logistic Regression,3,GCF_001693295.1,Picosynechococcus,3079908,0,0.007390625995413837,0
official_genus_resolved422,Logistic Regression,3,GCF_002075285.2,Halomicronema,170610,0,0.9541390304919308,1
official_genus_resolved422,Logistic Regression,3,GCF_002075285.3,Halomicronema,170610,0,0.9146744352044851,1
official_genus_resolved422,Logistic Regression,3,GCF_002356215.1,[Synechococcus],3079908,0,0.0012774018255158088,0
official_genus_resolved422,Logistic Regression,3,GCF_002368355.1,Chondrocystis,268175,0,0.47153731649560365,0
official_genus_resolved422,Logistic Regression,3,GCF_002754935.1,Parathermosynechococcus,3161592,0,0.0003542763875992326,0
official_genus_resolved422,Logistic Regression,3,GCF_003054475.1,Nodularia,159191,1,0.9853682140087816,1
official_genus_resolved422,Logistic Regression,3,GCF_003367075.2,Cylindrospermopsis,77021,1,0.9571185848312389,1
official_genus_resolved422,Logistic Regression,3,GCF_014280235.1,Cyanobium,167375,0,0.0011063284514973156,0
official_genus_resolved422,Logistic Regression,3,GCF_018139025.1,Cylindrospermopsis,77021,1,0.9702171657571077,1
official_genus_resolved422,Logistic Regression,3,GCF_018399015.1,Cyanobium,167375,0,0.0008565608513985276,0
official_genus_resolved422,Logistic Regression,3,GCF_021018745.1,Gloeobacter,33071,0,0.09051436555448426,0
official_genus_resolved422,Logistic Regression,3,GCF_021650815.1,Cylindrospermopsis,77021,1,0.9777879752103632,1
official_genus_resolved422,Logistic Regression,3,GCF_022376295.1,Nodularia,159191,1,0.9988877991925158,1
official_genus_resolved422,Logistic Regression,3,GCF_029953635.1,Halotia,1620790,1,0.9988887089255987,1
official_genus_resolved422,Logistic Regression,3,GCF_032393985.1,Fischerella,1190,1,0.9984890848423824,1
official_genus_resolved422,Logistic Regression,3,GCF_047276495.1,Capilliphycus,2768926,1,0.17468920555870907,0
official_genus_resolved422,Logistic Regression,3,GCF_050235535.1,Aliinostoc,2035978,1,0.9945671864510487,1
official_genus_resolved422,Logistic Regression,3,GCF_050920705.1,Cyanobium,167375,0,0.0009290901238090816,0
official_genus_resolved422,Logistic Regression,3,GCF_051201415.1,Cylindrospermopsis,77021,1,0.9699657502471198,1
official_genus_resolved422,Logistic Regression,3,GCF_900088535.1,Cyanobium,167375,0,0.0007407153261546738,0
official_genus_resolved422,Logistic Regression,3,GCF_904830765.1,Planktothrix,54304,0,0.0015267347309367936,0
official_genus_resolved422,Logistic Regression,3,GCF_904830775.1,Planktothrix,54304,0,0.004395318394574929,0
official_genus_resolved422,Logistic Regression,3,GCF_904830845.1,Planktothrix,54304,0,0.00742670048560835,0
official_genus_resolved422,Logistic Regression,3,GCF_904830855.1,Planktothrix,54304,0,0.002933189526783254,0
official_genus_resolved422,Logistic Regression,3,GCF_904830915.1,Planktothrix,54304,0,0.003127602500135478,0
official_genus_resolved422,Logistic Regression,3,GCF_904830925.1,Planktothrix,54304,1,0.7540093705454486,1
official_genus_resolved422,Logistic Regression,3,GCF_904830935.1,Planktothrix,54304,0,0.000866958906073877,0
official_genus_resolved422,Logistic Regression,3,GCF_963665995.1,Pleurocapsa,44474,0,0.8165234055881492,1
official_genus_resolved422,Logistic Regression,3,GCF_963920485.1,Cyanobium,167375,0,0.006008750375893878,0
official_genus_resolved422,Logistic Regression,3,GCF_977927515.1,Cyanobium,167375,0,0.0013277262867349591,0
official_genus_resolved422,Logistic Regression,3,GCF_977927535.1,Cyanobium,167375,0,0.0007472513084213076,0
official_genus_resolved422,Logistic Regression,3,GCF_977927545.1,Cyanobium,167375,0,0.0010184058586557806,0
official_genus_resolved422,XGBoost,3,GCF_000011385.1,Gloeobacter,33071,0,0.30021679401397705,0
official_genus_resolved422,XGBoost,3,GCF_000019485.1,Picosynechococcus,3079908,0,0.041259393095970154,0
official_genus_resolved422,XGBoost,3,GCF_000316515.1,Cyanobium,167375,0,0.001176196150481701,0
official_genus_resolved422,XGBoost,3,GCF_000316605.1,[Leptolyngbya],3079908,0,0.024459654465317726,0
official_genus_resolved422,XGBoost,3,GCF_000317025.1,Pleurocapsa,44474,1,0.10723188519477844,0
official_genus_resolved422,XGBoost,3,GCF_000317065.1,Thalassoporum,2799719,0,0.014702894724905491,0
official_genus_resolved422,XGBoost,3,GCF_000484535.1,Gloeobacter,33071,0,0.21978428959846497,0
official_genus_resolved422,XGBoost,3,GCF_001521855.1,Picosynechococcus,3079908,0,0.02207404188811779,0
official_genus_resolved422,XGBoost,3,GCF_001548455.1,Fischerella,1190,1,0.9928416013717651,1
official_genus_resolved422,XGBoost,3,GCF_001693255.1,Picosynechococcus,3079908,0,0.0760054811835289,0
official_genus_resolved422,XGBoost,3,GCF_001693275.1,Picosynechococcus,3079908,0,0.02127438597381115,0
official_genus_resolved422,XGBoost,3,GCF_001693295.1,Picosynechococcus,3079908,0,0.051508765667676926,0
official_genus_resolved422,XGBoost,3,GCF_002075285.2,Halomicronema,170610,0,0.5093794465065002,1
official_genus_resolved422,XGBoost,3,GCF_002075285.3,Halomicronema,170610,0,0.5013846158981323,1
official_genus_resolved422,XGBoost,3,GCF_002356215.1,[Synechococcus],3079908,0,0.02346930094063282,0
official_genus_resolved422,XGBoost,3,GCF_002368355.1,Chondrocystis,268175,0,0.5520485639572144,1
official_genus_resolved422,XGBoost,3,GCF_002754935.1,Parathermosynechococcus,3161592,0,0.0013983172830194235,0
official_genus_resolved422,XGBoost,3,GCF_003054475.1,Nodularia,159191,1,0.9958468079566956,1
official_genus_resolved422,XGBoost,3,GCF_003367075.2,Cylindrospermopsis,77021,1,0.9591149091720581,1
official_genus_resolved422,XGBoost,3,GCF_014280235.1,Cyanobium,167375,0,0.0013802028261125088,0
official_genus_resolved422,XGBoost,3,GCF_018139025.1,Cylindrospermopsis,77021,1,0.962654173374176,1
official_genus_resolved422,XGBoost,3,GCF_018399015.1,Cyanobium,167375,0,0.0013802028261125088,0
official_genus_resolved422,XGBoost,3,GCF_021018745.1,Gloeobacter,33071,0,0.30021679401397705,0
official_genus_resolved422,XGBoost,3,GCF_021650815.1,Cylindrospermopsis,77021,1,0.9676129221916199,1
official_genus_resolved422,XGBoost,3,GCF_022376295.1,Nodularia,159191,1,0.9983648657798767,1
official_genus_resolved422,XGBoost,3,GCF_029953635.1,Halotia,1620790,1,0.9961040019989014,1
official_genus_resolved422,XGBoost,3,GCF_032393985.1,Fischerella,1190,1,0.9952419996261597,1
official_genus_resolved422,XGBoost,3,GCF_047276495.1,Capilliphycus,2768926,1,0.1040114238858223,0
official_genus_resolved422,XGBoost,3,GCF_050235535.1,Aliinostoc,2035978,1,0.9878302216529846,1
official_genus_resolved422,XGBoost,3,GCF_050920705.1,Cyanobium,167375,0,0.0013262565480545163,0
official_genus_resolved422,XGBoost,3,GCF_051201415.1,Cylindrospermopsis,77021,1,0.966797411441803,1
official_genus_resolved422,XGBoost,3,GCF_900088535.1,Cyanobium,167375,0,0.0014721236657351255,0
official_genus_resolved422,XGBoost,3,GCF_904830765.1,Planktothrix,54304,0,0.010497438721358776,0
official_genus_resolved422,XGBoost,3,GCF_904830775.1,Planktothrix,54304,0,0.05258582532405853,0
official_genus_resolved422,XGBoost,3,GCF_904830845.1,Planktothrix,54304,0,0.06977440416812897,0
official_genus_resolved422,XGBoost,3,GCF_904830855.1,Planktothrix,54304,0,0.013499634340405464,0
official_genus_resolved422,XGBoost,3,GCF_904830915.1,Planktothrix,54304,0,0.02081736922264099,0
official_genus_resolved422,XGBoost,3,GCF_904830925.1,Planktothrix,54304,1,0.32374048233032227,0
official_genus_resolved422,XGBoost,3,GCF_904830935.1,Planktothrix,54304,0,0.006867080926895142,0
official_genus_resolved422,XGBoost,3,GCF_963665995.1,Pleurocapsa,44474,0,0.525268018245697,1
official_genus_resolved422,XGBoost,3,GCF_963920485.1,Cyanobium,167375,0,0.0065514505840837955,0
official_genus_resolved422,XGBoost,3,GCF_977927515.1,Cyanobium,167375,0,0.0013802028261125088,0
official_genus_resolved422,XGBoost,3,GCF_977927535.1,Cyanobium,167375,0,0.0013262565480545163,0
official_genus_resolved422,XGBoost,3,GCF_977927545.1,Cyanobium,167375,0,0.0013262565480545163,0
official_genus_resolved422,assembly_length_only_LR,3,GCF_000011385.1,Gloeobacter,33071,0,0.21286466527569736,0
official_genus_resolved422,assembly_length_only_LR,3,GCF_000019485.1,Picosynechococcus,3079908,0,0.08645341139726477,0
official_genus_resolved422,assembly_length_only_LR,3,GCF_000316515.1,Cyanobium,167375,0,0.08207146401140492,0
official_genus_resolved422,assembly_length_only_LR,3,GCF_000316605.1,[Leptolyngbya],3079908,0,0.2859288696216488,0
official_genus_resolved422,assembly_length_only_LR,3,GCF_000317025.1,Pleurocapsa,44474,1,0.26265872597937245,0
official_genus_resolved422,assembly_length_only_LR,3,GCF_000317065.1,Thalassoporum,2799719,0,0.24652889765473518,0
official_genus_resolved422,assembly_length_only_LR,3,GCF_000484535.1,Gloeobacter,33071,0,0.22227538744285735,0
official_genus_resolved422,assembly_length_only_LR,3,GCF_001521855.1,Picosynechococcus,3079908,0,0.07934693360514354,0
official_genus_resolved422,assembly_length_only_LR,3,GCF_001548455.1,Fischerella,1190,1,0.4192022263577146,0
official_genus_resolved422,assembly_length_only_LR,3,GCF_001693255.1,Picosynechococcus,3079908,0,0.0822439430182112,0
official_genus_resolved422,assembly_length_only_LR,3,GCF_001693275.1,Picosynechococcus,3079908,0,0.08793640209004262,0
official_genus_resolved422,assembly_length_only_LR,3,GCF_001693295.1,Picosynechococcus,3079908,0,0.07967990473739764,0
official_genus_resolved422,assembly_length_only_LR,3,GCF_002075285.2,Halomicronema,170610,0,0.3685281551582937,0
official_genus_resolved422,assembly_length_only_LR,3,GCF_002075285.3,Halomicronema,170610,0,0.3692641922101585,0
official_genus_resolved422,assembly_length_only_LR,3,GCF_002356215.1,[Synechococcus],3079908,0,0.06925401014831817,0
official_genus_resolved422,assembly_length_only_LR,3,GCF_002368355.1,Chondrocystis,268175,0,0.2652231563520725,0
official_genus_resolved422,assembly_length_only_LR,3,GCF_002754935.1,Parathermosynechococcus,3161592,0,0.04795512406469444,0
official_genus_resolved422,assembly_length_only_LR,3,GCF_003054475.1,Nodularia,159191,1,0.33267170927874395,0
official_genus_resolved422,assembly_length_only_LR,3,GCF_003367075.2,Cylindrospermopsis,77021,1,0.11251808893251412,0
official_genus_resolved422,assembly_length_only_LR,3,GCF_014280235.1,Cyanobium,167375,0,0.05146187089154407,0
official_genus_resolved422,assembly_length_only_LR,3,GCF_018139025.1,Cylindrospermopsis,77021,1,0.12112945324949086,0
official_genus_resolved422,assembly_length_only_LR,3,GCF_018399015.1,Cyanobium,167375,0,0.07237516380002168,0
official_genus_resolved422,assembly_length_only_LR,3,GCF_021018745.1,Gloeobacter,33071,0,0.2819035104383799,0
official_genus_resolved422,assembly_length_only_LR,3,GCF_021650815.1,Cylindrospermopsis,77021,1,0.1168132866363944,0
official_genus_resolved422,assembly_length_only_LR,3,GCF_022376295.1,Nodularia,159191,1,0.34492194119037284,0
official_genus_resolved422,assembly_length_only_LR,3,GCF_029953635.1,Halotia,1620790,1,0.6809125336771863,1
official_genus_resolved422,assembly_length_only_LR,3,GCF_032393985.1,Fischerella,1190,1,0.6631777008355276,1
official_genus_resolved422,assembly_length_only_LR,3,GCF_047276495.1,Capilliphycus,2768926,1,0.7789123575710074,1
official_genus_resolved422,assembly_length_only_LR,3,GCF_050235535.1,Aliinostoc,2035978,1,0.6831695122237316,1
official_genus_resolved422,assembly_length_only_LR,3,GCF_050920705.1,Cyanobium,167375,0,0.06657709179827172,0
official_genus_resolved422,assembly_length_only_LR,3,GCF_051201415.1,Cylindrospermopsis,77021,1,0.13614053000224124,0
official_genus_resolved422,assembly_length_only_LR,3,GCF_900088535.1,Cyanobium,167375,0,0.06391148755114591,0
official_genus_resolved422,assembly_length_only_LR,3,GCF_904830765.1,Planktothrix,54304,0,0.2814804986864579,0
official_genus_resolved422,assembly_length_only_LR,3,GCF_904830775.1,Planktothrix,54304,0,0.23250593703542016,0
official_genus_resolved422,assembly_length_only_LR,3,GCF_904830845.1,Planktothrix,54304,0,0.26073882211913857,0
official_genus_resolved422,assembly_length_only_LR,3,GCF_904830855.1,Planktothrix,54304,0,0.256336708942921,0
official_genus_resolved422,assembly_length_only_LR,3,GCF_904830915.1,Planktothrix,54304,0,0.24939242991105762,0
official_genus_resolved422,assembly_length_only_LR,3,GCF_904830925.1,Planktothrix,54304,1,0.5914263737934026,1
official_genus_resolved422,assembly_length_only_LR,3,GCF_904830935.1,Planktothrix,54304,0,0.24943649263512407,0
official_genus_resolved422,assembly_length_only_LR,3,GCF_963665995.1,Pleurocapsa,44474,0,0.3407305098957836,0
official_genus_resolved422,assembly_length_only_LR,3,GCF_963920485.1,Cyanobium,167375,0,0.047837861702507284,0
official_genus_resolved422,assembly_length_only_LR,3,GCF_977927515.1,Cyanobium,167375,0,0.07203357082259794,0
official_genus_resolved422,assembly_length_only_LR,3,GCF_977927535.1,Cyanobium,167375,0,0.059908965999009293,0
official_genus_resolved422,assembly_length_only_LR,3,GCF_977927545.1,Cyanobium,167375,0,0.06770582953315768,0
official_genus_resolved422,retained_family_count_only_LR,3,GCF_000011385.1,Gloeobacter,33071,0,0.04465238204305655,0
official_genus_resolved422,retained_family_count_only_LR,3,GCF_000019485.1,Picosynechococcus,3079908,0,0.08846758349668778,0
official_genus_resolved422,retained_family_count_only_LR,3,GCF_000316515.1,Cyanobium,167375,0,0.1485340234989048,0
official_genus_resolved422,retained_family_count_only_LR,3,GCF_000316605.1,[Leptolyngbya],3079908,0,0.0828182993126893,0
official_genus_resolved422,retained_family_count_only_LR,3,GCF_000317025.1,Pleurocapsa,44474,1,0.15729548821589404,0
official_genus_resolved422,retained_family_count_only_LR,3,GCF_000317065.1,Thalassoporum,2799719,0,0.05627370905174184,0
official_genus_resolved422,retained_family_count_only_LR,3,GCF_000484535.1,Gloeobacter,33071,0,0.04426914886247054,0
official_genus_resolved422,retained_family_count_only_LR,3,GCF_001521855.1,Picosynechococcus,3079908,0,0.08738248410360827,0
official_genus_resolved422,retained_family_count_only_LR,3,GCF_001548455.1,Fischerella,1190,1,0.7863143975606265,1
official_genus_resolved422,retained_family_count_only_LR,3,GCF_001693255.1,Picosynechococcus,3079908,0,0.08524832959260575,0
official_genus_resolved422,retained_family_count_only_LR,3,GCF_001693275.1,Picosynechococcus,3079908,0,0.08738248410360827,0
official_genus_resolved422,retained_family_count_only_LR,3,GCF_001693295.1,Picosynechococcus,3079908,0,0.08810453855079572,0
official_genus_resolved422,retained_family_count_only_LR,3,GCF_002075285.2,Halomicronema,170610,0,0.08993330387411284,0
official_genus_resolved422,retained_family_count_only_LR,3,GCF_002075285.3,Halomicronema,170610,0,0.0895648350500306,0
official_genus_resolved422,retained_family_count_only_LR,3,GCF_002356215.1,[Synechococcus],3079908,0,0.08489726509896751,0
official_genus_resolved422,retained_family_count_only_LR,3,GCF_002368355.1,Chondrocystis,268175,0,0.094077426379211,0
official_genus_resolved422,retained_family_count_only_LR,3,GCF_002754935.1,Parathermosynechococcus,3161592,0,0.07847201343531504,0
official_genus_resolved422,retained_family_count_only_LR,3,GCF_003054475.1,Nodularia,159191,1,0.8781357026736387,1
official_genus_resolved422,retained_family_count_only_LR,3,GCF_003367075.2,Cylindrospermopsis,77021,1,0.4604571539774475,0
official_genus_resolved422,retained_family_count_only_LR,3,GCF_014280235.1,Cyanobium,167375,0,0.15610345504467693,0
official_genus_resolved422,retained_family_count_only_LR,3,GCF_018139025.1,Cylindrospermopsis,77021,1,0.4649423716483293,0
official_genus_resolved422,retained_family_count_only_LR,3,GCF_018399015.1,Cyanobium,167375,0,0.15491879477186626,0
official_genus_resolved422,retained_family_count_only_LR,3,GCF_021018745.1,Gloeobacter,33071,0,0.04446037174973749,0
official_genus_resolved422,retained_family_count_only_LR,3,GCF_021650815.1,Cylindrospermopsis,77021,1,0.4548597083632452,0
official_genus_resolved422,retained_family_count_only_LR,3,GCF_022376295.1,Nodularia,159191,1,0.8870132812468333,1
official_genus_resolved422,retained_family_count_only_LR,3,GCF_029953635.1,Halotia,1620790,1,0.929220032648316,1
official_genus_resolved422,retained_family_count_only_LR,3,GCF_032393985.1,Fischerella,1190,1,0.7937949995815631,1
official_genus_resolved422,retained_family_count_only_LR,3,GCF_047276495.1,Capilliphycus,2768926,1,0.11513617262274718,0
official_genus_resolved422,retained_family_count_only_LR,3,GCF_050235535.1,Aliinostoc,2035978,1,0.9265032522113668,1
official_genus_resolved422,retained_family_count_only_LR,3,GCF_050920705.1,Cyanobium,167375,0,0.1358865713854601,0
official_genus_resolved422,retained_family_count_only_LR,3,GCF_051201415.1,Cylindrospermopsis,77021,1,0.4582168985084388,0
official_genus_resolved422,retained_family_count_only_LR,3,GCF_900088535.1,Cyanobium,167375,0,0.15610345504467693,0
official_genus_resolved422,retained_family_count_only_LR,3,GCF_904830765.1,Planktothrix,54304,0,0.11285846972335721,0
official_genus_resolved422,retained_family_count_only_LR,3,GCF_904830775.1,Planktothrix,54304,0,0.11106471622384088,0
official_genus_resolved422,retained_family_count_only_LR,3,GCF_904830845.1,Planktothrix,54304,0,0.11240767495025342,0
official_genus_resolved422,retained_family_count_only_LR,3,GCF_904830855.1,Planktothrix,54304,0,0.11240767495025342,0
official_genus_resolved422,retained_family_count_only_LR,3,GCF_904830915.1,Planktothrix,54304,0,0.11017722821599424,0
official_genus_resolved422,retained_family_count_only_LR,3,GCF_904830925.1,Planktothrix,54304,1,0.11513617262274718,0
official_genus_resolved422,retained_family_count_only_LR,3,GCF_904830935.1,Planktothrix,54304,0,0.11151080188105786,0
official_genus_resolved422,retained_family_count_only_LR,3,GCF_963665995.1,Pleurocapsa,44474,0,0.0917962072732066,0
official_genus_resolved422,retained_family_count_only_LR,3,GCF_963920485.1,Cyanobium,167375,0,0.15849491437663488,0
official_genus_resolved422,retained_family_count_only_LR,3,GCF_977927515.1,Cyanobium,167375,0,0.14796449584848054,0
official_genus_resolved422,retained_family_count_only_LR,3,GCF_977927535.1,Cyanobium,167375,0,0.1369492779601684,0
official_genus_resolved422,retained_family_count_only_LR,3,GCF_977927545.1,Cyanobium,167375,0,0.13641705331534398,0
official_genus_resolved422,Random Forest,4,GCF_000009705.1,Nostoc,1177,1,0.9616956295338648,1
official_genus_resolved422,Random Forest,4,GCF_000010065.1,Synechococcus,1129,0,0.19044652019620054,0
official_genus_resolved422,Random Forest,4,GCF_000012505.1,Synechococcus,1129,0,0.05654757742257741,0
official_genus_resolved422,Random Forest,4,GCF_000012525.1,Synechococcus,1129,0,0.20242478106576578,0
official_genus_resolved422,Random Forest,4,GCF_000012625.1,Synechococcus,1129,0,0.009825549450549451,0
official_genus_resolved422,Random Forest,4,GCF_000013205.1,Synechococcus,1129,1,0.05506708242737654,0
official_genus_resolved422,Random Forest,4,GCF_000013225.1,Synechococcus,1129,1,0.05053767066267066,0
official_genus_resolved422,Random Forest,4,GCF_000014585.1,Synechococcus,1129,0,0.009825549450549451,0
official_genus_resolved422,Random Forest,4,GCF_000020025.1,Nostoc,1177,1,0.9141855562737912,1
official_genus_resolved422,Random Forest,4,GCF_000021805.1,Rippkaea,2546365,1,0.37638849350048725,0
official_genus_resolved422,Random Forest,4,GCF_000021825.1,Gloeothece,28070,1,0.3819823371073371,0
official_genus_resolved422,Random Forest,4,GCF_000063505.1,Synechococcus,1129,0,0.007517857142857143,0
official_genus_resolved422,Random Forest,4,GCF_000063525.1,Synechococcus,1129,0,0.018543498168498165,0
official_genus_resolved422,Random Forest,4,GCF_000147335.1,Gloeothece,28070,1,0.3213666888666888,0
official_genus_resolved422,Random Forest,4,GCF_000161795.2,Synechococcus,1129,0,0.009825549450549451,0
official_genus_resolved422,Random Forest,4,GCF_000179235.2,Synechococcus,1129,0,0.01871443833943834,0
official_genus_resolved422,Random Forest,4,GCF_000316575.1,Calothrix,1186,1,0.9382408702408699,1
official_genus_resolved422,Random Forest,4,GCF_000316625.1,Nostoc,1177,1,0.9310122851005203,1
official_genus_resolved422,Random Forest,4,GCF_000316645.1,Nostoc,1177,1,0.9209973637473634,1
official_genus_resolved422,Random Forest,4,GCF_000316665.1,Rivularia,373984,1,0.8398916002298351,1
official_genus_resolved422,Random Forest,4,GCF_000316685.1,Synechococcus,1129,0,0.1279358003108003,0
official_genus_resolved422,Random Forest,4,GCF_000317435.1,Calothrix,1186,1,0.768411080749316,1
official_genus_resolved422,Random Forest,4,GCF_000317575.1,Stanieria,102115,0,0.30194384534537333,0
official_genus_resolved422,Random Forest,4,GCF_000734895.2,Calothrix,1186,1,0.8449846958596957,1
official_genus_resolved422,Random Forest,4,GCF_000737535.1,Synechococcus,1129,0,0.008547268907563027,0
official_genus_resolved422,Random Forest,4,GCF_000737575.1,Synechococcus,1129,0,0.010854961215255334,0
official_genus_resolved422,Random Forest,4,GCF_000737595.1,Synechococcus,1129,0,0.008547268907563027,0
official_genus_resolved422,Random Forest,4,GCF_000817325.1,Synechococcus,1129,0,0.19392478106576572,0
official_genus_resolved422,Random Forest,4,GCF_001182765.1,Synechococcus,1129,0,0.009825549450549451,0
official_genus_resolved422,Random Forest,4,GCF_001548375.1,Nostoc,1177,1,0.9220886613386612,1
official_genus_resolved422,Random Forest,4,GCF_001548395.1,Leptolyngbya,47251,1,0.44025879675879664,0
official_genus_resolved422,Random Forest,4,GCF_001548435.1,Leptolyngbya,47251,0,0.4005913530913529,0
official_genus_resolved422,Random Forest,4,GCF_001885215.1,Synechococcus,1129,0,0.02128231164260576,0
official_genus_resolved422,Random Forest,4,GCF_002142475.1,Leptolyngbya,47251,1,0.4546058386058386,0
official_genus_resolved422,Random Forest,4,GCF_002142495.1,Leptolyngbya,47251,1,0.4546058386058386,0
official_genus_resolved422,Random Forest,4,GCF_002355455.1,Stanieria,102115,0,0.34893441500020456,0
official_genus_resolved422,Random Forest,4,GCF_002368175.1,Calothrix,1186,1,0.9561237373737373,1
official_genus_resolved422,Random Forest,4,GCF_002368255.1,Leptolyngbya,47251,1,0.4479914421327465,0
official_genus_resolved422,Random Forest,4,GCF_002368395.1,Calothrix,1186,1,0.745093245806481,1
official_genus_resolved422,Random Forest,4,GCF_002368455.1,Calothrix,1186,1,0.8126491759874113,1
official_genus_resolved422,Random Forest,4,GCF_002813575.1,Nostoc,1177,1,0.905701040789276,1
official_genus_resolved422,Random Forest,4,GCF_002896875.1,Nostoc,1177,1,0.9210110085992436,1
official_genus_resolved422,Random Forest,4,GCF_002949735.1,Nostoc,1177,1,0.9034104702487052,1
official_genus_resolved422,Random Forest,4,GCF_002949795.1,Nostoc,1177,1,0.8972153598035949,1
official_genus_resolved422,Random Forest,4,GCF_003443655.1,Nostoc,1177,1,0.9089882258264607,1
official_genus_resolved422,Random Forest,4,GCF_003846445.2,Synechococcus,1129,0,0.19179871268969734,0
official_genus_resolved422,Random Forest,4,GCF_003957805.1,Synechococcus,1129,0,0.19392478106576572,0
official_genus_resolved422,Random Forest,4,GCF_004209775.1,Synechococcus,1129,0,0.016406746031746033,0
official_genus_resolved422,Random Forest,4,GCF_008807075.1,Synechococcus,1129,0,0.013419063779357898,0
official_genus_resolved422,Random Forest,4,GCF_009372195.1,Nostoc,1177,1,0.9223899352281703,1
official_genus_resolved422,Random Forest,4,GCF_009498715.2,Synechococcus,1129,0,0.1856042682452529,0
official_genus_resolved422,Random Forest,4,GCF_009873495.1,Nostoc,1177,1,0.9288601594483944,1
official_genus_resolved422,Random Forest,4,GCF_013177315.1,Thermoleptolyngbya,2303528,1,0.4391869796869796,0
official_genus_resolved422,Random Forest,4,GCF_013343235.1,Nostoc,1177,1,0.9304202937585286,1
official_genus_resolved422,Random Forest,4,GCF_013393905.1,Nostoc,1177,1,0.9273858004740354,1
official_genus_resolved422,Random Forest,4,GCF_013393925.1,Nostoc,1177,1,0.9276165697048045,1
official_genus_resolved422,Random Forest,4,GCF_013393945.1,Nostoc,1177,1,0.9442866218748569,1
official_genus_resolved422,Random Forest,4,GCF_014023275.1,Nostoc,1177,1,0.9308136226518576,1
official_genus_resolved422,Random Forest,4,GCF_014217875.1,Synechococcus,1129,0,0.013158882783882784,0
official_genus_resolved422,Random Forest,4,GCF_014279535.1,Synechococcus,1129,0,0.009825549450549451,0
official_genus_resolved422,Random Forest,4,GCF_014279555.1,Synechococcus,1129,0,0.002307692307692308,0
official_genus_resolved422,Random Forest,4,GCF_014279595.1,Synechococcus,1129,0,0.016406746031746033,0
official_genus_resolved422,Random Forest,4,GCF_014279615.1,Synechococcus,1129,0,0.009825549450549451,0
official_genus_resolved422,Random Forest,4,GCF_014279635.1,Synechococcus,1129,0,0.009825549450549451,0
official_genus_resolved422,Random Forest,4,GCF_014279655.1,Synechococcus,1129,0,0.002307692307692308,0
official_genus_resolved422,Random Forest,4,GCF_014279755.1,Synechococcus,1129,0,0.010854961215255334,0
official_genus_resolved422,Random Forest,4,GCF_014279775.1,Synechococcus,1129,0,0.002307692307692308,0
official_genus_resolved422,Random Forest,4,GCF_014279795.1,Synechococcus,1129,0,0.010851190476190476,0
official_genus_resolved422,Random Forest,4,GCF_014279815.1,Synechococcus,1129,0,0.007517857142857143,0
official_genus_resolved422,Random Forest,4,GCF_014279835.1,Synechococcus,1129,0,0.009825549450549451,0
official_genus_resolved422,Random Forest,4,GCF_014279855.1,Synechococcus,1129,0,0.018543498168498165,0
official_genus_resolved422,Random Forest,4,GCF_014279875.1,Synechococcus,1129,0,0.007517857142857143,0
official_genus_resolved422,Random Forest,4,GCF_014279895.1,Synechococcus,1129,0,0.009825549450549451,0
official_genus_resolved422,Random Forest,4,GCF_014279955.1,Synechococcus,1129,0,0.010851190476190476,0
official_genus_resolved422,Random Forest,4,GCF_014279975.1,Synechococcus,1129,0,0.007517857142857143,0
official_genus_resolved422,Random Forest,4,GCF_014280015.1,Synechococcus,1129,0,0.009825549450549451,0
official_genus_resolved422,Random Forest,4,GCF_014280035.1,Synechococcus,1129,0,0.007517857142857143,0
official_genus_resolved422,Random Forest,4,GCF_014280055.1,Synechococcus,1129,0,0.009825549450549451,0
official_genus_resolved422,Random Forest,4,GCF_014280075.1,Synechococcus,1129,0,0.009825549450549451,0
official_genus_resolved422,Random Forest,4,GCF_014280095.1,Synechococcus,1129,0,0.007517857142857143,0
official_genus_resolved422,Random Forest,4,GCF_014280115.1,Synechococcus,1129,0,0.013158882783882784,0
official_genus_resolved422,Random Forest,4,GCF_014280175.1,Synechococcus,1129,0,0.010854961215255334,0
official_genus_resolved422,Random Forest,4,GCF_014280195.1,Synechococcus,1129,0,0.010854961215255334,0
official_genus_resolved422,Random Forest,4,GCF_014280215.1,Synechococcus,1129,0,0.010854961215255334,0
official_genus_resolved422,Random Forest,4,GCF_014304795.1,Synechococcus,1129,0,0.016406746031746033,0
official_genus_resolved422,Random Forest,4,GCF_014304815.1,Synechococcus,1129,0,0.007517857142857143,0
official_genus_resolved422,Random Forest,4,GCF_015840335.1,Synechococcus,1129,0,0.053901515151515145,0
official_genus_resolved422,Random Forest,4,GCF_015840525.1,Synechococcus,1129,0,0.01794520757020757,0
official_genus_resolved422,Random Forest,4,GCF_015840715.1,Synechococcus,1129,0,0.016406746031746033,0
official_genus_resolved422,Random Forest,4,GCF_015840915.1,Synechococcus,1129,0,0.01794520757020757,0
official_genus_resolved422,Random Forest,4,GCF_015841355.1,Synechococcus,1129,0,0.018974619334913453,0
official_genus_resolved422,Random Forest,4,GCF_016403105.1,Leptolyngbya,47251,0,0.2600231491778236,0
official_genus_resolved422,Random Forest,4,GCF_016919485.1,Thermoleptolyngbya,2303528,1,0.4426314241314241,0
official_genus_resolved422,Random Forest,4,GCF_017164015.1,Nostoc,1177,1,0.9402138613020965,1
official_genus_resolved422,Random Forest,4,GCF_018389385.1,Anthocerotibacter,2857076,0,0.09747578298894087,0
official_genus_resolved422,Random Forest,4,GCF_019976755.1,Nostoc,1177,1,0.9507892107892105,1
official_genus_resolved422,Random Forest,4,GCF_019977735.1,Calothrix,1186,1,0.8214983823366175,1
official_genus_resolved422,Random Forest,4,GCF_022063185.1,Nostoc,1177,1,0.9122099207981559,1
official_genus_resolved422,Random Forest,4,GCF_022372495.1,Leptolyngbya,47251,1,0.4558558386058386,0
official_genus_resolved422,Random Forest,4,GCF_022701255.1,Microcoleus,44471,0,0.4484501917164962,0
official_genus_resolved422,Random Forest,4,GCF_022701275.1,Microcoleus,44471,0,0.4245352876241727,0
official_genus_resolved422,Random Forest,4,GCF_022984195.1,Synechococcus,1129,0,0.19392478106576572,0
official_genus_resolved422,Random Forest,4,GCF_023078835.1,Synechococcus,1129,0,0.005641025641025641,0
official_genus_resolved422,Random Forest,4,GCF_023115425.1,Synechococcus,1129,0,0.013158882783882784,0
official_genus_resolved422,Random Forest,4,GCF_023734775.1,Nostoc,1177,1,0.7946677464692169,1
official_genus_resolved422,Random Forest,4,GCF_028623165.1,Nostoc,1177,1,0.8687636448518801,1
official_genus_resolved422,Random Forest,4,GCF_030544905.1,Synechococcus,1129,0,0.19392478106576572,0
official_genus_resolved422,Random Forest,4,GCF_032163395.1,Gloeocapsopsis,693222,0,0.6905298288312993,1
official_genus_resolved422,Random Forest,4,GCF_032598965.1,Leptolyngbya,47251,1,0.5159127865598453,1
official_genus_resolved422,Random Forest,4,GCF_032620035.1,Leptolyngbya,47251,1,0.44984393384393384,0
official_genus_resolved422,Random Forest,4,GCF_032705245.1,Thermoleptolyngbya,2303528,0,0.4549409479409479,0
official_genus_resolved422,Random Forest,4,GCF_036630065.1,Synechococcus,1129,0,0.1856042682452529,0
official_genus_resolved422,Random Forest,4,GCF_036630075.1,Synechococcus,1129,0,0.1856042682452529,0
official_genus_resolved422,Random Forest,4,GCF_036630085.1,Synechococcus,1129,0,0.1856042682452529,0
official_genus_resolved422,Random Forest,4,GCF_036630095.1,Synechococcus,1129,0,0.1856042682452529,0
official_genus_resolved422,Random Forest,4,GCF_036630105.1,Synechococcus,1129,0,0.18417569681668147,0
official_genus_resolved422,Random Forest,4,GCF_036630115.1,Synechococcus,1129,0,0.16606214370312833,0
official_genus_resolved422,Random Forest,4,GCF_037094475.1,Microcoleus,44471,0,0.28830591119406906,0
official_genus_resolved422,Random Forest,4,GCF_038096175.1,Nostoc,1177,1,0.9303589743589741,1
official_genus_resolved422,Random Forest,4,GCF_040371545.1,Synechococcus,1129,0,0.05654757742257741,0
official_genus_resolved422,Random Forest,4,GCF_040564635.1,Planktothricoides,132607,0,0.31453106660364727,0
official_genus_resolved422,Random Forest,4,GCF_042465725.1,Microcoleus,44471,0,0.44413074727205165,0
official_genus_resolved422,Random Forest,4,GCF_043099305.1,Chlorogloeopsis,1123,1,0.8967848866819452,1
official_genus_resolved422,Random Forest,4,GCF_043099315.1,Chlorogloeopsis,1123,1,0.8824690587190586,1
official_genus_resolved422,Random Forest,4,GCF_043099725.1,Nostoc,1177,1,0.9276165697048045,1
official_genus_resolved422,Random Forest,4,GCF_043099735.1,Nostoc,1177,1,0.901838347926583,1
official_genus_resolved422,Random Forest,4,GCF_047302735.1,Synechococcus,1129,0,0.009825549450549451,0
official_genus_resolved422,Random Forest,4,GCF_047302775.1,Synechococcus,1129,0,0.0,0
official_genus_resolved422,Random Forest,4,GCF_047302785.1,Synechococcus,1129,0,0.010851190476190476,0
official_genus_resolved422,Random Forest,4,GCF_047303025.1,Synechococcus,1129,0,0.008547268907563027,0
official_genus_resolved422,Random Forest,4,GCF_047303035.1,Synechococcus,1129,0,0.007517857142857143,0
official_genus_resolved422,Random Forest,4,GCF_047303045.1,Synechococcus,1129,0,0.007517857142857143,0
official_genus_resolved422,Random Forest,4,GCF_047304065.1,Synechococcus,1129,0,0.007517857142857143,0
official_genus_resolved422,Random Forest,4,GCF_047304175.1,Synechococcus,1129,0,0.007517857142857143,0
official_genus_resolved422,Random Forest,4,GCF_047304245.1,Synechococcus,1129,0,0.011025641025641025,0
official_genus_resolved422,Random Forest,4,GCF_047304545.1,Synechococcus,1129,0,0.007517857142857143,0
official_genus_resolved422,Random Forest,4,GCF_047304555.1,Synechococcus,1129,0,0.007517857142857143,0
official_genus_resolved422,Random Forest,4,GCF_047304705.1,Synechococcus,1129,0,0.007517857142857143,0
official_genus_resolved422,Random Forest,4,GCF_047304715.1,Synechococcus,1129,0,0.007517857142857143,0
official_genus_resolved422,Random Forest,4,GCF_047304725.1,Synechococcus,1129,0,0.009825549450549451,0
official_genus_resolved422,Random Forest,4,GCF_047497135.1,Synechococcus,1129,0,0.007517857142857143,0
official_genus_resolved422,Random Forest,4,GCF_047649235.1,Leptolyngbya,47251,1,0.46426916441046884,0
official_genus_resolved422,Random Forest,4,GCF_047716785.1,Synechococcus,1129,0,0.007517857142857143,0
official_genus_resolved422,Random Forest,4,GCF_047716805.1,Synechococcus,1129,0,0.013158882783882784,0
official_genus_resolved422,Random Forest,4,GCF_047716815.1,Synechococcus,1129,0,0.010851190476190476,0
official_genus_resolved422,Random Forest,4,GCF_050422935.1,Synechococcus,1129,0,0.1856042682452529,0
official_genus_resolved422,Random Forest,4,GCF_052692655.1,Nostoc,1177,1,0.9254560080442431,1
official_genus_resolved422,Random Forest,4,GCF_052692665.1,Nostoc,1177,1,0.925245218833454,1
official_genus_resolved422,Random Forest,4,GCF_963920465.1,Synechococcus,1129,0,0.013158882783882784,0
official_genus_resolved422,Random Forest,4,GCF_963920475.1,Synechococcus,1129,0,0.018974619334913453,0
official_genus_resolved422,Random Forest,4,GCF_963920495.1,Synechococcus,1129,0,0.01794520757020757,0
official_genus_resolved422,Random Forest,4,GCF_963920505.1,Synechococcus,1129,0,0.024359234719528836,0
official_genus_resolved422,Random Forest,4,GCF_977012465.1,Leptolyngbya,47251,1,0.27621327630216125,0
official_genus_resolved422,Gradient Boosting,4,GCF_000009705.1,Nostoc,1177,1,0.9999438811884136,1
official_genus_resolved422,Gradient Boosting,4,GCF_000010065.1,Synechococcus,1129,0,0.9443346969758238,1
official_genus_resolved422,Gradient Boosting,4,GCF_000012505.1,Synechococcus,1129,0,1.3673348778550682e-05,0
official_genus_resolved422,Gradient Boosting,4,GCF_000012525.1,Synechococcus,1129,0,0.9443253743122427,1
official_genus_resolved422,Gradient Boosting,4,GCF_000012625.1,Synechococcus,1129,0,1.4330875657986617e-05,0
official_genus_resolved422,Gradient Boosting,4,GCF_000013205.1,Synechococcus,1129,1,1.4330875657986617e-05,0
official_genus_resolved422,Gradient Boosting,4,GCF_000013225.1,Synechococcus,1129,1,1.4330875657986617e-05,0
official_genus_resolved422,Gradient Boosting,4,GCF_000014585.1,Synechococcus,1129,0,1.4330875657986617e-05,0
official_genus_resolved422,Gradient Boosting,4,GCF_000020025.1,Nostoc,1177,1,0.9999073288421881,1
official_genus_resolved422,Gradient Boosting,4,GCF_000021805.1,Rippkaea,2546365,1,0.001138176672880037,0
official_genus_resolved422,Gradient Boosting,4,GCF_000021825.1,Gloeothece,28070,1,0.18253840791511367,0
official_genus_resolved422,Gradient Boosting,4,GCF_000063505.1,Synechococcus,1129,0,1.4330875657986617e-05,0
official_genus_resolved422,Gradient Boosting,4,GCF_000063525.1,Synechococcus,1129,0,1.4330875657986617e-05,0
official_genus_resolved422,Gradient Boosting,4,GCF_000147335.1,Gloeothece,28070,1,0.01784481820832877,0
official_genus_resolved422,Gradient Boosting,4,GCF_000161795.2,Synechococcus,1129,0,1.4330875657986617e-05,0
official_genus_resolved422,Gradient Boosting,4,GCF_000179235.2,Synechococcus,1129,0,1.4330875657986617e-05,0
official_genus_resolved422,Gradient Boosting,4,GCF_000316575.1,Calothrix,1186,1,0.9999515608268515,1
official_genus_resolved422,Gradient Boosting,4,GCF_000316625.1,Nostoc,1177,1,0.9999281165290769,1
official_genus_resolved422,Gradient Boosting,4,GCF_000316645.1,Nostoc,1177,1,0.9999505478799017,1
official_genus_resolved422,Gradient Boosting,4,GCF_000316665.1,Rivularia,373984,1,0.9998612952135897,1
official_genus_resolved422,Gradient Boosting,4,GCF_000316685.1,Synechococcus,1129,0,0.9770468622205192,1
official_genus_resolved422,Gradient Boosting,4,GCF_000317435.1,Calothrix,1186,1,0.9999474836894151,1
official_genus_resolved422,Gradient Boosting,4,GCF_000317575.1,Stanieria,102115,0,0.04388342892827152,0
official_genus_resolved422,Gradient Boosting,4,GCF_000734895.2,Calothrix,1186,1,0.9999354389923748,1
official_genus_resolved422,Gradient Boosting,4,GCF_000737535.1,Synechococcus,1129,0,1.4330875657986617e-05,0
official_genus_resolved422,Gradient Boosting,4,GCF_000737575.1,Synechococcus,1129,0,1.4330875657986617e-05,0
official_genus_resolved422,Gradient Boosting,4,GCF_000737595.1,Synechococcus,1129,0,1.4330875657986617e-05,0
official_genus_resolved422,Gradient Boosting,4,GCF_000817325.1,Synechococcus,1129,0,0.9443346969758238,1
official_genus_resolved422,Gradient Boosting,4,GCF_001182765.1,Synechococcus,1129,0,1.4330875657986617e-05,0
official_genus_resolved422,Gradient Boosting,4,GCF_001548375.1,Nostoc,1177,1,0.9999436431800757,1
official_genus_resolved422,Gradient Boosting,4,GCF_001548395.1,Leptolyngbya,47251,1,0.9909395121065394,1
official_genus_resolved422,Gradient Boosting,4,GCF_001548435.1,Leptolyngbya,47251,0,0.15269701789561513,0
official_genus_resolved422,Gradient Boosting,4,GCF_001885215.1,Synechococcus,1129,0,1.4330875657986617e-05,0
official_genus_resolved422,Gradient Boosting,4,GCF_002142475.1,Leptolyngbya,47251,1,0.1713828080639897,0
official_genus_resolved422,Gradient Boosting,4,GCF_002142495.1,Leptolyngbya,47251,1,0.1713828080639897,0
official_genus_resolved422,Gradient Boosting,4,GCF_002355455.1,Stanieria,102115,0,0.04388342892827152,0
official_genus_resolved422,Gradient Boosting,4,GCF_002368175.1,Calothrix,1186,1,0.9999632806232539,1
official_genus_resolved422,Gradient Boosting,4,GCF_002368255.1,Leptolyngbya,47251,1,0.1713828080639897,0
official_genus_resolved422,Gradient Boosting,4,GCF_002368395.1,Calothrix,1186,1,0.9995498128576813,1
official_genus_resolved422,Gradient Boosting,4,GCF_002368455.1,Calothrix,1186,1,0.999451798359762,1
official_genus_resolved422,Gradient Boosting,4,GCF_002813575.1,Nostoc,1177,1,0.8938825484657238,1
official_genus_resolved422,Gradient Boosting,4,GCF_002896875.1,Nostoc,1177,1,0.9999309437538229,1
official_genus_resolved422,Gradient Boosting,4,GCF_002949735.1,Nostoc,1177,1,0.9998989482545348,1
official_genus_resolved422,Gradient Boosting,4,GCF_002949795.1,Nostoc,1177,1,0.999931019488421,1
official_genus_resolved422,Gradient Boosting,4,GCF_003443655.1,Nostoc,1177,1,0.9999156126062446,1
official_genus_resolved422,Gradient Boosting,4,GCF_003846445.2,Synechococcus,1129,0,0.9443346969758238,1
official_genus_resolved422,Gradient Boosting,4,GCF_003957805.1,Synechococcus,1129,0,0.9443346969758238,1
official_genus_resolved422,Gradient Boosting,4,GCF_004209775.1,Synechococcus,1129,0,1.4330875657986617e-05,0
official_genus_resolved422,Gradient Boosting,4,GCF_008807075.1,Synechococcus,1129,0,1.4330875657986617e-05,0
official_genus_resolved422,Gradient Boosting,4,GCF_009372195.1,Nostoc,1177,1,0.9999369312701241,1
official_genus_resolved422,Gradient Boosting,4,GCF_009498715.2,Synechococcus,1129,0,0.9443346969758238,1
official_genus_resolved422,Gradient Boosting,4,GCF_009873495.1,Nostoc,1177,1,0.9999337810544374,1
official_genus_resolved422,Gradient Boosting,4,GCF_013177315.1,Thermoleptolyngbya,2303528,1,0.9935740178585065,1
official_genus_resolved422,Gradient Boosting,4,GCF_013343235.1,Nostoc,1177,1,0.9999423142549693,1
official_genus_resolved422,Gradient Boosting,4,GCF_013393905.1,Nostoc,1177,1,0.9991498773707487,1
official_genus_resolved422,Gradient Boosting,4,GCF_013393925.1,Nostoc,1177,1,0.9999322187131243,1
official_genus_resolved422,Gradient Boosting,4,GCF_013393945.1,Nostoc,1177,1,0.9998564726612819,1
official_genus_resolved422,Gradient Boosting,4,GCF_014023275.1,Nostoc,1177,1,0.9999330245072307,1
official_genus_resolved422,Gradient Boosting,4,GCF_014217875.1,Synechococcus,1129,0,1.4330875657986617e-05,0
official_genus_resolved422,Gradient Boosting,4,GCF_014279535.1,Synechococcus,1129,0,1.4330875657986617e-05,0
official_genus_resolved422,Gradient Boosting,4,GCF_014279555.1,Synechococcus,1129,0,1.4330875657986617e-05,0
official_genus_resolved422,Gradient Boosting,4,GCF_014279595.1,Synechococcus,1129,0,1.4330875657986617e-05,0
official_genus_resolved422,Gradient Boosting,4,GCF_014279615.1,Synechococcus,1129,0,1.4330875657986617e-05,0
official_genus_resolved422,Gradient Boosting,4,GCF_014279635.1,Synechococcus,1129,0,1.4330875657986617e-05,0
official_genus_resolved422,Gradient Boosting,4,GCF_014279655.1,Synechococcus,1129,0,1.4330875657986617e-05,0
official_genus_resolved422,Gradient Boosting,4,GCF_014279755.1,Synechococcus,1129,0,1.4330875657986617e-05,0
official_genus_resolved422,Gradient Boosting,4,GCF_014279775.1,Synechococcus,1129,0,1.4330875657986617e-05,0
official_genus_resolved422,Gradient Boosting,4,GCF_014279795.1,Synechococcus,1129,0,1.4330875657986617e-05,0
official_genus_resolved422,Gradient Boosting,4,GCF_014279815.1,Synechococcus,1129,0,1.4330875657986617e-05,0
official_genus_resolved422,Gradient Boosting,4,GCF_014279835.1,Synechococcus,1129,0,1.4330875657986617e-05,0
official_genus_resolved422,Gradient Boosting,4,GCF_014279855.1,Synechococcus,1129,0,1.4330875657986617e-05,0
official_genus_resolved422,Gradient Boosting,4,GCF_014279875.1,Synechococcus,1129,0,1.4330875657986617e-05,0
official_genus_resolved422,Gradient Boosting,4,GCF_014279895.1,Synechococcus,1129,0,1.4330875657986617e-05,0
official_genus_resolved422,Gradient Boosting,4,GCF_014279955.1,Synechococcus,1129,0,1.4330875657986617e-05,0
official_genus_resolved422,Gradient Boosting,4,GCF_014279975.1,Synechococcus,1129,0,1.4330875657986617e-05,0
official_genus_resolved422,Gradient Boosting,4,GCF_014280015.1,Synechococcus,1129,0,1.4330875657986617e-05,0
official_genus_resolved422,Gradient Boosting,4,GCF_014280035.1,Synechococcus,1129,0,1.4330875657986617e-05,0
official_genus_resolved422,Gradient Boosting,4,GCF_014280055.1,Synechococcus,1129,0,1.4330875657986617e-05,0
official_genus_resolved422,Gradient Boosting,4,GCF_014280075.1,Synechococcus,1129,0,1.4330875657986617e-05,0
official_genus_resolved422,Gradient Boosting,4,GCF_014280095.1,Synechococcus,1129,0,1.4330875657986617e-05,0
official_genus_resolved422,Gradient Boosting,4,GCF_014280115.1,Synechococcus,1129,0,1.4330875657986617e-05,0
official_genus_resolved422,Gradient Boosting,4,GCF_014280175.1,Synechococcus,1129,0,1.4330875657986617e-05,0
official_genus_resolved422,Gradient Boosting,4,GCF_014280195.1,Synechococcus,1129,0,1.4330875657986617e-05,0
official_genus_resolved422,Gradient Boosting,4,GCF_014280215.1,Synechococcus,1129,0,1.4330875657986617e-05,0
official_genus_resolved422,Gradient Boosting,4,GCF_014304795.1,Synechococcus,1129,0,1.4330875657986617e-05,0
official_genus_resolved422,Gradient Boosting,4,GCF_014304815.1,Synechococcus,1129,0,1.4330875657986617e-05,0
official_genus_resolved422,Gradient Boosting,4,GCF_015840335.1,Synechococcus,1129,0,1.3670644397016958e-05,0
official_genus_resolved422,Gradient Boosting,4,GCF_015840525.1,Synechococcus,1129,0,1.4330875657986617e-05,0
official_genus_resolved422,Gradient Boosting,4,GCF_015840715.1,Synechococcus,1129,0,1.4330875657986617e-05,0
official_genus_resolved422,Gradient Boosting,4,GCF_015840915.1,Synechococcus,1129,0,1.4330875657986617e-05,0
official_genus_resolved422,Gradient Boosting,4,GCF_015841355.1,Synechococcus,1129,0,1.4330875657986617e-05,0
official_genus_resolved422,Gradient Boosting,4,GCF_016403105.1,Leptolyngbya,47251,0,0.0004338767019279235,0
official_genus_resolved422,Gradient Boosting,4,GCF_016919485.1,Thermoleptolyngbya,2303528,1,0.9935325724116483,1
official_genus_resolved422,Gradient Boosting,4,GCF_017164015.1,Nostoc,1177,1,0.9985655969673677,1
official_genus_resolved422,Gradient Boosting,4,GCF_018389385.1,Anthocerotibacter,2857076,0,1.816634900624092e-05,0
official_genus_resolved422,Gradient Boosting,4,GCF_019976755.1,Nostoc,1177,1,0.9999544358112773,1
official_genus_resolved422,Gradient Boosting,4,GCF_019977735.1,Calothrix,1186,1,0.9996684938519791,1
official_genus_resolved422,Gradient Boosting,4,GCF_022063185.1,Nostoc,1177,1,0.999950370128163,1
official_genus_resolved422,Gradient Boosting,4,GCF_022372495.1,Leptolyngbya,47251,1,0.1713828080639897,0
official_genus_resolved422,Gradient Boosting,4,GCF_022701255.1,Microcoleus,44471,0,0.00010915200049426319,0
official_genus_resolved422,Gradient Boosting,4,GCF_022701275.1,Microcoleus,44471,0,8.793520232609992e-05,0
official_genus_resolved422,Gradient Boosting,4,GCF_022984195.1,Synechococcus,1129,0,0.9443346969758238,1
official_genus_resolved422,Gradient Boosting,4,GCF_023078835.1,Synechococcus,1129,0,1.4330875657986617e-05,0
official_genus_resolved422,Gradient Boosting,4,GCF_023115425.1,Synechococcus,1129,0,1.4330875657986617e-05,0
official_genus_resolved422,Gradient Boosting,4,GCF_023734775.1,Nostoc,1177,1,0.9896142078901397,1
official_genus_resolved422,Gradient Boosting,4,GCF_028623165.1,Nostoc,1177,1,0.9999387030696728,1
official_genus_resolved422,Gradient Boosting,4,GCF_030544905.1,Synechococcus,1129,0,0.9443346969758238,1
official_genus_resolved422,Gradient Boosting,4,GCF_032163395.1,Gloeocapsopsis,693222,0,0.9417516122603266,1
official_genus_resolved422,Gradient Boosting,4,GCF_032598965.1,Leptolyngbya,47251,1,0.992309838144331,1
official_genus_resolved422,Gradient Boosting,4,GCF_032620035.1,Leptolyngbya,47251,1,0.8837107215957227,1
official_genus_resolved422,Gradient Boosting,4,GCF_032705245.1,Thermoleptolyngbya,2303528,0,0.993575299650728,1
official_genus_resolved422,Gradient Boosting,4,GCF_036630065.1,Synechococcus,1129,0,0.9443346969758238,1
official_genus_resolved422,Gradient Boosting,4,GCF_036630075.1,Synechococcus,1129,0,0.9443346969758238,1
official_genus_resolved422,Gradient Boosting,4,GCF_036630085.1,Synechococcus,1129,0,0.9443346969758238,1
official_genus_resolved422,Gradient Boosting,4,GCF_036630095.1,Synechococcus,1129,0,0.9443346969758238,1
official_genus_resolved422,Gradient Boosting,4,GCF_036630105.1,Synechococcus,1129,0,0.9443346969758238,1
official_genus_resolved422,Gradient Boosting,4,GCF_036630115.1,Synechococcus,1129,0,0.00027545312752640425,0
official_genus_resolved422,Gradient Boosting,4,GCF_037094475.1,Microcoleus,44471,0,0.1192016362731669,0
official_genus_resolved422,Gradient Boosting,4,GCF_038096175.1,Nostoc,1177,1,0.9999445881313065,1
official_genus_resolved422,Gradient Boosting,4,GCF_040371545.1,Synechococcus,1129,0,1.3673348778550682e-05,0
official_genus_resolved422,Gradient Boosting,4,GCF_040564635.1,Planktothricoides,132607,0,0.0002633633246691957,0
official_genus_resolved422,Gradient Boosting,4,GCF_042465725.1,Microcoleus,44471,0,0.0009523307631626997,0
official_genus_resolved422,Gradient Boosting,4,GCF_043099305.1,Chlorogloeopsis,1123,1,0.9993402627904968,1
official_genus_resolved422,Gradient Boosting,4,GCF_043099315.1,Chlorogloeopsis,1123,1,0.9990040061246772,1
official_genus_resolved422,Gradient Boosting,4,GCF_043099725.1,Nostoc,1177,1,0.999944572966363,1
official_genus_resolved422,Gradient Boosting,4,GCF_043099735.1,Nostoc,1177,1,0.9999587755101856,1
official_genus_resolved422,Gradient Boosting,4,GCF_047302735.1,Synechococcus,1129,0,1.4330875657986617e-05,0
official_genus_resolved422,Gradient Boosting,4,GCF_047302775.1,Synechococcus,1129,0,1.4330875657986617e-05,0
official_genus_resolved422,Gradient Boosting,4,GCF_047302785.1,Synechococcus,1129,0,1.4330875657986617e-05,0
official_genus_resolved422,Gradient Boosting,4,GCF_047303025.1,Synechococcus,1129,0,7.784010702329833e-05,0
official_genus_resolved422,Gradient Boosting,4,GCF_047303035.1,Synechococcus,1129,0,1.4330875657986617e-05,0
official_genus_resolved422,Gradient Boosting,4,GCF_047303045.1,Synechococcus,1129,0,1.4330875657986617e-05,0
official_genus_resolved422,Gradient Boosting,4,GCF_047304065.1,Synechococcus,1129,0,1.4330875657986617e-05,0
official_genus_resolved422,Gradient Boosting,4,GCF_047304175.1,Synechococcus,1129,0,1.4330875657986617e-05,0
official_genus_resolved422,Gradient Boosting,4,GCF_047304245.1,Synechococcus,1129,0,1.4330875657986617e-05,0
official_genus_resolved422,Gradient Boosting,4,GCF_047304545.1,Synechococcus,1129,0,1.4330875657986617e-05,0
official_genus_resolved422,Gradient Boosting,4,GCF_047304555.1,Synechococcus,1129,0,1.4330875657986617e-05,0
official_genus_resolved422,Gradient Boosting,4,GCF_047304705.1,Synechococcus,1129,0,1.4330875657986617e-05,0
official_genus_resolved422,Gradient Boosting,4,GCF_047304715.1,Synechococcus,1129,0,1.4330875657986617e-05,0
official_genus_resolved422,Gradient Boosting,4,GCF_047304725.1,Synechococcus,1129,0,1.4330875657986617e-05,0
official_genus_resolved422,Gradient Boosting,4,GCF_047497135.1,Synechococcus,1129,0,1.4330875657986617e-05,0
official_genus_resolved422,Gradient Boosting,4,GCF_047649235.1,Leptolyngbya,47251,1,0.23743435513483027,0
official_genus_resolved422,Gradient Boosting,4,GCF_047716785.1,Synechococcus,1129,0,1.4330875657986617e-05,0
official_genus_resolved422,Gradient Boosting,4,GCF_047716805.1,Synechococcus,1129,0,1.4330875657986617e-05,0
official_genus_resolved422,Gradient Boosting,4,GCF_047716815.1,Synechococcus,1129,0,1.4330875657986617e-05,0
official_genus_resolved422,Gradient Boosting,4,GCF_050422935.1,Synechococcus,1129,0,0.9443346969758238,1
official_genus_resolved422,Gradient Boosting,4,GCF_052692655.1,Nostoc,1177,1,0.9999322255280384,1
official_genus_resolved422,Gradient Boosting,4,GCF_052692665.1,Nostoc,1177,1,0.9974746238779816,1
official_genus_resolved422,Gradient Boosting,4,GCF_963920465.1,Synechococcus,1129,0,1.4330875657986617e-05,0
official_genus_resolved422,Gradient Boosting,4,GCF_963920475.1,Synechococcus,1129,0,1.4330875657986617e-05,0
official_genus_resolved422,Gradient Boosting,4,GCF_963920495.1,Synechococcus,1129,0,1.4330875657986617e-05,0
official_genus_resolved422,Gradient Boosting,4,GCF_963920505.1,Synechococcus,1129,0,1.4330875657986617e-05,0
official_genus_resolved422,Gradient Boosting,4,GCF_977012465.1,Leptolyngbya,47251,1,0.00041880002864555857,0
official_genus_resolved422,Logistic Regression,4,GCF_000009705.1,Nostoc,1177,1,0.9965414970203953,1
official_genus_resolved422,Logistic Regression,4,GCF_000010065.1,Synechococcus,1129,0,0.0029443712158978325,0
official_genus_resolved422,Logistic Regression,4,GCF_000012505.1,Synechococcus,1129,0,0.002302768138125595,0
official_genus_resolved422,Logistic Regression,4,GCF_000012525.1,Synechococcus,1129,0,0.005583262716370449,0
official_genus_resolved422,Logistic Regression,4,GCF_000012625.1,Synechococcus,1129,0,0.00022305257950979037,0
official_genus_resolved422,Logistic Regression,4,GCF_000013205.1,Synechococcus,1129,1,0.000608285223488649,0
official_genus_resolved422,Logistic Regression,4,GCF_000013225.1,Synechococcus,1129,1,0.00043765685801081363,0
official_genus_resolved422,Logistic Regression,4,GCF_000014585.1,Synechococcus,1129,0,0.00038993370974575156,0
official_genus_resolved422,Logistic Regression,4,GCF_000020025.1,Nostoc,1177,1,0.9996186415093739,1
official_genus_resolved422,Logistic Regression,4,GCF_000021805.1,Rippkaea,2546365,1,0.9577868662593474,1
official_genus_resolved422,Logistic Regression,4,GCF_000021825.1,Gloeothece,28070,1,0.33647830871879625,0
official_genus_resolved422,Logistic Regression,4,GCF_000063505.1,Synechococcus,1129,0,0.00031505416551765627,0
official_genus_resolved422,Logistic Regression,4,GCF_000063525.1,Synechococcus,1129,0,0.00030038563115068447,0
official_genus_resolved422,Logistic Regression,4,GCF_000147335.1,Gloeothece,28070,1,0.33933358173014944,0
official_genus_resolved422,Logistic Regression,4,GCF_000161795.2,Synechococcus,1129,0,0.00025760142803491935,0
official_genus_resolved422,Logistic Regression,4,GCF_000179235.2,Synechococcus,1129,0,0.0009232197491274751,0
official_genus_resolved422,Logistic Regression,4,GCF_000316575.1,Calothrix,1186,1,0.9371414318447541,1
official_genus_resolved422,Logistic Regression,4,GCF_000316625.1,Nostoc,1177,1,0.9724012582950751,1
official_genus_resolved422,Logistic Regression,4,GCF_000316645.1,Nostoc,1177,1,0.9999957717169409,1
official_genus_resolved422,Logistic Regression,4,GCF_000316665.1,Rivularia,373984,1,0.9866904802857825,1
official_genus_resolved422,Logistic Regression,4,GCF_000316685.1,Synechococcus,1129,0,0.028518898384478204,0
official_genus_resolved422,Logistic Regression,4,GCF_000317435.1,Calothrix,1186,1,0.9993754710226732,1
official_genus_resolved422,Logistic Regression,4,GCF_000317575.1,Stanieria,102115,0,0.06583342256227427,0
official_genus_resolved422,Logistic Regression,4,GCF_000734895.2,Calothrix,1186,1,0.9995589016970783,1
official_genus_resolved422,Logistic Regression,4,GCF_000737535.1,Synechococcus,1129,0,0.00015093288897654507,0
official_genus_resolved422,Logistic Regression,4,GCF_000737575.1,Synechococcus,1129,0,0.00018957815562595985,0
official_genus_resolved422,Logistic Regression,4,GCF_000737595.1,Synechococcus,1129,0,0.00025469114739165306,0
official_genus_resolved422,Logistic Regression,4,GCF_000817325.1,Synechococcus,1129,0,0.005595369821818153,0
official_genus_resolved422,Logistic Regression,4,GCF_001182765.1,Synechococcus,1129,0,0.0002485118931149806,0
official_genus_resolved422,Logistic Regression,4,GCF_001548375.1,Nostoc,1177,1,0.9998326947491163,1
official_genus_resolved422,Logistic Regression,4,GCF_001548395.1,Leptolyngbya,47251,1,0.5738761936943371,1
official_genus_resolved422,Logistic Regression,4,GCF_001548435.1,Leptolyngbya,47251,0,0.022180063270574896,0
official_genus_resolved422,Logistic Regression,4,GCF_001885215.1,Synechococcus,1129,0,0.006309414229778987,0
official_genus_resolved422,Logistic Regression,4,GCF_002142475.1,Leptolyngbya,47251,1,0.7451861602867623,1
official_genus_resolved422,Logistic Regression,4,GCF_002142495.1,Leptolyngbya,47251,1,0.7220073387257855,1
official_genus_resolved422,Logistic Regression,4,GCF_002355455.1,Stanieria,102115,0,0.3713006083070453,0
official_genus_resolved422,Logistic Regression,4,GCF_002368175.1,Calothrix,1186,1,0.9969488825814193,1
official_genus_resolved422,Logistic Regression,4,GCF_002368255.1,Leptolyngbya,47251,1,0.7859468925244207,1
official_genus_resolved422,Logistic Regression,4,GCF_002368395.1,Calothrix,1186,1,0.9973943169881961,1
official_genus_resolved422,Logistic Regression,4,GCF_002368455.1,Calothrix,1186,1,0.9717145024033002,1
official_genus_resolved422,Logistic Regression,4,GCF_002813575.1,Nostoc,1177,1,0.9944970127679171,1
official_genus_resolved422,Logistic Regression,4,GCF_002896875.1,Nostoc,1177,1,0.9999914829427106,1
official_genus_resolved422,Logistic Regression,4,GCF_002949735.1,Nostoc,1177,1,0.978627121716699,1
official_genus_resolved422,Logistic Regression,4,GCF_002949795.1,Nostoc,1177,1,0.9741104791568469,1
official_genus_resolved422,Logistic Regression,4,GCF_003443655.1,Nostoc,1177,1,0.9997306658580549,1
official_genus_resolved422,Logistic Regression,4,GCF_003846445.2,Synechococcus,1129,0,0.006919952408099377,0
official_genus_resolved422,Logistic Regression,4,GCF_003957805.1,Synechococcus,1129,0,0.005015699369773689,0
official_genus_resolved422,Logistic Regression,4,GCF_004209775.1,Synechococcus,1129,0,0.0007350516088320403,0
official_genus_resolved422,Logistic Regression,4,GCF_008807075.1,Synechococcus,1129,0,0.0004642129167365859,0
official_genus_resolved422,Logistic Regression,4,GCF_009372195.1,Nostoc,1177,1,0.9999086210207883,1
official_genus_resolved422,Logistic Regression,4,GCF_009498715.2,Synechococcus,1129,0,0.005759003064499487,0
official_genus_resolved422,Logistic Regression,4,GCF_009873495.1,Nostoc,1177,1,0.9978941502068428,1
official_genus_resolved422,Logistic Regression,4,GCF_013177315.1,Thermoleptolyngbya,2303528,1,0.8006862877716735,1
official_genus_resolved422,Logistic Regression,4,GCF_013343235.1,Nostoc,1177,1,0.9949412449151853,1
official_genus_resolved422,Logistic Regression,4,GCF_013393905.1,Nostoc,1177,1,0.7652225089658614,1
official_genus_resolved422,Logistic Regression,4,GCF_013393925.1,Nostoc,1177,1,0.9934421001633297,1
official_genus_resolved422,Logistic Regression,4,GCF_013393945.1,Nostoc,1177,1,0.9977369546700289,1
official_genus_resolved422,Logistic Regression,4,GCF_014023275.1,Nostoc,1177,1,0.999952809587946,1
official_genus_resolved422,Logistic Regression,4,GCF_014217875.1,Synechococcus,1129,0,0.0004350692992624285,0
official_genus_resolved422,Logistic Regression,4,GCF_014279535.1,Synechococcus,1129,0,0.0001969403381218103,0
official_genus_resolved422,Logistic Regression,4,GCF_014279555.1,Synechococcus,1129,0,0.0004762101615370612,0
official_genus_resolved422,Logistic Regression,4,GCF_014279595.1,Synechococcus,1129,0,0.0008353850254046063,0
official_genus_resolved422,Logistic Regression,4,GCF_014279615.1,Synechococcus,1129,0,0.00022305257950979037,0
official_genus_resolved422,Logistic Regression,4,GCF_014279635.1,Synechococcus,1129,0,0.00022305257950979037,0
official_genus_resolved422,Logistic Regression,4,GCF_014279655.1,Synechococcus,1129,0,0.0004762101615370612,0
official_genus_resolved422,Logistic Regression,4,GCF_014279755.1,Synechococcus,1129,0,0.00023830812121002765,0
official_genus_resolved422,Logistic Regression,4,GCF_014279775.1,Synechococcus,1129,0,0.0003472191544082162,0
official_genus_resolved422,Logistic Regression,4,GCF_014279795.1,Synechococcus,1129,0,0.0004480430217583026,0
official_genus_resolved422,Logistic Regression,4,GCF_014279815.1,Synechococcus,1129,0,0.0003699814662084885,0
official_genus_resolved422,Logistic Regression,4,GCF_014279835.1,Synechococcus,1129,0,0.0004630778455229805,0
official_genus_resolved422,Logistic Regression,4,GCF_014279855.1,Synechococcus,1129,0,0.0003293623791816478,0
official_genus_resolved422,Logistic Regression,4,GCF_014279875.1,Synechococcus,1129,0,0.00031505416551765627,0
official_genus_resolved422,Logistic Regression,4,GCF_014279895.1,Synechococcus,1129,0,0.00025760142803491935,0
official_genus_resolved422,Logistic Regression,4,GCF_014279955.1,Synechococcus,1129,0,0.0004480430217583026,0
official_genus_resolved422,Logistic Regression,4,GCF_014279975.1,Synechococcus,1129,0,0.00019761831132422773,0
official_genus_resolved422,Logistic Regression,4,GCF_014280015.1,Synechococcus,1129,0,0.0002885140217102076,0
official_genus_resolved422,Logistic Regression,4,GCF_014280035.1,Synechococcus,1129,0,0.00032036532254248954,0
official_genus_resolved422,Logistic Regression,4,GCF_014280055.1,Synechococcus,1129,0,0.0002485118931149806,0
official_genus_resolved422,Logistic Regression,4,GCF_014280075.1,Synechococcus,1129,0,0.00022305257950979037,0
official_genus_resolved422,Logistic Regression,4,GCF_014280095.1,Synechococcus,1129,0,0.0002921798890688132,0
official_genus_resolved422,Logistic Regression,4,GCF_014280115.1,Synechococcus,1129,0,0.0003767278801096625,0
official_genus_resolved422,Logistic Regression,4,GCF_014280175.1,Synechococcus,1129,0,0.00031334825614539924,0
official_genus_resolved422,Logistic Regression,4,GCF_014280195.1,Synechococcus,1129,0,0.0003007091449717105,0
official_genus_resolved422,Logistic Regression,4,GCF_014280215.1,Synechococcus,1129,0,0.0001867528602718081,0
official_genus_resolved422,Logistic Regression,4,GCF_014304795.1,Synechococcus,1129,0,0.0008059246773590364,0
official_genus_resolved422,Logistic Regression,4,GCF_014304815.1,Synechococcus,1129,0,0.00019761831132422773,0
official_genus_resolved422,Logistic Regression,4,GCF_015840335.1,Synechococcus,1129,0,0.0036269045416942626,0
official_genus_resolved422,Logistic Regression,4,GCF_015840525.1,Synechococcus,1129,0,0.00017877463070237843,0
official_genus_resolved422,Logistic Regression,4,GCF_015840715.1,Synechococcus,1129,0,0.0003172180375483917,0
official_genus_resolved422,Logistic Regression,4,GCF_015840915.1,Synechococcus,1129,0,0.00024179166151752307,0
official_genus_resolved422,Logistic Regression,4,GCF_015841355.1,Synechococcus,1129,0,0.0008620945575386887,0
official_genus_resolved422,Logistic Regression,4,GCF_016403105.1,Leptolyngbya,47251,0,0.03594058076613983,0
official_genus_resolved422,Logistic Regression,4,GCF_016919485.1,Thermoleptolyngbya,2303528,1,0.779308116287193,1
official_genus_resolved422,Logistic Regression,4,GCF_017164015.1,Nostoc,1177,1,0.9930949643947136,1
official_genus_resolved422,Logistic Regression,4,GCF_018389385.1,Anthocerotibacter,2857076,0,0.0008153764512532754,0
official_genus_resolved422,Logistic Regression,4,GCF_019976755.1,Nostoc,1177,1,0.9999212864205521,1
official_genus_resolved422,Logistic Regression,4,GCF_019977735.1,Calothrix,1186,1,0.9913133696385645,1
official_genus_resolved422,Logistic Regression,4,GCF_022063185.1,Nostoc,1177,1,0.9999050183846971,1
official_genus_resolved422,Logistic Regression,4,GCF_022372495.1,Leptolyngbya,47251,1,0.7969720069321586,1
official_genus_resolved422,Logistic Regression,4,GCF_022701255.1,Microcoleus,44471,0,0.01834263812490862,0
official_genus_resolved422,Logistic Regression,4,GCF_022701275.1,Microcoleus,44471,0,0.012411469982326803,0
official_genus_resolved422,Logistic Regression,4,GCF_022984195.1,Synechococcus,1129,0,0.004617391597763151,0
official_genus_resolved422,Logistic Regression,4,GCF_023078835.1,Synechococcus,1129,0,0.0006733407395193051,0
official_genus_resolved422,Logistic Regression,4,GCF_023115425.1,Synechococcus,1129,0,0.00039679632562320493,0
official_genus_resolved422,Logistic Regression,4,GCF_023734775.1,Nostoc,1177,1,0.9620861850629837,1
official_genus_resolved422,Logistic Regression,4,GCF_028623165.1,Nostoc,1177,1,0.8072237781657968,1
official_genus_resolved422,Logistic Regression,4,GCF_030544905.1,Synechococcus,1129,0,0.005015699369773689,0
official_genus_resolved422,Logistic Regression,4,GCF_032163395.1,Gloeocapsopsis,693222,0,0.008198950605133285,0
official_genus_resolved422,Logistic Regression,4,GCF_032598965.1,Leptolyngbya,47251,1,0.6141863537403485,1
official_genus_resolved422,Logistic Regression,4,GCF_032620035.1,Leptolyngbya,47251,1,0.7036563268871961,1
official_genus_resolved422,Logistic Regression,4,GCF_032705245.1,Thermoleptolyngbya,2303528,0,0.8739154324638614,1
official_genus_resolved422,Logistic Regression,4,GCF_036630065.1,Synechococcus,1129,0,0.00580576191920546,0
official_genus_resolved422,Logistic Regression,4,GCF_036630075.1,Synechococcus,1129,0,0.00580576191920546,0
official_genus_resolved422,Logistic Regression,4,GCF_036630085.1,Synechococcus,1129,0,0.005759003064499487,0
official_genus_resolved422,Logistic Regression,4,GCF_036630095.1,Synechococcus,1129,0,0.00580576191920546,0
official_genus_resolved422,Logistic Regression,4,GCF_036630105.1,Synechococcus,1129,0,0.00500741413654603,0
official_genus_resolved422,Logistic Regression,4,GCF_036630115.1,Synechococcus,1129,0,0.007389763424387848,0
official_genus_resolved422,Logistic Regression,4,GCF_037094475.1,Microcoleus,44471,0,0.011048436897586514,0
official_genus_resolved422,Logistic Regression,4,GCF_038096175.1,Nostoc,1177,1,0.991129255033789,1
official_genus_resolved422,Logistic Regression,4,GCF_040371545.1,Synechococcus,1129,0,0.002302768138125595,0
official_genus_resolved422,Logistic Regression,4,GCF_040564635.1,Planktothricoides,132607,0,0.019917978654693365,0
official_genus_resolved422,Logistic Regression,4,GCF_042465725.1,Microcoleus,44471,0,0.019641464476990042,0
official_genus_resolved422,Logistic Regression,4,GCF_043099305.1,Chlorogloeopsis,1123,1,0.9574179663586306,1
official_genus_resolved422,Logistic Regression,4,GCF_043099315.1,Chlorogloeopsis,1123,1,0.9065288846719286,1
official_genus_resolved422,Logistic Regression,4,GCF_043099725.1,Nostoc,1177,1,0.9902990886988094,1
official_genus_resolved422,Logistic Regression,4,GCF_043099735.1,Nostoc,1177,1,0.9947247354582138,1
official_genus_resolved422,Logistic Regression,4,GCF_047302735.1,Synechococcus,1129,0,0.00038993370974575156,0
official_genus_resolved422,Logistic Regression,4,GCF_047302775.1,Synechococcus,1129,0,0.00019724353075442635,0
official_genus_resolved422,Logistic Regression,4,GCF_047302785.1,Synechococcus,1129,0,0.0004480430217583026,0
official_genus_resolved422,Logistic Regression,4,GCF_047303025.1,Synechococcus,1129,0,0.0002519807708548403,0
official_genus_resolved422,Logistic Regression,4,GCF_047303035.1,Synechococcus,1129,0,0.00019761831132422773,0
official_genus_resolved422,Logistic Regression,4,GCF_047303045.1,Synechococcus,1129,0,0.00019761831132422773,0
official_genus_resolved422,Logistic Regression,4,GCF_047304065.1,Synechococcus,1129,0,0.00019761831132422773,0
official_genus_resolved422,Logistic Regression,4,GCF_047304175.1,Synechococcus,1129,0,0.00019761831132422773,0
official_genus_resolved422,Logistic Regression,4,GCF_047304245.1,Synechococcus,1129,0,0.00033870397460885265,0
official_genus_resolved422,Logistic Regression,4,GCF_047304545.1,Synechococcus,1129,0,0.00019761831132422773,0
official_genus_resolved422,Logistic Regression,4,GCF_047304555.1,Synechococcus,1129,0,0.00019761831132422773,0
official_genus_resolved422,Logistic Regression,4,GCF_047304705.1,Synechococcus,1129,0,0.00019761831132422773,0
official_genus_resolved422,Logistic Regression,4,GCF_047304715.1,Synechococcus,1129,0,0.00019761831132422773,0
official_genus_resolved422,Logistic Regression,4,GCF_047304725.1,Synechococcus,1129,0,0.00027005531927836666,0
official_genus_resolved422,Logistic Regression,4,GCF_047497135.1,Synechococcus,1129,0,0.00019761831132422773,0
official_genus_resolved422,Logistic Regression,4,GCF_047649235.1,Leptolyngbya,47251,1,0.28955447174408416,0
official_genus_resolved422,Logistic Regression,4,GCF_047716785.1,Synechococcus,1129,0,0.00028733586823283627,0
official_genus_resolved422,Logistic Regression,4,GCF_047716805.1,Synechococcus,1129,0,0.00039679632562320493,0
official_genus_resolved422,Logistic Regression,4,GCF_047716815.1,Synechococcus,1129,0,0.0004480430217583026,0
official_genus_resolved422,Logistic Regression,4,GCF_050422935.1,Synechococcus,1129,0,0.007335977281245927,0
official_genus_resolved422,Logistic Regression,4,GCF_052692655.1,Nostoc,1177,1,0.9469403590283691,1
official_genus_resolved422,Logistic Regression,4,GCF_052692665.1,Nostoc,1177,1,0.9960274344615468,1
official_genus_resolved422,Logistic Regression,4,GCF_963920465.1,Synechococcus,1129,0,0.0006645807232951507,0
official_genus_resolved422,Logistic Regression,4,GCF_963920475.1,Synechococcus,1129,0,0.0007688318133579573,0
official_genus_resolved422,Logistic Regression,4,GCF_963920495.1,Synechococcus,1129,0,0.00024541389472748003,0
official_genus_resolved422,Logistic Regression,4,GCF_963920505.1,Synechococcus,1129,0,0.001071238274111542,0
official_genus_resolved422,Logistic Regression,4,GCF_977012465.1,Leptolyngbya,47251,1,0.008138661792347098,0
official_genus_resolved422,XGBoost,4,GCF_000009705.1,Nostoc,1177,1,0.9984515905380249,1
official_genus_resolved422,XGBoost,4,GCF_000010065.1,Synechococcus,1129,0,0.015151562169194221,0
official_genus_resolved422,XGBoost,4,GCF_000012505.1,Synechococcus,1129,0,0.005247747991234064,0
official_genus_resolved422,XGBoost,4,GCF_000012525.1,Synechococcus,1129,0,0.015385843813419342,0
official_genus_resolved422,XGBoost,4,GCF_000012625.1,Synechococcus,1129,0,0.0009054163820110261,0
official_genus_resolved422,XGBoost,4,GCF_000013205.1,Synechococcus,1129,1,0.0023069200105965137,0
official_genus_resolved422,XGBoost,4,GCF_000013225.1,Synechococcus,1129,1,0.0018514019902795553,0
official_genus_resolved422,XGBoost,4,GCF_000014585.1,Synechococcus,1129,0,0.0009054163820110261,0
official_genus_resolved422,XGBoost,4,GCF_000020025.1,Nostoc,1177,1,0.9968396425247192,1
official_genus_resolved422,XGBoost,4,GCF_000021805.1,Rippkaea,2546365,1,0.6718614101409912,1
official_genus_resolved422,XGBoost,4,GCF_000021825.1,Gloeothece,28070,1,0.563862681388855,1
official_genus_resolved422,XGBoost,4,GCF_000063505.1,Synechococcus,1129,0,0.0009054163820110261,0
official_genus_resolved422,XGBoost,4,GCF_000063525.1,Synechococcus,1129,0,0.0009054163820110261,0
official_genus_resolved422,XGBoost,4,GCF_000147335.1,Gloeothece,28070,1,0.5893181562423706,1
official_genus_resolved422,XGBoost,4,GCF_000161795.2,Synechococcus,1129,0,0.0009054163820110261,0
official_genus_resolved422,XGBoost,4,GCF_000179235.2,Synechococcus,1129,0,0.0011298180324956775,0
official_genus_resolved422,XGBoost,4,GCF_000316575.1,Calothrix,1186,1,0.9585811495780945,1
official_genus_resolved422,XGBoost,4,GCF_000316625.1,Nostoc,1177,1,0.9885053634643555,1
official_genus_resolved422,XGBoost,4,GCF_000316645.1,Nostoc,1177,1,0.9897770285606384,1
official_genus_resolved422,XGBoost,4,GCF_000316665.1,Rivularia,373984,1,0.9725006818771362,1
official_genus_resolved422,XGBoost,4,GCF_000316685.1,Synechococcus,1129,0,0.16273944079875946,0
official_genus_resolved422,XGBoost,4,GCF_000317435.1,Calothrix,1186,1,0.976248562335968,1
official_genus_resolved422,XGBoost,4,GCF_000317575.1,Stanieria,102115,0,0.2186538279056549,0
official_genus_resolved422,XGBoost,4,GCF_000734895.2,Calothrix,1186,1,0.9918054342269897,1
official_genus_resolved422,XGBoost,4,GCF_000737535.1,Synechococcus,1129,0,0.0008113408694043756,0
official_genus_resolved422,XGBoost,4,GCF_000737575.1,Synechococcus,1129,0,0.0008113408694043756,0
official_genus_resolved422,XGBoost,4,GCF_000737595.1,Synechococcus,1129,0,0.001128448755480349,0
official_genus_resolved422,XGBoost,4,GCF_000817325.1,Synechococcus,1129,0,0.017127521336078644,0
official_genus_resolved422,XGBoost,4,GCF_001182765.1,Synechococcus,1129,0,0.0009054163820110261,0
official_genus_resolved422,XGBoost,4,GCF_001548375.1,Nostoc,1177,1,0.9942080974578857,1
official_genus_resolved422,XGBoost,4,GCF_001548395.1,Leptolyngbya,47251,1,0.7057164907455444,1
official_genus_resolved422,XGBoost,4,GCF_001548435.1,Leptolyngbya,47251,0,0.0910630151629448,0
official_genus_resolved422,XGBoost,4,GCF_001885215.1,Synechococcus,1129,0,0.0014080482069402933,0
official_genus_resolved422,XGBoost,4,GCF_002142475.1,Leptolyngbya,47251,1,0.17166216671466827,0
official_genus_resolved422,XGBoost,4,GCF_002142495.1,Leptolyngbya,47251,1,0.17166216671466827,0
official_genus_resolved422,XGBoost,4,GCF_002355455.1,Stanieria,102115,0,0.2946379482746124,0
official_genus_resolved422,XGBoost,4,GCF_002368175.1,Calothrix,1186,1,0.9922122955322266,1
official_genus_resolved422,XGBoost,4,GCF_002368255.1,Leptolyngbya,47251,1,0.19180430471897125,0
official_genus_resolved422,XGBoost,4,GCF_002368395.1,Calothrix,1186,1,0.9693176746368408,1
official_genus_resolved422,XGBoost,4,GCF_002368455.1,Calothrix,1186,1,0.9786329865455627,1
official_genus_resolved422,XGBoost,4,GCF_002813575.1,Nostoc,1177,1,0.9806987643241882,1
official_genus_resolved422,XGBoost,4,GCF_002896875.1,Nostoc,1177,1,0.9977909326553345,1
official_genus_resolved422,XGBoost,4,GCF_002949735.1,Nostoc,1177,1,0.9897087216377258,1
official_genus_resolved422,XGBoost,4,GCF_002949795.1,Nostoc,1177,1,0.9916632175445557,1
official_genus_resolved422,XGBoost,4,GCF_003443655.1,Nostoc,1177,1,0.9984096884727478,1
official_genus_resolved422,XGBoost,4,GCF_003846445.2,Synechococcus,1129,0,0.015126784332096577,0
official_genus_resolved422,XGBoost,4,GCF_003957805.1,Synechococcus,1129,0,0.017127521336078644,0
official_genus_resolved422,XGBoost,4,GCF_004209775.1,Synechococcus,1129,0,0.0011298180324956775,0
official_genus_resolved422,XGBoost,4,GCF_008807075.1,Synechococcus,1129,0,0.0008113408694043756,0
official_genus_resolved422,XGBoost,4,GCF_009372195.1,Nostoc,1177,1,0.9986141920089722,1
official_genus_resolved422,XGBoost,4,GCF_009498715.2,Synechococcus,1129,0,0.015126784332096577,0
official_genus_resolved422,XGBoost,4,GCF_009873495.1,Nostoc,1177,1,0.9894008040428162,1
official_genus_resolved422,XGBoost,4,GCF_013177315.1,Thermoleptolyngbya,2303528,1,0.6546955704689026,1
official_genus_resolved422,XGBoost,4,GCF_013343235.1,Nostoc,1177,1,0.9934501051902771,1
official_genus_resolved422,XGBoost,4,GCF_013393905.1,Nostoc,1177,1,0.9423030614852905,1
official_genus_resolved422,XGBoost,4,GCF_013393925.1,Nostoc,1177,1,0.9896294474601746,1
official_genus_resolved422,XGBoost,4,GCF_013393945.1,Nostoc,1177,1,0.993985116481781,1
official_genus_resolved422,XGBoost,4,GCF_014023275.1,Nostoc,1177,1,0.9988092184066772,1
official_genus_resolved422,XGBoost,4,GCF_014217875.1,Synechococcus,1129,0,0.0009054163820110261,0
official_genus_resolved422,XGBoost,4,GCF_014279535.1,Synechococcus,1129,0,0.0009054163820110261,0
official_genus_resolved422,XGBoost,4,GCF_014279555.1,Synechococcus,1129,0,0.0009054163820110261,0
official_genus_resolved422,XGBoost,4,GCF_014279595.1,Synechococcus,1129,0,0.0011298180324956775,0
official_genus_resolved422,XGBoost,4,GCF_014279615.1,Synechococcus,1129,0,0.0009054163820110261,0
official_genus_resolved422,XGBoost,4,GCF_014279635.1,Synechococcus,1129,0,0.0009054163820110261,0
official_genus_resolved422,XGBoost,4,GCF_014279655.1,Synechococcus,1129,0,0.0009054163820110261,0
official_genus_resolved422,XGBoost,4,GCF_014279755.1,Synechococcus,1129,0,0.001128448755480349,0
official_genus_resolved422,XGBoost,4,GCF_014279775.1,Synechococcus,1129,0,0.0009054163820110261,0
official_genus_resolved422,XGBoost,4,GCF_014279795.1,Synechococcus,1129,0,0.0009054163820110261,0
official_genus_resolved422,XGBoost,4,GCF_014279815.1,Synechococcus,1129,0,0.0009054163820110261,0
official_genus_resolved422,XGBoost,4,GCF_014279835.1,Synechococcus,1129,0,0.0009054163820110261,0
official_genus_resolved422,XGBoost,4,GCF_014279855.1,Synechococcus,1129,0,0.0009054163820110261,0
official_genus_resolved422,XGBoost,4,GCF_014279875.1,Synechococcus,1129,0,0.0009054163820110261,0
official_genus_resolved422,XGBoost,4,GCF_014279895.1,Synechococcus,1129,0,0.0009054163820110261,0
official_genus_resolved422,XGBoost,4,GCF_014279955.1,Synechococcus,1129,0,0.0009054163820110261,0
official_genus_resolved422,XGBoost,4,GCF_014279975.1,Synechococcus,1129,0,0.0006509424420073628,0
official_genus_resolved422,XGBoost,4,GCF_014280015.1,Synechococcus,1129,0,0.0009054163820110261,0
official_genus_resolved422,XGBoost,4,GCF_014280035.1,Synechococcus,1129,0,0.0009054163820110261,0
official_genus_resolved422,XGBoost,4,GCF_014280055.1,Synechococcus,1129,0,0.0009054163820110261,0
official_genus_resolved422,XGBoost,4,GCF_014280075.1,Synechococcus,1129,0,0.0009054163820110261,0
official_genus_resolved422,XGBoost,4,GCF_014280095.1,Synechococcus,1129,0,0.0009054163820110261,0
official_genus_resolved422,XGBoost,4,GCF_014280115.1,Synechococcus,1129,0,0.0009054163820110261,0
official_genus_resolved422,XGBoost,4,GCF_014280175.1,Synechococcus,1129,0,0.001128448755480349,0
official_genus_resolved422,XGBoost,4,GCF_014280195.1,Synechococcus,1129,0,0.001128448755480349,0
official_genus_resolved422,XGBoost,4,GCF_014280215.1,Synechococcus,1129,0,0.0008113408694043756,0
official_genus_resolved422,XGBoost,4,GCF_014304795.1,Synechococcus,1129,0,0.0011298180324956775,0
official_genus_resolved422,XGBoost,4,GCF_014304815.1,Synechococcus,1129,0,0.0006509424420073628,0
official_genus_resolved422,XGBoost,4,GCF_015840335.1,Synechococcus,1129,0,0.007008854765444994,0
official_genus_resolved422,XGBoost,4,GCF_015840525.1,Synechococcus,1129,0,0.0010865621734410524,0
official_genus_resolved422,XGBoost,4,GCF_015840715.1,Synechococcus,1129,0,0.0010865621734410524,0
official_genus_resolved422,XGBoost,4,GCF_015840915.1,Synechococcus,1129,0,0.0010865621734410524,0
official_genus_resolved422,XGBoost,4,GCF_015841355.1,Synechococcus,1129,0,0.0014080482069402933,0
official_genus_resolved422,XGBoost,4,GCF_016403105.1,Leptolyngbya,47251,0,0.07152169197797775,0
official_genus_resolved422,XGBoost,4,GCF_016919485.1,Thermoleptolyngbya,2303528,1,0.6479180455207825,1
official_genus_resolved422,XGBoost,4,GCF_017164015.1,Nostoc,1177,1,0.9951066970825195,1
official_genus_resolved422,XGBoost,4,GCF_018389385.1,Anthocerotibacter,2857076,0,0.012319118715822697,0
official_genus_resolved422,XGBoost,4,GCF_019976755.1,Nostoc,1177,1,0.9972530007362366,1
official_genus_resolved422,XGBoost,4,GCF_019977735.1,Calothrix,1186,1,0.9700819253921509,1
official_genus_resolved422,XGBoost,4,GCF_022063185.1,Nostoc,1177,1,0.9889072179794312,1
official_genus_resolved422,XGBoost,4,GCF_022372495.1,Leptolyngbya,47251,1,0.19180430471897125,0
official_genus_resolved422,XGBoost,4,GCF_022701255.1,Microcoleus,44471,0,0.045026037842035294,0
official_genus_resolved422,XGBoost,4,GCF_022701275.1,Microcoleus,44471,0,0.025366313755512238,0
official_genus_resolved422,XGBoost,4,GCF_022984195.1,Synechococcus,1129,0,0.017127521336078644,0
official_genus_resolved422,XGBoost,4,GCF_023078835.1,Synechococcus,1129,0,0.0009054163820110261,0
official_genus_resolved422,XGBoost,4,GCF_023115425.1,Synechococcus,1129,0,0.0009054163820110261,0
official_genus_resolved422,XGBoost,4,GCF_023734775.1,Nostoc,1177,1,0.9399925470352173,1
official_genus_resolved422,XGBoost,4,GCF_028623165.1,Nostoc,1177,1,0.9807644486427307,1
official_genus_resolved422,XGBoost,4,GCF_030544905.1,Synechococcus,1129,0,0.017127521336078644,0
official_genus_resolved422,XGBoost,4,GCF_032163395.1,Gloeocapsopsis,693222,0,0.26201438903808594,0
official_genus_resolved422,XGBoost,4,GCF_032598965.1,Leptolyngbya,47251,1,0.6648022532463074,1
official_genus_resolved422,XGBoost,4,GCF_032620035.1,Leptolyngbya,47251,1,0.1940881311893463,0
official_genus_resolved422,XGBoost,4,GCF_032705245.1,Thermoleptolyngbya,2303528,0,0.7830710411071777,1
official_genus_resolved422,XGBoost,4,GCF_036630065.1,Synechococcus,1129,0,0.015126784332096577,0
official_genus_resolved422,XGBoost,4,GCF_036630075.1,Synechococcus,1129,0,0.015126784332096577,0
official_genus_resolved422,XGBoost,4,GCF_036630085.1,Synechococcus,1129,0,0.015126784332096577,0
official_genus_resolved422,XGBoost,4,GCF_036630095.1,Synechococcus,1129,0,0.015126784332096577,0
official_genus_resolved422,XGBoost,4,GCF_036630105.1,Synechococcus,1129,0,0.014694981276988983,0
official_genus_resolved422,XGBoost,4,GCF_036630115.1,Synechococcus,1129,0,0.02242984250187874,0
official_genus_resolved422,XGBoost,4,GCF_037094475.1,Microcoleus,44471,0,0.005002225283533335,0
official_genus_resolved422,XGBoost,4,GCF_038096175.1,Nostoc,1177,1,0.973176121711731,1
official_genus_resolved422,XGBoost,4,GCF_040371545.1,Synechococcus,1129,0,0.005247747991234064,0
official_genus_resolved422,XGBoost,4,GCF_040564635.1,Planktothricoides,132607,0,0.0856017991900444,0
official_genus_resolved422,XGBoost,4,GCF_042465725.1,Microcoleus,44471,0,0.03432467579841614,0
official_genus_resolved422,XGBoost,4,GCF_043099305.1,Chlorogloeopsis,1123,1,0.9866031408309937,1
official_genus_resolved422,XGBoost,4,GCF_043099315.1,Chlorogloeopsis,1123,1,0.9795128703117371,1
official_genus_resolved422,XGBoost,4,GCF_043099725.1,Nostoc,1177,1,0.9915184378623962,1
official_genus_resolved422,XGBoost,4,GCF_043099735.1,Nostoc,1177,1,0.9965829253196716,1
official_genus_resolved422,XGBoost,4,GCF_047302735.1,Synechococcus,1129,0,0.0009054163820110261,0
official_genus_resolved422,XGBoost,4,GCF_047302775.1,Synechococcus,1129,0,0.0006981085753068328,0
official_genus_resolved422,XGBoost,4,GCF_047302785.1,Synechococcus,1129,0,0.0009054163820110261,0
official_genus_resolved422,XGBoost,4,GCF_047303025.1,Synechococcus,1129,0,0.0008113408694043756,0
official_genus_resolved422,XGBoost,4,GCF_047303035.1,Synechococcus,1129,0,0.0006509424420073628,0
official_genus_resolved422,XGBoost,4,GCF_047303045.1,Synechococcus,1129,0,0.0006509424420073628,0
official_genus_resolved422,XGBoost,4,GCF_047304065.1,Synechococcus,1129,0,0.0006509424420073628,0
official_genus_resolved422,XGBoost,4,GCF_047304175.1,Synechococcus,1129,0,0.0006509424420073628,0
official_genus_resolved422,XGBoost,4,GCF_047304245.1,Synechococcus,1129,0,0.0009054163820110261,0
official_genus_resolved422,XGBoost,4,GCF_047304545.1,Synechococcus,1129,0,0.0006509424420073628,0
official_genus_resolved422,XGBoost,4,GCF_047304555.1,Synechococcus,1129,0,0.0006509424420073628,0
official_genus_resolved422,XGBoost,4,GCF_047304705.1,Synechococcus,1129,0,0.0006509424420073628,0
official_genus_resolved422,XGBoost,4,GCF_047304715.1,Synechococcus,1129,0,0.0006509424420073628,0
official_genus_resolved422,XGBoost,4,GCF_047304725.1,Synechococcus,1129,0,0.0009054163820110261,0
official_genus_resolved422,XGBoost,4,GCF_047497135.1,Synechococcus,1129,0,0.0006509424420073628,0
official_genus_resolved422,XGBoost,4,GCF_047649235.1,Leptolyngbya,47251,1,0.11773072183132172,0
official_genus_resolved422,XGBoost,4,GCF_047716785.1,Synechococcus,1129,0,0.0009054163820110261,0
official_genus_resolved422,XGBoost,4,GCF_047716805.1,Synechococcus,1129,0,0.0009054163820110261,0
official_genus_resolved422,XGBoost,4,GCF_047716815.1,Synechococcus,1129,0,0.0009054163820110261,0
official_genus_resolved422,XGBoost,4,GCF_050422935.1,Synechococcus,1129,0,0.015126784332096577,0
official_genus_resolved422,XGBoost,4,GCF_052692655.1,Nostoc,1177,1,0.9911905527114868,1
official_genus_resolved422,XGBoost,4,GCF_052692665.1,Nostoc,1177,1,0.9858340620994568,1
official_genus_resolved422,XGBoost,4,GCF_963920465.1,Synechococcus,1129,0,0.0009054163820110261,0
official_genus_resolved422,XGBoost,4,GCF_963920475.1,Synechococcus,1129,0,0.0014080482069402933,0
official_genus_resolved422,XGBoost,4,GCF_963920495.1,Synechococcus,1129,0,0.0010865621734410524,0
official_genus_resolved422,XGBoost,4,GCF_963920505.1,Synechococcus,1129,0,0.0014080482069402933,0
official_genus_resolved422,XGBoost,4,GCF_977012465.1,Leptolyngbya,47251,1,0.029649676755070686,0
official_genus_resolved422,assembly_length_only_LR,4,GCF_000009705.1,Nostoc,1177,1,0.5701007614112263,1
official_genus_resolved422,assembly_length_only_LR,4,GCF_000010065.1,Synechococcus,1129,0,0.07254292854264505,0
official_genus_resolved422,assembly_length_only_LR,4,GCF_000012505.1,Synechococcus,1129,0,0.05533053186224082,0
official_genus_resolved422,assembly_length_only_LR,4,GCF_000012525.1,Synechococcus,1129,0,0.0745076227143735,0
official_genus_resolved422,assembly_length_only_LR,4,GCF_000012625.1,Synechococcus,1129,0,0.06509436983501564,0
official_genus_resolved422,assembly_length_only_LR,4,GCF_000013205.1,Synechococcus,1129,1,0.08317172258281828,0
official_genus_resolved422,assembly_length_only_LR,4,GCF_000013225.1,Synechococcus,1129,1,0.08878142556459337,0
official_genus_resolved422,assembly_length_only_LR,4,GCF_000014585.1,Synechococcus,1129,0,0.06885739394609319,0
official_genus_resolved422,assembly_length_only_LR,4,GCF_000020025.1,Nostoc,1177,1,0.8085000248275677,1
official_genus_resolved422,assembly_length_only_LR,4,GCF_000021805.1,Rippkaea,2546365,1,0.22491251736370366,0
official_genus_resolved422,assembly_length_only_LR,4,GCF_000021825.1,Gloeothece,28070,1,0.4675551192454896,0
official_genus_resolved422,assembly_length_only_LR,4,GCF_000063505.1,Synechococcus,1129,0,0.0598233522950397,0
official_genus_resolved422,assembly_length_only_LR,4,GCF_000063525.1,Synechococcus,1129,0,0.05500660090485649,0
official_genus_resolved422,assembly_length_only_LR,4,GCF_000147335.1,Gloeothece,28070,1,0.6631297744703841,1
official_genus_resolved422,assembly_length_only_LR,4,GCF_000161795.2,Synechococcus,1129,0,0.051426381525163704,0
official_genus_resolved422,assembly_length_only_LR,4,GCF_000179235.2,Synechococcus,1129,0,0.07658157887749785,0
official_genus_resolved422,assembly_length_only_LR,4,GCF_000316575.1,Calothrix,1186,1,0.5409222582531849,1
official_genus_resolved422,assembly_length_only_LR,4,GCF_000316625.1,Nostoc,1177,1,0.43276180801621583,0
official_genus_resolved422,assembly_length_only_LR,4,GCF_000316645.1,Nostoc,1177,1,0.49332011794804126,0
official_genus_resolved422,assembly_length_only_LR,4,GCF_000316665.1,Rivularia,373984,1,0.7743734173109246,1
official_genus_resolved422,assembly_length_only_LR,4,GCF_000316685.1,Synechococcus,1129,0,0.12940521449383358,0
official_genus_resolved422,assembly_length_only_LR,4,GCF_000317435.1,Calothrix,1186,1,0.5311286511305475,1
official_genus_resolved422,assembly_length_only_LR,4,GCF_000317575.1,Stanieria,102115,0,0.3180909822737994,0
official_genus_resolved422,assembly_length_only_LR,4,GCF_000734895.2,Calothrix,1186,1,0.44670669439354854,0
official_genus_resolved422,assembly_length_only_LR,4,GCF_000737535.1,Synechococcus,1129,0,0.07655290336165087,0
official_genus_resolved422,assembly_length_only_LR,4,GCF_000737575.1,Synechococcus,1129,0,0.0680207474791492,0
official_genus_resolved422,assembly_length_only_LR,4,GCF_000737595.1,Synechococcus,1129,0,0.06747661642408519,0
official_genus_resolved422,assembly_length_only_LR,4,GCF_000817325.1,Synechococcus,1129,0,0.07460956746066497,0
official_genus_resolved422,assembly_length_only_LR,4,GCF_001182765.1,Synechococcus,1129,0,0.062072847585084134,0
official_genus_resolved422,assembly_length_only_LR,4,GCF_001548375.1,Nostoc,1177,1,0.5353690315954529,1
official_genus_resolved422,assembly_length_only_LR,4,GCF_001548395.1,Leptolyngbya,47251,1,0.30935558813504455,0
official_genus_resolved422,assembly_length_only_LR,4,GCF_001548435.1,Leptolyngbya,47251,0,0.500025058622472,1
official_genus_resolved422,assembly_length_only_LR,4,GCF_001885215.1,Synechococcus,1129,0,0.07487000521641253,0
official_genus_resolved422,assembly_length_only_LR,4,GCF_002142475.1,Leptolyngbya,47251,1,0.5065769110269708,1
official_genus_resolved422,assembly_length_only_LR,4,GCF_002142495.1,Leptolyngbya,47251,1,0.506577067710572,1
official_genus_resolved422,assembly_length_only_LR,4,GCF_002355455.1,Stanieria,102115,0,0.30708971981158084,0
official_genus_resolved422,assembly_length_only_LR,4,GCF_002368175.1,Calothrix,1186,1,0.7903619283870604,1
official_genus_resolved422,assembly_length_only_LR,4,GCF_002368255.1,Leptolyngbya,47251,1,0.5734587585140425,1
official_genus_resolved422,assembly_length_only_LR,4,GCF_002368395.1,Calothrix,1186,1,0.38079076690729574,0
official_genus_resolved422,assembly_length_only_LR,4,GCF_002368455.1,Calothrix,1186,1,0.964926471356552,1
official_genus_resolved422,assembly_length_only_LR,4,GCF_002813575.1,Nostoc,1177,1,0.8979800249857782,1
official_genus_resolved422,assembly_length_only_LR,4,GCF_002896875.1,Nostoc,1177,1,0.5694632332692631,1
official_genus_resolved422,assembly_length_only_LR,4,GCF_002949735.1,Nostoc,1177,1,0.7924276804447506,1
official_genus_resolved422,assembly_length_only_LR,4,GCF_002949795.1,Nostoc,1177,1,0.5896630809041317,1
official_genus_resolved422,assembly_length_only_LR,4,GCF_003443655.1,Nostoc,1177,1,0.48793450552064804,0
official_genus_resolved422,assembly_length_only_LR,4,GCF_003846445.2,Synechococcus,1129,0,0.07725791517470414,0
official_genus_resolved422,assembly_length_only_LR,4,GCF_003957805.1,Synechococcus,1129,0,0.08074094628462061,0
official_genus_resolved422,assembly_length_only_LR,4,GCF_004209775.1,Synechococcus,1129,0,0.0698096856832326,0
official_genus_resolved422,assembly_length_only_LR,4,GCF_008807075.1,Synechococcus,1129,0,0.08569557396296763,0
official_genus_resolved422,assembly_length_only_LR,4,GCF_009372195.1,Nostoc,1177,1,0.8490133782139433,1
official_genus_resolved422,assembly_length_only_LR,4,GCF_009498715.2,Synechococcus,1129,0,0.07724312504777878,0
official_genus_resolved422,assembly_length_only_LR,4,GCF_009873495.1,Nostoc,1177,1,0.7660486865478141,1
official_genus_resolved422,assembly_length_only_LR,4,GCF_013177315.1,Thermoleptolyngbya,2303528,1,0.3153927348373034,0
official_genus_resolved422,assembly_length_only_LR,4,GCF_013343235.1,Nostoc,1177,1,0.6694433059462871,1
official_genus_resolved422,assembly_length_only_LR,4,GCF_013393905.1,Nostoc,1177,1,0.8759588076662704,1
official_genus_resolved422,assembly_length_only_LR,4,GCF_013393925.1,Nostoc,1177,1,0.8249356309610825,1
official_genus_resolved422,assembly_length_only_LR,4,GCF_013393945.1,Nostoc,1177,1,0.596888174734223,1
official_genus_resolved422,assembly_length_only_LR,4,GCF_014023275.1,Nostoc,1177,1,0.7260408229942886,1
official_genus_resolved422,assembly_length_only_LR,4,GCF_014217875.1,Synechococcus,1129,0,0.06155826838449696,0
official_genus_resolved422,assembly_length_only_LR,4,GCF_014279535.1,Synechococcus,1129,0,0.05389257717937335,0
official_genus_resolved422,assembly_length_only_LR,4,GCF_014279555.1,Synechococcus,1129,0,0.07392013526516718,0
official_genus_resolved422,assembly_length_only_LR,4,GCF_014279595.1,Synechococcus,1129,0,0.06871369052287474,0
official_genus_resolved422,assembly_length_only_LR,4,GCF_014279615.1,Synechococcus,1129,0,0.06785490970277776,0
official_genus_resolved422,assembly_length_only_LR,4,GCF_014279635.1,Synechococcus,1129,0,0.06398019572853851,0
official_genus_resolved422,assembly_length_only_LR,4,GCF_014279655.1,Synechococcus,1129,0,0.08054023088229026,0
official_genus_resolved422,assembly_length_only_LR,4,GCF_014279755.1,Synechococcus,1129,0,0.06763195142245554,0
official_genus_resolved422,assembly_length_only_LR,4,GCF_014279775.1,Synechococcus,1129,0,0.05662607571224274,0
official_genus_resolved422,assembly_length_only_LR,4,GCF_014279795.1,Synechococcus,1129,0,0.0672068927450129,0
official_genus_resolved422,assembly_length_only_LR,4,GCF_014279815.1,Synechococcus,1129,0,0.0667171104720827,0
official_genus_resolved422,assembly_length_only_LR,4,GCF_014279835.1,Synechococcus,1129,0,0.0628911607841272,0
official_genus_resolved422,assembly_length_only_LR,4,GCF_014279855.1,Synechococcus,1129,0,0.05697543601333007,0
official_genus_resolved422,assembly_length_only_LR,4,GCF_014279875.1,Synechococcus,1129,0,0.062298804263421735,0
official_genus_resolved422,assembly_length_only_LR,4,GCF_014279895.1,Synechococcus,1129,0,0.05144843306948141,0
official_genus_resolved422,assembly_length_only_LR,4,GCF_014279955.1,Synechococcus,1129,0,0.06863274656177351,0
official_genus_resolved422,assembly_length_only_LR,4,GCF_014279975.1,Synechococcus,1129,0,0.07316019424796133,0
official_genus_resolved422,assembly_length_only_LR,4,GCF_014280015.1,Synechococcus,1129,0,0.06362647376356528,0
official_genus_resolved422,assembly_length_only_LR,4,GCF_014280035.1,Synechococcus,1129,0,0.06512111657798256,0
official_genus_resolved422,assembly_length_only_LR,4,GCF_014280055.1,Synechococcus,1129,0,0.061053750003486756,0
official_genus_resolved422,assembly_length_only_LR,4,GCF_014280075.1,Synechococcus,1129,0,0.05730629602589087,0
official_genus_resolved422,assembly_length_only_LR,4,GCF_014280095.1,Synechococcus,1129,0,0.0663546497921746,0
official_genus_resolved422,assembly_length_only_LR,4,GCF_014280115.1,Synechococcus,1129,0,0.06947149654083805,0
official_genus_resolved422,assembly_length_only_LR,4,GCF_014280175.1,Synechococcus,1129,0,0.058934297519849965,0
official_genus_resolved422,assembly_length_only_LR,4,GCF_014280195.1,Synechococcus,1129,0,0.05768787239158211,0
official_genus_resolved422,assembly_length_only_LR,4,GCF_014280215.1,Synechococcus,1129,0,0.06635701870469646,0
official_genus_resolved422,assembly_length_only_LR,4,GCF_014304795.1,Synechococcus,1129,0,0.06951438146975024,0
official_genus_resolved422,assembly_length_only_LR,4,GCF_014304815.1,Synechococcus,1129,0,0.06187195668285009,0
official_genus_resolved422,assembly_length_only_LR,4,GCF_015840335.1,Synechococcus,1129,0,0.0983172517066711,0
official_genus_resolved422,assembly_length_only_LR,4,GCF_015840525.1,Synechococcus,1129,0,0.1395897838882797,0
official_genus_resolved422,assembly_length_only_LR,4,GCF_015840715.1,Synechococcus,1129,0,0.1260405963963289,0
official_genus_resolved422,assembly_length_only_LR,4,GCF_015840915.1,Synechococcus,1129,0,0.13913807544301773,0
official_genus_resolved422,assembly_length_only_LR,4,GCF_015841355.1,Synechococcus,1129,0,0.0969846298763582,0
official_genus_resolved422,assembly_length_only_LR,4,GCF_016403105.1,Leptolyngbya,47251,0,0.21655856224656372,0
official_genus_resolved422,assembly_length_only_LR,4,GCF_016919485.1,Thermoleptolyngbya,2303528,1,0.31071284384871944,0
official_genus_resolved422,assembly_length_only_LR,4,GCF_017164015.1,Nostoc,1177,1,0.7585152748718128,1
official_genus_resolved422,assembly_length_only_LR,4,GCF_018389385.1,Anthocerotibacter,2857076,0,0.16613018799635146,0
official_genus_resolved422,assembly_length_only_LR,4,GCF_019976755.1,Nostoc,1177,1,0.6713687060453115,1
official_genus_resolved422,assembly_length_only_LR,4,GCF_019977735.1,Calothrix,1186,1,0.9710781862403816,1
official_genus_resolved422,assembly_length_only_LR,4,GCF_022063185.1,Nostoc,1177,1,0.5640147240481939,1
official_genus_resolved422,assembly_length_only_LR,4,GCF_022372495.1,Leptolyngbya,47251,1,0.5724609079907114,1
official_genus_resolved422,assembly_length_only_LR,4,GCF_022701255.1,Microcoleus,44471,0,0.49918822411024144,0
official_genus_resolved422,assembly_length_only_LR,4,GCF_022701275.1,Microcoleus,44471,0,0.49010875483101485,0
official_genus_resolved422,assembly_length_only_LR,4,GCF_022984195.1,Synechococcus,1129,0,0.07482508003101893,0
official_genus_resolved422,assembly_length_only_LR,4,GCF_023078835.1,Synechococcus,1129,0,0.0613743875492006,0
official_genus_resolved422,assembly_length_only_LR,4,GCF_023115425.1,Synechococcus,1129,0,0.06114569922520006,0
official_genus_resolved422,assembly_length_only_LR,4,GCF_023734775.1,Nostoc,1177,1,0.5999891657419473,1
official_genus_resolved422,assembly_length_only_LR,4,GCF_028623165.1,Nostoc,1177,1,0.7257718006126753,1
official_genus_resolved422,assembly_length_only_LR,4,GCF_030544905.1,Synechococcus,1129,0,0.07484743101090417,0
official_genus_resolved422,assembly_length_only_LR,4,GCF_032163395.1,Gloeocapsopsis,693222,0,0.3281595537265036,0
official_genus_resolved422,assembly_length_only_LR,4,GCF_032598965.1,Leptolyngbya,47251,1,0.7234948516037338,1
official_genus_resolved422,assembly_length_only_LR,4,GCF_032620035.1,Leptolyngbya,47251,1,0.4802959863637421,0
official_genus_resolved422,assembly_length_only_LR,4,GCF_032705245.1,Thermoleptolyngbya,2303528,0,0.2844304789128297,0
official_genus_resolved422,assembly_length_only_LR,4,GCF_036630065.1,Synechococcus,1129,0,0.07699048589358244,0
official_genus_resolved422,assembly_length_only_LR,4,GCF_036630075.1,Synechococcus,1129,0,0.08158885733848997,0
official_genus_resolved422,assembly_length_only_LR,4,GCF_036630085.1,Synechococcus,1129,0,0.08098549542241475,0
official_genus_resolved422,assembly_length_only_LR,4,GCF_036630095.1,Synechococcus,1129,0,0.07718278499601541,0
official_genus_resolved422,assembly_length_only_LR,4,GCF_036630105.1,Synechococcus,1129,0,0.07706941268250891,0
official_genus_resolved422,assembly_length_only_LR,4,GCF_036630115.1,Synechococcus,1129,0,0.07702278744799364,0
official_genus_resolved422,assembly_length_only_LR,4,GCF_037094475.1,Microcoleus,44471,0,0.4935629777616697,0
official_genus_resolved422,assembly_length_only_LR,4,GCF_038096175.1,Nostoc,1177,1,0.854604533135768,1
official_genus_resolved422,assembly_length_only_LR,4,GCF_040371545.1,Synechococcus,1129,0,0.04691285470909498,0
official_genus_resolved422,assembly_length_only_LR,4,GCF_040564635.1,Planktothricoides,132607,0,0.5707222389305844,1
official_genus_resolved422,assembly_length_only_LR,4,GCF_042465725.1,Microcoleus,44471,0,0.5022249489731286,1
official_genus_resolved422,assembly_length_only_LR,4,GCF_043099305.1,Chlorogloeopsis,1123,1,0.6474321948675256,1
official_genus_resolved422,assembly_length_only_LR,4,GCF_043099315.1,Chlorogloeopsis,1123,1,0.664322484225711,1
official_genus_resolved422,assembly_length_only_LR,4,GCF_043099725.1,Nostoc,1177,1,0.7321918737163553,1
official_genus_resolved422,assembly_length_only_LR,4,GCF_043099735.1,Nostoc,1177,1,0.7422825675796451,1
official_genus_resolved422,assembly_length_only_LR,4,GCF_047302735.1,Synechococcus,1129,0,0.06866023915497185,0
official_genus_resolved422,assembly_length_only_LR,4,GCF_047302775.1,Synechococcus,1129,0,0.03848111035210516,0
official_genus_resolved422,assembly_length_only_LR,4,GCF_047302785.1,Synechococcus,1129,0,0.06948872053084361,0
official_genus_resolved422,assembly_length_only_LR,4,GCF_047303025.1,Synechococcus,1129,0,0.10258290693157252,0
official_genus_resolved422,assembly_length_only_LR,4,GCF_047303035.1,Synechococcus,1129,0,0.0767552159476975,0
official_genus_resolved422,assembly_length_only_LR,4,GCF_047303045.1,Synechococcus,1129,0,0.06560215766031419,0
official_genus_resolved422,assembly_length_only_LR,4,GCF_047304065.1,Synechococcus,1129,0,0.0767554380504948,0
official_genus_resolved422,assembly_length_only_LR,4,GCF_047304175.1,Synechococcus,1129,0,0.07000034335593759,0
official_genus_resolved422,assembly_length_only_LR,4,GCF_047304245.1,Synechococcus,1129,0,0.061160778723228705,0
official_genus_resolved422,assembly_length_only_LR,4,GCF_047304545.1,Synechococcus,1129,0,0.07696714739733485,0
official_genus_resolved422,assembly_length_only_LR,4,GCF_047304555.1,Synechococcus,1129,0,0.06151880913747996,0
official_genus_resolved422,assembly_length_only_LR,4,GCF_047304705.1,Synechococcus,1129,0,0.06189473720402526,0
official_genus_resolved422,assembly_length_only_LR,4,GCF_047304715.1,Synechococcus,1129,0,0.079424588959273,0
official_genus_resolved422,assembly_length_only_LR,4,GCF_047304725.1,Synechococcus,1129,0,0.06881625006674655,0
official_genus_resolved422,assembly_length_only_LR,4,GCF_047497135.1,Synechococcus,1129,0,0.09351215747322225,0
official_genus_resolved422,assembly_length_only_LR,4,GCF_047649235.1,Leptolyngbya,47251,1,0.45918558674277693,0
official_genus_resolved422,assembly_length_only_LR,4,GCF_047716785.1,Synechococcus,1129,0,0.07105986845308639,0
official_genus_resolved422,assembly_length_only_LR,4,GCF_047716805.1,Synechococcus,1129,0,0.05990597633780769,0
official_genus_resolved422,assembly_length_only_LR,4,GCF_047716815.1,Synechococcus,1129,0,0.06953494086764975,0
official_genus_resolved422,assembly_length_only_LR,4,GCF_050422935.1,Synechococcus,1129,0,0.07342386318892263,0
official_genus_resolved422,assembly_length_only_LR,4,GCF_052692655.1,Nostoc,1177,1,0.7453856343651147,1
official_genus_resolved422,assembly_length_only_LR,4,GCF_052692665.1,Nostoc,1177,1,0.7690196978969854,1
official_genus_resolved422,assembly_length_only_LR,4,GCF_963920465.1,Synechococcus,1129,0,0.07778759382457047,0
official_genus_resolved422,assembly_length_only_LR,4,GCF_963920475.1,Synechococcus,1129,0,0.09743346704346428,0
official_genus_resolved422,assembly_length_only_LR,4,GCF_963920495.1,Synechococcus,1129,0,0.1074451672727872,0
official_genus_resolved422,assembly_length_only_LR,4,GCF_963920505.1,Synechococcus,1129,0,0.09075798472536233,0
official_genus_resolved422,assembly_length_only_LR,4,GCF_977012465.1,Leptolyngbya,47251,1,0.35565938734785024,0
official_genus_resolved422,retained_family_count_only_LR,4,GCF_000009705.1,Nostoc,1177,1,0.979999105223045,1
official_genus_resolved422,retained_family_count_only_LR,4,GCF_000010065.1,Synechococcus,1129,0,0.0701944395262136,0
official_genus_resolved422,retained_family_count_only_LR,4,GCF_000012505.1,Synechococcus,1129,0,0.3048361311955418,0
official_genus_resolved422,retained_family_count_only_LR,4,GCF_000012525.1,Synechococcus,1129,0,0.07206922293267168,0
official_genus_resolved422,retained_family_count_only_LR,4,GCF_000012625.1,Synechococcus,1129,0,0.36147079305519814,0
official_genus_resolved422,retained_family_count_only_LR,4,GCF_000013205.1,Synechococcus,1129,1,0.04104271368127576,0
official_genus_resolved422,retained_family_count_only_LR,4,GCF_000013225.1,Synechococcus,1129,1,0.04081992618052709,0
official_genus_resolved422,retained_family_count_only_LR,4,GCF_000014585.1,Synechococcus,1129,0,0.3733413656687193,0
official_genus_resolved422,retained_family_count_only_LR,4,GCF_000020025.1,Nostoc,1177,1,0.9811867721149495,1
official_genus_resolved422,retained_family_count_only_LR,4,GCF_000021805.1,Rippkaea,2546365,1,0.1317414327924402,0
official_genus_resolved422,retained_family_count_only_LR,4,GCF_000021825.1,Gloeothece,28070,1,0.1630187289672971,0
official_genus_resolved422,retained_family_count_only_LR,4,GCF_000063505.1,Synechococcus,1129,0,0.3786675395249951,0
official_genus_resolved422,retained_family_count_only_LR,4,GCF_000063525.1,Synechococcus,1129,0,0.16147593826494447,0
official_genus_resolved422,retained_family_count_only_LR,4,GCF_000147335.1,Gloeothece,28070,1,0.16070897422559363,0
official_genus_resolved422,retained_family_count_only_LR,4,GCF_000161795.2,Synechococcus,1129,0,0.35885512052815227,0
official_genus_resolved422,retained_family_count_only_LR,4,GCF_000179235.2,Synechococcus,1129,0,0.18416506150147482,0
official_genus_resolved422,retained_family_count_only_LR,4,GCF_000316575.1,Calothrix,1186,1,0.9750292886585025,1
official_genus_resolved422,retained_family_count_only_LR,4,GCF_000316625.1,Nostoc,1177,1,0.9778954613805559,1
official_genus_resolved422,retained_family_count_only_LR,4,GCF_000316645.1,Nostoc,1177,1,0.9780178054216708,1
official_genus_resolved422,retained_family_count_only_LR,4,GCF_000316665.1,Rivularia,373984,1,0.5308100527278612,1
official_genus_resolved422,retained_family_count_only_LR,4,GCF_000316685.1,Synechococcus,1129,0,0.08087821344882892,0
official_genus_resolved422,retained_family_count_only_LR,4,GCF_000317435.1,Calothrix,1186,1,0.592209851658783,1
official_genus_resolved422,retained_family_count_only_LR,4,GCF_000317575.1,Stanieria,102115,0,0.12980610648985075,0
official_genus_resolved422,retained_family_count_only_LR,4,GCF_000734895.2,Calothrix,1186,1,0.7426553440051455,1
official_genus_resolved422,retained_family_count_only_LR,4,GCF_000737535.1,Synechococcus,1129,0,0.3382413987161162,0
official_genus_resolved422,retained_family_count_only_LR,4,GCF_000737575.1,Synechococcus,1129,0,0.3536490049889847,0
official_genus_resolved422,retained_family_count_only_LR,4,GCF_000737595.1,Synechococcus,1129,0,0.3536490049889847,0
official_genus_resolved422,retained_family_count_only_LR,4,GCF_000817325.1,Synechococcus,1129,0,0.07244968088120456,0
official_genus_resolved422,retained_family_count_only_LR,4,GCF_001182765.1,Synechococcus,1129,0,0.36016191887125354,0
official_genus_resolved422,retained_family_count_only_LR,4,GCF_001548375.1,Nostoc,1177,1,0.979999105223045,1
official_genus_resolved422,retained_family_count_only_LR,4,GCF_001548395.1,Leptolyngbya,47251,1,0.13370118022177438,0
official_genus_resolved422,retained_family_count_only_LR,4,GCF_001548435.1,Leptolyngbya,47251,0,0.1310936193219534,0
official_genus_resolved422,retained_family_count_only_LR,4,GCF_001885215.1,Synechococcus,1129,0,0.15100493058742895,0
official_genus_resolved422,retained_family_count_only_LR,4,GCF_002142475.1,Leptolyngbya,47251,1,0.14669111269229437,0
official_genus_resolved422,retained_family_count_only_LR,4,GCF_002142495.1,Leptolyngbya,47251,1,0.14811759669785735,0
official_genus_resolved422,retained_family_count_only_LR,4,GCF_002355455.1,Stanieria,102115,0,0.13370118022177438,0
official_genus_resolved422,retained_family_count_only_LR,4,GCF_002368175.1,Calothrix,1186,1,0.978500595542779,1
official_genus_resolved422,retained_family_count_only_LR,4,GCF_002368255.1,Leptolyngbya,47251,1,0.1502787875229002,0
official_genus_resolved422,retained_family_count_only_LR,4,GCF_002368395.1,Calothrix,1186,1,0.4967975719282939,0
official_genus_resolved422,retained_family_count_only_LR,4,GCF_002368455.1,Calothrix,1186,1,0.6737015996120381,1
official_genus_resolved422,retained_family_count_only_LR,4,GCF_002813575.1,Nostoc,1177,1,0.9811867721149495,1
official_genus_resolved422,retained_family_count_only_LR,4,GCF_002896875.1,Nostoc,1177,1,0.9762431629390764,1
official_genus_resolved422,retained_family_count_only_LR,4,GCF_002949735.1,Nostoc,1177,1,0.9797754086060732,1
official_genus_resolved422,retained_family_count_only_LR,4,GCF_002949795.1,Nostoc,1177,1,0.9783808791204451,1
official_genus_resolved422,retained_family_count_only_LR,4,GCF_003443655.1,Nostoc,1177,1,0.9795492623020924,1
official_genus_resolved422,retained_family_count_only_LR,4,GCF_003846445.2,Synechococcus,1129,0,0.0728319896497867,0
official_genus_resolved422,retained_family_count_only_LR,4,GCF_003957805.1,Synechococcus,1129,0,0.07206922293267168,0
official_genus_resolved422,retained_family_count_only_LR,4,GCF_004209775.1,Synechococcus,1129,0,0.38402313373440083,0
official_genus_resolved422,retained_family_count_only_LR,4,GCF_008807075.1,Synechococcus,1129,0,0.15393837800036916,0
official_genus_resolved422,retained_family_count_only_LR,4,GCF_009372195.1,Nostoc,1177,1,0.9825987080715289,1
official_genus_resolved422,retained_family_count_only_LR,4,GCF_009498715.2,Synechococcus,1129,0,0.07244968088120456,0
official_genus_resolved422,retained_family_count_only_LR,4,GCF_009873495.1,Nostoc,1177,1,0.9835429772621024,1
official_genus_resolved422,retained_family_count_only_LR,4,GCF_013177315.1,Thermoleptolyngbya,2303528,1,0.13568552451175386,0
official_genus_resolved422,retained_family_count_only_LR,4,GCF_013343235.1,Nostoc,1177,1,0.9825987080715289,1
official_genus_resolved422,retained_family_count_only_LR,4,GCF_013393905.1,Nostoc,1177,1,0.9818051486937632,1
official_genus_resolved422,retained_family_count_only_LR,4,GCF_013393925.1,Nostoc,1177,1,0.983265113508616,1
official_genus_resolved422,retained_family_count_only_LR,4,GCF_013393945.1,Nostoc,1177,1,0.976634847651064,1
official_genus_resolved422,retained_family_count_only_LR,4,GCF_014023275.1,Nostoc,1177,1,0.984085163343064,1
official_genus_resolved422,retained_family_count_only_LR,4,GCF_014217875.1,Synechococcus,1129,0,0.197300796774335,0
official_genus_resolved422,retained_family_count_only_LR,4,GCF_014279535.1,Synechococcus,1129,0,0.35885512052815227,0
official_genus_resolved422,retained_family_count_only_LR,4,GCF_014279555.1,Synechococcus,1129,0,0.38000372424702566,0
official_genus_resolved422,retained_family_count_only_LR,4,GCF_014279595.1,Synechococcus,1129,0,0.3773331937100195,0
official_genus_resolved422,retained_family_count_only_LR,4,GCF_014279615.1,Synechococcus,1129,0,0.36936671664272946,0
official_genus_resolved422,retained_family_count_only_LR,4,GCF_014279635.1,Synechococcus,1129,0,0.36672672287361685,0
official_genus_resolved422,retained_family_count_only_LR,4,GCF_014279655.1,Synechococcus,1129,0,0.3760007044527051,0
official_genus_resolved422,retained_family_count_only_LR,4,GCF_014279755.1,Synechococcus,1129,0,0.35494734055412347,0
official_genus_resolved422,retained_family_count_only_LR,4,GCF_014279775.1,Synechococcus,1129,0,0.3760007044527051,0
official_genus_resolved422,retained_family_count_only_LR,4,GCF_014279795.1,Synechococcus,1129,0,0.39617480594559984,0
official_genus_resolved422,retained_family_count_only_LR,4,GCF_014279815.1,Synechococcus,1129,0,0.4029826037856858,0
official_genus_resolved422,retained_family_count_only_LR,4,GCF_014279835.1,Synechococcus,1129,0,0.381341730117512,0
official_genus_resolved422,retained_family_count_only_LR,4,GCF_014279855.1,Synechococcus,1129,0,0.165355139870357,0
official_genus_resolved422,retained_family_count_only_LR,4,GCF_014279875.1,Synechococcus,1129,0,0.3880584476902217,0
official_genus_resolved422,retained_family_count_only_LR,4,GCF_014279895.1,Synechococcus,1129,0,0.35624781548745255,0
official_genus_resolved422,retained_family_count_only_LR,4,GCF_014279955.1,Synechococcus,1129,0,0.4002548382833154,0
official_genus_resolved422,retained_family_count_only_LR,4,GCF_014279975.1,Synechococcus,1129,0,0.3786675395249951,0
official_genus_resolved422,retained_family_count_only_LR,4,GCF_014280015.1,Synechococcus,1129,0,0.36409470411448314,0
official_genus_resolved422,retained_family_count_only_LR,4,GCF_014280035.1,Synechococcus,1129,0,0.4043487516206154,0
official_genus_resolved422,retained_family_count_only_LR,4,GCF_014280055.1,Synechococcus,1129,0,0.35624781548745255,0
official_genus_resolved422,retained_family_count_only_LR,4,GCF_014280075.1,Synechococcus,1129,0,0.36540970828140074,0
official_genus_resolved422,retained_family_count_only_LR,4,GCF_014280095.1,Synechococcus,1129,0,0.4016179595201559,0
official_genus_resolved422,retained_family_count_only_LR,4,GCF_014280115.1,Synechococcus,1129,0,0.36540970828140074,0
official_genus_resolved422,retained_family_count_only_LR,4,GCF_014280175.1,Synechococcus,1129,0,0.36016191887125354,0
official_genus_resolved422,retained_family_count_only_LR,4,GCF_014280195.1,Synechococcus,1129,0,0.36278172690155247,0
official_genus_resolved422,retained_family_count_only_LR,4,GCF_014280215.1,Synechococcus,1129,0,0.3420627873754498,0
official_genus_resolved422,retained_family_count_only_LR,4,GCF_014304795.1,Synechococcus,1129,0,0.38402313373440083,0
official_genus_resolved422,retained_family_count_only_LR,4,GCF_014304815.1,Synechococcus,1129,0,0.3786675395249951,0
official_genus_resolved422,retained_family_count_only_LR,4,GCF_015840335.1,Synechococcus,1129,0,0.1701084035061483,0
official_genus_resolved422,retained_family_count_only_LR,4,GCF_015840525.1,Synechococcus,1129,0,0.17661421928531415,0
official_genus_resolved422,retained_family_count_only_LR,4,GCF_015840715.1,Synechococcus,1129,0,0.16692761539184334,0
official_genus_resolved422,retained_family_count_only_LR,4,GCF_015840915.1,Synechococcus,1129,0,0.17252548000970938,0
official_genus_resolved422,retained_family_count_only_LR,4,GCF_015841355.1,Synechococcus,1129,0,0.15994495818393306,0
official_genus_resolved422,retained_family_count_only_LR,4,GCF_016403105.1,Leptolyngbya,47251,0,0.09742539087837795,0
official_genus_resolved422,retained_family_count_only_LR,4,GCF_016919485.1,Thermoleptolyngbya,2303528,1,0.1350213326956525,0
official_genus_resolved422,retained_family_count_only_LR,4,GCF_017164015.1,Nostoc,1177,1,0.9789730102194144,1
official_genus_resolved422,retained_family_count_only_LR,4,GCF_018389385.1,Anthocerotibacter,2857076,0,0.036400644780013966,0
official_genus_resolved422,retained_family_count_only_LR,4,GCF_019976755.1,Nostoc,1177,1,0.979999105223045,1
official_genus_resolved422,retained_family_count_only_LR,4,GCF_019977735.1,Calothrix,1186,1,0.6786721122377339,1
official_genus_resolved422,retained_family_count_only_LR,4,GCF_022063185.1,Nostoc,1177,1,0.9751670935259448,1
official_genus_resolved422,retained_family_count_only_LR,4,GCF_022372495.1,Leptolyngbya,47251,1,0.14883512608493676,0
official_genus_resolved422,retained_family_count_only_LR,4,GCF_022701255.1,Microcoleus,44471,0,0.1495555211828988,0
official_genus_resolved422,retained_family_count_only_LR,4,GCF_022701275.1,Microcoleus,44471,0,0.1524658685727383,0
official_genus_resolved422,retained_family_count_only_LR,4,GCF_022984195.1,Synechococcus,1129,0,0.07169060847907985,0
official_genus_resolved422,retained_family_count_only_LR,4,GCF_023078835.1,Synechococcus,1129,0,0.19108469235363273,0
official_genus_resolved422,retained_family_count_only_LR,4,GCF_023115425.1,Synechococcus,1129,0,0.19020899618258252,0
official_genus_resolved422,retained_family_count_only_LR,4,GCF_023734775.1,Nostoc,1177,1,0.9523514650295279,1
official_genus_resolved422,retained_family_count_only_LR,4,GCF_028623165.1,Nostoc,1177,1,0.9770202265726488,1
official_genus_resolved422,retained_family_count_only_LR,4,GCF_030544905.1,Synechococcus,1129,0,0.07206922293267168,0
official_genus_resolved422,retained_family_count_only_LR,4,GCF_032163395.1,Gloeocapsopsis,693222,0,0.36672672287361685,0
official_genus_resolved422,retained_family_count_only_LR,4,GCF_032598965.1,Leptolyngbya,47251,1,0.1630187289672971,0
official_genus_resolved422,retained_family_count_only_LR,4,GCF_032620035.1,Leptolyngbya,47251,1,0.14883512608493676,0
official_genus_resolved422,retained_family_count_only_LR,4,GCF_032705245.1,Thermoleptolyngbya,2303528,0,0.13568552451175386,0
official_genus_resolved422,retained_family_count_only_LR,4,GCF_036630065.1,Synechococcus,1129,0,0.0728319896497867,0
official_genus_resolved422,retained_family_count_only_LR,4,GCF_036630075.1,Synechococcus,1129,0,0.0728319896497867,0
official_genus_resolved422,retained_family_count_only_LR,4,GCF_036630085.1,Synechococcus,1129,0,0.07244968088120456,0
official_genus_resolved422,retained_family_count_only_LR,4,GCF_036630095.1,Synechococcus,1129,0,0.0728319896497867,0
official_genus_resolved422,retained_family_count_only_LR,4,GCF_036630105.1,Synechococcus,1129,0,0.07244968088120456,0
official_genus_resolved422,retained_family_count_only_LR,4,GCF_036630115.1,Synechococcus,1129,0,0.06945722644564249,0
official_genus_resolved422,retained_family_count_only_LR,4,GCF_037094475.1,Microcoleus,44471,0,0.08834640430320209,0
official_genus_resolved422,retained_family_count_only_LR,4,GCF_038096175.1,Nostoc,1177,1,0.981498495037596,1
official_genus_resolved422,retained_family_count_only_LR,4,GCF_040371545.1,Synechococcus,1129,0,0.19108469235363273,0
official_genus_resolved422,retained_family_count_only_LR,4,GCF_040564635.1,Planktothricoides,132607,0,0.12789502294180205,0
official_genus_resolved422,retained_family_count_only_LR,4,GCF_042465725.1,Microcoleus,44471,0,0.14883512608493676,0
official_genus_resolved422,retained_family_count_only_LR,4,GCF_043099305.1,Chlorogloeopsis,1123,1,0.914129154410789,1
official_genus_resolved422,retained_family_count_only_LR,4,GCF_043099315.1,Chlorogloeopsis,1123,1,0.9081580289029412,1
official_genus_resolved422,retained_family_count_only_LR,4,GCF_043099725.1,Nostoc,1177,1,0.9835429772621024,1
official_genus_resolved422,retained_family_count_only_LR,4,GCF_043099735.1,Nostoc,1177,1,0.9795492623020924,1
official_genus_resolved422,retained_family_count_only_LR,4,GCF_047302735.1,Synechococcus,1129,0,0.3773331937100195,0
official_genus_resolved422,retained_family_count_only_LR,4,GCF_047302775.1,Synechococcus,1129,0,0.07556059167554333,0
official_genus_resolved422,retained_family_count_only_LR,4,GCF_047302785.1,Synechococcus,1129,0,0.4057163834742702,0
official_genus_resolved422,retained_family_count_only_LR,4,GCF_047303025.1,Synechococcus,1129,0,0.32940709916062355,0
official_genus_resolved422,retained_family_count_only_LR,4,GCF_047303035.1,Synechococcus,1129,0,0.3853664954310504,0
official_genus_resolved422,retained_family_count_only_LR,4,GCF_047303045.1,Synechococcus,1129,0,0.3921091724144855,0
official_genus_resolved422,retained_family_count_only_LR,4,GCF_047304065.1,Synechococcus,1129,0,0.3867116061783457,0
official_genus_resolved422,retained_family_count_only_LR,4,GCF_047304175.1,Synechococcus,1129,0,0.38268153927067816,0
official_genus_resolved422,retained_family_count_only_LR,4,GCF_047304245.1,Synechococcus,1129,0,0.1630187289672971,0
official_genus_resolved422,retained_family_count_only_LR,4,GCF_047304545.1,Synechococcus,1129,0,0.3867116061783457,0
official_genus_resolved422,retained_family_count_only_LR,4,GCF_047304555.1,Synechococcus,1129,0,0.3786675395249951,0
official_genus_resolved422,retained_family_count_only_LR,4,GCF_047304705.1,Synechococcus,1129,0,0.3733413656687193,0
official_genus_resolved422,retained_family_count_only_LR,4,GCF_047304715.1,Synechococcus,1129,0,0.3853664954310504,0
official_genus_resolved422,retained_family_count_only_LR,4,GCF_047304725.1,Synechococcus,1129,0,0.36936671664272946,0
official_genus_resolved422,retained_family_count_only_LR,4,GCF_047497135.1,Synechococcus,1129,0,0.3907572493498259,0
official_genus_resolved422,retained_family_count_only_LR,4,GCF_047649235.1,Leptolyngbya,47251,1,0.15100493058742895,0
official_genus_resolved422,retained_family_count_only_LR,4,GCF_047716785.1,Synechococcus,1129,0,0.4002548382833154,0
official_genus_resolved422,retained_family_count_only_LR,4,GCF_047716805.1,Synechococcus,1129,0,0.19373024412618883,0
official_genus_resolved422,retained_family_count_only_LR,4,GCF_047716815.1,Synechococcus,1129,0,0.3975332422697958,0
official_genus_resolved422,retained_family_count_only_LR,4,GCF_050422935.1,Synechococcus,1129,0,0.07244968088120456,0
official_genus_resolved422,retained_family_count_only_LR,4,GCF_052692655.1,Nostoc,1177,1,0.9812912479490581,1
official_genus_resolved422,retained_family_count_only_LR,4,GCF_052692665.1,Nostoc,1177,1,0.9797754086060732,1
official_genus_resolved422,retained_family_count_only_LR,4,GCF_963920465.1,Synechococcus,1129,0,0.18673692724446683,0
official_genus_resolved422,retained_family_count_only_LR,4,GCF_963920475.1,Synechococcus,1129,0,0.16147593826494447,0
official_genus_resolved422,retained_family_count_only_LR,4,GCF_963920495.1,Synechococcus,1129,0,0.1709110904844834,0
official_genus_resolved422,retained_family_count_only_LR,4,GCF_963920505.1,Synechococcus,1129,0,0.15994495818393306,0
official_genus_resolved422,retained_family_count_only_LR,4,GCF_977012465.1,Leptolyngbya,47251,1,0.09112768352051064,0
official_genus_resolved422,Random Forest,5,GCF_000014265.1,Trichodesmium,1205,1,0.31451164804893433,0
official_genus_resolved422,Random Forest,5,GCF_000017845.1,Crocosphaera,263510,1,0.25857100542617234,0
official_genus_resolved422,Random Forest,5,GCF_000018105.1,Acaryochloris,155977,0,0.3748864603318937,0
official_genus_resolved422,Random Forest,5,GCF_000025125.1,Candidatus,1453359,1,0.10240114144607794,0
official_genus_resolved422,Random Forest,5,GCF_000312705.1,Anabaena,1163,1,0.8976302308802309,1
official_genus_resolved422,Random Forest,5,GCF_000317045.1,Geitlerinema,63132,0,0.5746483059710613,1
official_genus_resolved422,Random Forest,5,GCF_000317105.1,Oxynema,1492710,0,0.4482410348938986,0
official_genus_resolved422,Random Forest,5,GCF_000317555.1,Gloeocapsa,102231,0,0.7676056329291623,1
official_genus_resolved422,Random Forest,5,GCF_000317695.1,Anabaena,1163,1,0.9824603174603175,1
official_genus_resolved422,Random Forest,5,GCF_001277295.1,Anabaena,1163,0,0.9102766955266957,1
official_genus_resolved422,Random Forest,5,GCF_001548095.1,Geminocystis,669357,0,0.13952244239697126,0
official_genus_resolved422,Random Forest,5,GCF_001548115.1,Geminocystis,669357,0,0.15238773499910596,0
official_genus_resolved422,Random Forest,5,GCF_001746915.2,Desertifilum,1185872,1,0.5194641214478675,1
official_genus_resolved422,Random Forest,5,GCF_003060805.1,Arthrospira,35823,0,0.21336172384546997,0
official_genus_resolved422,Random Forest,5,GCF_003967015.1,Pseudanabaena,1152,1,0.10492106441468263,0
official_genus_resolved422,Random Forest,5,GCF_008121535.1,Dolichospermum,748770,1,0.8804080086580086,1
official_genus_resolved422,Random Forest,5,GCF_009498015.1,Anabaena,1163,1,0.9858397435897436,1
official_genus_resolved422,Random Forest,5,GCF_012295525.1,Oxynema,1492710,0,0.444108840248159,0
official_genus_resolved422,Random Forest,5,GCF_012516395.1,Dolichospermum,748770,1,0.9097716450216451,1
official_genus_resolved422,Random Forest,5,GCF_016745315.1,Arthrospira,35823,0,0.22348810477448244,0
official_genus_resolved422,Random Forest,5,GCF_018336915.1,Acaryochloris,155977,0,0.3647277301731635,0
official_genus_resolved422,Random Forest,5,GCF_020885515.1,cyanobacterium,1453359,1,0.10240114144607794,0
official_genus_resolved422,Random Forest,5,GCF_021497025.1,Acaryochloris,155977,0,0.35638319235803756,0
official_genus_resolved422,Random Forest,5,GCF_024347835.1,Acaryochloris,155977,0,0.3748864603318937,0
official_genus_resolved422,Random Forest,5,GCF_024584745.1,Dolichospermum,748770,1,0.9022766955266955,1
official_genus_resolved422,Random Forest,5,GCF_026240635.1,Trichothermofontia,3045815,1,0.3370919650954482,0
official_genus_resolved422,Random Forest,5,GCF_027942295.1,Pseudanabaena,1152,0,0.09730295050245102,0
official_genus_resolved422,Random Forest,5,GCF_029910235.1,Pseudanabaena,1152,1,0.14511971307559543,0
official_genus_resolved422,Random Forest,5,GCF_030323025.1,Pseudanabaena,1152,0,0.07315143535093589,0
official_genus_resolved422,Random Forest,5,GCF_047275885.1,Anabaena,1163,1,0.9652142857142857,1
official_genus_resolved422,Random Forest,5,GCF_048568235.1,Anabaena,1163,1,0.9925064102564103,1
official_genus_resolved422,Random Forest,5,GCF_048568275.1,Anabaena,1163,1,0.9968333333333333,1
official_genus_resolved422,Random Forest,5,GCF_049315035.1,Anabaena,1163,1,0.9765079365079364,1
official_genus_resolved422,Random Forest,5,GCF_050563455.1,Crocosphaera,263510,1,0.27307649179790927,0
official_genus_resolved422,Random Forest,5,GCF_051131155.1,Pseudanabaena,1152,0,0.10713535012896833,0
official_genus_resolved422,Gradient Boosting,5,GCF_000014265.1,Trichodesmium,1205,1,0.00050842764609713,0
official_genus_resolved422,Gradient Boosting,5,GCF_000017845.1,Crocosphaera,263510,1,0.04663922003705833,0
official_genus_resolved422,Gradient Boosting,5,GCF_000018105.1,Acaryochloris,155977,0,0.4336697838240248,0
official_genus_resolved422,Gradient Boosting,5,GCF_000025125.1,Candidatus,1453359,1,3.5288811976906907e-05,0
official_genus_resolved422,Gradient Boosting,5,GCF_000312705.1,Anabaena,1163,1,0.9999408259257373,1
official_genus_resolved422,Gradient Boosting,5,GCF_000317045.1,Geitlerinema,63132,0,0.9551516579538788,1
official_genus_resolved422,Gradient Boosting,5,GCF_000317105.1,Oxynema,1492710,0,0.9789013103978629,1
official_genus_resolved422,Gradient Boosting,5,GCF_000317555.1,Gloeocapsa,102231,0,0.0332620505053404,0
official_genus_resolved422,Gradient Boosting,5,GCF_000317695.1,Anabaena,1163,1,0.9999408259257373,1
official_genus_resolved422,Gradient Boosting,5,GCF_001277295.1,Anabaena,1163,0,0.9999240312564104,1
official_genus_resolved422,Gradient Boosting,5,GCF_001548095.1,Geminocystis,669357,0,3.977915517479023e-05,0
official_genus_resolved422,Gradient Boosting,5,GCF_001548115.1,Geminocystis,669357,0,5.602269391223822e-05,0
official_genus_resolved422,Gradient Boosting,5,GCF_001746915.2,Desertifilum,1185872,1,0.9952857608591813,1
official_genus_resolved422,Gradient Boosting,5,GCF_003060805.1,Arthrospira,35823,0,7.251798344397107e-05,0
official_genus_resolved422,Gradient Boosting,5,GCF_003967015.1,Pseudanabaena,1152,1,5.089120781075069e-05,0
official_genus_resolved422,Gradient Boosting,5,GCF_008121535.1,Dolichospermum,748770,1,0.9999408259257373,1
official_genus_resolved422,Gradient Boosting,5,GCF_009498015.1,Anabaena,1163,1,0.999954134111601,1
official_genus_resolved422,Gradient Boosting,5,GCF_012295525.1,Oxynema,1492710,0,0.005361348154825972,0
official_genus_resolved422,Gradient Boosting,5,GCF_012516395.1,Dolichospermum,748770,1,0.9999496765023493,1
official_genus_resolved422,Gradient Boosting,5,GCF_016745315.1,Arthrospira,35823,0,6.488097261022514e-05,0
official_genus_resolved422,Gradient Boosting,5,GCF_018336915.1,Acaryochloris,155977,0,0.43428936998914835,0
official_genus_resolved422,Gradient Boosting,5,GCF_020885515.1,cyanobacterium,1453359,1,4.745436284948317e-05,0
official_genus_resolved422,Gradient Boosting,5,GCF_021497025.1,Acaryochloris,155977,0,0.4336697838240248,0
official_genus_resolved422,Gradient Boosting,5,GCF_024347835.1,Acaryochloris,155977,0,0.5531914172994596,1
official_genus_resolved422,Gradient Boosting,5,GCF_024584745.1,Dolichospermum,748770,1,0.998799620538182,1
official_genus_resolved422,Gradient Boosting,5,GCF_026240635.1,Trichothermofontia,3045815,1,0.005622164742974319,0
official_genus_resolved422,Gradient Boosting,5,GCF_027942295.1,Pseudanabaena,1152,0,5.089120781075069e-05,0
official_genus_resolved422,Gradient Boosting,5,GCF_029910235.1,Pseudanabaena,1152,1,7.02502347551173e-05,0
official_genus_resolved422,Gradient Boosting,5,GCF_030323025.1,Pseudanabaena,1152,0,5.142697056073478e-05,0
official_genus_resolved422,Gradient Boosting,5,GCF_047275885.1,Anabaena,1163,1,0.9999408259257373,1
official_genus_resolved422,Gradient Boosting,5,GCF_048568235.1,Anabaena,1163,1,0.9999408259257373,1
official_genus_resolved422,Gradient Boosting,5,GCF_048568275.1,Anabaena,1163,1,0.9999408259257373,1
official_genus_resolved422,Gradient Boosting,5,GCF_049315035.1,Anabaena,1163,1,0.9999408259257373,1
official_genus_resolved422,Gradient Boosting,5,GCF_050563455.1,Crocosphaera,263510,1,0.009271714122426966,0
official_genus_resolved422,Gradient Boosting,5,GCF_051131155.1,Pseudanabaena,1152,0,5.142697056073478e-05,0
official_genus_resolved422,Logistic Regression,5,GCF_000014265.1,Trichodesmium,1205,1,0.0025460680842195383,0
official_genus_resolved422,Logistic Regression,5,GCF_000017845.1,Crocosphaera,263510,1,0.9911526908793117,1
official_genus_resolved422,Logistic Regression,5,GCF_000018105.1,Acaryochloris,155977,0,0.9276561591715476,1
official_genus_resolved422,Logistic Regression,5,GCF_000025125.1,Candidatus,1453359,1,0.04927624775733951,0
official_genus_resolved422,Logistic Regression,5,GCF_000312705.1,Anabaena,1163,1,0.9978120595410267,1
official_genus_resolved422,Logistic Regression,5,GCF_000317045.1,Geitlerinema,63132,0,0.9656740612730782,1
official_genus_resolved422,Logistic Regression,5,GCF_000317105.1,Oxynema,1492710,0,0.02302593775944594,0
official_genus_resolved422,Logistic Regression,5,GCF_000317555.1,Gloeocapsa,102231,0,0.599389257552057,1
official_genus_resolved422,Logistic Regression,5,GCF_000317695.1,Anabaena,1163,1,0.9999813653681038,1
official_genus_resolved422,Logistic Regression,5,GCF_001277295.1,Anabaena,1163,0,0.9934508803428649,1
official_genus_resolved422,Logistic Regression,5,GCF_001548095.1,Geminocystis,669357,0,0.0040023869863561445,0
official_genus_resolved422,Logistic Regression,5,GCF_001548115.1,Geminocystis,669357,0,0.00651241307489433,0
official_genus_resolved422,Logistic Regression,5,GCF_001746915.2,Desertifilum,1185872,1,0.973391243215027,1
official_genus_resolved422,Logistic Regression,5,GCF_003060805.1,Arthrospira,35823,0,0.008268563610819785,0
official_genus_resolved422,Logistic Regression,5,GCF_003967015.1,Pseudanabaena,1152,1,0.005174316649222424,0
official_genus_resolved422,Logistic Regression,5,GCF_008121535.1,Dolichospermum,748770,1,0.9991338962430842,1
official_genus_resolved422,Logistic Regression,5,GCF_009498015.1,Anabaena,1163,1,0.9999744339243248,1
official_genus_resolved422,Logistic Regression,5,GCF_012295525.1,Oxynema,1492710,0,0.10205941385861535,0
official_genus_resolved422,Logistic Regression,5,GCF_012516395.1,Dolichospermum,748770,1,0.998500712679253,1
official_genus_resolved422,Logistic Regression,5,GCF_016745315.1,Arthrospira,35823,0,0.0052685521159367595,0
official_genus_resolved422,Logistic Regression,5,GCF_018336915.1,Acaryochloris,155977,0,0.9096093167330819,1
official_genus_resolved422,Logistic Regression,5,GCF_020885515.1,cyanobacterium,1453359,1,0.08570846760760836,0
official_genus_resolved422,Logistic Regression,5,GCF_021497025.1,Acaryochloris,155977,0,0.8848411641618924,1
official_genus_resolved422,Logistic Regression,5,GCF_024347835.1,Acaryochloris,155977,0,0.943784505278926,1
official_genus_resolved422,Logistic Regression,5,GCF_024584745.1,Dolichospermum,748770,1,0.9997817312817299,1
official_genus_resolved422,Logistic Regression,5,GCF_026240635.1,Trichothermofontia,3045815,1,0.04400063883927094,0
official_genus_resolved422,Logistic Regression,5,GCF_027942295.1,Pseudanabaena,1152,0,0.008553515591473326,0
official_genus_resolved422,Logistic Regression,5,GCF_029910235.1,Pseudanabaena,1152,1,0.005915124232506305,0
official_genus_resolved422,Logistic Regression,5,GCF_030323025.1,Pseudanabaena,1152,0,0.00023022209232167714,0
official_genus_resolved422,Logistic Regression,5,GCF_047275885.1,Anabaena,1163,1,0.9998318422452304,1
official_genus_resolved422,Logistic Regression,5,GCF_048568235.1,Anabaena,1163,1,0.9991251532040761,1
official_genus_resolved422,Logistic Regression,5,GCF_048568275.1,Anabaena,1163,1,0.9997606667844309,1
official_genus_resolved422,Logistic Regression,5,GCF_049315035.1,Anabaena,1163,1,0.9999646069792126,1
official_genus_resolved422,Logistic Regression,5,GCF_050563455.1,Crocosphaera,263510,1,0.9514596602846751,1
official_genus_resolved422,Logistic Regression,5,GCF_051131155.1,Pseudanabaena,1152,0,0.0030879239872300224,0
official_genus_resolved422,XGBoost,5,GCF_000014265.1,Trichodesmium,1205,1,0.09307171404361725,0
official_genus_resolved422,XGBoost,5,GCF_000017845.1,Crocosphaera,263510,1,0.2806627154350281,0
official_genus_resolved422,XGBoost,5,GCF_000018105.1,Acaryochloris,155977,0,0.8676104545593262,1
official_genus_resolved422,XGBoost,5,GCF_000025125.1,Candidatus,1453359,1,0.006541479844599962,0
official_genus_resolved422,XGBoost,5,GCF_000312705.1,Anabaena,1163,1,0.9989244341850281,1
official_genus_resolved422,XGBoost,5,GCF_000317045.1,Geitlerinema,63132,0,0.5164723992347717,1
official_genus_resolved422,XGBoost,5,GCF_000317105.1,Oxynema,1492710,0,0.1596212387084961,0
official_genus_resolved422,XGBoost,5,GCF_000317555.1,Gloeocapsa,102231,0,0.7453344464302063,1
official_genus_resolved422,XGBoost,5,GCF_000317695.1,Anabaena,1163,1,0.9988663196563721,1
official_genus_resolved422,XGBoost,5,GCF_001277295.1,Anabaena,1163,0,0.9950563907623291,1
official_genus_resolved422,XGBoost,5,GCF_001548095.1,Geminocystis,669357,0,0.04356607422232628,0
official_genus_resolved422,XGBoost,5,GCF_001548115.1,Geminocystis,669357,0,0.06393022835254669,0
official_genus_resolved422,XGBoost,5,GCF_001746915.2,Desertifilum,1185872,1,0.9502447843551636,1
official_genus_resolved422,XGBoost,5,GCF_003060805.1,Arthrospira,35823,0,0.012997317127883434,0
official_genus_resolved422,XGBoost,5,GCF_003967015.1,Pseudanabaena,1152,1,0.020341411232948303,0
official_genus_resolved422,XGBoost,5,GCF_008121535.1,Dolichospermum,748770,1,0.999235987663269,1
official_genus_resolved422,XGBoost,5,GCF_009498015.1,Anabaena,1163,1,0.9968826770782471,1
official_genus_resolved422,XGBoost,5,GCF_012295525.1,Oxynema,1492710,0,0.2096850872039795,0
official_genus_resolved422,XGBoost,5,GCF_012516395.1,Dolichospermum,748770,1,0.9987033605575562,1
official_genus_resolved422,XGBoost,5,GCF_016745315.1,Arthrospira,35823,0,0.015672657638788223,0
official_genus_resolved422,XGBoost,5,GCF_018336915.1,Acaryochloris,155977,0,0.857711136341095,1
official_genus_resolved422,XGBoost,5,GCF_020885515.1,cyanobacterium,1453359,1,0.0049620685167610645,0
official_genus_resolved422,XGBoost,5,GCF_021497025.1,Acaryochloris,155977,0,0.8718953728675842,1
official_genus_resolved422,XGBoost,5,GCF_024347835.1,Acaryochloris,155977,0,0.8475919961929321,1
official_genus_resolved422,XGBoost,5,GCF_024584745.1,Dolichospermum,748770,1,0.9949331879615784,1
official_genus_resolved422,XGBoost,5,GCF_026240635.1,Trichothermofontia,3045815,1,0.08099788427352905,0
official_genus_resolved422,XGBoost,5,GCF_027942295.1,Pseudanabaena,1152,0,0.007353664841502905,0
official_genus_resolved422,XGBoost,5,GCF_029910235.1,Pseudanabaena,1152,1,0.10230930894613266,0
official_genus_resolved422,XGBoost,5,GCF_030323025.1,Pseudanabaena,1152,0,0.004397726152092218,0
official_genus_resolved422,XGBoost,5,GCF_047275885.1,Anabaena,1163,1,0.9981153011322021,1
official_genus_resolved422,XGBoost,5,GCF_048568235.1,Anabaena,1163,1,0.9985027313232422,1
official_genus_resolved422,XGBoost,5,GCF_048568275.1,Anabaena,1163,1,0.9986044764518738,1
official_genus_resolved422,XGBoost,5,GCF_049315035.1,Anabaena,1163,1,0.9988079071044922,1
official_genus_resolved422,XGBoost,5,GCF_050563455.1,Crocosphaera,263510,1,0.13480737805366516,0
official_genus_resolved422,XGBoost,5,GCF_051131155.1,Pseudanabaena,1152,0,0.04357225075364113,0
official_genus_resolved422,assembly_length_only_LR,5,GCF_000014265.1,Trichodesmium,1205,1,0.8301423554066516,1
official_genus_resolved422,assembly_length_only_LR,5,GCF_000017845.1,Crocosphaera,263510,1,0.35105821794344505,0
official_genus_resolved422,assembly_length_only_LR,5,GCF_000018105.1,Acaryochloris,155977,0,0.8979304800099529,1
official_genus_resolved422,assembly_length_only_LR,5,GCF_000025125.1,Candidatus,1453359,1,0.01125792644929883,0
official_genus_resolved422,assembly_length_only_LR,5,GCF_000312705.1,Anabaena,1163,1,0.31797364004163103,0
official_genus_resolved422,assembly_length_only_LR,5,GCF_000317045.1,Geitlerinema,63132,0,0.2036771780086169,0
official_genus_resolved422,assembly_length_only_LR,5,GCF_000317105.1,Oxynema,1492710,0,0.8373580061244804,1
official_genus_resolved422,assembly_length_only_LR,5,GCF_000317555.1,Gloeocapsa,102231,0,0.44808304604045096,0
official_genus_resolved422,assembly_length_only_LR,5,GCF_000317695.1,Anabaena,1163,1,0.7163485870037067,1
official_genus_resolved422,assembly_length_only_LR,5,GCF_001277295.1,Anabaena,1163,0,0.42428805463961355,0
official_genus_resolved422,assembly_length_only_LR,5,GCF_001548095.1,Geminocystis,669357,0,0.12155938359129592,0
official_genus_resolved422,assembly_length_only_LR,5,GCF_001548115.1,Geminocystis,669357,0,0.1667775544347375,0
official_genus_resolved422,assembly_length_only_LR,5,GCF_001746915.2,Desertifilum,1185872,1,0.5109850778848538,1
official_genus_resolved422,assembly_length_only_LR,5,GCF_003060805.1,Arthrospira,35823,0,0.5797843274441501,1
official_genus_resolved422,assembly_length_only_LR,5,GCF_003967015.1,Pseudanabaena,1152,1,0.3954522255814978,0
official_genus_resolved422,assembly_length_only_LR,5,GCF_008121535.1,Dolichospermum,748770,1,0.39179272141077764,0
official_genus_resolved422,assembly_length_only_LR,5,GCF_009498015.1,Anabaena,1163,1,0.7064648626767812,1
official_genus_resolved422,assembly_length_only_LR,5,GCF_012295525.1,Oxynema,1492710,0,0.561737859674148,1
official_genus_resolved422,assembly_length_only_LR,5,GCF_012516395.1,Dolichospermum,748770,1,0.3005251714097676,0
official_genus_resolved422,assembly_length_only_LR,5,GCF_016745315.1,Arthrospira,35823,0,0.6544585062798627,1
official_genus_resolved422,assembly_length_only_LR,5,GCF_018336915.1,Acaryochloris,155977,0,0.7259142185995823,1
official_genus_resolved422,assembly_length_only_LR,5,GCF_020885515.1,cyanobacterium,1453359,1,0.011781096250335242,0
official_genus_resolved422,assembly_length_only_LR,5,GCF_021497025.1,Acaryochloris,155977,0,0.7522080293679381,1
official_genus_resolved422,assembly_length_only_LR,5,GCF_024347835.1,Acaryochloris,155977,0,0.815811355344377,1
official_genus_resolved422,assembly_length_only_LR,5,GCF_024584745.1,Dolichospermum,748770,1,0.436386154913466,0
official_genus_resolved422,assembly_length_only_LR,5,GCF_026240635.1,Trichothermofontia,3045815,1,0.16824269350790533,0
official_genus_resolved422,assembly_length_only_LR,5,GCF_027942295.1,Pseudanabaena,1152,0,0.21133849953899464,0
official_genus_resolved422,assembly_length_only_LR,5,GCF_029910235.1,Pseudanabaena,1152,1,0.438503305319225,0
official_genus_resolved422,assembly_length_only_LR,5,GCF_030323025.1,Pseudanabaena,1152,0,0.18117624909433153,0
official_genus_resolved422,assembly_length_only_LR,5,GCF_047275885.1,Anabaena,1163,1,0.5899206975951645,1
official_genus_resolved422,assembly_length_only_LR,5,GCF_048568235.1,Anabaena,1163,1,0.7449562276964659,1
official_genus_resolved422,assembly_length_only_LR,5,GCF_048568275.1,Anabaena,1163,1,0.7380913454958626,1
official_genus_resolved422,assembly_length_only_LR,5,GCF_049315035.1,Anabaena,1163,1,0.7124196574840885,1
official_genus_resolved422,assembly_length_only_LR,5,GCF_050563455.1,Crocosphaera,263510,1,0.544103654327927,1
official_genus_resolved422,assembly_length_only_LR,5,GCF_051131155.1,Pseudanabaena,1152,0,0.3285371013740568,0
official_genus_resolved422,retained_family_count_only_LR,5,GCF_000014265.1,Trichodesmium,1205,1,0.07126525489648276,0
official_genus_resolved422,retained_family_count_only_LR,5,GCF_000017845.1,Crocosphaera,263510,1,0.09058972796972488,0
official_genus_resolved422,retained_family_count_only_LR,5,GCF_000018105.1,Acaryochloris,155977,0,0.061695747522505076,0
official_genus_resolved422,retained_family_count_only_LR,5,GCF_000025125.1,Candidatus,1453359,1,0.04288879993010568,0
official_genus_resolved422,retained_family_count_only_LR,5,GCF_000312705.1,Anabaena,1163,1,0.7614359179459586,1
official_genus_resolved422,retained_family_count_only_LR,5,GCF_000317045.1,Geitlerinema,63132,0,0.11343262019142619,0
official_genus_resolved422,retained_family_count_only_LR,5,GCF_000317105.1,Oxynema,1492710,0,0.1087009642398193,0
official_genus_resolved422,retained_family_count_only_LR,5,GCF_000317555.1,Gloeocapsa,102231,0,0.2802787955519178,0
official_genus_resolved422,retained_family_count_only_LR,5,GCF_000317695.1,Anabaena,1163,1,0.9020647867511224,1
official_genus_resolved422,retained_family_count_only_LR,5,GCF_001277295.1,Anabaena,1163,0,0.7793282703890229,1
official_genus_resolved422,retained_family_count_only_LR,5,GCF_001548095.1,Geminocystis,669357,0,0.05868375892378274,0
official_genus_resolved422,retained_family_count_only_LR,5,GCF_001548115.1,Geminocystis,669357,0,0.061082016856935886,0
official_genus_resolved422,retained_family_count_only_LR,5,GCF_001746915.2,Desertifilum,1185872,1,0.1245932348861256,0
official_genus_resolved422,retained_family_count_only_LR,5,GCF_003060805.1,Arthrospira,35823,0,0.08629686911339662,0
official_genus_resolved422,retained_family_count_only_LR,5,GCF_003967015.1,Pseudanabaena,1152,1,0.042237720573460084,0
official_genus_resolved422,retained_family_count_only_LR,5,GCF_008121535.1,Dolichospermum,748770,1,0.7784110188470506,1
official_genus_resolved422,retained_family_count_only_LR,5,GCF_009498015.1,Anabaena,1163,1,0.9657353251319952,1
official_genus_resolved422,retained_family_count_only_LR,5,GCF_012295525.1,Oxynema,1492710,0,0.09507391560786661,0
official_genus_resolved422,retained_family_count_only_LR,5,GCF_012516395.1,Dolichospermum,748770,1,0.7820636721002395,1
official_genus_resolved422,retained_family_count_only_LR,5,GCF_016745315.1,Arthrospira,35823,0,0.07942033402245578,0
official_genus_resolved422,retained_family_count_only_LR,5,GCF_018336915.1,Acaryochloris,155977,0,0.06200476898067628,0
official_genus_resolved422,retained_family_count_only_LR,5,GCF_020885515.1,cyanobacterium,1453359,1,0.04288879993010568,0
official_genus_resolved422,retained_family_count_only_LR,5,GCF_021497025.1,Acaryochloris,155977,0,0.061082016856935886,0
official_genus_resolved422,retained_family_count_only_LR,5,GCF_024347835.1,Acaryochloris,155977,0,0.061695747522505076,0
official_genus_resolved422,retained_family_count_only_LR,5,GCF_024584745.1,Dolichospermum,748770,1,0.7820636721002395,1
official_genus_resolved422,retained_family_count_only_LR,5,GCF_026240635.1,Trichothermofontia,3045815,1,0.08629686911339662,0
official_genus_resolved422,retained_family_count_only_LR,5,GCF_027942295.1,Pseudanabaena,1152,0,0.03952403890113414,0
official_genus_resolved422,retained_family_count_only_LR,5,GCF_029910235.1,Pseudanabaena,1152,1,0.04117353631271419,0
official_genus_resolved422,retained_family_count_only_LR,5,GCF_030323025.1,Pseudanabaena,1152,0,0.04117353631271419,0
official_genus_resolved422,retained_family_count_only_LR,5,GCF_047275885.1,Anabaena,1163,1,0.8770457797795173,1
official_genus_resolved422,retained_family_count_only_LR,5,GCF_048568235.1,Anabaena,1163,1,0.9626097516515013,1
official_genus_resolved422,retained_family_count_only_LR,5,GCF_048568275.1,Anabaena,1163,1,0.9614424961011585,1
official_genus_resolved422,retained_family_count_only_LR,5,GCF_049315035.1,Anabaena,1163,1,0.8947772089424001,1
official_genus_resolved422,retained_family_count_only_LR,5,GCF_050563455.1,Crocosphaera,263510,1,0.08340234237833835,0
official_genus_resolved422,retained_family_count_only_LR,5,GCF_051131155.1,Pseudanabaena,1152,0,0.03952403890113414,0
official_genus_current_only,Random Forest,1,GCF_000007925.1,Prochlorococcus,1218,0,0.024837607565542315,0
official_genus_current_only,Random Forest,1,GCF_000011465.1,Prochlorococcus,1218,0,0.024837607565542315,0
official_genus_current_only,Random Forest,1,GCF_000011485.1,Prochlorococcus,1218,0,0.010674123990294035,0
official_genus_current_only,Random Forest,1,GCF_000012465.1,Prochlorococcus,1218,0,0.025587968315903063,0
official_genus_current_only,Random Forest,1,GCF_000012645.1,Prochlorococcus,1218,0,0.025587968315903063,0
official_genus_current_only,Random Forest,1,GCF_000015645.1,Prochlorococcus,1218,0,0.025587968315903063,0
official_genus_current_only,Random Forest,1,GCF_000015665.1,Prochlorococcus,1218,0,0.024837607565542315,0
official_genus_current_only,Random Forest,1,GCF_000015685.1,Prochlorococcus,1218,0,0.025587968315903063,0
official_genus_current_only,Random Forest,1,GCF_000015705.1,Prochlorococcus,1218,0,0.010674123990294035,0
official_genus_current_only,Random Forest,1,GCF_000015965.1,Prochlorococcus,1218,0,0.025587968315903063,0
official_genus_current_only,Random Forest,1,GCF_000018065.1,Prochlorococcus,1218,0,0.025587968315903063,0
official_genus_current_only,Random Forest,1,GCF_000021825.1,Gloeothece,28070,1,0.3673951733912471,0
official_genus_current_only,Random Forest,1,GCF_000025125.1,Candidatus,1453359,1,0.17260386137917727,0
official_genus_current_only,Random Forest,1,GCF_000147335.1,Gloeothece,28070,1,0.34437423690848606,0
official_genus_current_only,Random Forest,1,GCF_000195975.1,Parasynechococcus,2881427,0,0.0007569397252836829,0
official_genus_current_only,Random Forest,1,GCF_000317045.1,Geitlerinema,63132,0,0.6086821511821511,1
official_genus_current_only,Random Forest,1,GCF_000317515.1,Allocoleopsis,2886347,1,0.5235687414151035,1
official_genus_current_only,Random Forest,1,GCF_000757845.1,Prochlorococcus,1218,0,0.025587968315903063,0
official_genus_current_only,Random Forest,1,GCF_000757865.1,Prochlorococcus,1218,0,0.025587968315903063,0
official_genus_current_only,Random Forest,1,GCF_001746915.2,Desertifilum,1185872,1,0.5779651961815271,1
official_genus_current_only,Random Forest,1,GCF_002754935.1,Parathermosynechococcus,3161592,0,0.06279847506378668,0
official_genus_current_only,Random Forest,1,GCF_019891175.1,Leptothermofonsia,2917830,1,0.6324763387197596,1
official_genus_current_only,Random Forest,1,GCF_020885515.1,cyanobacterium,1453359,1,0.17204830582362174,0
official_genus_current_only,Random Forest,1,GCF_022701255.1,Microcoleus,44471,0,0.5080037654553908,1
official_genus_current_only,Random Forest,1,GCF_022701275.1,Microcoleus,44471,0,0.4784689391705645,0
official_genus_current_only,Random Forest,1,GCF_026240635.1,Trichothermofontia,3045815,1,0.5116218732248141,1
official_genus_current_only,Random Forest,1,GCF_027359355.1,Prochlorococcus,1218,0,0.025587968315903063,0
official_genus_current_only,Random Forest,1,GCF_027359375.1,Prochlorococcus,1218,0,0.024837607565542315,0
official_genus_current_only,Random Forest,1,GCF_027359395.1,Prochlorococcus,1218,0,0.025587968315903063,0
official_genus_current_only,Random Forest,1,GCF_027359415.1,Prochlorococcus,1218,0,0.024837607565542315,0
official_genus_current_only,Random Forest,1,GCF_027359475.1,Prochlorococcus,1218,0,0.025587968315903063,0
official_genus_current_only,Random Forest,1,GCF_027359525.1,Prochlorococcus,1218,0,0.025587968315903063,0
official_genus_current_only,Random Forest,1,GCF_027359575.1,Prochlorococcus,1218,0,0.025587968315903063,0
official_genus_current_only,Random Forest,1,GCF_027359595.1,Prochlorococcus,1218,0,0.025587968315903063,0
official_genus_current_only,Random Forest,1,GCF_034092375.1,Prochlorococcus,1218,0,0.017946851263021306,0
official_genus_current_only,Random Forest,1,GCF_034092395.1,Prochlorococcus,1218,0,0.01971155714537425,0
official_genus_current_only,Random Forest,1,GCF_034092415.1,Prochlorococcus,1218,0,0.019123321851256602,0
official_genus_current_only,Random Forest,1,GCF_034092465.1,Prochlorococcus,1218,0,0.019123321851256602,0
official_genus_current_only,Random Forest,1,GCF_034093315.1,Prochlorococcus,1218,0,0.025587968315903063,0
official_genus_current_only,Random Forest,1,GCF_037094475.1,Microcoleus,44471,0,0.43656132398097997,0
official_genus_current_only,Random Forest,1,GCF_040564635.1,Planktothricoides,132607,0,0.43996830569920553,0
official_genus_current_only,Random Forest,1,GCF_042465725.1,Microcoleus,44471,0,0.520058964341472,1
official_genus_current_only,Random Forest,1,GCF_047276495.1,Capilliphycus,2768926,1,0.4180917264709835,0
official_genus_current_only,Random Forest,1,GCF_047302725.1,Prochlorococcus,1218,0,0.024837607565542315,0
official_genus_current_only,Random Forest,1,GCF_047302745.1,Prochlorococcus,1218,0,0.025587968315903063,0
official_genus_current_only,Random Forest,1,GCF_047302755.1,Prochlorococcus,1218,0,0.010674123990294035,0
official_genus_current_only,Random Forest,1,GCF_047302765.1,Prochlorococcus,1218,0,0.024837607565542315,0
official_genus_current_only,Random Forest,1,GCF_047302795.1,Prochlorococcus,1218,0,0.025587968315903063,0
official_genus_current_only,Random Forest,1,GCF_047302805.1,Prochlorococcus,1218,0,0.010674123990294035,0
official_genus_current_only,Random Forest,1,GCF_047302855.1,Prochlorococcus,1218,0,0.025587968315903063,0
official_genus_current_only,Random Forest,1,GCF_047302865.1,Prochlorococcus,1218,0,0.010674123990294035,0
official_genus_current_only,Random Forest,1,GCF_047302875.1,Prochlorococcus,1218,0,0.025587968315903063,0
official_genus_current_only,Random Forest,1,GCF_047302905.1,Prochlorococcus,1218,0,0.024837607565542315,0
official_genus_current_only,Random Forest,1,GCF_047302975.1,Prochlorococcus,1218,0,0.024837607565542315,0
official_genus_current_only,Random Forest,1,GCF_047302985.1,Prochlorococcus,1218,0,0.010674123990294035,0
official_genus_current_only,Random Forest,1,GCF_047303155.1,Prochlorococcus,1218,0,0.010674123990294035,0
official_genus_current_only,Random Forest,1,GCF_047303165.1,Prochlorococcus,1218,0,0.010674123990294035,0
official_genus_current_only,Random Forest,1,GCF_047303175.1,Prochlorococcus,1218,0,0.024837607565542315,0
official_genus_current_only,Random Forest,1,GCF_047303345.1,Prochlorococcus,1218,0,0.010674123990294035,0
official_genus_current_only,Random Forest,1,GCF_047303415.1,Prochlorococcus,1218,0,0.010674123990294035,0
official_genus_current_only,Random Forest,1,GCF_047303465.1,Prochlorococcus,1218,0,0.010674123990294035,0
official_genus_current_only,Random Forest,1,GCF_047303495.1,Prochlorococcus,1218,0,0.010674123990294035,0
official_genus_current_only,Random Forest,1,GCF_047303505.1,Prochlorococcus,1218,0,0.025587968315903063,0
official_genus_current_only,Random Forest,1,GCF_047303555.1,Prochlorococcus,1218,0,0.025587968315903063,0
official_genus_current_only,Random Forest,1,GCF_047304495.1,Prochlorococcus,1218,0,0.010674123990294035,0
official_genus_current_only,Random Forest,1,GCF_047304505.1,Prochlorococcus,1218,0,0.010674123990294035,0
official_genus_current_only,Random Forest,1,GCF_047304515.1,Prochlorococcus,1218,0,0.010674123990294035,0
official_genus_current_only,Random Forest,1,GCF_047304525.1,Prochlorococcus,1218,0,0.025587968315903063,0
official_genus_current_only,Random Forest,1,GCF_047304535.1,Prochlorococcus,1218,0,0.025587968315903063,0
official_genus_current_only,Random Forest,1,GCF_047304605.1,Prochlorococcus,1218,0,0.024837607565542315,0
official_genus_current_only,Random Forest,1,GCF_047304615.1,Prochlorococcus,1218,0,0.024837607565542315,0
official_genus_current_only,Random Forest,1,GCF_047304625.1,Prochlorococcus,1218,0,0.024837607565542315,0
official_genus_current_only,Random Forest,1,GCF_047304675.1,Prochlorococcus,1218,0,0.025587968315903063,0
official_genus_current_only,Random Forest,1,GCF_047304685.1,Prochlorococcus,1218,0,0.025587968315903063,0
official_genus_current_only,Random Forest,1,GCF_047304785.1,Prochlorococcus,1218,0,0.010674123990294035,0
official_genus_current_only,Random Forest,1,GCF_047304905.1,Prochlorococcus,1218,0,0.010674123990294035,0
official_genus_current_only,Random Forest,1,GCF_047305015.1,Prochlorococcus,1218,0,0.025587968315903063,0
official_genus_current_only,Random Forest,1,GCF_047305065.1,Prochlorococcus,1218,0,0.025587968315903063,0
official_genus_current_only,Random Forest,1,GCF_047305115.1,Prochlorococcus,1218,0,0.024837607565542315,0
official_genus_current_only,Random Forest,1,GCF_047305125.1,Prochlorococcus,1218,0,0.025587968315903063,0
official_genus_current_only,Random Forest,1,GCF_047305135.1,Prochlorococcus,1218,0,0.025587968315903063,0
official_genus_current_only,Random Forest,1,GCF_047305145.1,Prochlorococcus,1218,0,0.025587968315903063,0
official_genus_current_only,Random Forest,1,GCF_047305155.1,Prochlorococcus,1218,0,0.025587968315903063,0
official_genus_current_only,Random Forest,1,GCF_047305225.1,Prochlorococcus,1218,0,0.025587968315903063,0
official_genus_current_only,Random Forest,1,GCF_047305235.1,Prochlorococcus,1218,0,0.025587968315903063,0
official_genus_current_only,Random Forest,1,GCF_047497115.1,Prochlorococcus,1218,0,0.024837607565542315,0
official_genus_current_only,Random Forest,1,GCF_047497125.1,Prochlorococcus,1218,0,0.024837607565542315,0
official_genus_current_only,Random Forest,1,GCF_047947085.1,Prochlorococcus,1218,0,0.025587968315903063,0
official_genus_current_only,Random Forest,1,GCF_049200465.1,Leptothermofonsia,2917830,0,0.5686969660456501,1
official_genus_current_only,Random Forest,1,GCF_904830765.1,Planktothrix,54304,0,0.4144748363435669,0
official_genus_current_only,Random Forest,1,GCF_904830775.1,Planktothrix,54304,0,0.4419192807880114,0
official_genus_current_only,Random Forest,1,GCF_904830845.1,Planktothrix,54304,0,0.4347942807880114,0
official_genus_current_only,Random Forest,1,GCF_904830855.1,Planktothrix,54304,0,0.42746094745467805,0
official_genus_current_only,Random Forest,1,GCF_904830915.1,Planktothrix,54304,0,0.42579428078801146,0
official_genus_current_only,Random Forest,1,GCF_904830925.1,Planktothrix,54304,1,0.49010111649616284,0
official_genus_current_only,Random Forest,1,GCF_904830935.1,Planktothrix,54304,0,0.4018723693661,0
official_genus_current_only,Gradient Boosting,1,GCF_000007925.1,Prochlorococcus,1218,0,0.0003130454399783889,0
official_genus_current_only,Gradient Boosting,1,GCF_000011465.1,Prochlorococcus,1218,0,0.0003130454399783889,0
official_genus_current_only,Gradient Boosting,1,GCF_000011485.1,Prochlorococcus,1218,0,2.0215744313643294e-05,0
official_genus_current_only,Gradient Boosting,1,GCF_000012465.1,Prochlorococcus,1218,0,0.0003130454399783889,0
official_genus_current_only,Gradient Boosting,1,GCF_000012645.1,Prochlorococcus,1218,0,0.0002543674644592967,0
official_genus_current_only,Gradient Boosting,1,GCF_000015645.1,Prochlorococcus,1218,0,0.0002543674644592967,0
official_genus_current_only,Gradient Boosting,1,GCF_000015665.1,Prochlorococcus,1218,0,0.0003130454399783889,0
official_genus_current_only,Gradient Boosting,1,GCF_000015685.1,Prochlorococcus,1218,0,0.0003130454399783889,0
official_genus_current_only,Gradient Boosting,1,GCF_000015705.1,Prochlorococcus,1218,0,2.0215744313643294e-05,0
official_genus_current_only,Gradient Boosting,1,GCF_000015965.1,Prochlorococcus,1218,0,0.0002543674644592967,0
official_genus_current_only,Gradient Boosting,1,GCF_000018065.1,Prochlorococcus,1218,0,0.0002543674644592967,0
official_genus_current_only,Gradient Boosting,1,GCF_000021825.1,Gloeothece,28070,1,0.999493412639411,1
official_genus_current_only,Gradient Boosting,1,GCF_000025125.1,Candidatus,1453359,1,0.0014061462923366916,0
official_genus_current_only,Gradient Boosting,1,GCF_000147335.1,Gloeothece,28070,1,0.04535977656764736,0
official_genus_current_only,Gradient Boosting,1,GCF_000195975.1,Parasynechococcus,2881427,0,2.0215744313643294e-05,0
official_genus_current_only,Gradient Boosting,1,GCF_000317045.1,Geitlerinema,63132,0,0.13203615780320396,0
official_genus_current_only,Gradient Boosting,1,GCF_000317515.1,Allocoleopsis,2886347,1,0.0376093760795343,0
official_genus_current_only,Gradient Boosting,1,GCF_000757845.1,Prochlorococcus,1218,0,0.0002543674644592967,0
official_genus_current_only,Gradient Boosting,1,GCF_000757865.1,Prochlorococcus,1218,0,0.0002543674644592967,0
official_genus_current_only,Gradient Boosting,1,GCF_001746915.2,Desertifilum,1185872,1,0.32136434531281244,0
official_genus_current_only,Gradient Boosting,1,GCF_002754935.1,Parathermosynechococcus,3161592,0,2.0215744313643294e-05,0
official_genus_current_only,Gradient Boosting,1,GCF_019891175.1,Leptothermofonsia,2917830,1,0.0017255494944057024,0
official_genus_current_only,Gradient Boosting,1,GCF_020885515.1,cyanobacterium,1453359,1,0.0014061965125761369,0
official_genus_current_only,Gradient Boosting,1,GCF_022701255.1,Microcoleus,44471,0,0.00014232825592614312,0
official_genus_current_only,Gradient Boosting,1,GCF_022701275.1,Microcoleus,44471,0,9.447358407168033e-05,0
official_genus_current_only,Gradient Boosting,1,GCF_026240635.1,Trichothermofontia,3045815,1,0.015366335577989764,0
official_genus_current_only,Gradient Boosting,1,GCF_027359355.1,Prochlorococcus,1218,0,0.0003130454399783889,0
official_genus_current_only,Gradient Boosting,1,GCF_027359375.1,Prochlorococcus,1218,0,0.0003130454399783889,0
official_genus_current_only,Gradient Boosting,1,GCF_027359395.1,Prochlorococcus,1218,0,0.0002543674644592967,0
official_genus_current_only,Gradient Boosting,1,GCF_027359415.1,Prochlorococcus,1218,0,0.0002543674644592967,0
official_genus_current_only,Gradient Boosting,1,GCF_027359475.1,Prochlorococcus,1218,0,0.0003130454399783889,0
official_genus_current_only,Gradient Boosting,1,GCF_027359525.1,Prochlorococcus,1218,0,0.0003130454399783889,0
official_genus_current_only,Gradient Boosting,1,GCF_027359575.1,Prochlorococcus,1218,0,0.0002543674644592967,0
official_genus_current_only,Gradient Boosting,1,GCF_027359595.1,Prochlorococcus,1218,0,0.0003130454399783889,0
official_genus_current_only,Gradient Boosting,1,GCF_034092375.1,Prochlorococcus,1218,0,0.0003130454399783889,0
official_genus_current_only,Gradient Boosting,1,GCF_034092395.1,Prochlorococcus,1218,0,0.0003130454399783889,0
official_genus_current_only,Gradient Boosting,1,GCF_034092415.1,Prochlorococcus,1218,0,0.0003130454399783889,0
official_genus_current_only,Gradient Boosting,1,GCF_034092465.1,Prochlorococcus,1218,0,0.0003130454399783889,0
official_genus_current_only,Gradient Boosting,1,GCF_034093315.1,Prochlorococcus,1218,0,0.0002543674644592967,0
official_genus_current_only,Gradient Boosting,1,GCF_037094475.1,Microcoleus,44471,0,0.9679203345600557,1
official_genus_current_only,Gradient Boosting,1,GCF_040564635.1,Planktothricoides,132607,0,0.0011421848952441781,0
official_genus_current_only,Gradient Boosting,1,GCF_042465725.1,Microcoleus,44471,0,0.00011583828361651422,0
official_genus_current_only,Gradient Boosting,1,GCF_047276495.1,Capilliphycus,2768926,1,0.01207811134078427,0
official_genus_current_only,Gradient Boosting,1,GCF_047302725.1,Prochlorococcus,1218,0,0.0003130454399783889,0
official_genus_current_only,Gradient Boosting,1,GCF_047302745.1,Prochlorococcus,1218,0,0.0002543674644592967,0
official_genus_current_only,Gradient Boosting,1,GCF_047302755.1,Prochlorococcus,1218,0,2.0215744313643294e-05,0
official_genus_current_only,Gradient Boosting,1,GCF_047302765.1,Prochlorococcus,1218,0,0.0003130454399783889,0
official_genus_current_only,Gradient Boosting,1,GCF_047302795.1,Prochlorococcus,1218,0,0.0002543674644592967,0
official_genus_current_only,Gradient Boosting,1,GCF_047302805.1,Prochlorococcus,1218,0,2.0215744313643294e-05,0
official_genus_current_only,Gradient Boosting,1,GCF_047302855.1,Prochlorococcus,1218,0,0.0002543674644592967,0
official_genus_current_only,Gradient Boosting,1,GCF_047302865.1,Prochlorococcus,1218,0,2.0215744313643294e-05,0
official_genus_current_only,Gradient Boosting,1,GCF_047302875.1,Prochlorococcus,1218,0,0.0002543674644592967,0
official_genus_current_only,Gradient Boosting,1,GCF_047302905.1,Prochlorococcus,1218,0,0.0003130454399783889,0
official_genus_current_only,Gradient Boosting,1,GCF_047302975.1,Prochlorococcus,1218,0,0.0003130454399783889,0
official_genus_current_only,Gradient Boosting,1,GCF_047302985.1,Prochlorococcus,1218,0,2.0215744313643294e-05,0
official_genus_current_only,Gradient Boosting,1,GCF_047303155.1,Prochlorococcus,1218,0,2.0215744313643294e-05,0
official_genus_current_only,Gradient Boosting,1,GCF_047303165.1,Prochlorococcus,1218,0,2.0215744313643294e-05,0
official_genus_current_only,Gradient Boosting,1,GCF_047303175.1,Prochlorococcus,1218,0,0.0002543674644592967,0
official_genus_current_only,Gradient Boosting,1,GCF_047303345.1,Prochlorococcus,1218,0,2.0215744313643294e-05,0
official_genus_current_only,Gradient Boosting,1,GCF_047303415.1,Prochlorococcus,1218,0,2.0215744313643294e-05,0
official_genus_current_only,Gradient Boosting,1,GCF_047303465.1,Prochlorococcus,1218,0,2.0215744313643294e-05,0
official_genus_current_only,Gradient Boosting,1,GCF_047303495.1,Prochlorococcus,1218,0,2.0215744313643294e-05,0
official_genus_current_only,Gradient Boosting,1,GCF_047303505.1,Prochlorococcus,1218,0,0.0002543674644592967,0
official_genus_current_only,Gradient Boosting,1,GCF_047303555.1,Prochlorococcus,1218,0,0.0002543674644592967,0
official_genus_current_only,Gradient Boosting,1,GCF_047304495.1,Prochlorococcus,1218,0,2.0215744313643294e-05,0
official_genus_current_only,Gradient Boosting,1,GCF_047304505.1,Prochlorococcus,1218,0,2.0215744313643294e-05,0
official_genus_current_only,Gradient Boosting,1,GCF_047304515.1,Prochlorococcus,1218,0,2.0215744313643294e-05,0
official_genus_current_only,Gradient Boosting,1,GCF_047304525.1,Prochlorococcus,1218,0,0.0003130454399783889,0
official_genus_current_only,Gradient Boosting,1,GCF_047304535.1,Prochlorococcus,1218,0,0.0003130454399783889,0
official_genus_current_only,Gradient Boosting,1,GCF_047304605.1,Prochlorococcus,1218,0,0.0003130454399783889,0
official_genus_current_only,Gradient Boosting,1,GCF_047304615.1,Prochlorococcus,1218,0,0.0002543674644592967,0
official_genus_current_only,Gradient Boosting,1,GCF_047304625.1,Prochlorococcus,1218,0,0.0002543674644592967,0
official_genus_current_only,Gradient Boosting,1,GCF_047304675.1,Prochlorococcus,1218,0,0.0003130454399783889,0
official_genus_current_only,Gradient Boosting,1,GCF_047304685.1,Prochlorococcus,1218,0,0.0002543674644592967,0
official_genus_current_only,Gradient Boosting,1,GCF_047304785.1,Prochlorococcus,1218,0,2.0215744313643294e-05,0
official_genus_current_only,Gradient Boosting,1,GCF_047304905.1,Prochlorococcus,1218,0,2.0215744313643294e-05,0
official_genus_current_only,Gradient Boosting,1,GCF_047305015.1,Prochlorococcus,1218,0,0.0002543674644592967,0
official_genus_current_only,Gradient Boosting,1,GCF_047305065.1,Prochlorococcus,1218,0,0.0002543674644592967,0
official_genus_current_only,Gradient Boosting,1,GCF_047305115.1,Prochlorococcus,1218,0,0.0003130454399783889,0
official_genus_current_only,Gradient Boosting,1,GCF_047305125.1,Prochlorococcus,1218,0,0.0002543674644592967,0
official_genus_current_only,Gradient Boosting,1,GCF_047305135.1,Prochlorococcus,1218,0,0.0002543674644592967,0
official_genus_current_only,Gradient Boosting,1,GCF_047305145.1,Prochlorococcus,1218,0,0.0003130454399783889,0
official_genus_current_only,Gradient Boosting,1,GCF_047305155.1,Prochlorococcus,1218,0,0.0003130454399783889,0
official_genus_current_only,Gradient Boosting,1,GCF_047305225.1,Prochlorococcus,1218,0,0.0002543674644592967,0
official_genus_current_only,Gradient Boosting,1,GCF_047305235.1,Prochlorococcus,1218,0,0.0002543674644592967,0
official_genus_current_only,Gradient Boosting,1,GCF_047497115.1,Prochlorococcus,1218,0,0.0003130454399783889,0
official_genus_current_only,Gradient Boosting,1,GCF_047497125.1,Prochlorococcus,1218,0,0.0003130454399783889,0
official_genus_current_only,Gradient Boosting,1,GCF_047947085.1,Prochlorococcus,1218,0,0.0002543674644592967,0
official_genus_current_only,Gradient Boosting,1,GCF_049200465.1,Leptothermofonsia,2917830,0,0.9945788018301442,1
official_genus_current_only,Gradient Boosting,1,GCF_904830765.1,Planktothrix,54304,0,0.00033011327532450786,0
official_genus_current_only,Gradient Boosting,1,GCF_904830775.1,Planktothrix,54304,0,0.00033990973895207027,0
official_genus_current_only,Gradient Boosting,1,GCF_904830845.1,Planktothrix,54304,0,0.0007900918148028472,0
official_genus_current_only,Gradient Boosting,1,GCF_904830855.1,Planktothrix,54304,0,0.00033990973895207027,0
official_genus_current_only,Gradient Boosting,1,GCF_904830915.1,Planktothrix,54304,0,0.00022006446359321114,0
official_genus_current_only,Gradient Boosting,1,GCF_904830925.1,Planktothrix,54304,1,0.0006622871237253029,0
official_genus_current_only,Gradient Boosting,1,GCF_904830935.1,Planktothrix,54304,0,0.00022273139661039242,0
official_genus_current_only,Logistic Regression,1,GCF_000007925.1,Prochlorococcus,1218,0,0.00012978152393712487,0
official_genus_current_only,Logistic Regression,1,GCF_000011465.1,Prochlorococcus,1218,0,0.0001535578138942492,0
official_genus_current_only,Logistic Regression,1,GCF_000011485.1,Prochlorococcus,1218,0,3.4178110976176345e-05,0
official_genus_current_only,Logistic Regression,1,GCF_000012465.1,Prochlorococcus,1218,0,0.00015614302628788547,0
official_genus_current_only,Logistic Regression,1,GCF_000012645.1,Prochlorococcus,1218,0,0.00014310119052758757,0
official_genus_current_only,Logistic Regression,1,GCF_000015645.1,Prochlorococcus,1218,0,0.00014310119052758757,0
official_genus_current_only,Logistic Regression,1,GCF_000015665.1,Prochlorococcus,1218,0,0.0001535578138942492,0
official_genus_current_only,Logistic Regression,1,GCF_000015685.1,Prochlorococcus,1218,0,0.00015614302628788547,0
official_genus_current_only,Logistic Regression,1,GCF_000015705.1,Prochlorococcus,1218,0,2.6167134994522764e-05,0
official_genus_current_only,Logistic Regression,1,GCF_000015965.1,Prochlorococcus,1218,0,0.00014310119052758757,0
official_genus_current_only,Logistic Regression,1,GCF_000018065.1,Prochlorococcus,1218,0,0.00014310119052758757,0
official_genus_current_only,Logistic Regression,1,GCF_000021825.1,Gloeothece,28070,1,0.7320116221981919,1
official_genus_current_only,Logistic Regression,1,GCF_000025125.1,Candidatus,1453359,1,0.0057467944750477255,0
official_genus_current_only,Logistic Regression,1,GCF_000147335.1,Gloeothece,28070,1,0.7728955018259962,1
official_genus_current_only,Logistic Regression,1,GCF_000195975.1,Parasynechococcus,2881427,0,0.00027140946910051024,0
official_genus_current_only,Logistic Regression,1,GCF_000317045.1,Geitlerinema,63132,0,0.6043368402812971,1
official_genus_current_only,Logistic Regression,1,GCF_000317515.1,Allocoleopsis,2886347,1,0.03760418164804699,0
official_genus_current_only,Logistic Regression,1,GCF_000757845.1,Prochlorococcus,1218,0,0.00014310119052758757,0
official_genus_current_only,Logistic Regression,1,GCF_000757865.1,Prochlorococcus,1218,0,0.00011710190370205078,0
official_genus_current_only,Logistic Regression,1,GCF_001746915.2,Desertifilum,1185872,1,0.9467035973489915,1
official_genus_current_only,Logistic Regression,1,GCF_002754935.1,Parathermosynechococcus,3161592,0,0.00013370636814690967,0
official_genus_current_only,Logistic Regression,1,GCF_019891175.1,Leptothermofonsia,2917830,1,0.8776210592200083,1
official_genus_current_only,Logistic Regression,1,GCF_020885515.1,cyanobacterium,1453359,1,0.00876920452967362,0
official_genus_current_only,Logistic Regression,1,GCF_022701255.1,Microcoleus,44471,0,0.006827214856474452,0
official_genus_current_only,Logistic Regression,1,GCF_022701275.1,Microcoleus,44471,0,0.0019482368562455032,0
official_genus_current_only,Logistic Regression,1,GCF_026240635.1,Trichothermofontia,3045815,1,0.010909382624989139,0
official_genus_current_only,Logistic Regression,1,GCF_027359355.1,Prochlorococcus,1218,0,0.00015614302628788547,0
official_genus_current_only,Logistic Regression,1,GCF_027359375.1,Prochlorococcus,1218,0,0.0001535578138942492,0
official_genus_current_only,Logistic Regression,1,GCF_027359395.1,Prochlorococcus,1218,0,0.00011710190370205078,0
official_genus_current_only,Logistic Regression,1,GCF_027359415.1,Prochlorococcus,1218,0,0.00011516300879821026,0
official_genus_current_only,Logistic Regression,1,GCF_027359475.1,Prochlorococcus,1218,0,0.00015614302628788547,0
official_genus_current_only,Logistic Regression,1,GCF_027359525.1,Prochlorococcus,1218,0,0.00015614302628788547,0
official_genus_current_only,Logistic Regression,1,GCF_027359575.1,Prochlorococcus,1218,0,0.00011710190370205078,0
official_genus_current_only,Logistic Regression,1,GCF_027359595.1,Prochlorococcus,1218,0,0.00015614302628788547,0
official_genus_current_only,Logistic Regression,1,GCF_034092375.1,Prochlorococcus,1218,0,0.00010033581905273447,0
official_genus_current_only,Logistic Regression,1,GCF_034092395.1,Prochlorococcus,1218,0,0.00017256436077697418,0
official_genus_current_only,Logistic Regression,1,GCF_034092415.1,Prochlorococcus,1218,0,0.00013719022381022643,0
official_genus_current_only,Logistic Regression,1,GCF_034092465.1,Prochlorococcus,1218,0,0.00011226474820257949,0
official_genus_current_only,Logistic Regression,1,GCF_034093315.1,Prochlorococcus,1218,0,0.00014310119052758757,0
official_genus_current_only,Logistic Regression,1,GCF_037094475.1,Microcoleus,44471,0,0.6554843460825958,1
official_genus_current_only,Logistic Regression,1,GCF_040564635.1,Planktothricoides,132607,0,0.07605665801308696,0
official_genus_current_only,Logistic Regression,1,GCF_042465725.1,Microcoleus,44471,0,0.01695452565720421,0
official_genus_current_only,Logistic Regression,1,GCF_047276495.1,Capilliphycus,2768926,1,0.12701124346338338,0
official_genus_current_only,Logistic Regression,1,GCF_047302725.1,Prochlorococcus,1218,0,0.0001535578138942492,0
official_genus_current_only,Logistic Regression,1,GCF_047302745.1,Prochlorococcus,1218,0,0.00011710190370205078,0
official_genus_current_only,Logistic Regression,1,GCF_047302755.1,Prochlorococcus,1218,0,3.4178110976176345e-05,0
official_genus_current_only,Logistic Regression,1,GCF_047302765.1,Prochlorococcus,1218,0,0.00012978152393712487,0
official_genus_current_only,Logistic Regression,1,GCF_047302795.1,Prochlorococcus,1218,0,0.00014310119052758757,0
official_genus_current_only,Logistic Regression,1,GCF_047302805.1,Prochlorococcus,1218,0,3.4178110976176345e-05,0
official_genus_current_only,Logistic Regression,1,GCF_047302855.1,Prochlorococcus,1218,0,0.00014310119052758757,0
official_genus_current_only,Logistic Regression,1,GCF_047302865.1,Prochlorococcus,1218,0,3.4178110976176345e-05,0
official_genus_current_only,Logistic Regression,1,GCF_047302875.1,Prochlorococcus,1218,0,0.00014310119052758757,0
official_genus_current_only,Logistic Regression,1,GCF_047302905.1,Prochlorococcus,1218,0,0.00012978152393712487,0
official_genus_current_only,Logistic Regression,1,GCF_047302975.1,Prochlorococcus,1218,0,0.00012978152393712487,0
official_genus_current_only,Logistic Regression,1,GCF_047302985.1,Prochlorococcus,1218,0,3.4178110976176345e-05,0
official_genus_current_only,Logistic Regression,1,GCF_047303155.1,Prochlorococcus,1218,0,2.6167134994522764e-05,0
official_genus_current_only,Logistic Regression,1,GCF_047303165.1,Prochlorococcus,1218,0,3.894604050005726e-05,0
official_genus_current_only,Logistic Regression,1,GCF_047303175.1,Prochlorococcus,1218,0,0.00011516300879821026,0
official_genus_current_only,Logistic Regression,1,GCF_047303345.1,Prochlorococcus,1218,0,3.894604050005726e-05,0
official_genus_current_only,Logistic Regression,1,GCF_047303415.1,Prochlorococcus,1218,0,3.894604050005726e-05,0
official_genus_current_only,Logistic Regression,1,GCF_047303465.1,Prochlorococcus,1218,0,3.4178110976176345e-05,0
official_genus_current_only,Logistic Regression,1,GCF_047303495.1,Prochlorococcus,1218,0,3.4178110976176345e-05,0
official_genus_current_only,Logistic Regression,1,GCF_047303505.1,Prochlorococcus,1218,0,0.00014310119052758757,0
official_genus_current_only,Logistic Regression,1,GCF_047303555.1,Prochlorococcus,1218,0,0.00014310119052758757,0
official_genus_current_only,Logistic Regression,1,GCF_047304495.1,Prochlorococcus,1218,0,3.894604050005726e-05,0
official_genus_current_only,Logistic Regression,1,GCF_047304505.1,Prochlorococcus,1218,0,3.894604050005726e-05,0
official_genus_current_only,Logistic Regression,1,GCF_047304515.1,Prochlorococcus,1218,0,3.894604050005726e-05,0
official_genus_current_only,Logistic Regression,1,GCF_047304525.1,Prochlorococcus,1218,0,0.00019080867643151146,0
official_genus_current_only,Logistic Regression,1,GCF_047304535.1,Prochlorococcus,1218,0,0.00019080867643151146,0
official_genus_current_only,Logistic Regression,1,GCF_047304605.1,Prochlorococcus,1218,0,0.00012978152393712487,0
official_genus_current_only,Logistic Regression,1,GCF_047304615.1,Prochlorococcus,1218,0,9.73310412423317e-05,0
official_genus_current_only,Logistic Regression,1,GCF_047304625.1,Prochlorococcus,1218,0,9.73310412423317e-05,0
official_genus_current_only,Logistic Regression,1,GCF_047304675.1,Prochlorococcus,1218,0,0.00015614302628788547,0
official_genus_current_only,Logistic Regression,1,GCF_047304685.1,Prochlorococcus,1218,0,0.00014310119052758757,0
official_genus_current_only,Logistic Regression,1,GCF_047304785.1,Prochlorococcus,1218,0,3.894604050005726e-05,0
official_genus_current_only,Logistic Regression,1,GCF_047304905.1,Prochlorococcus,1218,0,3.894604050005726e-05,0
official_genus_current_only,Logistic Regression,1,GCF_047305015.1,Prochlorococcus,1218,0,0.00014310119052758757,0
official_genus_current_only,Logistic Regression,1,GCF_047305065.1,Prochlorococcus,1218,0,0.00014310119052758757,0
official_genus_current_only,Logistic Regression,1,GCF_047305115.1,Prochlorococcus,1218,0,0.0001535578138942492,0
official_genus_current_only,Logistic Regression,1,GCF_047305125.1,Prochlorococcus,1218,0,0.00014310119052758757,0
official_genus_current_only,Logistic Regression,1,GCF_047305135.1,Prochlorococcus,1218,0,0.00014310119052758757,0
official_genus_current_only,Logistic Regression,1,GCF_047305145.1,Prochlorococcus,1218,0,0.0002097404588912433,0
official_genus_current_only,Logistic Regression,1,GCF_047305155.1,Prochlorococcus,1218,0,0.00015614302628788547,0
official_genus_current_only,Logistic Regression,1,GCF_047305225.1,Prochlorococcus,1218,0,0.00014310119052758757,0
official_genus_current_only,Logistic Regression,1,GCF_047305235.1,Prochlorococcus,1218,0,0.00011710190370205078,0
official_genus_current_only,Logistic Regression,1,GCF_047497115.1,Prochlorococcus,1218,0,0.0001535578138942492,0
official_genus_current_only,Logistic Regression,1,GCF_047497125.1,Prochlorococcus,1218,0,0.0001535578138942492,0
official_genus_current_only,Logistic Regression,1,GCF_047947085.1,Prochlorococcus,1218,0,0.00014310119052758757,0
official_genus_current_only,Logistic Regression,1,GCF_049200465.1,Leptothermofonsia,2917830,0,0.2594190463758998,0
official_genus_current_only,Logistic Regression,1,GCF_904830765.1,Planktothrix,54304,0,0.005164700762999904,0
official_genus_current_only,Logistic Regression,1,GCF_904830775.1,Planktothrix,54304,0,0.01614366200395427,0
official_genus_current_only,Logistic Regression,1,GCF_904830845.1,Planktothrix,54304,0,0.010954076007000624,0
official_genus_current_only,Logistic Regression,1,GCF_904830855.1,Planktothrix,54304,0,0.008581643355948394,0
official_genus_current_only,Logistic Regression,1,GCF_904830915.1,Planktothrix,54304,0,0.006460195789246385,0
official_genus_current_only,Logistic Regression,1,GCF_904830925.1,Planktothrix,54304,1,0.8146256490560384,1
official_genus_current_only,Logistic Regression,1,GCF_904830935.1,Planktothrix,54304,0,0.0022704310759962274,0
official_genus_current_only,XGBoost,1,GCF_000007925.1,Prochlorococcus,1218,0,0.0014303596690297127,0
official_genus_current_only,XGBoost,1,GCF_000011465.1,Prochlorococcus,1218,0,0.0014303596690297127,0
official_genus_current_only,XGBoost,1,GCF_000011485.1,Prochlorococcus,1218,0,0.00103689543902874,0
official_genus_current_only,XGBoost,1,GCF_000012465.1,Prochlorococcus,1218,0,0.0013993823667988181,0
official_genus_current_only,XGBoost,1,GCF_000012645.1,Prochlorococcus,1218,0,0.0014303596690297127,0
official_genus_current_only,XGBoost,1,GCF_000015645.1,Prochlorococcus,1218,0,0.0014303596690297127,0
official_genus_current_only,XGBoost,1,GCF_000015665.1,Prochlorococcus,1218,0,0.0014303596690297127,0
official_genus_current_only,XGBoost,1,GCF_000015685.1,Prochlorococcus,1218,0,0.0013993823667988181,0
official_genus_current_only,XGBoost,1,GCF_000015705.1,Prochlorococcus,1218,0,0.00103689543902874,0
official_genus_current_only,XGBoost,1,GCF_000015965.1,Prochlorococcus,1218,0,0.0014303596690297127,0
official_genus_current_only,XGBoost,1,GCF_000018065.1,Prochlorococcus,1218,0,0.0014303596690297127,0
official_genus_current_only,XGBoost,1,GCF_000021825.1,Gloeothece,28070,1,0.7102529406547546,1
official_genus_current_only,XGBoost,1,GCF_000025125.1,Candidatus,1453359,1,0.015719350427389145,0
official_genus_current_only,XGBoost,1,GCF_000147335.1,Gloeothece,28070,1,0.5158446431159973,1
official_genus_current_only,XGBoost,1,GCF_000195975.1,Parasynechococcus,2881427,0,0.0011321224737912416,0
official_genus_current_only,XGBoost,1,GCF_000317045.1,Geitlerinema,63132,0,0.5014959573745728,1
official_genus_current_only,XGBoost,1,GCF_000317515.1,Allocoleopsis,2886347,1,0.5060982704162598,1
official_genus_current_only,XGBoost,1,GCF_000757845.1,Prochlorococcus,1218,0,0.0014303596690297127,0
official_genus_current_only,XGBoost,1,GCF_000757865.1,Prochlorococcus,1218,0,0.0013993823667988181,0
official_genus_current_only,XGBoost,1,GCF_001746915.2,Desertifilum,1185872,1,0.4709993600845337,0
official_genus_current_only,XGBoost,1,GCF_002754935.1,Parathermosynechococcus,3161592,0,0.0013028824469074607,0
official_genus_current_only,XGBoost,1,GCF_019891175.1,Leptothermofonsia,2917830,1,0.8104430437088013,1
official_genus_current_only,XGBoost,1,GCF_020885515.1,cyanobacterium,1453359,1,0.012975851073861122,0
official_genus_current_only,XGBoost,1,GCF_022701255.1,Microcoleus,44471,0,0.030782079324126244,0
official_genus_current_only,XGBoost,1,GCF_022701275.1,Microcoleus,44471,0,0.0238754004240036,0
official_genus_current_only,XGBoost,1,GCF_026240635.1,Trichothermofontia,3045815,1,0.11683977395296097,0
official_genus_current_only,XGBoost,1,GCF_027359355.1,Prochlorococcus,1218,0,0.0013993823667988181,0
official_genus_current_only,XGBoost,1,GCF_027359375.1,Prochlorococcus,1218,0,0.0014303596690297127,0
official_genus_current_only,XGBoost,1,GCF_027359395.1,Prochlorococcus,1218,0,0.0013993823667988181,0
official_genus_current_only,XGBoost,1,GCF_027359415.1,Prochlorococcus,1218,0,0.0014303596690297127,0
official_genus_current_only,XGBoost,1,GCF_027359475.1,Prochlorococcus,1218,0,0.0013993823667988181,0
official_genus_current_only,XGBoost,1,GCF_027359525.1,Prochlorococcus,1218,0,0.0013993823667988181,0
official_genus_current_only,XGBoost,1,GCF_027359575.1,Prochlorococcus,1218,0,0.0013993823667988181,0
official_genus_current_only,XGBoost,1,GCF_027359595.1,Prochlorococcus,1218,0,0.0013993823667988181,0
official_genus_current_only,XGBoost,1,GCF_034092375.1,Prochlorococcus,1218,0,0.0014303596690297127,0
official_genus_current_only,XGBoost,1,GCF_034092395.1,Prochlorococcus,1218,0,0.0014303596690297127,0
official_genus_current_only,XGBoost,1,GCF_034092415.1,Prochlorococcus,1218,0,0.0014303596690297127,0
official_genus_current_only,XGBoost,1,GCF_034092465.1,Prochlorococcus,1218,0,0.0013993823667988181,0
official_genus_current_only,XGBoost,1,GCF_034093315.1,Prochlorococcus,1218,0,0.0014303596690297127,0
official_genus_current_only,XGBoost,1,GCF_037094475.1,Microcoleus,44471,0,0.08448711037635803,0
official_genus_current_only,XGBoost,1,GCF_040564635.1,Planktothricoides,132607,0,0.23853054642677307,0
official_genus_current_only,XGBoost,1,GCF_042465725.1,Microcoleus,44471,0,0.05525394529104233,0
official_genus_current_only,XGBoost,1,GCF_047276495.1,Capilliphycus,2768926,1,0.17756307125091553,0
official_genus_current_only,XGBoost,1,GCF_047302725.1,Prochlorococcus,1218,0,0.0014303596690297127,0
official_genus_current_only,XGBoost,1,GCF_047302745.1,Prochlorococcus,1218,0,0.0013993823667988181,0
official_genus_current_only,XGBoost,1,GCF_047302755.1,Prochlorococcus,1218,0,0.00103689543902874,0
official_genus_current_only,XGBoost,1,GCF_047302765.1,Prochlorococcus,1218,0,0.0014303596690297127,0
official_genus_current_only,XGBoost,1,GCF_047302795.1,Prochlorococcus,1218,0,0.0014303596690297127,0
official_genus_current_only,XGBoost,1,GCF_047302805.1,Prochlorococcus,1218,0,0.00103689543902874,0
official_genus_current_only,XGBoost,1,GCF_047302855.1,Prochlorococcus,1218,0,0.0014303596690297127,0
official_genus_current_only,XGBoost,1,GCF_047302865.1,Prochlorococcus,1218,0,0.00103689543902874,0
official_genus_current_only,XGBoost,1,GCF_047302875.1,Prochlorococcus,1218,0,0.0014303596690297127,0
official_genus_current_only,XGBoost,1,GCF_047302905.1,Prochlorococcus,1218,0,0.0014303596690297127,0
official_genus_current_only,XGBoost,1,GCF_047302975.1,Prochlorococcus,1218,0,0.0014303596690297127,0
official_genus_current_only,XGBoost,1,GCF_047302985.1,Prochlorococcus,1218,0,0.00103689543902874,0
official_genus_current_only,XGBoost,1,GCF_047303155.1,Prochlorococcus,1218,0,0.00103689543902874,0
official_genus_current_only,XGBoost,1,GCF_047303165.1,Prochlorococcus,1218,0,0.00103689543902874,0
official_genus_current_only,XGBoost,1,GCF_047303175.1,Prochlorococcus,1218,0,0.0014303596690297127,0
official_genus_current_only,XGBoost,1,GCF_047303345.1,Prochlorococcus,1218,0,0.00103689543902874,0
official_genus_current_only,XGBoost,1,GCF_047303415.1,Prochlorococcus,1218,0,0.00103689543902874,0
official_genus_current_only,XGBoost,1,GCF_047303465.1,Prochlorococcus,1218,0,0.00103689543902874,0
official_genus_current_only,XGBoost,1,GCF_047303495.1,Prochlorococcus,1218,0,0.00103689543902874,0
official_genus_current_only,XGBoost,1,GCF_047303505.1,Prochlorococcus,1218,0,0.0014303596690297127,0
official_genus_current_only,XGBoost,1,GCF_047303555.1,Prochlorococcus,1218,0,0.0014303596690297127,0
official_genus_current_only,XGBoost,1,GCF_047304495.1,Prochlorococcus,1218,0,0.00103689543902874,0
official_genus_current_only,XGBoost,1,GCF_047304505.1,Prochlorococcus,1218,0,0.00103689543902874,0
official_genus_current_only,XGBoost,1,GCF_047304515.1,Prochlorococcus,1218,0,0.00103689543902874,0
official_genus_current_only,XGBoost,1,GCF_047304525.1,Prochlorococcus,1218,0,0.0014303596690297127,0
official_genus_current_only,XGBoost,1,GCF_047304535.1,Prochlorococcus,1218,0,0.0014303596690297127,0
official_genus_current_only,XGBoost,1,GCF_047304605.1,Prochlorococcus,1218,0,0.0014303596690297127,0
official_genus_current_only,XGBoost,1,GCF_047304615.1,Prochlorococcus,1218,0,0.0014303596690297127,0
official_genus_current_only,XGBoost,1,GCF_047304625.1,Prochlorococcus,1218,0,0.0014303596690297127,0
official_genus_current_only,XGBoost,1,GCF_047304675.1,Prochlorococcus,1218,0,0.0013993823667988181,0
official_genus_current_only,XGBoost,1,GCF_047304685.1,Prochlorococcus,1218,0,0.0014303596690297127,0
official_genus_current_only,XGBoost,1,GCF_047304785.1,Prochlorococcus,1218,0,0.00103689543902874,0
official_genus_current_only,XGBoost,1,GCF_047304905.1,Prochlorococcus,1218,0,0.00103689543902874,0
official_genus_current_only,XGBoost,1,GCF_047305015.1,Prochlorococcus,1218,0,0.0014303596690297127,0
official_genus_current_only,XGBoost,1,GCF_047305065.1,Prochlorococcus,1218,0,0.0014303596690297127,0
official_genus_current_only,XGBoost,1,GCF_047305115.1,Prochlorococcus,1218,0,0.0014303596690297127,0
official_genus_current_only,XGBoost,1,GCF_047305125.1,Prochlorococcus,1218,0,0.0014303596690297127,0
official_genus_current_only,XGBoost,1,GCF_047305135.1,Prochlorococcus,1218,0,0.0014303596690297127,0
official_genus_current_only,XGBoost,1,GCF_047305145.1,Prochlorococcus,1218,0,0.0017338382313027978,0
official_genus_current_only,XGBoost,1,GCF_047305155.1,Prochlorococcus,1218,0,0.0013993823667988181,0
official_genus_current_only,XGBoost,1,GCF_047305225.1,Prochlorococcus,1218,0,0.0014303596690297127,0
official_genus_current_only,XGBoost,1,GCF_047305235.1,Prochlorococcus,1218,0,0.0013993823667988181,0
official_genus_current_only,XGBoost,1,GCF_047497115.1,Prochlorococcus,1218,0,0.0014303596690297127,0
official_genus_current_only,XGBoost,1,GCF_047497125.1,Prochlorococcus,1218,0,0.0014303596690297127,0
official_genus_current_only,XGBoost,1,GCF_047947085.1,Prochlorococcus,1218,0,0.0014303596690297127,0
official_genus_current_only,XGBoost,1,GCF_049200465.1,Leptothermofonsia,2917830,0,0.6422645449638367,1
official_genus_current_only,XGBoost,1,GCF_904830765.1,Planktothrix,54304,0,0.08939492702484131,0
official_genus_current_only,XGBoost,1,GCF_904830775.1,Planktothrix,54304,0,0.29040953516960144,0
official_genus_current_only,XGBoost,1,GCF_904830845.1,Planktothrix,54304,0,0.1686449497938156,0
official_genus_current_only,XGBoost,1,GCF_904830855.1,Planktothrix,54304,0,0.13477836549282074,0
official_genus_current_only,XGBoost,1,GCF_904830915.1,Planktothrix,54304,0,0.2385164350271225,0
official_genus_current_only,XGBoost,1,GCF_904830925.1,Planktothrix,54304,1,0.28228163719177246,0
official_genus_current_only,XGBoost,1,GCF_904830935.1,Planktothrix,54304,0,0.05672897398471832,0
official_genus_current_only,assembly_length_only_LR,1,GCF_000007925.1,Prochlorococcus,1218,0,0.02233619532390918,0
official_genus_current_only,assembly_length_only_LR,1,GCF_000011465.1,Prochlorococcus,1218,0,0.02054954970678864,0
official_genus_current_only,assembly_length_only_LR,1,GCF_000011485.1,Prochlorococcus,1218,0,0.040112811487950886,0
official_genus_current_only,assembly_length_only_LR,1,GCF_000012465.1,Prochlorococcus,1218,0,0.024246792523404406,0
official_genus_current_only,assembly_length_only_LR,1,GCF_000012645.1,Prochlorococcus,1218,0,0.021514434167052593,0
official_genus_current_only,assembly_length_only_LR,1,GCF_000015645.1,Prochlorococcus,1218,0,0.02076982541349973,0
official_genus_current_only,assembly_length_only_LR,1,GCF_000015665.1,Prochlorococcus,1218,0,0.02141777657375807,0
official_genus_current_only,assembly_length_only_LR,1,GCF_000015685.1,Prochlorococcus,1218,0,0.024724028931549902,0
official_genus_current_only,assembly_length_only_LR,1,GCF_000015705.1,Prochlorococcus,1218,0,0.05086534025105342,0
official_genus_current_only,assembly_length_only_LR,1,GCF_000015965.1,Prochlorococcus,1218,0,0.020254868534280258,0
official_genus_current_only,assembly_length_only_LR,1,GCF_000018065.1,Prochlorococcus,1218,0,0.022091890914894986,0
official_genus_current_only,assembly_length_only_LR,1,GCF_000021825.1,Gloeothece,28070,1,0.6494886028354221,1
official_genus_current_only,assembly_length_only_LR,1,GCF_000025125.1,Candidatus,1453359,1,0.016953666335191186,0
official_genus_current_only,assembly_length_only_LR,1,GCF_000147335.1,Gloeothece,28070,1,0.8575828449161136,1
official_genus_current_only,assembly_length_only_LR,1,GCF_000195975.1,Parasynechococcus,2881427,0,0.040951129454983956,0
official_genus_current_only,assembly_length_only_LR,1,GCF_000317045.1,Geitlerinema,63132,0,0.2502243803948433,0
official_genus_current_only,assembly_length_only_LR,1,GCF_000317515.1,Allocoleopsis,2886347,1,0.8709467232912476,1
official_genus_current_only,assembly_length_only_LR,1,GCF_000757845.1,Prochlorococcus,1218,0,0.022922787022733586,0
official_genus_current_only,assembly_length_only_LR,1,GCF_000757865.1,Prochlorococcus,1218,0,0.026187397373470266,0
official_genus_current_only,assembly_length_only_LR,1,GCF_001746915.2,Desertifilum,1185872,1,0.5603419243999991,1
official_genus_current_only,assembly_length_only_LR,1,GCF_002754935.1,Parathermosynechococcus,3161592,0,0.04986144421307952,0
official_genus_current_only,assembly_length_only_LR,1,GCF_019891175.1,Leptothermofonsia,2917830,1,0.6223532509993985,1
official_genus_current_only,assembly_length_only_LR,1,GCF_020885515.1,cyanobacterium,1453359,1,0.01769844816758226,0
official_genus_current_only,assembly_length_only_LR,1,GCF_022701255.1,Microcoleus,44471,0,0.6903586028639864,1
official_genus_current_only,assembly_length_only_LR,1,GCF_022701275.1,Microcoleus,44471,0,0.6789094536413829,1
official_genus_current_only,assembly_length_only_LR,1,GCF_026240635.1,Trichothermofontia,3045815,1,0.21067948891834648,0
official_genus_current_only,assembly_length_only_LR,1,GCF_027359355.1,Prochlorococcus,1218,0,0.02631949180349078,0
official_genus_current_only,assembly_length_only_LR,1,GCF_027359375.1,Prochlorococcus,1218,0,0.02166068641058825,0
official_genus_current_only,assembly_length_only_LR,1,GCF_027359395.1,Prochlorococcus,1218,0,0.029074244502618096,0
official_genus_current_only,assembly_length_only_LR,1,GCF_027359415.1,Prochlorococcus,1218,0,0.023113201314202258,0
official_genus_current_only,assembly_length_only_LR,1,GCF_027359475.1,Prochlorococcus,1218,0,0.027597786262783083,0
official_genus_current_only,assembly_length_only_LR,1,GCF_027359525.1,Prochlorococcus,1218,0,0.025015797086653805,0
official_genus_current_only,assembly_length_only_LR,1,GCF_027359575.1,Prochlorococcus,1218,0,0.026081902915012365,0
official_genus_current_only,assembly_length_only_LR,1,GCF_027359595.1,Prochlorococcus,1218,0,0.025490444675881137,0
official_genus_current_only,assembly_length_only_LR,1,GCF_034092375.1,Prochlorococcus,1218,0,0.024513388604245644,0
official_genus_current_only,assembly_length_only_LR,1,GCF_034092395.1,Prochlorococcus,1218,0,0.02870725224524424,0
official_genus_current_only,assembly_length_only_LR,1,GCF_034092415.1,Prochlorococcus,1218,0,0.026372243015274806,0
official_genus_current_only,assembly_length_only_LR,1,GCF_034092465.1,Prochlorococcus,1218,0,0.023250165044136864,0
official_genus_current_only,assembly_length_only_LR,1,GCF_034093315.1,Prochlorococcus,1218,0,0.021422975394501026,0
official_genus_current_only,assembly_length_only_LR,1,GCF_037094475.1,Microcoleus,44471,0,0.6832921479733027,1
official_genus_current_only,assembly_length_only_LR,1,GCF_040564635.1,Planktothricoides,132607,0,0.772475717953192,1
official_genus_current_only,assembly_length_only_LR,1,GCF_042465725.1,Microcoleus,44471,0,0.6941367597112725,1
official_genus_current_only,assembly_length_only_LR,1,GCF_047276495.1,Capilliphycus,2768926,1,0.8425373636891519,1
official_genus_current_only,assembly_length_only_LR,1,GCF_047302725.1,Prochlorococcus,1218,0,0.020549531286480727,0
official_genus_current_only,assembly_length_only_LR,1,GCF_047302745.1,Prochlorococcus,1218,0,0.02545931762218719,0
official_genus_current_only,assembly_length_only_LR,1,GCF_047302755.1,Prochlorococcus,1218,0,0.052333805777117666,0
official_genus_current_only,assembly_length_only_LR,1,GCF_047302765.1,Prochlorococcus,1218,0,0.022348769545212175,0
official_genus_current_only,assembly_length_only_LR,1,GCF_047302795.1,Prochlorococcus,1218,0,0.021334151604112624,0
official_genus_current_only,assembly_length_only_LR,1,GCF_047302805.1,Prochlorococcus,1218,0,0.05090764068910141,0
official_genus_current_only,assembly_length_only_LR,1,GCF_047302855.1,Prochlorococcus,1218,0,0.019991437399650314,0
official_genus_current_only,assembly_length_only_LR,1,GCF_047302865.1,Prochlorococcus,1218,0,0.05238607308515017,0
official_genus_current_only,assembly_length_only_LR,1,GCF_047302875.1,Prochlorococcus,1218,0,0.019991437399650314,0
official_genus_current_only,assembly_length_only_LR,1,GCF_047302905.1,Prochlorococcus,1218,0,0.022353389159331053,0
official_genus_current_only,assembly_length_only_LR,1,GCF_047302975.1,Prochlorococcus,1218,0,0.022356709458196823,0
official_genus_current_only,assembly_length_only_LR,1,GCF_047302985.1,Prochlorococcus,1218,0,0.05147805395673443,0
official_genus_current_only,assembly_length_only_LR,1,GCF_047303155.1,Prochlorococcus,1218,0,0.04766775755953061,0
official_genus_current_only,assembly_length_only_LR,1,GCF_047303165.1,Prochlorococcus,1218,0,0.04814273859549098,0
official_genus_current_only,assembly_length_only_LR,1,GCF_047303175.1,Prochlorococcus,1218,0,0.02236003023896905,0
official_genus_current_only,assembly_length_only_LR,1,GCF_047303345.1,Prochlorococcus,1218,0,0.04798893153313951,0
official_genus_current_only,assembly_length_only_LR,1,GCF_047303415.1,Prochlorococcus,1218,0,0.047043627801918265,0
official_genus_current_only,assembly_length_only_LR,1,GCF_047303465.1,Prochlorococcus,1218,0,0.051626393306138434,0
official_genus_current_only,assembly_length_only_LR,1,GCF_047303495.1,Prochlorococcus,1218,0,0.052058662958836294,0
official_genus_current_only,assembly_length_only_LR,1,GCF_047303505.1,Prochlorococcus,1218,0,0.021247724488489238,0
official_genus_current_only,assembly_length_only_LR,1,GCF_047303555.1,Prochlorococcus,1218,0,0.021107925360558666,0
official_genus_current_only,assembly_length_only_LR,1,GCF_047304495.1,Prochlorococcus,1218,0,0.04612103534009906,0
official_genus_current_only,assembly_length_only_LR,1,GCF_047304505.1,Prochlorococcus,1218,0,0.04772479056994386,0
official_genus_current_only,assembly_length_only_LR,1,GCF_047304515.1,Prochlorococcus,1218,0,0.044154134088494376,0
official_genus_current_only,assembly_length_only_LR,1,GCF_047304525.1,Prochlorococcus,1218,0,0.020392736868408208,0
official_genus_current_only,assembly_length_only_LR,1,GCF_047304535.1,Prochlorococcus,1218,0,0.020577677938877784,0
official_genus_current_only,assembly_length_only_LR,1,GCF_047304605.1,Prochlorococcus,1218,0,0.022352569159718567,0
official_genus_current_only,assembly_length_only_LR,1,GCF_047304615.1,Prochlorococcus,1218,0,0.02236003023896905,0
official_genus_current_only,assembly_length_only_LR,1,GCF_047304625.1,Prochlorococcus,1218,0,0.02236003023896905,0
official_genus_current_only,assembly_length_only_LR,1,GCF_047304675.1,Prochlorococcus,1218,0,0.026149335263078843,0
official_genus_current_only,assembly_length_only_LR,1,GCF_047304685.1,Prochlorococcus,1218,0,0.02151572504206139,0
official_genus_current_only,assembly_length_only_LR,1,GCF_047304785.1,Prochlorococcus,1218,0,0.04685452027989429,0
official_genus_current_only,assembly_length_only_LR,1,GCF_047304905.1,Prochlorococcus,1218,0,0.04193272151044188,0
official_genus_current_only,assembly_length_only_LR,1,GCF_047305015.1,Prochlorococcus,1218,0,0.020252997970919093,0
official_genus_current_only,assembly_length_only_LR,1,GCF_047305065.1,Prochlorococcus,1218,0,0.020252997970919093,0
official_genus_current_only,assembly_length_only_LR,1,GCF_047305115.1,Prochlorococcus,1218,0,0.02061981160025966,0
official_genus_current_only,assembly_length_only_LR,1,GCF_047305125.1,Prochlorococcus,1218,0,0.021069628724212943,0
official_genus_current_only,assembly_length_only_LR,1,GCF_047305135.1,Prochlorococcus,1218,0,0.021769502669530913,0
official_genus_current_only,assembly_length_only_LR,1,GCF_047305145.1,Prochlorococcus,1218,0,0.02050985466818214,0
official_genus_current_only,assembly_length_only_LR,1,GCF_047305155.1,Prochlorococcus,1218,0,0.026541043845039188,0
official_genus_current_only,assembly_length_only_LR,1,GCF_047305225.1,Prochlorococcus,1218,0,0.020846782867065934,0
official_genus_current_only,assembly_length_only_LR,1,GCF_047305235.1,Prochlorococcus,1218,0,0.026386980992772563,0
official_genus_current_only,assembly_length_only_LR,1,GCF_047497115.1,Prochlorococcus,1218,0,0.02057917203697757,0
official_genus_current_only,assembly_length_only_LR,1,GCF_047497125.1,Prochlorococcus,1218,0,0.02057915359067454,0
official_genus_current_only,assembly_length_only_LR,1,GCF_047947085.1,Prochlorococcus,1218,0,0.022187411369006583,0
official_genus_current_only,assembly_length_only_LR,1,GCF_049200465.1,Leptothermofonsia,2917830,0,0.4259640781826038,0
official_genus_current_only,assembly_length_only_LR,1,GCF_904830765.1,Planktothrix,54304,0,0.3286857347069242,0
official_genus_current_only,assembly_length_only_LR,1,GCF_904830775.1,Planktothrix,54304,0,0.2701163821611429,0
official_genus_current_only,assembly_length_only_LR,1,GCF_904830845.1,Planktothrix,54304,0,0.30397191485127767,0
official_genus_current_only,assembly_length_only_LR,1,GCF_904830855.1,Planktothrix,54304,0,0.2987082106613184,0
official_genus_current_only,assembly_length_only_LR,1,GCF_904830915.1,Planktothrix,54304,0,0.290392761868615,0
official_genus_current_only,assembly_length_only_LR,1,GCF_904830925.1,Planktothrix,54304,1,0.6701428268079351,1
official_genus_current_only,assembly_length_only_LR,1,GCF_904830935.1,Planktothrix,54304,0,0.29044556959587825,0
official_genus_current_only,retained_family_count_only_LR,1,GCF_000007925.1,Prochlorococcus,1218,0,0.10512414373690684,0
official_genus_current_only,retained_family_count_only_LR,1,GCF_000011465.1,Prochlorococcus,1218,0,0.08583506019713481,0
official_genus_current_only,retained_family_count_only_LR,1,GCF_000011485.1,Prochlorococcus,1218,0,0.2342075196154998,0
official_genus_current_only,retained_family_count_only_LR,1,GCF_000012465.1,Prochlorococcus,1218,0,0.10424920156865626,0
official_genus_current_only,retained_family_count_only_LR,1,GCF_000012645.1,Prochlorococcus,1218,0,0.08657039245843165,0
official_genus_current_only,retained_family_count_only_LR,1,GCF_000015645.1,Prochlorococcus,1218,0,0.08620201621655461,0
official_genus_current_only,retained_family_count_only_LR,1,GCF_000015665.1,Prochlorococcus,1218,0,0.08510539193430933,0
official_genus_current_only,retained_family_count_only_LR,1,GCF_000015685.1,Prochlorococcus,1218,0,0.10381414788313574,0
official_genus_current_only,retained_family_count_only_LR,1,GCF_000015705.1,Prochlorococcus,1218,0,0.22757699130814035,0
official_genus_current_only,retained_family_count_only_LR,1,GCF_000015965.1,Prochlorococcus,1218,0,0.08657039245843165,0
official_genus_current_only,retained_family_count_only_LR,1,GCF_000018065.1,Prochlorococcus,1218,0,0.08657039245843165,0
official_genus_current_only,retained_family_count_only_LR,1,GCF_000021825.1,Gloeothece,28070,1,0.16281206156525568,0
official_genus_current_only,retained_family_count_only_LR,1,GCF_000025125.1,Candidatus,1453359,1,0.0665479719813992,0
official_genus_current_only,retained_family_count_only_LR,1,GCF_000147335.1,Gloeothece,28070,1,0.16091245695321457,0
official_genus_current_only,retained_family_count_only_LR,1,GCF_000195975.1,Parasynechococcus,2881427,0,0.31764235594899687,0
official_genus_current_only,retained_family_count_only_LR,1,GCF_000317045.1,Geitlerinema,63132,0,0.15168227448799945,0
official_genus_current_only,retained_family_count_only_LR,1,GCF_000317515.1,Allocoleopsis,2886347,1,0.21708734524140644,0
official_genus_current_only,retained_family_count_only_LR,1,GCF_000757845.1,Prochlorococcus,1218,0,0.08731142251107646,0
official_genus_current_only,retained_family_count_only_LR,1,GCF_000757865.1,Prochlorococcus,1218,0,0.10381414788313574,0
official_genus_current_only,retained_family_count_only_LR,1,GCF_001746915.2,Desertifilum,1185872,1,0.16408847306753063,0
official_genus_current_only,retained_family_count_only_LR,1,GCF_002754935.1,Parathermosynechococcus,3161592,0,0.08474267124983385,0
official_genus_current_only,retained_family_count_only_LR,1,GCF_019891175.1,Leptothermofonsia,2917830,1,0.16472968887967546,0
official_genus_current_only,retained_family_count_only_LR,1,GCF_020885515.1,cyanobacterium,1453359,1,0.0665479719813992,0
official_genus_current_only,retained_family_count_only_LR,1,GCF_022701255.1,Microcoleus,44471,0,0.15168227448799945,0
official_genus_current_only,retained_family_count_only_LR,1,GCF_022701275.1,Microcoleus,44471,0,0.1541002913613014,0
official_genus_current_only,retained_family_count_only_LR,1,GCF_026240635.1,Trichothermofontia,3045815,1,0.1205199875311914,0
official_genus_current_only,retained_family_count_only_LR,1,GCF_027359355.1,Prochlorococcus,1218,0,0.10468586546220991,0
official_genus_current_only,retained_family_count_only_LR,1,GCF_027359375.1,Prochlorococcus,1218,0,0.10823764391182152,0
official_genus_current_only,retained_family_count_only_LR,1,GCF_027359395.1,Prochlorococcus,1218,0,0.10468586546220991,0
official_genus_current_only,retained_family_count_only_LR,1,GCF_027359415.1,Prochlorococcus,1218,0,0.10338070022830845,0
official_genus_current_only,retained_family_count_only_LR,1,GCF_027359475.1,Prochlorococcus,1218,0,0.10556404056147035,0
official_genus_current_only,retained_family_count_only_LR,1,GCF_027359525.1,Prochlorococcus,1218,0,0.10512414373690684,0
official_genus_current_only,retained_family_count_only_LR,1,GCF_027359575.1,Prochlorococcus,1218,0,0.10424920156865626,0
official_genus_current_only,retained_family_count_only_LR,1,GCF_027359595.1,Prochlorococcus,1218,0,0.10512414373690684,0
official_genus_current_only,retained_family_count_only_LR,1,GCF_034092375.1,Prochlorococcus,1218,0,0.13507355669469,0
official_genus_current_only,retained_family_count_only_LR,1,GCF_034092395.1,Prochlorococcus,1218,0,0.13726965122772536,0
official_genus_current_only,retained_family_count_only_LR,1,GCF_034092415.1,Prochlorococcus,1218,0,0.12301563734011065,0
official_genus_current_only,retained_family_count_only_LR,1,GCF_034092465.1,Prochlorococcus,1218,0,0.10512414373690684,0
official_genus_current_only,retained_family_count_only_LR,1,GCF_034093315.1,Prochlorococcus,1218,0,0.0854695201768826,0
official_genus_current_only,retained_family_count_only_LR,1,GCF_037094475.1,Microcoleus,44471,0,0.0987175755593681,0
official_genus_current_only,retained_family_count_only_LR,1,GCF_040564635.1,Planktothricoides,132607,0,0.13344600297623063,0
official_genus_current_only,retained_family_count_only_LR,1,GCF_042465725.1,Microcoleus,44471,0,0.15108265979245666,0
official_genus_current_only,retained_family_count_only_LR,1,GCF_047276495.1,Capilliphycus,2768926,1,0.12555558779418355,0
official_genus_current_only,retained_family_count_only_LR,1,GCF_047302725.1,Prochlorococcus,1218,0,0.08583506019713481,0
official_genus_current_only,retained_family_count_only_LR,1,GCF_047302745.1,Prochlorococcus,1218,0,0.10468586546220991,0
official_genus_current_only,retained_family_count_only_LR,1,GCF_047302755.1,Prochlorococcus,1218,0,0.23253739941721416,0
official_genus_current_only,retained_family_count_only_LR,1,GCF_047302765.1,Prochlorococcus,1218,0,0.10468586546220991,0
official_genus_current_only,retained_family_count_only_LR,1,GCF_047302795.1,Prochlorococcus,1218,0,0.0843813539058881,0
official_genus_current_only,retained_family_count_only_LR,1,GCF_047302805.1,Prochlorococcus,1218,0,0.23253739941721416,0
official_genus_current_only,retained_family_count_only_LR,1,GCF_047302855.1,Prochlorococcus,1218,0,0.08694019314774937,0
official_genus_current_only,retained_family_count_only_LR,1,GCF_047302865.1,Prochlorococcus,1218,0,0.23253739941721416,0
official_genus_current_only,retained_family_count_only_LR,1,GCF_047302875.1,Prochlorococcus,1218,0,0.08731142251107646,0
official_genus_current_only,retained_family_count_only_LR,1,GCF_047302905.1,Prochlorococcus,1218,0,0.10512414373690684,0
official_genus_current_only,retained_family_count_only_LR,1,GCF_047302975.1,Prochlorococcus,1218,0,0.10556404056147035,0
official_genus_current_only,retained_family_count_only_LR,1,GCF_047302985.1,Prochlorococcus,1218,0,0.23337142029319613,0
official_genus_current_only,retained_family_count_only_LR,1,GCF_047303155.1,Prochlorococcus,1218,0,0.23253739941721416,0
official_genus_current_only,retained_family_count_only_LR,1,GCF_047303165.1,Prochlorococcus,1218,0,0.23337142029319613,0
official_genus_current_only,retained_family_count_only_LR,1,GCF_047303175.1,Prochlorococcus,1218,0,0.10208995161439836,0
official_genus_current_only,retained_family_count_only_LR,1,GCF_047303345.1,Prochlorococcus,1218,0,0.23087559819411974,0
official_genus_current_only,retained_family_count_only_LR,1,GCF_047303415.1,Prochlorococcus,1218,0,0.23087559819411974,0
official_genus_current_only,retained_family_count_only_LR,1,GCF_047303465.1,Prochlorococcus,1218,0,0.2342075196154998,0
official_genus_current_only,retained_family_count_only_LR,1,GCF_047303495.1,Prochlorococcus,1218,0,0.23253739941721416,0
official_genus_current_only,retained_family_count_only_LR,1,GCF_047303505.1,Prochlorococcus,1218,0,0.08474267124983385,0
official_genus_current_only,retained_family_count_only_LR,1,GCF_047303555.1,Prochlorococcus,1218,0,0.08620201621655461,0
official_genus_current_only,retained_family_count_only_LR,1,GCF_047304495.1,Prochlorococcus,1218,0,0.2317054582979606,0
official_genus_current_only,retained_family_count_only_LR,1,GCF_047304505.1,Prochlorococcus,1218,0,0.23253739941721416,0
official_genus_current_only,retained_family_count_only_LR,1,GCF_047304515.1,Prochlorococcus,1218,0,0.23253739941721416,0
official_genus_current_only,retained_family_count_only_LR,1,GCF_047304525.1,Prochlorococcus,1218,0,0.08731142251107646,0
official_genus_current_only,retained_family_count_only_LR,1,GCF_047304535.1,Prochlorococcus,1218,0,0.08768408477645731,0
official_genus_current_only,retained_family_count_only_LR,1,GCF_047304605.1,Prochlorococcus,1218,0,0.10512414373690684,0
official_genus_current_only,retained_family_count_only_LR,1,GCF_047304615.1,Prochlorococcus,1218,0,0.10208995161439836,0
official_genus_current_only,retained_family_count_only_LR,1,GCF_047304625.1,Prochlorococcus,1218,0,0.10208995161439836,0
official_genus_current_only,retained_family_count_only_LR,1,GCF_047304675.1,Prochlorococcus,1218,0,0.10381414788313574,0
official_genus_current_only,retained_family_count_only_LR,1,GCF_047304685.1,Prochlorococcus,1218,0,0.08694019314774937,0
official_genus_current_only,retained_family_count_only_LR,1,GCF_047304785.1,Prochlorococcus,1218,0,0.23337142029319613,0
official_genus_current_only,retained_family_count_only_LR,1,GCF_047304905.1,Prochlorococcus,1218,0,0.23337142029319613,0
official_genus_current_only,retained_family_count_only_LR,1,GCF_047305015.1,Prochlorococcus,1218,0,0.08620201621655461,0
official_genus_current_only,retained_family_count_only_LR,1,GCF_047305065.1,Prochlorococcus,1218,0,0.08620201621655461,0
official_genus_current_only,retained_family_count_only_LR,1,GCF_047305115.1,Prochlorococcus,1218,0,0.08583506019713481,0
official_genus_current_only,retained_family_count_only_LR,1,GCF_047305125.1,Prochlorococcus,1218,0,0.08657039245843165,0
official_genus_current_only,retained_family_count_only_LR,1,GCF_047305135.1,Prochlorococcus,1218,0,0.08474267124983385,0
official_genus_current_only,retained_family_count_only_LR,1,GCF_047305145.1,Prochlorococcus,1218,0,0.08583506019713481,0
official_genus_current_only,retained_family_count_only_LR,1,GCF_047305155.1,Prochlorococcus,1218,0,0.10424920156865626,0
official_genus_current_only,retained_family_count_only_LR,1,GCF_047305225.1,Prochlorococcus,1218,0,0.08731142251107646,0
official_genus_current_only,retained_family_count_only_LR,1,GCF_047305235.1,Prochlorococcus,1218,0,0.10424920156865626,0
official_genus_current_only,retained_family_count_only_LR,1,GCF_047497115.1,Prochlorococcus,1218,0,0.08583506019713481,0
official_genus_current_only,retained_family_count_only_LR,1,GCF_047497125.1,Prochlorococcus,1218,0,0.08620201621655461,0
official_genus_current_only,retained_family_count_only_LR,1,GCF_047947085.1,Prochlorococcus,1218,0,0.08657039245843165,0
official_genus_current_only,retained_family_count_only_LR,1,GCF_049200465.1,Leptothermofonsia,2917830,0,0.15532107566778613,0
official_genus_current_only,retained_family_count_only_LR,1,GCF_904830765.1,Planktothrix,54304,0,0.12301563734011065,0
official_genus_current_only,retained_family_count_only_LR,1,GCF_904830775.1,Planktothrix,54304,0,0.12101559672212552,0
official_genus_current_only,retained_family_count_only_LR,1,GCF_904830845.1,Planktothrix,54304,0,0.1225129788137015,0
official_genus_current_only,retained_family_count_only_LR,1,GCF_904830855.1,Planktothrix,54304,0,0.1225129788137015,0
official_genus_current_only,retained_family_count_only_LR,1,GCF_904830915.1,Planktothrix,54304,0,0.12002613090506511,0
official_genus_current_only,retained_family_count_only_LR,1,GCF_904830925.1,Planktothrix,54304,1,0.12555558779418355,0
official_genus_current_only,retained_family_count_only_LR,1,GCF_904830935.1,Planktothrix,54304,0,0.1215129623961692,0
official_genus_current_only,Random Forest,2,GCF_000009725.1,Synechocystis,1142,0,0.4635116913575051,0
official_genus_current_only,Random Forest,2,GCF_000019485.1,Picosynechococcus,3079908,0,0.3267789196539188,0
official_genus_current_only,Random Forest,2,GCF_000270265.1,Synechocystis,1142,0,0.4578172469130607,0
official_genus_current_only,Random Forest,2,GCF_000284135.1,Synechocystis,1142,0,0.4695116913575051,0
official_genus_current_only,Random Forest,2,GCF_000284215.1,Synechocystis,1142,0,0.4635116913575051,0
official_genus_current_only,Random Forest,2,GCF_000284455.1,Synechocystis,1142,0,0.4496955075413213,0
official_genus_current_only,Random Forest,2,GCF_000316605.1,[Leptolyngbya],3079908,0,0.33117447277229795,0
official_genus_current_only,Random Forest,2,GCF_000317475.1,Phormidium,1198,0,0.3882414546238073,0
official_genus_current_only,Random Forest,2,GCF_000317495.1,Crinalium,241421,0,0.5768115339682677,1
official_genus_current_only,Random Forest,2,GCF_000317575.1,Stanieria,102115,0,0.49126657411216235,0
official_genus_current_only,Random Forest,2,GCF_000317615.1,Dactylococcopsis,13034,0,0.44961386391386376,0
official_genus_current_only,Random Forest,2,GCF_000340785.1,Synechocystis,1142,0,0.46517835802417173,0
official_genus_current_only,Random Forest,2,GCF_000478825.2,Synechocystis,1142,0,0.494321563369551,0
official_genus_current_only,Random Forest,2,GCF_001318385.1,Synechocystis,1142,0,0.4635116913575051,0
official_genus_current_only,Random Forest,2,GCF_001521855.1,Picosynechococcus,3079908,0,0.31050907838407743,0
official_genus_current_only,Random Forest,2,GCF_001548095.1,Geminocystis,669357,0,0.31404731113399836,0
official_genus_current_only,Random Forest,2,GCF_001548115.1,Geminocystis,669357,0,0.3256847292714165,0
official_genus_current_only,Random Forest,2,GCF_001548395.1,Leptolyngbya,47251,1,0.46142180115206416,0
official_genus_current_only,Random Forest,2,GCF_001693255.1,Picosynechococcus,3079908,0,0.3195704003953995,0
official_genus_current_only,Random Forest,2,GCF_001693275.1,Picosynechococcus,3079908,0,0.31722336409836316,0
official_genus_current_only,Random Forest,2,GCF_001693295.1,Picosynechococcus,3079908,0,0.32688281575781486,0
official_genus_current_only,Random Forest,2,GCF_002142475.1,Leptolyngbya,47251,1,0.4936428994981627,0
official_genus_current_only,Random Forest,2,GCF_002142495.1,Leptolyngbya,47251,1,0.5054321151844371,1
official_genus_current_only,Random Forest,2,GCF_003015225.1,Synechocystis,1142,0,0.4635116913575051,0
official_genus_current_only,Random Forest,2,GCF_008121535.1,Dolichospermum,748770,1,0.8423648117018859,1
official_genus_current_only,Random Forest,2,GCF_011769525.1,Tolypothrix,111782,1,0.9550780608280608,1
official_genus_current_only,Random Forest,2,GCF_012516395.1,Dolichospermum,748770,1,0.8497205254325998,1
official_genus_current_only,Random Forest,2,GCF_013177315.1,Thermoleptolyngbya,2303528,1,0.48696459169485473,0
official_genus_current_only,Random Forest,2,GCF_016403105.1,Leptolyngbya,47251,0,0.30251686329366506,0
official_genus_current_only,Random Forest,2,GCF_016919485.1,Thermoleptolyngbya,2303528,1,0.4804645916948547,0
official_genus_current_only,Random Forest,2,GCF_018282115.1,Synechocystis,1142,0,0.45784198209448945,0
official_genus_current_only,Random Forest,2,GCF_018845095.1,Synechocystis,1142,0,0.4635116913575051,0
official_genus_current_only,Random Forest,2,GCF_019056575.1,Richelia,98443,1,0.9284900793650793,1
official_genus_current_only,Random Forest,2,GCF_019924095.1,Synechocystis,1142,0,0.4569724168770981,0
official_genus_current_only,Random Forest,2,GCF_021379005.1,Leptodesmis,2664261,1,0.48855023244729134,0
official_genus_current_only,Random Forest,2,GCF_022372495.1,Leptolyngbya,47251,1,0.5054321151844371,1
official_genus_current_only,Random Forest,2,GCF_022869765.1,Synechocystis,1142,0,0.4635116913575051,0
official_genus_current_only,Random Forest,2,GCF_024584745.1,Dolichospermum,748770,1,0.8471580257977317,1
official_genus_current_only,Random Forest,2,GCF_025677855.1,Tolypothrix,111782,1,0.946956598956599,1
official_genus_current_only,Random Forest,2,GCF_025860405.1,Tolypothrix,111782,1,0.9549373681873682,1
official_genus_current_only,Random Forest,2,GCF_032598965.1,Leptolyngbya,47251,1,0.5204432234432234,1
official_genus_current_only,Random Forest,2,GCF_032620035.1,Leptolyngbya,47251,1,0.46823874809401117,0
official_genus_current_only,Random Forest,2,GCF_032705245.1,Thermoleptolyngbya,2303528,0,0.48302686275712575,0
official_genus_current_only,Random Forest,2,GCF_038050375.1,Okeanomitos,3231549,1,0.9075630007247653,1
official_genus_current_only,Random Forest,2,GCF_040436315.1,Synechocystis,1142,1,0.5321074620950381,1
official_genus_current_only,Random Forest,2,GCF_046846445.1,Synechocystis,1142,0,0.4635116913575051,0
official_genus_current_only,Random Forest,2,GCF_046847935.1,Synechocystis,1142,0,0.4635116913575051,0
official_genus_current_only,Random Forest,2,GCF_046847945.1,Synechocystis,1142,0,0.4635116913575051,0
official_genus_current_only,Random Forest,2,GCF_046847955.1,Synechocystis,1142,0,0.4635116913575051,0
official_genus_current_only,Random Forest,2,GCF_047649235.1,Leptolyngbya,47251,1,0.5132225192248412,1
official_genus_current_only,Random Forest,2,GCF_050408035.1,Synechocystis,1142,0,0.46366320650902026,0
official_genus_current_only,Random Forest,2,GCF_977012465.1,Leptolyngbya,47251,1,0.3405786585955499,0
official_genus_current_only,Gradient Boosting,2,GCF_000009725.1,Synechocystis,1142,0,0.9916283354187284,1
official_genus_current_only,Gradient Boosting,2,GCF_000019485.1,Picosynechococcus,3079908,0,0.15176118359358312,0
official_genus_current_only,Gradient Boosting,2,GCF_000270265.1,Synechocystis,1142,0,0.9953963126426767,1
official_genus_current_only,Gradient Boosting,2,GCF_000284135.1,Synechocystis,1142,0,0.995397658877791,1
official_genus_current_only,Gradient Boosting,2,GCF_000284215.1,Synechocystis,1142,0,0.995397658877791,1
official_genus_current_only,Gradient Boosting,2,GCF_000284455.1,Synechocystis,1142,0,0.9897913978527475,1
official_genus_current_only,Gradient Boosting,2,GCF_000316605.1,[Leptolyngbya],3079908,0,0.12849698046239416,0
official_genus_current_only,Gradient Boosting,2,GCF_000317475.1,Phormidium,1198,0,0.0005715365676830668,0
official_genus_current_only,Gradient Boosting,2,GCF_000317495.1,Crinalium,241421,0,0.034951716310322144,0
official_genus_current_only,Gradient Boosting,2,GCF_000317575.1,Stanieria,102115,0,0.9989943105463605,1
official_genus_current_only,Gradient Boosting,2,GCF_000317615.1,Dactylococcopsis,13034,0,0.9972940990207448,1
official_genus_current_only,Gradient Boosting,2,GCF_000340785.1,Synechocystis,1142,0,0.9931665648278145,1
official_genus_current_only,Gradient Boosting,2,GCF_000478825.2,Synechocystis,1142,0,0.9937177223965828,1
official_genus_current_only,Gradient Boosting,2,GCF_001318385.1,Synechocystis,1142,0,0.995397658877791,1
official_genus_current_only,Gradient Boosting,2,GCF_001521855.1,Picosynechococcus,3079908,0,0.15090745833124664,0
official_genus_current_only,Gradient Boosting,2,GCF_001548095.1,Geminocystis,669357,0,0.0015781042559797525,0
official_genus_current_only,Gradient Boosting,2,GCF_001548115.1,Geminocystis,669357,0,0.0020560119653219053,0
official_genus_current_only,Gradient Boosting,2,GCF_001548395.1,Leptolyngbya,47251,1,0.48970030141548276,0
official_genus_current_only,Gradient Boosting,2,GCF_001693255.1,Picosynechococcus,3079908,0,0.1269668101416637,0
official_genus_current_only,Gradient Boosting,2,GCF_001693275.1,Picosynechococcus,3079908,0,0.15176118359358312,0
official_genus_current_only,Gradient Boosting,2,GCF_001693295.1,Picosynechococcus,3079908,0,0.1269061213743752,0
official_genus_current_only,Gradient Boosting,2,GCF_002142475.1,Leptolyngbya,47251,1,0.5440157728038709,1
official_genus_current_only,Gradient Boosting,2,GCF_002142495.1,Leptolyngbya,47251,1,0.9024727534594518,1
official_genus_current_only,Gradient Boosting,2,GCF_003015225.1,Synechocystis,1142,0,0.992184164813453,1
official_genus_current_only,Gradient Boosting,2,GCF_008121535.1,Dolichospermum,748770,1,0.9997875544504174,1
official_genus_current_only,Gradient Boosting,2,GCF_011769525.1,Tolypothrix,111782,1,0.9928454285576466,1
official_genus_current_only,Gradient Boosting,2,GCF_012516395.1,Dolichospermum,748770,1,0.9996960924771348,1
official_genus_current_only,Gradient Boosting,2,GCF_013177315.1,Thermoleptolyngbya,2303528,1,0.26148460791595596,0
official_genus_current_only,Gradient Boosting,2,GCF_016403105.1,Leptolyngbya,47251,0,0.007296519989171349,0
official_genus_current_only,Gradient Boosting,2,GCF_016919485.1,Thermoleptolyngbya,2303528,1,0.26148460791595596,0
official_genus_current_only,Gradient Boosting,2,GCF_018282115.1,Synechocystis,1142,0,0.9659711359720194,1
official_genus_current_only,Gradient Boosting,2,GCF_018845095.1,Synechocystis,1142,0,0.9931665648278145,1
official_genus_current_only,Gradient Boosting,2,GCF_019056575.1,Richelia,98443,1,0.9999155784551443,1
official_genus_current_only,Gradient Boosting,2,GCF_019924095.1,Synechocystis,1142,0,0.9619392120534525,1
official_genus_current_only,Gradient Boosting,2,GCF_021379005.1,Leptodesmis,2664261,1,0.9776216362052216,1
official_genus_current_only,Gradient Boosting,2,GCF_022372495.1,Leptolyngbya,47251,1,0.9024629366999152,1
official_genus_current_only,Gradient Boosting,2,GCF_022869765.1,Synechocystis,1142,0,0.995397658877791,1
official_genus_current_only,Gradient Boosting,2,GCF_024584745.1,Dolichospermum,748770,1,0.9935776284093074,1
official_genus_current_only,Gradient Boosting,2,GCF_025677855.1,Tolypothrix,111782,1,0.9996197290006832,1
official_genus_current_only,Gradient Boosting,2,GCF_025860405.1,Tolypothrix,111782,1,0.9999372551387822,1
official_genus_current_only,Gradient Boosting,2,GCF_032598965.1,Leptolyngbya,47251,1,0.013151622270819615,0
official_genus_current_only,Gradient Boosting,2,GCF_032620035.1,Leptolyngbya,47251,1,0.9561172583013329,1
official_genus_current_only,Gradient Boosting,2,GCF_032705245.1,Thermoleptolyngbya,2303528,0,0.391529520520221,0
official_genus_current_only,Gradient Boosting,2,GCF_038050375.1,Okeanomitos,3231549,1,0.9999415237001774,1
official_genus_current_only,Gradient Boosting,2,GCF_040436315.1,Synechocystis,1142,1,0.900442780007096,1
official_genus_current_only,Gradient Boosting,2,GCF_046846445.1,Synechocystis,1142,0,0.995397658877791,1
official_genus_current_only,Gradient Boosting,2,GCF_046847935.1,Synechocystis,1142,0,0.995397658877791,1
official_genus_current_only,Gradient Boosting,2,GCF_046847945.1,Synechocystis,1142,0,0.995397658877791,1
official_genus_current_only,Gradient Boosting,2,GCF_046847955.1,Synechocystis,1142,0,0.995397658877791,1
official_genus_current_only,Gradient Boosting,2,GCF_047649235.1,Leptolyngbya,47251,1,0.8971156171301238,1
official_genus_current_only,Gradient Boosting,2,GCF_050408035.1,Synechocystis,1142,0,0.9931665648278145,1
official_genus_current_only,Gradient Boosting,2,GCF_977012465.1,Leptolyngbya,47251,1,0.24269468390393986,0
official_genus_current_only,Logistic Regression,2,GCF_000009725.1,Synechocystis,1142,0,0.9192912494669848,1
official_genus_current_only,Logistic Regression,2,GCF_000019485.1,Picosynechococcus,3079908,0,0.004875806327674787,0
official_genus_current_only,Logistic Regression,2,GCF_000270265.1,Synechocystis,1142,0,0.9687444534997276,1
official_genus_current_only,Logistic Regression,2,GCF_000284135.1,Synechocystis,1142,0,0.9577720468615859,1
official_genus_current_only,Logistic Regression,2,GCF_000284215.1,Synechocystis,1142,0,0.9454160697507582,1
official_genus_current_only,Logistic Regression,2,GCF_000284455.1,Synechocystis,1142,0,0.916113465942861,1
official_genus_current_only,Logistic Regression,2,GCF_000316605.1,[Leptolyngbya],3079908,0,0.013729490172416535,0
official_genus_current_only,Logistic Regression,2,GCF_000317475.1,Phormidium,1198,0,0.08530165738042228,0
official_genus_current_only,Logistic Regression,2,GCF_000317495.1,Crinalium,241421,0,0.6061878703392518,1
official_genus_current_only,Logistic Regression,2,GCF_000317575.1,Stanieria,102115,0,0.36888604553154225,0
official_genus_current_only,Logistic Regression,2,GCF_000317615.1,Dactylococcopsis,13034,0,0.9407526248904046,1
official_genus_current_only,Logistic Regression,2,GCF_000340785.1,Synechocystis,1142,0,0.7893691183441572,1
official_genus_current_only,Logistic Regression,2,GCF_000478825.2,Synechocystis,1142,0,0.6587989885360436,1
official_genus_current_only,Logistic Regression,2,GCF_001318385.1,Synechocystis,1142,0,0.9504910693947465,1
official_genus_current_only,Logistic Regression,2,GCF_001521855.1,Picosynechococcus,3079908,0,0.002375824272002746,0
official_genus_current_only,Logistic Regression,2,GCF_001548095.1,Geminocystis,669357,0,0.00032259325080373925,0
official_genus_current_only,Logistic Regression,2,GCF_001548115.1,Geminocystis,669357,0,0.0023140998681181217,0
official_genus_current_only,Logistic Regression,2,GCF_001548395.1,Leptolyngbya,47251,1,0.9840456588898766,1
official_genus_current_only,Logistic Regression,2,GCF_001693255.1,Picosynechococcus,3079908,0,0.010708143930030336,0
official_genus_current_only,Logistic Regression,2,GCF_001693275.1,Picosynechococcus,3079908,0,0.0020657276733243475,0
official_genus_current_only,Logistic Regression,2,GCF_001693295.1,Picosynechococcus,3079908,0,0.007804139980539064,0
official_genus_current_only,Logistic Regression,2,GCF_002142475.1,Leptolyngbya,47251,1,0.6854700544491708,1
official_genus_current_only,Logistic Regression,2,GCF_002142495.1,Leptolyngbya,47251,1,0.7947676898940591,1
official_genus_current_only,Logistic Regression,2,GCF_003015225.1,Synechocystis,1142,0,0.9017437951183948,1
official_genus_current_only,Logistic Regression,2,GCF_008121535.1,Dolichospermum,748770,1,0.9827301346446068,1
official_genus_current_only,Logistic Regression,2,GCF_011769525.1,Tolypothrix,111782,1,0.9995805099395646,1
official_genus_current_only,Logistic Regression,2,GCF_012516395.1,Dolichospermum,748770,1,0.9388701079114261,1
official_genus_current_only,Logistic Regression,2,GCF_013177315.1,Thermoleptolyngbya,2303528,1,0.9946309197260381,1
official_genus_current_only,Logistic Regression,2,GCF_016403105.1,Leptolyngbya,47251,0,0.028669622436728825,0
official_genus_current_only,Logistic Regression,2,GCF_016919485.1,Thermoleptolyngbya,2303528,1,0.9938422607904398,1
official_genus_current_only,Logistic Regression,2,GCF_018282115.1,Synechocystis,1142,0,0.765529910447474,1
official_genus_current_only,Logistic Regression,2,GCF_018845095.1,Synechocystis,1142,0,0.9126171294226013,1
official_genus_current_only,Logistic Regression,2,GCF_019056575.1,Richelia,98443,1,0.9874266065046078,1
official_genus_current_only,Logistic Regression,2,GCF_019924095.1,Synechocystis,1142,0,0.596722919422235,1
official_genus_current_only,Logistic Regression,2,GCF_021379005.1,Leptodesmis,2664261,1,0.4825836486650249,0
official_genus_current_only,Logistic Regression,2,GCF_022372495.1,Leptolyngbya,47251,1,0.8480598071996962,1
official_genus_current_only,Logistic Regression,2,GCF_022869765.1,Synechocystis,1142,0,0.9294467026526153,1
official_genus_current_only,Logistic Regression,2,GCF_024584745.1,Dolichospermum,748770,1,0.9814808617977115,1
official_genus_current_only,Logistic Regression,2,GCF_025677855.1,Tolypothrix,111782,1,0.9998798698524949,1
official_genus_current_only,Logistic Regression,2,GCF_025860405.1,Tolypothrix,111782,1,0.9998611597241113,1
official_genus_current_only,Logistic Regression,2,GCF_032598965.1,Leptolyngbya,47251,1,0.7118114577841335,1
official_genus_current_only,Logistic Regression,2,GCF_032620035.1,Leptolyngbya,47251,1,0.8187257346156556,1
official_genus_current_only,Logistic Regression,2,GCF_032705245.1,Thermoleptolyngbya,2303528,0,0.9973039295262052,1
official_genus_current_only,Logistic Regression,2,GCF_038050375.1,Okeanomitos,3231549,1,0.9996196793955587,1
official_genus_current_only,Logistic Regression,2,GCF_040436315.1,Synechocystis,1142,1,0.926424232208574,1
official_genus_current_only,Logistic Regression,2,GCF_046846445.1,Synechocystis,1142,0,0.923932200163554,1
official_genus_current_only,Logistic Regression,2,GCF_046847935.1,Synechocystis,1142,0,0.9454160697507582,1
official_genus_current_only,Logistic Regression,2,GCF_046847945.1,Synechocystis,1142,0,0.9454160697507582,1
official_genus_current_only,Logistic Regression,2,GCF_046847955.1,Synechocystis,1142,0,0.9454160697507582,1
official_genus_current_only,Logistic Regression,2,GCF_047649235.1,Leptolyngbya,47251,1,0.7849335127906523,1
official_genus_current_only,Logistic Regression,2,GCF_050408035.1,Synechocystis,1142,0,0.9260597037652561,1
official_genus_current_only,Logistic Regression,2,GCF_977012465.1,Leptolyngbya,47251,1,0.034444467863858116,0
official_genus_current_only,XGBoost,2,GCF_000009725.1,Synechocystis,1142,0,0.2957545220851898,0
official_genus_current_only,XGBoost,2,GCF_000019485.1,Picosynechococcus,3079908,0,0.07517679780721664,0
official_genus_current_only,XGBoost,2,GCF_000270265.1,Synechocystis,1142,0,0.4176275134086609,0
official_genus_current_only,XGBoost,2,GCF_000284135.1,Synechocystis,1142,0,0.37141093611717224,0
official_genus_current_only,XGBoost,2,GCF_000284215.1,Synechocystis,1142,0,0.35780030488967896,0
official_genus_current_only,XGBoost,2,GCF_000284455.1,Synechocystis,1142,0,0.24449922144412994,0
official_genus_current_only,XGBoost,2,GCF_000316605.1,[Leptolyngbya],3079908,0,0.07919231057167053,0
official_genus_current_only,XGBoost,2,GCF_000317475.1,Phormidium,1198,0,0.11962171643972397,0
official_genus_current_only,XGBoost,2,GCF_000317495.1,Crinalium,241421,0,0.42623382806777954,0
official_genus_current_only,XGBoost,2,GCF_000317575.1,Stanieria,102115,0,0.8081110715866089,1
official_genus_current_only,XGBoost,2,GCF_000317615.1,Dactylococcopsis,13034,0,0.9101396799087524,1
official_genus_current_only,XGBoost,2,GCF_000340785.1,Synechocystis,1142,0,0.2957545220851898,0
official_genus_current_only,XGBoost,2,GCF_000478825.2,Synechocystis,1142,0,0.506780207157135,1
official_genus_current_only,XGBoost,2,GCF_001318385.1,Synechocystis,1142,0,0.35780030488967896,0
official_genus_current_only,XGBoost,2,GCF_001521855.1,Picosynechococcus,3079908,0,0.061095695942640305,0
official_genus_current_only,XGBoost,2,GCF_001548095.1,Geminocystis,669357,0,0.023859230801463127,0
official_genus_current_only,XGBoost,2,GCF_001548115.1,Geminocystis,669357,0,0.026900386437773705,0
official_genus_current_only,XGBoost,2,GCF_001548395.1,Leptolyngbya,47251,1,0.7482878565788269,1
official_genus_current_only,XGBoost,2,GCF_001693255.1,Picosynechococcus,3079908,0,0.08699365705251694,0
official_genus_current_only,XGBoost,2,GCF_001693275.1,Picosynechococcus,3079908,0,0.05630172789096832,0
official_genus_current_only,XGBoost,2,GCF_001693295.1,Picosynechococcus,3079908,0,0.08954036235809326,0
official_genus_current_only,XGBoost,2,GCF_002142475.1,Leptolyngbya,47251,1,0.14090409874916077,0
official_genus_current_only,XGBoost,2,GCF_002142495.1,Leptolyngbya,47251,1,0.40135490894317627,0
official_genus_current_only,XGBoost,2,GCF_003015225.1,Synechocystis,1142,0,0.2957545220851898,0
official_genus_current_only,XGBoost,2,GCF_008121535.1,Dolichospermum,748770,1,0.9687761068344116,1
official_genus_current_only,XGBoost,2,GCF_011769525.1,Tolypothrix,111782,1,0.9704575538635254,1
official_genus_current_only,XGBoost,2,GCF_012516395.1,Dolichospermum,748770,1,0.9628050923347473,1
official_genus_current_only,XGBoost,2,GCF_013177315.1,Thermoleptolyngbya,2303528,1,0.6601395010948181,1
official_genus_current_only,XGBoost,2,GCF_016403105.1,Leptolyngbya,47251,0,0.11733070015907288,0
official_genus_current_only,XGBoost,2,GCF_016919485.1,Thermoleptolyngbya,2303528,1,0.6557525396347046,1
official_genus_current_only,XGBoost,2,GCF_018282115.1,Synechocystis,1142,0,0.30456075072288513,0
official_genus_current_only,XGBoost,2,GCF_018845095.1,Synechocystis,1142,0,0.2957545220851898,0
official_genus_current_only,XGBoost,2,GCF_019056575.1,Richelia,98443,1,0.9955368041992188,1
official_genus_current_only,XGBoost,2,GCF_019924095.1,Synechocystis,1142,0,0.13895080983638763,0
official_genus_current_only,XGBoost,2,GCF_021379005.1,Leptodesmis,2664261,1,0.6830770373344421,1
official_genus_current_only,XGBoost,2,GCF_022372495.1,Leptolyngbya,47251,1,0.40135490894317627,0
official_genus_current_only,XGBoost,2,GCF_022869765.1,Synechocystis,1142,0,0.3334074914455414,0
official_genus_current_only,XGBoost,2,GCF_024584745.1,Dolichospermum,748770,1,0.7234816551208496,1
official_genus_current_only,XGBoost,2,GCF_025677855.1,Tolypothrix,111782,1,0.9918571710586548,1
official_genus_current_only,XGBoost,2,GCF_025860405.1,Tolypothrix,111782,1,0.9918571710586548,1
official_genus_current_only,XGBoost,2,GCF_032598965.1,Leptolyngbya,47251,1,0.5719199776649475,1
official_genus_current_only,XGBoost,2,GCF_032620035.1,Leptolyngbya,47251,1,0.18108215928077698,0
official_genus_current_only,XGBoost,2,GCF_032705245.1,Thermoleptolyngbya,2303528,0,0.7675816416740417,1
official_genus_current_only,XGBoost,2,GCF_038050375.1,Okeanomitos,3231549,1,0.9954177141189575,1
official_genus_current_only,XGBoost,2,GCF_040436315.1,Synechocystis,1142,1,0.8485060930252075,1
official_genus_current_only,XGBoost,2,GCF_046846445.1,Synechocystis,1142,0,0.32045114040374756,0
official_genus_current_only,XGBoost,2,GCF_046847935.1,Synechocystis,1142,0,0.35780030488967896,0
official_genus_current_only,XGBoost,2,GCF_046847945.1,Synechocystis,1142,0,0.35780030488967896,0
official_genus_current_only,XGBoost,2,GCF_046847955.1,Synechocystis,1142,0,0.35780030488967896,0
official_genus_current_only,XGBoost,2,GCF_047649235.1,Leptolyngbya,47251,1,0.45752063393592834,0
official_genus_current_only,XGBoost,2,GCF_050408035.1,Synechocystis,1142,0,0.28462663292884827,0
official_genus_current_only,XGBoost,2,GCF_977012465.1,Leptolyngbya,47251,1,0.028293905779719353,0
official_genus_current_only,assembly_length_only_LR,2,GCF_000009725.1,Synechocystis,1142,0,0.13703615495080512,0
official_genus_current_only,assembly_length_only_LR,2,GCF_000019485.1,Picosynechococcus,3079908,0,0.09194019232966218,0
official_genus_current_only,assembly_length_only_LR,2,GCF_000270265.1,Synechocystis,1142,0,0.10385347604005889,0
official_genus_current_only,assembly_length_only_LR,2,GCF_000284135.1,Synechocystis,1142,0,0.10376780144863935,0
official_genus_current_only,assembly_length_only_LR,2,GCF_000284215.1,Synechocystis,1142,0,0.10377551661601132,0
official_genus_current_only,assembly_length_only_LR,2,GCF_000284455.1,Synechocystis,1142,0,0.10377637388813864,0
official_genus_current_only,assembly_length_only_LR,2,GCF_000316605.1,[Leptolyngbya],3079908,0,0.2989600321015715,0
official_genus_current_only,assembly_length_only_LR,2,GCF_000317475.1,Phormidium,1198,0,0.8562095064957442,1
official_genus_current_only,assembly_length_only_LR,2,GCF_000317495.1,Crinalium,241421,0,0.3922343433217589,0
official_genus_current_only,assembly_length_only_LR,2,GCF_000317575.1,Stanieria,102115,0,0.3772763751788085,0
official_genus_current_only,assembly_length_only_LR,2,GCF_000317615.1,Dactylococcopsis,13034,0,0.12140039028542536,0
official_genus_current_only,assembly_length_only_LR,2,GCF_000340785.1,Synechocystis,1142,0,0.13726293701786563,0
official_genus_current_only,assembly_length_only_LR,2,GCF_000478825.2,Synechocystis,1142,0,0.11768595518488559,0
official_genus_current_only,assembly_length_only_LR,2,GCF_001318385.1,Synechocystis,1142,0,0.10370485217352103,0
official_genus_current_only,assembly_length_only_LR,2,GCF_001521855.1,Picosynechococcus,3079908,0,0.08444729767293399,0
official_genus_current_only,assembly_length_only_LR,2,GCF_001548095.1,Geminocystis,669357,0,0.1467309473009216,0
official_genus_current_only,assembly_length_only_LR,2,GCF_001548115.1,Geminocystis,669357,0,0.1917434243448393,0
official_genus_current_only,assembly_length_only_LR,2,GCF_001548395.1,Leptolyngbya,47251,1,0.3646208676704869,0
official_genus_current_only,assembly_length_only_LR,2,GCF_001693255.1,Picosynechococcus,3079908,0,0.08750294997199837,0
official_genus_current_only,assembly_length_only_LR,2,GCF_001693275.1,Picosynechococcus,3079908,0,0.09350266158309245,0
official_genus_current_only,assembly_length_only_LR,2,GCF_001693295.1,Picosynechococcus,3079908,0,0.08479858143325916,0
official_genus_current_only,assembly_length_only_LR,2,GCF_002142475.1,Leptolyngbya,47251,1,0.6349249336154207,1
official_genus_current_only,assembly_length_only_LR,2,GCF_002142495.1,Leptolyngbya,47251,1,0.6349251278458322,1
official_genus_current_only,assembly_length_only_LR,2,GCF_003015225.1,Synechocystis,1142,0,0.13743042445082826,0
official_genus_current_only,assembly_length_only_LR,2,GCF_008121535.1,Dolichospermum,748770,1,0.3965603416885644,0
official_genus_current_only,assembly_length_only_LR,2,GCF_011769525.1,Tolypothrix,111782,1,0.8997224837017893,1
official_genus_current_only,assembly_length_only_LR,2,GCF_012516395.1,Dolichospermum,748770,1,0.31585780903183586,0
official_genus_current_only,assembly_length_only_LR,2,GCF_013177315.1,Thermoleptolyngbya,2303528,1,0.37336882076242733,0
official_genus_current_only,assembly_length_only_LR,2,GCF_016403105.1,Leptolyngbya,47251,0,0.23136478683131498,0
official_genus_current_only,assembly_length_only_LR,2,GCF_016919485.1,Thermoleptolyngbya,2303528,1,0.3665880738361966,0
official_genus_current_only,assembly_length_only_LR,2,GCF_018282115.1,Synechocystis,1142,0,0.12610623719941713,0
official_genus_current_only,assembly_length_only_LR,2,GCF_018845095.1,Synechocystis,1142,0,0.1370881867851873,0
official_genus_current_only,assembly_length_only_LR,2,GCF_019056575.1,Richelia,98443,1,0.41422475906780776,0
official_genus_current_only,assembly_length_only_LR,2,GCF_019924095.1,Synechocystis,1142,0,0.1302313818033098,0
official_genus_current_only,assembly_length_only_LR,2,GCF_021379005.1,Leptodesmis,2664261,1,0.33950386979703734,0
official_genus_current_only,assembly_length_only_LR,2,GCF_022372495.1,Leptolyngbya,47251,1,0.7126795571238688,1
official_genus_current_only,assembly_length_only_LR,2,GCF_022869765.1,Synechocystis,1142,0,0.10376195696252563,0
official_genus_current_only,assembly_length_only_LR,2,GCF_024584745.1,Dolichospermum,748770,1,0.43549283401910405,0
official_genus_current_only,assembly_length_only_LR,2,GCF_025677855.1,Tolypothrix,111782,1,0.9657603168952344,1
official_genus_current_only,assembly_length_only_LR,2,GCF_025860405.1,Tolypothrix,111782,1,0.9654110356843391,1
official_genus_current_only,assembly_length_only_LR,2,GCF_032598965.1,Leptolyngbya,47251,1,0.8586373121430197,1
official_genus_current_only,assembly_length_only_LR,2,GCF_032620035.1,Leptolyngbya,47251,1,0.6017643039286722,1
official_genus_current_only,assembly_length_only_LR,2,GCF_032705245.1,Thermoleptolyngbya,2303528,0,0.3284843200359968,0
official_genus_current_only,assembly_length_only_LR,2,GCF_038050375.1,Okeanomitos,3231549,1,0.33469164764555215,0
official_genus_current_only,assembly_length_only_LR,2,GCF_040436315.1,Synechocystis,1142,1,0.11193929057561941,0
official_genus_current_only,assembly_length_only_LR,2,GCF_046846445.1,Synechocystis,1142,0,0.1037349202619339,0
official_genus_current_only,assembly_length_only_LR,2,GCF_046847935.1,Synechocystis,1142,0,0.1037349202619339,0
official_genus_current_only,assembly_length_only_LR,2,GCF_046847945.1,Synechocystis,1142,0,0.1037349202619339,0
official_genus_current_only,assembly_length_only_LR,2,GCF_046847955.1,Synechocystis,1142,0,0.1037349202619339,0
official_genus_current_only,assembly_length_only_LR,2,GCF_047649235.1,Leptolyngbya,47251,1,0.5743230776995244,1
official_genus_current_only,assembly_length_only_LR,2,GCF_050408035.1,Synechocystis,1142,0,0.13703615495080512,0
official_genus_current_only,assembly_length_only_LR,2,GCF_977012465.1,Leptolyngbya,47251,1,0.4314000269627198,0
official_genus_current_only,retained_family_count_only_LR,2,GCF_000009725.1,Synechocystis,1142,0,0.10727768256362996,0
official_genus_current_only,retained_family_count_only_LR,2,GCF_000019485.1,Picosynechococcus,3079908,0,0.07376684648766553,0
official_genus_current_only,retained_family_count_only_LR,2,GCF_000270265.1,Synechocystis,1142,0,0.10727768256362996,0
official_genus_current_only,retained_family_count_only_LR,2,GCF_000284135.1,Synechocystis,1142,0,0.10636493803782812,0
official_genus_current_only,retained_family_count_only_LR,2,GCF_000284215.1,Synechocystis,1142,0,0.10727768256362996,0
official_genus_current_only,retained_family_count_only_LR,2,GCF_000284455.1,Synechocystis,1142,0,0.10727768256362996,0
official_genus_current_only,retained_family_count_only_LR,2,GCF_000316605.1,[Leptolyngbya],3079908,0,0.06870532766954074,0
official_genus_current_only,retained_family_count_only_LR,2,GCF_000317475.1,Phormidium,1198,0,0.12232730971842762,0
official_genus_current_only,retained_family_count_only_LR,2,GCF_000317495.1,Crinalium,241421,0,0.1572552770539585,0
official_genus_current_only,retained_family_count_only_LR,2,GCF_000317575.1,Stanieria,102115,0,0.10591113618163787,0
official_genus_current_only,retained_family_count_only_LR,2,GCF_000317615.1,Dactylococcopsis,13034,0,0.05980317331336618,0
official_genus_current_only,retained_family_count_only_LR,2,GCF_000340785.1,Synechocystis,1142,0,0.10682045200948086,0
official_genus_current_only,retained_family_count_only_LR,2,GCF_000478825.2,Synechocystis,1142,0,0.10322402864404981,0
official_genus_current_only,retained_family_count_only_LR,2,GCF_001318385.1,Synechocystis,1142,0,0.10682045200948086,0
official_genus_current_only,retained_family_count_only_LR,2,GCF_001521855.1,Picosynechococcus,3079908,0,0.07279236739970107,0
official_genus_current_only,retained_family_count_only_LR,2,GCF_001548095.1,Geminocystis,669357,0,0.06659361835798627,0
official_genus_current_only,retained_family_count_only_LR,2,GCF_001548115.1,Geminocystis,669357,0,0.06901201718627492,0
official_genus_current_only,retained_family_count_only_LR,2,GCF_001548395.1,Leptolyngbya,47251,1,0.10865971830490774,0
official_genus_current_only,retained_family_count_only_LR,2,GCF_001693255.1,Picosynechococcus,3079908,0,0.0708789152029021,0
official_genus_current_only,retained_family_count_only_LR,2,GCF_001693275.1,Picosynechococcus,3079908,0,0.07279236739970107,0
official_genus_current_only,retained_family_count_only_LR,2,GCF_001693295.1,Picosynechococcus,3079908,0,0.0734406933721691,0
official_genus_current_only,retained_family_count_only_LR,2,GCF_002142475.1,Leptolyngbya,47251,1,0.11778000936328878,0
official_genus_current_only,retained_family_count_only_LR,2,GCF_002142495.1,Leptolyngbya,47251,1,0.11877768972088938,0
official_genus_current_only,retained_family_count_only_LR,2,GCF_003015225.1,Synechocystis,1142,0,0.10636493803782812,0
official_genus_current_only,retained_family_count_only_LR,2,GCF_008121535.1,Dolichospermum,748770,1,0.7272485320207354,1
official_genus_current_only,retained_family_count_only_LR,2,GCF_011769525.1,Tolypothrix,111782,1,0.9377457954440757,1
official_genus_current_only,retained_family_count_only_LR,2,GCF_012516395.1,Dolichospermum,748770,1,0.73102719271791,1
official_genus_current_only,retained_family_count_only_LR,2,GCF_013177315.1,Thermoleptolyngbya,2303528,1,0.11005736353430437,0
official_genus_current_only,retained_family_count_only_LR,2,GCF_016403105.1,Leptolyngbya,47251,0,0.08272758171260802,0
official_genus_current_only,retained_family_count_only_LR,2,GCF_016919485.1,Thermoleptolyngbya,2303528,1,0.10958974000920362,0
official_genus_current_only,retained_family_count_only_LR,2,GCF_018282115.1,Synechocystis,1142,0,0.10234181971034327,0
official_genus_current_only,retained_family_count_only_LR,2,GCF_018845095.1,Synechocystis,1142,0,0.10773663416161751,0
official_genus_current_only,retained_family_count_only_LR,2,GCF_019056575.1,Richelia,98443,1,0.8477848134307494,1
official_genus_current_only,retained_family_count_only_LR,2,GCF_019924095.1,Synechocystis,1142,0,0.10016547281673759,0
official_genus_current_only,retained_family_count_only_LR,2,GCF_021379005.1,Leptodesmis,2664261,1,0.1297007137902936,0
official_genus_current_only,retained_family_count_only_LR,2,GCF_022372495.1,Leptolyngbya,47251,1,0.11927926663016043,0
official_genus_current_only,retained_family_count_only_LR,2,GCF_022869765.1,Synechocystis,1142,0,0.10636493803782812,0
official_genus_current_only,retained_family_count_only_LR,2,GCF_024584745.1,Dolichospermum,748770,1,0.73102719271791,1
official_genus_current_only,retained_family_count_only_LR,2,GCF_025677855.1,Tolypothrix,111782,1,0.9377457954440757,1
official_genus_current_only,retained_family_count_only_LR,2,GCF_025860405.1,Tolypothrix,111782,1,0.9377457954440757,1
official_genus_current_only,retained_family_count_only_LR,2,GCF_032598965.1,Leptolyngbya,47251,1,0.12916174085435522,0
official_genus_current_only,retained_family_count_only_LR,2,GCF_032620035.1,Leptolyngbya,47251,1,0.11927926663016043,0
official_genus_current_only,retained_family_count_only_LR,2,GCF_032705245.1,Thermoleptolyngbya,2303528,0,0.11005736353430437,0
official_genus_current_only,retained_family_count_only_LR,2,GCF_038050375.1,Okeanomitos,3231549,1,0.7626484853213643,1
official_genus_current_only,retained_family_count_only_LR,2,GCF_040436315.1,Synechocystis,1142,1,0.10636493803782812,0
official_genus_current_only,retained_family_count_only_LR,2,GCF_046846445.1,Synechocystis,1142,0,0.10682045200948086,0
official_genus_current_only,retained_family_count_only_LR,2,GCF_046847935.1,Synechocystis,1142,0,0.10727768256362996,0
official_genus_current_only,retained_family_count_only_LR,2,GCF_046847945.1,Synechocystis,1142,0,0.10727768256362996,0
official_genus_current_only,retained_family_count_only_LR,2,GCF_046847955.1,Synechocystis,1142,0,0.10727768256362996,0
official_genus_current_only,retained_family_count_only_LR,2,GCF_047649235.1,Leptolyngbya,47251,1,0.12079499531453454,0
official_genus_current_only,retained_family_count_only_LR,2,GCF_050408035.1,Synechocystis,1142,0,0.10682045200948086,0
official_genus_current_only,retained_family_count_only_LR,2,GCF_977012465.1,Leptolyngbya,47251,1,0.07812971856110991,0
official_genus_current_only,Random Forest,3,GCF_000009705.1,Nostoc,1177,1,0.9772911532911531,1
official_genus_current_only,Random Forest,3,GCF_000017845.1,Crocosphaera,263510,1,0.3166763567641882,0
official_genus_current_only,Random Forest,3,GCF_000018105.1,Acaryochloris,155977,0,0.48278256774232003,0
official_genus_current_only,Random Forest,3,GCF_000020025.1,Nostoc,1177,1,0.9449796453546452,1
official_genus_current_only,Random Forest,3,GCF_000021805.1,Rippkaea,2546365,1,0.2777949662529182,0
official_genus_current_only,Random Forest,3,GCF_000312705.1,Anabaena,1163,1,0.922737274979922,1
official_genus_current_only,Random Forest,3,GCF_000316515.1,Cyanobium,167375,0,0.014038403798046883,0
official_genus_current_only,Random Forest,3,GCF_000316625.1,Nostoc,1177,1,0.9478063048063048,1
official_genus_current_only,Random Forest,3,GCF_000316645.1,Nostoc,1177,1,0.9464163059163059,1
official_genus_current_only,Random Forest,3,GCF_000317555.1,Gloeocapsa,102231,0,0.8432411338661339,1
official_genus_current_only,Random Forest,3,GCF_000317695.1,Anabaena,1163,1,0.9687619047619048,1
official_genus_current_only,Random Forest,3,GCF_001277295.1,Anabaena,1163,0,0.9379615800865801,1
official_genus_current_only,Random Forest,3,GCF_001548375.1,Nostoc,1177,1,0.9458380508380507,1
official_genus_current_only,Random Forest,3,GCF_002075285.3,Halomicronema,170610,0,0.4590175231463931,0
official_genus_current_only,Random Forest,3,GCF_002813575.1,Nostoc,1177,1,0.9301367521367522,1
official_genus_current_only,Random Forest,3,GCF_002896875.1,Nostoc,1177,1,0.9343414224664224,1
official_genus_current_only,Random Forest,3,GCF_002949735.1,Nostoc,1177,1,0.9475832778332779,1
official_genus_current_only,Random Forest,3,GCF_002949795.1,Nostoc,1177,1,0.906680042180042,1
official_genus_current_only,Random Forest,3,GCF_003054475.1,Nodularia,159191,1,0.9430057442557442,1
official_genus_current_only,Random Forest,3,GCF_003443655.1,Nostoc,1177,1,0.9459947968697966,1
official_genus_current_only,Random Forest,3,GCF_009372195.1,Nostoc,1177,1,0.9529717088467088,1
official_genus_current_only,Random Forest,3,GCF_009498015.1,Anabaena,1163,1,0.9743387723387723,1
official_genus_current_only,Random Forest,3,GCF_009873495.1,Nostoc,1177,1,0.9615034548784549,1
official_genus_current_only,Random Forest,3,GCF_013343235.1,Nostoc,1177,1,0.9635034548784549,1
official_genus_current_only,Random Forest,3,GCF_013393905.1,Nostoc,1177,1,0.9599058719058717,1
official_genus_current_only,Random Forest,3,GCF_013393925.1,Nostoc,1177,1,0.9615034548784549,1
official_genus_current_only,Random Forest,3,GCF_013393945.1,Nostoc,1177,1,0.9652613913863912,1
official_genus_current_only,Random Forest,3,GCF_014023275.1,Nostoc,1177,1,0.9766542485292484,1
official_genus_current_only,Random Forest,3,GCF_014280235.1,Cyanobium,167375,0,0.01348284824249133,0
official_genus_current_only,Random Forest,3,GCF_014489415.1,Cylindrospermopsis,244599,1,0.9245876484626485,1
official_genus_current_only,Random Forest,3,GCF_018336915.1,Acaryochloris,155977,0,0.4720325677423201,0
official_genus_current_only,Random Forest,3,GCF_019976755.1,Nostoc,1177,1,0.9817673437673435,1
official_genus_current_only,Random Forest,3,GCF_020091585.1,Kovacikia,1874526,0,0.6533514392384361,1
official_genus_current_only,Random Forest,3,GCF_021497025.1,Acaryochloris,155977,0,0.47880204826180056,0
official_genus_current_only,Random Forest,3,GCF_022063185.1,Nostoc,1177,1,0.9313924963924962,1
official_genus_current_only,Random Forest,3,GCF_022376295.1,Nodularia,159191,1,0.9360890775890774,1
official_genus_current_only,Random Forest,3,GCF_023734775.1,Nostoc,1177,1,0.8565732133363712,1
official_genus_current_only,Random Forest,3,GCF_024347835.1,Acaryochloris,155977,0,0.45546392585788864,0
official_genus_current_only,Random Forest,3,GCF_028623165.1,Nostoc,1177,1,0.8994817266067265,1
official_genus_current_only,Random Forest,3,GCF_032163395.1,Gloeocapsopsis,693222,0,0.7836064213564213,1
official_genus_current_only,Random Forest,3,GCF_038096175.1,Nostoc,1177,1,0.9551837051837052,1
official_genus_current_only,Random Forest,3,GCF_043099305.1,Chlorogloeopsis,1123,1,0.9828412698412698,1
official_genus_current_only,Random Forest,3,GCF_043099315.1,Chlorogloeopsis,1123,1,0.9660158730158729,1
official_genus_current_only,Random Forest,3,GCF_043099725.1,Nostoc,1177,1,0.9581701215451216,1
official_genus_current_only,Random Forest,3,GCF_043099735.1,Nostoc,1177,1,0.9453883755133755,1
official_genus_current_only,Random Forest,3,GCF_047275885.1,Anabaena,1163,1,0.9390628260628259,1
official_genus_current_only,Random Forest,3,GCF_048568235.1,Anabaena,1163,1,0.9703113553113552,1
official_genus_current_only,Random Forest,3,GCF_048568275.1,Anabaena,1163,1,0.9714224664224663,1
official_genus_current_only,Random Forest,3,GCF_049315035.1,Anabaena,1163,1,0.9374761904761906,1
official_genus_current_only,Random Forest,3,GCF_050235535.1,Aliinostoc,2035978,1,0.9391031746031746,1
official_genus_current_only,Random Forest,3,GCF_050563455.1,Crocosphaera,263510,1,0.2961536538796601,0
official_genus_current_only,Random Forest,3,GCF_050920705.1,Cyanobium,167375,0,0.005149514909157995,0
official_genus_current_only,Random Forest,3,GCF_052692655.1,Nostoc,1177,1,0.939287185037185,1
official_genus_current_only,Random Forest,3,GCF_052692665.1,Nostoc,1177,1,0.941665612165612,1
official_genus_current_only,Random Forest,3,GCF_900088535.1,Cyanobium,167375,0,0.010432798876652489,0
official_genus_current_only,Random Forest,3,GCF_963920485.1,Cyanobium,167375,0,0.015099465543319156,0
official_genus_current_only,Random Forest,3,GCF_977927515.1,Cyanobium,167375,0,0.014038403798046883,0
official_genus_current_only,Random Forest,3,GCF_977927535.1,Cyanobium,167375,0,0.0015439099877636003,0
official_genus_current_only,Random Forest,3,GCF_977927545.1,Cyanobium,167375,0,0.0015439099877636003,0
official_genus_current_only,Gradient Boosting,3,GCF_000009705.1,Nostoc,1177,1,0.9999646149064333,1
official_genus_current_only,Gradient Boosting,3,GCF_000017845.1,Crocosphaera,263510,1,0.0008945503023518923,0
official_genus_current_only,Gradient Boosting,3,GCF_000018105.1,Acaryochloris,155977,0,0.934841318051487,1
official_genus_current_only,Gradient Boosting,3,GCF_000020025.1,Nostoc,1177,1,0.9999649172153333,1
official_genus_current_only,Gradient Boosting,3,GCF_000021805.1,Rippkaea,2546365,1,0.0006760743169706616,0
official_genus_current_only,Gradient Boosting,3,GCF_000312705.1,Anabaena,1163,1,0.999964593411984,1
official_genus_current_only,Gradient Boosting,3,GCF_000316515.1,Cyanobium,167375,0,1.1123644827931436e-05,0
official_genus_current_only,Gradient Boosting,3,GCF_000316625.1,Nostoc,1177,1,0.9999645931636165,1
official_genus_current_only,Gradient Boosting,3,GCF_000316645.1,Nostoc,1177,1,0.9999645854971129,1
official_genus_current_only,Gradient Boosting,3,GCF_000317555.1,Gloeocapsa,102231,0,0.9999026105134171,1
official_genus_current_only,Gradient Boosting,3,GCF_000317695.1,Anabaena,1163,1,0.9999646963522729,1
official_genus_current_only,Gradient Boosting,3,GCF_001277295.1,Anabaena,1163,0,0.999964593411984,1
official_genus_current_only,Gradient Boosting,3,GCF_001548375.1,Nostoc,1177,1,0.9999645854971129,1
official_genus_current_only,Gradient Boosting,3,GCF_002075285.3,Halomicronema,170610,0,0.003951812743152842,0
official_genus_current_only,Gradient Boosting,3,GCF_002813575.1,Nostoc,1177,1,0.9999564871490058,1
official_genus_current_only,Gradient Boosting,3,GCF_002896875.1,Nostoc,1177,1,0.9999362760453415,1
official_genus_current_only,Gradient Boosting,3,GCF_002949735.1,Nostoc,1177,1,0.999964593411984,1
official_genus_current_only,Gradient Boosting,3,GCF_002949795.1,Nostoc,1177,1,0.999607833135484,1
official_genus_current_only,Gradient Boosting,3,GCF_003054475.1,Nodularia,159191,1,0.999947205029038,1
official_genus_current_only,Gradient Boosting,3,GCF_003443655.1,Nostoc,1177,1,0.9999645854971129,1
official_genus_current_only,Gradient Boosting,3,GCF_009372195.1,Nostoc,1177,1,0.9999646937378499,1
official_genus_current_only,Gradient Boosting,3,GCF_009498015.1,Anabaena,1163,1,0.9999645854971129,1
official_genus_current_only,Gradient Boosting,3,GCF_009873495.1,Nostoc,1177,1,0.9999471849148562,1
official_genus_current_only,Gradient Boosting,3,GCF_013343235.1,Nostoc,1177,1,0.9999645931636165,1
official_genus_current_only,Gradient Boosting,3,GCF_013393905.1,Nostoc,1177,1,0.9999645931636165,1
official_genus_current_only,Gradient Boosting,3,GCF_013393925.1,Nostoc,1177,1,0.9999645931636165,1
official_genus_current_only,Gradient Boosting,3,GCF_013393945.1,Nostoc,1177,1,0.9999645931636165,1
official_genus_current_only,Gradient Boosting,3,GCF_014023275.1,Nostoc,1177,1,0.9999645931636165,1
official_genus_current_only,Gradient Boosting,3,GCF_014280235.1,Cyanobium,167375,0,1.1123644827931436e-05,0
official_genus_current_only,Gradient Boosting,3,GCF_014489415.1,Cylindrospermopsis,244599,1,0.9999645931636165,1
official_genus_current_only,Gradient Boosting,3,GCF_018336915.1,Acaryochloris,155977,0,0.9353383210684476,1
official_genus_current_only,Gradient Boosting,3,GCF_019976755.1,Nostoc,1177,1,0.9999358651755543,1
official_genus_current_only,Gradient Boosting,3,GCF_020091585.1,Kovacikia,1874526,0,0.10438457502391776,0
official_genus_current_only,Gradient Boosting,3,GCF_021497025.1,Acaryochloris,155977,0,0.9351545216726401,1
official_genus_current_only,Gradient Boosting,3,GCF_022063185.1,Nostoc,1177,1,0.9994179381586724,1
official_genus_current_only,Gradient Boosting,3,GCF_022376295.1,Nodularia,159191,1,0.9999037966871845,1
official_genus_current_only,Gradient Boosting,3,GCF_023734775.1,Nostoc,1177,1,0.9997840798243632,1
official_genus_current_only,Gradient Boosting,3,GCF_024347835.1,Acaryochloris,155977,0,0.934841318051487,1
official_genus_current_only,Gradient Boosting,3,GCF_028623165.1,Nostoc,1177,1,0.9996804206912374,1
official_genus_current_only,Gradient Boosting,3,GCF_032163395.1,Gloeocapsopsis,693222,0,0.9997823248783924,1
official_genus_current_only,Gradient Boosting,3,GCF_038096175.1,Nostoc,1177,1,0.23613465655181984,0
official_genus_current_only,Gradient Boosting,3,GCF_043099305.1,Chlorogloeopsis,1123,1,0.9991295638681696,1
official_genus_current_only,Gradient Boosting,3,GCF_043099315.1,Chlorogloeopsis,1123,1,0.9991295638681696,1
official_genus_current_only,Gradient Boosting,3,GCF_043099725.1,Nostoc,1177,1,0.9999645931636165,1
official_genus_current_only,Gradient Boosting,3,GCF_043099735.1,Nostoc,1177,1,0.9999215372113832,1
official_genus_current_only,Gradient Boosting,3,GCF_047275885.1,Anabaena,1163,1,0.9998842371521756,1
official_genus_current_only,Gradient Boosting,3,GCF_048568235.1,Anabaena,1163,1,0.9999645931636165,1
official_genus_current_only,Gradient Boosting,3,GCF_048568275.1,Anabaena,1163,1,0.9999645931636165,1
official_genus_current_only,Gradient Boosting,3,GCF_049315035.1,Anabaena,1163,1,0.9999650270321788,1
official_genus_current_only,Gradient Boosting,3,GCF_050235535.1,Aliinostoc,2035978,1,0.9999645854971129,1
official_genus_current_only,Gradient Boosting,3,GCF_050563455.1,Crocosphaera,263510,1,0.998993292609091,1
official_genus_current_only,Gradient Boosting,3,GCF_050920705.1,Cyanobium,167375,0,1.1123644827931436e-05,0
official_genus_current_only,Gradient Boosting,3,GCF_052692655.1,Nostoc,1177,1,0.9999645931636165,1
official_genus_current_only,Gradient Boosting,3,GCF_052692665.1,Nostoc,1177,1,0.9999645931636165,1
official_genus_current_only,Gradient Boosting,3,GCF_900088535.1,Cyanobium,167375,0,1.1123644827931436e-05,0
official_genus_current_only,Gradient Boosting,3,GCF_963920485.1,Cyanobium,167375,0,2.0101651584416976e-05,0
official_genus_current_only,Gradient Boosting,3,GCF_977927515.1,Cyanobium,167375,0,1.1123644827931436e-05,0
official_genus_current_only,Gradient Boosting,3,GCF_977927535.1,Cyanobium,167375,0,1.1123644827931436e-05,0
official_genus_current_only,Gradient Boosting,3,GCF_977927545.1,Cyanobium,167375,0,1.1123644827931436e-05,0
official_genus_current_only,Logistic Regression,3,GCF_000009705.1,Nostoc,1177,1,0.9977080347680426,1
official_genus_current_only,Logistic Regression,3,GCF_000017845.1,Crocosphaera,263510,1,0.9935303820842281,1
official_genus_current_only,Logistic Regression,3,GCF_000018105.1,Acaryochloris,155977,0,0.9778956321131296,1
official_genus_current_only,Logistic Regression,3,GCF_000020025.1,Nostoc,1177,1,0.9999490139723874,1
official_genus_current_only,Logistic Regression,3,GCF_000021805.1,Rippkaea,2546365,1,0.48155644384129764,0
official_genus_current_only,Logistic Regression,3,GCF_000312705.1,Anabaena,1163,1,0.9985173061585778,1
official_genus_current_only,Logistic Regression,3,GCF_000316515.1,Cyanobium,167375,0,0.0005486266186839769,0
official_genus_current_only,Logistic Regression,3,GCF_000316625.1,Nostoc,1177,1,0.9956605689869906,1
official_genus_current_only,Logistic Regression,3,GCF_000316645.1,Nostoc,1177,1,0.9999232750363832,1
official_genus_current_only,Logistic Regression,3,GCF_000317555.1,Gloeocapsa,102231,0,0.9983155041328662,1
official_genus_current_only,Logistic Regression,3,GCF_000317695.1,Anabaena,1163,1,0.9999833105315259,1
official_genus_current_only,Logistic Regression,3,GCF_001277295.1,Anabaena,1163,0,0.9966964928407938,1
official_genus_current_only,Logistic Regression,3,GCF_001548375.1,Nostoc,1177,1,0.9857594778815272,1
official_genus_current_only,Logistic Regression,3,GCF_002075285.3,Halomicronema,170610,0,0.8086242859746293,1
official_genus_current_only,Logistic Regression,3,GCF_002813575.1,Nostoc,1177,1,0.999931979703848,1
official_genus_current_only,Logistic Regression,3,GCF_002896875.1,Nostoc,1177,1,0.9999848729128923,1
official_genus_current_only,Logistic Regression,3,GCF_002949735.1,Nostoc,1177,1,0.9910325249262659,1
official_genus_current_only,Logistic Regression,3,GCF_002949795.1,Nostoc,1177,1,0.9987705845092779,1
official_genus_current_only,Logistic Regression,3,GCF_003054475.1,Nodularia,159191,1,0.9899520906940076,1
official_genus_current_only,Logistic Regression,3,GCF_003443655.1,Nostoc,1177,1,0.9999688017648016,1
official_genus_current_only,Logistic Regression,3,GCF_009372195.1,Nostoc,1177,1,0.999998922815477,1
official_genus_current_only,Logistic Regression,3,GCF_009498015.1,Anabaena,1163,1,0.9999853801100327,1
official_genus_current_only,Logistic Regression,3,GCF_009873495.1,Nostoc,1177,1,0.9999450622619626,1
official_genus_current_only,Logistic Regression,3,GCF_013343235.1,Nostoc,1177,1,0.999929798908643,1
official_genus_current_only,Logistic Regression,3,GCF_013393905.1,Nostoc,1177,1,0.9757015377157657,1
official_genus_current_only,Logistic Regression,3,GCF_013393925.1,Nostoc,1177,1,0.9998781120389401,1
official_genus_current_only,Logistic Regression,3,GCF_013393945.1,Nostoc,1177,1,0.9850537528133125,1
official_genus_current_only,Logistic Regression,3,GCF_014023275.1,Nostoc,1177,1,0.9999751785924238,1
official_genus_current_only,Logistic Regression,3,GCF_014280235.1,Cyanobium,167375,0,0.0007404809454423847,0
official_genus_current_only,Logistic Regression,3,GCF_014489415.1,Cylindrospermopsis,244599,1,0.9999054274056312,1
official_genus_current_only,Logistic Regression,3,GCF_018336915.1,Acaryochloris,155977,0,0.9782672570254012,1
official_genus_current_only,Logistic Regression,3,GCF_019976755.1,Nostoc,1177,1,0.9994854626048425,1
official_genus_current_only,Logistic Regression,3,GCF_020091585.1,Kovacikia,1874526,0,0.9962985769449153,1
official_genus_current_only,Logistic Regression,3,GCF_021497025.1,Acaryochloris,155977,0,0.9756248708771393,1
official_genus_current_only,Logistic Regression,3,GCF_022063185.1,Nostoc,1177,1,0.9999843124014071,1
official_genus_current_only,Logistic Regression,3,GCF_022376295.1,Nodularia,159191,1,0.99755413175304,1
official_genus_current_only,Logistic Regression,3,GCF_023734775.1,Nostoc,1177,1,0.9985904854705379,1
official_genus_current_only,Logistic Regression,3,GCF_024347835.1,Acaryochloris,155977,0,0.9594545398244055,1
official_genus_current_only,Logistic Regression,3,GCF_028623165.1,Nostoc,1177,1,0.9380299101962305,1
official_genus_current_only,Logistic Regression,3,GCF_032163395.1,Gloeocapsopsis,693222,0,0.9469278127882349,1
official_genus_current_only,Logistic Regression,3,GCF_038096175.1,Nostoc,1177,1,0.998072036759165,1
official_genus_current_only,Logistic Regression,3,GCF_043099305.1,Chlorogloeopsis,1123,1,0.9973352097118996,1
official_genus_current_only,Logistic Regression,3,GCF_043099315.1,Chlorogloeopsis,1123,1,0.9971962338927732,1
official_genus_current_only,Logistic Regression,3,GCF_043099725.1,Nostoc,1177,1,0.999941456495965,1
official_genus_current_only,Logistic Regression,3,GCF_043099735.1,Nostoc,1177,1,0.9996358547058366,1
official_genus_current_only,Logistic Regression,3,GCF_047275885.1,Anabaena,1163,1,0.9998515383227564,1
official_genus_current_only,Logistic Regression,3,GCF_048568235.1,Anabaena,1163,1,0.9983996927681106,1
official_genus_current_only,Logistic Regression,3,GCF_048568275.1,Anabaena,1163,1,0.9989119089320223,1
official_genus_current_only,Logistic Regression,3,GCF_049315035.1,Anabaena,1163,1,0.9999884975491506,1
official_genus_current_only,Logistic Regression,3,GCF_050235535.1,Aliinostoc,2035978,1,0.9928151778319612,1
official_genus_current_only,Logistic Regression,3,GCF_050563455.1,Crocosphaera,263510,1,0.9762177729354755,1
official_genus_current_only,Logistic Regression,3,GCF_050920705.1,Cyanobium,167375,0,0.0005865642095537615,0
official_genus_current_only,Logistic Regression,3,GCF_052692655.1,Nostoc,1177,1,0.995276057611126,1
official_genus_current_only,Logistic Regression,3,GCF_052692665.1,Nostoc,1177,1,0.9994678993318615,1
official_genus_current_only,Logistic Regression,3,GCF_900088535.1,Cyanobium,167375,0,0.0003374677505446506,0
official_genus_current_only,Logistic Regression,3,GCF_963920485.1,Cyanobium,167375,0,0.002319053631937192,0
official_genus_current_only,Logistic Regression,3,GCF_977927515.1,Cyanobium,167375,0,0.0006941533769040162,0
official_genus_current_only,Logistic Regression,3,GCF_977927535.1,Cyanobium,167375,0,0.00040317195094330416,0
official_genus_current_only,Logistic Regression,3,GCF_977927545.1,Cyanobium,167375,0,0.000482449296204877,0
official_genus_current_only,XGBoost,3,GCF_000009705.1,Nostoc,1177,1,0.9974212646484375,1
official_genus_current_only,XGBoost,3,GCF_000017845.1,Crocosphaera,263510,1,0.6518056392669678,1
official_genus_current_only,XGBoost,3,GCF_000018105.1,Acaryochloris,155977,0,0.9824216961860657,1
official_genus_current_only,XGBoost,3,GCF_000020025.1,Nostoc,1177,1,0.9989498257637024,1
official_genus_current_only,XGBoost,3,GCF_000021805.1,Rippkaea,2546365,1,0.2673611044883728,0
official_genus_current_only,XGBoost,3,GCF_000312705.1,Anabaena,1163,1,0.9960350394248962,1
official_genus_current_only,XGBoost,3,GCF_000316515.1,Cyanobium,167375,0,0.0007812734111212194,0
official_genus_current_only,XGBoost,3,GCF_000316625.1,Nostoc,1177,1,0.9958361387252808,1
official_genus_current_only,XGBoost,3,GCF_000316645.1,Nostoc,1177,1,0.9977339506149292,1
official_genus_current_only,XGBoost,3,GCF_000317555.1,Gloeocapsa,102231,0,0.9742776155471802,1
official_genus_current_only,XGBoost,3,GCF_000317695.1,Anabaena,1163,1,0.9991068243980408,1
official_genus_current_only,XGBoost,3,GCF_001277295.1,Anabaena,1163,0,0.9970946311950684,1
official_genus_current_only,XGBoost,3,GCF_001548375.1,Nostoc,1177,1,0.9919954538345337,1
official_genus_current_only,XGBoost,3,GCF_002075285.3,Halomicronema,170610,0,0.5177325010299683,1
official_genus_current_only,XGBoost,3,GCF_002813575.1,Nostoc,1177,1,0.9983282685279846,1
official_genus_current_only,XGBoost,3,GCF_002896875.1,Nostoc,1177,1,0.9977376461029053,1
official_genus_current_only,XGBoost,3,GCF_002949735.1,Nostoc,1177,1,0.9967178702354431,1
official_genus_current_only,XGBoost,3,GCF_002949795.1,Nostoc,1177,1,0.9906556010246277,1
official_genus_current_only,XGBoost,3,GCF_003054475.1,Nodularia,159191,1,0.993817150592804,1
official_genus_current_only,XGBoost,3,GCF_003443655.1,Nostoc,1177,1,0.9990280866622925,1
official_genus_current_only,XGBoost,3,GCF_009372195.1,Nostoc,1177,1,0.9985476136207581,1
official_genus_current_only,XGBoost,3,GCF_009498015.1,Anabaena,1163,1,0.9961950778961182,1
official_genus_current_only,XGBoost,3,GCF_009873495.1,Nostoc,1177,1,0.998819887638092,1
official_genus_current_only,XGBoost,3,GCF_013343235.1,Nostoc,1177,1,0.997725784778595,1
official_genus_current_only,XGBoost,3,GCF_013393905.1,Nostoc,1177,1,0.9962055683135986,1
official_genus_current_only,XGBoost,3,GCF_013393925.1,Nostoc,1177,1,0.9987251162528992,1
official_genus_current_only,XGBoost,3,GCF_013393945.1,Nostoc,1177,1,0.9951909780502319,1
official_genus_current_only,XGBoost,3,GCF_014023275.1,Nostoc,1177,1,0.9992231130599976,1
official_genus_current_only,XGBoost,3,GCF_014280235.1,Cyanobium,167375,0,0.0010606549913063645,0
official_genus_current_only,XGBoost,3,GCF_014489415.1,Cylindrospermopsis,244599,1,0.99610835313797,1
official_genus_current_only,XGBoost,3,GCF_018336915.1,Acaryochloris,155977,0,0.9809524416923523,1
official_genus_current_only,XGBoost,3,GCF_019976755.1,Nostoc,1177,1,0.9928804039955139,1
official_genus_current_only,XGBoost,3,GCF_020091585.1,Kovacikia,1874526,0,0.9523700475692749,1
official_genus_current_only,XGBoost,3,GCF_021497025.1,Acaryochloris,155977,0,0.979375958442688,1
official_genus_current_only,XGBoost,3,GCF_022063185.1,Nostoc,1177,1,0.996759831905365,1
official_genus_current_only,XGBoost,3,GCF_022376295.1,Nodularia,159191,1,0.993602454662323,1
official_genus_current_only,XGBoost,3,GCF_023734775.1,Nostoc,1177,1,0.9923316240310669,1
official_genus_current_only,XGBoost,3,GCF_024347835.1,Acaryochloris,155977,0,0.9833230376243591,1
official_genus_current_only,XGBoost,3,GCF_028623165.1,Nostoc,1177,1,0.996195912361145,1
official_genus_current_only,XGBoost,3,GCF_032163395.1,Gloeocapsopsis,693222,0,0.8814565539360046,1
official_genus_current_only,XGBoost,3,GCF_038096175.1,Nostoc,1177,1,0.9966811537742615,1
official_genus_current_only,XGBoost,3,GCF_043099305.1,Chlorogloeopsis,1123,1,0.9937248826026917,1
official_genus_current_only,XGBoost,3,GCF_043099315.1,Chlorogloeopsis,1123,1,0.9947859644889832,1
official_genus_current_only,XGBoost,3,GCF_043099725.1,Nostoc,1177,1,0.9988127946853638,1
official_genus_current_only,XGBoost,3,GCF_043099735.1,Nostoc,1177,1,0.9977136850357056,1
official_genus_current_only,XGBoost,3,GCF_047275885.1,Anabaena,1163,1,0.9938209652900696,1
official_genus_current_only,XGBoost,3,GCF_048568235.1,Anabaena,1163,1,0.9972448348999023,1
official_genus_current_only,XGBoost,3,GCF_048568275.1,Anabaena,1163,1,0.9968300461769104,1
official_genus_current_only,XGBoost,3,GCF_049315035.1,Anabaena,1163,1,0.9992837309837341,1
official_genus_current_only,XGBoost,3,GCF_050235535.1,Aliinostoc,2035978,1,0.9940484762191772,1
official_genus_current_only,XGBoost,3,GCF_050563455.1,Crocosphaera,263510,1,0.45758646726608276,0
official_genus_current_only,XGBoost,3,GCF_050920705.1,Cyanobium,167375,0,0.0009507902432233095,0
official_genus_current_only,XGBoost,3,GCF_052692655.1,Nostoc,1177,1,0.9978041052818298,1
official_genus_current_only,XGBoost,3,GCF_052692665.1,Nostoc,1177,1,0.998299777507782,1
official_genus_current_only,XGBoost,3,GCF_900088535.1,Cyanobium,167375,0,0.0008265540818683803,0
official_genus_current_only,XGBoost,3,GCF_963920485.1,Cyanobium,167375,0,0.002943855244666338,0
official_genus_current_only,XGBoost,3,GCF_977927515.1,Cyanobium,167375,0,0.0009872617665678263,0
official_genus_current_only,XGBoost,3,GCF_977927535.1,Cyanobium,167375,0,0.0007960147340781987,0
official_genus_current_only,XGBoost,3,GCF_977927545.1,Cyanobium,167375,0,0.0007960147340781987,0
official_genus_current_only,assembly_length_only_LR,3,GCF_000009705.1,Nostoc,1177,1,0.6982501486326761,1
official_genus_current_only,assembly_length_only_LR,3,GCF_000017845.1,Crocosphaera,263510,1,0.345697563609097,0
official_genus_current_only,assembly_length_only_LR,3,GCF_000018105.1,Acaryochloris,155977,0,0.8591957437818506,1
official_genus_current_only,assembly_length_only_LR,3,GCF_000020025.1,Nostoc,1177,1,0.9165915919427607,1
official_genus_current_only,assembly_length_only_LR,3,GCF_000021805.1,Rippkaea,2546365,1,0.2305361764526717,0
official_genus_current_only,assembly_length_only_LR,3,GCF_000312705.1,Anabaena,1163,1,0.3168107674655302,0
official_genus_current_only,assembly_length_only_LR,3,GCF_000316515.1,Cyanobium,167375,0,0.08134970163613013,0
official_genus_current_only,assembly_length_only_LR,3,GCF_000316625.1,Nostoc,1177,1,0.523783963674193,1
official_genus_current_only,assembly_length_only_LR,3,GCF_000316645.1,Nostoc,1177,1,0.6042712900402475,1
official_genus_current_only,assembly_length_only_LR,3,GCF_000317555.1,Gloeocapsa,102231,0,0.43000090522372736,0
official_genus_current_only,assembly_length_only_LR,3,GCF_000317695.1,Anabaena,1163,1,0.6712279277349021,1
official_genus_current_only,assembly_length_only_LR,3,GCF_001277295.1,Anabaena,1163,0,0.4093269063751822,0
official_genus_current_only,assembly_length_only_LR,3,GCF_001548375.1,Nostoc,1177,1,0.6569864891671267,1
official_genus_current_only,assembly_length_only_LR,3,GCF_002075285.3,Halomicronema,170610,0,0.3684334160335811,0
official_genus_current_only,assembly_length_only_LR,3,GCF_002813575.1,Nostoc,1177,1,0.9672422184229131,1
official_genus_current_only,assembly_length_only_LR,3,GCF_002896875.1,Nostoc,1177,1,0.6975124311986949,1
official_genus_current_only,assembly_length_only_LR,3,GCF_002949735.1,Nostoc,1177,1,0.9056358740343825,1
official_genus_current_only,assembly_length_only_LR,3,GCF_002949795.1,Nostoc,1177,1,0.7205161197329837,1
official_genus_current_only,assembly_length_only_LR,3,GCF_003054475.1,Nodularia,159191,1,0.3317651824163267,0
official_genus_current_only,assembly_length_only_LR,3,GCF_003443655.1,Nostoc,1177,1,0.5973179297979122,1
official_genus_current_only,assembly_length_only_LR,3,GCF_009372195.1,Nostoc,1177,1,0.9417212612268102,1
official_genus_current_only,assembly_length_only_LR,3,GCF_009498015.1,Anabaena,1163,1,0.6618404807261115,1
official_genus_current_only,assembly_length_only_LR,3,GCF_009873495.1,Nostoc,1177,1,0.8864501847118544,1
official_genus_current_only,assembly_length_only_LR,3,GCF_013343235.1,Nostoc,1177,1,0.8035450317808351,1
official_genus_current_only,assembly_length_only_LR,3,GCF_013393905.1,Nostoc,1177,1,0.9564353581888494,1
official_genus_current_only,assembly_length_only_LR,3,GCF_013393925.1,Nostoc,1177,1,0.9272172539130062,1
official_genus_current_only,assembly_length_only_LR,3,GCF_013393945.1,Nostoc,1177,1,0.7285555646601599,1
official_genus_current_only,assembly_length_only_LR,3,GCF_014023275.1,Nostoc,1177,1,0.8545121894489067,1
official_genus_current_only,assembly_length_only_LR,3,GCF_014280235.1,Cyanobium,167375,0,0.050916560305942896,0
official_genus_current_only,assembly_length_only_LR,3,GCF_014489415.1,Cylindrospermopsis,244599,1,0.1392766261056628,0
official_genus_current_only,assembly_length_only_LR,3,GCF_018336915.1,Acaryochloris,155977,0,0.6803709277377418,1
official_genus_current_only,assembly_length_only_LR,3,GCF_019976755.1,Nostoc,1177,1,0.8053890247655924,1
official_genus_current_only,assembly_length_only_LR,3,GCF_020091585.1,Kovacikia,1874526,0,0.8786381288041685,1
official_genus_current_only,assembly_length_only_LR,3,GCF_021497025.1,Acaryochloris,155977,0,0.7058200959323883,1
official_genus_current_only,assembly_length_only_LR,3,GCF_022063185.1,Nostoc,1177,1,0.6911770331831129,1
official_genus_current_only,assembly_length_only_LR,3,GCF_022376295.1,Nodularia,159191,1,0.3440389790478868,0
official_genus_current_only,assembly_length_only_LR,3,GCF_023734775.1,Nostoc,1177,1,0.7319751428200943,1
official_genus_current_only,assembly_length_only_LR,3,GCF_024347835.1,Acaryochloris,155977,0,0.7696987664475652,1
official_genus_current_only,assembly_length_only_LR,3,GCF_028623165.1,Nostoc,1177,1,0.8542859008645672,1
official_genus_current_only,assembly_length_only_LR,3,GCF_032163395.1,Gloeocapsopsis,693222,0,0.37643344828512976,0
official_genus_current_only,assembly_length_only_LR,3,GCF_038096175.1,Nostoc,1177,1,0.9449071678694975,1
official_genus_current_only,assembly_length_only_LR,3,GCF_043099305.1,Chlorogloeopsis,1123,1,0.7819209348221446,1
official_genus_current_only,assembly_length_only_LR,3,GCF_043099315.1,Chlorogloeopsis,1123,1,0.7986033568843239,1
official_genus_current_only,assembly_length_only_LR,3,GCF_043099725.1,Nostoc,1177,1,0.8596442477856291,1
official_genus_current_only,assembly_length_only_LR,3,GCF_043099735.1,Nostoc,1177,1,0.8678891353589698,1
official_genus_current_only,assembly_length_only_LR,3,GCF_047275885.1,Anabaena,1163,1,0.5547831872112603,1
official_genus_current_only,assembly_length_only_LR,3,GCF_048568235.1,Anabaena,1163,1,0.6987523982467989,1
official_genus_current_only,assembly_length_only_LR,3,GCF_048568275.1,Anabaena,1163,1,0.6920968230398455,1
official_genus_current_only,assembly_length_only_LR,3,GCF_049315035.1,Anabaena,1163,1,0.6674891939400549,1
official_genus_current_only,assembly_length_only_LR,3,GCF_050235535.1,Aliinostoc,2035978,1,0.6833056910509128,1
official_genus_current_only,assembly_length_only_LR,3,GCF_050563455.1,Crocosphaera,263510,1,0.5140386015809932,1
official_genus_current_only,assembly_length_only_LR,3,GCF_050920705.1,Cyanobium,167375,0,0.06593697175482707,0
official_genus_current_only,assembly_length_only_LR,3,GCF_052692655.1,Nostoc,1177,1,0.8703810080297978,1
official_genus_current_only,assembly_length_only_LR,3,GCF_052692665.1,Nostoc,1177,1,0.8886856105299147,1
official_genus_current_only,assembly_length_only_LR,3,GCF_900088535.1,Cyanobium,167375,0,0.06328691430234763,0
official_genus_current_only,assembly_length_only_LR,3,GCF_963920485.1,Cyanobium,167375,0,0.04731788257286683,0
official_genus_current_only,assembly_length_only_LR,3,GCF_977927515.1,Cyanobium,167375,0,0.0713630553375575,0
official_genus_current_only,assembly_length_only_LR,3,GCF_977927535.1,Cyanobium,167375,0,0.05930864315420431,0
official_genus_current_only,assembly_length_only_LR,3,GCF_977927545.1,Cyanobium,167375,0,0.0670592668255113,0
official_genus_current_only,retained_family_count_only_LR,3,GCF_000009705.1,Nostoc,1177,1,0.8969634953800724,1
official_genus_current_only,retained_family_count_only_LR,3,GCF_000017845.1,Crocosphaera,263510,1,0.12137981971334845,0
official_genus_current_only,retained_family_count_only_LR,3,GCF_000018105.1,Acaryochloris,155977,0,0.09191454973106915,0
official_genus_current_only,retained_family_count_only_LR,3,GCF_000020025.1,Nostoc,1177,1,0.9009475918116351,1
official_genus_current_only,retained_family_count_only_LR,3,GCF_000021805.1,Rippkaea,2546365,1,0.13059779252493364,0
official_genus_current_only,retained_family_count_only_LR,3,GCF_000312705.1,Anabaena,1163,1,0.6494567380107155,1
official_genus_current_only,retained_family_count_only_LR,3,GCF_000316515.1,Cyanobium,167375,0,0.15184297885315529,0
official_genus_current_only,retained_family_count_only_LR,3,GCF_000316625.1,Nostoc,1177,1,0.8901379347918102,1
official_genus_current_only,retained_family_count_only_LR,3,GCF_000316645.1,Nostoc,1177,1,0.8905273083457146,1
official_genus_current_only,retained_family_count_only_LR,3,GCF_000317555.1,Gloeocapsa,102231,0,0.2771701113357474,0
official_genus_current_only,retained_family_count_only_LR,3,GCF_000317695.1,Anabaena,1163,1,0.803802396871939,1
official_genus_current_only,retained_family_count_only_LR,3,GCF_001277295.1,Anabaena,1163,0,0.6665052626134047,1
official_genus_current_only,retained_family_count_only_LR,3,GCF_001548375.1,Nostoc,1177,1,0.8969634953800724,1
official_genus_current_only,retained_family_count_only_LR,3,GCF_002075285.3,Halomicronema,170610,0,0.09738061528046833,0
official_genus_current_only,retained_family_count_only_LR,3,GCF_002813575.1,Nostoc,1177,1,0.9009475918116351,1
official_genus_current_only,retained_family_count_only_LR,3,GCF_002896875.1,Nostoc,1177,1,0.8849647245712113,1
official_genus_current_only,retained_family_count_only_LR,3,GCF_002949735.1,Nostoc,1177,1,0.8962240470012991,1
official_genus_current_only,retained_family_count_only_LR,3,GCF_002949795.1,Nostoc,1177,1,0.8916881738769918,1
official_genus_current_only,retained_family_count_only_LR,3,GCF_003054475.1,Nodularia,159191,1,0.8277471827237534,1
official_genus_current_only,retained_family_count_only_LR,3,GCF_003443655.1,Nostoc,1177,1,0.8954799102933991,1
official_genus_current_only,retained_family_count_only_LR,3,GCF_009372195.1,Nostoc,1177,1,0.9058195664906221,1
official_genus_current_only,retained_family_count_only_LR,3,GCF_009498015.1,Anabaena,1163,1,0.904449913023923,1
official_genus_current_only,retained_family_count_only_LR,3,GCF_009873495.1,Nostoc,1177,1,0.9091669907482812,1
official_genus_current_only,retained_family_count_only_LR,3,GCF_013343235.1,Nostoc,1177,1,0.9058195664906221,1
official_genus_current_only,retained_family_count_only_LR,3,GCF_013393905.1,Nostoc,1177,1,0.9030624724955247,1
official_genus_current_only,retained_family_count_only_LR,3,GCF_013393925.1,Nostoc,1177,1,0.9081741681735949,1
official_genus_current_only,retained_family_count_only_LR,3,GCF_013393945.1,Nostoc,1177,1,0.8861770372354715,1
official_genus_current_only,retained_family_count_only_LR,3,GCF_014023275.1,Nostoc,1177,1,0.9111236899956132,1
official_genus_current_only,retained_family_count_only_LR,3,GCF_014280235.1,Cyanobium,167375,0,0.15864068879069823,0
official_genus_current_only,retained_family_count_only_LR,3,GCF_014489415.1,Cylindrospermopsis,244599,1,0.42542308474043516,0
official_genus_current_only,retained_family_count_only_LR,3,GCF_018336915.1,Acaryochloris,155977,0,0.09224794148319045,0
official_genus_current_only,retained_family_count_only_LR,3,GCF_019976755.1,Nostoc,1177,1,0.8969634953800724,1
official_genus_current_only,retained_family_count_only_LR,3,GCF_020091585.1,Kovacikia,1874526,0,0.14677816966571477,0
official_genus_current_only,retained_family_count_only_LR,3,GCF_021497025.1,Acaryochloris,155977,0,0.09125101361585995,0
official_genus_current_only,retained_family_count_only_LR,3,GCF_022063185.1,Nostoc,1177,1,0.8816768626327602,1
official_genus_current_only,retained_family_count_only_LR,3,GCF_022376295.1,Nodularia,159191,1,0.8382837458438746,1
official_genus_current_only,retained_family_count_only_LR,3,GCF_023734775.1,Nostoc,1177,1,0.8225695005287551,1
official_genus_current_only,retained_family_count_only_LR,3,GCF_024347835.1,Acaryochloris,155977,0,0.09191454973106915,0
official_genus_current_only,retained_family_count_only_LR,3,GCF_028623165.1,Nostoc,1177,1,0.8873781997048041,1
official_genus_current_only,retained_family_count_only_LR,3,GCF_032163395.1,Gloeocapsopsis,693222,0,0.2779697708739185,0
official_genus_current_only,retained_family_count_only_LR,3,GCF_038096175.1,Nostoc,1177,1,0.902010117798605,1
official_genus_current_only,retained_family_count_only_LR,3,GCF_043099305.1,Chlorogloeopsis,1123,1,0.7486084473574748,1
official_genus_current_only,retained_family_count_only_LR,3,GCF_043099315.1,Chlorogloeopsis,1123,1,0.7387269887748733,1
official_genus_current_only,retained_family_count_only_LR,3,GCF_043099725.1,Nostoc,1177,1,0.9091669907482812,1
official_genus_current_only,retained_family_count_only_LR,3,GCF_043099735.1,Nostoc,1177,1,0.8954799102933991,1
official_genus_current_only,retained_family_count_only_LR,3,GCF_047275885.1,Anabaena,1163,1,0.7718549590912714,1
official_genus_current_only,retained_family_count_only_LR,3,GCF_048568235.1,Anabaena,1163,1,0.8984284106673718,1
official_genus_current_only,retained_family_count_only_LR,3,GCF_048568275.1,Anabaena,1163,1,0.8962240470012991,1
official_genus_current_only,retained_family_count_only_LR,3,GCF_049315035.1,Anabaena,1163,1,0.7941972414681899,1
official_genus_current_only,retained_family_count_only_LR,3,GCF_050235535.1,Aliinostoc,2035978,1,0.8873781997048041,1
official_genus_current_only,retained_family_count_only_LR,3,GCF_050563455.1,Crocosphaera,263510,1,0.11433345988617745,0
official_genus_current_only,retained_family_count_only_LR,3,GCF_050920705.1,Cyanobium,167375,0,0.14040394063072653,0
official_genus_current_only,retained_family_count_only_LR,3,GCF_052692655.1,Nostoc,1177,1,0.9013029016707997,1
official_genus_current_only,retained_family_count_only_LR,3,GCF_052692665.1,Nostoc,1177,1,0.8962240470012991,1
official_genus_current_only,retained_family_count_only_LR,3,GCF_900088535.1,Cyanobium,167375,0,0.15864068879069823,0
official_genus_current_only,retained_family_count_only_LR,3,GCF_963920485.1,Cyanobium,167375,0,0.16078138573709866,0
official_genus_current_only,retained_family_count_only_LR,3,GCF_977927515.1,Cyanobium,167375,0,0.15133011161303436,0
official_genus_current_only,retained_family_count_only_LR,3,GCF_977927535.1,Cyanobium,167375,0,0.14136929299430506,0
official_genus_current_only,retained_family_count_only_LR,3,GCF_977927545.1,Cyanobium,167375,0,0.14088592557893342,0
official_genus_current_only,Random Forest,4,GCF_000010065.1,Synechococcus,1129,0,0.25576268308323824,0
official_genus_current_only,Random Forest,4,GCF_000010625.1,Microcystis,1125,0,0.6096263029529031,1
official_genus_current_only,Random Forest,4,GCF_000011345.1,Thermosynechococcus,146785,0,0.28523531312204475,0
official_genus_current_only,Random Forest,4,GCF_000012505.1,Synechococcus,1129,0,0.012949661137863387,0
official_genus_current_only,Random Forest,4,GCF_000012525.1,Synechococcus,1129,0,0.26020712752768266,0
official_genus_current_only,Random Forest,4,GCF_000012625.1,Synechococcus,1129,0,0.0013623595505617978,0
official_genus_current_only,Random Forest,4,GCF_000013205.1,Synechococcus,1129,1,0.1144667551549574,0
official_genus_current_only,Random Forest,4,GCF_000013225.1,Synechococcus,1129,1,0.11003452072272296,0
official_genus_current_only,Random Forest,4,GCF_000014585.1,Synechococcus,1129,0,0.0058068039950062425,0
official_genus_current_only,Random Forest,4,GCF_000161795.2,Synechococcus,1129,0,0.0013623595505617978,0
official_genus_current_only,Random Forest,4,GCF_000179235.2,Synechococcus,1129,0,0.0013623595505617978,0
official_genus_current_only,Random Forest,4,GCF_000196515.1,'Nostoc,264688,1,0.8851079198579197,1
official_genus_current_only,Random Forest,4,GCF_000204075.1,Trichormus,264688,1,0.9709217449217449,1
official_genus_current_only,Random Forest,4,GCF_000316685.1,Synechococcus,1129,0,0.38065488891662064,0
official_genus_current_only,Random Forest,4,GCF_000317085.1,Synechococcus,3687896,0,0.24274648930969153,0
official_genus_current_only,Random Forest,4,GCF_000317105.1,Oxynema,1492710,0,0.5639601558572148,1
official_genus_current_only,Random Forest,4,GCF_000317125.1,Chroococcidiopsis,54298,1,0.6438649406149404,1
official_genus_current_only,Random Forest,4,GCF_000317675.1,Cyanobacterium,102234,0,0.2974040663584781,0
official_genus_current_only,Random Forest,4,GCF_000737535.1,Synechococcus,1129,0,0.0013623595505617978,0
official_genus_current_only,Random Forest,4,GCF_000737575.1,Synechococcus,1129,0,0.0013623595505617978,0
official_genus_current_only,Random Forest,4,GCF_000737595.1,Synechococcus,1129,0,0.0013623595505617978,0
official_genus_current_only,Random Forest,4,GCF_000817325.1,Synechococcus,1129,0,0.25576268308323824,0
official_genus_current_only,Random Forest,4,GCF_000981785.2,Microcystis,1125,0,0.5904819116716697,1
official_genus_current_only,Random Forest,4,GCF_001264245.1,Microcystis,1125,0,0.5689628849994174,1
official_genus_current_only,Random Forest,4,GCF_001704955.2,Microcystis,1125,0,0.5955612767510348,1
official_genus_current_only,Random Forest,4,GCF_001747005.2,Cyanobacterium,102234,0,0.31715544586132816,0
official_genus_current_only,Random Forest,4,GCF_001767235.1,Moorena,1155738,0,0.5779853757353758,1
official_genus_current_only,Random Forest,4,GCF_001885215.1,Synechococcus,1129,0,0.0058068039950062425,0
official_genus_current_only,Random Forest,4,GCF_002095975.1,Microcystis,1125,0,0.5963899924797506,1
official_genus_current_only,Random Forest,4,GCF_002813895.1,Cyanobacterium,102234,0,0.3155582763641587,0
official_genus_current_only,Random Forest,4,GCF_003019735.1,Microcystis,1125,0,0.6151761054895477,1
official_genus_current_only,Random Forest,4,GCF_003367075.2,Cylindrospermopsis,77021,1,0.7736937438378614,1
official_genus_current_only,Random Forest,4,GCF_003555505.1,Thermosynechococcus,146785,0,0.2950192236559553,0
official_genus_current_only,Random Forest,4,GCF_003846445.2,Synechococcus,1129,0,0.25576268308323824,0
official_genus_current_only,Random Forest,4,GCF_003945305.1,Microcystis,1125,0,0.6096263029529031,1
official_genus_current_only,Random Forest,4,GCF_003957805.1,Synechococcus,1129,0,0.25576268308323824,0
official_genus_current_only,Random Forest,4,GCF_004209775.1,Synechococcus,1129,0,0.0013623595505617978,0
official_genus_current_only,Random Forest,4,GCF_008386235.1,Thermosynechococcus,146785,0,0.3103038556905873,0
official_genus_current_only,Random Forest,4,GCF_008807075.1,Synechococcus,1129,0,0.0013623595505617978,0
official_genus_current_only,Random Forest,4,GCF_009498715.2,Synechococcus,1129,0,0.25576268308323824,0
official_genus_current_only,Random Forest,4,GCF_009792235.1,Microcystis,1125,0,0.625315662715947,1
official_genus_current_only,Random Forest,4,GCF_009856605.1,Trichormus,264688,1,0.9709217449217449,1
official_genus_current_only,Random Forest,4,GCF_010196425.1,Microcystis,1125,0,0.6045970631868213,1
official_genus_current_only,Random Forest,4,GCF_012295525.1,Oxynema,1492710,0,0.4393563286988209,0
official_genus_current_only,Random Forest,4,GCF_012516315.1,Limnospira,2596745,0,0.4046058283821442,0
official_genus_current_only,Random Forest,4,GCF_014217875.1,Synechococcus,1129,0,0.0013623595505617978,0
official_genus_current_only,Random Forest,4,GCF_014279535.1,Synechococcus,1129,0,0.0013623595505617978,0
official_genus_current_only,Random Forest,4,GCF_014279555.1,Synechococcus,1129,0,0.0058068039950062425,0
official_genus_current_only,Random Forest,4,GCF_014279595.1,Synechococcus,1129,0,0.0013623595505617978,0
official_genus_current_only,Random Forest,4,GCF_014279615.1,Synechococcus,1129,0,0.0013623595505617978,0
official_genus_current_only,Random Forest,4,GCF_014279635.1,Synechococcus,1129,0,0.0013623595505617978,0
official_genus_current_only,Random Forest,4,GCF_014279655.1,Synechococcus,1129,0,0.0058068039950062425,0
official_genus_current_only,Random Forest,4,GCF_014279755.1,Synechococcus,1129,0,0.0013623595505617978,0
official_genus_current_only,Random Forest,4,GCF_014279775.1,Synechococcus,1129,0,0.0058068039950062425,0
official_genus_current_only,Random Forest,4,GCF_014279795.1,Synechococcus,1129,0,0.0013623595505617978,0
official_genus_current_only,Random Forest,4,GCF_014279815.1,Synechococcus,1129,0,0.0058068039950062425,0
official_genus_current_only,Random Forest,4,GCF_014279835.1,Synechococcus,1129,0,0.0058068039950062425,0
official_genus_current_only,Random Forest,4,GCF_014279855.1,Synechococcus,1129,0,0.0013623595505617978,0
official_genus_current_only,Random Forest,4,GCF_014279875.1,Synechococcus,1129,0,0.0013623595505617978,0
official_genus_current_only,Random Forest,4,GCF_014279895.1,Synechococcus,1129,0,0.0013623595505617978,0
official_genus_current_only,Random Forest,4,GCF_014279955.1,Synechococcus,1129,0,0.0013623595505617978,0
official_genus_current_only,Random Forest,4,GCF_014279975.1,Synechococcus,1129,0,0.0013623595505617978,0
official_genus_current_only,Random Forest,4,GCF_014280035.1,Synechococcus,1129,0,0.0058068039950062425,0
official_genus_current_only,Random Forest,4,GCF_014280075.1,Synechococcus,1129,0,0.0013623595505617978,0
official_genus_current_only,Random Forest,4,GCF_014280095.1,Synechococcus,1129,0,0.0058068039950062425,0
official_genus_current_only,Random Forest,4,GCF_014280115.1,Synechococcus,1129,0,0.0013623595505617978,0
official_genus_current_only,Random Forest,4,GCF_014280175.1,Synechococcus,1129,0,0.0013623595505617978,0
official_genus_current_only,Random Forest,4,GCF_014280195.1,Synechococcus,1129,0,0.0013623595505617978,0
official_genus_current_only,Random Forest,4,GCF_014280215.1,Synechococcus,1129,0,0.0013623595505617978,0
official_genus_current_only,Random Forest,4,GCF_014304795.1,Synechococcus,1129,0,0.0013623595505617978,0
official_genus_current_only,Random Forest,4,GCF_014304815.1,Synechococcus,1129,0,0.0013623595505617978,0
official_genus_current_only,Random Forest,4,GCF_015840335.1,Synechococcus,1129,0,0.011699661137863386,0
official_genus_current_only,Random Forest,4,GCF_015840525.1,Synechococcus,1129,0,0.00011235955056179774,0
official_genus_current_only,Random Forest,4,GCF_015840715.1,Synechococcus,1129,0,0.00011235955056179774,0
official_genus_current_only,Random Forest,4,GCF_015840915.1,Synechococcus,1129,0,0.00011235955056179774,0
official_genus_current_only,Random Forest,4,GCF_015841355.1,Synechococcus,1129,0,0.0013623595505617978,0
official_genus_current_only,Random Forest,4,GCF_017086385.1,Thermosynechococcus,146785,0,0.30269779508452677,0
official_genus_current_only,Random Forest,4,GCF_018139025.1,Cylindrospermopsis,77021,1,0.778570880589998,1
official_genus_current_only,Random Forest,4,GCF_019704275.1,Microcystis,1125,0,0.596743094932853,1
official_genus_current_only,Random Forest,4,GCF_021172085.1,Microcystis,1125,0,0.5963899924797506,1
official_genus_current_only,Random Forest,4,GCF_021650815.1,Cylindrospermopsis,77021,1,0.7843903250344425,1
official_genus_current_only,Random Forest,4,GCF_022984195.1,Synechococcus,1129,0,0.25272696879752393,0
official_genus_current_only,Random Forest,4,GCF_023078835.1,Synechococcus,1129,0,0.0013623595505617978,0
official_genus_current_only,Random Forest,4,GCF_023115425.1,Synechococcus,1129,0,0.0013623595505617978,0
official_genus_current_only,Random Forest,4,GCF_023546805.1,Chroococcidiopsis,54298,1,0.6535097818847817,1
official_genus_current_only,Random Forest,4,GCF_023650955.1,Thermosynechococcus,146785,0,0.2997194401061718,0
official_genus_current_only,Random Forest,4,GCF_023983615.1,Phormidium,2219504,1,0.39058170282876153,0
official_genus_current_only,Random Forest,4,GCF_025200965.1,Limnospira,2596745,0,0.35295852198483785,0
official_genus_current_only,Random Forest,4,GCF_025999095.1,Thermosynechococcus,146785,0,0.28823531312204476,0
official_genus_current_only,Random Forest,4,GCF_026000695.1,Limnospira,2596745,0,0.42637326029663497,0
official_genus_current_only,Random Forest,4,GCF_026222535.1,Microcystis,1125,0,0.6153038301041145,1
official_genus_current_only,Random Forest,4,GCF_029953635.1,Halotia,1620790,1,0.9586693306693307,1
official_genus_current_only,Random Forest,4,GCF_030322965.1,Thermosynechococcus,146785,0,0.31330385569058733,0
official_genus_current_only,Random Forest,4,GCF_030322985.1,Thermosynechococcus,146785,0,0.3103038556905873,0
official_genus_current_only,Random Forest,4,GCF_030323045.1,Thermosynechococcus,146785,0,0.3103038556905873,0
official_genus_current_only,Random Forest,4,GCF_030518695.1,Thermosynechococcus,146785,0,0.30269779508452677,0
official_genus_current_only,Random Forest,4,GCF_030518715.1,Thermosynechococcus,146785,0,0.3103038556905873,0
official_genus_current_only,Random Forest,4,GCF_030518735.1,Thermosynechococcus,146785,0,0.30269779508452677,0
official_genus_current_only,Random Forest,4,GCF_030544905.1,Synechococcus,1129,0,0.25576268308323824,0
official_genus_current_only,Random Forest,4,GCF_030553035.1,Microcystis,1125,0,0.5963899924797506,1
official_genus_current_only,Random Forest,4,GCF_031583185.1,Thermosynechococcus,146785,0,0.30269779508452677,0
official_genus_current_only,Random Forest,4,GCF_031583205.1,Thermosynechococcus,146785,0,0.30269779508452677,0
official_genus_current_only,Random Forest,4,GCF_031583225.1,Thermosynechococcus,146785,0,0.30269779508452677,0
official_genus_current_only,Random Forest,4,GCF_031583255.1,Thermosynechococcus,146785,0,0.30269779508452677,0
official_genus_current_only,Random Forest,4,GCF_031583295.1,Thermosynechococcus,146785,0,0.30269779508452677,0
official_genus_current_only,Random Forest,4,GCF_031583315.1,Thermosynechococcus,146785,0,0.30269779508452677,0
official_genus_current_only,Random Forest,4,GCF_031583335.1,Thermosynechococcus,146785,0,0.30269779508452677,0
official_genus_current_only,Random Forest,4,GCF_031583355.1,Thermosynechococcus,146785,0,0.301970522357254,0
official_genus_current_only,Random Forest,4,GCF_031583375.1,Thermosynechococcus,146785,0,0.30269779508452677,0
official_genus_current_only,Random Forest,4,GCF_031583395.1,Thermosynechococcus,146785,0,0.281685890322622,0
official_genus_current_only,Random Forest,4,GCF_031583415.1,Thermosynechococcus,146785,0,0.30269779508452677,0
official_genus_current_only,Random Forest,4,GCF_031583435.1,Thermosynechococcus,146785,0,0.30269779508452677,0
official_genus_current_only,Random Forest,4,GCF_031583455.1,Thermosynechococcus,146785,0,0.30269779508452677,0
official_genus_current_only,Random Forest,4,GCF_031583475.1,Thermosynechococcus,146785,0,0.30269779508452677,0
official_genus_current_only,Random Forest,4,GCF_031583495.1,Thermosynechococcus,146785,0,0.30269779508452677,0
official_genus_current_only,Random Forest,4,GCF_031583515.1,Thermosynechococcus,146785,0,0.30269779508452677,0
official_genus_current_only,Random Forest,4,GCF_031583535.1,Thermosynechococcus,146785,0,0.3103038556905873,0
official_genus_current_only,Random Forest,4,GCF_031583555.1,Thermosynechococcus,146785,0,0.306970522357254,0
official_genus_current_only,Random Forest,4,GCF_031586415.1,Thermosynechococcus,146785,0,0.3103038556905873,0
official_genus_current_only,Random Forest,4,GCF_031754835.1,Microcystis,1125,0,0.58404832771177,1
official_genus_current_only,Random Forest,4,GCF_033798705.1,Cyanobacterium,102234,0,0.28162358017799194,0
official_genus_current_only,Random Forest,4,GCF_035320825.1,Cyanobacterium,102234,0,0.2893791579335697,0
official_genus_current_only,Random Forest,4,GCF_036345015.1,Cyanobacterium,102234,1,0.2856235801779919,0
official_genus_current_only,Random Forest,4,GCF_036630065.1,Synechococcus,1129,0,0.25576268308323824,0
official_genus_current_only,Random Forest,4,GCF_036630075.1,Synechococcus,1129,0,0.25576268308323824,0
official_genus_current_only,Random Forest,4,GCF_036630085.1,Synechococcus,1129,0,0.25576268308323824,0
official_genus_current_only,Random Forest,4,GCF_036630095.1,Synechococcus,1129,0,0.25576268308323824,0
official_genus_current_only,Random Forest,4,GCF_036630105.1,Synechococcus,1129,0,0.24451268308323823,0
official_genus_current_only,Random Forest,4,GCF_036630115.1,Synechococcus,1129,0,0.2307121780327332,0
official_genus_current_only,Random Forest,4,GCF_038396575.1,Microcystis,1125,0,0.6029596362862364,1
official_genus_current_only,Random Forest,4,GCF_038630775.1,Cyanobacterium,102234,0,0.28162358017799194,0
official_genus_current_only,Random Forest,4,GCF_040371545.1,Synechococcus,1129,0,0.012949661137863387,0
official_genus_current_only,Random Forest,4,GCF_041506625.1,Microcystis,1125,0,0.5963899924797506,1
official_genus_current_only,Random Forest,4,GCF_045345185.1,Cyanobacterium,102234,0,0.2878616754160872,0
official_genus_current_only,Random Forest,4,GCF_047302735.1,Synechococcus,1129,0,0.0058068039950062425,0
official_genus_current_only,Random Forest,4,GCF_047302785.1,Synechococcus,1129,0,0.0013623595505617978,0
official_genus_current_only,Random Forest,4,GCF_047303025.1,Synechococcus,1129,0,0.0013623595505617978,0
official_genus_current_only,Random Forest,4,GCF_047303035.1,Synechococcus,1129,0,0.0013623595505617978,0
official_genus_current_only,Random Forest,4,GCF_047303045.1,Synechococcus,1129,0,0.0013623595505617978,0
official_genus_current_only,Random Forest,4,GCF_047304065.1,Synechococcus,1129,0,0.0013623595505617978,0
official_genus_current_only,Random Forest,4,GCF_047304175.1,Synechococcus,1129,0,0.0013623595505617978,0
official_genus_current_only,Random Forest,4,GCF_047304245.1,Synechococcus,1129,0,0.0013623595505617978,0
official_genus_current_only,Random Forest,4,GCF_047304545.1,Synechococcus,1129,0,0.0013623595505617978,0
official_genus_current_only,Random Forest,4,GCF_047304555.1,Synechococcus,1129,0,0.0013623595505617978,0
official_genus_current_only,Random Forest,4,GCF_047304705.1,Synechococcus,1129,0,0.0013623595505617978,0
official_genus_current_only,Random Forest,4,GCF_047304715.1,Synechococcus,1129,0,0.0013623595505617978,0
official_genus_current_only,Random Forest,4,GCF_047304725.1,Synechococcus,1129,0,0.0013623595505617978,0
official_genus_current_only,Random Forest,4,GCF_047497135.1,Synechococcus,1129,0,0.0013623595505617978,0
official_genus_current_only,Random Forest,4,GCF_047716785.1,Synechococcus,1129,0,0.0013623595505617978,0
official_genus_current_only,Random Forest,4,GCF_047716805.1,Synechococcus,1129,0,0.0013623595505617978,0
official_genus_current_only,Random Forest,4,GCF_047716815.1,Synechococcus,1129,0,0.0013623595505617978,0
official_genus_current_only,Random Forest,4,GCF_048077055.1,Egbenema,3079668,1,0.5627479852019327,1
official_genus_current_only,Random Forest,4,GCF_048593405.1,Microcystis,1125,0,0.5913303965201546,1
official_genus_current_only,Random Forest,4,GCF_048820285.1,Microcystis,1125,0,0.6045970631868213,1
official_genus_current_only,Random Forest,4,GCF_050422935.1,Synechococcus,1129,0,0.25576268308323824,0
official_genus_current_only,Random Forest,4,GCF_050500235.1,Microcystis,1125,0,0.6045970631868213,1
official_genus_current_only,Random Forest,4,GCF_050500245.1,Microcystis,1125,0,0.5968192854090435,1
official_genus_current_only,Random Forest,4,GCF_050500255.1,Microcystis,1125,0,0.5889264282661862,1
official_genus_current_only,Random Forest,4,GCF_050711215.1,Microcystis,1125,0,0.5960692854090435,1
official_genus_current_only,Random Forest,4,GCF_051201415.1,Cylindrospermopsis,77021,1,0.7767653250344425,1
official_genus_current_only,Random Forest,4,GCF_947331815.1,Cyanobacterium,102234,1,0.4541663095665168,0
official_genus_current_only,Random Forest,4,GCF_963920465.1,Synechococcus,1129,0,0.0013623595505617978,0
official_genus_current_only,Random Forest,4,GCF_963920475.1,Synechococcus,1129,0,0.0013623595505617978,0
official_genus_current_only,Random Forest,4,GCF_963920495.1,Synechococcus,1129,0,0.00011235955056179774,0
official_genus_current_only,Random Forest,4,GCF_963920505.1,Synechococcus,1129,0,0.0013623595505617978,0
official_genus_current_only,Random Forest,4,GCF_976987195.1,Microcystis,1125,0,0.596743094932853,1
official_genus_current_only,Gradient Boosting,4,GCF_000010065.1,Synechococcus,1129,0,0.999968031385932,1
official_genus_current_only,Gradient Boosting,4,GCF_000010625.1,Microcystis,1125,0,0.9999730401971241,1
official_genus_current_only,Gradient Boosting,4,GCF_000011345.1,Thermosynechococcus,146785,0,3.159419081056745e-05,0
official_genus_current_only,Gradient Boosting,4,GCF_000012505.1,Synechococcus,1129,0,1.6843904615125366e-05,0
official_genus_current_only,Gradient Boosting,4,GCF_000012525.1,Synechococcus,1129,0,0.999968031385932,1
official_genus_current_only,Gradient Boosting,4,GCF_000012625.1,Synechococcus,1129,0,1.6843904615125366e-05,0
official_genus_current_only,Gradient Boosting,4,GCF_000013205.1,Synechococcus,1129,1,0.8676547240200689,1
official_genus_current_only,Gradient Boosting,4,GCF_000013225.1,Synechococcus,1129,1,0.8676547240200689,1
official_genus_current_only,Gradient Boosting,4,GCF_000014585.1,Synechococcus,1129,0,1.6843904615125366e-05,0
official_genus_current_only,Gradient Boosting,4,GCF_000161795.2,Synechococcus,1129,0,1.6843904615125366e-05,0
official_genus_current_only,Gradient Boosting,4,GCF_000179235.2,Synechococcus,1129,0,1.6843904615125366e-05,0
official_genus_current_only,Gradient Boosting,4,GCF_000196515.1,'Nostoc,264688,1,0.9999394353072829,1
official_genus_current_only,Gradient Boosting,4,GCF_000204075.1,Trichormus,264688,1,0.9999730401971241,1
official_genus_current_only,Gradient Boosting,4,GCF_000316685.1,Synechococcus,1129,0,2.7494828084816902e-05,0
official_genus_current_only,Gradient Boosting,4,GCF_000317085.1,Synechococcus,3687896,0,1.6738953521788333e-05,0
official_genus_current_only,Gradient Boosting,4,GCF_000317105.1,Oxynema,1492710,0,0.9953211751089038,1
official_genus_current_only,Gradient Boosting,4,GCF_000317125.1,Chroococcidiopsis,54298,1,3.690423591172595e-05,0
official_genus_current_only,Gradient Boosting,4,GCF_000317675.1,Cyanobacterium,102234,0,0.0011583669233536766,0
official_genus_current_only,Gradient Boosting,4,GCF_000737535.1,Synechococcus,1129,0,1.6843904615125366e-05,0
official_genus_current_only,Gradient Boosting,4,GCF_000737575.1,Synechococcus,1129,0,1.6843904615125366e-05,0
official_genus_current_only,Gradient Boosting,4,GCF_000737595.1,Synechococcus,1129,0,1.6843904615125366e-05,0
official_genus_current_only,Gradient Boosting,4,GCF_000817325.1,Synechococcus,1129,0,0.999968031385932,1
official_genus_current_only,Gradient Boosting,4,GCF_000981785.2,Microcystis,1125,0,0.9999730401971241,1
official_genus_current_only,Gradient Boosting,4,GCF_001264245.1,Microcystis,1125,0,0.9999256645024338,1
official_genus_current_only,Gradient Boosting,4,GCF_001704955.2,Microcystis,1125,0,0.9999730401971241,1
official_genus_current_only,Gradient Boosting,4,GCF_001747005.2,Cyanobacterium,102234,0,1.681424582170283e-05,0
official_genus_current_only,Gradient Boosting,4,GCF_001767235.1,Moorena,1155738,0,0.9999479486641527,1
official_genus_current_only,Gradient Boosting,4,GCF_001885215.1,Synechococcus,1129,0,1.6843904615125366e-05,0
official_genus_current_only,Gradient Boosting,4,GCF_002095975.1,Microcystis,1125,0,0.9999730401971241,1
official_genus_current_only,Gradient Boosting,4,GCF_002813895.1,Cyanobacterium,102234,0,0.002947459641400896,0
official_genus_current_only,Gradient Boosting,4,GCF_003019735.1,Microcystis,1125,0,0.9999730401971241,1
official_genus_current_only,Gradient Boosting,4,GCF_003367075.2,Cylindrospermopsis,77021,1,0.9999508361232877,1
official_genus_current_only,Gradient Boosting,4,GCF_003555505.1,Thermosynechococcus,146785,0,2.7543325930623955e-05,0
official_genus_current_only,Gradient Boosting,4,GCF_003846445.2,Synechococcus,1129,0,0.999968031385932,1
official_genus_current_only,Gradient Boosting,4,GCF_003945305.1,Microcystis,1125,0,0.9999730401971241,1
official_genus_current_only,Gradient Boosting,4,GCF_003957805.1,Synechococcus,1129,0,0.999968031385932,1
official_genus_current_only,Gradient Boosting,4,GCF_004209775.1,Synechococcus,1129,0,1.6843904615125366e-05,0
official_genus_current_only,Gradient Boosting,4,GCF_008386235.1,Thermosynechococcus,146785,0,2.7543325930623955e-05,0
official_genus_current_only,Gradient Boosting,4,GCF_008807075.1,Synechococcus,1129,0,1.6843904615125366e-05,0
official_genus_current_only,Gradient Boosting,4,GCF_009498715.2,Synechococcus,1129,0,0.999968031385932,1
official_genus_current_only,Gradient Boosting,4,GCF_009792235.1,Microcystis,1125,0,0.999959779001044,1
official_genus_current_only,Gradient Boosting,4,GCF_009856605.1,Trichormus,264688,1,0.9999730401971241,1
official_genus_current_only,Gradient Boosting,4,GCF_010196425.1,Microcystis,1125,0,0.9999730401971241,1
official_genus_current_only,Gradient Boosting,4,GCF_012295525.1,Oxynema,1492710,0,0.0005967929229308951,0
official_genus_current_only,Gradient Boosting,4,GCF_012516315.1,Limnospira,2596745,0,0.999505456651422,1
official_genus_current_only,Gradient Boosting,4,GCF_014217875.1,Synechococcus,1129,0,1.6843904615125366e-05,0
official_genus_current_only,Gradient Boosting,4,GCF_014279535.1,Synechococcus,1129,0,1.6843904615125366e-05,0
official_genus_current_only,Gradient Boosting,4,GCF_014279555.1,Synechococcus,1129,0,1.6843904615125366e-05,0
official_genus_current_only,Gradient Boosting,4,GCF_014279595.1,Synechococcus,1129,0,1.6843904615125366e-05,0
official_genus_current_only,Gradient Boosting,4,GCF_014279615.1,Synechococcus,1129,0,1.6843904615125366e-05,0
official_genus_current_only,Gradient Boosting,4,GCF_014279635.1,Synechococcus,1129,0,1.6843904615125366e-05,0
official_genus_current_only,Gradient Boosting,4,GCF_014279655.1,Synechococcus,1129,0,1.6843904615125366e-05,0
official_genus_current_only,Gradient Boosting,4,GCF_014279755.1,Synechococcus,1129,0,1.6843904615125366e-05,0
official_genus_current_only,Gradient Boosting,4,GCF_014279775.1,Synechococcus,1129,0,1.6843904615125366e-05,0
official_genus_current_only,Gradient Boosting,4,GCF_014279795.1,Synechococcus,1129,0,1.6843904615125366e-05,0
official_genus_current_only,Gradient Boosting,4,GCF_014279815.1,Synechococcus,1129,0,1.6843904615125366e-05,0
official_genus_current_only,Gradient Boosting,4,GCF_014279835.1,Synechococcus,1129,0,1.6843904615125366e-05,0
official_genus_current_only,Gradient Boosting,4,GCF_014279855.1,Synechococcus,1129,0,1.6843904615125366e-05,0
official_genus_current_only,Gradient Boosting,4,GCF_014279875.1,Synechococcus,1129,0,1.6843904615125366e-05,0
official_genus_current_only,Gradient Boosting,4,GCF_014279895.1,Synechococcus,1129,0,1.6843904615125366e-05,0
official_genus_current_only,Gradient Boosting,4,GCF_014279955.1,Synechococcus,1129,0,1.6843904615125366e-05,0
official_genus_current_only,Gradient Boosting,4,GCF_014279975.1,Synechococcus,1129,0,1.6843904615125366e-05,0
official_genus_current_only,Gradient Boosting,4,GCF_014280035.1,Synechococcus,1129,0,1.6843904615125366e-05,0
official_genus_current_only,Gradient Boosting,4,GCF_014280075.1,Synechococcus,1129,0,1.6843904615125366e-05,0
official_genus_current_only,Gradient Boosting,4,GCF_014280095.1,Synechococcus,1129,0,1.6843904615125366e-05,0
official_genus_current_only,Gradient Boosting,4,GCF_014280115.1,Synechococcus,1129,0,1.6843904615125366e-05,0
official_genus_current_only,Gradient Boosting,4,GCF_014280175.1,Synechococcus,1129,0,1.6843904615125366e-05,0
official_genus_current_only,Gradient Boosting,4,GCF_014280195.1,Synechococcus,1129,0,1.6843904615125366e-05,0
official_genus_current_only,Gradient Boosting,4,GCF_014280215.1,Synechococcus,1129,0,1.6843904615125366e-05,0
official_genus_current_only,Gradient Boosting,4,GCF_014304795.1,Synechococcus,1129,0,1.6843904615125366e-05,0
official_genus_current_only,Gradient Boosting,4,GCF_014304815.1,Synechococcus,1129,0,1.6843904615125366e-05,0
official_genus_current_only,Gradient Boosting,4,GCF_015840335.1,Synechococcus,1129,0,1.6843904615125366e-05,0
official_genus_current_only,Gradient Boosting,4,GCF_015840525.1,Synechococcus,1129,0,1.6843904615125366e-05,0
official_genus_current_only,Gradient Boosting,4,GCF_015840715.1,Synechococcus,1129,0,1.6843904615125366e-05,0
official_genus_current_only,Gradient Boosting,4,GCF_015840915.1,Synechococcus,1129,0,1.6843904615125366e-05,0
official_genus_current_only,Gradient Boosting,4,GCF_015841355.1,Synechococcus,1129,0,1.6843904615125366e-05,0
official_genus_current_only,Gradient Boosting,4,GCF_017086385.1,Thermosynechococcus,146785,0,2.7543325930623955e-05,0
official_genus_current_only,Gradient Boosting,4,GCF_018139025.1,Cylindrospermopsis,77021,1,0.9999670555962755,1
official_genus_current_only,Gradient Boosting,4,GCF_019704275.1,Microcystis,1125,0,0.9999730401971241,1
official_genus_current_only,Gradient Boosting,4,GCF_021172085.1,Microcystis,1125,0,0.9999730401971241,1
official_genus_current_only,Gradient Boosting,4,GCF_021650815.1,Cylindrospermopsis,77021,1,0.9999597606120257,1
official_genus_current_only,Gradient Boosting,4,GCF_022984195.1,Synechococcus,1129,0,0.999968031385932,1
official_genus_current_only,Gradient Boosting,4,GCF_023078835.1,Synechococcus,1129,0,1.6843904615125366e-05,0
official_genus_current_only,Gradient Boosting,4,GCF_023115425.1,Synechococcus,1129,0,1.6843904615125366e-05,0
official_genus_current_only,Gradient Boosting,4,GCF_023546805.1,Chroococcidiopsis,54298,1,0.014993537944967094,0
official_genus_current_only,Gradient Boosting,4,GCF_023650955.1,Thermosynechococcus,146785,0,3.159419081056745e-05,0
official_genus_current_only,Gradient Boosting,4,GCF_023983615.1,Phormidium,2219504,1,0.9697751442142656,1
official_genus_current_only,Gradient Boosting,4,GCF_025200965.1,Limnospira,2596745,0,0.999505456651422,1
official_genus_current_only,Gradient Boosting,4,GCF_025999095.1,Thermosynechococcus,146785,0,3.159419081056745e-05,0
official_genus_current_only,Gradient Boosting,4,GCF_026000695.1,Limnospira,2596745,0,0.9993984395508921,1
official_genus_current_only,Gradient Boosting,4,GCF_026222535.1,Microcystis,1125,0,0.9999730401971241,1
official_genus_current_only,Gradient Boosting,4,GCF_029953635.1,Halotia,1620790,1,0.9999730401971241,1
official_genus_current_only,Gradient Boosting,4,GCF_030322965.1,Thermosynechococcus,146785,0,2.7543325930623955e-05,0
official_genus_current_only,Gradient Boosting,4,GCF_030322985.1,Thermosynechococcus,146785,0,2.7543325930623955e-05,0
official_genus_current_only,Gradient Boosting,4,GCF_030323045.1,Thermosynechococcus,146785,0,2.7543325930623955e-05,0
official_genus_current_only,Gradient Boosting,4,GCF_030518695.1,Thermosynechococcus,146785,0,2.7543325930623955e-05,0
official_genus_current_only,Gradient Boosting,4,GCF_030518715.1,Thermosynechococcus,146785,0,2.7543325930623955e-05,0
official_genus_current_only,Gradient Boosting,4,GCF_030518735.1,Thermosynechococcus,146785,0,2.7543325930623955e-05,0
official_genus_current_only,Gradient Boosting,4,GCF_030544905.1,Synechococcus,1129,0,0.999968031385932,1
official_genus_current_only,Gradient Boosting,4,GCF_030553035.1,Microcystis,1125,0,0.9999730401971241,1
official_genus_current_only,Gradient Boosting,4,GCF_031583185.1,Thermosynechococcus,146785,0,2.7543325930623955e-05,0
official_genus_current_only,Gradient Boosting,4,GCF_031583205.1,Thermosynechococcus,146785,0,2.7543325930623955e-05,0
official_genus_current_only,Gradient Boosting,4,GCF_031583225.1,Thermosynechococcus,146785,0,2.7543325930623955e-05,0
official_genus_current_only,Gradient Boosting,4,GCF_031583255.1,Thermosynechococcus,146785,0,2.7543325930623955e-05,0
official_genus_current_only,Gradient Boosting,4,GCF_031583295.1,Thermosynechococcus,146785,0,2.7543325930623955e-05,0
official_genus_current_only,Gradient Boosting,4,GCF_031583315.1,Thermosynechococcus,146785,0,2.7543325930623955e-05,0
official_genus_current_only,Gradient Boosting,4,GCF_031583335.1,Thermosynechococcus,146785,0,2.7543325930623955e-05,0
official_genus_current_only,Gradient Boosting,4,GCF_031583355.1,Thermosynechococcus,146785,0,2.7543325930623955e-05,0
official_genus_current_only,Gradient Boosting,4,GCF_031583375.1,Thermosynechococcus,146785,0,2.7543325930623955e-05,0
official_genus_current_only,Gradient Boosting,4,GCF_031583395.1,Thermosynechococcus,146785,0,2.7543325930623955e-05,0
official_genus_current_only,Gradient Boosting,4,GCF_031583415.1,Thermosynechococcus,146785,0,2.7543325930623955e-05,0
official_genus_current_only,Gradient Boosting,4,GCF_031583435.1,Thermosynechococcus,146785,0,2.7543325930623955e-05,0
official_genus_current_only,Gradient Boosting,4,GCF_031583455.1,Thermosynechococcus,146785,0,2.7543325930623955e-05,0
official_genus_current_only,Gradient Boosting,4,GCF_031583475.1,Thermosynechococcus,146785,0,2.7543325930623955e-05,0
official_genus_current_only,Gradient Boosting,4,GCF_031583495.1,Thermosynechococcus,146785,0,2.7543325930623955e-05,0
official_genus_current_only,Gradient Boosting,4,GCF_031583515.1,Thermosynechococcus,146785,0,2.7543325930623955e-05,0
official_genus_current_only,Gradient Boosting,4,GCF_031583535.1,Thermosynechococcus,146785,0,2.7543325930623955e-05,0
official_genus_current_only,Gradient Boosting,4,GCF_031583555.1,Thermosynechococcus,146785,0,3.159419081056745e-05,0
official_genus_current_only,Gradient Boosting,4,GCF_031586415.1,Thermosynechococcus,146785,0,2.7543325930623955e-05,0
official_genus_current_only,Gradient Boosting,4,GCF_031754835.1,Microcystis,1125,0,0.9999730401971241,1
official_genus_current_only,Gradient Boosting,4,GCF_033798705.1,Cyanobacterium,102234,0,0.0011583669233536766,0
official_genus_current_only,Gradient Boosting,4,GCF_035320825.1,Cyanobacterium,102234,0,0.0011583669233536766,0
official_genus_current_only,Gradient Boosting,4,GCF_036345015.1,Cyanobacterium,102234,1,0.0011583669233536766,0
official_genus_current_only,Gradient Boosting,4,GCF_036630065.1,Synechococcus,1129,0,0.999968031385932,1
official_genus_current_only,Gradient Boosting,4,GCF_036630075.1,Synechococcus,1129,0,0.999968031385932,1
official_genus_current_only,Gradient Boosting,4,GCF_036630085.1,Synechococcus,1129,0,0.999968031385932,1
official_genus_current_only,Gradient Boosting,4,GCF_036630095.1,Synechococcus,1129,0,0.999968031385932,1
official_genus_current_only,Gradient Boosting,4,GCF_036630105.1,Synechococcus,1129,0,0.999968031385932,1
official_genus_current_only,Gradient Boosting,4,GCF_036630115.1,Synechococcus,1129,0,0.999948721575934,1
official_genus_current_only,Gradient Boosting,4,GCF_038396575.1,Microcystis,1125,0,0.9999730401971241,1
official_genus_current_only,Gradient Boosting,4,GCF_038630775.1,Cyanobacterium,102234,0,0.0011583669233536766,0
official_genus_current_only,Gradient Boosting,4,GCF_040371545.1,Synechococcus,1129,0,1.6843904615125366e-05,0
official_genus_current_only,Gradient Boosting,4,GCF_041506625.1,Microcystis,1125,0,0.9999730401971241,1
official_genus_current_only,Gradient Boosting,4,GCF_045345185.1,Cyanobacterium,102234,0,0.0011583669233536766,0
official_genus_current_only,Gradient Boosting,4,GCF_047302735.1,Synechococcus,1129,0,1.6843904615125366e-05,0
official_genus_current_only,Gradient Boosting,4,GCF_047302785.1,Synechococcus,1129,0,1.6843904615125366e-05,0
official_genus_current_only,Gradient Boosting,4,GCF_047303025.1,Synechococcus,1129,0,1.6843904615125366e-05,0
official_genus_current_only,Gradient Boosting,4,GCF_047303035.1,Synechococcus,1129,0,1.6843904615125366e-05,0
official_genus_current_only,Gradient Boosting,4,GCF_047303045.1,Synechococcus,1129,0,1.6843904615125366e-05,0
official_genus_current_only,Gradient Boosting,4,GCF_047304065.1,Synechococcus,1129,0,1.6843904615125366e-05,0
official_genus_current_only,Gradient Boosting,4,GCF_047304175.1,Synechococcus,1129,0,1.6843904615125366e-05,0
official_genus_current_only,Gradient Boosting,4,GCF_047304245.1,Synechococcus,1129,0,1.6843904615125366e-05,0
official_genus_current_only,Gradient Boosting,4,GCF_047304545.1,Synechococcus,1129,0,1.6843904615125366e-05,0
official_genus_current_only,Gradient Boosting,4,GCF_047304555.1,Synechococcus,1129,0,1.6843904615125366e-05,0
official_genus_current_only,Gradient Boosting,4,GCF_047304705.1,Synechococcus,1129,0,1.6843904615125366e-05,0
official_genus_current_only,Gradient Boosting,4,GCF_047304715.1,Synechococcus,1129,0,1.6843904615125366e-05,0
official_genus_current_only,Gradient Boosting,4,GCF_047304725.1,Synechococcus,1129,0,1.6843904615125366e-05,0
official_genus_current_only,Gradient Boosting,4,GCF_047497135.1,Synechococcus,1129,0,1.6843904615125366e-05,0
official_genus_current_only,Gradient Boosting,4,GCF_047716785.1,Synechococcus,1129,0,1.6843904615125366e-05,0
official_genus_current_only,Gradient Boosting,4,GCF_047716805.1,Synechococcus,1129,0,1.6843904615125366e-05,0
official_genus_current_only,Gradient Boosting,4,GCF_047716815.1,Synechococcus,1129,0,1.6843904615125366e-05,0
official_genus_current_only,Gradient Boosting,4,GCF_048077055.1,Egbenema,3079668,1,0.9999730401971241,1
official_genus_current_only,Gradient Boosting,4,GCF_048593405.1,Microcystis,1125,0,0.9999730401971241,1
official_genus_current_only,Gradient Boosting,4,GCF_048820285.1,Microcystis,1125,0,0.9999730401971241,1
official_genus_current_only,Gradient Boosting,4,GCF_050422935.1,Synechococcus,1129,0,0.999968031385932,1
official_genus_current_only,Gradient Boosting,4,GCF_050500235.1,Microcystis,1125,0,0.9999730401971241,1
official_genus_current_only,Gradient Boosting,4,GCF_050500245.1,Microcystis,1125,0,0.9999730401971241,1
official_genus_current_only,Gradient Boosting,4,GCF_050500255.1,Microcystis,1125,0,0.9999670678963974,1
official_genus_current_only,Gradient Boosting,4,GCF_050711215.1,Microcystis,1125,0,0.9999730401971241,1
official_genus_current_only,Gradient Boosting,4,GCF_051201415.1,Cylindrospermopsis,77021,1,0.9999597606120257,1
official_genus_current_only,Gradient Boosting,4,GCF_947331815.1,Cyanobacterium,102234,1,0.9999730401971241,1
official_genus_current_only,Gradient Boosting,4,GCF_963920465.1,Synechococcus,1129,0,1.6843904615125366e-05,0
official_genus_current_only,Gradient Boosting,4,GCF_963920475.1,Synechococcus,1129,0,1.6843904615125366e-05,0
official_genus_current_only,Gradient Boosting,4,GCF_963920495.1,Synechococcus,1129,0,1.6843904615125366e-05,0
official_genus_current_only,Gradient Boosting,4,GCF_963920505.1,Synechococcus,1129,0,1.6843904615125366e-05,0
official_genus_current_only,Gradient Boosting,4,GCF_976987195.1,Microcystis,1125,0,0.9999730401971241,1
official_genus_current_only,Logistic Regression,4,GCF_000010065.1,Synechococcus,1129,0,0.01531985184292147,0
official_genus_current_only,Logistic Regression,4,GCF_000010625.1,Microcystis,1125,0,0.9454328937792128,1
official_genus_current_only,Logistic Regression,4,GCF_000011345.1,Thermosynechococcus,146785,0,0.0032420061194646512,0
official_genus_current_only,Logistic Regression,4,GCF_000012505.1,Synechococcus,1129,0,0.0010874688477657652,0
official_genus_current_only,Logistic Regression,4,GCF_000012525.1,Synechococcus,1129,0,0.03538321058209425,0
official_genus_current_only,Logistic Regression,4,GCF_000012625.1,Synechococcus,1129,0,0.00013739326767055288,0
official_genus_current_only,Logistic Regression,4,GCF_000013205.1,Synechococcus,1129,1,0.00040518651036881983,0
official_genus_current_only,Logistic Regression,4,GCF_000013225.1,Synechococcus,1129,1,0.0004975821546009304,0
official_genus_current_only,Logistic Regression,4,GCF_000014585.1,Synechococcus,1129,0,0.00023282441487742825,0
official_genus_current_only,Logistic Regression,4,GCF_000161795.2,Synechococcus,1129,0,0.00015522904857602114,0
official_genus_current_only,Logistic Regression,4,GCF_000179235.2,Synechococcus,1129,0,0.0008563637696299528,0
official_genus_current_only,Logistic Regression,4,GCF_000196515.1,'Nostoc,264688,1,0.9935062254123808,1
official_genus_current_only,Logistic Regression,4,GCF_000204075.1,Trichormus,264688,1,0.9990184588951715,1
official_genus_current_only,Logistic Regression,4,GCF_000316685.1,Synechococcus,1129,0,0.0035529524248999384,0
official_genus_current_only,Logistic Regression,4,GCF_000317085.1,Synechococcus,3687896,0,0.000956397879767552,0
official_genus_current_only,Logistic Regression,4,GCF_000317105.1,Oxynema,1492710,0,0.11130131093235207,0
official_genus_current_only,Logistic Regression,4,GCF_000317125.1,Chroococcidiopsis,54298,1,0.8072318530805427,1
official_genus_current_only,Logistic Regression,4,GCF_000317675.1,Cyanobacterium,102234,0,0.03323385205452969,0
official_genus_current_only,Logistic Regression,4,GCF_000737535.1,Synechococcus,1129,0,9.486740531344914e-05,0
official_genus_current_only,Logistic Regression,4,GCF_000737575.1,Synechococcus,1129,0,9.831917764689323e-05,0
official_genus_current_only,Logistic Regression,4,GCF_000737595.1,Synechococcus,1129,0,0.00010774714071107156,0
official_genus_current_only,Logistic Regression,4,GCF_000817325.1,Synechococcus,1129,0,0.025146529397213218,0
official_genus_current_only,Logistic Regression,4,GCF_000981785.2,Microcystis,1125,0,0.937735501815193,1
official_genus_current_only,Logistic Regression,4,GCF_001264245.1,Microcystis,1125,0,0.21425980804349118,0
official_genus_current_only,Logistic Regression,4,GCF_001704955.2,Microcystis,1125,0,0.9562636966992116,1
official_genus_current_only,Logistic Regression,4,GCF_001747005.2,Cyanobacterium,102234,0,0.06433693081173267,0
official_genus_current_only,Logistic Regression,4,GCF_001767235.1,Moorena,1155738,0,0.7334936485477521,1
official_genus_current_only,Logistic Regression,4,GCF_001885215.1,Synechococcus,1129,0,0.0015613444798645215,0
official_genus_current_only,Logistic Regression,4,GCF_002095975.1,Microcystis,1125,0,0.8369873387917305,1
official_genus_current_only,Logistic Regression,4,GCF_002813895.1,Cyanobacterium,102234,0,0.09397362146376471,0
official_genus_current_only,Logistic Regression,4,GCF_003019735.1,Microcystis,1125,0,0.6519142322440681,1
official_genus_current_only,Logistic Regression,4,GCF_003367075.2,Cylindrospermopsis,77021,1,0.9405273731651848,1
official_genus_current_only,Logistic Regression,4,GCF_003555505.1,Thermosynechococcus,146785,0,0.00548836767759015,0
official_genus_current_only,Logistic Regression,4,GCF_003846445.2,Synechococcus,1129,0,0.0349370132414623,0
official_genus_current_only,Logistic Regression,4,GCF_003945305.1,Microcystis,1125,0,0.9304084547786201,1
official_genus_current_only,Logistic Regression,4,GCF_003957805.1,Synechococcus,1129,0,0.022111210343540334,0
official_genus_current_only,Logistic Regression,4,GCF_004209775.1,Synechococcus,1129,0,0.0006071676438247495,0
official_genus_current_only,Logistic Regression,4,GCF_008386235.1,Thermosynechococcus,146785,0,0.012499596024815589,0
official_genus_current_only,Logistic Regression,4,GCF_008807075.1,Synechococcus,1129,0,0.00025981934468845714,0
official_genus_current_only,Logistic Regression,4,GCF_009498715.2,Synechococcus,1129,0,0.03398946293418596,0
official_genus_current_only,Logistic Regression,4,GCF_009792235.1,Microcystis,1125,0,0.9183110275843018,1
official_genus_current_only,Logistic Regression,4,GCF_009856605.1,Trichormus,264688,1,0.9990504260808077,1
official_genus_current_only,Logistic Regression,4,GCF_010196425.1,Microcystis,1125,0,0.7259906443839189,1
official_genus_current_only,Logistic Regression,4,GCF_012295525.1,Oxynema,1492710,0,0.0707516906973067,0
official_genus_current_only,Logistic Regression,4,GCF_012516315.1,Limnospira,2596745,0,0.9949877986095704,1
official_genus_current_only,Logistic Regression,4,GCF_014217875.1,Synechococcus,1129,0,0.0002621887510264696,0
official_genus_current_only,Logistic Regression,4,GCF_014279535.1,Synechococcus,1129,0,0.00012317492889745397,0
official_genus_current_only,Logistic Regression,4,GCF_014279555.1,Synechococcus,1129,0,0.00027101058761102513,0
official_genus_current_only,Logistic Regression,4,GCF_014279595.1,Synechococcus,1129,0,0.0006957342512461773,0
official_genus_current_only,Logistic Regression,4,GCF_014279615.1,Synechococcus,1129,0,0.00013739326767055288,0
official_genus_current_only,Logistic Regression,4,GCF_014279635.1,Synechococcus,1129,0,0.00013739326767055288,0
official_genus_current_only,Logistic Regression,4,GCF_014279655.1,Synechococcus,1129,0,0.00027101058761102513,0
official_genus_current_only,Logistic Regression,4,GCF_014279755.1,Synechococcus,1129,0,0.00010388689019007964,0
official_genus_current_only,Logistic Regression,4,GCF_014279775.1,Synechococcus,1129,0,0.0002334174209027879,0
official_genus_current_only,Logistic Regression,4,GCF_014279795.1,Synechococcus,1129,0,0.00030185392489318405,0
official_genus_current_only,Logistic Regression,4,GCF_014279815.1,Synechococcus,1129,0,0.00023259840207068644,0
official_genus_current_only,Logistic Regression,4,GCF_014279835.1,Synechococcus,1129,0,0.00028610309089719505,0
official_genus_current_only,Logistic Regression,4,GCF_014279855.1,Synechococcus,1129,0,0.0001783567654799797,0
official_genus_current_only,Logistic Regression,4,GCF_014279875.1,Synechococcus,1129,0,0.00019021348843639526,0
official_genus_current_only,Logistic Regression,4,GCF_014279895.1,Synechococcus,1129,0,0.00015522904857602114,0
official_genus_current_only,Logistic Regression,4,GCF_014279955.1,Synechococcus,1129,0,0.00030185392489318405,0
official_genus_current_only,Logistic Regression,4,GCF_014279975.1,Synechococcus,1129,0,0.00015160459550324975,0
official_genus_current_only,Logistic Regression,4,GCF_014280035.1,Synechococcus,1129,0,0.0002058747312314895,0
official_genus_current_only,Logistic Regression,4,GCF_014280075.1,Synechococcus,1129,0,0.00013739326767055288,0
official_genus_current_only,Logistic Regression,4,GCF_014280095.1,Synechococcus,1129,0,0.00019328860977918432,0
official_genus_current_only,Logistic Regression,4,GCF_014280115.1,Synechococcus,1129,0,0.0002679353001467604,0
official_genus_current_only,Logistic Regression,4,GCF_014280175.1,Synechococcus,1129,0,0.00013636529416585351,0
official_genus_current_only,Logistic Regression,4,GCF_014280195.1,Synechococcus,1129,0,0.00012168767935377644,0
official_genus_current_only,Logistic Regression,4,GCF_014280215.1,Synechococcus,1129,0,9.375342040411581e-05,0
official_genus_current_only,Logistic Regression,4,GCF_014304795.1,Synechococcus,1129,0,0.0006466863531274989,0
official_genus_current_only,Logistic Regression,4,GCF_014304815.1,Synechococcus,1129,0,0.00018128531085558026,0
official_genus_current_only,Logistic Regression,4,GCF_015840335.1,Synechococcus,1129,0,0.001304881177729267,0
official_genus_current_only,Logistic Regression,4,GCF_015840525.1,Synechococcus,1129,0,0.00021336208410949582,0
official_genus_current_only,Logistic Regression,4,GCF_015840715.1,Synechococcus,1129,0,0.00030120831059514164,0
official_genus_current_only,Logistic Regression,4,GCF_015840915.1,Synechococcus,1129,0,0.00024868681004902186,0
official_genus_current_only,Logistic Regression,4,GCF_015841355.1,Synechococcus,1129,0,0.0004812802584984302,0
official_genus_current_only,Logistic Regression,4,GCF_017086385.1,Thermosynechococcus,146785,0,0.01115584931532472,0
official_genus_current_only,Logistic Regression,4,GCF_018139025.1,Cylindrospermopsis,77021,1,0.9842349411903012,1
official_genus_current_only,Logistic Regression,4,GCF_019704275.1,Microcystis,1125,0,0.5404437680281549,1
official_genus_current_only,Logistic Regression,4,GCF_021172085.1,Microcystis,1125,0,0.838917331970354,1
official_genus_current_only,Logistic Regression,4,GCF_021650815.1,Cylindrospermopsis,77021,1,0.9750309516430186,1
official_genus_current_only,Logistic Regression,4,GCF_022984195.1,Synechococcus,1129,0,0.019993132542169095,0
official_genus_current_only,Logistic Regression,4,GCF_023078835.1,Synechococcus,1129,0,0.0003510050574328774,0
official_genus_current_only,Logistic Regression,4,GCF_023115425.1,Synechococcus,1129,0,0.00024616072789031626,0
official_genus_current_only,Logistic Regression,4,GCF_023546805.1,Chroococcidiopsis,54298,1,0.5613661938193801,1
official_genus_current_only,Logistic Regression,4,GCF_023650955.1,Thermosynechococcus,146785,0,0.01297047610536198,0
official_genus_current_only,Logistic Regression,4,GCF_023983615.1,Phormidium,2219504,1,0.09785925526784717,0
official_genus_current_only,Logistic Regression,4,GCF_025200965.1,Limnospira,2596745,0,0.9307885710697803,1
official_genus_current_only,Logistic Regression,4,GCF_025999095.1,Thermosynechococcus,146785,0,0.007556072582096192,0
official_genus_current_only,Logistic Regression,4,GCF_026000695.1,Limnospira,2596745,0,0.9865940832899922,1
official_genus_current_only,Logistic Regression,4,GCF_026222535.1,Microcystis,1125,0,0.8466581930296243,1
official_genus_current_only,Logistic Regression,4,GCF_029953635.1,Halotia,1620790,1,0.9992465986770661,1
official_genus_current_only,Logistic Regression,4,GCF_030322965.1,Thermosynechococcus,146785,0,0.02877688264648178,0
official_genus_current_only,Logistic Regression,4,GCF_030322985.1,Thermosynechococcus,146785,0,0.012499596024815589,0
official_genus_current_only,Logistic Regression,4,GCF_030323045.1,Thermosynechococcus,146785,0,0.012499596024815589,0
official_genus_current_only,Logistic Regression,4,GCF_030518695.1,Thermosynechococcus,146785,0,0.01115584931532472,0
official_genus_current_only,Logistic Regression,4,GCF_030518715.1,Thermosynechococcus,146785,0,0.012499596024815589,0
official_genus_current_only,Logistic Regression,4,GCF_030518735.1,Thermosynechococcus,146785,0,0.01115584931532472,0
official_genus_current_only,Logistic Regression,4,GCF_030544905.1,Synechococcus,1129,0,0.022111210343540334,0
official_genus_current_only,Logistic Regression,4,GCF_030553035.1,Microcystis,1125,0,0.8536459237957041,1
official_genus_current_only,Logistic Regression,4,GCF_031583185.1,Thermosynechococcus,146785,0,0.01728676532496311,0
official_genus_current_only,Logistic Regression,4,GCF_031583205.1,Thermosynechococcus,146785,0,0.01115584931532472,0
official_genus_current_only,Logistic Regression,4,GCF_031583225.1,Thermosynechococcus,146785,0,0.01115584931532472,0
official_genus_current_only,Logistic Regression,4,GCF_031583255.1,Thermosynechococcus,146785,0,0.01115584931532472,0
official_genus_current_only,Logistic Regression,4,GCF_031583295.1,Thermosynechococcus,146785,0,0.01115584931532472,0
official_genus_current_only,Logistic Regression,4,GCF_031583315.1,Thermosynechococcus,146785,0,0.01115584931532472,0
official_genus_current_only,Logistic Regression,4,GCF_031583335.1,Thermosynechococcus,146785,0,0.01115584931532472,0
official_genus_current_only,Logistic Regression,4,GCF_031583355.1,Thermosynechococcus,146785,0,0.014463083368561658,0
official_genus_current_only,Logistic Regression,4,GCF_031583375.1,Thermosynechococcus,146785,0,0.01115584931532472,0
official_genus_current_only,Logistic Regression,4,GCF_031583395.1,Thermosynechococcus,146785,0,0.008585423086365352,0
official_genus_current_only,Logistic Regression,4,GCF_031583415.1,Thermosynechococcus,146785,0,0.009805675840989125,0
official_genus_current_only,Logistic Regression,4,GCF_031583435.1,Thermosynechococcus,146785,0,0.01115584931532472,0
official_genus_current_only,Logistic Regression,4,GCF_031583455.1,Thermosynechococcus,146785,0,0.01115584931532472,0
official_genus_current_only,Logistic Regression,4,GCF_031583475.1,Thermosynechococcus,146785,0,0.01115584931532472,0
official_genus_current_only,Logistic Regression,4,GCF_031583495.1,Thermosynechococcus,146785,0,0.01115584931532472,0
official_genus_current_only,Logistic Regression,4,GCF_031583515.1,Thermosynechococcus,146785,0,0.01115584931532472,0
official_genus_current_only,Logistic Regression,4,GCF_031583535.1,Thermosynechococcus,146785,0,0.012499596024815589,0
official_genus_current_only,Logistic Regression,4,GCF_031583555.1,Thermosynechococcus,146785,0,0.005590195100841755,0
official_genus_current_only,Logistic Regression,4,GCF_031586415.1,Thermosynechococcus,146785,0,0.009901054459605124,0
official_genus_current_only,Logistic Regression,4,GCF_031754835.1,Microcystis,1125,0,0.8798881127330829,1
official_genus_current_only,Logistic Regression,4,GCF_033798705.1,Cyanobacterium,102234,0,0.02882932926330677,0
official_genus_current_only,Logistic Regression,4,GCF_035320825.1,Cyanobacterium,102234,0,0.01200157211351671,0
official_genus_current_only,Logistic Regression,4,GCF_036345015.1,Cyanobacterium,102234,1,0.04556637462856437,0
official_genus_current_only,Logistic Regression,4,GCF_036630065.1,Synechococcus,1129,0,0.03548116336089788,0
official_genus_current_only,Logistic Regression,4,GCF_036630075.1,Synechococcus,1129,0,0.03548116336089788,0
official_genus_current_only,Logistic Regression,4,GCF_036630085.1,Synechococcus,1129,0,0.03398946293418596,0
official_genus_current_only,Logistic Regression,4,GCF_036630095.1,Synechococcus,1129,0,0.03548116336089788,0
official_genus_current_only,Logistic Regression,4,GCF_036630105.1,Synechococcus,1129,0,0.027461579690569393,0
official_genus_current_only,Logistic Regression,4,GCF_036630115.1,Synechococcus,1129,0,0.034726754786291975,0
official_genus_current_only,Logistic Regression,4,GCF_038396575.1,Microcystis,1125,0,0.7351852381152083,1
official_genus_current_only,Logistic Regression,4,GCF_038630775.1,Cyanobacterium,102234,0,0.0067253546874190846,0
official_genus_current_only,Logistic Regression,4,GCF_040371545.1,Synechococcus,1129,0,0.0009095593135067024,0
official_genus_current_only,Logistic Regression,4,GCF_041506625.1,Microcystis,1125,0,0.8536459237957041,1
official_genus_current_only,Logistic Regression,4,GCF_045345185.1,Cyanobacterium,102234,0,0.026049874106924026,0
official_genus_current_only,Logistic Regression,4,GCF_047302735.1,Synechococcus,1129,0,0.00023282441487742825,0
official_genus_current_only,Logistic Regression,4,GCF_047302785.1,Synechococcus,1129,0,0.00030185392489318405,0
official_genus_current_only,Logistic Regression,4,GCF_047303025.1,Synechococcus,1129,0,9.358158305204868e-05,0
official_genus_current_only,Logistic Regression,4,GCF_047303035.1,Synechococcus,1129,0,0.00018128531085558026,0
official_genus_current_only,Logistic Regression,4,GCF_047303045.1,Synechococcus,1129,0,0.00018128531085558026,0
official_genus_current_only,Logistic Regression,4,GCF_047304065.1,Synechococcus,1129,0,0.00018128531085558026,0
official_genus_current_only,Logistic Regression,4,GCF_047304175.1,Synechococcus,1129,0,0.00018128531085558026,0
official_genus_current_only,Logistic Regression,4,GCF_047304245.1,Synechococcus,1129,0,0.00016894713318740533,0
official_genus_current_only,Logistic Regression,4,GCF_047304545.1,Synechococcus,1129,0,0.00018128531085558026,0
official_genus_current_only,Logistic Regression,4,GCF_047304555.1,Synechococcus,1129,0,0.00018128531085558026,0
official_genus_current_only,Logistic Regression,4,GCF_047304705.1,Synechococcus,1129,0,0.00018128531085558026,0
official_genus_current_only,Logistic Regression,4,GCF_047304715.1,Synechococcus,1129,0,0.00020812297353284563,0
official_genus_current_only,Logistic Regression,4,GCF_047304725.1,Synechococcus,1129,0,0.0001982427000238621,0
official_genus_current_only,Logistic Regression,4,GCF_047497135.1,Synechococcus,1129,0,0.00018128531085558026,0
official_genus_current_only,Logistic Regression,4,GCF_047716785.1,Synechococcus,1129,0,0.00021354630785510434,0
official_genus_current_only,Logistic Regression,4,GCF_047716805.1,Synechococcus,1129,0,0.00024616072789031626,0
official_genus_current_only,Logistic Regression,4,GCF_047716815.1,Synechococcus,1129,0,0.00030185392489318405,0
official_genus_current_only,Logistic Regression,4,GCF_048077055.1,Egbenema,3079668,1,0.9719301785873029,1
official_genus_current_only,Logistic Regression,4,GCF_048593405.1,Microcystis,1125,0,0.7085934888361259,1
official_genus_current_only,Logistic Regression,4,GCF_048820285.1,Microcystis,1125,0,0.7259906443839189,1
official_genus_current_only,Logistic Regression,4,GCF_050422935.1,Synechococcus,1129,0,0.036165266016530695,0
official_genus_current_only,Logistic Regression,4,GCF_050500235.1,Microcystis,1125,0,0.8408401530522134,1
official_genus_current_only,Logistic Regression,4,GCF_050500245.1,Microcystis,1125,0,0.8014678537161622,1
official_genus_current_only,Logistic Regression,4,GCF_050500255.1,Microcystis,1125,0,0.7494952892713268,1
official_genus_current_only,Logistic Regression,4,GCF_050711215.1,Microcystis,1125,0,0.6603432932866505,1
official_genus_current_only,Logistic Regression,4,GCF_051201415.1,Cylindrospermopsis,77021,1,0.9655579847063246,1
official_genus_current_only,Logistic Regression,4,GCF_947331815.1,Cyanobacterium,102234,1,0.9783050086310265,1
official_genus_current_only,Logistic Regression,4,GCF_963920465.1,Synechococcus,1129,0,0.00042184518382248903,0
official_genus_current_only,Logistic Regression,4,GCF_963920475.1,Synechococcus,1129,0,0.0004463646738630872,0
official_genus_current_only,Logistic Regression,4,GCF_963920495.1,Synechococcus,1129,0,0.0002831166723803457,0
official_genus_current_only,Logistic Regression,4,GCF_963920505.1,Synechococcus,1129,0,0.0005525513041929896,0
official_genus_current_only,Logistic Regression,4,GCF_976987195.1,Microcystis,1125,0,0.5404437680281551,1
official_genus_current_only,XGBoost,4,GCF_000010065.1,Synechococcus,1129,0,0.043818846344947815,0
official_genus_current_only,XGBoost,4,GCF_000010625.1,Microcystis,1125,0,0.22445113956928253,0
official_genus_current_only,XGBoost,4,GCF_000011345.1,Thermosynechococcus,146785,0,0.018361050635576248,0
official_genus_current_only,XGBoost,4,GCF_000012505.1,Synechococcus,1129,0,0.0037792911753058434,0
official_genus_current_only,XGBoost,4,GCF_000012525.1,Synechococcus,1129,0,0.03941844776272774,0
official_genus_current_only,XGBoost,4,GCF_000012625.1,Synechococcus,1129,0,0.000880936102475971,0
official_genus_current_only,XGBoost,4,GCF_000013205.1,Synechococcus,1129,1,0.004147442989051342,0
official_genus_current_only,XGBoost,4,GCF_000013225.1,Synechococcus,1129,1,0.0037959448527544737,0
official_genus_current_only,XGBoost,4,GCF_000014585.1,Synechococcus,1129,0,0.001626900746487081,0
official_genus_current_only,XGBoost,4,GCF_000161795.2,Synechococcus,1129,0,0.0009827492758631706,0
official_genus_current_only,XGBoost,4,GCF_000179235.2,Synechococcus,1129,0,0.0021019892301410437,0
official_genus_current_only,XGBoost,4,GCF_000196515.1,'Nostoc,264688,1,0.901560366153717,1
official_genus_current_only,XGBoost,4,GCF_000204075.1,Trichormus,264688,1,0.9984533786773682,1
official_genus_current_only,XGBoost,4,GCF_000316685.1,Synechococcus,1129,0,0.05321697145700455,0
official_genus_current_only,XGBoost,4,GCF_000317085.1,Synechococcus,3687896,0,0.005988700781017542,0
official_genus_current_only,XGBoost,4,GCF_000317105.1,Oxynema,1492710,0,0.4670534133911133,0
official_genus_current_only,XGBoost,4,GCF_000317125.1,Chroococcidiopsis,54298,1,0.4749850332736969,0
official_genus_current_only,XGBoost,4,GCF_000317675.1,Cyanobacterium,102234,0,0.24698737263679504,0
official_genus_current_only,XGBoost,4,GCF_000737535.1,Synechococcus,1129,0,0.0008597210398875177,0
official_genus_current_only,XGBoost,4,GCF_000737575.1,Synechococcus,1129,0,0.0009208368137478828,0
official_genus_current_only,XGBoost,4,GCF_000737595.1,Synechococcus,1129,0,0.0011930906912311912,0
official_genus_current_only,XGBoost,4,GCF_000817325.1,Synechococcus,1129,0,0.041279952973127365,0
official_genus_current_only,XGBoost,4,GCF_000981785.2,Microcystis,1125,0,0.2589189410209656,0
official_genus_current_only,XGBoost,4,GCF_001264245.1,Microcystis,1125,0,0.16705356538295746,0
official_genus_current_only,XGBoost,4,GCF_001704955.2,Microcystis,1125,0,0.5256717801094055,1
official_genus_current_only,XGBoost,4,GCF_001747005.2,Cyanobacterium,102234,0,0.1167987510561943,0
official_genus_current_only,XGBoost,4,GCF_001767235.1,Moorena,1155738,0,0.7296284437179565,1
official_genus_current_only,XGBoost,4,GCF_001885215.1,Synechococcus,1129,0,0.0035329086240381002,0
official_genus_current_only,XGBoost,4,GCF_002095975.1,Microcystis,1125,0,0.23598086833953857,0
official_genus_current_only,XGBoost,4,GCF_002813895.1,Cyanobacterium,102234,0,0.11212567239999771,0
official_genus_current_only,XGBoost,4,GCF_003019735.1,Microcystis,1125,0,0.2562539875507355,0
official_genus_current_only,XGBoost,4,GCF_003367075.2,Cylindrospermopsis,77021,1,0.8233799934387207,1
official_genus_current_only,XGBoost,4,GCF_003555505.1,Thermosynechococcus,146785,0,0.015115940943360329,0
official_genus_current_only,XGBoost,4,GCF_003846445.2,Synechococcus,1129,0,0.041279952973127365,0
official_genus_current_only,XGBoost,4,GCF_003945305.1,Microcystis,1125,0,0.22445113956928253,0
official_genus_current_only,XGBoost,4,GCF_003957805.1,Synechococcus,1129,0,0.041279952973127365,0
official_genus_current_only,XGBoost,4,GCF_004209775.1,Synechococcus,1129,0,0.0020182558801025152,0
official_genus_current_only,XGBoost,4,GCF_008386235.1,Thermosynechococcus,146785,0,0.02647903934121132,0
official_genus_current_only,XGBoost,4,GCF_008807075.1,Synechococcus,1129,0,0.0009208368137478828,0
official_genus_current_only,XGBoost,4,GCF_009498715.2,Synechococcus,1129,0,0.041279952973127365,0
official_genus_current_only,XGBoost,4,GCF_009792235.1,Microcystis,1125,0,0.6350237727165222,1
official_genus_current_only,XGBoost,4,GCF_009856605.1,Trichormus,264688,1,0.9984533786773682,1
official_genus_current_only,XGBoost,4,GCF_010196425.1,Microcystis,1125,0,0.5256717801094055,1
official_genus_current_only,XGBoost,4,GCF_012295525.1,Oxynema,1492710,0,0.3846118152141571,0
official_genus_current_only,XGBoost,4,GCF_012516315.1,Limnospira,2596745,0,0.8073619604110718,1
official_genus_current_only,XGBoost,4,GCF_014217875.1,Synechococcus,1129,0,0.0009827492758631706,0
official_genus_current_only,XGBoost,4,GCF_014279535.1,Synechococcus,1129,0,0.000880936102475971,0
official_genus_current_only,XGBoost,4,GCF_014279555.1,Synechococcus,1129,0,0.001626900746487081,0
official_genus_current_only,XGBoost,4,GCF_014279595.1,Synechococcus,1129,0,0.0021019892301410437,0
official_genus_current_only,XGBoost,4,GCF_014279615.1,Synechococcus,1129,0,0.000880936102475971,0
official_genus_current_only,XGBoost,4,GCF_014279635.1,Synechococcus,1129,0,0.000880936102475971,0
official_genus_current_only,XGBoost,4,GCF_014279655.1,Synechococcus,1129,0,0.001626900746487081,0
official_genus_current_only,XGBoost,4,GCF_014279755.1,Synechococcus,1129,0,0.0009985336801037192,0
official_genus_current_only,XGBoost,4,GCF_014279775.1,Synechococcus,1129,0,0.0014584505697712302,0
official_genus_current_only,XGBoost,4,GCF_014279795.1,Synechococcus,1129,0,0.0009827492758631706,0
official_genus_current_only,XGBoost,4,GCF_014279815.1,Synechococcus,1129,0,0.001626900746487081,0
official_genus_current_only,XGBoost,4,GCF_014279835.1,Synechococcus,1129,0,0.001626900746487081,0
official_genus_current_only,XGBoost,4,GCF_014279855.1,Synechococcus,1129,0,0.000880936102475971,0
official_genus_current_only,XGBoost,4,GCF_014279875.1,Synechococcus,1129,0,0.0009827492758631706,0
official_genus_current_only,XGBoost,4,GCF_014279895.1,Synechococcus,1129,0,0.0009827492758631706,0
official_genus_current_only,XGBoost,4,GCF_014279955.1,Synechococcus,1129,0,0.0009827492758631706,0
official_genus_current_only,XGBoost,4,GCF_014279975.1,Synechococcus,1129,0,0.0009062815806828439,0
official_genus_current_only,XGBoost,4,GCF_014280035.1,Synechococcus,1129,0,0.0014584505697712302,0
official_genus_current_only,XGBoost,4,GCF_014280075.1,Synechococcus,1129,0,0.000880936102475971,0
official_genus_current_only,XGBoost,4,GCF_014280095.1,Synechococcus,1129,0,0.0015620653284713626,0
official_genus_current_only,XGBoost,4,GCF_014280115.1,Synechococcus,1129,0,0.000880936102475971,0
official_genus_current_only,XGBoost,4,GCF_014280175.1,Synechococcus,1129,0,0.0009985336801037192,0
official_genus_current_only,XGBoost,4,GCF_014280195.1,Synechococcus,1129,0,0.0010695068631321192,0
official_genus_current_only,XGBoost,4,GCF_014280215.1,Synechococcus,1129,0,0.000986295286566019,0
official_genus_current_only,XGBoost,4,GCF_014304795.1,Synechococcus,1129,0,0.0020182558801025152,0
official_genus_current_only,XGBoost,4,GCF_014304815.1,Synechococcus,1129,0,0.0009062815806828439,0
official_genus_current_only,XGBoost,4,GCF_015840335.1,Synechococcus,1129,0,0.003049443941563368,0
official_genus_current_only,XGBoost,4,GCF_015840525.1,Synechococcus,1129,0,0.0012381697306409478,0
official_genus_current_only,XGBoost,4,GCF_015840715.1,Synechococcus,1129,0,0.0014017545618116856,0
official_genus_current_only,XGBoost,4,GCF_015840915.1,Synechococcus,1129,0,0.0012381697306409478,0
official_genus_current_only,XGBoost,4,GCF_015841355.1,Synechococcus,1129,0,0.002135711954906583,0
official_genus_current_only,XGBoost,4,GCF_017086385.1,Thermosynechococcus,146785,0,0.02815711684525013,0
official_genus_current_only,XGBoost,4,GCF_018139025.1,Cylindrospermopsis,77021,1,0.9115415811538696,1
official_genus_current_only,XGBoost,4,GCF_019704275.1,Microcystis,1125,0,0.29133111238479614,0
official_genus_current_only,XGBoost,4,GCF_021172085.1,Microcystis,1125,0,0.26143431663513184,0
official_genus_current_only,XGBoost,4,GCF_021650815.1,Cylindrospermopsis,77021,1,0.853000819683075,1
official_genus_current_only,XGBoost,4,GCF_022984195.1,Synechococcus,1129,0,0.040308550000190735,0
official_genus_current_only,XGBoost,4,GCF_023078835.1,Synechococcus,1129,0,0.0009827492758631706,0
official_genus_current_only,XGBoost,4,GCF_023115425.1,Synechococcus,1129,0,0.001052604173310101,0
official_genus_current_only,XGBoost,4,GCF_023546805.1,Chroococcidiopsis,54298,1,0.5350477695465088,1
official_genus_current_only,XGBoost,4,GCF_023650955.1,Thermosynechococcus,146785,0,0.03326423466205597,0
official_genus_current_only,XGBoost,4,GCF_023983615.1,Phormidium,2219504,1,0.0311583299189806,0
official_genus_current_only,XGBoost,4,GCF_025200965.1,Limnospira,2596745,0,0.6631789803504944,1
official_genus_current_only,XGBoost,4,GCF_025999095.1,Thermosynechococcus,146785,0,0.018651200458407402,0
official_genus_current_only,XGBoost,4,GCF_026000695.1,Limnospira,2596745,0,0.8639305830001831,1
official_genus_current_only,XGBoost,4,GCF_026222535.1,Microcystis,1125,0,0.30327731370925903,0
official_genus_current_only,XGBoost,4,GCF_029953635.1,Halotia,1620790,1,0.9954047203063965,1
official_genus_current_only,XGBoost,4,GCF_030322965.1,Thermosynechococcus,146785,0,0.02689395844936371,0
official_genus_current_only,XGBoost,4,GCF_030322985.1,Thermosynechococcus,146785,0,0.02647903934121132,0
official_genus_current_only,XGBoost,4,GCF_030323045.1,Thermosynechococcus,146785,0,0.02647903934121132,0
official_genus_current_only,XGBoost,4,GCF_030518695.1,Thermosynechococcus,146785,0,0.02815711684525013,0
official_genus_current_only,XGBoost,4,GCF_030518715.1,Thermosynechococcus,146785,0,0.02647903934121132,0
official_genus_current_only,XGBoost,4,GCF_030518735.1,Thermosynechococcus,146785,0,0.02815711684525013,0
official_genus_current_only,XGBoost,4,GCF_030544905.1,Synechococcus,1129,0,0.041279952973127365,0
official_genus_current_only,XGBoost,4,GCF_030553035.1,Microcystis,1125,0,0.26143431663513184,0
official_genus_current_only,XGBoost,4,GCF_031583185.1,Thermosynechococcus,146785,0,0.06068069487810135,0
official_genus_current_only,XGBoost,4,GCF_031583205.1,Thermosynechococcus,146785,0,0.02815711684525013,0
official_genus_current_only,XGBoost,4,GCF_031583225.1,Thermosynechococcus,146785,0,0.02815711684525013,0
official_genus_current_only,XGBoost,4,GCF_031583255.1,Thermosynechococcus,146785,0,0.02815711684525013,0
official_genus_current_only,XGBoost,4,GCF_031583295.1,Thermosynechococcus,146785,0,0.02815711684525013,0
official_genus_current_only,XGBoost,4,GCF_031583315.1,Thermosynechococcus,146785,0,0.02815711684525013,0
official_genus_current_only,XGBoost,4,GCF_031583335.1,Thermosynechococcus,146785,0,0.02815711684525013,0
official_genus_current_only,XGBoost,4,GCF_031583355.1,Thermosynechococcus,146785,0,0.02815711684525013,0
official_genus_current_only,XGBoost,4,GCF_031583375.1,Thermosynechococcus,146785,0,0.02815711684525013,0
official_genus_current_only,XGBoost,4,GCF_031583395.1,Thermosynechococcus,146785,0,0.01781832054257393,0
official_genus_current_only,XGBoost,4,GCF_031583415.1,Thermosynechococcus,146785,0,0.02815711684525013,0
official_genus_current_only,XGBoost,4,GCF_031583435.1,Thermosynechococcus,146785,0,0.02815711684525013,0
official_genus_current_only,XGBoost,4,GCF_031583455.1,Thermosynechococcus,146785,0,0.02815711684525013,0
official_genus_current_only,XGBoost,4,GCF_031583475.1,Thermosynechococcus,146785,0,0.02815711684525013,0
official_genus_current_only,XGBoost,4,GCF_031583495.1,Thermosynechococcus,146785,0,0.02815711684525013,0
official_genus_current_only,XGBoost,4,GCF_031583515.1,Thermosynechococcus,146785,0,0.02815711684525013,0
official_genus_current_only,XGBoost,4,GCF_031583535.1,Thermosynechococcus,146785,0,0.02647903934121132,0
official_genus_current_only,XGBoost,4,GCF_031583555.1,Thermosynechococcus,146785,0,0.029969001188874245,0
official_genus_current_only,XGBoost,4,GCF_031586415.1,Thermosynechococcus,146785,0,0.02647903934121132,0
official_genus_current_only,XGBoost,4,GCF_031754835.1,Microcystis,1125,0,0.30957290530204773,0
official_genus_current_only,XGBoost,4,GCF_033798705.1,Cyanobacterium,102234,0,0.21106810867786407,0
official_genus_current_only,XGBoost,4,GCF_035320825.1,Cyanobacterium,102234,0,0.202764630317688,0
official_genus_current_only,XGBoost,4,GCF_036345015.1,Cyanobacterium,102234,1,0.21729017794132233,0
official_genus_current_only,XGBoost,4,GCF_036630065.1,Synechococcus,1129,0,0.041279952973127365,0
official_genus_current_only,XGBoost,4,GCF_036630075.1,Synechococcus,1129,0,0.041279952973127365,0
official_genus_current_only,XGBoost,4,GCF_036630085.1,Synechococcus,1129,0,0.041279952973127365,0
official_genus_current_only,XGBoost,4,GCF_036630095.1,Synechococcus,1129,0,0.041279952973127365,0
official_genus_current_only,XGBoost,4,GCF_036630105.1,Synechococcus,1129,0,0.03850437328219414,0
official_genus_current_only,XGBoost,4,GCF_036630115.1,Synechococcus,1129,0,0.018939564004540443,0
official_genus_current_only,XGBoost,4,GCF_038396575.1,Microcystis,1125,0,0.2685055434703827,0
official_genus_current_only,XGBoost,4,GCF_038630775.1,Cyanobacterium,102234,0,0.15968383848667145,0
official_genus_current_only,XGBoost,4,GCF_040371545.1,Synechococcus,1129,0,0.0037792911753058434,0
official_genus_current_only,XGBoost,4,GCF_041506625.1,Microcystis,1125,0,0.26143431663513184,0
official_genus_current_only,XGBoost,4,GCF_045345185.1,Cyanobacterium,102234,0,0.15661300718784332,0
official_genus_current_only,XGBoost,4,GCF_047302735.1,Synechococcus,1129,0,0.001626900746487081,0
official_genus_current_only,XGBoost,4,GCF_047302785.1,Synechococcus,1129,0,0.0009827492758631706,0
official_genus_current_only,XGBoost,4,GCF_047303025.1,Synechococcus,1129,0,0.0009208389674313366,0
official_genus_current_only,XGBoost,4,GCF_047303035.1,Synechococcus,1129,0,0.0009062815806828439,0
official_genus_current_only,XGBoost,4,GCF_047303045.1,Synechococcus,1129,0,0.0009062815806828439,0
official_genus_current_only,XGBoost,4,GCF_047304065.1,Synechococcus,1129,0,0.0009062815806828439,0
official_genus_current_only,XGBoost,4,GCF_047304175.1,Synechococcus,1129,0,0.0009062815806828439,0
official_genus_current_only,XGBoost,4,GCF_047304245.1,Synechococcus,1129,0,0.000880936102475971,0
official_genus_current_only,XGBoost,4,GCF_047304545.1,Synechococcus,1129,0,0.0009062815806828439,0
official_genus_current_only,XGBoost,4,GCF_047304555.1,Synechococcus,1129,0,0.0009062815806828439,0
official_genus_current_only,XGBoost,4,GCF_047304705.1,Synechococcus,1129,0,0.0009062815806828439,0
official_genus_current_only,XGBoost,4,GCF_047304715.1,Synechococcus,1129,0,0.0009062815806828439,0
official_genus_current_only,XGBoost,4,GCF_047304725.1,Synechococcus,1129,0,0.001052604173310101,0
official_genus_current_only,XGBoost,4,GCF_047497135.1,Synechococcus,1129,0,0.0009062815806828439,0
official_genus_current_only,XGBoost,4,GCF_047716785.1,Synechococcus,1129,0,0.001052604173310101,0
official_genus_current_only,XGBoost,4,GCF_047716805.1,Synechococcus,1129,0,0.001052604173310101,0
official_genus_current_only,XGBoost,4,GCF_047716815.1,Synechococcus,1129,0,0.0009827492758631706,0
official_genus_current_only,XGBoost,4,GCF_048077055.1,Egbenema,3079668,1,0.9288737773895264,1
official_genus_current_only,XGBoost,4,GCF_048593405.1,Microcystis,1125,0,0.5883468985557556,1
official_genus_current_only,XGBoost,4,GCF_048820285.1,Microcystis,1125,0,0.5256717801094055,1
official_genus_current_only,XGBoost,4,GCF_050422935.1,Synechococcus,1129,0,0.041279952973127365,0
official_genus_current_only,XGBoost,4,GCF_050500235.1,Microcystis,1125,0,0.5883468985557556,1
official_genus_current_only,XGBoost,4,GCF_050500245.1,Microcystis,1125,0,0.5702927112579346,1
official_genus_current_only,XGBoost,4,GCF_050500255.1,Microcystis,1125,0,0.2546757459640503,0
official_genus_current_only,XGBoost,4,GCF_050711215.1,Microcystis,1125,0,0.2546757459640503,0
official_genus_current_only,XGBoost,4,GCF_051201415.1,Cylindrospermopsis,77021,1,0.8233799934387207,1
official_genus_current_only,XGBoost,4,GCF_947331815.1,Cyanobacterium,102234,1,0.6943197250366211,1
official_genus_current_only,XGBoost,4,GCF_963920465.1,Synechococcus,1129,0,0.001052604173310101,0
official_genus_current_only,XGBoost,4,GCF_963920475.1,Synechococcus,1129,0,0.002135711954906583,0
official_genus_current_only,XGBoost,4,GCF_963920495.1,Synechococcus,1129,0,0.0012381697306409478,0
official_genus_current_only,XGBoost,4,GCF_963920505.1,Synechococcus,1129,0,0.002135711954906583,0
official_genus_current_only,XGBoost,4,GCF_976987195.1,Microcystis,1125,0,0.29133111238479614,0
official_genus_current_only,assembly_length_only_LR,4,GCF_000010065.1,Synechococcus,1129,0,0.06856429679243187,0
official_genus_current_only,assembly_length_only_LR,4,GCF_000010625.1,Microcystis,1125,0,0.5473745589309237,1
official_genus_current_only,assembly_length_only_LR,4,GCF_000011345.1,Thermosynechococcus,146785,0,0.06297076121141908,0
official_genus_current_only,assembly_length_only_LR,4,GCF_000012505.1,Synechococcus,1129,0,0.04655619619214722,0
official_genus_current_only,assembly_length_only_LR,4,GCF_000012525.1,Synechococcus,1129,0,0.071224963319007,0
official_genus_current_only,assembly_length_only_LR,4,GCF_000012625.1,Synechococcus,1129,0,0.05874250026178041,0
official_genus_current_only,assembly_length_only_LR,4,GCF_000013205.1,Synechococcus,1129,1,0.08328215469645152,0
official_genus_current_only,assembly_length_only_LR,4,GCF_000013225.1,Synechococcus,1129,1,0.0913525671621398,0
official_genus_current_only,assembly_length_only_LR,4,GCF_000014585.1,Synechococcus,1129,0,0.06365079292388333,0
official_genus_current_only,assembly_length_only_LR,4,GCF_000161795.2,Synechococcus,1129,0,0.04192217032919835,0
official_genus_current_only,assembly_length_only_LR,4,GCF_000179235.2,Synechococcus,1129,0,0.07406384438659001,0
official_genus_current_only,assembly_length_only_LR,4,GCF_000196515.1,'Nostoc,264688,1,0.46824485469985716,0
official_genus_current_only,assembly_length_only_LR,4,GCF_000204075.1,Trichormus,264688,1,0.7881048191010493,1
official_genus_current_only,assembly_length_only_LR,4,GCF_000316685.1,Synechococcus,1129,0,0.15474852540729406,0
official_genus_current_only,assembly_length_only_LR,4,GCF_000317085.1,Synechococcus,3687896,0,0.1394948349552631,0
official_genus_current_only,assembly_length_only_LR,4,GCF_000317105.1,Oxynema,1492710,0,0.8737919169649229,1
official_genus_current_only,assembly_length_only_LR,4,GCF_000317125.1,Chroococcidiopsis,54298,1,0.7197399087465441,1
official_genus_current_only,assembly_length_only_LR,4,GCF_000317675.1,Cyanobacterium,102234,0,0.21555276032145068,0
official_genus_current_only,assembly_length_only_LR,4,GCF_000737535.1,Synechococcus,1129,0,0.0740243842655707,0
official_genus_current_only,assembly_length_only_LR,4,GCF_000737575.1,Synechococcus,1129,0,0.06254986056201023,0
official_genus_current_only,assembly_length_only_LR,4,GCF_000737595.1,Synechococcus,1129,0,0.06183677926124049,0
official_genus_current_only,assembly_length_only_LR,4,GCF_000817325.1,Synechococcus,1129,0,0.07136378781415946,0
official_genus_current_only,assembly_length_only_LR,4,GCF_000981785.2,Microcystis,1125,0,0.234824510559027,0
official_genus_current_only,assembly_length_only_LR,4,GCF_001264245.1,Microcystis,1125,0,0.5128313766512241,1
official_genus_current_only,assembly_length_only_LR,4,GCF_001704955.2,Microcystis,1125,0,0.25782355601974266,0
official_genus_current_only,assembly_length_only_LR,4,GCF_001747005.2,Cyanobacterium,102234,0,0.1284699482039669,0
official_genus_current_only,assembly_length_only_LR,4,GCF_001767235.1,Moorena,1155738,0,0.9741427870067295,1
official_genus_current_only,assembly_length_only_LR,4,GCF_001885215.1,Synechococcus,1129,0,0.0717187824027966,0
official_genus_current_only,assembly_length_only_LR,4,GCF_002095975.1,Microcystis,1125,0,0.39276720744370863,0
official_genus_current_only,assembly_length_only_LR,4,GCF_002813895.1,Cyanobacterium,102234,0,0.11158941454391644,0
official_genus_current_only,assembly_length_only_LR,4,GCF_003019735.1,Microcystis,1125,0,0.3678066925276635,0
official_genus_current_only,assembly_length_only_LR,4,GCF_003367075.2,Cylindrospermopsis,77021,1,0.15914393622517542,0
official_genus_current_only,assembly_length_only_LR,4,GCF_003555505.1,Thermosynechococcus,146785,0,0.06599886537110272,0
official_genus_current_only,assembly_length_only_LR,4,GCF_003846445.2,Synechococcus,1129,0,0.07499622016351752,0
official_genus_current_only,assembly_length_only_LR,4,GCF_003945305.1,Microcystis,1125,0,0.5542857298655919,1
official_genus_current_only,assembly_length_only_LR,4,GCF_003957805.1,Synechococcus,1129,0,0.07984786964149514,0
official_genus_current_only,assembly_length_only_LR,4,GCF_004209775.1,Synechococcus,1129,0,0.06491049069240239,0
official_genus_current_only,assembly_length_only_LR,4,GCF_008386235.1,Thermosynechococcus,146785,0,0.06586349748787307,0
official_genus_current_only,assembly_length_only_LR,4,GCF_008807075.1,Synechococcus,1129,0,0.0868885936251668,0
official_genus_current_only,assembly_length_only_LR,4,GCF_009498715.2,Synechococcus,1129,0,0.07497579667940443,0
official_genus_current_only,assembly_length_only_LR,4,GCF_009792235.1,Microcystis,1125,0,0.46978828817914364,0
official_genus_current_only,assembly_length_only_LR,4,GCF_009856605.1,Trichormus,264688,1,0.7866543113688006,1
official_genus_current_only,assembly_length_only_LR,4,GCF_010196425.1,Microcystis,1125,0,0.36673961366505264,0
official_genus_current_only,assembly_length_only_LR,4,GCF_012295525.1,Oxynema,1492710,0,0.656593379933172,1
official_genus_current_only,assembly_length_only_LR,4,GCF_012516315.1,Limnospira,2596745,0,0.6696960316188233,1
official_genus_current_only,assembly_length_only_LR,4,GCF_014217875.1,Synechococcus,1129,0,0.05423471810732081,0
official_genus_current_only,assembly_length_only_LR,4,GCF_014279535.1,Synechococcus,1129,0,0.0448327774662949,0
official_genus_current_only,assembly_length_only_LR,4,GCF_014279555.1,Synechococcus,1129,0,0.07042641127207441,0
official_genus_current_only,assembly_length_only_LR,4,GCF_014279595.1,Synechococcus,1129,0,0.0634613085546249,0
official_genus_current_only,assembly_length_only_LR,4,GCF_014279615.1,Synechococcus,1129,0,0.06233228492930456,0
official_genus_current_only,assembly_length_only_LR,4,GCF_014279635.1,Synechococcus,1129,0,0.05731101549867218,0
official_genus_current_only,assembly_length_only_LR,4,GCF_014279655.1,Synechococcus,1129,0,0.07956604532625422,0
official_genus_current_only,assembly_length_only_LR,4,GCF_014279755.1,Synechococcus,1129,0,0.062040108071151186,0
official_genus_current_only,assembly_length_only_LR,4,GCF_014279775.1,Synechococcus,1129,0,0.04812517694549809,0
official_genus_current_only,assembly_length_only_LR,4,GCF_014279795.1,Synechococcus,1129,0,0.061484170552222155,0
official_genus_current_only,assembly_length_only_LR,4,GCF_014279815.1,Synechococcus,1129,0,0.060845350292528695,0
official_genus_current_only,assembly_length_only_LR,4,GCF_014279835.1,Synechococcus,1129,0,0.055921687194849544,0
official_genus_current_only,assembly_length_only_LR,4,GCF_014279855.1,Synechococcus,1129,0,0.04855087420372002,0
official_genus_current_only,assembly_length_only_LR,4,GCF_014279875.1,Synechococcus,1129,0,0.055170132298333875,0
official_genus_current_only,assembly_length_only_LR,4,GCF_014279895.1,Synechococcus,1129,0,0.04194793832934465,0
official_genus_current_only,assembly_length_only_LR,4,GCF_014279955.1,Synechococcus,1129,0,0.0633546479882268,0
official_genus_current_only,assembly_length_only_LR,4,GCF_014279975.1,Synechococcus,1129,0,0.06939717715181667,0
official_genus_current_only,assembly_length_only_LR,4,GCF_014280035.1,Synechococcus,1129,0,0.058776988554807626,0
official_genus_current_only,assembly_length_only_LR,4,GCF_014280075.1,Synechococcus,1129,0,0.04895503885033471,0
official_genus_current_only,assembly_length_only_LR,4,GCF_014280095.1,Synechococcus,1129,0,0.06037382133849052,0
official_genus_current_only,assembly_length_only_LR,4,GCF_014280115.1,Synechococcus,1129,0,0.06446233331702242,0
official_genus_current_only,assembly_length_only_LR,4,GCF_014280175.1,Synechococcus,1129,0,0.05095790950604812,0
official_genus_current_only,assembly_length_only_LR,4,GCF_014280195.1,Synechococcus,1129,0,0.04942237101770201,0
official_genus_current_only,assembly_length_only_LR,4,GCF_014280215.1,Synechococcus,1129,0,0.06037689968334881,0
official_genus_current_only,assembly_length_only_LR,4,GCF_014304795.1,Synechococcus,1129,0,0.06451911448137149,0
official_genus_current_only,assembly_length_only_LR,4,GCF_014304815.1,Synechococcus,1129,0,0.05463039162712083,0
official_genus_current_only,assembly_length_only_LR,4,GCF_015840335.1,Synechococcus,1129,0,0.1055030469700561,0
official_genus_current_only,assembly_length_only_LR,4,GCF_015840525.1,Synechococcus,1129,0,0.17170048818859554,0
official_genus_current_only,assembly_length_only_LR,4,GCF_015840715.1,Synechococcus,1129,0,0.14922499526344163,0
official_genus_current_only,assembly_length_only_LR,4,GCF_015840915.1,Synechococcus,1129,0,0.17094173628671105,0
official_genus_current_only,assembly_length_only_LR,4,GCF_015841355.1,Synechococcus,1129,0,0.10349468332742379,0
official_genus_current_only,assembly_length_only_LR,4,GCF_017086385.1,Thermosynechococcus,146785,0,0.06646224453450307,0
official_genus_current_only,assembly_length_only_LR,4,GCF_018139025.1,Cylindrospermopsis,77021,1,0.17132684104660498,0
official_genus_current_only,assembly_length_only_LR,4,GCF_019704275.1,Microcystis,1125,0,0.47155972671985125,0
official_genus_current_only,assembly_length_only_LR,4,GCF_021172085.1,Microcystis,1125,0,0.3851067269513176,0
official_genus_current_only,assembly_length_only_LR,4,GCF_021650815.1,Cylindrospermopsis,77021,1,0.1652279064664323,0
official_genus_current_only,assembly_length_only_LR,4,GCF_022984195.1,Synechococcus,1129,0,0.07165751141559784,0
official_genus_current_only,assembly_length_only_LR,4,GCF_023078835.1,Synechococcus,1129,0,0.05400316561595892,0
official_genus_current_only,assembly_length_only_LR,4,GCF_023115425.1,Synechococcus,1129,0,0.05371558969424722,0
official_genus_current_only,assembly_length_only_LR,4,GCF_023546805.1,Chroococcidiopsis,54298,1,0.7649681372420667,1
official_genus_current_only,assembly_length_only_LR,4,GCF_023650955.1,Thermosynechococcus,146785,0,0.0691178665845347,0
official_genus_current_only,assembly_length_only_LR,4,GCF_023983615.1,Phormidium,2219504,1,0.3233573442555568,0
official_genus_current_only,assembly_length_only_LR,4,GCF_025200965.1,Limnospira,2596745,0,0.6651120524667219,1
official_genus_current_only,assembly_length_only_LR,4,GCF_025999095.1,Thermosynechococcus,146785,0,0.058117739736704234,0
official_genus_current_only,assembly_length_only_LR,4,GCF_026000695.1,Limnospira,2596745,0,0.7423711455990719,1
official_genus_current_only,assembly_length_only_LR,4,GCF_026222535.1,Microcystis,1125,0,0.5090488127928726,1
official_genus_current_only,assembly_length_only_LR,4,GCF_029953635.1,Halotia,1620790,1,0.7896871591329021,1
official_genus_current_only,assembly_length_only_LR,4,GCF_030322965.1,Thermosynechococcus,146785,0,0.06746431187476154,0
official_genus_current_only,assembly_length_only_LR,4,GCF_030322985.1,Thermosynechococcus,146785,0,0.0659312313140507,0
official_genus_current_only,assembly_length_only_LR,4,GCF_030323045.1,Thermosynechococcus,146785,0,0.06613108560096767,0
official_genus_current_only,assembly_length_only_LR,4,GCF_030518695.1,Thermosynechococcus,146785,0,0.06890930956695968,0
official_genus_current_only,assembly_length_only_LR,4,GCF_030518715.1,Thermosynechococcus,146785,0,0.06746627065968017,0
official_genus_current_only,assembly_length_only_LR,4,GCF_030518735.1,Thermosynechococcus,146785,0,0.06750573742018558,0
official_genus_current_only,assembly_length_only_LR,4,GCF_030544905.1,Synechococcus,1129,0,0.07168799287134694,0
official_genus_current_only,assembly_length_only_LR,4,GCF_030553035.1,Microcystis,1125,0,0.385279260830086,0
official_genus_current_only,assembly_length_only_LR,4,GCF_031583185.1,Thermosynechococcus,146785,0,0.06617488385394973,0
official_genus_current_only,assembly_length_only_LR,4,GCF_031583205.1,Thermosynechococcus,146785,0,0.06875371578043947,0
official_genus_current_only,assembly_length_only_LR,4,GCF_031583225.1,Thermosynechococcus,146785,0,0.06876225956481745,0
official_genus_current_only,assembly_length_only_LR,4,GCF_031583255.1,Thermosynechococcus,146785,0,0.06647516074884167,0
official_genus_current_only,assembly_length_only_LR,4,GCF_031583295.1,Thermosynechococcus,146785,0,0.06574171771538002,0
official_genus_current_only,assembly_length_only_LR,4,GCF_031583315.1,Thermosynechococcus,146785,0,0.0657404064562606,0
official_genus_current_only,assembly_length_only_LR,4,GCF_031583335.1,Thermosynechococcus,146785,0,0.06574947649602293,0
official_genus_current_only,assembly_length_only_LR,4,GCF_031583355.1,Thermosynechococcus,146785,0,0.0657452145252343,0
official_genus_current_only,assembly_length_only_LR,4,GCF_031583375.1,Thermosynechococcus,146785,0,0.0657496404231054,0
official_genus_current_only,assembly_length_only_LR,4,GCF_031583395.1,Thermosynechococcus,146785,0,0.06663094581289367,0
official_genus_current_only,assembly_length_only_LR,4,GCF_031583415.1,Thermosynechococcus,146785,0,0.06663481850025249,0
official_genus_current_only,assembly_length_only_LR,4,GCF_031583435.1,Thermosynechococcus,146785,0,0.06664627181298505,0
official_genus_current_only,assembly_length_only_LR,4,GCF_031583455.1,Thermosynechococcus,146785,0,0.06698316113214951,0
official_genus_current_only,assembly_length_only_LR,4,GCF_031583475.1,Thermosynechococcus,146785,0,0.06750187377071237,0
official_genus_current_only,assembly_length_only_LR,4,GCF_031583495.1,Thermosynechococcus,146785,0,0.06713693110936755,0
official_genus_current_only,assembly_length_only_LR,4,GCF_031583515.1,Thermosynechococcus,146785,0,0.06653458326869786,0
official_genus_current_only,assembly_length_only_LR,4,GCF_031583535.1,Thermosynechococcus,146785,0,0.06746627065968017,0
official_genus_current_only,assembly_length_only_LR,4,GCF_031583555.1,Thermosynechococcus,146785,0,0.06745289600678392,0
official_genus_current_only,assembly_length_only_LR,4,GCF_031586415.1,Thermosynechococcus,146785,0,0.0664161736215184,0
official_genus_current_only,assembly_length_only_LR,4,GCF_031754835.1,Microcystis,1125,0,0.35986654276124425,0
official_genus_current_only,assembly_length_only_LR,4,GCF_033798705.1,Cyanobacterium,102234,0,0.23574786569840217,0
official_genus_current_only,assembly_length_only_LR,4,GCF_035320825.1,Cyanobacterium,102234,0,0.23150372104254333,0
official_genus_current_only,assembly_length_only_LR,4,GCF_036345015.1,Cyanobacterium,102234,1,0.23790791639715564,0
official_genus_current_only,assembly_length_only_LR,4,GCF_036630065.1,Synechococcus,1129,0,0.07462716707228083,0
official_genus_current_only,assembly_length_only_LR,4,GCF_036630075.1,Synechococcus,1129,0,0.08104139132924212,0
official_genus_current_only,assembly_length_only_LR,4,GCF_036630085.1,Synechococcus,1129,0,0.08019160554207028,0
official_genus_current_only,assembly_length_only_LR,4,GCF_036630095.1,Synechococcus,1129,0,0.07489248977285301,0
official_genus_current_only,assembly_length_only_LR,4,GCF_036630105.1,Synechococcus,1129,0,0.07473603416060744,0
official_genus_current_only,assembly_length_only_LR,4,GCF_036630115.1,Synechococcus,1129,0,0.07467171670761576,0
official_genus_current_only,assembly_length_only_LR,4,GCF_038396575.1,Microcystis,1125,0,0.31374625222089386,0
official_genus_current_only,assembly_length_only_LR,4,GCF_038630775.1,Cyanobacterium,102234,0,0.2538562167260697,0
official_genus_current_only,assembly_length_only_LR,4,GCF_040371545.1,Synechococcus,1129,0,0.036748787155319304,0
official_genus_current_only,assembly_length_only_LR,4,GCF_041506625.1,Microcystis,1125,0,0.3836595539620279,0
official_genus_current_only,assembly_length_only_LR,4,GCF_045345185.1,Cyanobacterium,102234,0,0.235639539024425,0
official_genus_current_only,assembly_length_only_LR,4,GCF_047302735.1,Synechococcus,1129,0,0.06339086951941338,0
official_genus_current_only,assembly_length_only_LR,4,GCF_047302785.1,Synechococcus,1129,0,0.06448513679252497,0
official_genus_current_only,assembly_length_only_LR,4,GCF_047303025.1,Synechococcus,1129,0,0.11199528270511792,0
official_genus_current_only,assembly_length_only_LR,4,GCF_047303035.1,Synechococcus,1129,0,0.07430290849181813,0
official_genus_current_only,assembly_length_only_LR,4,GCF_047303045.1,Synechococcus,1129,0,0.05939824942286481,0
official_genus_current_only,assembly_length_only_LR,4,GCF_047304065.1,Synechococcus,1129,0,0.07430321441954675,0
official_genus_current_only,assembly_length_only_LR,4,GCF_047304175.1,Synechococcus,1129,0,0.06516353000345704,0
official_genus_current_only,assembly_length_only_LR,4,GCF_047304245.1,Synechococcus,1129,0,0.0537345384893829,0
official_genus_current_only,assembly_length_only_LR,4,GCF_047304545.1,Synechococcus,1129,0,0.07459498365323051,0
official_genus_current_only,assembly_length_only_LR,4,GCF_047304555.1,Synechococcus,1129,0,0.05418500477784874,0
official_genus_current_only,assembly_length_only_LR,4,GCF_047304705.1,Synechococcus,1129,0,0.05465915841012172,0
official_genus_current_only,assembly_length_only_LR,4,GCF_047304715.1,Synechococcus,1129,0,0.07800452308552039,0
official_genus_current_only,assembly_length_only_LR,4,GCF_047304725.1,Synechococcus,1129,0,0.06359652511231277,0
official_genus_current_only,assembly_length_only_LR,4,GCF_047497135.1,Synechococcus,1129,0,0.09830755174403435,0
official_genus_current_only,assembly_length_only_LR,4,GCF_047716785.1,Synechococcus,1129,0,0.06657476004923442,0
official_genus_current_only,assembly_length_only_LR,4,GCF_047716805.1,Synechococcus,1129,0,0.0521644179684448,0
official_genus_current_only,assembly_length_only_LR,4,GCF_047716815.1,Synechococcus,1129,0,0.06454634085977087,0
official_genus_current_only,assembly_length_only_LR,4,GCF_048077055.1,Egbenema,3079668,1,0.8415981816679375,1
official_genus_current_only,assembly_length_only_LR,4,GCF_048593405.1,Microcystis,1125,0,0.37908609111924263,0
official_genus_current_only,assembly_length_only_LR,4,GCF_048820285.1,Microcystis,1125,0,0.35397650198232733,0
official_genus_current_only,assembly_length_only_LR,4,GCF_050422935.1,Synechococcus,1129,0,0.06975380143303606,0
official_genus_current_only,assembly_length_only_LR,4,GCF_050500235.1,Microcystis,1125,0,0.3469078948706034,0
official_genus_current_only,assembly_length_only_LR,4,GCF_050500245.1,Microcystis,1125,0,0.34657119769641925,0
official_genus_current_only,assembly_length_only_LR,4,GCF_050500255.1,Microcystis,1125,0,0.5520905268433324,1
official_genus_current_only,assembly_length_only_LR,4,GCF_050711215.1,Microcystis,1125,0,0.5529691644423069,1
official_genus_current_only,assembly_length_only_LR,4,GCF_051201415.1,Cylindrospermopsis,77021,1,0.19241547027451614,0
official_genus_current_only,assembly_length_only_LR,4,GCF_947331815.1,Cyanobacterium,102234,1,0.057442985372675365,0
official_genus_current_only,assembly_length_only_LR,4,GCF_963920465.1,Synechococcus,1129,0,0.0757286517801108,0
official_genus_current_only,assembly_length_only_LR,4,GCF_963920475.1,Synechococcus,1129,0,0.1041700363434265,0
official_genus_current_only,assembly_length_only_LR,4,GCF_963920495.1,Synechococcus,1129,0,0.11950849833738061,0
official_genus_current_only,assembly_length_only_LR,4,GCF_963920505.1,Synechococcus,1129,0,0.09424236748294258,0
official_genus_current_only,assembly_length_only_LR,4,GCF_976987195.1,Microcystis,1125,0,0.46656343308596115,0
official_genus_current_only,retained_family_count_only_LR,4,GCF_000010065.1,Synechococcus,1129,0,0.13002758815179125,0
official_genus_current_only,retained_family_count_only_LR,4,GCF_000010625.1,Microcystis,1125,0,0.26208793616853776,0
official_genus_current_only,retained_family_count_only_LR,4,GCF_000011345.1,Thermosynechococcus,146785,0,0.14360822268240983,0
official_genus_current_only,retained_family_count_only_LR,4,GCF_000012505.1,Synechococcus,1129,0,0.41345687556917116,0
official_genus_current_only,retained_family_count_only_LR,4,GCF_000012525.1,Synechococcus,1129,0,0.1328837489378988,0
official_genus_current_only,retained_family_count_only_LR,4,GCF_000012625.1,Synechococcus,1129,0,0.4689040250466596,0
official_genus_current_only,retained_family_count_only_LR,4,GCF_000013205.1,Synechococcus,1129,1,0.08309308320749029,0
official_genus_current_only,retained_family_count_only_LR,4,GCF_000013225.1,Synechococcus,1129,1,0.08271268321987858,0
official_genus_current_only,retained_family_count_only_LR,4,GCF_000014585.1,Synechococcus,1129,0,0.4801317244267389,0
official_genus_current_only,retained_family_count_only_LR,4,GCF_000161795.2,Synechococcus,1129,0,0.46641284877792466,0
official_genus_current_only,retained_family_count_only_LR,4,GCF_000179235.2,Synechococcus,1129,0,0.2818955027072494,0
official_genus_current_only,retained_family_count_only_LR,4,GCF_000196515.1,'Nostoc,264688,1,0.8846151267278285,1
official_genus_current_only,retained_family_count_only_LR,4,GCF_000204075.1,Trichormus,264688,1,0.9808878154206441,1
official_genus_current_only,retained_family_count_only_LR,4,GCF_000316685.1,Synechococcus,1129,0,0.14608714055599492,0
official_genus_current_only,retained_family_count_only_LR,4,GCF_000317085.1,Synechococcus,3687896,0,0.09744608992745242,0
official_genus_current_only,retained_family_count_only_LR,4,GCF_000317105.1,Oxynema,1492710,0,0.231430147893205,0
official_genus_current_only,retained_family_count_only_LR,4,GCF_000317125.1,Chroococcidiopsis,54298,1,0.44779083059070096,0
official_genus_current_only,retained_family_count_only_LR,4,GCF_000317675.1,Cyanobacterium,102234,0,0.14671238604291462,0
official_genus_current_only,retained_family_count_only_LR,4,GCF_000737535.1,Synechococcus,1129,0,0.44655397013633985,0
official_genus_current_only,retained_family_count_only_LR,4,GCF_000737575.1,Synechococcus,1129,0,0.4614356409332225,0
official_genus_current_only,retained_family_count_only_LR,4,GCF_000737595.1,Synechococcus,1129,0,0.4614356409332225,0
official_genus_current_only,retained_family_count_only_LR,4,GCF_000817325.1,Synechococcus,1129,0,0.13346131672402872,0
official_genus_current_only,retained_family_count_only_LR,4,GCF_000981785.2,Microcystis,1125,0,0.258235898691284,0
official_genus_current_only,retained_family_count_only_LR,4,GCF_001264245.1,Microcystis,1125,0,0.2413637829916636,0
official_genus_current_only,retained_family_count_only_LR,4,GCF_001704955.2,Microcystis,1125,0,0.2611214618584837,0
official_genus_current_only,retained_family_count_only_LR,4,GCF_001747005.2,Cyanobacterium,102234,0,0.13935444350677811,0
official_genus_current_only,retained_family_count_only_LR,4,GCF_001767235.1,Moorena,1155738,0,0.22265057839790223,0
official_genus_current_only,retained_family_count_only_LR,4,GCF_001885215.1,Synechococcus,1129,0,0.2413637829916636,0
official_genus_current_only,retained_family_count_only_LR,4,GCF_002095975.1,Microcystis,1125,0,0.2611214618584837,0
official_genus_current_only,retained_family_count_only_LR,4,GCF_002813895.1,Cyanobacterium,102234,0,0.13935444350677811,0
official_genus_current_only,retained_family_count_only_LR,4,GCF_003019735.1,Microcystis,1125,0,0.2630567140907716,0
official_genus_current_only,retained_family_count_only_LR,4,GCF_003367075.2,Cylindrospermopsis,77021,1,0.6672994298801034,1
official_genus_current_only,retained_family_count_only_LR,4,GCF_003555505.1,Thermosynechococcus,146785,0,0.14546410543354996,0
official_genus_current_only,retained_family_count_only_LR,4,GCF_003846445.2,Synechococcus,1129,0,0.1340410068028624,0
official_genus_current_only,retained_family_count_only_LR,4,GCF_003945305.1,Microcystis,1125,0,0.26597682991742777,0
official_genus_current_only,retained_family_count_only_LR,4,GCF_003957805.1,Synechococcus,1129,0,0.1328837489378988,0
official_genus_current_only,retained_family_count_only_LR,4,GCF_004209775.1,Synechococcus,1129,0,0.4901291326347825,0
official_genus_current_only,retained_family_count_only_LR,4,GCF_008386235.1,Thermosynechococcus,146785,0,0.14546410543354996,0
official_genus_current_only,retained_family_count_only_LR,4,GCF_008807075.1,Synechococcus,1129,0,0.2450472868744507,0
official_genus_current_only,retained_family_count_only_LR,4,GCF_009498715.2,Synechococcus,1129,0,0.13346131672402872,0
official_genus_current_only,retained_family_count_only_LR,4,GCF_009792235.1,Microcystis,1125,0,0.2515842263111181,0
official_genus_current_only,retained_family_count_only_LR,4,GCF_009856605.1,Trichormus,264688,1,0.9810745081721862,1
official_genus_current_only,retained_family_count_only_LR,4,GCF_010196425.1,Microcystis,1125,0,0.2689175324305344,0
official_genus_current_only,retained_family_count_only_LR,4,GCF_012295525.1,Oxynema,1492710,0,0.20745322052278012,0
official_genus_current_only,retained_family_count_only_LR,4,GCF_012516315.1,Limnospira,2596745,0,0.18993721585457424,0
official_genus_current_only,retained_family_count_only_LR,4,GCF_014217875.1,Synechococcus,1129,0,0.2973332433941746,0
official_genus_current_only,retained_family_count_only_LR,4,GCF_014279535.1,Synechococcus,1129,0,0.46641284877792466,0
official_genus_current_only,retained_family_count_only_LR,4,GCF_014279555.1,Synechococcus,1129,0,0.4863787488895288,0
official_genus_current_only,retained_family_count_only_LR,4,GCF_014279595.1,Synechococcus,1129,0,0.48387931883800295,0
official_genus_current_only,retained_family_count_only_LR,4,GCF_014279615.1,Synechococcus,1129,0,0.47638636452695954,0
official_genus_current_only,retained_family_count_only_LR,4,GCF_014279635.1,Synechococcus,1129,0,0.47389090652696636,0
official_genus_current_only,retained_family_count_only_LR,4,GCF_014279655.1,Synechococcus,1129,0,0.48262989835995507,0
official_genus_current_only,retained_family_count_only_LR,4,GCF_014279755.1,Synechococcus,1129,0,0.46267926143962923,0
official_genus_current_only,retained_family_count_only_LR,4,GCF_014279775.1,Synechococcus,1129,0,0.48262989835995507,0
official_genus_current_only,retained_family_count_only_LR,4,GCF_014279795.1,Synechococcus,1129,0,0.5013852633175994,1
official_genus_current_only,retained_family_count_only_LR,4,GCF_014279815.1,Synechococcus,1129,0,0.5076387929530228,1
official_genus_current_only,retained_family_count_only_LR,4,GCF_014279835.1,Synechococcus,1129,0,0.4876287272622676,0
official_genus_current_only,retained_family_count_only_LR,4,GCF_014279855.1,Synechococcus,1129,0,0.2591954393867614,0
official_genus_current_only,retained_family_count_only_LR,4,GCF_014279875.1,Synechococcus,1129,0,0.4938806278422437,0
official_genus_current_only,retained_family_count_only_LR,4,GCF_014279895.1,Synechococcus,1129,0,0.4639233464661525,0
official_genus_current_only,retained_family_count_only_LR,4,GCF_014279955.1,Synechococcus,1129,0,0.505137558336602,1
official_genus_current_only,retained_family_count_only_LR,4,GCF_014279975.1,Synechococcus,1129,0,0.48512894087976777,0
official_genus_current_only,retained_family_count_only_LR,4,GCF_014280035.1,Synechococcus,1129,0,0.5088892747007752,1
official_genus_current_only,retained_family_count_only_LR,4,GCF_014280075.1,Synechococcus,1129,0,0.472643658632799,0
official_genus_current_only,retained_family_count_only_LR,4,GCF_014280095.1,Synechococcus,1129,0,0.5063882156171298,1
official_genus_current_only,retained_family_count_only_LR,4,GCF_014280115.1,Synechococcus,1129,0,0.472643658632799,0
official_genus_current_only,retained_family_count_only_LR,4,GCF_014280175.1,Synechococcus,1129,0,0.46765823535732776,0
official_genus_current_only,retained_family_count_only_LR,4,GCF_014280195.1,Synechococcus,1129,0,0.4701502024413505,0
official_genus_current_only,retained_family_count_only_LR,4,GCF_014280215.1,Synechococcus,1129,0,0.45026647554834875,0
official_genus_current_only,retained_family_count_only_LR,4,GCF_014304795.1,Synechococcus,1129,0,0.4901291326347825,0
official_genus_current_only,retained_family_count_only_LR,4,GCF_014304815.1,Synechococcus,1129,0,0.48512894087976777,0
official_genus_current_only,retained_family_count_only_LR,4,GCF_015840335.1,Synechococcus,1129,0,0.26500116500295423,0
official_genus_current_only,retained_family_count_only_LR,4,GCF_015840525.1,Synechococcus,1129,0,0.27287029096119464,0
official_genus_current_only,retained_family_count_only_LR,4,GCF_015840715.1,Synechococcus,1129,0,0.2611214618584837,0
official_genus_current_only,retained_family_count_only_LR,4,GCF_015840915.1,Synechococcus,1129,0,0.2679350178993603,0
official_genus_current_only,retained_family_count_only_LR,4,GCF_015841355.1,Synechococcus,1129,0,0.25252746538554227,0
official_genus_current_only,retained_family_count_only_LR,4,GCF_017086385.1,Thermosynechococcus,146785,0,0.14546410543354996,0
official_genus_current_only,retained_family_count_only_LR,4,GCF_018139025.1,Cylindrospermopsis,77021,1,0.6717276010531208,1
official_genus_current_only,retained_family_count_only_LR,4,GCF_019704275.1,Microcystis,1125,0,0.266954782292767,0
official_genus_current_only,retained_family_count_only_LR,4,GCF_021172085.1,Microcystis,1125,0,0.2611214618584837,0
official_genus_current_only,retained_family_count_only_LR,4,GCF_021650815.1,Cylindrospermopsis,77021,1,0.661722448014088,1
official_genus_current_only,retained_family_count_only_LR,4,GCF_022984195.1,Synechococcus,1129,0,0.13230829900040428,0
official_genus_current_only,retained_family_count_only_LR,4,GCF_023078835.1,Synechococcus,1129,0,0.29006831512697256,0
official_genus_current_only,retained_family_count_only_LR,4,GCF_023115425.1,Synechococcus,1129,0,0.2890390760765844,0
official_genus_current_only,retained_family_count_only_LR,4,GCF_023546805.1,Chroococcidiopsis,54298,1,0.4342241898317495,0
official_genus_current_only,retained_family_count_only_LR,4,GCF_023650955.1,Thermosynechococcus,146785,0,0.1448432767320582,0
official_genus_current_only,retained_family_count_only_LR,4,GCF_023983615.1,Phormidium,2219504,1,0.1505104939476385,0
official_genus_current_only,retained_family_count_only_LR,4,GCF_025200965.1,Limnospira,2596745,0,0.1750163587796461,0
official_genus_current_only,retained_family_count_only_LR,4,GCF_025999095.1,Thermosynechococcus,146785,0,0.14360822268240983,0
official_genus_current_only,retained_family_count_only_LR,4,GCF_026000695.1,Limnospira,2596745,0,0.18763851955745262,0
official_genus_current_only,retained_family_count_only_LR,4,GCF_026222535.1,Microcystis,1125,0,0.26208793616853776,0
official_genus_current_only,retained_family_count_only_LR,4,GCF_029953635.1,Halotia,1620790,1,0.9765233781488506,1
official_genus_current_only,retained_family_count_only_LR,4,GCF_030322965.1,Thermosynechococcus,146785,0,0.14546410543354996,0
official_genus_current_only,retained_family_count_only_LR,4,GCF_030322985.1,Thermosynechococcus,146785,0,0.14546410543354996,0
official_genus_current_only,retained_family_count_only_LR,4,GCF_030323045.1,Thermosynechococcus,146785,0,0.14546410543354996,0
official_genus_current_only,retained_family_count_only_LR,4,GCF_030518695.1,Thermosynechococcus,146785,0,0.14546410543354996,0
official_genus_current_only,retained_family_count_only_LR,4,GCF_030518715.1,Thermosynechococcus,146785,0,0.14546410543354996,0
official_genus_current_only,retained_family_count_only_LR,4,GCF_030518735.1,Thermosynechococcus,146785,0,0.14546410543354996,0
official_genus_current_only,retained_family_count_only_LR,4,GCF_030544905.1,Synechococcus,1129,0,0.1328837489378988,0
official_genus_current_only,retained_family_count_only_LR,4,GCF_030553035.1,Microcystis,1125,0,0.2601572950075639,0
official_genus_current_only,retained_family_count_only_LR,4,GCF_031583185.1,Thermosynechococcus,146785,0,0.1448432767320582,0
official_genus_current_only,retained_family_count_only_LR,4,GCF_031583205.1,Thermosynechococcus,146785,0,0.14546410543354996,0
official_genus_current_only,retained_family_count_only_LR,4,GCF_031583225.1,Thermosynechococcus,146785,0,0.14546410543354996,0
official_genus_current_only,retained_family_count_only_LR,4,GCF_031583255.1,Thermosynechococcus,146785,0,0.14546410543354996,0
official_genus_current_only,retained_family_count_only_LR,4,GCF_031583295.1,Thermosynechococcus,146785,0,0.14546410543354996,0
official_genus_current_only,retained_family_count_only_LR,4,GCF_031583315.1,Thermosynechococcus,146785,0,0.14546410543354996,0
official_genus_current_only,retained_family_count_only_LR,4,GCF_031583335.1,Thermosynechococcus,146785,0,0.14546410543354996,0
official_genus_current_only,retained_family_count_only_LR,4,GCF_031583355.1,Thermosynechococcus,146785,0,0.14422465048084235,0
official_genus_current_only,retained_family_count_only_LR,4,GCF_031583375.1,Thermosynechococcus,146785,0,0.14546410543354996,0
official_genus_current_only,retained_family_count_only_LR,4,GCF_031583395.1,Thermosynechococcus,146785,0,0.1448432767320582,0
official_genus_current_only,retained_family_count_only_LR,4,GCF_031583415.1,Thermosynechococcus,146785,0,0.1448432767320582,0
official_genus_current_only,retained_family_count_only_LR,4,GCF_031583435.1,Thermosynechococcus,146785,0,0.14546410543354996,0
official_genus_current_only,retained_family_count_only_LR,4,GCF_031583455.1,Thermosynechococcus,146785,0,0.1448432767320582,0
official_genus_current_only,retained_family_count_only_LR,4,GCF_031583475.1,Thermosynechococcus,146785,0,0.14546410543354996,0
official_genus_current_only,retained_family_count_only_LR,4,GCF_031583495.1,Thermosynechococcus,146785,0,0.14546410543354996,0
official_genus_current_only,retained_family_count_only_LR,4,GCF_031583515.1,Thermosynechococcus,146785,0,0.14546410543354996,0
official_genus_current_only,retained_family_count_only_LR,4,GCF_031583535.1,Thermosynechococcus,146785,0,0.14546410543354996,0
official_genus_current_only,retained_family_count_only_LR,4,GCF_031583555.1,Thermosynechococcus,146785,0,0.14422465048084235,0
official_genus_current_only,retained_family_count_only_LR,4,GCF_031586415.1,Thermosynechococcus,146785,0,0.1448432767320582,0
official_genus_current_only,retained_family_count_only_LR,4,GCF_031754835.1,Microcystis,1125,0,0.2611214618584837,0
official_genus_current_only,retained_family_count_only_LR,4,GCF_033798705.1,Cyanobacterium,102234,0,0.14546410543354996,0
official_genus_current_only,retained_family_count_only_LR,4,GCF_035320825.1,Cyanobacterium,102234,0,0.14608714055599492,0
official_genus_current_only,retained_family_count_only_LR,4,GCF_036345015.1,Cyanobacterium,102234,1,0.14546410543354996,0
official_genus_current_only,retained_family_count_only_LR,4,GCF_036630065.1,Synechococcus,1129,0,0.1340410068028624,0
official_genus_current_only,retained_family_count_only_LR,4,GCF_036630075.1,Synechococcus,1129,0,0.1340410068028624,0
official_genus_current_only,retained_family_count_only_LR,4,GCF_036630085.1,Synechococcus,1129,0,0.13346131672402872,0
official_genus_current_only,retained_family_count_only_LR,4,GCF_036630095.1,Synechococcus,1129,0,0.1340410068028624,0
official_genus_current_only,retained_family_count_only_LR,4,GCF_036630105.1,Synechococcus,1129,0,0.13346131672402872,0
official_genus_current_only,retained_family_count_only_LR,4,GCF_036630115.1,Synechococcus,1129,0,0.128899822811509,0
official_genus_current_only,retained_family_count_only_LR,4,GCF_038396575.1,Microcystis,1125,0,0.2611214618584837,0
official_genus_current_only,retained_family_count_only_LR,4,GCF_038630775.1,Cyanobacterium,102234,0,0.14608714055599492,0
official_genus_current_only,retained_family_count_only_LR,4,GCF_040371545.1,Synechococcus,1129,0,0.29006831512697256,0
official_genus_current_only,retained_family_count_only_LR,4,GCF_041506625.1,Microcystis,1125,0,0.2601572950075639,0
official_genus_current_only,retained_family_count_only_LR,4,GCF_045345185.1,Cyanobacterium,102234,0,0.1423819463218804,0
official_genus_current_only,retained_family_count_only_LR,4,GCF_047302735.1,Synechococcus,1129,0,0.48387931883800295,0
official_genus_current_only,retained_family_count_only_LR,4,GCF_047302785.1,Synechococcus,1129,0,0.5101396452216643,1
official_genus_current_only,retained_family_count_only_LR,4,GCF_047303025.1,Synechococcus,1129,0,0.437915297364659,0
official_genus_current_only,retained_family_count_only_LR,4,GCF_047303035.1,Synechococcus,1129,0,0.4913795283850403,0
official_genus_current_only,retained_family_count_only_LR,4,GCF_047303045.1,Synechococcus,1129,0,0.4976328122579765,0
official_genus_current_only,retained_family_count_only_LR,4,GCF_047304065.1,Synechococcus,1129,0,0.4926300320007996,0
official_genus_current_only,retained_family_count_only_LR,4,GCF_047304175.1,Synechococcus,1129,0,0.48887886038444517,0
official_genus_current_only,retained_family_count_only_LR,4,GCF_047304245.1,Synechococcus,1129,0,0.25632377647946686,0
official_genus_current_only,retained_family_count_only_LR,4,GCF_047304545.1,Synechococcus,1129,0,0.4926300320007996,0
official_genus_current_only,retained_family_count_only_LR,4,GCF_047304555.1,Synechococcus,1129,0,0.48512894087976777,0
official_genus_current_only,retained_family_count_only_LR,4,GCF_047304705.1,Synechococcus,1129,0,0.4801317244267389,0
official_genus_current_only,retained_family_count_only_LR,4,GCF_047304715.1,Synechococcus,1129,0,0.4913795283850403,0
official_genus_current_only,retained_family_count_only_LR,4,GCF_047304725.1,Synechococcus,1129,0,0.47638636452695954,0
official_genus_current_only,retained_family_count_only_LR,4,GCF_047497135.1,Synechococcus,1129,0,0.49638203362062305,0
official_genus_current_only,retained_family_count_only_LR,4,GCF_047716785.1,Synechococcus,1129,0,0.505137558336602,1
official_genus_current_only,retained_family_count_only_LR,4,GCF_047716805.1,Synechococcus,1129,0,0.29316899408877817,0
official_genus_current_only,retained_family_count_only_LR,4,GCF_047716815.1,Synechococcus,1129,0,0.5026360665348929,1
official_genus_current_only,retained_family_count_only_LR,4,GCF_048077055.1,Egbenema,3079668,1,0.22178582316776693,0
official_genus_current_only,retained_family_count_only_LR,4,GCF_048593405.1,Microcystis,1125,0,0.2630567140907716,0
official_genus_current_only,retained_family_count_only_LR,4,GCF_048820285.1,Microcystis,1125,0,0.2689175324305344,0
official_genus_current_only,retained_family_count_only_LR,4,GCF_050422935.1,Synechococcus,1129,0,0.13346131672402872,0
official_genus_current_only,retained_family_count_only_LR,4,GCF_050500235.1,Microcystis,1125,0,0.266954782292767,0
official_genus_current_only,retained_family_count_only_LR,4,GCF_050500245.1,Microcystis,1125,0,0.26500116500295423,0
official_genus_current_only,retained_family_count_only_LR,4,GCF_050500255.1,Microcystis,1125,0,0.2630567140907716,0
official_genus_current_only,retained_family_count_only_LR,4,GCF_050711215.1,Microcystis,1125,0,0.266954782292767,0
official_genus_current_only,retained_family_count_only_LR,4,GCF_051201415.1,Cylindrospermopsis,77021,1,0.6650741504388291,1
official_genus_current_only,retained_family_count_only_LR,4,GCF_947331815.1,Cyanobacterium,102234,1,0.14177208963376692,0
official_genus_current_only,retained_family_count_only_LR,4,GCF_963920465.1,Synechococcus,1129,0,0.284943883323951,0
official_genus_current_only,retained_family_count_only_LR,4,GCF_963920475.1,Synechococcus,1129,0,0.2544209564259853,0
official_genus_current_only,retained_family_count_only_LR,4,GCF_963920495.1,Synechococcus,1129,0,0.26597682991742777,0
official_genus_current_only,retained_family_count_only_LR,4,GCF_963920505.1,Synechococcus,1129,0,0.25252746538554227,0
official_genus_current_only,retained_family_count_only_LR,4,GCF_976987195.1,Microcystis,1125,0,0.266954782292767,0
official_genus_current_only,Random Forest,5,GCF_000011385.1,Gloeobacter,33071,0,0.11676767704714994,0
official_genus_current_only,Random Forest,5,GCF_000014265.1,Trichodesmium,1205,1,0.29916429830245617,0
official_genus_current_only,Random Forest,5,GCF_000316575.1,Calothrix,1186,1,0.9676373626373627,1
official_genus_current_only,Random Forest,5,GCF_000316665.1,Rivularia,373984,1,0.7685241931271343,1
official_genus_current_only,Random Forest,5,GCF_000317025.1,Pleurocapsa,44474,1,0.3518435141849969,0
official_genus_current_only,Random Forest,5,GCF_000317065.1,Thalassoporum,2799719,0,0.13610651727126016,0
official_genus_current_only,Random Forest,5,GCF_000317435.1,Calothrix,1186,1,0.8169917721167721,1
official_genus_current_only,Random Forest,5,GCF_000317635.1,Halothece,76023,1,0.15467695342838367,0
official_genus_current_only,Random Forest,5,GCF_000484535.1,Gloeobacter,33071,0,0.1101605341900071,0
official_genus_current_only,Random Forest,5,GCF_000734895.2,Calothrix,1186,1,0.8855527887145536,1
official_genus_current_only,Random Forest,5,GCF_001548455.1,Fischerella,1190,1,0.916162074037074,1
official_genus_current_only,Random Forest,5,GCF_002368395.1,Calothrix,1186,1,0.8001772224191578,1
official_genus_current_only,Random Forest,5,GCF_003967015.1,Pseudanabaena,1152,1,0.18412437441411725,0
official_genus_current_only,Random Forest,5,GCF_007904085.1,Euhalothece,65097,1,0.12265046615189638,0
official_genus_current_only,Random Forest,5,GCF_016446395.1,[Phormidium],2023214,0,0.32537791078890144,0
official_genus_current_only,Random Forest,5,GCF_018389385.1,Anthocerotibacter,2857076,0,0.12330256006855217,0
official_genus_current_only,Random Forest,5,GCF_021018745.1,Gloeobacter,33071,0,0.11676767704714994,0
official_genus_current_only,Random Forest,5,GCF_026802175.1,Thermocoleostomius,3065395,1,0.5380525264209475,1
official_genus_current_only,Random Forest,5,GCF_027942295.1,Pseudanabaena,1152,0,0.17109407138381424,0
official_genus_current_only,Random Forest,5,GCF_029910235.1,Pseudanabaena,1152,1,0.20264543668517956,0
official_genus_current_only,Random Forest,5,GCF_030323025.1,Pseudanabaena,1152,0,0.17476326330300618,0
official_genus_current_only,Random Forest,5,GCF_032393985.1,Fischerella,1190,1,0.94278622452816,1
official_genus_current_only,Random Forest,5,GCF_044923475.1,Altericista,2855430,1,0.3191987708663237,0
official_genus_current_only,Random Forest,5,GCF_051131155.1,Pseudanabaena,1152,0,0.15151073805048093,0
official_genus_current_only,Random Forest,5,GCF_963665995.1,Pleurocapsa,44474,0,0.2165165649904006,0
official_genus_current_only,Gradient Boosting,5,GCF_000011385.1,Gloeobacter,33071,0,2.006483835305244e-05,0
official_genus_current_only,Gradient Boosting,5,GCF_000014265.1,Trichodesmium,1205,1,0.00012198489311598075,0
official_genus_current_only,Gradient Boosting,5,GCF_000316575.1,Calothrix,1186,1,0.9999699495326956,1
official_genus_current_only,Gradient Boosting,5,GCF_000316665.1,Rivularia,373984,1,0.9999284065477225,1
official_genus_current_only,Gradient Boosting,5,GCF_000317025.1,Pleurocapsa,44474,1,0.9483607305241739,1
official_genus_current_only,Gradient Boosting,5,GCF_000317065.1,Thalassoporum,2799719,0,0.012802244033237334,0
official_genus_current_only,Gradient Boosting,5,GCF_000317435.1,Calothrix,1186,1,0.9999606250837938,1
official_genus_current_only,Gradient Boosting,5,GCF_000317635.1,Halothece,76023,1,1.1180260994623382e-05,0
official_genus_current_only,Gradient Boosting,5,GCF_000484535.1,Gloeobacter,33071,0,2.006483835305244e-05,0
official_genus_current_only,Gradient Boosting,5,GCF_000734895.2,Calothrix,1186,1,0.03345598256629916,0
official_genus_current_only,Gradient Boosting,5,GCF_001548455.1,Fischerella,1190,1,0.9999678129107671,1
official_genus_current_only,Gradient Boosting,5,GCF_002368395.1,Calothrix,1186,1,0.9999531464836654,1
official_genus_current_only,Gradient Boosting,5,GCF_003967015.1,Pseudanabaena,1152,1,2.006483835305244e-05,0
official_genus_current_only,Gradient Boosting,5,GCF_007904085.1,Euhalothece,65097,1,1.1180260994623382e-05,0
official_genus_current_only,Gradient Boosting,5,GCF_016446395.1,[Phormidium],2023214,0,0.008187609168438723,0
official_genus_current_only,Gradient Boosting,5,GCF_018389385.1,Anthocerotibacter,2857076,0,2.5951728364446382e-05,0
official_genus_current_only,Gradient Boosting,5,GCF_021018745.1,Gloeobacter,33071,0,2.006483835305244e-05,0
official_genus_current_only,Gradient Boosting,5,GCF_026802175.1,Thermocoleostomius,3065395,1,0.9999612346738178,1
official_genus_current_only,Gradient Boosting,5,GCF_027942295.1,Pseudanabaena,1152,0,2.006483835305244e-05,0
official_genus_current_only,Gradient Boosting,5,GCF_029910235.1,Pseudanabaena,1152,1,6.131715852902264e-05,0
official_genus_current_only,Gradient Boosting,5,GCF_030323025.1,Pseudanabaena,1152,0,1.1180260994623382e-05,0
official_genus_current_only,Gradient Boosting,5,GCF_032393985.1,Fischerella,1190,1,0.9999678129107671,1
official_genus_current_only,Gradient Boosting,5,GCF_044923475.1,Altericista,2855430,1,0.008986726604406697,0
official_genus_current_only,Gradient Boosting,5,GCF_051131155.1,Pseudanabaena,1152,0,1.1180260994623382e-05,0
official_genus_current_only,Gradient Boosting,5,GCF_963665995.1,Pleurocapsa,44474,0,0.0006579073181280192,0
official_genus_current_only,Logistic Regression,5,GCF_000011385.1,Gloeobacter,33071,0,0.055241006245339355,0
official_genus_current_only,Logistic Regression,5,GCF_000014265.1,Trichodesmium,1205,1,0.0007760031520521376,0
official_genus_current_only,Logistic Regression,5,GCF_000316575.1,Calothrix,1186,1,0.9957226781217109,1
official_genus_current_only,Logistic Regression,5,GCF_000316665.1,Rivularia,373984,1,0.9878248668826151,1
official_genus_current_only,Logistic Regression,5,GCF_000317025.1,Pleurocapsa,44474,1,0.7198159472399837,1
official_genus_current_only,Logistic Regression,5,GCF_000317065.1,Thalassoporum,2799719,0,0.0026581853463859676,0
official_genus_current_only,Logistic Regression,5,GCF_000317435.1,Calothrix,1186,1,0.986708711354097,1
official_genus_current_only,Logistic Regression,5,GCF_000317635.1,Halothece,76023,1,0.0011155660336242736,0
official_genus_current_only,Logistic Regression,5,GCF_000484535.1,Gloeobacter,33071,0,0.05488023255060298,0
official_genus_current_only,Logistic Regression,5,GCF_000734895.2,Calothrix,1186,1,0.9980765613357512,1
official_genus_current_only,Logistic Regression,5,GCF_001548455.1,Fischerella,1190,1,0.9994994420972677,1
official_genus_current_only,Logistic Regression,5,GCF_002368395.1,Calothrix,1186,1,0.9089218913466728,1
official_genus_current_only,Logistic Regression,5,GCF_003967015.1,Pseudanabaena,1152,1,0.08783168174006933,0
official_genus_current_only,Logistic Regression,5,GCF_007904085.1,Euhalothece,65097,1,0.0009635853592006019,0
official_genus_current_only,Logistic Regression,5,GCF_016446395.1,[Phormidium],2023214,0,0.13600061821835227,0
official_genus_current_only,Logistic Regression,5,GCF_018389385.1,Anthocerotibacter,2857076,0,0.021181013027332805,0
official_genus_current_only,Logistic Regression,5,GCF_021018745.1,Gloeobacter,33071,0,0.053067065532567306,0
official_genus_current_only,Logistic Regression,5,GCF_026802175.1,Thermocoleostomius,3065395,1,0.6567199858992714,1
official_genus_current_only,Logistic Regression,5,GCF_027942295.1,Pseudanabaena,1152,0,0.06312229727725277,0
official_genus_current_only,Logistic Regression,5,GCF_029910235.1,Pseudanabaena,1152,1,0.0545695995155905,0
official_genus_current_only,Logistic Regression,5,GCF_030323025.1,Pseudanabaena,1152,0,0.0009410889789853877,0
official_genus_current_only,Logistic Regression,5,GCF_032393985.1,Fischerella,1190,1,0.9997805562054519,1
official_genus_current_only,Logistic Regression,5,GCF_044923475.1,Altericista,2855430,1,0.04443374694076153,0
official_genus_current_only,Logistic Regression,5,GCF_051131155.1,Pseudanabaena,1152,0,0.007864852884161954,0
official_genus_current_only,Logistic Regression,5,GCF_963665995.1,Pleurocapsa,44474,0,0.10886059613274007,0
official_genus_current_only,XGBoost,5,GCF_000011385.1,Gloeobacter,33071,0,0.14754584431648254,0
official_genus_current_only,XGBoost,5,GCF_000014265.1,Trichodesmium,1205,1,0.07377154380083084,0
official_genus_current_only,XGBoost,5,GCF_000316575.1,Calothrix,1186,1,0.9922685027122498,1
official_genus_current_only,XGBoost,5,GCF_000316665.1,Rivularia,373984,1,0.9924058318138123,1
official_genus_current_only,XGBoost,5,GCF_000317025.1,Pleurocapsa,44474,1,0.1132831946015358,0
official_genus_current_only,XGBoost,5,GCF_000317065.1,Thalassoporum,2799719,0,0.007905444130301476,0
official_genus_current_only,XGBoost,5,GCF_000317435.1,Calothrix,1186,1,0.9798973202705383,1
official_genus_current_only,XGBoost,5,GCF_000317635.1,Halothece,76023,1,0.005496179684996605,0
official_genus_current_only,XGBoost,5,GCF_000484535.1,Gloeobacter,33071,0,0.10533008724451065,0
official_genus_current_only,XGBoost,5,GCF_000734895.2,Calothrix,1186,1,0.9610896706581116,1
official_genus_current_only,XGBoost,5,GCF_001548455.1,Fischerella,1190,1,0.9958711266517639,1
official_genus_current_only,XGBoost,5,GCF_002368395.1,Calothrix,1186,1,0.9906654357910156,1
official_genus_current_only,XGBoost,5,GCF_003967015.1,Pseudanabaena,1152,1,0.023864418268203735,0
official_genus_current_only,XGBoost,5,GCF_007904085.1,Euhalothece,65097,1,0.006377992685884237,0
official_genus_current_only,XGBoost,5,GCF_016446395.1,[Phormidium],2023214,0,0.06709618121385574,0
official_genus_current_only,XGBoost,5,GCF_018389385.1,Anthocerotibacter,2857076,0,0.10171903669834137,0
official_genus_current_only,XGBoost,5,GCF_021018745.1,Gloeobacter,33071,0,0.14754584431648254,0
official_genus_current_only,XGBoost,5,GCF_026802175.1,Thermocoleostomius,3065395,1,0.5509729385375977,1
official_genus_current_only,XGBoost,5,GCF_027942295.1,Pseudanabaena,1152,0,0.011303283274173737,0
official_genus_current_only,XGBoost,5,GCF_029910235.1,Pseudanabaena,1152,1,0.04068117216229439,0
official_genus_current_only,XGBoost,5,GCF_030323025.1,Pseudanabaena,1152,0,0.0032500436063855886,0
official_genus_current_only,XGBoost,5,GCF_032393985.1,Fischerella,1190,1,0.9978535771369934,1
official_genus_current_only,XGBoost,5,GCF_044923475.1,Altericista,2855430,1,0.29073846340179443,0
official_genus_current_only,XGBoost,5,GCF_051131155.1,Pseudanabaena,1152,0,0.008617828600108624,0
official_genus_current_only,XGBoost,5,GCF_963665995.1,Pleurocapsa,44474,0,0.17135745286941528,0
official_genus_current_only,assembly_length_only_LR,5,GCF_000011385.1,Gloeobacter,33071,0,0.21707671348934632,0
official_genus_current_only,assembly_length_only_LR,5,GCF_000014265.1,Trichodesmium,1205,1,0.8002538114756925,1
official_genus_current_only,assembly_length_only_LR,5,GCF_000316575.1,Calothrix,1186,1,0.6813220882293253,1
official_genus_current_only,assembly_length_only_LR,5,GCF_000316665.1,Rivularia,373984,1,0.9032122154001369,1
official_genus_current_only,assembly_length_only_LR,5,GCF_000317025.1,Pleurocapsa,44474,1,0.26902593242352946,0
official_genus_current_only,assembly_length_only_LR,5,GCF_000317065.1,Thalassoporum,2799719,0,0.25219278221553376,0
official_genus_current_only,assembly_length_only_LR,5,GCF_000317435.1,Calothrix,1186,1,0.66942285879125,1
official_genus_current_only,assembly_length_only_LR,5,GCF_000317635.1,Halothece,76023,1,0.154809341889563,0
official_genus_current_only,assembly_length_only_LR,5,GCF_000484535.1,Gloeobacter,33071,0,0.22688971342907172,0
official_genus_current_only,assembly_length_only_LR,5,GCF_000734895.2,Calothrix,1186,1,0.5594160057448242,1
official_genus_current_only,assembly_length_only_LR,5,GCF_001548455.1,Fischerella,1190,1,0.43197931677440793,0
official_genus_current_only,assembly_length_only_LR,5,GCF_002368395.1,Calothrix,1186,1,0.4659538698794811,0
official_genus_current_only,assembly_length_only_LR,5,GCF_003967015.1,Pseudanabaena,1152,1,0.3965885386357278,0
official_genus_current_only,assembly_length_only_LR,5,GCF_007904085.1,Euhalothece,65097,1,0.09422024029799095,0
official_genus_current_only,assembly_length_only_LR,5,GCF_016446395.1,[Phormidium],2023214,0,0.5308571025915975,1
official_genus_current_only,assembly_length_only_LR,5,GCF_018389385.1,Anthocerotibacter,2857076,0,0.15578711129178416,0
official_genus_current_only,assembly_length_only_LR,5,GCF_021018745.1,Gloeobacter,33071,0,0.2891098332286349,0
official_genus_current_only,assembly_length_only_LR,5,GCF_026802175.1,Thermocoleostomius,3065395,1,0.4282391462097354,0
official_genus_current_only,assembly_length_only_LR,5,GCF_027942295.1,Pseudanabaena,1152,0,0.22761647216301284,0
official_genus_current_only,assembly_length_only_LR,5,GCF_029910235.1,Pseudanabaena,1152,1,0.43526039963433205,0
official_genus_current_only,assembly_length_only_LR,5,GCF_030323025.1,Pseudanabaena,1152,0,0.1987761452142725,0
official_genus_current_only,assembly_length_only_LR,5,GCF_032393985.1,Fischerella,1190,1,0.6808484210099678,1
official_genus_current_only,assembly_length_only_LR,5,GCF_044923475.1,Altericista,2855430,1,0.4245284759635286,0
official_genus_current_only,assembly_length_only_LR,5,GCF_051131155.1,Pseudanabaena,1152,0,0.3361103603915992,0
official_genus_current_only,assembly_length_only_LR,5,GCF_963665995.1,Pleurocapsa,44474,0,0.350449805839072,0
official_genus_current_only,retained_family_count_only_LR,5,GCF_000011385.1,Gloeobacter,33071,0,0.03199302562992815,0
official_genus_current_only,retained_family_count_only_LR,5,GCF_000014265.1,Trichodesmium,1205,1,0.07442448134257675,0
official_genus_current_only,retained_family_count_only_LR,5,GCF_000316575.1,Calothrix,1186,1,0.9378485797479001,1
official_genus_current_only,retained_family_count_only_LR,5,GCF_000316665.1,Rivularia,373984,1,0.4006405016014614,0
official_genus_current_only,retained_family_count_only_LR,5,GCF_000317025.1,Pleurocapsa,44474,1,0.1328156086051577,0
official_genus_current_only,retained_family_count_only_LR,5,GCF_000317065.1,Thalassoporum,2799719,0,0.04148722843843558,0
official_genus_current_only,retained_family_count_only_LR,5,GCF_000317435.1,Calothrix,1186,1,0.4543718302283767,0
official_genus_current_only,retained_family_count_only_LR,5,GCF_000317635.1,Halothece,76023,1,0.05623572260993201,0
official_genus_current_only,retained_family_count_only_LR,5,GCF_000484535.1,Gloeobacter,33071,0,0.031685089615282096,0
official_genus_current_only,retained_family_count_only_LR,5,GCF_000734895.2,Calothrix,1186,1,0.6038086235019124,1
official_genus_current_only,retained_family_count_only_LR,5,GCF_001548455.1,Fischerella,1190,1,0.8061731005379945,1
official_genus_current_only,retained_family_count_only_LR,5,GCF_002368395.1,Calothrix,1186,1,0.372227072509605,0
official_genus_current_only,retained_family_count_only_LR,5,GCF_003967015.1,Pseudanabaena,1152,1,0.0456468387403268,0
official_genus_current_only,retained_family_count_only_LR,5,GCF_007904085.1,Euhalothece,65097,1,0.05263751505447672,0
official_genus_current_only,retained_family_count_only_LR,5,GCF_016446395.1,[Phormidium],2023214,0,0.09700739789779031,0
official_genus_current_only,retained_family_count_only_LR,5,GCF_018389385.1,Anthocerotibacter,2857076,0,0.03246036167831193,0
official_genus_current_only,retained_family_count_only_LR,5,GCF_021018745.1,Gloeobacter,33071,0,0.03183869758231551,0
official_genus_current_only,retained_family_count_only_LR,5,GCF_026802175.1,Thermocoleostomius,3065395,1,0.10611731627009868,0
official_genus_current_only,retained_family_count_only_LR,5,GCF_027942295.1,Pseudanabaena,1152,0,0.04290012456644753,0
official_genus_current_only,retained_family_count_only_LR,5,GCF_029910235.1,Pseudanabaena,1152,1,0.04457113364670081,0
official_genus_current_only,retained_family_count_only_LR,5,GCF_030323025.1,Pseudanabaena,1152,0,0.04457113364670081,0
official_genus_current_only,retained_family_count_only_LR,5,GCF_032393985.1,Fischerella,1190,1,0.813858882109451,1
official_genus_current_only,retained_family_count_only_LR,5,GCF_044923475.1,Altericista,2855430,1,0.07722432545958184,0
official_genus_current_only,retained_family_count_only_LR,5,GCF_051131155.1,Pseudanabaena,1152,0,0.04290012456644753,0
official_genus_current_only,retained_family_count_only_LR,5,GCF_963665995.1,Pleurocapsa,44474,0,0.07205150468352357,0
