scenario,fold,gene_family
original_control,1,GF_00002
original_control,1,GF_00008
original_control,1,GF_00011
original_control,1,GF_00012
original_control,1,GF_00013
original_control,1,GF_00014
original_control,1,GF_00015
original_control,1,GF_00017
original_control,1,GF_00018
original_control,1,GF_00036
original_control,1,GF_00043
original_control,1,GF_00044
original_control,1,GF_00046
original_control,1,GF_00047
original_control,1,GF_00048
original_control,1,GF_00049
original_control,1,GF_00050
original_control,1,GF_00051
original_control,1,GF_00052
original_control,1,GF_00071
original_control,1,GF_00072
original_control,1,GF_00073
original_control,1,GF_00074
original_control,1,GF_00075
original_control,1,GF_00077
original_control,1,GF_00078
original_control,1,GF_00079
original_control,1,GF_00080
original_control,1,GF_00081
original_control,1,GF_00082
original_control,1,GF_00083
original_control,1,GF_00084
original_control,1,GF_00085
original_control,1,GF_00087
original_control,1,GF_00088
original_control,1,GF_00093
original_control,1,GF_00094
original_control,1,GF_00104
original_control,1,GF_00105
original_control,1,GF_00106
original_control,1,GF_00107
original_control,1,GF_00108
original_control,1,GF_00109
original_control,1,GF_00111
original_control,1,GF_00112
original_control,1,GF_00113
original_control,1,GF_00114
original_control,1,GF_00115
original_control,1,GF_00116
original_control,1,GF_00117
original_control,1,GF_00120
original_control,1,GF_00121
original_control,1,GF_00122
original_control,1,GF_00123
original_control,1,GF_00124
original_control,1,GF_00125
original_control,1,GF_00136
original_control,1,GF_00137
original_control,1,GF_00138
original_control,1,GF_00139
original_control,1,GF_00141
original_control,1,GF_00142
original_control,1,GF_00143
original_control,1,GF_00155
original_control,1,GF_00164
original_control,1,GF_00170
original_control,1,GF_00175
original_control,1,GF_00178
original_control,1,GF_00179
original_control,1,GF_00180
original_control,1,GF_00185
original_control,1,GF_00208
original_control,1,GF_00220
original_control,1,GF_00228
original_control,1,GF_00229
original_control,1,GF_00235
original_control,1,GF_00244
original_control,1,GF_00250
original_control,1,GF_00251
original_control,1,GF_00262
original_control,1,GF_00281
original_control,1,GF_00290
original_control,1,GF_00296
original_control,1,GF_00300
original_control,1,GF_00302
original_control,1,GF_00303
original_control,1,GF_00305
original_control,1,GF_00309
original_control,1,GF_00311
original_control,1,GF_00312
original_control,1,GF_00313
original_control,1,GF_00314
original_control,1,GF_00315
original_control,1,GF_00316
original_control,1,GF_00317
original_control,1,GF_00318
original_control,1,GF_00319
original_control,1,GF_00320
original_control,1,GF_00321
original_control,1,GF_00323
original_control,1,GF_00324
original_control,1,GF_00325
original_control,1,GF_00326
original_control,1,GF_00327
original_control,1,GF_00329
original_control,1,GF_00330
original_control,1,GF_00331
original_control,1,GF_00332
original_control,1,GF_00333
original_control,1,GF_00335
original_control,1,GF_00336
original_control,1,GF_00338
original_control,1,GF_00340
original_control,1,GF_00341
original_control,1,GF_00342
original_control,1,GF_00343
original_control,1,GF_00344
original_control,1,GF_00346
original_control,1,GF_00347
original_control,1,GF_00348
original_control,1,GF_00349
original_control,1,GF_00350
original_control,1,GF_00351
original_control,1,GF_00352
original_control,1,GF_00353
original_control,1,GF_00358
original_control,1,GF_00360
original_control,1,GF_00362
original_control,1,GF_00363
original_control,1,GF_00364
original_control,1,GF_00365
original_control,1,GF_00369
original_control,1,GF_00378
original_control,1,GF_00381
original_control,1,GF_00384
original_control,1,GF_00385
original_control,1,GF_00386
original_control,1,GF_00387
original_control,1,GF_00388
original_control,1,GF_00389
original_control,1,GF_00390
original_control,1,GF_00391
original_control,1,GF_00392
original_control,1,GF_00393
original_control,1,GF_00394
original_control,1,GF_00395
original_control,1,GF_00396
original_control,1,GF_00400
original_control,1,GF_00401
original_control,1,GF_00402
original_control,1,GF_00403
original_control,1,GF_00404
original_control,1,GF_00405
original_control,1,GF_00406
original_control,1,GF_00407
original_control,1,GF_00408
original_control,1,GF_00409
original_control,1,GF_00410
original_control,1,GF_00413
original_control,1,GF_00414
original_control,1,GF_00415
original_control,1,GF_00417
original_control,1,GF_00418
original_control,1,GF_00419
original_control,1,GF_00421
original_control,1,GF_00422
original_control,1,GF_00424
original_control,1,GF_00426
original_control,1,GF_00427
original_control,1,GF_00428
original_control,1,GF_00429
original_control,1,GF_00430
original_control,1,GF_00431
original_control,1,GF_00432
original_control,1,GF_00433
original_control,1,GF_00434
original_control,1,GF_00435
original_control,1,GF_00436
original_control,1,GF_00437
original_control,1,GF_00438
original_control,1,GF_00440
original_control,1,GF_00441
original_control,1,GF_00455
original_control,1,GF_00457
original_control,1,GF_00458
original_control,1,GF_00471
original_control,1,GF_00472
original_control,1,GF_00474
original_control,1,GF_00477
original_control,1,GF_00480
original_control,1,GF_00482
original_control,1,GF_00488
original_control,1,GF_00489
original_control,1,GF_00491
original_control,1,GF_00503
original_control,1,GF_00522
original_control,1,GF_00523
original_control,1,GF_00524
original_control,1,GF_00525
original_control,1,GF_00527
original_control,1,GF_00528
original_control,1,GF_00529
original_control,1,GF_00530
original_control,1,GF_00531
original_control,1,GF_00536
original_control,1,GF_00538
original_control,1,GF_00546
original_control,1,GF_00547
original_control,1,GF_00548
original_control,1,GF_00549
original_control,1,GF_00564
original_control,1,GF_00565
original_control,1,GF_00566
original_control,1,GF_00569
original_control,1,GF_00570
original_control,1,GF_00572
original_control,1,GF_00574
original_control,1,GF_00578
original_control,1,GF_00580
original_control,1,GF_00588
original_control,1,GF_00593
original_control,1,GF_00594
original_control,1,GF_00595
original_control,1,GF_00599
original_control,1,GF_00600
original_control,1,GF_00601
original_control,1,GF_00602
original_control,1,GF_00603
original_control,1,GF_00604
original_control,1,GF_00605
original_control,1,GF_00606
original_control,1,GF_00607
original_control,1,GF_00608
original_control,1,GF_00609
original_control,1,GF_00611
original_control,1,GF_00612
original_control,1,GF_00613
original_control,1,GF_00614
original_control,1,GF_00615
original_control,1,GF_00616
original_control,1,GF_00617
original_control,1,GF_00618
original_control,1,GF_00619
original_control,1,GF_00620
original_control,1,GF_00621
original_control,1,GF_00622
original_control,1,GF_00623
original_control,1,GF_00624
original_control,1,GF_00632
original_control,1,GF_00633
original_control,1,GF_00635
original_control,1,GF_00636
original_control,1,GF_00637
original_control,1,GF_00638
original_control,1,GF_00640
original_control,1,GF_00641
original_control,1,GF_00642
original_control,1,GF_00643
original_control,1,GF_00655
original_control,1,GF_00658
original_control,1,GF_00661
original_control,1,GF_00669
original_control,1,GF_00676
original_control,1,GF_00680
original_control,1,GF_00681
original_control,1,GF_00682
original_control,1,GF_00683
original_control,1,GF_00684
original_control,1,GF_00687
original_control,1,GF_00688
original_control,1,GF_00695
original_control,1,GF_00699
original_control,1,GF_00702
original_control,1,GF_00709
original_control,1,GF_00717
original_control,1,GF_00722
original_control,1,GF_00723
original_control,1,GF_00724
original_control,1,GF_00725
original_control,1,GF_00726
original_control,1,GF_00727
original_control,1,GF_00728
original_control,1,GF_00729
original_control,1,GF_00732
original_control,1,GF_00736
original_control,1,GF_00740
original_control,1,GF_00741
original_control,1,GF_00744
original_control,1,GF_00751
original_control,1,GF_00755
original_control,1,GF_00756
original_control,1,GF_00761
original_control,1,GF_00771
original_control,1,GF_00773
original_control,1,GF_00776
original_control,1,GF_00777
original_control,1,GF_00785
original_control,1,GF_00796
original_control,1,GF_00810
original_control,1,GF_00811
original_control,1,GF_00813
original_control,1,GF_00814
original_control,1,GF_00816
original_control,1,GF_00819
original_control,1,GF_00828
original_control,1,GF_00843
original_control,1,GF_00845
original_control,1,GF_00856
original_control,1,GF_00857
original_control,1,GF_00860
original_control,1,GF_00864
original_control,1,GF_00866
original_control,1,GF_00867
original_control,1,GF_00868
original_control,1,GF_00869
original_control,1,GF_00870
original_control,1,GF_00871
original_control,1,GF_00872
original_control,1,GF_00873
original_control,1,GF_00874
original_control,1,GF_00887
original_control,1,GF_00888
original_control,1,GF_00895
original_control,1,GF_00916
original_control,1,GF_00917
original_control,1,GF_00927
original_control,1,GF_00930
original_control,1,GF_00931
original_control,1,GF_00932
original_control,1,GF_00933
original_control,1,GF_00946
original_control,1,GF_00947
original_control,1,GF_00949
original_control,1,GF_00957
original_control,1,GF_00958
original_control,1,GF_00959
original_control,1,GF_00960
original_control,1,GF_00963
original_control,1,GF_00966
original_control,1,GF_00968
original_control,1,GF_00969
original_control,1,GF_00970
original_control,1,GF_00971
original_control,1,GF_00972
original_control,1,GF_00982
original_control,1,GF_00992
original_control,1,GF_01004
original_control,1,GF_01005
original_control,1,GF_01012
original_control,1,GF_01013
original_control,1,GF_01016
original_control,1,GF_01026
original_control,1,GF_01027
original_control,1,GF_01028
original_control,1,GF_01054
original_control,1,GF_01230
original_control,1,GF_01231
original_control,1,GF_01232
original_control,1,GF_01233
original_control,1,GF_01234
original_control,1,GF_01235
original_control,1,GF_01236
original_control,1,GF_01237
original_control,1,GF_01239
original_control,1,GF_01240
original_control,1,GF_01241
original_control,1,GF_01242
original_control,1,GF_01244
original_control,1,GF_01245
original_control,1,GF_01246
original_control,1,GF_01247
original_control,1,GF_01248
original_control,1,GF_01253
original_control,1,GF_01266
original_control,1,GF_01279
original_control,1,GF_01287
original_control,1,GF_01290
original_control,1,GF_01291
original_control,1,GF_01292
original_control,1,GF_01293
original_control,1,GF_01297
original_control,1,GF_01303
original_control,1,GF_01306
original_control,1,GF_01314
original_control,1,GF_01315
original_control,1,GF_01324
original_control,1,GF_01327
original_control,1,GF_01328
original_control,1,GF_01329
original_control,1,GF_01330
original_control,1,GF_01331
original_control,1,GF_01332
original_control,1,GF_01333
original_control,1,GF_01334
original_control,1,GF_01336
original_control,1,GF_01337
original_control,1,GF_01338
original_control,1,GF_01357
original_control,1,GF_01359
original_control,1,GF_01372
original_control,1,GF_01374
original_control,1,GF_01375
original_control,1,GF_01376
original_control,1,GF_01377
original_control,1,GF_01378
original_control,1,GF_01379
original_control,1,GF_01380
original_control,1,GF_01381
original_control,1,GF_01382
original_control,1,GF_01383
original_control,1,GF_01384
original_control,1,GF_01385
original_control,1,GF_01386
original_control,1,GF_01387
original_control,1,GF_01388
original_control,1,GF_01390
original_control,1,GF_01391
original_control,1,GF_01393
original_control,1,GF_01394
original_control,1,GF_01395
original_control,1,GF_01396
original_control,1,GF_01397
original_control,1,GF_01399
original_control,1,GF_01400
original_control,1,GF_01401
original_control,1,GF_01404
original_control,1,GF_01409
original_control,1,GF_01425
original_control,1,GF_01426
original_control,1,GF_01428
original_control,1,GF_01439
original_control,1,GF_01445
original_control,1,GF_01446
original_control,1,GF_01447
original_control,1,GF_01448
original_control,1,GF_01449
original_control,1,GF_01456
original_control,1,GF_01458
original_control,1,GF_01460
original_control,1,GF_01461
original_control,1,GF_01462
original_control,1,GF_01466
original_control,1,GF_01476
original_control,1,GF_01477
original_control,1,GF_01479
original_control,1,GF_01480
original_control,1,GF_01487
original_control,1,GF_01502
original_control,1,GF_01504
original_control,1,GF_01512
original_control,1,GF_01527
original_control,1,GF_01534
original_control,1,GF_01536
original_control,1,GF_01537
original_control,1,GF_01538
original_control,1,GF_01539
original_control,1,GF_01540
original_control,1,GF_01541
original_control,1,GF_01542
original_control,1,GF_01543
original_control,1,GF_01544
original_control,1,GF_01546
original_control,1,GF_01547
original_control,1,GF_01548
original_control,1,GF_01549
original_control,1,GF_01552
original_control,1,GF_01553
original_control,1,GF_01579
original_control,1,GF_01580
original_control,1,GF_01583
original_control,1,GF_01584
original_control,1,GF_01587
original_control,1,GF_01591
original_control,1,GF_01592
original_control,1,GF_01598
original_control,1,GF_01616
original_control,1,GF_01617
original_control,1,GF_01618
original_control,1,GF_01619
original_control,1,GF_01620
original_control,1,GF_01621
original_control,1,GF_01623
original_control,1,GF_01625
original_control,1,GF_01626
original_control,1,GF_01627
original_control,1,GF_01628
original_control,1,GF_01629
original_control,1,GF_01633
original_control,1,GF_01634
original_control,1,GF_01635
original_control,1,GF_01636
original_control,1,GF_01637
original_control,1,GF_01638
original_control,1,GF_01639
original_control,1,GF_01641
original_control,1,GF_01648
original_control,1,GF_01661
original_control,1,GF_01672
original_control,1,GF_01673
original_control,1,GF_01674
original_control,1,GF_01675
original_control,1,GF_01676
original_control,1,GF_01677
original_control,1,GF_01678
original_control,1,GF_01679
original_control,1,GF_01680
original_control,1,GF_01681
original_control,1,GF_01683
original_control,1,GF_01684
original_control,1,GF_01685
original_control,1,GF_01688
original_control,1,GF_01689
original_control,1,GF_01690
original_control,1,GF_01691
original_control,1,GF_01692
original_control,1,GF_01693
original_control,1,GF_01732
original_control,1,GF_01733
original_control,1,GF_01734
original_control,1,GF_01735
original_control,1,GF_01736
original_control,1,GF_01737
original_control,1,GF_01740
original_control,1,GF_01741
original_control,1,GF_01742
original_control,1,GF_01745
original_control,1,GF_01763
original_control,1,GF_01770
original_control,1,GF_01783
original_control,1,GF_01799
original_control,1,GF_01801
original_control,1,GF_01802
original_control,1,GF_01803
original_control,1,GF_01805
original_control,1,GF_01806
original_control,1,GF_01807
original_control,1,GF_01808
original_control,1,GF_01809
original_control,1,GF_01810
original_control,1,GF_01811
original_control,1,GF_01812
original_control,1,GF_01813
original_control,1,GF_01814
original_control,1,GF_01815
original_control,1,GF_01816
original_control,1,GF_01817
original_control,1,GF_01818
original_control,1,GF_01819
original_control,1,GF_01822
original_control,1,GF_01823
original_control,1,GF_01834
original_control,1,GF_01836
original_control,1,GF_01837
original_control,1,GF_01840
original_control,1,GF_01841
original_control,1,GF_01844
original_control,1,GF_01850
original_control,1,GF_01856
original_control,1,GF_01857
original_control,1,GF_01860
original_control,1,GF_01866
original_control,1,GF_01868
original_control,1,GF_01870
original_control,1,GF_01872
original_control,1,GF_01885
original_control,1,GF_01897
original_control,1,GF_01898
original_control,1,GF_01899
original_control,1,GF_01900
original_control,1,GF_01901
original_control,1,GF_01902
original_control,1,GF_01904
original_control,1,GF_01919
original_control,1,GF_01921
original_control,1,GF_01923
original_control,1,GF_01925
original_control,1,GF_01926
original_control,1,GF_01927
original_control,1,GF_01928
original_control,1,GF_01929
original_control,1,GF_01930
original_control,1,GF_01945
original_control,1,GF_02041
original_control,1,GF_02060
original_control,1,GF_02069
original_control,1,GF_02070
original_control,1,GF_02071
original_control,1,GF_02072
original_control,1,GF_02074
original_control,1,GF_02075
original_control,1,GF_02076
original_control,1,GF_02081
original_control,1,GF_02084
original_control,1,GF_02085
original_control,1,GF_02086
original_control,1,GF_02087
original_control,1,GF_02088
original_control,1,GF_02089
original_control,1,GF_02091
original_control,1,GF_02092
original_control,1,GF_02093
original_control,1,GF_02094
original_control,1,GF_02101
original_control,1,GF_02109
original_control,1,GF_02110
original_control,1,GF_02113
original_control,1,GF_02122
original_control,1,GF_02130
original_control,1,GF_02131
original_control,1,GF_02136
original_control,1,GF_02137
original_control,1,GF_02138
original_control,1,GF_02139
original_control,1,GF_02140
original_control,1,GF_02141
original_control,1,GF_02142
original_control,1,GF_02143
original_control,1,GF_02145
original_control,1,GF_02152
original_control,1,GF_02157
original_control,1,GF_02158
original_control,1,GF_02159
original_control,1,GF_02172
original_control,1,GF_02178
original_control,1,GF_02180
original_control,1,GF_02184
original_control,1,GF_02192
original_control,1,GF_02194
original_control,1,GF_02215
original_control,1,GF_02216
original_control,1,GF_02217
original_control,1,GF_02218
original_control,1,GF_02219
original_control,1,GF_02220
original_control,1,GF_02222
original_control,1,GF_02223
original_control,1,GF_02224
original_control,1,GF_02225
original_control,1,GF_02226
original_control,1,GF_02227
original_control,1,GF_02228
original_control,1,GF_02229
original_control,1,GF_02230
original_control,1,GF_02260
original_control,1,GF_02261
original_control,1,GF_02262
original_control,1,GF_02263
original_control,1,GF_02264
original_control,1,GF_02265
original_control,1,GF_02266
original_control,2,GF_00002
original_control,2,GF_00008
original_control,2,GF_00011
original_control,2,GF_00012
original_control,2,GF_00013
original_control,2,GF_00014
original_control,2,GF_00015
original_control,2,GF_00017
original_control,2,GF_00018
original_control,2,GF_00036
original_control,2,GF_00043
original_control,2,GF_00044
original_control,2,GF_00046
original_control,2,GF_00047
original_control,2,GF_00048
original_control,2,GF_00049
original_control,2,GF_00051
original_control,2,GF_00052
original_control,2,GF_00071
original_control,2,GF_00072
original_control,2,GF_00073
original_control,2,GF_00074
original_control,2,GF_00075
original_control,2,GF_00076
original_control,2,GF_00077
original_control,2,GF_00078
original_control,2,GF_00079
original_control,2,GF_00081
original_control,2,GF_00082
original_control,2,GF_00083
original_control,2,GF_00084
original_control,2,GF_00085
original_control,2,GF_00087
original_control,2,GF_00088
original_control,2,GF_00093
original_control,2,GF_00094
original_control,2,GF_00104
original_control,2,GF_00105
original_control,2,GF_00106
original_control,2,GF_00107
original_control,2,GF_00108
original_control,2,GF_00109
original_control,2,GF_00111
original_control,2,GF_00112
original_control,2,GF_00113
original_control,2,GF_00114
original_control,2,GF_00115
original_control,2,GF_00116
original_control,2,GF_00117
original_control,2,GF_00120
original_control,2,GF_00121
original_control,2,GF_00122
original_control,2,GF_00123
original_control,2,GF_00124
original_control,2,GF_00125
original_control,2,GF_00136
original_control,2,GF_00137
original_control,2,GF_00138
original_control,2,GF_00139
original_control,2,GF_00141
original_control,2,GF_00142
original_control,2,GF_00143
original_control,2,GF_00155
original_control,2,GF_00164
original_control,2,GF_00170
original_control,2,GF_00175
original_control,2,GF_00178
original_control,2,GF_00179
original_control,2,GF_00180
original_control,2,GF_00185
original_control,2,GF_00220
original_control,2,GF_00228
original_control,2,GF_00229
original_control,2,GF_00244
original_control,2,GF_00251
original_control,2,GF_00262
original_control,2,GF_00281
original_control,2,GF_00290
original_control,2,GF_00296
original_control,2,GF_00300
original_control,2,GF_00302
original_control,2,GF_00303
original_control,2,GF_00305
original_control,2,GF_00309
original_control,2,GF_00311
original_control,2,GF_00312
original_control,2,GF_00313
original_control,2,GF_00314
original_control,2,GF_00315
original_control,2,GF_00316
original_control,2,GF_00317
original_control,2,GF_00318
original_control,2,GF_00319
original_control,2,GF_00320
original_control,2,GF_00321
original_control,2,GF_00323
original_control,2,GF_00324
original_control,2,GF_00325
original_control,2,GF_00326
original_control,2,GF_00327
original_control,2,GF_00329
original_control,2,GF_00330
original_control,2,GF_00331
original_control,2,GF_00332
original_control,2,GF_00333
original_control,2,GF_00335
original_control,2,GF_00336
original_control,2,GF_00339
original_control,2,GF_00340
original_control,2,GF_00341
original_control,2,GF_00342
original_control,2,GF_00343
original_control,2,GF_00344
original_control,2,GF_00346
original_control,2,GF_00347
original_control,2,GF_00348
original_control,2,GF_00349
original_control,2,GF_00350
original_control,2,GF_00351
original_control,2,GF_00352
original_control,2,GF_00353
original_control,2,GF_00358
original_control,2,GF_00360
original_control,2,GF_00362
original_control,2,GF_00363
original_control,2,GF_00364
original_control,2,GF_00365
original_control,2,GF_00369
original_control,2,GF_00381
original_control,2,GF_00384
original_control,2,GF_00385
original_control,2,GF_00386
original_control,2,GF_00387
original_control,2,GF_00388
original_control,2,GF_00389
original_control,2,GF_00390
original_control,2,GF_00391
original_control,2,GF_00393
original_control,2,GF_00395
original_control,2,GF_00396
original_control,2,GF_00400
original_control,2,GF_00401
original_control,2,GF_00402
original_control,2,GF_00403
original_control,2,GF_00404
original_control,2,GF_00405
original_control,2,GF_00408
original_control,2,GF_00409
original_control,2,GF_00410
original_control,2,GF_00413
original_control,2,GF_00414
original_control,2,GF_00415
original_control,2,GF_00419
original_control,2,GF_00422
original_control,2,GF_00424
original_control,2,GF_00426
original_control,2,GF_00427
original_control,2,GF_00428
original_control,2,GF_00429
original_control,2,GF_00430
original_control,2,GF_00431
original_control,2,GF_00432
original_control,2,GF_00433
original_control,2,GF_00434
original_control,2,GF_00435
original_control,2,GF_00436
original_control,2,GF_00437
original_control,2,GF_00438
original_control,2,GF_00440
original_control,2,GF_00441
original_control,2,GF_00455
original_control,2,GF_00457
original_control,2,GF_00458
original_control,2,GF_00471
original_control,2,GF_00477
original_control,2,GF_00480
original_control,2,GF_00488
original_control,2,GF_00489
original_control,2,GF_00503
original_control,2,GF_00522
original_control,2,GF_00523
original_control,2,GF_00524
original_control,2,GF_00525
original_control,2,GF_00527
original_control,2,GF_00528
original_control,2,GF_00529
original_control,2,GF_00530
original_control,2,GF_00531
original_control,2,GF_00536
original_control,2,GF_00538
original_control,2,GF_00546
original_control,2,GF_00547
original_control,2,GF_00548
original_control,2,GF_00549
original_control,2,GF_00564
original_control,2,GF_00565
original_control,2,GF_00566
original_control,2,GF_00569
original_control,2,GF_00570
original_control,2,GF_00580
original_control,2,GF_00588
original_control,2,GF_00594
original_control,2,GF_00595
original_control,2,GF_00599
original_control,2,GF_00601
original_control,2,GF_00603
original_control,2,GF_00604
original_control,2,GF_00606
original_control,2,GF_00607
original_control,2,GF_00608
original_control,2,GF_00609
original_control,2,GF_00611
original_control,2,GF_00612
original_control,2,GF_00613
original_control,2,GF_00614
original_control,2,GF_00615
original_control,2,GF_00616
original_control,2,GF_00617
original_control,2,GF_00618
original_control,2,GF_00619
original_control,2,GF_00620
original_control,2,GF_00622
original_control,2,GF_00623
original_control,2,GF_00624
original_control,2,GF_00632
original_control,2,GF_00633
original_control,2,GF_00635
original_control,2,GF_00636
original_control,2,GF_00637
original_control,2,GF_00638
original_control,2,GF_00642
original_control,2,GF_00643
original_control,2,GF_00655
original_control,2,GF_00658
original_control,2,GF_00661
original_control,2,GF_00669
original_control,2,GF_00681
original_control,2,GF_00682
original_control,2,GF_00683
original_control,2,GF_00684
original_control,2,GF_00687
original_control,2,GF_00688
original_control,2,GF_00699
original_control,2,GF_00702
original_control,2,GF_00709
original_control,2,GF_00723
original_control,2,GF_00724
original_control,2,GF_00725
original_control,2,GF_00726
original_control,2,GF_00727
original_control,2,GF_00728
original_control,2,GF_00729
original_control,2,GF_00736
original_control,2,GF_00740
original_control,2,GF_00741
original_control,2,GF_00744
original_control,2,GF_00751
original_control,2,GF_00755
original_control,2,GF_00756
original_control,2,GF_00761
original_control,2,GF_00771
original_control,2,GF_00773
original_control,2,GF_00776
original_control,2,GF_00777
original_control,2,GF_00796
original_control,2,GF_00810
original_control,2,GF_00811
original_control,2,GF_00813
original_control,2,GF_00814
original_control,2,GF_00816
original_control,2,GF_00819
original_control,2,GF_00828
original_control,2,GF_00843
original_control,2,GF_00845
original_control,2,GF_00856
original_control,2,GF_00857
original_control,2,GF_00860
original_control,2,GF_00864
original_control,2,GF_00866
original_control,2,GF_00867
original_control,2,GF_00868
original_control,2,GF_00869
original_control,2,GF_00870
original_control,2,GF_00873
original_control,2,GF_00874
original_control,2,GF_00887
original_control,2,GF_00888
original_control,2,GF_00895
original_control,2,GF_00916
original_control,2,GF_00927
original_control,2,GF_00931
original_control,2,GF_00932
original_control,2,GF_00933
original_control,2,GF_00946
original_control,2,GF_00947
original_control,2,GF_00949
original_control,2,GF_00957
original_control,2,GF_00958
original_control,2,GF_00960
original_control,2,GF_00963
original_control,2,GF_00966
original_control,2,GF_00968
original_control,2,GF_00969
original_control,2,GF_00970
original_control,2,GF_00971
original_control,2,GF_00982
original_control,2,GF_01004
original_control,2,GF_01005
original_control,2,GF_01026
original_control,2,GF_01028
original_control,2,GF_01054
original_control,2,GF_01230
original_control,2,GF_01231
original_control,2,GF_01233
original_control,2,GF_01234
original_control,2,GF_01235
original_control,2,GF_01236
original_control,2,GF_01237
original_control,2,GF_01239
original_control,2,GF_01240
original_control,2,GF_01241
original_control,2,GF_01242
original_control,2,GF_01244
original_control,2,GF_01245
original_control,2,GF_01246
original_control,2,GF_01247
original_control,2,GF_01248
original_control,2,GF_01266
original_control,2,GF_01287
original_control,2,GF_01290
original_control,2,GF_01292
original_control,2,GF_01293
original_control,2,GF_01297
original_control,2,GF_01306
original_control,2,GF_01314
original_control,2,GF_01315
original_control,2,GF_01327
original_control,2,GF_01329
original_control,2,GF_01330
original_control,2,GF_01331
original_control,2,GF_01332
original_control,2,GF_01333
original_control,2,GF_01334
original_control,2,GF_01336
original_control,2,GF_01337
original_control,2,GF_01338
original_control,2,GF_01359
original_control,2,GF_01372
original_control,2,GF_01374
original_control,2,GF_01375
original_control,2,GF_01376
original_control,2,GF_01377
original_control,2,GF_01379
original_control,2,GF_01381
original_control,2,GF_01382
original_control,2,GF_01383
original_control,2,GF_01385
original_control,2,GF_01386
original_control,2,GF_01387
original_control,2,GF_01390
original_control,2,GF_01391
original_control,2,GF_01393
original_control,2,GF_01394
original_control,2,GF_01395
original_control,2,GF_01396
original_control,2,GF_01397
original_control,2,GF_01399
original_control,2,GF_01400
original_control,2,GF_01401
original_control,2,GF_01409
original_control,2,GF_01425
original_control,2,GF_01426
original_control,2,GF_01428
original_control,2,GF_01439
original_control,2,GF_01445
original_control,2,GF_01446
original_control,2,GF_01447
original_control,2,GF_01449
original_control,2,GF_01456
original_control,2,GF_01458
original_control,2,GF_01460
original_control,2,GF_01461
original_control,2,GF_01462
original_control,2,GF_01466
original_control,2,GF_01476
original_control,2,GF_01477
original_control,2,GF_01479
original_control,2,GF_01481
original_control,2,GF_01487
original_control,2,GF_01502
original_control,2,GF_01504
original_control,2,GF_01512
original_control,2,GF_01514
original_control,2,GF_01527
original_control,2,GF_01534
original_control,2,GF_01535
original_control,2,GF_01536
original_control,2,GF_01538
original_control,2,GF_01539
original_control,2,GF_01540
original_control,2,GF_01541
original_control,2,GF_01542
original_control,2,GF_01544
original_control,2,GF_01547
original_control,2,GF_01549
original_control,2,GF_01552
original_control,2,GF_01553
original_control,2,GF_01579
original_control,2,GF_01580
original_control,2,GF_01583
original_control,2,GF_01584
original_control,2,GF_01591
original_control,2,GF_01592
original_control,2,GF_01616
original_control,2,GF_01617
original_control,2,GF_01618
original_control,2,GF_01619
original_control,2,GF_01620
original_control,2,GF_01621
original_control,2,GF_01623
original_control,2,GF_01625
original_control,2,GF_01626
original_control,2,GF_01627
original_control,2,GF_01628
original_control,2,GF_01629
original_control,2,GF_01636
original_control,2,GF_01638
original_control,2,GF_01641
original_control,2,GF_01648
original_control,2,GF_01659
original_control,2,GF_01661
original_control,2,GF_01673
original_control,2,GF_01674
original_control,2,GF_01675
original_control,2,GF_01676
original_control,2,GF_01677
original_control,2,GF_01678
original_control,2,GF_01679
original_control,2,GF_01680
original_control,2,GF_01681
original_control,2,GF_01683
original_control,2,GF_01684
original_control,2,GF_01685
original_control,2,GF_01688
original_control,2,GF_01689
original_control,2,GF_01690
original_control,2,GF_01691
original_control,2,GF_01692
original_control,2,GF_01693
original_control,2,GF_01732
original_control,2,GF_01733
original_control,2,GF_01734
original_control,2,GF_01735
original_control,2,GF_01736
original_control,2,GF_01737
original_control,2,GF_01741
original_control,2,GF_01742
original_control,2,GF_01745
original_control,2,GF_01763
original_control,2,GF_01783
original_control,2,GF_01799
original_control,2,GF_01801
original_control,2,GF_01802
original_control,2,GF_01803
original_control,2,GF_01805
original_control,2,GF_01806
original_control,2,GF_01807
original_control,2,GF_01808
original_control,2,GF_01809
original_control,2,GF_01810
original_control,2,GF_01811
original_control,2,GF_01812
original_control,2,GF_01813
original_control,2,GF_01814
original_control,2,GF_01815
original_control,2,GF_01816
original_control,2,GF_01818
original_control,2,GF_01819
original_control,2,GF_01822
original_control,2,GF_01834
original_control,2,GF_01836
original_control,2,GF_01837
original_control,2,GF_01840
original_control,2,GF_01841
original_control,2,GF_01842
original_control,2,GF_01844
original_control,2,GF_01856
original_control,2,GF_01860
original_control,2,GF_01870
original_control,2,GF_01872
original_control,2,GF_01874
original_control,2,GF_01897
original_control,2,GF_01898
original_control,2,GF_01899
original_control,2,GF_01900
original_control,2,GF_01902
original_control,2,GF_01904
original_control,2,GF_01919
original_control,2,GF_01921
original_control,2,GF_01923
original_control,2,GF_01925
original_control,2,GF_01926
original_control,2,GF_01927
original_control,2,GF_01928
original_control,2,GF_01929
original_control,2,GF_01930
original_control,2,GF_01945
original_control,2,GF_02041
original_control,2,GF_02059
original_control,2,GF_02060
original_control,2,GF_02069
original_control,2,GF_02070
original_control,2,GF_02071
original_control,2,GF_02072
original_control,2,GF_02075
original_control,2,GF_02076
original_control,2,GF_02084
original_control,2,GF_02085
original_control,2,GF_02086
original_control,2,GF_02088
original_control,2,GF_02089
original_control,2,GF_02091
original_control,2,GF_02092
original_control,2,GF_02093
original_control,2,GF_02094
original_control,2,GF_02101
original_control,2,GF_02109
original_control,2,GF_02113
original_control,2,GF_02122
original_control,2,GF_02130
original_control,2,GF_02131
original_control,2,GF_02132
original_control,2,GF_02136
original_control,2,GF_02137
original_control,2,GF_02138
original_control,2,GF_02139
original_control,2,GF_02140
original_control,2,GF_02141
original_control,2,GF_02142
original_control,2,GF_02143
original_control,2,GF_02145
original_control,2,GF_02152
original_control,2,GF_02157
original_control,2,GF_02158
original_control,2,GF_02168
original_control,2,GF_02172
original_control,2,GF_02178
original_control,2,GF_02180
original_control,2,GF_02184
original_control,2,GF_02216
original_control,2,GF_02217
original_control,2,GF_02218
original_control,2,GF_02219
original_control,2,GF_02220
original_control,2,GF_02223
original_control,2,GF_02224
original_control,2,GF_02225
original_control,2,GF_02226
original_control,2,GF_02227
original_control,2,GF_02228
original_control,2,GF_02229
original_control,2,GF_02230
original_control,2,GF_02260
original_control,2,GF_02261
original_control,2,GF_02262
original_control,2,GF_02263
original_control,2,GF_02264
original_control,2,GF_02266
original_control,3,GF_00002
original_control,3,GF_00008
original_control,3,GF_00011
original_control,3,GF_00012
original_control,3,GF_00013
original_control,3,GF_00014
original_control,3,GF_00015
original_control,3,GF_00017
original_control,3,GF_00018
original_control,3,GF_00036
original_control,3,GF_00043
original_control,3,GF_00044
original_control,3,GF_00046
original_control,3,GF_00047
original_control,3,GF_00048
original_control,3,GF_00049
original_control,3,GF_00051
original_control,3,GF_00052
original_control,3,GF_00072
original_control,3,GF_00073
original_control,3,GF_00074
original_control,3,GF_00075
original_control,3,GF_00077
original_control,3,GF_00078
original_control,3,GF_00079
original_control,3,GF_00080
original_control,3,GF_00081
original_control,3,GF_00082
original_control,3,GF_00083
original_control,3,GF_00084
original_control,3,GF_00085
original_control,3,GF_00087
original_control,3,GF_00088
original_control,3,GF_00093
original_control,3,GF_00094
original_control,3,GF_00104
original_control,3,GF_00105
original_control,3,GF_00106
original_control,3,GF_00107
original_control,3,GF_00108
original_control,3,GF_00111
original_control,3,GF_00112
original_control,3,GF_00114
original_control,3,GF_00115
original_control,3,GF_00116
original_control,3,GF_00117
original_control,3,GF_00120
original_control,3,GF_00121
original_control,3,GF_00122
original_control,3,GF_00123
original_control,3,GF_00124
original_control,3,GF_00125
original_control,3,GF_00136
original_control,3,GF_00137
original_control,3,GF_00138
original_control,3,GF_00139
original_control,3,GF_00141
original_control,3,GF_00143
original_control,3,GF_00155
original_control,3,GF_00164
original_control,3,GF_00170
original_control,3,GF_00175
original_control,3,GF_00178
original_control,3,GF_00179
original_control,3,GF_00180
original_control,3,GF_00185
original_control,3,GF_00220
original_control,3,GF_00228
original_control,3,GF_00229
original_control,3,GF_00235
original_control,3,GF_00244
original_control,3,GF_00250
original_control,3,GF_00251
original_control,3,GF_00262
original_control,3,GF_00281
original_control,3,GF_00290
original_control,3,GF_00296
original_control,3,GF_00300
original_control,3,GF_00302
original_control,3,GF_00303
original_control,3,GF_00305
original_control,3,GF_00309
original_control,3,GF_00311
original_control,3,GF_00312
original_control,3,GF_00313
original_control,3,GF_00314
original_control,3,GF_00315
original_control,3,GF_00316
original_control,3,GF_00317
original_control,3,GF_00318
original_control,3,GF_00319
original_control,3,GF_00320
original_control,3,GF_00321
original_control,3,GF_00323
original_control,3,GF_00324
original_control,3,GF_00325
original_control,3,GF_00326
original_control,3,GF_00327
original_control,3,GF_00329
original_control,3,GF_00330
original_control,3,GF_00331
original_control,3,GF_00332
original_control,3,GF_00333
original_control,3,GF_00335
original_control,3,GF_00336
original_control,3,GF_00338
original_control,3,GF_00340
original_control,3,GF_00341
original_control,3,GF_00342
original_control,3,GF_00343
original_control,3,GF_00344
original_control,3,GF_00346
original_control,3,GF_00347
original_control,3,GF_00349
original_control,3,GF_00350
original_control,3,GF_00352
original_control,3,GF_00353
original_control,3,GF_00355
original_control,3,GF_00358
original_control,3,GF_00360
original_control,3,GF_00362
original_control,3,GF_00363
original_control,3,GF_00364
original_control,3,GF_00365
original_control,3,GF_00369
original_control,3,GF_00381
original_control,3,GF_00384
original_control,3,GF_00385
original_control,3,GF_00386
original_control,3,GF_00387
original_control,3,GF_00388
original_control,3,GF_00389
original_control,3,GF_00390
original_control,3,GF_00391
original_control,3,GF_00393
original_control,3,GF_00394
original_control,3,GF_00395
original_control,3,GF_00396
original_control,3,GF_00400
original_control,3,GF_00401
original_control,3,GF_00402
original_control,3,GF_00404
original_control,3,GF_00405
original_control,3,GF_00406
original_control,3,GF_00407
original_control,3,GF_00409
original_control,3,GF_00410
original_control,3,GF_00413
original_control,3,GF_00414
original_control,3,GF_00415
original_control,3,GF_00417
original_control,3,GF_00418
original_control,3,GF_00421
original_control,3,GF_00422
original_control,3,GF_00424
original_control,3,GF_00426
original_control,3,GF_00427
original_control,3,GF_00428
original_control,3,GF_00430
original_control,3,GF_00431
original_control,3,GF_00432
original_control,3,GF_00433
original_control,3,GF_00434
original_control,3,GF_00435
original_control,3,GF_00436
original_control,3,GF_00438
original_control,3,GF_00440
original_control,3,GF_00441
original_control,3,GF_00455
original_control,3,GF_00457
original_control,3,GF_00458
original_control,3,GF_00471
original_control,3,GF_00477
original_control,3,GF_00480
original_control,3,GF_00482
original_control,3,GF_00488
original_control,3,GF_00489
original_control,3,GF_00503
original_control,3,GF_00522
original_control,3,GF_00523
original_control,3,GF_00524
original_control,3,GF_00525
original_control,3,GF_00527
original_control,3,GF_00528
original_control,3,GF_00529
original_control,3,GF_00530
original_control,3,GF_00531
original_control,3,GF_00536
original_control,3,GF_00538
original_control,3,GF_00546
original_control,3,GF_00547
original_control,3,GF_00548
original_control,3,GF_00549
original_control,3,GF_00564
original_control,3,GF_00565
original_control,3,GF_00566
original_control,3,GF_00569
original_control,3,GF_00570
original_control,3,GF_00572
original_control,3,GF_00574
original_control,3,GF_00578
original_control,3,GF_00580
original_control,3,GF_00588
original_control,3,GF_00594
original_control,3,GF_00595
original_control,3,GF_00599
original_control,3,GF_00600
original_control,3,GF_00601
original_control,3,GF_00603
original_control,3,GF_00604
original_control,3,GF_00605
original_control,3,GF_00606
original_control,3,GF_00607
original_control,3,GF_00608
original_control,3,GF_00609
original_control,3,GF_00611
original_control,3,GF_00612
original_control,3,GF_00613
original_control,3,GF_00614
original_control,3,GF_00615
original_control,3,GF_00617
original_control,3,GF_00618
original_control,3,GF_00619
original_control,3,GF_00620
original_control,3,GF_00621
original_control,3,GF_00622
original_control,3,GF_00623
original_control,3,GF_00624
original_control,3,GF_00632
original_control,3,GF_00633
original_control,3,GF_00635
original_control,3,GF_00636
original_control,3,GF_00637
original_control,3,GF_00640
original_control,3,GF_00641
original_control,3,GF_00642
original_control,3,GF_00643
original_control,3,GF_00655
original_control,3,GF_00658
original_control,3,GF_00661
original_control,3,GF_00669
original_control,3,GF_00676
original_control,3,GF_00681
original_control,3,GF_00684
original_control,3,GF_00687
original_control,3,GF_00688
original_control,3,GF_00695
original_control,3,GF_00699
original_control,3,GF_00702
original_control,3,GF_00709
original_control,3,GF_00722
original_control,3,GF_00723
original_control,3,GF_00724
original_control,3,GF_00725
original_control,3,GF_00726
original_control,3,GF_00727
original_control,3,GF_00728
original_control,3,GF_00729
original_control,3,GF_00732
original_control,3,GF_00736
original_control,3,GF_00740
original_control,3,GF_00741
original_control,3,GF_00744
original_control,3,GF_00751
original_control,3,GF_00755
original_control,3,GF_00756
original_control,3,GF_00761
original_control,3,GF_00771
original_control,3,GF_00773
original_control,3,GF_00776
original_control,3,GF_00777
original_control,3,GF_00785
original_control,3,GF_00796
original_control,3,GF_00810
original_control,3,GF_00811
original_control,3,GF_00813
original_control,3,GF_00814
original_control,3,GF_00816
original_control,3,GF_00819
original_control,3,GF_00828
original_control,3,GF_00843
original_control,3,GF_00845
original_control,3,GF_00857
original_control,3,GF_00860
original_control,3,GF_00864
original_control,3,GF_00866
original_control,3,GF_00868
original_control,3,GF_00869
original_control,3,GF_00870
original_control,3,GF_00871
original_control,3,GF_00872
original_control,3,GF_00873
original_control,3,GF_00874
original_control,3,GF_00895
original_control,3,GF_00916
original_control,3,GF_00927
original_control,3,GF_00931
original_control,3,GF_00933
original_control,3,GF_00946
original_control,3,GF_00947
original_control,3,GF_00949
original_control,3,GF_00957
original_control,3,GF_00958
original_control,3,GF_00959
original_control,3,GF_00960
original_control,3,GF_00963
original_control,3,GF_00966
original_control,3,GF_00968
original_control,3,GF_00969
original_control,3,GF_00970
original_control,3,GF_00971
original_control,3,GF_00972
original_control,3,GF_00982
original_control,3,GF_01004
original_control,3,GF_01005
original_control,3,GF_01012
original_control,3,GF_01026
original_control,3,GF_01027
original_control,3,GF_01028
original_control,3,GF_01054
original_control,3,GF_01230
original_control,3,GF_01231
original_control,3,GF_01232
original_control,3,GF_01233
original_control,3,GF_01234
original_control,3,GF_01235
original_control,3,GF_01236
original_control,3,GF_01237
original_control,3,GF_01239
original_control,3,GF_01240
original_control,3,GF_01241
original_control,3,GF_01242
original_control,3,GF_01244
original_control,3,GF_01245
original_control,3,GF_01246
original_control,3,GF_01247
original_control,3,GF_01248
original_control,3,GF_01266
original_control,3,GF_01287
original_control,3,GF_01290
original_control,3,GF_01291
original_control,3,GF_01292
original_control,3,GF_01293
original_control,3,GF_01297
original_control,3,GF_01306
original_control,3,GF_01314
original_control,3,GF_01315
original_control,3,GF_01327
original_control,3,GF_01329
original_control,3,GF_01330
original_control,3,GF_01331
original_control,3,GF_01332
original_control,3,GF_01333
original_control,3,GF_01334
original_control,3,GF_01336
original_control,3,GF_01337
original_control,3,GF_01338
original_control,3,GF_01359
original_control,3,GF_01372
original_control,3,GF_01373
original_control,3,GF_01374
original_control,3,GF_01375
original_control,3,GF_01376
original_control,3,GF_01377
original_control,3,GF_01379
original_control,3,GF_01381
original_control,3,GF_01382
original_control,3,GF_01383
original_control,3,GF_01385
original_control,3,GF_01387
original_control,3,GF_01390
original_control,3,GF_01391
original_control,3,GF_01393
original_control,3,GF_01394
original_control,3,GF_01395
original_control,3,GF_01396
original_control,3,GF_01397
original_control,3,GF_01399
original_control,3,GF_01400
original_control,3,GF_01401
original_control,3,GF_01404
original_control,3,GF_01409
original_control,3,GF_01425
original_control,3,GF_01426
original_control,3,GF_01428
original_control,3,GF_01439
original_control,3,GF_01445
original_control,3,GF_01446
original_control,3,GF_01447
original_control,3,GF_01448
original_control,3,GF_01449
original_control,3,GF_01456
original_control,3,GF_01458
original_control,3,GF_01460
original_control,3,GF_01461
original_control,3,GF_01466
original_control,3,GF_01477
original_control,3,GF_01479
original_control,3,GF_01480
original_control,3,GF_01487
original_control,3,GF_01502
original_control,3,GF_01512
original_control,3,GF_01514
original_control,3,GF_01527
original_control,3,GF_01534
original_control,3,GF_01536
original_control,3,GF_01538
original_control,3,GF_01539
original_control,3,GF_01540
original_control,3,GF_01541
original_control,3,GF_01542
original_control,3,GF_01543
original_control,3,GF_01544
original_control,3,GF_01547
original_control,3,GF_01549
original_control,3,GF_01552
original_control,3,GF_01553
original_control,3,GF_01579
original_control,3,GF_01580
original_control,3,GF_01583
original_control,3,GF_01584
original_control,3,GF_01591
original_control,3,GF_01592
original_control,3,GF_01616
original_control,3,GF_01617
original_control,3,GF_01618
original_control,3,GF_01619
original_control,3,GF_01620
original_control,3,GF_01621
original_control,3,GF_01623
original_control,3,GF_01625
original_control,3,GF_01626
original_control,3,GF_01627
original_control,3,GF_01628
original_control,3,GF_01629
original_control,3,GF_01634
original_control,3,GF_01635
original_control,3,GF_01636
original_control,3,GF_01637
original_control,3,GF_01638
original_control,3,GF_01639
original_control,3,GF_01641
original_control,3,GF_01648
original_control,3,GF_01659
original_control,3,GF_01661
original_control,3,GF_01672
original_control,3,GF_01673
original_control,3,GF_01674
original_control,3,GF_01675
original_control,3,GF_01676
original_control,3,GF_01677
original_control,3,GF_01678
original_control,3,GF_01679
original_control,3,GF_01680
original_control,3,GF_01681
original_control,3,GF_01683
original_control,3,GF_01684
original_control,3,GF_01685
original_control,3,GF_01688
original_control,3,GF_01689
original_control,3,GF_01690
original_control,3,GF_01692
original_control,3,GF_01693
original_control,3,GF_01732
original_control,3,GF_01733
original_control,3,GF_01734
original_control,3,GF_01735
original_control,3,GF_01736
original_control,3,GF_01740
original_control,3,GF_01741
original_control,3,GF_01742
original_control,3,GF_01745
original_control,3,GF_01763
original_control,3,GF_01783
original_control,3,GF_01799
original_control,3,GF_01802
original_control,3,GF_01803
original_control,3,GF_01805
original_control,3,GF_01806
original_control,3,GF_01807
original_control,3,GF_01808
original_control,3,GF_01809
original_control,3,GF_01810
original_control,3,GF_01811
original_control,3,GF_01812
original_control,3,GF_01813
original_control,3,GF_01816
original_control,3,GF_01818
original_control,3,GF_01819
original_control,3,GF_01822
original_control,3,GF_01823
original_control,3,GF_01834
original_control,3,GF_01836
original_control,3,GF_01837
original_control,3,GF_01840
original_control,3,GF_01841
original_control,3,GF_01842
original_control,3,GF_01844
original_control,3,GF_01856
original_control,3,GF_01860
original_control,3,GF_01866
original_control,3,GF_01870
original_control,3,GF_01872
original_control,3,GF_01885
original_control,3,GF_01897
original_control,3,GF_01898
original_control,3,GF_01899
original_control,3,GF_01900
original_control,3,GF_01901
original_control,3,GF_01902
original_control,3,GF_01904
original_control,3,GF_01919
original_control,3,GF_01921
original_control,3,GF_01925
original_control,3,GF_01926
original_control,3,GF_01927
original_control,3,GF_01928
original_control,3,GF_01929
original_control,3,GF_01930
original_control,3,GF_01945
original_control,3,GF_02041
original_control,3,GF_02059
original_control,3,GF_02060
original_control,3,GF_02069
original_control,3,GF_02070
original_control,3,GF_02071
original_control,3,GF_02072
original_control,3,GF_02074
original_control,3,GF_02075
original_control,3,GF_02076
original_control,3,GF_02084
original_control,3,GF_02085
original_control,3,GF_02088
original_control,3,GF_02089
original_control,3,GF_02091
original_control,3,GF_02092
original_control,3,GF_02093
original_control,3,GF_02094
original_control,3,GF_02101
original_control,3,GF_02109
original_control,3,GF_02110
original_control,3,GF_02113
original_control,3,GF_02122
original_control,3,GF_02130
original_control,3,GF_02131
original_control,3,GF_02132
original_control,3,GF_02136
original_control,3,GF_02137
original_control,3,GF_02138
original_control,3,GF_02139
original_control,3,GF_02140
original_control,3,GF_02141
original_control,3,GF_02142
original_control,3,GF_02143
original_control,3,GF_02145
original_control,3,GF_02152
original_control,3,GF_02157
original_control,3,GF_02159
original_control,3,GF_02172
original_control,3,GF_02178
original_control,3,GF_02180
original_control,3,GF_02184
original_control,3,GF_02194
original_control,3,GF_02215
original_control,3,GF_02216
original_control,3,GF_02217
original_control,3,GF_02218
original_control,3,GF_02219
original_control,3,GF_02220
original_control,3,GF_02222
original_control,3,GF_02223
original_control,3,GF_02224
original_control,3,GF_02225
original_control,3,GF_02226
original_control,3,GF_02227
original_control,3,GF_02228
original_control,3,GF_02229
original_control,3,GF_02230
original_control,3,GF_02260
original_control,3,GF_02261
original_control,3,GF_02262
original_control,3,GF_02263
original_control,3,GF_02264
original_control,3,GF_02266
original_control,4,GF_00002
original_control,4,GF_00008
original_control,4,GF_00011
original_control,4,GF_00012
original_control,4,GF_00013
original_control,4,GF_00014
original_control,4,GF_00015
original_control,4,GF_00017
original_control,4,GF_00018
original_control,4,GF_00036
original_control,4,GF_00043
original_control,4,GF_00044
original_control,4,GF_00045
original_control,4,GF_00046
original_control,4,GF_00047
original_control,4,GF_00048
original_control,4,GF_00049
original_control,4,GF_00051
original_control,4,GF_00052
original_control,4,GF_00071
original_control,4,GF_00072
original_control,4,GF_00073
original_control,4,GF_00074
original_control,4,GF_00075
original_control,4,GF_00076
original_control,4,GF_00077
original_control,4,GF_00078
original_control,4,GF_00079
original_control,4,GF_00080
original_control,4,GF_00081
original_control,4,GF_00082
original_control,4,GF_00083
original_control,4,GF_00084
original_control,4,GF_00085
original_control,4,GF_00087
original_control,4,GF_00088
original_control,4,GF_00093
original_control,4,GF_00094
original_control,4,GF_00104
original_control,4,GF_00105
original_control,4,GF_00106
original_control,4,GF_00107
original_control,4,GF_00108
original_control,4,GF_00109
original_control,4,GF_00111
original_control,4,GF_00112
original_control,4,GF_00113
original_control,4,GF_00114
original_control,4,GF_00115
original_control,4,GF_00116
original_control,4,GF_00117
original_control,4,GF_00119
original_control,4,GF_00120
original_control,4,GF_00121
original_control,4,GF_00122
original_control,4,GF_00123
original_control,4,GF_00124
original_control,4,GF_00125
original_control,4,GF_00136
original_control,4,GF_00137
original_control,4,GF_00138
original_control,4,GF_00139
original_control,4,GF_00141
original_control,4,GF_00142
original_control,4,GF_00143
original_control,4,GF_00155
original_control,4,GF_00164
original_control,4,GF_00170
original_control,4,GF_00175
original_control,4,GF_00178
original_control,4,GF_00179
original_control,4,GF_00180
original_control,4,GF_00181
original_control,4,GF_00185
original_control,4,GF_00208
original_control,4,GF_00220
original_control,4,GF_00228
original_control,4,GF_00229
original_control,4,GF_00235
original_control,4,GF_00244
original_control,4,GF_00250
original_control,4,GF_00251
original_control,4,GF_00262
original_control,4,GF_00281
original_control,4,GF_00290
original_control,4,GF_00296
original_control,4,GF_00300
original_control,4,GF_00302
original_control,4,GF_00303
original_control,4,GF_00305
original_control,4,GF_00309
original_control,4,GF_00311
original_control,4,GF_00312
original_control,4,GF_00313
original_control,4,GF_00314
original_control,4,GF_00315
original_control,4,GF_00316
original_control,4,GF_00317
original_control,4,GF_00318
original_control,4,GF_00319
original_control,4,GF_00320
original_control,4,GF_00321
original_control,4,GF_00323
original_control,4,GF_00324
original_control,4,GF_00325
original_control,4,GF_00326
original_control,4,GF_00327
original_control,4,GF_00329
original_control,4,GF_00330
original_control,4,GF_00331
original_control,4,GF_00332
original_control,4,GF_00333
original_control,4,GF_00335
original_control,4,GF_00336
original_control,4,GF_00338
original_control,4,GF_00339
original_control,4,GF_00340
original_control,4,GF_00341
original_control,4,GF_00342
original_control,4,GF_00343
original_control,4,GF_00344
original_control,4,GF_00346
original_control,4,GF_00347
original_control,4,GF_00348
original_control,4,GF_00349
original_control,4,GF_00350
original_control,4,GF_00352
original_control,4,GF_00353
original_control,4,GF_00355
original_control,4,GF_00358
original_control,4,GF_00359
original_control,4,GF_00360
original_control,4,GF_00362
original_control,4,GF_00363
original_control,4,GF_00364
original_control,4,GF_00365
original_control,4,GF_00369
original_control,4,GF_00378
original_control,4,GF_00381
original_control,4,GF_00384
original_control,4,GF_00385
original_control,4,GF_00386
original_control,4,GF_00387
original_control,4,GF_00388
original_control,4,GF_00389
original_control,4,GF_00390
original_control,4,GF_00391
original_control,4,GF_00393
original_control,4,GF_00394
original_control,4,GF_00395
original_control,4,GF_00396
original_control,4,GF_00400
original_control,4,GF_00401
original_control,4,GF_00402
original_control,4,GF_00403
original_control,4,GF_00404
original_control,4,GF_00405
original_control,4,GF_00406
original_control,4,GF_00407
original_control,4,GF_00408
original_control,4,GF_00409
original_control,4,GF_00410
original_control,4,GF_00413
original_control,4,GF_00414
original_control,4,GF_00415
original_control,4,GF_00417
original_control,4,GF_00418
original_control,4,GF_00419
original_control,4,GF_00421
original_control,4,GF_00422
original_control,4,GF_00424
original_control,4,GF_00426
original_control,4,GF_00427
original_control,4,GF_00428
original_control,4,GF_00429
original_control,4,GF_00430
original_control,4,GF_00431
original_control,4,GF_00432
original_control,4,GF_00433
original_control,4,GF_00434
original_control,4,GF_00435
original_control,4,GF_00436
original_control,4,GF_00437
original_control,4,GF_00438
original_control,4,GF_00440
original_control,4,GF_00441
original_control,4,GF_00455
original_control,4,GF_00456
original_control,4,GF_00457
original_control,4,GF_00458
original_control,4,GF_00460
original_control,4,GF_00471
original_control,4,GF_00472
original_control,4,GF_00477
original_control,4,GF_00480
original_control,4,GF_00482
original_control,4,GF_00488
original_control,4,GF_00489
original_control,4,GF_00491
original_control,4,GF_00503
original_control,4,GF_00522
original_control,4,GF_00523
original_control,4,GF_00524
original_control,4,GF_00525
original_control,4,GF_00527
original_control,4,GF_00528
original_control,4,GF_00529
original_control,4,GF_00530
original_control,4,GF_00531
original_control,4,GF_00536
original_control,4,GF_00538
original_control,4,GF_00546
original_control,4,GF_00547
original_control,4,GF_00548
original_control,4,GF_00549
original_control,4,GF_00564
original_control,4,GF_00565
original_control,4,GF_00566
original_control,4,GF_00569
original_control,4,GF_00570
original_control,4,GF_00572
original_control,4,GF_00574
original_control,4,GF_00578
original_control,4,GF_00580
original_control,4,GF_00588
original_control,4,GF_00593
original_control,4,GF_00594
original_control,4,GF_00595
original_control,4,GF_00599
original_control,4,GF_00600
original_control,4,GF_00601
original_control,4,GF_00602
original_control,4,GF_00603
original_control,4,GF_00604
original_control,4,GF_00605
original_control,4,GF_00606
original_control,4,GF_00607
original_control,4,GF_00608
original_control,4,GF_00609
original_control,4,GF_00611
original_control,4,GF_00612
original_control,4,GF_00613
original_control,4,GF_00614
original_control,4,GF_00615
original_control,4,GF_00616
original_control,4,GF_00617
original_control,4,GF_00618
original_control,4,GF_00619
original_control,4,GF_00620
original_control,4,GF_00621
original_control,4,GF_00622
original_control,4,GF_00623
original_control,4,GF_00624
original_control,4,GF_00632
original_control,4,GF_00633
original_control,4,GF_00634
original_control,4,GF_00635
original_control,4,GF_00636
original_control,4,GF_00637
original_control,4,GF_00638
original_control,4,GF_00640
original_control,4,GF_00641
original_control,4,GF_00642
original_control,4,GF_00643
original_control,4,GF_00655
original_control,4,GF_00658
original_control,4,GF_00659
original_control,4,GF_00661
original_control,4,GF_00669
original_control,4,GF_00676
original_control,4,GF_00681
original_control,4,GF_00682
original_control,4,GF_00683
original_control,4,GF_00684
original_control,4,GF_00687
original_control,4,GF_00688
original_control,4,GF_00695
original_control,4,GF_00699
original_control,4,GF_00702
original_control,4,GF_00709
original_control,4,GF_00722
original_control,4,GF_00723
original_control,4,GF_00724
original_control,4,GF_00725
original_control,4,GF_00726
original_control,4,GF_00727
original_control,4,GF_00728
original_control,4,GF_00729
original_control,4,GF_00732
original_control,4,GF_00736
original_control,4,GF_00740
original_control,4,GF_00741
original_control,4,GF_00744
original_control,4,GF_00751
original_control,4,GF_00755
original_control,4,GF_00756
original_control,4,GF_00761
original_control,4,GF_00771
original_control,4,GF_00773
original_control,4,GF_00776
original_control,4,GF_00777
original_control,4,GF_00785
original_control,4,GF_00796
original_control,4,GF_00810
original_control,4,GF_00811
original_control,4,GF_00813
original_control,4,GF_00814
original_control,4,GF_00816
original_control,4,GF_00819
original_control,4,GF_00828
original_control,4,GF_00843
original_control,4,GF_00845
original_control,4,GF_00856
original_control,4,GF_00857
original_control,4,GF_00860
original_control,4,GF_00864
original_control,4,GF_00866
original_control,4,GF_00867
original_control,4,GF_00868
original_control,4,GF_00869
original_control,4,GF_00870
original_control,4,GF_00872
original_control,4,GF_00873
original_control,4,GF_00874
original_control,4,GF_00887
original_control,4,GF_00888
original_control,4,GF_00895
original_control,4,GF_00916
original_control,4,GF_00927
original_control,4,GF_00931
original_control,4,GF_00932
original_control,4,GF_00933
original_control,4,GF_00946
original_control,4,GF_00947
original_control,4,GF_00949
original_control,4,GF_00957
original_control,4,GF_00958
original_control,4,GF_00959
original_control,4,GF_00960
original_control,4,GF_00966
original_control,4,GF_00968
original_control,4,GF_00969
original_control,4,GF_00970
original_control,4,GF_00971
original_control,4,GF_00972
original_control,4,GF_00982
original_control,4,GF_01004
original_control,4,GF_01005
original_control,4,GF_01012
original_control,4,GF_01026
original_control,4,GF_01027
original_control,4,GF_01028
original_control,4,GF_01054
original_control,4,GF_01147
original_control,4,GF_01230
original_control,4,GF_01231
original_control,4,GF_01232
original_control,4,GF_01233
original_control,4,GF_01234
original_control,4,GF_01235
original_control,4,GF_01236
original_control,4,GF_01237
original_control,4,GF_01238
original_control,4,GF_01239
original_control,4,GF_01240
original_control,4,GF_01241
original_control,4,GF_01242
original_control,4,GF_01243
original_control,4,GF_01244
original_control,4,GF_01245
original_control,4,GF_01246
original_control,4,GF_01247
original_control,4,GF_01248
original_control,4,GF_01253
original_control,4,GF_01266
original_control,4,GF_01279
original_control,4,GF_01282
original_control,4,GF_01287
original_control,4,GF_01290
original_control,4,GF_01291
original_control,4,GF_01292
original_control,4,GF_01293
original_control,4,GF_01297
original_control,4,GF_01306
original_control,4,GF_01314
original_control,4,GF_01315
original_control,4,GF_01328
original_control,4,GF_01329
original_control,4,GF_01330
original_control,4,GF_01331
original_control,4,GF_01332
original_control,4,GF_01333
original_control,4,GF_01334
original_control,4,GF_01336
original_control,4,GF_01337
original_control,4,GF_01338
original_control,4,GF_01357
original_control,4,GF_01359
original_control,4,GF_01365
original_control,4,GF_01372
original_control,4,GF_01373
original_control,4,GF_01374
original_control,4,GF_01375
original_control,4,GF_01376
original_control,4,GF_01377
original_control,4,GF_01378
original_control,4,GF_01379
original_control,4,GF_01380
original_control,4,GF_01381
original_control,4,GF_01382
original_control,4,GF_01383
original_control,4,GF_01384
original_control,4,GF_01385
original_control,4,GF_01386
original_control,4,GF_01387
original_control,4,GF_01390
original_control,4,GF_01391
original_control,4,GF_01393
original_control,4,GF_01394
original_control,4,GF_01395
original_control,4,GF_01396
original_control,4,GF_01397
original_control,4,GF_01399
original_control,4,GF_01400
original_control,4,GF_01401
original_control,4,GF_01404
original_control,4,GF_01409
original_control,4,GF_01425
original_control,4,GF_01426
original_control,4,GF_01428
original_control,4,GF_01439
original_control,4,GF_01445
original_control,4,GF_01446
original_control,4,GF_01447
original_control,4,GF_01448
original_control,4,GF_01449
original_control,4,GF_01456
original_control,4,GF_01458
original_control,4,GF_01460
original_control,4,GF_01461
original_control,4,GF_01462
original_control,4,GF_01464
original_control,4,GF_01466
original_control,4,GF_01476
original_control,4,GF_01477
original_control,4,GF_01479
original_control,4,GF_01480
original_control,4,GF_01481
original_control,4,GF_01487
original_control,4,GF_01497
original_control,4,GF_01502
original_control,4,GF_01504
original_control,4,GF_01512
original_control,4,GF_01514
original_control,4,GF_01527
original_control,4,GF_01534
original_control,4,GF_01535
original_control,4,GF_01536
original_control,4,GF_01537
original_control,4,GF_01538
original_control,4,GF_01539
original_control,4,GF_01540
original_control,4,GF_01541
original_control,4,GF_01542
original_control,4,GF_01543
original_control,4,GF_01544
original_control,4,GF_01547
original_control,4,GF_01549
original_control,4,GF_01550
original_control,4,GF_01552
original_control,4,GF_01553
original_control,4,GF_01579
original_control,4,GF_01580
original_control,4,GF_01583
original_control,4,GF_01584
original_control,4,GF_01591
original_control,4,GF_01592
original_control,4,GF_01616
original_control,4,GF_01617
original_control,4,GF_01618
original_control,4,GF_01619
original_control,4,GF_01620
original_control,4,GF_01621
original_control,4,GF_01623
original_control,4,GF_01626
original_control,4,GF_01627
original_control,4,GF_01628
original_control,4,GF_01629
original_control,4,GF_01633
original_control,4,GF_01634
original_control,4,GF_01635
original_control,4,GF_01636
original_control,4,GF_01637
original_control,4,GF_01638
original_control,4,GF_01639
original_control,4,GF_01641
original_control,4,GF_01643
original_control,4,GF_01645
original_control,4,GF_01648
original_control,4,GF_01659
original_control,4,GF_01661
original_control,4,GF_01672
original_control,4,GF_01673
original_control,4,GF_01674
original_control,4,GF_01675
original_control,4,GF_01676
original_control,4,GF_01677
original_control,4,GF_01678
original_control,4,GF_01679
original_control,4,GF_01680
original_control,4,GF_01681
original_control,4,GF_01683
original_control,4,GF_01684
original_control,4,GF_01685
original_control,4,GF_01688
original_control,4,GF_01689
original_control,4,GF_01690
original_control,4,GF_01691
original_control,4,GF_01692
original_control,4,GF_01693
original_control,4,GF_01732
original_control,4,GF_01733
original_control,4,GF_01734
original_control,4,GF_01735
original_control,4,GF_01736
original_control,4,GF_01740
original_control,4,GF_01741
original_control,4,GF_01742
original_control,4,GF_01763
original_control,4,GF_01764
original_control,4,GF_01770
original_control,4,GF_01783
original_control,4,GF_01797
original_control,4,GF_01798
original_control,4,GF_01799
original_control,4,GF_01801
original_control,4,GF_01802
original_control,4,GF_01803
original_control,4,GF_01805
original_control,4,GF_01806
original_control,4,GF_01807
original_control,4,GF_01808
original_control,4,GF_01809
original_control,4,GF_01810
original_control,4,GF_01811
original_control,4,GF_01812
original_control,4,GF_01813
original_control,4,GF_01814
original_control,4,GF_01815
original_control,4,GF_01816
original_control,4,GF_01817
original_control,4,GF_01818
original_control,4,GF_01819
original_control,4,GF_01822
original_control,4,GF_01823
original_control,4,GF_01834
original_control,4,GF_01836
original_control,4,GF_01837
original_control,4,GF_01840
original_control,4,GF_01841
original_control,4,GF_01842
original_control,4,GF_01844
original_control,4,GF_01856
original_control,4,GF_01860
original_control,4,GF_01866
original_control,4,GF_01870
original_control,4,GF_01872
original_control,4,GF_01874
original_control,4,GF_01885
original_control,4,GF_01897
original_control,4,GF_01898
original_control,4,GF_01899
original_control,4,GF_01900
original_control,4,GF_01901
original_control,4,GF_01902
original_control,4,GF_01904
original_control,4,GF_01919
original_control,4,GF_01921
original_control,4,GF_01925
original_control,4,GF_01926
original_control,4,GF_01927
original_control,4,GF_01928
original_control,4,GF_01929
original_control,4,GF_01930
original_control,4,GF_01945
original_control,4,GF_02041
original_control,4,GF_02059
original_control,4,GF_02060
original_control,4,GF_02069
original_control,4,GF_02070
original_control,4,GF_02071
original_control,4,GF_02072
original_control,4,GF_02073
original_control,4,GF_02074
original_control,4,GF_02075
original_control,4,GF_02076
original_control,4,GF_02081
original_control,4,GF_02084
original_control,4,GF_02085
original_control,4,GF_02088
original_control,4,GF_02089
original_control,4,GF_02091
original_control,4,GF_02092
original_control,4,GF_02093
original_control,4,GF_02094
original_control,4,GF_02101
original_control,4,GF_02109
original_control,4,GF_02110
original_control,4,GF_02122
original_control,4,GF_02130
original_control,4,GF_02131
original_control,4,GF_02132
original_control,4,GF_02136
original_control,4,GF_02137
original_control,4,GF_02138
original_control,4,GF_02139
original_control,4,GF_02140
original_control,4,GF_02142
original_control,4,GF_02143
original_control,4,GF_02145
original_control,4,GF_02152
original_control,4,GF_02157
original_control,4,GF_02158
original_control,4,GF_02159
original_control,4,GF_02168
original_control,4,GF_02172
original_control,4,GF_02178
original_control,4,GF_02180
original_control,4,GF_02184
original_control,4,GF_02192
original_control,4,GF_02194
original_control,4,GF_02215
original_control,4,GF_02216
original_control,4,GF_02217
original_control,4,GF_02218
original_control,4,GF_02219
original_control,4,GF_02220
original_control,4,GF_02222
original_control,4,GF_02223
original_control,4,GF_02224
original_control,4,GF_02225
original_control,4,GF_02226
original_control,4,GF_02227
original_control,4,GF_02228
original_control,4,GF_02229
original_control,4,GF_02230
original_control,4,GF_02239
original_control,4,GF_02260
original_control,4,GF_02261
original_control,4,GF_02262
original_control,4,GF_02263
original_control,4,GF_02264
original_control,4,GF_02266
original_control,5,GF_00002
original_control,5,GF_00008
original_control,5,GF_00011
original_control,5,GF_00012
original_control,5,GF_00013
original_control,5,GF_00014
original_control,5,GF_00015
original_control,5,GF_00016
original_control,5,GF_00017
original_control,5,GF_00018
original_control,5,GF_00036
original_control,5,GF_00043
original_control,5,GF_00044
original_control,5,GF_00046
original_control,5,GF_00047
original_control,5,GF_00048
original_control,5,GF_00051
original_control,5,GF_00052
original_control,5,GF_00071
original_control,5,GF_00072
original_control,5,GF_00073
original_control,5,GF_00074
original_control,5,GF_00075
original_control,5,GF_00076
original_control,5,GF_00077
original_control,5,GF_00078
original_control,5,GF_00079
original_control,5,GF_00080
original_control,5,GF_00081
original_control,5,GF_00082
original_control,5,GF_00083
original_control,5,GF_00084
original_control,5,GF_00085
original_control,5,GF_00087
original_control,5,GF_00088
original_control,5,GF_00093
original_control,5,GF_00094
original_control,5,GF_00104
original_control,5,GF_00105
original_control,5,GF_00106
original_control,5,GF_00107
original_control,5,GF_00108
original_control,5,GF_00109
original_control,5,GF_00110
original_control,5,GF_00111
original_control,5,GF_00112
original_control,5,GF_00113
original_control,5,GF_00114
original_control,5,GF_00115
original_control,5,GF_00116
original_control,5,GF_00117
original_control,5,GF_00119
original_control,5,GF_00120
original_control,5,GF_00121
original_control,5,GF_00122
original_control,5,GF_00123
original_control,5,GF_00124
original_control,5,GF_00125
original_control,5,GF_00136
original_control,5,GF_00137
original_control,5,GF_00138
original_control,5,GF_00139
original_control,5,GF_00141
original_control,5,GF_00142
original_control,5,GF_00143
original_control,5,GF_00155
original_control,5,GF_00164
original_control,5,GF_00170
original_control,5,GF_00175
original_control,5,GF_00178
original_control,5,GF_00179
original_control,5,GF_00180
original_control,5,GF_00181
original_control,5,GF_00185
original_control,5,GF_00208
original_control,5,GF_00220
original_control,5,GF_00228
original_control,5,GF_00229
original_control,5,GF_00235
original_control,5,GF_00244
original_control,5,GF_00251
original_control,5,GF_00262
original_control,5,GF_00281
original_control,5,GF_00290
original_control,5,GF_00296
original_control,5,GF_00300
original_control,5,GF_00302
original_control,5,GF_00303
original_control,5,GF_00305
original_control,5,GF_00309
original_control,5,GF_00310
original_control,5,GF_00311
original_control,5,GF_00312
original_control,5,GF_00313
original_control,5,GF_00314
original_control,5,GF_00315
original_control,5,GF_00316
original_control,5,GF_00317
original_control,5,GF_00318
original_control,5,GF_00319
original_control,5,GF_00320
original_control,5,GF_00321
original_control,5,GF_00322
original_control,5,GF_00323
original_control,5,GF_00324
original_control,5,GF_00325
original_control,5,GF_00326
original_control,5,GF_00327
original_control,5,GF_00329
original_control,5,GF_00330
original_control,5,GF_00331
original_control,5,GF_00332
original_control,5,GF_00333
original_control,5,GF_00335
original_control,5,GF_00336
original_control,5,GF_00337
original_control,5,GF_00338
original_control,5,GF_00339
original_control,5,GF_00340
original_control,5,GF_00341
original_control,5,GF_00342
original_control,5,GF_00343
original_control,5,GF_00344
original_control,5,GF_00346
original_control,5,GF_00347
original_control,5,GF_00348
original_control,5,GF_00349
original_control,5,GF_00350
original_control,5,GF_00351
original_control,5,GF_00352
original_control,5,GF_00353
original_control,5,GF_00355
original_control,5,GF_00358
original_control,5,GF_00360
original_control,5,GF_00362
original_control,5,GF_00363
original_control,5,GF_00364
original_control,5,GF_00365
original_control,5,GF_00369
original_control,5,GF_00381
original_control,5,GF_00384
original_control,5,GF_00385
original_control,5,GF_00386
original_control,5,GF_00387
original_control,5,GF_00388
original_control,5,GF_00389
original_control,5,GF_00390
original_control,5,GF_00391
original_control,5,GF_00393
original_control,5,GF_00394
original_control,5,GF_00395
original_control,5,GF_00396
original_control,5,GF_00400
original_control,5,GF_00401
original_control,5,GF_00402
original_control,5,GF_00403
original_control,5,GF_00404
original_control,5,GF_00405
original_control,5,GF_00406
original_control,5,GF_00407
original_control,5,GF_00408
original_control,5,GF_00409
original_control,5,GF_00410
original_control,5,GF_00413
original_control,5,GF_00414
original_control,5,GF_00415
original_control,5,GF_00417
original_control,5,GF_00418
original_control,5,GF_00421
original_control,5,GF_00422
original_control,5,GF_00424
original_control,5,GF_00426
original_control,5,GF_00427
original_control,5,GF_00428
original_control,5,GF_00429
original_control,5,GF_00430
original_control,5,GF_00431
original_control,5,GF_00432
original_control,5,GF_00433
original_control,5,GF_00434
original_control,5,GF_00435
original_control,5,GF_00436
original_control,5,GF_00437
original_control,5,GF_00438
original_control,5,GF_00440
original_control,5,GF_00441
original_control,5,GF_00455
original_control,5,GF_00456
original_control,5,GF_00457
original_control,5,GF_00458
original_control,5,GF_00459
original_control,5,GF_00471
original_control,5,GF_00480
original_control,5,GF_00482
original_control,5,GF_00488
original_control,5,GF_00489
original_control,5,GF_00503
original_control,5,GF_00522
original_control,5,GF_00523
original_control,5,GF_00524
original_control,5,GF_00525
original_control,5,GF_00527
original_control,5,GF_00528
original_control,5,GF_00529
original_control,5,GF_00530
original_control,5,GF_00531
original_control,5,GF_00536
original_control,5,GF_00538
original_control,5,GF_00546
original_control,5,GF_00547
original_control,5,GF_00548
original_control,5,GF_00549
original_control,5,GF_00564
original_control,5,GF_00565
original_control,5,GF_00566
original_control,5,GF_00569
original_control,5,GF_00570
original_control,5,GF_00572
original_control,5,GF_00574
original_control,5,GF_00578
original_control,5,GF_00580
original_control,5,GF_00594
original_control,5,GF_00595
original_control,5,GF_00596
original_control,5,GF_00599
original_control,5,GF_00600
original_control,5,GF_00601
original_control,5,GF_00603
original_control,5,GF_00604
original_control,5,GF_00605
original_control,5,GF_00606
original_control,5,GF_00607
original_control,5,GF_00608
original_control,5,GF_00609
original_control,5,GF_00610
original_control,5,GF_00611
original_control,5,GF_00612
original_control,5,GF_00613
original_control,5,GF_00614
original_control,5,GF_00615
original_control,5,GF_00616
original_control,5,GF_00617
original_control,5,GF_00618
original_control,5,GF_00619
original_control,5,GF_00620
original_control,5,GF_00621
original_control,5,GF_00622
original_control,5,GF_00623
original_control,5,GF_00624
original_control,5,GF_00632
original_control,5,GF_00633
original_control,5,GF_00634
original_control,5,GF_00635
original_control,5,GF_00636
original_control,5,GF_00637
original_control,5,GF_00638
original_control,5,GF_00640
original_control,5,GF_00641
original_control,5,GF_00642
original_control,5,GF_00643
original_control,5,GF_00655
original_control,5,GF_00658
original_control,5,GF_00659
original_control,5,GF_00661
original_control,5,GF_00669
original_control,5,GF_00676
original_control,5,GF_00680
original_control,5,GF_00681
original_control,5,GF_00682
original_control,5,GF_00683
original_control,5,GF_00684
original_control,5,GF_00686
original_control,5,GF_00688
original_control,5,GF_00695
original_control,5,GF_00699
original_control,5,GF_00702
original_control,5,GF_00709
original_control,5,GF_00722
original_control,5,GF_00723
original_control,5,GF_00724
original_control,5,GF_00725
original_control,5,GF_00726
original_control,5,GF_00727
original_control,5,GF_00728
original_control,5,GF_00729
original_control,5,GF_00732
original_control,5,GF_00736
original_control,5,GF_00740
original_control,5,GF_00741
original_control,5,GF_00744
original_control,5,GF_00751
original_control,5,GF_00755
original_control,5,GF_00756
original_control,5,GF_00761
original_control,5,GF_00771
original_control,5,GF_00773
original_control,5,GF_00776
original_control,5,GF_00777
original_control,5,GF_00785
original_control,5,GF_00796
original_control,5,GF_00810
original_control,5,GF_00811
original_control,5,GF_00813
original_control,5,GF_00814
original_control,5,GF_00815
original_control,5,GF_00816
original_control,5,GF_00819
original_control,5,GF_00828
original_control,5,GF_00845
original_control,5,GF_00857
original_control,5,GF_00864
original_control,5,GF_00865
original_control,5,GF_00866
original_control,5,GF_00868
original_control,5,GF_00869
original_control,5,GF_00870
original_control,5,GF_00871
original_control,5,GF_00873
original_control,5,GF_00874
original_control,5,GF_00887
original_control,5,GF_00888
original_control,5,GF_00895
original_control,5,GF_00916
original_control,5,GF_00931
original_control,5,GF_00932
original_control,5,GF_00933
original_control,5,GF_00946
original_control,5,GF_00949
original_control,5,GF_00957
original_control,5,GF_00958
original_control,5,GF_00959
original_control,5,GF_00960
original_control,5,GF_00963
original_control,5,GF_00966
original_control,5,GF_00967
original_control,5,GF_00968
original_control,5,GF_00969
original_control,5,GF_00970
original_control,5,GF_00971
original_control,5,GF_00972
original_control,5,GF_00982
original_control,5,GF_01005
original_control,5,GF_01012
original_control,5,GF_01026
original_control,5,GF_01027
original_control,5,GF_01028
original_control,5,GF_01054
original_control,5,GF_01230
original_control,5,GF_01231
original_control,5,GF_01232
original_control,5,GF_01233
original_control,5,GF_01234
original_control,5,GF_01235
original_control,5,GF_01236
original_control,5,GF_01237
original_control,5,GF_01239
original_control,5,GF_01240
original_control,5,GF_01241
original_control,5,GF_01242
original_control,5,GF_01244
original_control,5,GF_01245
original_control,5,GF_01246
original_control,5,GF_01247
original_control,5,GF_01248
original_control,5,GF_01266
original_control,5,GF_01287
original_control,5,GF_01290
original_control,5,GF_01291
original_control,5,GF_01292
original_control,5,GF_01293
original_control,5,GF_01297
original_control,5,GF_01306
original_control,5,GF_01314
original_control,5,GF_01315
original_control,5,GF_01327
original_control,5,GF_01328
original_control,5,GF_01329
original_control,5,GF_01330
original_control,5,GF_01331
original_control,5,GF_01332
original_control,5,GF_01333
original_control,5,GF_01334
original_control,5,GF_01335
original_control,5,GF_01336
original_control,5,GF_01337
original_control,5,GF_01338
original_control,5,GF_01372
original_control,5,GF_01374
original_control,5,GF_01375
original_control,5,GF_01376
original_control,5,GF_01377
original_control,5,GF_01379
original_control,5,GF_01381
original_control,5,GF_01382
original_control,5,GF_01383
original_control,5,GF_01385
original_control,5,GF_01387
original_control,5,GF_01390
original_control,5,GF_01391
original_control,5,GF_01392
original_control,5,GF_01393
original_control,5,GF_01394
original_control,5,GF_01395
original_control,5,GF_01396
original_control,5,GF_01397
original_control,5,GF_01398
original_control,5,GF_01399
original_control,5,GF_01400
original_control,5,GF_01401
original_control,5,GF_01404
original_control,5,GF_01409
original_control,5,GF_01425
original_control,5,GF_01426
original_control,5,GF_01428
original_control,5,GF_01439
original_control,5,GF_01445
original_control,5,GF_01446
original_control,5,GF_01447
original_control,5,GF_01448
original_control,5,GF_01449
original_control,5,GF_01456
original_control,5,GF_01458
original_control,5,GF_01460
original_control,5,GF_01461
original_control,5,GF_01462
original_control,5,GF_01466
original_control,5,GF_01476
original_control,5,GF_01477
original_control,5,GF_01479
original_control,5,GF_01480
original_control,5,GF_01481
original_control,5,GF_01487
original_control,5,GF_01502
original_control,5,GF_01512
original_control,5,GF_01514
original_control,5,GF_01527
original_control,5,GF_01533
original_control,5,GF_01534
original_control,5,GF_01536
original_control,5,GF_01538
original_control,5,GF_01539
original_control,5,GF_01540
original_control,5,GF_01541
original_control,5,GF_01542
original_control,5,GF_01544
original_control,5,GF_01547
original_control,5,GF_01549
original_control,5,GF_01550
original_control,5,GF_01552
original_control,5,GF_01553
original_control,5,GF_01579
original_control,5,GF_01580
original_control,5,GF_01583
original_control,5,GF_01584
original_control,5,GF_01591
original_control,5,GF_01592
original_control,5,GF_01616
original_control,5,GF_01617
original_control,5,GF_01618
original_control,5,GF_01619
original_control,5,GF_01620
original_control,5,GF_01621
original_control,5,GF_01622
original_control,5,GF_01623
original_control,5,GF_01625
original_control,5,GF_01626
original_control,5,GF_01627
original_control,5,GF_01628
original_control,5,GF_01629
original_control,5,GF_01630
original_control,5,GF_01634
original_control,5,GF_01636
original_control,5,GF_01637
original_control,5,GF_01638
original_control,5,GF_01639
original_control,5,GF_01641
original_control,5,GF_01648
original_control,5,GF_01661
original_control,5,GF_01673
original_control,5,GF_01674
original_control,5,GF_01675
original_control,5,GF_01676
original_control,5,GF_01677
original_control,5,GF_01678
original_control,5,GF_01679
original_control,5,GF_01680
original_control,5,GF_01681
original_control,5,GF_01684
original_control,5,GF_01685
original_control,5,GF_01688
original_control,5,GF_01689
original_control,5,GF_01690
original_control,5,GF_01691
original_control,5,GF_01692
original_control,5,GF_01693
original_control,5,GF_01732
original_control,5,GF_01733
original_control,5,GF_01734
original_control,5,GF_01735
original_control,5,GF_01736
original_control,5,GF_01737
original_control,5,GF_01741
original_control,5,GF_01742
original_control,5,GF_01745
original_control,5,GF_01763
original_control,5,GF_01783
original_control,5,GF_01798
original_control,5,GF_01799
original_control,5,GF_01801
original_control,5,GF_01802
original_control,5,GF_01803
original_control,5,GF_01805
original_control,5,GF_01806
original_control,5,GF_01807
original_control,5,GF_01808
original_control,5,GF_01809
original_control,5,GF_01810
original_control,5,GF_01811
original_control,5,GF_01812
original_control,5,GF_01813
original_control,5,GF_01814
original_control,5,GF_01815
original_control,5,GF_01816
original_control,5,GF_01818
original_control,5,GF_01819
original_control,5,GF_01822
original_control,5,GF_01823
original_control,5,GF_01834
original_control,5,GF_01836
original_control,5,GF_01837
original_control,5,GF_01840
original_control,5,GF_01841
original_control,5,GF_01842
original_control,5,GF_01844
original_control,5,GF_01856
original_control,5,GF_01860
original_control,5,GF_01866
original_control,5,GF_01870
original_control,5,GF_01885
original_control,5,GF_01896
original_control,5,GF_01898
original_control,5,GF_01899
original_control,5,GF_01900
original_control,5,GF_01901
original_control,5,GF_01902
original_control,5,GF_01904
original_control,5,GF_01919
original_control,5,GF_01921
original_control,5,GF_01923
original_control,5,GF_01925
original_control,5,GF_01926
original_control,5,GF_01927
original_control,5,GF_01928
original_control,5,GF_01929
original_control,5,GF_01930
original_control,5,GF_01945
original_control,5,GF_02041
original_control,5,GF_02059
original_control,5,GF_02060
original_control,5,GF_02069
original_control,5,GF_02070
original_control,5,GF_02071
original_control,5,GF_02072
original_control,5,GF_02074
original_control,5,GF_02075
original_control,5,GF_02076
original_control,5,GF_02084
original_control,5,GF_02085
original_control,5,GF_02086
original_control,5,GF_02088
original_control,5,GF_02089
original_control,5,GF_02091
original_control,5,GF_02092
original_control,5,GF_02093
original_control,5,GF_02094
original_control,5,GF_02101
original_control,5,GF_02110
original_control,5,GF_02113
original_control,5,GF_02122
original_control,5,GF_02130
original_control,5,GF_02131
original_control,5,GF_02132
original_control,5,GF_02136
original_control,5,GF_02137
original_control,5,GF_02138
original_control,5,GF_02139
original_control,5,GF_02140
original_control,5,GF_02141
original_control,5,GF_02142
original_control,5,GF_02145
original_control,5,GF_02152
original_control,5,GF_02157
original_control,5,GF_02158
original_control,5,GF_02159
original_control,5,GF_02172
original_control,5,GF_02178
original_control,5,GF_02180
original_control,5,GF_02184
original_control,5,GF_02215
original_control,5,GF_02216
original_control,5,GF_02217
original_control,5,GF_02218
original_control,5,GF_02219
original_control,5,GF_02220
original_control,5,GF_02222
original_control,5,GF_02223
original_control,5,GF_02224
original_control,5,GF_02225
original_control,5,GF_02226
original_control,5,GF_02227
original_control,5,GF_02228
original_control,5,GF_02229
original_control,5,GF_02230
original_control,5,GF_02260
original_control,5,GF_02261
original_control,5,GF_02262
original_control,5,GF_02263
original_control,5,GF_02264
original_control,5,GF_02265
original_control,5,GF_02266
remove_MIT_S9506,1,GF_00002
remove_MIT_S9506,1,GF_00008
remove_MIT_S9506,1,GF_00011
remove_MIT_S9506,1,GF_00012
remove_MIT_S9506,1,GF_00013
remove_MIT_S9506,1,GF_00014
remove_MIT_S9506,1,GF_00015
remove_MIT_S9506,1,GF_00017
remove_MIT_S9506,1,GF_00018
remove_MIT_S9506,1,GF_00036
remove_MIT_S9506,1,GF_00043
remove_MIT_S9506,1,GF_00044
remove_MIT_S9506,1,GF_00046
remove_MIT_S9506,1,GF_00047
remove_MIT_S9506,1,GF_00048
remove_MIT_S9506,1,GF_00049
remove_MIT_S9506,1,GF_00050
remove_MIT_S9506,1,GF_00051
remove_MIT_S9506,1,GF_00052
remove_MIT_S9506,1,GF_00071
remove_MIT_S9506,1,GF_00072
remove_MIT_S9506,1,GF_00073
remove_MIT_S9506,1,GF_00074
remove_MIT_S9506,1,GF_00075
remove_MIT_S9506,1,GF_00077
remove_MIT_S9506,1,GF_00078
remove_MIT_S9506,1,GF_00079
remove_MIT_S9506,1,GF_00080
remove_MIT_S9506,1,GF_00081
remove_MIT_S9506,1,GF_00082
remove_MIT_S9506,1,GF_00083
remove_MIT_S9506,1,GF_00084
remove_MIT_S9506,1,GF_00085
remove_MIT_S9506,1,GF_00087
remove_MIT_S9506,1,GF_00088
remove_MIT_S9506,1,GF_00093
remove_MIT_S9506,1,GF_00094
remove_MIT_S9506,1,GF_00104
remove_MIT_S9506,1,GF_00105
remove_MIT_S9506,1,GF_00106
remove_MIT_S9506,1,GF_00107
remove_MIT_S9506,1,GF_00108
remove_MIT_S9506,1,GF_00109
remove_MIT_S9506,1,GF_00111
remove_MIT_S9506,1,GF_00112
remove_MIT_S9506,1,GF_00113
remove_MIT_S9506,1,GF_00114
remove_MIT_S9506,1,GF_00115
remove_MIT_S9506,1,GF_00116
remove_MIT_S9506,1,GF_00117
remove_MIT_S9506,1,GF_00120
remove_MIT_S9506,1,GF_00121
remove_MIT_S9506,1,GF_00122
remove_MIT_S9506,1,GF_00123
remove_MIT_S9506,1,GF_00124
remove_MIT_S9506,1,GF_00125
remove_MIT_S9506,1,GF_00136
remove_MIT_S9506,1,GF_00137
remove_MIT_S9506,1,GF_00138
remove_MIT_S9506,1,GF_00139
remove_MIT_S9506,1,GF_00141
remove_MIT_S9506,1,GF_00142
remove_MIT_S9506,1,GF_00143
remove_MIT_S9506,1,GF_00155
remove_MIT_S9506,1,GF_00164
remove_MIT_S9506,1,GF_00170
remove_MIT_S9506,1,GF_00175
remove_MIT_S9506,1,GF_00178
remove_MIT_S9506,1,GF_00179
remove_MIT_S9506,1,GF_00180
remove_MIT_S9506,1,GF_00185
remove_MIT_S9506,1,GF_00208
remove_MIT_S9506,1,GF_00220
remove_MIT_S9506,1,GF_00228
remove_MIT_S9506,1,GF_00229
remove_MIT_S9506,1,GF_00235
remove_MIT_S9506,1,GF_00244
remove_MIT_S9506,1,GF_00250
remove_MIT_S9506,1,GF_00251
remove_MIT_S9506,1,GF_00262
remove_MIT_S9506,1,GF_00281
remove_MIT_S9506,1,GF_00290
remove_MIT_S9506,1,GF_00296
remove_MIT_S9506,1,GF_00300
remove_MIT_S9506,1,GF_00302
remove_MIT_S9506,1,GF_00303
remove_MIT_S9506,1,GF_00305
remove_MIT_S9506,1,GF_00309
remove_MIT_S9506,1,GF_00311
remove_MIT_S9506,1,GF_00312
remove_MIT_S9506,1,GF_00313
remove_MIT_S9506,1,GF_00314
remove_MIT_S9506,1,GF_00315
remove_MIT_S9506,1,GF_00316
remove_MIT_S9506,1,GF_00317
remove_MIT_S9506,1,GF_00318
remove_MIT_S9506,1,GF_00319
remove_MIT_S9506,1,GF_00320
remove_MIT_S9506,1,GF_00321
remove_MIT_S9506,1,GF_00323
remove_MIT_S9506,1,GF_00324
remove_MIT_S9506,1,GF_00325
remove_MIT_S9506,1,GF_00326
remove_MIT_S9506,1,GF_00327
remove_MIT_S9506,1,GF_00329
remove_MIT_S9506,1,GF_00330
remove_MIT_S9506,1,GF_00331
remove_MIT_S9506,1,GF_00332
remove_MIT_S9506,1,GF_00333
remove_MIT_S9506,1,GF_00335
remove_MIT_S9506,1,GF_00336
remove_MIT_S9506,1,GF_00338
remove_MIT_S9506,1,GF_00340
remove_MIT_S9506,1,GF_00341
remove_MIT_S9506,1,GF_00342
remove_MIT_S9506,1,GF_00343
remove_MIT_S9506,1,GF_00344
remove_MIT_S9506,1,GF_00346
remove_MIT_S9506,1,GF_00347
remove_MIT_S9506,1,GF_00348
remove_MIT_S9506,1,GF_00349
remove_MIT_S9506,1,GF_00350
remove_MIT_S9506,1,GF_00351
remove_MIT_S9506,1,GF_00352
remove_MIT_S9506,1,GF_00353
remove_MIT_S9506,1,GF_00358
remove_MIT_S9506,1,GF_00360
remove_MIT_S9506,1,GF_00362
remove_MIT_S9506,1,GF_00363
remove_MIT_S9506,1,GF_00364
remove_MIT_S9506,1,GF_00365
remove_MIT_S9506,1,GF_00369
remove_MIT_S9506,1,GF_00378
remove_MIT_S9506,1,GF_00381
remove_MIT_S9506,1,GF_00384
remove_MIT_S9506,1,GF_00385
remove_MIT_S9506,1,GF_00386
remove_MIT_S9506,1,GF_00387
remove_MIT_S9506,1,GF_00388
remove_MIT_S9506,1,GF_00389
remove_MIT_S9506,1,GF_00390
remove_MIT_S9506,1,GF_00391
remove_MIT_S9506,1,GF_00392
remove_MIT_S9506,1,GF_00393
remove_MIT_S9506,1,GF_00394
remove_MIT_S9506,1,GF_00395
remove_MIT_S9506,1,GF_00396
remove_MIT_S9506,1,GF_00400
remove_MIT_S9506,1,GF_00401
remove_MIT_S9506,1,GF_00402
remove_MIT_S9506,1,GF_00403
remove_MIT_S9506,1,GF_00404
remove_MIT_S9506,1,GF_00405
remove_MIT_S9506,1,GF_00406
remove_MIT_S9506,1,GF_00407
remove_MIT_S9506,1,GF_00408
remove_MIT_S9506,1,GF_00409
remove_MIT_S9506,1,GF_00410
remove_MIT_S9506,1,GF_00413
remove_MIT_S9506,1,GF_00414
remove_MIT_S9506,1,GF_00415
remove_MIT_S9506,1,GF_00417
remove_MIT_S9506,1,GF_00418
remove_MIT_S9506,1,GF_00419
remove_MIT_S9506,1,GF_00421
remove_MIT_S9506,1,GF_00422
remove_MIT_S9506,1,GF_00424
remove_MIT_S9506,1,GF_00426
remove_MIT_S9506,1,GF_00427
remove_MIT_S9506,1,GF_00428
remove_MIT_S9506,1,GF_00429
remove_MIT_S9506,1,GF_00430
remove_MIT_S9506,1,GF_00431
remove_MIT_S9506,1,GF_00432
remove_MIT_S9506,1,GF_00433
remove_MIT_S9506,1,GF_00434
remove_MIT_S9506,1,GF_00435
remove_MIT_S9506,1,GF_00436
remove_MIT_S9506,1,GF_00437
remove_MIT_S9506,1,GF_00438
remove_MIT_S9506,1,GF_00440
remove_MIT_S9506,1,GF_00441
remove_MIT_S9506,1,GF_00455
remove_MIT_S9506,1,GF_00457
remove_MIT_S9506,1,GF_00458
remove_MIT_S9506,1,GF_00471
remove_MIT_S9506,1,GF_00472
remove_MIT_S9506,1,GF_00474
remove_MIT_S9506,1,GF_00477
remove_MIT_S9506,1,GF_00480
remove_MIT_S9506,1,GF_00482
remove_MIT_S9506,1,GF_00488
remove_MIT_S9506,1,GF_00489
remove_MIT_S9506,1,GF_00491
remove_MIT_S9506,1,GF_00503
remove_MIT_S9506,1,GF_00522
remove_MIT_S9506,1,GF_00523
remove_MIT_S9506,1,GF_00524
remove_MIT_S9506,1,GF_00525
remove_MIT_S9506,1,GF_00527
remove_MIT_S9506,1,GF_00528
remove_MIT_S9506,1,GF_00529
remove_MIT_S9506,1,GF_00530
remove_MIT_S9506,1,GF_00531
remove_MIT_S9506,1,GF_00536
remove_MIT_S9506,1,GF_00538
remove_MIT_S9506,1,GF_00546
remove_MIT_S9506,1,GF_00547
remove_MIT_S9506,1,GF_00548
remove_MIT_S9506,1,GF_00549
remove_MIT_S9506,1,GF_00564
remove_MIT_S9506,1,GF_00565
remove_MIT_S9506,1,GF_00566
remove_MIT_S9506,1,GF_00569
remove_MIT_S9506,1,GF_00570
remove_MIT_S9506,1,GF_00572
remove_MIT_S9506,1,GF_00574
remove_MIT_S9506,1,GF_00578
remove_MIT_S9506,1,GF_00580
remove_MIT_S9506,1,GF_00588
remove_MIT_S9506,1,GF_00593
remove_MIT_S9506,1,GF_00594
remove_MIT_S9506,1,GF_00595
remove_MIT_S9506,1,GF_00599
remove_MIT_S9506,1,GF_00600
remove_MIT_S9506,1,GF_00601
remove_MIT_S9506,1,GF_00602
remove_MIT_S9506,1,GF_00603
remove_MIT_S9506,1,GF_00604
remove_MIT_S9506,1,GF_00605
remove_MIT_S9506,1,GF_00606
remove_MIT_S9506,1,GF_00607
remove_MIT_S9506,1,GF_00608
remove_MIT_S9506,1,GF_00609
remove_MIT_S9506,1,GF_00611
remove_MIT_S9506,1,GF_00612
remove_MIT_S9506,1,GF_00613
remove_MIT_S9506,1,GF_00614
remove_MIT_S9506,1,GF_00615
remove_MIT_S9506,1,GF_00616
remove_MIT_S9506,1,GF_00617
remove_MIT_S9506,1,GF_00618
remove_MIT_S9506,1,GF_00619
remove_MIT_S9506,1,GF_00620
remove_MIT_S9506,1,GF_00621
remove_MIT_S9506,1,GF_00622
remove_MIT_S9506,1,GF_00623
remove_MIT_S9506,1,GF_00624
remove_MIT_S9506,1,GF_00632
remove_MIT_S9506,1,GF_00633
remove_MIT_S9506,1,GF_00635
remove_MIT_S9506,1,GF_00636
remove_MIT_S9506,1,GF_00637
remove_MIT_S9506,1,GF_00638
remove_MIT_S9506,1,GF_00640
remove_MIT_S9506,1,GF_00641
remove_MIT_S9506,1,GF_00642
remove_MIT_S9506,1,GF_00643
remove_MIT_S9506,1,GF_00655
remove_MIT_S9506,1,GF_00658
remove_MIT_S9506,1,GF_00661
remove_MIT_S9506,1,GF_00669
remove_MIT_S9506,1,GF_00676
remove_MIT_S9506,1,GF_00680
remove_MIT_S9506,1,GF_00681
remove_MIT_S9506,1,GF_00682
remove_MIT_S9506,1,GF_00683
remove_MIT_S9506,1,GF_00684
remove_MIT_S9506,1,GF_00687
remove_MIT_S9506,1,GF_00688
remove_MIT_S9506,1,GF_00695
remove_MIT_S9506,1,GF_00699
remove_MIT_S9506,1,GF_00702
remove_MIT_S9506,1,GF_00709
remove_MIT_S9506,1,GF_00717
remove_MIT_S9506,1,GF_00722
remove_MIT_S9506,1,GF_00723
remove_MIT_S9506,1,GF_00724
remove_MIT_S9506,1,GF_00725
remove_MIT_S9506,1,GF_00726
remove_MIT_S9506,1,GF_00727
remove_MIT_S9506,1,GF_00728
remove_MIT_S9506,1,GF_00729
remove_MIT_S9506,1,GF_00732
remove_MIT_S9506,1,GF_00736
remove_MIT_S9506,1,GF_00740
remove_MIT_S9506,1,GF_00741
remove_MIT_S9506,1,GF_00744
remove_MIT_S9506,1,GF_00751
remove_MIT_S9506,1,GF_00755
remove_MIT_S9506,1,GF_00756
remove_MIT_S9506,1,GF_00761
remove_MIT_S9506,1,GF_00771
remove_MIT_S9506,1,GF_00773
remove_MIT_S9506,1,GF_00776
remove_MIT_S9506,1,GF_00777
remove_MIT_S9506,1,GF_00785
remove_MIT_S9506,1,GF_00796
remove_MIT_S9506,1,GF_00810
remove_MIT_S9506,1,GF_00811
remove_MIT_S9506,1,GF_00813
remove_MIT_S9506,1,GF_00814
remove_MIT_S9506,1,GF_00816
remove_MIT_S9506,1,GF_00819
remove_MIT_S9506,1,GF_00828
remove_MIT_S9506,1,GF_00843
remove_MIT_S9506,1,GF_00845
remove_MIT_S9506,1,GF_00856
remove_MIT_S9506,1,GF_00857
remove_MIT_S9506,1,GF_00860
remove_MIT_S9506,1,GF_00864
remove_MIT_S9506,1,GF_00866
remove_MIT_S9506,1,GF_00867
remove_MIT_S9506,1,GF_00868
remove_MIT_S9506,1,GF_00869
remove_MIT_S9506,1,GF_00870
remove_MIT_S9506,1,GF_00871
remove_MIT_S9506,1,GF_00872
remove_MIT_S9506,1,GF_00873
remove_MIT_S9506,1,GF_00874
remove_MIT_S9506,1,GF_00887
remove_MIT_S9506,1,GF_00888
remove_MIT_S9506,1,GF_00895
remove_MIT_S9506,1,GF_00916
remove_MIT_S9506,1,GF_00917
remove_MIT_S9506,1,GF_00927
remove_MIT_S9506,1,GF_00930
remove_MIT_S9506,1,GF_00931
remove_MIT_S9506,1,GF_00932
remove_MIT_S9506,1,GF_00933
remove_MIT_S9506,1,GF_00946
remove_MIT_S9506,1,GF_00947
remove_MIT_S9506,1,GF_00949
remove_MIT_S9506,1,GF_00957
remove_MIT_S9506,1,GF_00958
remove_MIT_S9506,1,GF_00959
remove_MIT_S9506,1,GF_00960
remove_MIT_S9506,1,GF_00963
remove_MIT_S9506,1,GF_00966
remove_MIT_S9506,1,GF_00968
remove_MIT_S9506,1,GF_00969
remove_MIT_S9506,1,GF_00970
remove_MIT_S9506,1,GF_00971
remove_MIT_S9506,1,GF_00972
remove_MIT_S9506,1,GF_00982
remove_MIT_S9506,1,GF_00992
remove_MIT_S9506,1,GF_01004
remove_MIT_S9506,1,GF_01005
remove_MIT_S9506,1,GF_01012
remove_MIT_S9506,1,GF_01013
remove_MIT_S9506,1,GF_01016
remove_MIT_S9506,1,GF_01026
remove_MIT_S9506,1,GF_01027
remove_MIT_S9506,1,GF_01028
remove_MIT_S9506,1,GF_01054
remove_MIT_S9506,1,GF_01230
remove_MIT_S9506,1,GF_01231
remove_MIT_S9506,1,GF_01232
remove_MIT_S9506,1,GF_01233
remove_MIT_S9506,1,GF_01234
remove_MIT_S9506,1,GF_01235
remove_MIT_S9506,1,GF_01236
remove_MIT_S9506,1,GF_01237
remove_MIT_S9506,1,GF_01239
remove_MIT_S9506,1,GF_01240
remove_MIT_S9506,1,GF_01241
remove_MIT_S9506,1,GF_01242
remove_MIT_S9506,1,GF_01244
remove_MIT_S9506,1,GF_01245
remove_MIT_S9506,1,GF_01246
remove_MIT_S9506,1,GF_01247
remove_MIT_S9506,1,GF_01248
remove_MIT_S9506,1,GF_01253
remove_MIT_S9506,1,GF_01266
remove_MIT_S9506,1,GF_01279
remove_MIT_S9506,1,GF_01287
remove_MIT_S9506,1,GF_01290
remove_MIT_S9506,1,GF_01291
remove_MIT_S9506,1,GF_01292
remove_MIT_S9506,1,GF_01293
remove_MIT_S9506,1,GF_01297
remove_MIT_S9506,1,GF_01303
remove_MIT_S9506,1,GF_01306
remove_MIT_S9506,1,GF_01314
remove_MIT_S9506,1,GF_01315
remove_MIT_S9506,1,GF_01324
remove_MIT_S9506,1,GF_01327
remove_MIT_S9506,1,GF_01328
remove_MIT_S9506,1,GF_01329
remove_MIT_S9506,1,GF_01330
remove_MIT_S9506,1,GF_01331
remove_MIT_S9506,1,GF_01332
remove_MIT_S9506,1,GF_01333
remove_MIT_S9506,1,GF_01334
remove_MIT_S9506,1,GF_01336
remove_MIT_S9506,1,GF_01337
remove_MIT_S9506,1,GF_01338
remove_MIT_S9506,1,GF_01357
remove_MIT_S9506,1,GF_01359
remove_MIT_S9506,1,GF_01372
remove_MIT_S9506,1,GF_01374
remove_MIT_S9506,1,GF_01375
remove_MIT_S9506,1,GF_01376
remove_MIT_S9506,1,GF_01377
remove_MIT_S9506,1,GF_01378
remove_MIT_S9506,1,GF_01379
remove_MIT_S9506,1,GF_01380
remove_MIT_S9506,1,GF_01381
remove_MIT_S9506,1,GF_01382
remove_MIT_S9506,1,GF_01383
remove_MIT_S9506,1,GF_01384
remove_MIT_S9506,1,GF_01385
remove_MIT_S9506,1,GF_01386
remove_MIT_S9506,1,GF_01387
remove_MIT_S9506,1,GF_01388
remove_MIT_S9506,1,GF_01390
remove_MIT_S9506,1,GF_01391
remove_MIT_S9506,1,GF_01393
remove_MIT_S9506,1,GF_01394
remove_MIT_S9506,1,GF_01395
remove_MIT_S9506,1,GF_01396
remove_MIT_S9506,1,GF_01397
remove_MIT_S9506,1,GF_01399
remove_MIT_S9506,1,GF_01400
remove_MIT_S9506,1,GF_01401
remove_MIT_S9506,1,GF_01404
remove_MIT_S9506,1,GF_01409
remove_MIT_S9506,1,GF_01425
remove_MIT_S9506,1,GF_01426
remove_MIT_S9506,1,GF_01428
remove_MIT_S9506,1,GF_01439
remove_MIT_S9506,1,GF_01445
remove_MIT_S9506,1,GF_01446
remove_MIT_S9506,1,GF_01447
remove_MIT_S9506,1,GF_01448
remove_MIT_S9506,1,GF_01449
remove_MIT_S9506,1,GF_01456
remove_MIT_S9506,1,GF_01458
remove_MIT_S9506,1,GF_01460
remove_MIT_S9506,1,GF_01461
remove_MIT_S9506,1,GF_01462
remove_MIT_S9506,1,GF_01466
remove_MIT_S9506,1,GF_01476
remove_MIT_S9506,1,GF_01477
remove_MIT_S9506,1,GF_01479
remove_MIT_S9506,1,GF_01480
remove_MIT_S9506,1,GF_01487
remove_MIT_S9506,1,GF_01502
remove_MIT_S9506,1,GF_01504
remove_MIT_S9506,1,GF_01512
remove_MIT_S9506,1,GF_01527
remove_MIT_S9506,1,GF_01534
remove_MIT_S9506,1,GF_01536
remove_MIT_S9506,1,GF_01537
remove_MIT_S9506,1,GF_01538
remove_MIT_S9506,1,GF_01539
remove_MIT_S9506,1,GF_01540
remove_MIT_S9506,1,GF_01541
remove_MIT_S9506,1,GF_01542
remove_MIT_S9506,1,GF_01543
remove_MIT_S9506,1,GF_01544
remove_MIT_S9506,1,GF_01546
remove_MIT_S9506,1,GF_01547
remove_MIT_S9506,1,GF_01548
remove_MIT_S9506,1,GF_01549
remove_MIT_S9506,1,GF_01552
remove_MIT_S9506,1,GF_01553
remove_MIT_S9506,1,GF_01579
remove_MIT_S9506,1,GF_01580
remove_MIT_S9506,1,GF_01583
remove_MIT_S9506,1,GF_01584
remove_MIT_S9506,1,GF_01587
remove_MIT_S9506,1,GF_01591
remove_MIT_S9506,1,GF_01592
remove_MIT_S9506,1,GF_01598
remove_MIT_S9506,1,GF_01616
remove_MIT_S9506,1,GF_01617
remove_MIT_S9506,1,GF_01618
remove_MIT_S9506,1,GF_01619
remove_MIT_S9506,1,GF_01620
remove_MIT_S9506,1,GF_01621
remove_MIT_S9506,1,GF_01623
remove_MIT_S9506,1,GF_01625
remove_MIT_S9506,1,GF_01626
remove_MIT_S9506,1,GF_01627
remove_MIT_S9506,1,GF_01628
remove_MIT_S9506,1,GF_01629
remove_MIT_S9506,1,GF_01633
remove_MIT_S9506,1,GF_01634
remove_MIT_S9506,1,GF_01635
remove_MIT_S9506,1,GF_01636
remove_MIT_S9506,1,GF_01637
remove_MIT_S9506,1,GF_01638
remove_MIT_S9506,1,GF_01639
remove_MIT_S9506,1,GF_01641
remove_MIT_S9506,1,GF_01648
remove_MIT_S9506,1,GF_01661
remove_MIT_S9506,1,GF_01672
remove_MIT_S9506,1,GF_01673
remove_MIT_S9506,1,GF_01674
remove_MIT_S9506,1,GF_01675
remove_MIT_S9506,1,GF_01676
remove_MIT_S9506,1,GF_01677
remove_MIT_S9506,1,GF_01678
remove_MIT_S9506,1,GF_01679
remove_MIT_S9506,1,GF_01680
remove_MIT_S9506,1,GF_01681
remove_MIT_S9506,1,GF_01683
remove_MIT_S9506,1,GF_01684
remove_MIT_S9506,1,GF_01685
remove_MIT_S9506,1,GF_01688
remove_MIT_S9506,1,GF_01689
remove_MIT_S9506,1,GF_01690
remove_MIT_S9506,1,GF_01691
remove_MIT_S9506,1,GF_01692
remove_MIT_S9506,1,GF_01693
remove_MIT_S9506,1,GF_01732
remove_MIT_S9506,1,GF_01733
remove_MIT_S9506,1,GF_01734
remove_MIT_S9506,1,GF_01735
remove_MIT_S9506,1,GF_01736
remove_MIT_S9506,1,GF_01737
remove_MIT_S9506,1,GF_01740
remove_MIT_S9506,1,GF_01741
remove_MIT_S9506,1,GF_01742
remove_MIT_S9506,1,GF_01745
remove_MIT_S9506,1,GF_01763
remove_MIT_S9506,1,GF_01770
remove_MIT_S9506,1,GF_01783
remove_MIT_S9506,1,GF_01799
remove_MIT_S9506,1,GF_01801
remove_MIT_S9506,1,GF_01802
remove_MIT_S9506,1,GF_01803
remove_MIT_S9506,1,GF_01805
remove_MIT_S9506,1,GF_01806
remove_MIT_S9506,1,GF_01807
remove_MIT_S9506,1,GF_01808
remove_MIT_S9506,1,GF_01809
remove_MIT_S9506,1,GF_01810
remove_MIT_S9506,1,GF_01811
remove_MIT_S9506,1,GF_01812
remove_MIT_S9506,1,GF_01813
remove_MIT_S9506,1,GF_01814
remove_MIT_S9506,1,GF_01815
remove_MIT_S9506,1,GF_01816
remove_MIT_S9506,1,GF_01817
remove_MIT_S9506,1,GF_01818
remove_MIT_S9506,1,GF_01819
remove_MIT_S9506,1,GF_01822
remove_MIT_S9506,1,GF_01823
remove_MIT_S9506,1,GF_01834
remove_MIT_S9506,1,GF_01836
remove_MIT_S9506,1,GF_01837
remove_MIT_S9506,1,GF_01840
remove_MIT_S9506,1,GF_01841
remove_MIT_S9506,1,GF_01844
remove_MIT_S9506,1,GF_01850
remove_MIT_S9506,1,GF_01856
remove_MIT_S9506,1,GF_01857
remove_MIT_S9506,1,GF_01860
remove_MIT_S9506,1,GF_01866
remove_MIT_S9506,1,GF_01868
remove_MIT_S9506,1,GF_01870
remove_MIT_S9506,1,GF_01872
remove_MIT_S9506,1,GF_01885
remove_MIT_S9506,1,GF_01897
remove_MIT_S9506,1,GF_01898
remove_MIT_S9506,1,GF_01899
remove_MIT_S9506,1,GF_01900
remove_MIT_S9506,1,GF_01901
remove_MIT_S9506,1,GF_01902
remove_MIT_S9506,1,GF_01904
remove_MIT_S9506,1,GF_01919
remove_MIT_S9506,1,GF_01921
remove_MIT_S9506,1,GF_01923
remove_MIT_S9506,1,GF_01925
remove_MIT_S9506,1,GF_01926
remove_MIT_S9506,1,GF_01927
remove_MIT_S9506,1,GF_01928
remove_MIT_S9506,1,GF_01929
remove_MIT_S9506,1,GF_01930
remove_MIT_S9506,1,GF_01945
remove_MIT_S9506,1,GF_02041
remove_MIT_S9506,1,GF_02060
remove_MIT_S9506,1,GF_02069
remove_MIT_S9506,1,GF_02070
remove_MIT_S9506,1,GF_02071
remove_MIT_S9506,1,GF_02072
remove_MIT_S9506,1,GF_02074
remove_MIT_S9506,1,GF_02075
remove_MIT_S9506,1,GF_02076
remove_MIT_S9506,1,GF_02081
remove_MIT_S9506,1,GF_02084
remove_MIT_S9506,1,GF_02085
remove_MIT_S9506,1,GF_02086
remove_MIT_S9506,1,GF_02087
remove_MIT_S9506,1,GF_02088
remove_MIT_S9506,1,GF_02089
remove_MIT_S9506,1,GF_02091
remove_MIT_S9506,1,GF_02092
remove_MIT_S9506,1,GF_02093
remove_MIT_S9506,1,GF_02094
remove_MIT_S9506,1,GF_02101
remove_MIT_S9506,1,GF_02109
remove_MIT_S9506,1,GF_02110
remove_MIT_S9506,1,GF_02113
remove_MIT_S9506,1,GF_02122
remove_MIT_S9506,1,GF_02130
remove_MIT_S9506,1,GF_02131
remove_MIT_S9506,1,GF_02136
remove_MIT_S9506,1,GF_02137
remove_MIT_S9506,1,GF_02138
remove_MIT_S9506,1,GF_02139
remove_MIT_S9506,1,GF_02140
remove_MIT_S9506,1,GF_02141
remove_MIT_S9506,1,GF_02142
remove_MIT_S9506,1,GF_02143
remove_MIT_S9506,1,GF_02145
remove_MIT_S9506,1,GF_02152
remove_MIT_S9506,1,GF_02157
remove_MIT_S9506,1,GF_02158
remove_MIT_S9506,1,GF_02159
remove_MIT_S9506,1,GF_02172
remove_MIT_S9506,1,GF_02178
remove_MIT_S9506,1,GF_02180
remove_MIT_S9506,1,GF_02184
remove_MIT_S9506,1,GF_02192
remove_MIT_S9506,1,GF_02194
remove_MIT_S9506,1,GF_02215
remove_MIT_S9506,1,GF_02216
remove_MIT_S9506,1,GF_02217
remove_MIT_S9506,1,GF_02218
remove_MIT_S9506,1,GF_02219
remove_MIT_S9506,1,GF_02220
remove_MIT_S9506,1,GF_02222
remove_MIT_S9506,1,GF_02223
remove_MIT_S9506,1,GF_02224
remove_MIT_S9506,1,GF_02225
remove_MIT_S9506,1,GF_02226
remove_MIT_S9506,1,GF_02227
remove_MIT_S9506,1,GF_02228
remove_MIT_S9506,1,GF_02229
remove_MIT_S9506,1,GF_02230
remove_MIT_S9506,1,GF_02260
remove_MIT_S9506,1,GF_02261
remove_MIT_S9506,1,GF_02262
remove_MIT_S9506,1,GF_02263
remove_MIT_S9506,1,GF_02264
remove_MIT_S9506,1,GF_02265
remove_MIT_S9506,1,GF_02266
remove_MIT_S9506,2,GF_00002
remove_MIT_S9506,2,GF_00008
remove_MIT_S9506,2,GF_00011
remove_MIT_S9506,2,GF_00012
remove_MIT_S9506,2,GF_00013
remove_MIT_S9506,2,GF_00014
remove_MIT_S9506,2,GF_00015
remove_MIT_S9506,2,GF_00017
remove_MIT_S9506,2,GF_00018
remove_MIT_S9506,2,GF_00036
remove_MIT_S9506,2,GF_00043
remove_MIT_S9506,2,GF_00044
remove_MIT_S9506,2,GF_00046
remove_MIT_S9506,2,GF_00047
remove_MIT_S9506,2,GF_00048
remove_MIT_S9506,2,GF_00049
remove_MIT_S9506,2,GF_00051
remove_MIT_S9506,2,GF_00052
remove_MIT_S9506,2,GF_00071
remove_MIT_S9506,2,GF_00072
remove_MIT_S9506,2,GF_00073
remove_MIT_S9506,2,GF_00074
remove_MIT_S9506,2,GF_00075
remove_MIT_S9506,2,GF_00076
remove_MIT_S9506,2,GF_00077
remove_MIT_S9506,2,GF_00078
remove_MIT_S9506,2,GF_00079
remove_MIT_S9506,2,GF_00081
remove_MIT_S9506,2,GF_00082
remove_MIT_S9506,2,GF_00083
remove_MIT_S9506,2,GF_00084
remove_MIT_S9506,2,GF_00085
remove_MIT_S9506,2,GF_00087
remove_MIT_S9506,2,GF_00088
remove_MIT_S9506,2,GF_00093
remove_MIT_S9506,2,GF_00094
remove_MIT_S9506,2,GF_00104
remove_MIT_S9506,2,GF_00105
remove_MIT_S9506,2,GF_00106
remove_MIT_S9506,2,GF_00107
remove_MIT_S9506,2,GF_00108
remove_MIT_S9506,2,GF_00109
remove_MIT_S9506,2,GF_00111
remove_MIT_S9506,2,GF_00112
remove_MIT_S9506,2,GF_00113
remove_MIT_S9506,2,GF_00114
remove_MIT_S9506,2,GF_00115
remove_MIT_S9506,2,GF_00116
remove_MIT_S9506,2,GF_00117
remove_MIT_S9506,2,GF_00120
remove_MIT_S9506,2,GF_00121
remove_MIT_S9506,2,GF_00122
remove_MIT_S9506,2,GF_00123
remove_MIT_S9506,2,GF_00124
remove_MIT_S9506,2,GF_00125
remove_MIT_S9506,2,GF_00136
remove_MIT_S9506,2,GF_00137
remove_MIT_S9506,2,GF_00138
remove_MIT_S9506,2,GF_00139
remove_MIT_S9506,2,GF_00141
remove_MIT_S9506,2,GF_00142
remove_MIT_S9506,2,GF_00143
remove_MIT_S9506,2,GF_00155
remove_MIT_S9506,2,GF_00164
remove_MIT_S9506,2,GF_00170
remove_MIT_S9506,2,GF_00175
remove_MIT_S9506,2,GF_00178
remove_MIT_S9506,2,GF_00179
remove_MIT_S9506,2,GF_00180
remove_MIT_S9506,2,GF_00185
remove_MIT_S9506,2,GF_00220
remove_MIT_S9506,2,GF_00228
remove_MIT_S9506,2,GF_00229
remove_MIT_S9506,2,GF_00244
remove_MIT_S9506,2,GF_00251
remove_MIT_S9506,2,GF_00262
remove_MIT_S9506,2,GF_00281
remove_MIT_S9506,2,GF_00290
remove_MIT_S9506,2,GF_00296
remove_MIT_S9506,2,GF_00300
remove_MIT_S9506,2,GF_00302
remove_MIT_S9506,2,GF_00303
remove_MIT_S9506,2,GF_00305
remove_MIT_S9506,2,GF_00309
remove_MIT_S9506,2,GF_00311
remove_MIT_S9506,2,GF_00312
remove_MIT_S9506,2,GF_00313
remove_MIT_S9506,2,GF_00314
remove_MIT_S9506,2,GF_00315
remove_MIT_S9506,2,GF_00316
remove_MIT_S9506,2,GF_00317
remove_MIT_S9506,2,GF_00318
remove_MIT_S9506,2,GF_00319
remove_MIT_S9506,2,GF_00320
remove_MIT_S9506,2,GF_00321
remove_MIT_S9506,2,GF_00323
remove_MIT_S9506,2,GF_00324
remove_MIT_S9506,2,GF_00325
remove_MIT_S9506,2,GF_00326
remove_MIT_S9506,2,GF_00327
remove_MIT_S9506,2,GF_00329
remove_MIT_S9506,2,GF_00330
remove_MIT_S9506,2,GF_00331
remove_MIT_S9506,2,GF_00332
remove_MIT_S9506,2,GF_00333
remove_MIT_S9506,2,GF_00335
remove_MIT_S9506,2,GF_00336
remove_MIT_S9506,2,GF_00339
remove_MIT_S9506,2,GF_00340
remove_MIT_S9506,2,GF_00341
remove_MIT_S9506,2,GF_00342
remove_MIT_S9506,2,GF_00343
remove_MIT_S9506,2,GF_00344
remove_MIT_S9506,2,GF_00346
remove_MIT_S9506,2,GF_00347
remove_MIT_S9506,2,GF_00348
remove_MIT_S9506,2,GF_00349
remove_MIT_S9506,2,GF_00350
remove_MIT_S9506,2,GF_00351
remove_MIT_S9506,2,GF_00352
remove_MIT_S9506,2,GF_00353
remove_MIT_S9506,2,GF_00358
remove_MIT_S9506,2,GF_00360
remove_MIT_S9506,2,GF_00362
remove_MIT_S9506,2,GF_00363
remove_MIT_S9506,2,GF_00364
remove_MIT_S9506,2,GF_00365
remove_MIT_S9506,2,GF_00369
remove_MIT_S9506,2,GF_00381
remove_MIT_S9506,2,GF_00384
remove_MIT_S9506,2,GF_00385
remove_MIT_S9506,2,GF_00386
remove_MIT_S9506,2,GF_00387
remove_MIT_S9506,2,GF_00388
remove_MIT_S9506,2,GF_00389
remove_MIT_S9506,2,GF_00390
remove_MIT_S9506,2,GF_00391
remove_MIT_S9506,2,GF_00393
remove_MIT_S9506,2,GF_00395
remove_MIT_S9506,2,GF_00396
remove_MIT_S9506,2,GF_00400
remove_MIT_S9506,2,GF_00401
remove_MIT_S9506,2,GF_00402
remove_MIT_S9506,2,GF_00403
remove_MIT_S9506,2,GF_00404
remove_MIT_S9506,2,GF_00405
remove_MIT_S9506,2,GF_00408
remove_MIT_S9506,2,GF_00409
remove_MIT_S9506,2,GF_00410
remove_MIT_S9506,2,GF_00413
remove_MIT_S9506,2,GF_00414
remove_MIT_S9506,2,GF_00415
remove_MIT_S9506,2,GF_00419
remove_MIT_S9506,2,GF_00422
remove_MIT_S9506,2,GF_00424
remove_MIT_S9506,2,GF_00426
remove_MIT_S9506,2,GF_00427
remove_MIT_S9506,2,GF_00428
remove_MIT_S9506,2,GF_00429
remove_MIT_S9506,2,GF_00430
remove_MIT_S9506,2,GF_00431
remove_MIT_S9506,2,GF_00432
remove_MIT_S9506,2,GF_00433
remove_MIT_S9506,2,GF_00434
remove_MIT_S9506,2,GF_00435
remove_MIT_S9506,2,GF_00436
remove_MIT_S9506,2,GF_00437
remove_MIT_S9506,2,GF_00438
remove_MIT_S9506,2,GF_00440
remove_MIT_S9506,2,GF_00441
remove_MIT_S9506,2,GF_00455
remove_MIT_S9506,2,GF_00457
remove_MIT_S9506,2,GF_00458
remove_MIT_S9506,2,GF_00471
remove_MIT_S9506,2,GF_00477
remove_MIT_S9506,2,GF_00480
remove_MIT_S9506,2,GF_00488
remove_MIT_S9506,2,GF_00489
remove_MIT_S9506,2,GF_00503
remove_MIT_S9506,2,GF_00522
remove_MIT_S9506,2,GF_00523
remove_MIT_S9506,2,GF_00524
remove_MIT_S9506,2,GF_00525
remove_MIT_S9506,2,GF_00527
remove_MIT_S9506,2,GF_00528
remove_MIT_S9506,2,GF_00529
remove_MIT_S9506,2,GF_00530
remove_MIT_S9506,2,GF_00531
remove_MIT_S9506,2,GF_00536
remove_MIT_S9506,2,GF_00538
remove_MIT_S9506,2,GF_00546
remove_MIT_S9506,2,GF_00547
remove_MIT_S9506,2,GF_00548
remove_MIT_S9506,2,GF_00549
remove_MIT_S9506,2,GF_00564
remove_MIT_S9506,2,GF_00565
remove_MIT_S9506,2,GF_00566
remove_MIT_S9506,2,GF_00569
remove_MIT_S9506,2,GF_00570
remove_MIT_S9506,2,GF_00580
remove_MIT_S9506,2,GF_00588
remove_MIT_S9506,2,GF_00594
remove_MIT_S9506,2,GF_00595
remove_MIT_S9506,2,GF_00599
remove_MIT_S9506,2,GF_00601
remove_MIT_S9506,2,GF_00603
remove_MIT_S9506,2,GF_00604
remove_MIT_S9506,2,GF_00606
remove_MIT_S9506,2,GF_00607
remove_MIT_S9506,2,GF_00608
remove_MIT_S9506,2,GF_00609
remove_MIT_S9506,2,GF_00611
remove_MIT_S9506,2,GF_00612
remove_MIT_S9506,2,GF_00613
remove_MIT_S9506,2,GF_00614
remove_MIT_S9506,2,GF_00615
remove_MIT_S9506,2,GF_00616
remove_MIT_S9506,2,GF_00617
remove_MIT_S9506,2,GF_00618
remove_MIT_S9506,2,GF_00619
remove_MIT_S9506,2,GF_00620
remove_MIT_S9506,2,GF_00622
remove_MIT_S9506,2,GF_00623
remove_MIT_S9506,2,GF_00624
remove_MIT_S9506,2,GF_00632
remove_MIT_S9506,2,GF_00633
remove_MIT_S9506,2,GF_00635
remove_MIT_S9506,2,GF_00636
remove_MIT_S9506,2,GF_00637
remove_MIT_S9506,2,GF_00638
remove_MIT_S9506,2,GF_00642
remove_MIT_S9506,2,GF_00643
remove_MIT_S9506,2,GF_00655
remove_MIT_S9506,2,GF_00658
remove_MIT_S9506,2,GF_00661
remove_MIT_S9506,2,GF_00669
remove_MIT_S9506,2,GF_00681
remove_MIT_S9506,2,GF_00682
remove_MIT_S9506,2,GF_00683
remove_MIT_S9506,2,GF_00684
remove_MIT_S9506,2,GF_00687
remove_MIT_S9506,2,GF_00688
remove_MIT_S9506,2,GF_00699
remove_MIT_S9506,2,GF_00702
remove_MIT_S9506,2,GF_00709
remove_MIT_S9506,2,GF_00723
remove_MIT_S9506,2,GF_00724
remove_MIT_S9506,2,GF_00725
remove_MIT_S9506,2,GF_00726
remove_MIT_S9506,2,GF_00727
remove_MIT_S9506,2,GF_00728
remove_MIT_S9506,2,GF_00729
remove_MIT_S9506,2,GF_00736
remove_MIT_S9506,2,GF_00740
remove_MIT_S9506,2,GF_00741
remove_MIT_S9506,2,GF_00744
remove_MIT_S9506,2,GF_00751
remove_MIT_S9506,2,GF_00755
remove_MIT_S9506,2,GF_00756
remove_MIT_S9506,2,GF_00761
remove_MIT_S9506,2,GF_00771
remove_MIT_S9506,2,GF_00773
remove_MIT_S9506,2,GF_00776
remove_MIT_S9506,2,GF_00777
remove_MIT_S9506,2,GF_00796
remove_MIT_S9506,2,GF_00810
remove_MIT_S9506,2,GF_00811
remove_MIT_S9506,2,GF_00813
remove_MIT_S9506,2,GF_00814
remove_MIT_S9506,2,GF_00816
remove_MIT_S9506,2,GF_00819
remove_MIT_S9506,2,GF_00828
remove_MIT_S9506,2,GF_00843
remove_MIT_S9506,2,GF_00845
remove_MIT_S9506,2,GF_00856
remove_MIT_S9506,2,GF_00857
remove_MIT_S9506,2,GF_00860
remove_MIT_S9506,2,GF_00864
remove_MIT_S9506,2,GF_00866
remove_MIT_S9506,2,GF_00867
remove_MIT_S9506,2,GF_00868
remove_MIT_S9506,2,GF_00869
remove_MIT_S9506,2,GF_00870
remove_MIT_S9506,2,GF_00873
remove_MIT_S9506,2,GF_00874
remove_MIT_S9506,2,GF_00887
remove_MIT_S9506,2,GF_00888
remove_MIT_S9506,2,GF_00895
remove_MIT_S9506,2,GF_00916
remove_MIT_S9506,2,GF_00927
remove_MIT_S9506,2,GF_00931
remove_MIT_S9506,2,GF_00932
remove_MIT_S9506,2,GF_00933
remove_MIT_S9506,2,GF_00946
remove_MIT_S9506,2,GF_00947
remove_MIT_S9506,2,GF_00949
remove_MIT_S9506,2,GF_00957
remove_MIT_S9506,2,GF_00958
remove_MIT_S9506,2,GF_00960
remove_MIT_S9506,2,GF_00963
remove_MIT_S9506,2,GF_00966
remove_MIT_S9506,2,GF_00968
remove_MIT_S9506,2,GF_00969
remove_MIT_S9506,2,GF_00970
remove_MIT_S9506,2,GF_00971
remove_MIT_S9506,2,GF_00982
remove_MIT_S9506,2,GF_01004
remove_MIT_S9506,2,GF_01005
remove_MIT_S9506,2,GF_01026
remove_MIT_S9506,2,GF_01028
remove_MIT_S9506,2,GF_01054
remove_MIT_S9506,2,GF_01230
remove_MIT_S9506,2,GF_01231
remove_MIT_S9506,2,GF_01233
remove_MIT_S9506,2,GF_01234
remove_MIT_S9506,2,GF_01235
remove_MIT_S9506,2,GF_01236
remove_MIT_S9506,2,GF_01237
remove_MIT_S9506,2,GF_01239
remove_MIT_S9506,2,GF_01240
remove_MIT_S9506,2,GF_01241
remove_MIT_S9506,2,GF_01242
remove_MIT_S9506,2,GF_01244
remove_MIT_S9506,2,GF_01245
remove_MIT_S9506,2,GF_01246
remove_MIT_S9506,2,GF_01247
remove_MIT_S9506,2,GF_01248
remove_MIT_S9506,2,GF_01266
remove_MIT_S9506,2,GF_01287
remove_MIT_S9506,2,GF_01290
remove_MIT_S9506,2,GF_01292
remove_MIT_S9506,2,GF_01293
remove_MIT_S9506,2,GF_01297
remove_MIT_S9506,2,GF_01306
remove_MIT_S9506,2,GF_01314
remove_MIT_S9506,2,GF_01315
remove_MIT_S9506,2,GF_01327
remove_MIT_S9506,2,GF_01329
remove_MIT_S9506,2,GF_01330
remove_MIT_S9506,2,GF_01331
remove_MIT_S9506,2,GF_01332
remove_MIT_S9506,2,GF_01333
remove_MIT_S9506,2,GF_01334
remove_MIT_S9506,2,GF_01336
remove_MIT_S9506,2,GF_01337
remove_MIT_S9506,2,GF_01338
remove_MIT_S9506,2,GF_01359
remove_MIT_S9506,2,GF_01372
remove_MIT_S9506,2,GF_01374
remove_MIT_S9506,2,GF_01375
remove_MIT_S9506,2,GF_01376
remove_MIT_S9506,2,GF_01377
remove_MIT_S9506,2,GF_01379
remove_MIT_S9506,2,GF_01381
remove_MIT_S9506,2,GF_01382
remove_MIT_S9506,2,GF_01383
remove_MIT_S9506,2,GF_01385
remove_MIT_S9506,2,GF_01386
remove_MIT_S9506,2,GF_01387
remove_MIT_S9506,2,GF_01390
remove_MIT_S9506,2,GF_01391
remove_MIT_S9506,2,GF_01393
remove_MIT_S9506,2,GF_01394
remove_MIT_S9506,2,GF_01395
remove_MIT_S9506,2,GF_01396
remove_MIT_S9506,2,GF_01397
remove_MIT_S9506,2,GF_01399
remove_MIT_S9506,2,GF_01400
remove_MIT_S9506,2,GF_01401
remove_MIT_S9506,2,GF_01409
remove_MIT_S9506,2,GF_01425
remove_MIT_S9506,2,GF_01426
remove_MIT_S9506,2,GF_01428
remove_MIT_S9506,2,GF_01439
remove_MIT_S9506,2,GF_01445
remove_MIT_S9506,2,GF_01446
remove_MIT_S9506,2,GF_01447
remove_MIT_S9506,2,GF_01449
remove_MIT_S9506,2,GF_01456
remove_MIT_S9506,2,GF_01458
remove_MIT_S9506,2,GF_01460
remove_MIT_S9506,2,GF_01461
remove_MIT_S9506,2,GF_01462
remove_MIT_S9506,2,GF_01466
remove_MIT_S9506,2,GF_01476
remove_MIT_S9506,2,GF_01477
remove_MIT_S9506,2,GF_01479
remove_MIT_S9506,2,GF_01481
remove_MIT_S9506,2,GF_01487
remove_MIT_S9506,2,GF_01502
remove_MIT_S9506,2,GF_01504
remove_MIT_S9506,2,GF_01512
remove_MIT_S9506,2,GF_01514
remove_MIT_S9506,2,GF_01527
remove_MIT_S9506,2,GF_01534
remove_MIT_S9506,2,GF_01535
remove_MIT_S9506,2,GF_01536
remove_MIT_S9506,2,GF_01538
remove_MIT_S9506,2,GF_01539
remove_MIT_S9506,2,GF_01540
remove_MIT_S9506,2,GF_01541
remove_MIT_S9506,2,GF_01542
remove_MIT_S9506,2,GF_01544
remove_MIT_S9506,2,GF_01547
remove_MIT_S9506,2,GF_01549
remove_MIT_S9506,2,GF_01552
remove_MIT_S9506,2,GF_01553
remove_MIT_S9506,2,GF_01579
remove_MIT_S9506,2,GF_01580
remove_MIT_S9506,2,GF_01583
remove_MIT_S9506,2,GF_01584
remove_MIT_S9506,2,GF_01591
remove_MIT_S9506,2,GF_01592
remove_MIT_S9506,2,GF_01616
remove_MIT_S9506,2,GF_01617
remove_MIT_S9506,2,GF_01618
remove_MIT_S9506,2,GF_01619
remove_MIT_S9506,2,GF_01620
remove_MIT_S9506,2,GF_01621
remove_MIT_S9506,2,GF_01623
remove_MIT_S9506,2,GF_01625
remove_MIT_S9506,2,GF_01626
remove_MIT_S9506,2,GF_01627
remove_MIT_S9506,2,GF_01628
remove_MIT_S9506,2,GF_01629
remove_MIT_S9506,2,GF_01636
remove_MIT_S9506,2,GF_01638
remove_MIT_S9506,2,GF_01641
remove_MIT_S9506,2,GF_01648
remove_MIT_S9506,2,GF_01659
remove_MIT_S9506,2,GF_01661
remove_MIT_S9506,2,GF_01673
remove_MIT_S9506,2,GF_01674
remove_MIT_S9506,2,GF_01675
remove_MIT_S9506,2,GF_01676
remove_MIT_S9506,2,GF_01677
remove_MIT_S9506,2,GF_01678
remove_MIT_S9506,2,GF_01679
remove_MIT_S9506,2,GF_01680
remove_MIT_S9506,2,GF_01681
remove_MIT_S9506,2,GF_01683
remove_MIT_S9506,2,GF_01684
remove_MIT_S9506,2,GF_01685
remove_MIT_S9506,2,GF_01688
remove_MIT_S9506,2,GF_01689
remove_MIT_S9506,2,GF_01690
remove_MIT_S9506,2,GF_01691
remove_MIT_S9506,2,GF_01692
remove_MIT_S9506,2,GF_01693
remove_MIT_S9506,2,GF_01732
remove_MIT_S9506,2,GF_01733
remove_MIT_S9506,2,GF_01734
remove_MIT_S9506,2,GF_01735
remove_MIT_S9506,2,GF_01736
remove_MIT_S9506,2,GF_01737
remove_MIT_S9506,2,GF_01741
remove_MIT_S9506,2,GF_01742
remove_MIT_S9506,2,GF_01745
remove_MIT_S9506,2,GF_01763
remove_MIT_S9506,2,GF_01783
remove_MIT_S9506,2,GF_01799
remove_MIT_S9506,2,GF_01801
remove_MIT_S9506,2,GF_01802
remove_MIT_S9506,2,GF_01803
remove_MIT_S9506,2,GF_01805
remove_MIT_S9506,2,GF_01806
remove_MIT_S9506,2,GF_01807
remove_MIT_S9506,2,GF_01808
remove_MIT_S9506,2,GF_01809
remove_MIT_S9506,2,GF_01810
remove_MIT_S9506,2,GF_01811
remove_MIT_S9506,2,GF_01812
remove_MIT_S9506,2,GF_01813
remove_MIT_S9506,2,GF_01814
remove_MIT_S9506,2,GF_01815
remove_MIT_S9506,2,GF_01816
remove_MIT_S9506,2,GF_01818
remove_MIT_S9506,2,GF_01819
remove_MIT_S9506,2,GF_01822
remove_MIT_S9506,2,GF_01834
remove_MIT_S9506,2,GF_01836
remove_MIT_S9506,2,GF_01837
remove_MIT_S9506,2,GF_01840
remove_MIT_S9506,2,GF_01841
remove_MIT_S9506,2,GF_01842
remove_MIT_S9506,2,GF_01844
remove_MIT_S9506,2,GF_01856
remove_MIT_S9506,2,GF_01860
remove_MIT_S9506,2,GF_01870
remove_MIT_S9506,2,GF_01872
remove_MIT_S9506,2,GF_01874
remove_MIT_S9506,2,GF_01897
remove_MIT_S9506,2,GF_01898
remove_MIT_S9506,2,GF_01899
remove_MIT_S9506,2,GF_01900
remove_MIT_S9506,2,GF_01902
remove_MIT_S9506,2,GF_01904
remove_MIT_S9506,2,GF_01919
remove_MIT_S9506,2,GF_01921
remove_MIT_S9506,2,GF_01923
remove_MIT_S9506,2,GF_01925
remove_MIT_S9506,2,GF_01926
remove_MIT_S9506,2,GF_01927
remove_MIT_S9506,2,GF_01928
remove_MIT_S9506,2,GF_01929
remove_MIT_S9506,2,GF_01930
remove_MIT_S9506,2,GF_01945
remove_MIT_S9506,2,GF_02041
remove_MIT_S9506,2,GF_02059
remove_MIT_S9506,2,GF_02060
remove_MIT_S9506,2,GF_02069
remove_MIT_S9506,2,GF_02070
remove_MIT_S9506,2,GF_02071
remove_MIT_S9506,2,GF_02072
remove_MIT_S9506,2,GF_02075
remove_MIT_S9506,2,GF_02076
remove_MIT_S9506,2,GF_02084
remove_MIT_S9506,2,GF_02085
remove_MIT_S9506,2,GF_02086
remove_MIT_S9506,2,GF_02088
remove_MIT_S9506,2,GF_02089
remove_MIT_S9506,2,GF_02091
remove_MIT_S9506,2,GF_02092
remove_MIT_S9506,2,GF_02093
remove_MIT_S9506,2,GF_02094
remove_MIT_S9506,2,GF_02101
remove_MIT_S9506,2,GF_02109
remove_MIT_S9506,2,GF_02113
remove_MIT_S9506,2,GF_02122
remove_MIT_S9506,2,GF_02130
remove_MIT_S9506,2,GF_02131
remove_MIT_S9506,2,GF_02132
remove_MIT_S9506,2,GF_02136
remove_MIT_S9506,2,GF_02137
remove_MIT_S9506,2,GF_02138
remove_MIT_S9506,2,GF_02139
remove_MIT_S9506,2,GF_02140
remove_MIT_S9506,2,GF_02141
remove_MIT_S9506,2,GF_02142
remove_MIT_S9506,2,GF_02143
remove_MIT_S9506,2,GF_02145
remove_MIT_S9506,2,GF_02152
remove_MIT_S9506,2,GF_02157
remove_MIT_S9506,2,GF_02158
remove_MIT_S9506,2,GF_02168
remove_MIT_S9506,2,GF_02172
remove_MIT_S9506,2,GF_02178
remove_MIT_S9506,2,GF_02180
remove_MIT_S9506,2,GF_02184
remove_MIT_S9506,2,GF_02216
remove_MIT_S9506,2,GF_02217
remove_MIT_S9506,2,GF_02218
remove_MIT_S9506,2,GF_02219
remove_MIT_S9506,2,GF_02220
remove_MIT_S9506,2,GF_02223
remove_MIT_S9506,2,GF_02224
remove_MIT_S9506,2,GF_02225
remove_MIT_S9506,2,GF_02226
remove_MIT_S9506,2,GF_02227
remove_MIT_S9506,2,GF_02228
remove_MIT_S9506,2,GF_02229
remove_MIT_S9506,2,GF_02230
remove_MIT_S9506,2,GF_02260
remove_MIT_S9506,2,GF_02261
remove_MIT_S9506,2,GF_02262
remove_MIT_S9506,2,GF_02263
remove_MIT_S9506,2,GF_02264
remove_MIT_S9506,2,GF_02266
remove_MIT_S9506,3,GF_00002
remove_MIT_S9506,3,GF_00008
remove_MIT_S9506,3,GF_00011
remove_MIT_S9506,3,GF_00012
remove_MIT_S9506,3,GF_00013
remove_MIT_S9506,3,GF_00014
remove_MIT_S9506,3,GF_00015
remove_MIT_S9506,3,GF_00017
remove_MIT_S9506,3,GF_00018
remove_MIT_S9506,3,GF_00036
remove_MIT_S9506,3,GF_00043
remove_MIT_S9506,3,GF_00044
remove_MIT_S9506,3,GF_00046
remove_MIT_S9506,3,GF_00047
remove_MIT_S9506,3,GF_00048
remove_MIT_S9506,3,GF_00049
remove_MIT_S9506,3,GF_00051
remove_MIT_S9506,3,GF_00052
remove_MIT_S9506,3,GF_00072
remove_MIT_S9506,3,GF_00073
remove_MIT_S9506,3,GF_00074
remove_MIT_S9506,3,GF_00075
remove_MIT_S9506,3,GF_00077
remove_MIT_S9506,3,GF_00078
remove_MIT_S9506,3,GF_00079
remove_MIT_S9506,3,GF_00080
remove_MIT_S9506,3,GF_00081
remove_MIT_S9506,3,GF_00082
remove_MIT_S9506,3,GF_00083
remove_MIT_S9506,3,GF_00084
remove_MIT_S9506,3,GF_00085
remove_MIT_S9506,3,GF_00087
remove_MIT_S9506,3,GF_00088
remove_MIT_S9506,3,GF_00093
remove_MIT_S9506,3,GF_00094
remove_MIT_S9506,3,GF_00104
remove_MIT_S9506,3,GF_00105
remove_MIT_S9506,3,GF_00106
remove_MIT_S9506,3,GF_00107
remove_MIT_S9506,3,GF_00108
remove_MIT_S9506,3,GF_00111
remove_MIT_S9506,3,GF_00112
remove_MIT_S9506,3,GF_00114
remove_MIT_S9506,3,GF_00115
remove_MIT_S9506,3,GF_00116
remove_MIT_S9506,3,GF_00117
remove_MIT_S9506,3,GF_00120
remove_MIT_S9506,3,GF_00121
remove_MIT_S9506,3,GF_00122
remove_MIT_S9506,3,GF_00123
remove_MIT_S9506,3,GF_00124
remove_MIT_S9506,3,GF_00125
remove_MIT_S9506,3,GF_00136
remove_MIT_S9506,3,GF_00137
remove_MIT_S9506,3,GF_00138
remove_MIT_S9506,3,GF_00139
remove_MIT_S9506,3,GF_00141
remove_MIT_S9506,3,GF_00143
remove_MIT_S9506,3,GF_00155
remove_MIT_S9506,3,GF_00164
remove_MIT_S9506,3,GF_00170
remove_MIT_S9506,3,GF_00175
remove_MIT_S9506,3,GF_00178
remove_MIT_S9506,3,GF_00179
remove_MIT_S9506,3,GF_00180
remove_MIT_S9506,3,GF_00185
remove_MIT_S9506,3,GF_00220
remove_MIT_S9506,3,GF_00228
remove_MIT_S9506,3,GF_00229
remove_MIT_S9506,3,GF_00235
remove_MIT_S9506,3,GF_00244
remove_MIT_S9506,3,GF_00250
remove_MIT_S9506,3,GF_00251
remove_MIT_S9506,3,GF_00262
remove_MIT_S9506,3,GF_00281
remove_MIT_S9506,3,GF_00290
remove_MIT_S9506,3,GF_00296
remove_MIT_S9506,3,GF_00300
remove_MIT_S9506,3,GF_00302
remove_MIT_S9506,3,GF_00303
remove_MIT_S9506,3,GF_00305
remove_MIT_S9506,3,GF_00309
remove_MIT_S9506,3,GF_00311
remove_MIT_S9506,3,GF_00312
remove_MIT_S9506,3,GF_00313
remove_MIT_S9506,3,GF_00314
remove_MIT_S9506,3,GF_00315
remove_MIT_S9506,3,GF_00316
remove_MIT_S9506,3,GF_00317
remove_MIT_S9506,3,GF_00318
remove_MIT_S9506,3,GF_00319
remove_MIT_S9506,3,GF_00320
remove_MIT_S9506,3,GF_00321
remove_MIT_S9506,3,GF_00323
remove_MIT_S9506,3,GF_00324
remove_MIT_S9506,3,GF_00325
remove_MIT_S9506,3,GF_00326
remove_MIT_S9506,3,GF_00327
remove_MIT_S9506,3,GF_00329
remove_MIT_S9506,3,GF_00330
remove_MIT_S9506,3,GF_00331
remove_MIT_S9506,3,GF_00332
remove_MIT_S9506,3,GF_00333
remove_MIT_S9506,3,GF_00335
remove_MIT_S9506,3,GF_00336
remove_MIT_S9506,3,GF_00338
remove_MIT_S9506,3,GF_00340
remove_MIT_S9506,3,GF_00341
remove_MIT_S9506,3,GF_00342
remove_MIT_S9506,3,GF_00343
remove_MIT_S9506,3,GF_00344
remove_MIT_S9506,3,GF_00346
remove_MIT_S9506,3,GF_00347
remove_MIT_S9506,3,GF_00349
remove_MIT_S9506,3,GF_00350
remove_MIT_S9506,3,GF_00352
remove_MIT_S9506,3,GF_00353
remove_MIT_S9506,3,GF_00355
remove_MIT_S9506,3,GF_00358
remove_MIT_S9506,3,GF_00360
remove_MIT_S9506,3,GF_00362
remove_MIT_S9506,3,GF_00363
remove_MIT_S9506,3,GF_00364
remove_MIT_S9506,3,GF_00365
remove_MIT_S9506,3,GF_00369
remove_MIT_S9506,3,GF_00381
remove_MIT_S9506,3,GF_00384
remove_MIT_S9506,3,GF_00385
remove_MIT_S9506,3,GF_00386
remove_MIT_S9506,3,GF_00387
remove_MIT_S9506,3,GF_00388
remove_MIT_S9506,3,GF_00389
remove_MIT_S9506,3,GF_00390
remove_MIT_S9506,3,GF_00391
remove_MIT_S9506,3,GF_00393
remove_MIT_S9506,3,GF_00394
remove_MIT_S9506,3,GF_00395
remove_MIT_S9506,3,GF_00396
remove_MIT_S9506,3,GF_00400
remove_MIT_S9506,3,GF_00401
remove_MIT_S9506,3,GF_00402
remove_MIT_S9506,3,GF_00404
remove_MIT_S9506,3,GF_00405
remove_MIT_S9506,3,GF_00406
remove_MIT_S9506,3,GF_00407
remove_MIT_S9506,3,GF_00409
remove_MIT_S9506,3,GF_00410
remove_MIT_S9506,3,GF_00413
remove_MIT_S9506,3,GF_00414
remove_MIT_S9506,3,GF_00415
remove_MIT_S9506,3,GF_00417
remove_MIT_S9506,3,GF_00418
remove_MIT_S9506,3,GF_00421
remove_MIT_S9506,3,GF_00422
remove_MIT_S9506,3,GF_00424
remove_MIT_S9506,3,GF_00426
remove_MIT_S9506,3,GF_00427
remove_MIT_S9506,3,GF_00428
remove_MIT_S9506,3,GF_00430
remove_MIT_S9506,3,GF_00431
remove_MIT_S9506,3,GF_00432
remove_MIT_S9506,3,GF_00433
remove_MIT_S9506,3,GF_00434
remove_MIT_S9506,3,GF_00435
remove_MIT_S9506,3,GF_00436
remove_MIT_S9506,3,GF_00438
remove_MIT_S9506,3,GF_00440
remove_MIT_S9506,3,GF_00441
remove_MIT_S9506,3,GF_00455
remove_MIT_S9506,3,GF_00457
remove_MIT_S9506,3,GF_00458
remove_MIT_S9506,3,GF_00471
remove_MIT_S9506,3,GF_00477
remove_MIT_S9506,3,GF_00480
remove_MIT_S9506,3,GF_00482
remove_MIT_S9506,3,GF_00488
remove_MIT_S9506,3,GF_00489
remove_MIT_S9506,3,GF_00503
remove_MIT_S9506,3,GF_00522
remove_MIT_S9506,3,GF_00523
remove_MIT_S9506,3,GF_00524
remove_MIT_S9506,3,GF_00525
remove_MIT_S9506,3,GF_00527
remove_MIT_S9506,3,GF_00528
remove_MIT_S9506,3,GF_00529
remove_MIT_S9506,3,GF_00530
remove_MIT_S9506,3,GF_00531
remove_MIT_S9506,3,GF_00536
remove_MIT_S9506,3,GF_00538
remove_MIT_S9506,3,GF_00546
remove_MIT_S9506,3,GF_00547
remove_MIT_S9506,3,GF_00548
remove_MIT_S9506,3,GF_00549
remove_MIT_S9506,3,GF_00564
remove_MIT_S9506,3,GF_00565
remove_MIT_S9506,3,GF_00566
remove_MIT_S9506,3,GF_00569
remove_MIT_S9506,3,GF_00570
remove_MIT_S9506,3,GF_00572
remove_MIT_S9506,3,GF_00574
remove_MIT_S9506,3,GF_00578
remove_MIT_S9506,3,GF_00580
remove_MIT_S9506,3,GF_00588
remove_MIT_S9506,3,GF_00594
remove_MIT_S9506,3,GF_00595
remove_MIT_S9506,3,GF_00599
remove_MIT_S9506,3,GF_00600
remove_MIT_S9506,3,GF_00601
remove_MIT_S9506,3,GF_00603
remove_MIT_S9506,3,GF_00604
remove_MIT_S9506,3,GF_00605
remove_MIT_S9506,3,GF_00606
remove_MIT_S9506,3,GF_00607
remove_MIT_S9506,3,GF_00608
remove_MIT_S9506,3,GF_00609
remove_MIT_S9506,3,GF_00611
remove_MIT_S9506,3,GF_00612
remove_MIT_S9506,3,GF_00613
remove_MIT_S9506,3,GF_00614
remove_MIT_S9506,3,GF_00615
remove_MIT_S9506,3,GF_00617
remove_MIT_S9506,3,GF_00618
remove_MIT_S9506,3,GF_00619
remove_MIT_S9506,3,GF_00620
remove_MIT_S9506,3,GF_00621
remove_MIT_S9506,3,GF_00622
remove_MIT_S9506,3,GF_00623
remove_MIT_S9506,3,GF_00624
remove_MIT_S9506,3,GF_00632
remove_MIT_S9506,3,GF_00633
remove_MIT_S9506,3,GF_00635
remove_MIT_S9506,3,GF_00636
remove_MIT_S9506,3,GF_00637
remove_MIT_S9506,3,GF_00640
remove_MIT_S9506,3,GF_00641
remove_MIT_S9506,3,GF_00642
remove_MIT_S9506,3,GF_00643
remove_MIT_S9506,3,GF_00655
remove_MIT_S9506,3,GF_00658
remove_MIT_S9506,3,GF_00661
remove_MIT_S9506,3,GF_00669
remove_MIT_S9506,3,GF_00676
remove_MIT_S9506,3,GF_00681
remove_MIT_S9506,3,GF_00684
remove_MIT_S9506,3,GF_00687
remove_MIT_S9506,3,GF_00688
remove_MIT_S9506,3,GF_00695
remove_MIT_S9506,3,GF_00699
remove_MIT_S9506,3,GF_00702
remove_MIT_S9506,3,GF_00709
remove_MIT_S9506,3,GF_00722
remove_MIT_S9506,3,GF_00723
remove_MIT_S9506,3,GF_00724
remove_MIT_S9506,3,GF_00725
remove_MIT_S9506,3,GF_00726
remove_MIT_S9506,3,GF_00727
remove_MIT_S9506,3,GF_00728
remove_MIT_S9506,3,GF_00729
remove_MIT_S9506,3,GF_00732
remove_MIT_S9506,3,GF_00736
remove_MIT_S9506,3,GF_00740
remove_MIT_S9506,3,GF_00741
remove_MIT_S9506,3,GF_00744
remove_MIT_S9506,3,GF_00751
remove_MIT_S9506,3,GF_00755
remove_MIT_S9506,3,GF_00756
remove_MIT_S9506,3,GF_00761
remove_MIT_S9506,3,GF_00771
remove_MIT_S9506,3,GF_00773
remove_MIT_S9506,3,GF_00776
remove_MIT_S9506,3,GF_00777
remove_MIT_S9506,3,GF_00785
remove_MIT_S9506,3,GF_00796
remove_MIT_S9506,3,GF_00810
remove_MIT_S9506,3,GF_00811
remove_MIT_S9506,3,GF_00813
remove_MIT_S9506,3,GF_00814
remove_MIT_S9506,3,GF_00816
remove_MIT_S9506,3,GF_00819
remove_MIT_S9506,3,GF_00828
remove_MIT_S9506,3,GF_00843
remove_MIT_S9506,3,GF_00845
remove_MIT_S9506,3,GF_00857
remove_MIT_S9506,3,GF_00860
remove_MIT_S9506,3,GF_00864
remove_MIT_S9506,3,GF_00866
remove_MIT_S9506,3,GF_00868
remove_MIT_S9506,3,GF_00869
remove_MIT_S9506,3,GF_00870
remove_MIT_S9506,3,GF_00871
remove_MIT_S9506,3,GF_00872
remove_MIT_S9506,3,GF_00873
remove_MIT_S9506,3,GF_00874
remove_MIT_S9506,3,GF_00895
remove_MIT_S9506,3,GF_00916
remove_MIT_S9506,3,GF_00927
remove_MIT_S9506,3,GF_00931
remove_MIT_S9506,3,GF_00933
remove_MIT_S9506,3,GF_00946
remove_MIT_S9506,3,GF_00947
remove_MIT_S9506,3,GF_00949
remove_MIT_S9506,3,GF_00957
remove_MIT_S9506,3,GF_00958
remove_MIT_S9506,3,GF_00959
remove_MIT_S9506,3,GF_00960
remove_MIT_S9506,3,GF_00963
remove_MIT_S9506,3,GF_00966
remove_MIT_S9506,3,GF_00968
remove_MIT_S9506,3,GF_00969
remove_MIT_S9506,3,GF_00970
remove_MIT_S9506,3,GF_00971
remove_MIT_S9506,3,GF_00972
remove_MIT_S9506,3,GF_00982
remove_MIT_S9506,3,GF_01004
remove_MIT_S9506,3,GF_01005
remove_MIT_S9506,3,GF_01012
remove_MIT_S9506,3,GF_01026
remove_MIT_S9506,3,GF_01027
remove_MIT_S9506,3,GF_01028
remove_MIT_S9506,3,GF_01054
remove_MIT_S9506,3,GF_01230
remove_MIT_S9506,3,GF_01231
remove_MIT_S9506,3,GF_01232
remove_MIT_S9506,3,GF_01233
remove_MIT_S9506,3,GF_01234
remove_MIT_S9506,3,GF_01235
remove_MIT_S9506,3,GF_01236
remove_MIT_S9506,3,GF_01237
remove_MIT_S9506,3,GF_01239
remove_MIT_S9506,3,GF_01240
remove_MIT_S9506,3,GF_01241
remove_MIT_S9506,3,GF_01242
remove_MIT_S9506,3,GF_01244
remove_MIT_S9506,3,GF_01245
remove_MIT_S9506,3,GF_01246
remove_MIT_S9506,3,GF_01247
remove_MIT_S9506,3,GF_01248
remove_MIT_S9506,3,GF_01266
remove_MIT_S9506,3,GF_01287
remove_MIT_S9506,3,GF_01290
remove_MIT_S9506,3,GF_01291
remove_MIT_S9506,3,GF_01292
remove_MIT_S9506,3,GF_01293
remove_MIT_S9506,3,GF_01297
remove_MIT_S9506,3,GF_01306
remove_MIT_S9506,3,GF_01314
remove_MIT_S9506,3,GF_01315
remove_MIT_S9506,3,GF_01327
remove_MIT_S9506,3,GF_01329
remove_MIT_S9506,3,GF_01330
remove_MIT_S9506,3,GF_01331
remove_MIT_S9506,3,GF_01332
remove_MIT_S9506,3,GF_01333
remove_MIT_S9506,3,GF_01334
remove_MIT_S9506,3,GF_01336
remove_MIT_S9506,3,GF_01337
remove_MIT_S9506,3,GF_01338
remove_MIT_S9506,3,GF_01359
remove_MIT_S9506,3,GF_01372
remove_MIT_S9506,3,GF_01373
remove_MIT_S9506,3,GF_01374
remove_MIT_S9506,3,GF_01375
remove_MIT_S9506,3,GF_01376
remove_MIT_S9506,3,GF_01377
remove_MIT_S9506,3,GF_01379
remove_MIT_S9506,3,GF_01381
remove_MIT_S9506,3,GF_01382
remove_MIT_S9506,3,GF_01383
remove_MIT_S9506,3,GF_01385
remove_MIT_S9506,3,GF_01387
remove_MIT_S9506,3,GF_01390
remove_MIT_S9506,3,GF_01391
remove_MIT_S9506,3,GF_01393
remove_MIT_S9506,3,GF_01394
remove_MIT_S9506,3,GF_01395
remove_MIT_S9506,3,GF_01396
remove_MIT_S9506,3,GF_01397
remove_MIT_S9506,3,GF_01399
remove_MIT_S9506,3,GF_01400
remove_MIT_S9506,3,GF_01401
remove_MIT_S9506,3,GF_01404
remove_MIT_S9506,3,GF_01409
remove_MIT_S9506,3,GF_01425
remove_MIT_S9506,3,GF_01426
remove_MIT_S9506,3,GF_01428
remove_MIT_S9506,3,GF_01439
remove_MIT_S9506,3,GF_01445
remove_MIT_S9506,3,GF_01446
remove_MIT_S9506,3,GF_01447
remove_MIT_S9506,3,GF_01448
remove_MIT_S9506,3,GF_01449
remove_MIT_S9506,3,GF_01456
remove_MIT_S9506,3,GF_01458
remove_MIT_S9506,3,GF_01460
remove_MIT_S9506,3,GF_01461
remove_MIT_S9506,3,GF_01466
remove_MIT_S9506,3,GF_01477
remove_MIT_S9506,3,GF_01479
remove_MIT_S9506,3,GF_01480
remove_MIT_S9506,3,GF_01487
remove_MIT_S9506,3,GF_01502
remove_MIT_S9506,3,GF_01512
remove_MIT_S9506,3,GF_01514
remove_MIT_S9506,3,GF_01527
remove_MIT_S9506,3,GF_01534
remove_MIT_S9506,3,GF_01536
remove_MIT_S9506,3,GF_01538
remove_MIT_S9506,3,GF_01539
remove_MIT_S9506,3,GF_01540
remove_MIT_S9506,3,GF_01541
remove_MIT_S9506,3,GF_01542
remove_MIT_S9506,3,GF_01543
remove_MIT_S9506,3,GF_01544
remove_MIT_S9506,3,GF_01547
remove_MIT_S9506,3,GF_01549
remove_MIT_S9506,3,GF_01552
remove_MIT_S9506,3,GF_01553
remove_MIT_S9506,3,GF_01579
remove_MIT_S9506,3,GF_01580
remove_MIT_S9506,3,GF_01583
remove_MIT_S9506,3,GF_01584
remove_MIT_S9506,3,GF_01591
remove_MIT_S9506,3,GF_01592
remove_MIT_S9506,3,GF_01616
remove_MIT_S9506,3,GF_01617
remove_MIT_S9506,3,GF_01618
remove_MIT_S9506,3,GF_01619
remove_MIT_S9506,3,GF_01620
remove_MIT_S9506,3,GF_01621
remove_MIT_S9506,3,GF_01623
remove_MIT_S9506,3,GF_01625
remove_MIT_S9506,3,GF_01626
remove_MIT_S9506,3,GF_01627
remove_MIT_S9506,3,GF_01628
remove_MIT_S9506,3,GF_01629
remove_MIT_S9506,3,GF_01634
remove_MIT_S9506,3,GF_01635
remove_MIT_S9506,3,GF_01636
remove_MIT_S9506,3,GF_01637
remove_MIT_S9506,3,GF_01638
remove_MIT_S9506,3,GF_01639
remove_MIT_S9506,3,GF_01641
remove_MIT_S9506,3,GF_01648
remove_MIT_S9506,3,GF_01659
remove_MIT_S9506,3,GF_01661
remove_MIT_S9506,3,GF_01672
remove_MIT_S9506,3,GF_01673
remove_MIT_S9506,3,GF_01674
remove_MIT_S9506,3,GF_01675
remove_MIT_S9506,3,GF_01676
remove_MIT_S9506,3,GF_01677
remove_MIT_S9506,3,GF_01678
remove_MIT_S9506,3,GF_01679
remove_MIT_S9506,3,GF_01680
remove_MIT_S9506,3,GF_01681
remove_MIT_S9506,3,GF_01683
remove_MIT_S9506,3,GF_01684
remove_MIT_S9506,3,GF_01685
remove_MIT_S9506,3,GF_01688
remove_MIT_S9506,3,GF_01689
remove_MIT_S9506,3,GF_01690
remove_MIT_S9506,3,GF_01692
remove_MIT_S9506,3,GF_01693
remove_MIT_S9506,3,GF_01732
remove_MIT_S9506,3,GF_01733
remove_MIT_S9506,3,GF_01734
remove_MIT_S9506,3,GF_01735
remove_MIT_S9506,3,GF_01736
remove_MIT_S9506,3,GF_01740
remove_MIT_S9506,3,GF_01741
remove_MIT_S9506,3,GF_01742
remove_MIT_S9506,3,GF_01745
remove_MIT_S9506,3,GF_01763
remove_MIT_S9506,3,GF_01783
remove_MIT_S9506,3,GF_01799
remove_MIT_S9506,3,GF_01802
remove_MIT_S9506,3,GF_01803
remove_MIT_S9506,3,GF_01805
remove_MIT_S9506,3,GF_01806
remove_MIT_S9506,3,GF_01807
remove_MIT_S9506,3,GF_01808
remove_MIT_S9506,3,GF_01809
remove_MIT_S9506,3,GF_01810
remove_MIT_S9506,3,GF_01811
remove_MIT_S9506,3,GF_01812
remove_MIT_S9506,3,GF_01813
remove_MIT_S9506,3,GF_01816
remove_MIT_S9506,3,GF_01818
remove_MIT_S9506,3,GF_01819
remove_MIT_S9506,3,GF_01822
remove_MIT_S9506,3,GF_01823
remove_MIT_S9506,3,GF_01834
remove_MIT_S9506,3,GF_01836
remove_MIT_S9506,3,GF_01837
remove_MIT_S9506,3,GF_01840
remove_MIT_S9506,3,GF_01841
remove_MIT_S9506,3,GF_01842
remove_MIT_S9506,3,GF_01844
remove_MIT_S9506,3,GF_01856
remove_MIT_S9506,3,GF_01860
remove_MIT_S9506,3,GF_01866
remove_MIT_S9506,3,GF_01870
remove_MIT_S9506,3,GF_01872
remove_MIT_S9506,3,GF_01885
remove_MIT_S9506,3,GF_01897
remove_MIT_S9506,3,GF_01898
remove_MIT_S9506,3,GF_01899
remove_MIT_S9506,3,GF_01900
remove_MIT_S9506,3,GF_01901
remove_MIT_S9506,3,GF_01902
remove_MIT_S9506,3,GF_01904
remove_MIT_S9506,3,GF_01919
remove_MIT_S9506,3,GF_01921
remove_MIT_S9506,3,GF_01925
remove_MIT_S9506,3,GF_01926
remove_MIT_S9506,3,GF_01927
remove_MIT_S9506,3,GF_01928
remove_MIT_S9506,3,GF_01929
remove_MIT_S9506,3,GF_01930
remove_MIT_S9506,3,GF_01945
remove_MIT_S9506,3,GF_02041
remove_MIT_S9506,3,GF_02059
remove_MIT_S9506,3,GF_02060
remove_MIT_S9506,3,GF_02069
remove_MIT_S9506,3,GF_02070
remove_MIT_S9506,3,GF_02071
remove_MIT_S9506,3,GF_02072
remove_MIT_S9506,3,GF_02074
remove_MIT_S9506,3,GF_02075
remove_MIT_S9506,3,GF_02076
remove_MIT_S9506,3,GF_02084
remove_MIT_S9506,3,GF_02085
remove_MIT_S9506,3,GF_02088
remove_MIT_S9506,3,GF_02089
remove_MIT_S9506,3,GF_02091
remove_MIT_S9506,3,GF_02092
remove_MIT_S9506,3,GF_02093
remove_MIT_S9506,3,GF_02094
remove_MIT_S9506,3,GF_02101
remove_MIT_S9506,3,GF_02109
remove_MIT_S9506,3,GF_02110
remove_MIT_S9506,3,GF_02113
remove_MIT_S9506,3,GF_02122
remove_MIT_S9506,3,GF_02130
remove_MIT_S9506,3,GF_02131
remove_MIT_S9506,3,GF_02132
remove_MIT_S9506,3,GF_02136
remove_MIT_S9506,3,GF_02137
remove_MIT_S9506,3,GF_02138
remove_MIT_S9506,3,GF_02139
remove_MIT_S9506,3,GF_02140
remove_MIT_S9506,3,GF_02141
remove_MIT_S9506,3,GF_02142
remove_MIT_S9506,3,GF_02143
remove_MIT_S9506,3,GF_02145
remove_MIT_S9506,3,GF_02152
remove_MIT_S9506,3,GF_02157
remove_MIT_S9506,3,GF_02159
remove_MIT_S9506,3,GF_02172
remove_MIT_S9506,3,GF_02178
remove_MIT_S9506,3,GF_02180
remove_MIT_S9506,3,GF_02184
remove_MIT_S9506,3,GF_02194
remove_MIT_S9506,3,GF_02215
remove_MIT_S9506,3,GF_02216
remove_MIT_S9506,3,GF_02217
remove_MIT_S9506,3,GF_02218
remove_MIT_S9506,3,GF_02219
remove_MIT_S9506,3,GF_02220
remove_MIT_S9506,3,GF_02222
remove_MIT_S9506,3,GF_02223
remove_MIT_S9506,3,GF_02224
remove_MIT_S9506,3,GF_02225
remove_MIT_S9506,3,GF_02226
remove_MIT_S9506,3,GF_02227
remove_MIT_S9506,3,GF_02228
remove_MIT_S9506,3,GF_02229
remove_MIT_S9506,3,GF_02230
remove_MIT_S9506,3,GF_02260
remove_MIT_S9506,3,GF_02261
remove_MIT_S9506,3,GF_02262
remove_MIT_S9506,3,GF_02263
remove_MIT_S9506,3,GF_02264
remove_MIT_S9506,3,GF_02266
remove_MIT_S9506,4,GF_00002
remove_MIT_S9506,4,GF_00008
remove_MIT_S9506,4,GF_00011
remove_MIT_S9506,4,GF_00012
remove_MIT_S9506,4,GF_00013
remove_MIT_S9506,4,GF_00014
remove_MIT_S9506,4,GF_00015
remove_MIT_S9506,4,GF_00017
remove_MIT_S9506,4,GF_00018
remove_MIT_S9506,4,GF_00036
remove_MIT_S9506,4,GF_00043
remove_MIT_S9506,4,GF_00044
remove_MIT_S9506,4,GF_00045
remove_MIT_S9506,4,GF_00046
remove_MIT_S9506,4,GF_00047
remove_MIT_S9506,4,GF_00048
remove_MIT_S9506,4,GF_00049
remove_MIT_S9506,4,GF_00051
remove_MIT_S9506,4,GF_00052
remove_MIT_S9506,4,GF_00071
remove_MIT_S9506,4,GF_00072
remove_MIT_S9506,4,GF_00073
remove_MIT_S9506,4,GF_00074
remove_MIT_S9506,4,GF_00075
remove_MIT_S9506,4,GF_00076
remove_MIT_S9506,4,GF_00077
remove_MIT_S9506,4,GF_00078
remove_MIT_S9506,4,GF_00079
remove_MIT_S9506,4,GF_00080
remove_MIT_S9506,4,GF_00081
remove_MIT_S9506,4,GF_00082
remove_MIT_S9506,4,GF_00083
remove_MIT_S9506,4,GF_00084
remove_MIT_S9506,4,GF_00085
remove_MIT_S9506,4,GF_00087
remove_MIT_S9506,4,GF_00088
remove_MIT_S9506,4,GF_00093
remove_MIT_S9506,4,GF_00094
remove_MIT_S9506,4,GF_00104
remove_MIT_S9506,4,GF_00105
remove_MIT_S9506,4,GF_00106
remove_MIT_S9506,4,GF_00107
remove_MIT_S9506,4,GF_00108
remove_MIT_S9506,4,GF_00109
remove_MIT_S9506,4,GF_00111
remove_MIT_S9506,4,GF_00112
remove_MIT_S9506,4,GF_00113
remove_MIT_S9506,4,GF_00114
remove_MIT_S9506,4,GF_00115
remove_MIT_S9506,4,GF_00116
remove_MIT_S9506,4,GF_00117
remove_MIT_S9506,4,GF_00119
remove_MIT_S9506,4,GF_00120
remove_MIT_S9506,4,GF_00121
remove_MIT_S9506,4,GF_00122
remove_MIT_S9506,4,GF_00123
remove_MIT_S9506,4,GF_00124
remove_MIT_S9506,4,GF_00125
remove_MIT_S9506,4,GF_00136
remove_MIT_S9506,4,GF_00137
remove_MIT_S9506,4,GF_00138
remove_MIT_S9506,4,GF_00139
remove_MIT_S9506,4,GF_00141
remove_MIT_S9506,4,GF_00142
remove_MIT_S9506,4,GF_00143
remove_MIT_S9506,4,GF_00155
remove_MIT_S9506,4,GF_00164
remove_MIT_S9506,4,GF_00170
remove_MIT_S9506,4,GF_00175
remove_MIT_S9506,4,GF_00178
remove_MIT_S9506,4,GF_00179
remove_MIT_S9506,4,GF_00180
remove_MIT_S9506,4,GF_00181
remove_MIT_S9506,4,GF_00185
remove_MIT_S9506,4,GF_00208
remove_MIT_S9506,4,GF_00220
remove_MIT_S9506,4,GF_00228
remove_MIT_S9506,4,GF_00229
remove_MIT_S9506,4,GF_00235
remove_MIT_S9506,4,GF_00244
remove_MIT_S9506,4,GF_00250
remove_MIT_S9506,4,GF_00251
remove_MIT_S9506,4,GF_00262
remove_MIT_S9506,4,GF_00281
remove_MIT_S9506,4,GF_00290
remove_MIT_S9506,4,GF_00296
remove_MIT_S9506,4,GF_00300
remove_MIT_S9506,4,GF_00302
remove_MIT_S9506,4,GF_00303
remove_MIT_S9506,4,GF_00305
remove_MIT_S9506,4,GF_00309
remove_MIT_S9506,4,GF_00311
remove_MIT_S9506,4,GF_00312
remove_MIT_S9506,4,GF_00313
remove_MIT_S9506,4,GF_00314
remove_MIT_S9506,4,GF_00315
remove_MIT_S9506,4,GF_00316
remove_MIT_S9506,4,GF_00317
remove_MIT_S9506,4,GF_00318
remove_MIT_S9506,4,GF_00319
remove_MIT_S9506,4,GF_00320
remove_MIT_S9506,4,GF_00321
remove_MIT_S9506,4,GF_00323
remove_MIT_S9506,4,GF_00324
remove_MIT_S9506,4,GF_00325
remove_MIT_S9506,4,GF_00326
remove_MIT_S9506,4,GF_00327
remove_MIT_S9506,4,GF_00329
remove_MIT_S9506,4,GF_00330
remove_MIT_S9506,4,GF_00331
remove_MIT_S9506,4,GF_00332
remove_MIT_S9506,4,GF_00333
remove_MIT_S9506,4,GF_00335
remove_MIT_S9506,4,GF_00336
remove_MIT_S9506,4,GF_00338
remove_MIT_S9506,4,GF_00339
remove_MIT_S9506,4,GF_00340
remove_MIT_S9506,4,GF_00341
remove_MIT_S9506,4,GF_00342
remove_MIT_S9506,4,GF_00343
remove_MIT_S9506,4,GF_00344
remove_MIT_S9506,4,GF_00346
remove_MIT_S9506,4,GF_00347
remove_MIT_S9506,4,GF_00348
remove_MIT_S9506,4,GF_00349
remove_MIT_S9506,4,GF_00350
remove_MIT_S9506,4,GF_00352
remove_MIT_S9506,4,GF_00353
remove_MIT_S9506,4,GF_00355
remove_MIT_S9506,4,GF_00358
remove_MIT_S9506,4,GF_00359
remove_MIT_S9506,4,GF_00360
remove_MIT_S9506,4,GF_00362
remove_MIT_S9506,4,GF_00363
remove_MIT_S9506,4,GF_00364
remove_MIT_S9506,4,GF_00365
remove_MIT_S9506,4,GF_00369
remove_MIT_S9506,4,GF_00378
remove_MIT_S9506,4,GF_00381
remove_MIT_S9506,4,GF_00384
remove_MIT_S9506,4,GF_00385
remove_MIT_S9506,4,GF_00386
remove_MIT_S9506,4,GF_00387
remove_MIT_S9506,4,GF_00388
remove_MIT_S9506,4,GF_00389
remove_MIT_S9506,4,GF_00390
remove_MIT_S9506,4,GF_00391
remove_MIT_S9506,4,GF_00393
remove_MIT_S9506,4,GF_00394
remove_MIT_S9506,4,GF_00395
remove_MIT_S9506,4,GF_00396
remove_MIT_S9506,4,GF_00400
remove_MIT_S9506,4,GF_00401
remove_MIT_S9506,4,GF_00402
remove_MIT_S9506,4,GF_00403
remove_MIT_S9506,4,GF_00404
remove_MIT_S9506,4,GF_00405
remove_MIT_S9506,4,GF_00406
remove_MIT_S9506,4,GF_00407
remove_MIT_S9506,4,GF_00408
remove_MIT_S9506,4,GF_00409
remove_MIT_S9506,4,GF_00410
remove_MIT_S9506,4,GF_00413
remove_MIT_S9506,4,GF_00414
remove_MIT_S9506,4,GF_00415
remove_MIT_S9506,4,GF_00417
remove_MIT_S9506,4,GF_00418
remove_MIT_S9506,4,GF_00419
remove_MIT_S9506,4,GF_00421
remove_MIT_S9506,4,GF_00422
remove_MIT_S9506,4,GF_00424
remove_MIT_S9506,4,GF_00426
remove_MIT_S9506,4,GF_00427
remove_MIT_S9506,4,GF_00428
remove_MIT_S9506,4,GF_00429
remove_MIT_S9506,4,GF_00430
remove_MIT_S9506,4,GF_00431
remove_MIT_S9506,4,GF_00432
remove_MIT_S9506,4,GF_00433
remove_MIT_S9506,4,GF_00434
remove_MIT_S9506,4,GF_00435
remove_MIT_S9506,4,GF_00436
remove_MIT_S9506,4,GF_00437
remove_MIT_S9506,4,GF_00438
remove_MIT_S9506,4,GF_00440
remove_MIT_S9506,4,GF_00441
remove_MIT_S9506,4,GF_00455
remove_MIT_S9506,4,GF_00456
remove_MIT_S9506,4,GF_00457
remove_MIT_S9506,4,GF_00458
remove_MIT_S9506,4,GF_00460
remove_MIT_S9506,4,GF_00471
remove_MIT_S9506,4,GF_00472
remove_MIT_S9506,4,GF_00477
remove_MIT_S9506,4,GF_00480
remove_MIT_S9506,4,GF_00482
remove_MIT_S9506,4,GF_00488
remove_MIT_S9506,4,GF_00489
remove_MIT_S9506,4,GF_00491
remove_MIT_S9506,4,GF_00503
remove_MIT_S9506,4,GF_00522
remove_MIT_S9506,4,GF_00523
remove_MIT_S9506,4,GF_00524
remove_MIT_S9506,4,GF_00525
remove_MIT_S9506,4,GF_00527
remove_MIT_S9506,4,GF_00528
remove_MIT_S9506,4,GF_00529
remove_MIT_S9506,4,GF_00530
remove_MIT_S9506,4,GF_00531
remove_MIT_S9506,4,GF_00536
remove_MIT_S9506,4,GF_00538
remove_MIT_S9506,4,GF_00546
remove_MIT_S9506,4,GF_00547
remove_MIT_S9506,4,GF_00548
remove_MIT_S9506,4,GF_00549
remove_MIT_S9506,4,GF_00564
remove_MIT_S9506,4,GF_00565
remove_MIT_S9506,4,GF_00566
remove_MIT_S9506,4,GF_00569
remove_MIT_S9506,4,GF_00570
remove_MIT_S9506,4,GF_00572
remove_MIT_S9506,4,GF_00574
remove_MIT_S9506,4,GF_00578
remove_MIT_S9506,4,GF_00580
remove_MIT_S9506,4,GF_00588
remove_MIT_S9506,4,GF_00593
remove_MIT_S9506,4,GF_00594
remove_MIT_S9506,4,GF_00595
remove_MIT_S9506,4,GF_00599
remove_MIT_S9506,4,GF_00600
remove_MIT_S9506,4,GF_00601
remove_MIT_S9506,4,GF_00602
remove_MIT_S9506,4,GF_00603
remove_MIT_S9506,4,GF_00604
remove_MIT_S9506,4,GF_00605
remove_MIT_S9506,4,GF_00606
remove_MIT_S9506,4,GF_00607
remove_MIT_S9506,4,GF_00608
remove_MIT_S9506,4,GF_00609
remove_MIT_S9506,4,GF_00611
remove_MIT_S9506,4,GF_00612
remove_MIT_S9506,4,GF_00613
remove_MIT_S9506,4,GF_00614
remove_MIT_S9506,4,GF_00615
remove_MIT_S9506,4,GF_00616
remove_MIT_S9506,4,GF_00617
remove_MIT_S9506,4,GF_00618
remove_MIT_S9506,4,GF_00619
remove_MIT_S9506,4,GF_00620
remove_MIT_S9506,4,GF_00621
remove_MIT_S9506,4,GF_00622
remove_MIT_S9506,4,GF_00623
remove_MIT_S9506,4,GF_00624
remove_MIT_S9506,4,GF_00632
remove_MIT_S9506,4,GF_00633
remove_MIT_S9506,4,GF_00634
remove_MIT_S9506,4,GF_00635
remove_MIT_S9506,4,GF_00636
remove_MIT_S9506,4,GF_00637
remove_MIT_S9506,4,GF_00638
remove_MIT_S9506,4,GF_00640
remove_MIT_S9506,4,GF_00641
remove_MIT_S9506,4,GF_00642
remove_MIT_S9506,4,GF_00643
remove_MIT_S9506,4,GF_00655
remove_MIT_S9506,4,GF_00658
remove_MIT_S9506,4,GF_00659
remove_MIT_S9506,4,GF_00661
remove_MIT_S9506,4,GF_00669
remove_MIT_S9506,4,GF_00676
remove_MIT_S9506,4,GF_00681
remove_MIT_S9506,4,GF_00682
remove_MIT_S9506,4,GF_00683
remove_MIT_S9506,4,GF_00684
remove_MIT_S9506,4,GF_00687
remove_MIT_S9506,4,GF_00688
remove_MIT_S9506,4,GF_00695
remove_MIT_S9506,4,GF_00699
remove_MIT_S9506,4,GF_00702
remove_MIT_S9506,4,GF_00709
remove_MIT_S9506,4,GF_00722
remove_MIT_S9506,4,GF_00723
remove_MIT_S9506,4,GF_00724
remove_MIT_S9506,4,GF_00725
remove_MIT_S9506,4,GF_00726
remove_MIT_S9506,4,GF_00727
remove_MIT_S9506,4,GF_00728
remove_MIT_S9506,4,GF_00729
remove_MIT_S9506,4,GF_00732
remove_MIT_S9506,4,GF_00736
remove_MIT_S9506,4,GF_00740
remove_MIT_S9506,4,GF_00741
remove_MIT_S9506,4,GF_00744
remove_MIT_S9506,4,GF_00751
remove_MIT_S9506,4,GF_00755
remove_MIT_S9506,4,GF_00756
remove_MIT_S9506,4,GF_00761
remove_MIT_S9506,4,GF_00771
remove_MIT_S9506,4,GF_00773
remove_MIT_S9506,4,GF_00776
remove_MIT_S9506,4,GF_00777
remove_MIT_S9506,4,GF_00785
remove_MIT_S9506,4,GF_00796
remove_MIT_S9506,4,GF_00810
remove_MIT_S9506,4,GF_00811
remove_MIT_S9506,4,GF_00813
remove_MIT_S9506,4,GF_00814
remove_MIT_S9506,4,GF_00816
remove_MIT_S9506,4,GF_00819
remove_MIT_S9506,4,GF_00828
remove_MIT_S9506,4,GF_00843
remove_MIT_S9506,4,GF_00845
remove_MIT_S9506,4,GF_00856
remove_MIT_S9506,4,GF_00857
remove_MIT_S9506,4,GF_00860
remove_MIT_S9506,4,GF_00864
remove_MIT_S9506,4,GF_00866
remove_MIT_S9506,4,GF_00867
remove_MIT_S9506,4,GF_00868
remove_MIT_S9506,4,GF_00869
remove_MIT_S9506,4,GF_00870
remove_MIT_S9506,4,GF_00872
remove_MIT_S9506,4,GF_00873
remove_MIT_S9506,4,GF_00874
remove_MIT_S9506,4,GF_00887
remove_MIT_S9506,4,GF_00888
remove_MIT_S9506,4,GF_00895
remove_MIT_S9506,4,GF_00916
remove_MIT_S9506,4,GF_00927
remove_MIT_S9506,4,GF_00931
remove_MIT_S9506,4,GF_00932
remove_MIT_S9506,4,GF_00933
remove_MIT_S9506,4,GF_00946
remove_MIT_S9506,4,GF_00947
remove_MIT_S9506,4,GF_00949
remove_MIT_S9506,4,GF_00957
remove_MIT_S9506,4,GF_00958
remove_MIT_S9506,4,GF_00959
remove_MIT_S9506,4,GF_00960
remove_MIT_S9506,4,GF_00966
remove_MIT_S9506,4,GF_00968
remove_MIT_S9506,4,GF_00969
remove_MIT_S9506,4,GF_00970
remove_MIT_S9506,4,GF_00971
remove_MIT_S9506,4,GF_00972
remove_MIT_S9506,4,GF_00982
remove_MIT_S9506,4,GF_01004
remove_MIT_S9506,4,GF_01005
remove_MIT_S9506,4,GF_01012
remove_MIT_S9506,4,GF_01026
remove_MIT_S9506,4,GF_01027
remove_MIT_S9506,4,GF_01028
remove_MIT_S9506,4,GF_01054
remove_MIT_S9506,4,GF_01147
remove_MIT_S9506,4,GF_01230
remove_MIT_S9506,4,GF_01231
remove_MIT_S9506,4,GF_01232
remove_MIT_S9506,4,GF_01233
remove_MIT_S9506,4,GF_01234
remove_MIT_S9506,4,GF_01235
remove_MIT_S9506,4,GF_01236
remove_MIT_S9506,4,GF_01237
remove_MIT_S9506,4,GF_01238
remove_MIT_S9506,4,GF_01239
remove_MIT_S9506,4,GF_01240
remove_MIT_S9506,4,GF_01241
remove_MIT_S9506,4,GF_01242
remove_MIT_S9506,4,GF_01243
remove_MIT_S9506,4,GF_01244
remove_MIT_S9506,4,GF_01245
remove_MIT_S9506,4,GF_01246
remove_MIT_S9506,4,GF_01247
remove_MIT_S9506,4,GF_01248
remove_MIT_S9506,4,GF_01253
remove_MIT_S9506,4,GF_01266
remove_MIT_S9506,4,GF_01279
remove_MIT_S9506,4,GF_01282
remove_MIT_S9506,4,GF_01287
remove_MIT_S9506,4,GF_01290
remove_MIT_S9506,4,GF_01291
remove_MIT_S9506,4,GF_01292
remove_MIT_S9506,4,GF_01293
remove_MIT_S9506,4,GF_01297
remove_MIT_S9506,4,GF_01306
remove_MIT_S9506,4,GF_01314
remove_MIT_S9506,4,GF_01315
remove_MIT_S9506,4,GF_01328
remove_MIT_S9506,4,GF_01329
remove_MIT_S9506,4,GF_01330
remove_MIT_S9506,4,GF_01331
remove_MIT_S9506,4,GF_01332
remove_MIT_S9506,4,GF_01333
remove_MIT_S9506,4,GF_01334
remove_MIT_S9506,4,GF_01336
remove_MIT_S9506,4,GF_01337
remove_MIT_S9506,4,GF_01338
remove_MIT_S9506,4,GF_01357
remove_MIT_S9506,4,GF_01359
remove_MIT_S9506,4,GF_01365
remove_MIT_S9506,4,GF_01372
remove_MIT_S9506,4,GF_01373
remove_MIT_S9506,4,GF_01374
remove_MIT_S9506,4,GF_01375
remove_MIT_S9506,4,GF_01376
remove_MIT_S9506,4,GF_01377
remove_MIT_S9506,4,GF_01378
remove_MIT_S9506,4,GF_01379
remove_MIT_S9506,4,GF_01380
remove_MIT_S9506,4,GF_01381
remove_MIT_S9506,4,GF_01382
remove_MIT_S9506,4,GF_01383
remove_MIT_S9506,4,GF_01384
remove_MIT_S9506,4,GF_01385
remove_MIT_S9506,4,GF_01386
remove_MIT_S9506,4,GF_01387
remove_MIT_S9506,4,GF_01390
remove_MIT_S9506,4,GF_01391
remove_MIT_S9506,4,GF_01393
remove_MIT_S9506,4,GF_01394
remove_MIT_S9506,4,GF_01395
remove_MIT_S9506,4,GF_01396
remove_MIT_S9506,4,GF_01397
remove_MIT_S9506,4,GF_01399
remove_MIT_S9506,4,GF_01400
remove_MIT_S9506,4,GF_01401
remove_MIT_S9506,4,GF_01404
remove_MIT_S9506,4,GF_01409
remove_MIT_S9506,4,GF_01425
remove_MIT_S9506,4,GF_01426
remove_MIT_S9506,4,GF_01428
remove_MIT_S9506,4,GF_01439
remove_MIT_S9506,4,GF_01445
remove_MIT_S9506,4,GF_01446
remove_MIT_S9506,4,GF_01447
remove_MIT_S9506,4,GF_01448
remove_MIT_S9506,4,GF_01449
remove_MIT_S9506,4,GF_01456
remove_MIT_S9506,4,GF_01458
remove_MIT_S9506,4,GF_01460
remove_MIT_S9506,4,GF_01461
remove_MIT_S9506,4,GF_01462
remove_MIT_S9506,4,GF_01464
remove_MIT_S9506,4,GF_01466
remove_MIT_S9506,4,GF_01476
remove_MIT_S9506,4,GF_01477
remove_MIT_S9506,4,GF_01479
remove_MIT_S9506,4,GF_01480
remove_MIT_S9506,4,GF_01481
remove_MIT_S9506,4,GF_01487
remove_MIT_S9506,4,GF_01497
remove_MIT_S9506,4,GF_01502
remove_MIT_S9506,4,GF_01504
remove_MIT_S9506,4,GF_01512
remove_MIT_S9506,4,GF_01514
remove_MIT_S9506,4,GF_01527
remove_MIT_S9506,4,GF_01534
remove_MIT_S9506,4,GF_01535
remove_MIT_S9506,4,GF_01536
remove_MIT_S9506,4,GF_01537
remove_MIT_S9506,4,GF_01538
remove_MIT_S9506,4,GF_01539
remove_MIT_S9506,4,GF_01540
remove_MIT_S9506,4,GF_01541
remove_MIT_S9506,4,GF_01542
remove_MIT_S9506,4,GF_01543
remove_MIT_S9506,4,GF_01544
remove_MIT_S9506,4,GF_01547
remove_MIT_S9506,4,GF_01549
remove_MIT_S9506,4,GF_01550
remove_MIT_S9506,4,GF_01552
remove_MIT_S9506,4,GF_01553
remove_MIT_S9506,4,GF_01579
remove_MIT_S9506,4,GF_01580
remove_MIT_S9506,4,GF_01583
remove_MIT_S9506,4,GF_01584
remove_MIT_S9506,4,GF_01591
remove_MIT_S9506,4,GF_01592
remove_MIT_S9506,4,GF_01616
remove_MIT_S9506,4,GF_01617
remove_MIT_S9506,4,GF_01618
remove_MIT_S9506,4,GF_01619
remove_MIT_S9506,4,GF_01620
remove_MIT_S9506,4,GF_01621
remove_MIT_S9506,4,GF_01623
remove_MIT_S9506,4,GF_01626
remove_MIT_S9506,4,GF_01627
remove_MIT_S9506,4,GF_01628
remove_MIT_S9506,4,GF_01629
remove_MIT_S9506,4,GF_01633
remove_MIT_S9506,4,GF_01634
remove_MIT_S9506,4,GF_01635
remove_MIT_S9506,4,GF_01636
remove_MIT_S9506,4,GF_01637
remove_MIT_S9506,4,GF_01638
remove_MIT_S9506,4,GF_01639
remove_MIT_S9506,4,GF_01641
remove_MIT_S9506,4,GF_01643
remove_MIT_S9506,4,GF_01645
remove_MIT_S9506,4,GF_01648
remove_MIT_S9506,4,GF_01659
remove_MIT_S9506,4,GF_01661
remove_MIT_S9506,4,GF_01672
remove_MIT_S9506,4,GF_01673
remove_MIT_S9506,4,GF_01674
remove_MIT_S9506,4,GF_01675
remove_MIT_S9506,4,GF_01676
remove_MIT_S9506,4,GF_01677
remove_MIT_S9506,4,GF_01678
remove_MIT_S9506,4,GF_01679
remove_MIT_S9506,4,GF_01680
remove_MIT_S9506,4,GF_01681
remove_MIT_S9506,4,GF_01683
remove_MIT_S9506,4,GF_01684
remove_MIT_S9506,4,GF_01685
remove_MIT_S9506,4,GF_01688
remove_MIT_S9506,4,GF_01689
remove_MIT_S9506,4,GF_01690
remove_MIT_S9506,4,GF_01691
remove_MIT_S9506,4,GF_01692
remove_MIT_S9506,4,GF_01693
remove_MIT_S9506,4,GF_01732
remove_MIT_S9506,4,GF_01733
remove_MIT_S9506,4,GF_01734
remove_MIT_S9506,4,GF_01735
remove_MIT_S9506,4,GF_01736
remove_MIT_S9506,4,GF_01740
remove_MIT_S9506,4,GF_01741
remove_MIT_S9506,4,GF_01742
remove_MIT_S9506,4,GF_01763
remove_MIT_S9506,4,GF_01764
remove_MIT_S9506,4,GF_01770
remove_MIT_S9506,4,GF_01783
remove_MIT_S9506,4,GF_01797
remove_MIT_S9506,4,GF_01798
remove_MIT_S9506,4,GF_01799
remove_MIT_S9506,4,GF_01801
remove_MIT_S9506,4,GF_01802
remove_MIT_S9506,4,GF_01803
remove_MIT_S9506,4,GF_01805
remove_MIT_S9506,4,GF_01806
remove_MIT_S9506,4,GF_01807
remove_MIT_S9506,4,GF_01808
remove_MIT_S9506,4,GF_01809
remove_MIT_S9506,4,GF_01810
remove_MIT_S9506,4,GF_01811
remove_MIT_S9506,4,GF_01812
remove_MIT_S9506,4,GF_01813
remove_MIT_S9506,4,GF_01814
remove_MIT_S9506,4,GF_01815
remove_MIT_S9506,4,GF_01816
remove_MIT_S9506,4,GF_01817
remove_MIT_S9506,4,GF_01818
remove_MIT_S9506,4,GF_01819
remove_MIT_S9506,4,GF_01822
remove_MIT_S9506,4,GF_01823
remove_MIT_S9506,4,GF_01834
remove_MIT_S9506,4,GF_01836
remove_MIT_S9506,4,GF_01837
remove_MIT_S9506,4,GF_01840
remove_MIT_S9506,4,GF_01841
remove_MIT_S9506,4,GF_01842
remove_MIT_S9506,4,GF_01844
remove_MIT_S9506,4,GF_01856
remove_MIT_S9506,4,GF_01860
remove_MIT_S9506,4,GF_01866
remove_MIT_S9506,4,GF_01870
remove_MIT_S9506,4,GF_01872
remove_MIT_S9506,4,GF_01874
remove_MIT_S9506,4,GF_01885
remove_MIT_S9506,4,GF_01897
remove_MIT_S9506,4,GF_01898
remove_MIT_S9506,4,GF_01899
remove_MIT_S9506,4,GF_01900
remove_MIT_S9506,4,GF_01901
remove_MIT_S9506,4,GF_01902
remove_MIT_S9506,4,GF_01904
remove_MIT_S9506,4,GF_01919
remove_MIT_S9506,4,GF_01921
remove_MIT_S9506,4,GF_01925
remove_MIT_S9506,4,GF_01926
remove_MIT_S9506,4,GF_01927
remove_MIT_S9506,4,GF_01928
remove_MIT_S9506,4,GF_01929
remove_MIT_S9506,4,GF_01930
remove_MIT_S9506,4,GF_01945
remove_MIT_S9506,4,GF_02041
remove_MIT_S9506,4,GF_02059
remove_MIT_S9506,4,GF_02060
remove_MIT_S9506,4,GF_02069
remove_MIT_S9506,4,GF_02070
remove_MIT_S9506,4,GF_02071
remove_MIT_S9506,4,GF_02072
remove_MIT_S9506,4,GF_02073
remove_MIT_S9506,4,GF_02074
remove_MIT_S9506,4,GF_02075
remove_MIT_S9506,4,GF_02076
remove_MIT_S9506,4,GF_02081
remove_MIT_S9506,4,GF_02084
remove_MIT_S9506,4,GF_02085
remove_MIT_S9506,4,GF_02088
remove_MIT_S9506,4,GF_02089
remove_MIT_S9506,4,GF_02091
remove_MIT_S9506,4,GF_02092
remove_MIT_S9506,4,GF_02093
remove_MIT_S9506,4,GF_02094
remove_MIT_S9506,4,GF_02101
remove_MIT_S9506,4,GF_02109
remove_MIT_S9506,4,GF_02110
remove_MIT_S9506,4,GF_02122
remove_MIT_S9506,4,GF_02130
remove_MIT_S9506,4,GF_02131
remove_MIT_S9506,4,GF_02132
remove_MIT_S9506,4,GF_02136
remove_MIT_S9506,4,GF_02137
remove_MIT_S9506,4,GF_02138
remove_MIT_S9506,4,GF_02139
remove_MIT_S9506,4,GF_02140
remove_MIT_S9506,4,GF_02142
remove_MIT_S9506,4,GF_02143
remove_MIT_S9506,4,GF_02145
remove_MIT_S9506,4,GF_02152
remove_MIT_S9506,4,GF_02157
remove_MIT_S9506,4,GF_02158
remove_MIT_S9506,4,GF_02159
remove_MIT_S9506,4,GF_02168
remove_MIT_S9506,4,GF_02172
remove_MIT_S9506,4,GF_02178
remove_MIT_S9506,4,GF_02180
remove_MIT_S9506,4,GF_02184
remove_MIT_S9506,4,GF_02192
remove_MIT_S9506,4,GF_02194
remove_MIT_S9506,4,GF_02215
remove_MIT_S9506,4,GF_02216
remove_MIT_S9506,4,GF_02217
remove_MIT_S9506,4,GF_02218
remove_MIT_S9506,4,GF_02219
remove_MIT_S9506,4,GF_02220
remove_MIT_S9506,4,GF_02222
remove_MIT_S9506,4,GF_02223
remove_MIT_S9506,4,GF_02224
remove_MIT_S9506,4,GF_02225
remove_MIT_S9506,4,GF_02226
remove_MIT_S9506,4,GF_02227
remove_MIT_S9506,4,GF_02228
remove_MIT_S9506,4,GF_02229
remove_MIT_S9506,4,GF_02230
remove_MIT_S9506,4,GF_02239
remove_MIT_S9506,4,GF_02260
remove_MIT_S9506,4,GF_02261
remove_MIT_S9506,4,GF_02262
remove_MIT_S9506,4,GF_02263
remove_MIT_S9506,4,GF_02264
remove_MIT_S9506,4,GF_02266
remove_MIT_S9506,5,GF_00002
remove_MIT_S9506,5,GF_00008
remove_MIT_S9506,5,GF_00011
remove_MIT_S9506,5,GF_00012
remove_MIT_S9506,5,GF_00013
remove_MIT_S9506,5,GF_00014
remove_MIT_S9506,5,GF_00015
remove_MIT_S9506,5,GF_00016
remove_MIT_S9506,5,GF_00017
remove_MIT_S9506,5,GF_00018
remove_MIT_S9506,5,GF_00036
remove_MIT_S9506,5,GF_00043
remove_MIT_S9506,5,GF_00044
remove_MIT_S9506,5,GF_00046
remove_MIT_S9506,5,GF_00047
remove_MIT_S9506,5,GF_00048
remove_MIT_S9506,5,GF_00051
remove_MIT_S9506,5,GF_00052
remove_MIT_S9506,5,GF_00071
remove_MIT_S9506,5,GF_00072
remove_MIT_S9506,5,GF_00073
remove_MIT_S9506,5,GF_00074
remove_MIT_S9506,5,GF_00075
remove_MIT_S9506,5,GF_00076
remove_MIT_S9506,5,GF_00077
remove_MIT_S9506,5,GF_00078
remove_MIT_S9506,5,GF_00079
remove_MIT_S9506,5,GF_00080
remove_MIT_S9506,5,GF_00081
remove_MIT_S9506,5,GF_00082
remove_MIT_S9506,5,GF_00083
remove_MIT_S9506,5,GF_00084
remove_MIT_S9506,5,GF_00085
remove_MIT_S9506,5,GF_00087
remove_MIT_S9506,5,GF_00088
remove_MIT_S9506,5,GF_00093
remove_MIT_S9506,5,GF_00094
remove_MIT_S9506,5,GF_00104
remove_MIT_S9506,5,GF_00105
remove_MIT_S9506,5,GF_00106
remove_MIT_S9506,5,GF_00107
remove_MIT_S9506,5,GF_00108
remove_MIT_S9506,5,GF_00109
remove_MIT_S9506,5,GF_00110
remove_MIT_S9506,5,GF_00111
remove_MIT_S9506,5,GF_00112
remove_MIT_S9506,5,GF_00113
remove_MIT_S9506,5,GF_00114
remove_MIT_S9506,5,GF_00115
remove_MIT_S9506,5,GF_00116
remove_MIT_S9506,5,GF_00117
remove_MIT_S9506,5,GF_00119
remove_MIT_S9506,5,GF_00120
remove_MIT_S9506,5,GF_00121
remove_MIT_S9506,5,GF_00122
remove_MIT_S9506,5,GF_00123
remove_MIT_S9506,5,GF_00124
remove_MIT_S9506,5,GF_00125
remove_MIT_S9506,5,GF_00136
remove_MIT_S9506,5,GF_00137
remove_MIT_S9506,5,GF_00138
remove_MIT_S9506,5,GF_00139
remove_MIT_S9506,5,GF_00141
remove_MIT_S9506,5,GF_00142
remove_MIT_S9506,5,GF_00143
remove_MIT_S9506,5,GF_00155
remove_MIT_S9506,5,GF_00164
remove_MIT_S9506,5,GF_00170
remove_MIT_S9506,5,GF_00175
remove_MIT_S9506,5,GF_00178
remove_MIT_S9506,5,GF_00179
remove_MIT_S9506,5,GF_00180
remove_MIT_S9506,5,GF_00181
remove_MIT_S9506,5,GF_00185
remove_MIT_S9506,5,GF_00208
remove_MIT_S9506,5,GF_00220
remove_MIT_S9506,5,GF_00228
remove_MIT_S9506,5,GF_00229
remove_MIT_S9506,5,GF_00235
remove_MIT_S9506,5,GF_00244
remove_MIT_S9506,5,GF_00251
remove_MIT_S9506,5,GF_00262
remove_MIT_S9506,5,GF_00281
remove_MIT_S9506,5,GF_00290
remove_MIT_S9506,5,GF_00296
remove_MIT_S9506,5,GF_00300
remove_MIT_S9506,5,GF_00302
remove_MIT_S9506,5,GF_00303
remove_MIT_S9506,5,GF_00305
remove_MIT_S9506,5,GF_00309
remove_MIT_S9506,5,GF_00310
remove_MIT_S9506,5,GF_00311
remove_MIT_S9506,5,GF_00312
remove_MIT_S9506,5,GF_00313
remove_MIT_S9506,5,GF_00314
remove_MIT_S9506,5,GF_00315
remove_MIT_S9506,5,GF_00316
remove_MIT_S9506,5,GF_00317
remove_MIT_S9506,5,GF_00318
remove_MIT_S9506,5,GF_00319
remove_MIT_S9506,5,GF_00320
remove_MIT_S9506,5,GF_00321
remove_MIT_S9506,5,GF_00322
remove_MIT_S9506,5,GF_00323
remove_MIT_S9506,5,GF_00324
remove_MIT_S9506,5,GF_00325
remove_MIT_S9506,5,GF_00326
remove_MIT_S9506,5,GF_00327
remove_MIT_S9506,5,GF_00329
remove_MIT_S9506,5,GF_00330
remove_MIT_S9506,5,GF_00331
remove_MIT_S9506,5,GF_00332
remove_MIT_S9506,5,GF_00333
remove_MIT_S9506,5,GF_00335
remove_MIT_S9506,5,GF_00336
remove_MIT_S9506,5,GF_00337
remove_MIT_S9506,5,GF_00338
remove_MIT_S9506,5,GF_00339
remove_MIT_S9506,5,GF_00340
remove_MIT_S9506,5,GF_00341
remove_MIT_S9506,5,GF_00342
remove_MIT_S9506,5,GF_00343
remove_MIT_S9506,5,GF_00344
remove_MIT_S9506,5,GF_00346
remove_MIT_S9506,5,GF_00347
remove_MIT_S9506,5,GF_00348
remove_MIT_S9506,5,GF_00349
remove_MIT_S9506,5,GF_00350
remove_MIT_S9506,5,GF_00351
remove_MIT_S9506,5,GF_00352
remove_MIT_S9506,5,GF_00353
remove_MIT_S9506,5,GF_00355
remove_MIT_S9506,5,GF_00358
remove_MIT_S9506,5,GF_00360
remove_MIT_S9506,5,GF_00362
remove_MIT_S9506,5,GF_00363
remove_MIT_S9506,5,GF_00364
remove_MIT_S9506,5,GF_00365
remove_MIT_S9506,5,GF_00369
remove_MIT_S9506,5,GF_00381
remove_MIT_S9506,5,GF_00384
remove_MIT_S9506,5,GF_00385
remove_MIT_S9506,5,GF_00386
remove_MIT_S9506,5,GF_00387
remove_MIT_S9506,5,GF_00388
remove_MIT_S9506,5,GF_00389
remove_MIT_S9506,5,GF_00390
remove_MIT_S9506,5,GF_00391
remove_MIT_S9506,5,GF_00393
remove_MIT_S9506,5,GF_00394
remove_MIT_S9506,5,GF_00395
remove_MIT_S9506,5,GF_00396
remove_MIT_S9506,5,GF_00400
remove_MIT_S9506,5,GF_00401
remove_MIT_S9506,5,GF_00402
remove_MIT_S9506,5,GF_00403
remove_MIT_S9506,5,GF_00404
remove_MIT_S9506,5,GF_00405
remove_MIT_S9506,5,GF_00406
remove_MIT_S9506,5,GF_00407
remove_MIT_S9506,5,GF_00408
remove_MIT_S9506,5,GF_00409
remove_MIT_S9506,5,GF_00410
remove_MIT_S9506,5,GF_00413
remove_MIT_S9506,5,GF_00414
remove_MIT_S9506,5,GF_00415
remove_MIT_S9506,5,GF_00417
remove_MIT_S9506,5,GF_00418
remove_MIT_S9506,5,GF_00421
remove_MIT_S9506,5,GF_00422
remove_MIT_S9506,5,GF_00424
remove_MIT_S9506,5,GF_00426
remove_MIT_S9506,5,GF_00427
remove_MIT_S9506,5,GF_00428
remove_MIT_S9506,5,GF_00429
remove_MIT_S9506,5,GF_00430
remove_MIT_S9506,5,GF_00431
remove_MIT_S9506,5,GF_00432
remove_MIT_S9506,5,GF_00433
remove_MIT_S9506,5,GF_00434
remove_MIT_S9506,5,GF_00435
remove_MIT_S9506,5,GF_00436
remove_MIT_S9506,5,GF_00437
remove_MIT_S9506,5,GF_00438
remove_MIT_S9506,5,GF_00440
remove_MIT_S9506,5,GF_00441
remove_MIT_S9506,5,GF_00455
remove_MIT_S9506,5,GF_00456
remove_MIT_S9506,5,GF_00457
remove_MIT_S9506,5,GF_00458
remove_MIT_S9506,5,GF_00459
remove_MIT_S9506,5,GF_00471
remove_MIT_S9506,5,GF_00480
remove_MIT_S9506,5,GF_00482
remove_MIT_S9506,5,GF_00488
remove_MIT_S9506,5,GF_00489
remove_MIT_S9506,5,GF_00503
remove_MIT_S9506,5,GF_00522
remove_MIT_S9506,5,GF_00523
remove_MIT_S9506,5,GF_00524
remove_MIT_S9506,5,GF_00525
remove_MIT_S9506,5,GF_00527
remove_MIT_S9506,5,GF_00528
remove_MIT_S9506,5,GF_00529
remove_MIT_S9506,5,GF_00530
remove_MIT_S9506,5,GF_00531
remove_MIT_S9506,5,GF_00536
remove_MIT_S9506,5,GF_00538
remove_MIT_S9506,5,GF_00546
remove_MIT_S9506,5,GF_00547
remove_MIT_S9506,5,GF_00548
remove_MIT_S9506,5,GF_00549
remove_MIT_S9506,5,GF_00564
remove_MIT_S9506,5,GF_00565
remove_MIT_S9506,5,GF_00566
remove_MIT_S9506,5,GF_00569
remove_MIT_S9506,5,GF_00570
remove_MIT_S9506,5,GF_00572
remove_MIT_S9506,5,GF_00574
remove_MIT_S9506,5,GF_00578
remove_MIT_S9506,5,GF_00580
remove_MIT_S9506,5,GF_00594
remove_MIT_S9506,5,GF_00595
remove_MIT_S9506,5,GF_00596
remove_MIT_S9506,5,GF_00599
remove_MIT_S9506,5,GF_00600
remove_MIT_S9506,5,GF_00601
remove_MIT_S9506,5,GF_00603
remove_MIT_S9506,5,GF_00604
remove_MIT_S9506,5,GF_00605
remove_MIT_S9506,5,GF_00606
remove_MIT_S9506,5,GF_00607
remove_MIT_S9506,5,GF_00608
remove_MIT_S9506,5,GF_00609
remove_MIT_S9506,5,GF_00610
remove_MIT_S9506,5,GF_00611
remove_MIT_S9506,5,GF_00612
remove_MIT_S9506,5,GF_00613
remove_MIT_S9506,5,GF_00614
remove_MIT_S9506,5,GF_00615
remove_MIT_S9506,5,GF_00616
remove_MIT_S9506,5,GF_00617
remove_MIT_S9506,5,GF_00618
remove_MIT_S9506,5,GF_00619
remove_MIT_S9506,5,GF_00620
remove_MIT_S9506,5,GF_00621
remove_MIT_S9506,5,GF_00622
remove_MIT_S9506,5,GF_00623
remove_MIT_S9506,5,GF_00624
remove_MIT_S9506,5,GF_00632
remove_MIT_S9506,5,GF_00633
remove_MIT_S9506,5,GF_00634
remove_MIT_S9506,5,GF_00635
remove_MIT_S9506,5,GF_00636
remove_MIT_S9506,5,GF_00637
remove_MIT_S9506,5,GF_00638
remove_MIT_S9506,5,GF_00640
remove_MIT_S9506,5,GF_00641
remove_MIT_S9506,5,GF_00642
remove_MIT_S9506,5,GF_00643
remove_MIT_S9506,5,GF_00655
remove_MIT_S9506,5,GF_00658
remove_MIT_S9506,5,GF_00659
remove_MIT_S9506,5,GF_00661
remove_MIT_S9506,5,GF_00669
remove_MIT_S9506,5,GF_00676
remove_MIT_S9506,5,GF_00680
remove_MIT_S9506,5,GF_00681
remove_MIT_S9506,5,GF_00682
remove_MIT_S9506,5,GF_00683
remove_MIT_S9506,5,GF_00684
remove_MIT_S9506,5,GF_00686
remove_MIT_S9506,5,GF_00688
remove_MIT_S9506,5,GF_00695
remove_MIT_S9506,5,GF_00699
remove_MIT_S9506,5,GF_00702
remove_MIT_S9506,5,GF_00709
remove_MIT_S9506,5,GF_00722
remove_MIT_S9506,5,GF_00723
remove_MIT_S9506,5,GF_00724
remove_MIT_S9506,5,GF_00725
remove_MIT_S9506,5,GF_00726
remove_MIT_S9506,5,GF_00727
remove_MIT_S9506,5,GF_00728
remove_MIT_S9506,5,GF_00729
remove_MIT_S9506,5,GF_00732
remove_MIT_S9506,5,GF_00736
remove_MIT_S9506,5,GF_00740
remove_MIT_S9506,5,GF_00741
remove_MIT_S9506,5,GF_00744
remove_MIT_S9506,5,GF_00751
remove_MIT_S9506,5,GF_00755
remove_MIT_S9506,5,GF_00756
remove_MIT_S9506,5,GF_00761
remove_MIT_S9506,5,GF_00771
remove_MIT_S9506,5,GF_00773
remove_MIT_S9506,5,GF_00776
remove_MIT_S9506,5,GF_00777
remove_MIT_S9506,5,GF_00785
remove_MIT_S9506,5,GF_00796
remove_MIT_S9506,5,GF_00810
remove_MIT_S9506,5,GF_00811
remove_MIT_S9506,5,GF_00813
remove_MIT_S9506,5,GF_00814
remove_MIT_S9506,5,GF_00815
remove_MIT_S9506,5,GF_00816
remove_MIT_S9506,5,GF_00819
remove_MIT_S9506,5,GF_00828
remove_MIT_S9506,5,GF_00845
remove_MIT_S9506,5,GF_00857
remove_MIT_S9506,5,GF_00864
remove_MIT_S9506,5,GF_00865
remove_MIT_S9506,5,GF_00866
remove_MIT_S9506,5,GF_00868
remove_MIT_S9506,5,GF_00869
remove_MIT_S9506,5,GF_00870
remove_MIT_S9506,5,GF_00871
remove_MIT_S9506,5,GF_00873
remove_MIT_S9506,5,GF_00874
remove_MIT_S9506,5,GF_00887
remove_MIT_S9506,5,GF_00888
remove_MIT_S9506,5,GF_00895
remove_MIT_S9506,5,GF_00916
remove_MIT_S9506,5,GF_00931
remove_MIT_S9506,5,GF_00932
remove_MIT_S9506,5,GF_00933
remove_MIT_S9506,5,GF_00946
remove_MIT_S9506,5,GF_00949
remove_MIT_S9506,5,GF_00957
remove_MIT_S9506,5,GF_00958
remove_MIT_S9506,5,GF_00959
remove_MIT_S9506,5,GF_00960
remove_MIT_S9506,5,GF_00963
remove_MIT_S9506,5,GF_00966
remove_MIT_S9506,5,GF_00967
remove_MIT_S9506,5,GF_00968
remove_MIT_S9506,5,GF_00969
remove_MIT_S9506,5,GF_00970
remove_MIT_S9506,5,GF_00971
remove_MIT_S9506,5,GF_00972
remove_MIT_S9506,5,GF_00982
remove_MIT_S9506,5,GF_01005
remove_MIT_S9506,5,GF_01012
remove_MIT_S9506,5,GF_01026
remove_MIT_S9506,5,GF_01027
remove_MIT_S9506,5,GF_01028
remove_MIT_S9506,5,GF_01054
remove_MIT_S9506,5,GF_01230
remove_MIT_S9506,5,GF_01231
remove_MIT_S9506,5,GF_01232
remove_MIT_S9506,5,GF_01233
remove_MIT_S9506,5,GF_01234
remove_MIT_S9506,5,GF_01235
remove_MIT_S9506,5,GF_01236
remove_MIT_S9506,5,GF_01237
remove_MIT_S9506,5,GF_01239
remove_MIT_S9506,5,GF_01240
remove_MIT_S9506,5,GF_01241
remove_MIT_S9506,5,GF_01242
remove_MIT_S9506,5,GF_01244
remove_MIT_S9506,5,GF_01245
remove_MIT_S9506,5,GF_01246
remove_MIT_S9506,5,GF_01247
remove_MIT_S9506,5,GF_01248
remove_MIT_S9506,5,GF_01266
remove_MIT_S9506,5,GF_01287
remove_MIT_S9506,5,GF_01290
remove_MIT_S9506,5,GF_01291
remove_MIT_S9506,5,GF_01292
remove_MIT_S9506,5,GF_01293
remove_MIT_S9506,5,GF_01297
remove_MIT_S9506,5,GF_01306
remove_MIT_S9506,5,GF_01314
remove_MIT_S9506,5,GF_01315
remove_MIT_S9506,5,GF_01327
remove_MIT_S9506,5,GF_01328
remove_MIT_S9506,5,GF_01329
remove_MIT_S9506,5,GF_01330
remove_MIT_S9506,5,GF_01331
remove_MIT_S9506,5,GF_01332
remove_MIT_S9506,5,GF_01333
remove_MIT_S9506,5,GF_01334
remove_MIT_S9506,5,GF_01335
remove_MIT_S9506,5,GF_01336
remove_MIT_S9506,5,GF_01337
remove_MIT_S9506,5,GF_01338
remove_MIT_S9506,5,GF_01372
remove_MIT_S9506,5,GF_01374
remove_MIT_S9506,5,GF_01375
remove_MIT_S9506,5,GF_01376
remove_MIT_S9506,5,GF_01377
remove_MIT_S9506,5,GF_01379
remove_MIT_S9506,5,GF_01381
remove_MIT_S9506,5,GF_01382
remove_MIT_S9506,5,GF_01383
remove_MIT_S9506,5,GF_01385
remove_MIT_S9506,5,GF_01387
remove_MIT_S9506,5,GF_01390
remove_MIT_S9506,5,GF_01391
remove_MIT_S9506,5,GF_01392
remove_MIT_S9506,5,GF_01393
remove_MIT_S9506,5,GF_01394
remove_MIT_S9506,5,GF_01395
remove_MIT_S9506,5,GF_01396
remove_MIT_S9506,5,GF_01397
remove_MIT_S9506,5,GF_01398
remove_MIT_S9506,5,GF_01399
remove_MIT_S9506,5,GF_01400
remove_MIT_S9506,5,GF_01401
remove_MIT_S9506,5,GF_01404
remove_MIT_S9506,5,GF_01409
remove_MIT_S9506,5,GF_01425
remove_MIT_S9506,5,GF_01426
remove_MIT_S9506,5,GF_01428
remove_MIT_S9506,5,GF_01439
remove_MIT_S9506,5,GF_01445
remove_MIT_S9506,5,GF_01446
remove_MIT_S9506,5,GF_01447
remove_MIT_S9506,5,GF_01448
remove_MIT_S9506,5,GF_01449
remove_MIT_S9506,5,GF_01456
remove_MIT_S9506,5,GF_01458
remove_MIT_S9506,5,GF_01460
remove_MIT_S9506,5,GF_01461
remove_MIT_S9506,5,GF_01462
remove_MIT_S9506,5,GF_01466
remove_MIT_S9506,5,GF_01476
remove_MIT_S9506,5,GF_01477
remove_MIT_S9506,5,GF_01479
remove_MIT_S9506,5,GF_01480
remove_MIT_S9506,5,GF_01481
remove_MIT_S9506,5,GF_01487
remove_MIT_S9506,5,GF_01502
remove_MIT_S9506,5,GF_01512
remove_MIT_S9506,5,GF_01514
remove_MIT_S9506,5,GF_01527
remove_MIT_S9506,5,GF_01533
remove_MIT_S9506,5,GF_01534
remove_MIT_S9506,5,GF_01536
remove_MIT_S9506,5,GF_01538
remove_MIT_S9506,5,GF_01539
remove_MIT_S9506,5,GF_01540
remove_MIT_S9506,5,GF_01541
remove_MIT_S9506,5,GF_01542
remove_MIT_S9506,5,GF_01544
remove_MIT_S9506,5,GF_01547
remove_MIT_S9506,5,GF_01549
remove_MIT_S9506,5,GF_01550
remove_MIT_S9506,5,GF_01552
remove_MIT_S9506,5,GF_01553
remove_MIT_S9506,5,GF_01579
remove_MIT_S9506,5,GF_01580
remove_MIT_S9506,5,GF_01583
remove_MIT_S9506,5,GF_01584
remove_MIT_S9506,5,GF_01591
remove_MIT_S9506,5,GF_01592
remove_MIT_S9506,5,GF_01616
remove_MIT_S9506,5,GF_01617
remove_MIT_S9506,5,GF_01618
remove_MIT_S9506,5,GF_01619
remove_MIT_S9506,5,GF_01620
remove_MIT_S9506,5,GF_01621
remove_MIT_S9506,5,GF_01622
remove_MIT_S9506,5,GF_01623
remove_MIT_S9506,5,GF_01625
remove_MIT_S9506,5,GF_01626
remove_MIT_S9506,5,GF_01627
remove_MIT_S9506,5,GF_01628
remove_MIT_S9506,5,GF_01629
remove_MIT_S9506,5,GF_01630
remove_MIT_S9506,5,GF_01634
remove_MIT_S9506,5,GF_01636
remove_MIT_S9506,5,GF_01637
remove_MIT_S9506,5,GF_01638
remove_MIT_S9506,5,GF_01639
remove_MIT_S9506,5,GF_01641
remove_MIT_S9506,5,GF_01648
remove_MIT_S9506,5,GF_01661
remove_MIT_S9506,5,GF_01673
remove_MIT_S9506,5,GF_01674
remove_MIT_S9506,5,GF_01675
remove_MIT_S9506,5,GF_01676
remove_MIT_S9506,5,GF_01677
remove_MIT_S9506,5,GF_01678
remove_MIT_S9506,5,GF_01679
remove_MIT_S9506,5,GF_01680
remove_MIT_S9506,5,GF_01681
remove_MIT_S9506,5,GF_01684
remove_MIT_S9506,5,GF_01685
remove_MIT_S9506,5,GF_01688
remove_MIT_S9506,5,GF_01689
remove_MIT_S9506,5,GF_01690
remove_MIT_S9506,5,GF_01691
remove_MIT_S9506,5,GF_01692
remove_MIT_S9506,5,GF_01693
remove_MIT_S9506,5,GF_01732
remove_MIT_S9506,5,GF_01733
remove_MIT_S9506,5,GF_01734
remove_MIT_S9506,5,GF_01735
remove_MIT_S9506,5,GF_01736
remove_MIT_S9506,5,GF_01737
remove_MIT_S9506,5,GF_01741
remove_MIT_S9506,5,GF_01742
remove_MIT_S9506,5,GF_01745
remove_MIT_S9506,5,GF_01763
remove_MIT_S9506,5,GF_01783
remove_MIT_S9506,5,GF_01798
remove_MIT_S9506,5,GF_01799
remove_MIT_S9506,5,GF_01801
remove_MIT_S9506,5,GF_01802
remove_MIT_S9506,5,GF_01803
remove_MIT_S9506,5,GF_01805
remove_MIT_S9506,5,GF_01806
remove_MIT_S9506,5,GF_01807
remove_MIT_S9506,5,GF_01808
remove_MIT_S9506,5,GF_01809
remove_MIT_S9506,5,GF_01810
remove_MIT_S9506,5,GF_01811
remove_MIT_S9506,5,GF_01812
remove_MIT_S9506,5,GF_01813
remove_MIT_S9506,5,GF_01814
remove_MIT_S9506,5,GF_01815
remove_MIT_S9506,5,GF_01816
remove_MIT_S9506,5,GF_01818
remove_MIT_S9506,5,GF_01819
remove_MIT_S9506,5,GF_01822
remove_MIT_S9506,5,GF_01823
remove_MIT_S9506,5,GF_01834
remove_MIT_S9506,5,GF_01836
remove_MIT_S9506,5,GF_01837
remove_MIT_S9506,5,GF_01840
remove_MIT_S9506,5,GF_01841
remove_MIT_S9506,5,GF_01842
remove_MIT_S9506,5,GF_01844
remove_MIT_S9506,5,GF_01856
remove_MIT_S9506,5,GF_01860
remove_MIT_S9506,5,GF_01866
remove_MIT_S9506,5,GF_01870
remove_MIT_S9506,5,GF_01885
remove_MIT_S9506,5,GF_01896
remove_MIT_S9506,5,GF_01898
remove_MIT_S9506,5,GF_01899
remove_MIT_S9506,5,GF_01900
remove_MIT_S9506,5,GF_01901
remove_MIT_S9506,5,GF_01902
remove_MIT_S9506,5,GF_01904
remove_MIT_S9506,5,GF_01919
remove_MIT_S9506,5,GF_01921
remove_MIT_S9506,5,GF_01923
remove_MIT_S9506,5,GF_01925
remove_MIT_S9506,5,GF_01926
remove_MIT_S9506,5,GF_01927
remove_MIT_S9506,5,GF_01928
remove_MIT_S9506,5,GF_01929
remove_MIT_S9506,5,GF_01930
remove_MIT_S9506,5,GF_01945
remove_MIT_S9506,5,GF_02041
remove_MIT_S9506,5,GF_02059
remove_MIT_S9506,5,GF_02060
remove_MIT_S9506,5,GF_02069
remove_MIT_S9506,5,GF_02070
remove_MIT_S9506,5,GF_02071
remove_MIT_S9506,5,GF_02072
remove_MIT_S9506,5,GF_02074
remove_MIT_S9506,5,GF_02075
remove_MIT_S9506,5,GF_02076
remove_MIT_S9506,5,GF_02084
remove_MIT_S9506,5,GF_02085
remove_MIT_S9506,5,GF_02086
remove_MIT_S9506,5,GF_02088
remove_MIT_S9506,5,GF_02089
remove_MIT_S9506,5,GF_02091
remove_MIT_S9506,5,GF_02092
remove_MIT_S9506,5,GF_02093
remove_MIT_S9506,5,GF_02094
remove_MIT_S9506,5,GF_02101
remove_MIT_S9506,5,GF_02110
remove_MIT_S9506,5,GF_02113
remove_MIT_S9506,5,GF_02122
remove_MIT_S9506,5,GF_02130
remove_MIT_S9506,5,GF_02131
remove_MIT_S9506,5,GF_02132
remove_MIT_S9506,5,GF_02136
remove_MIT_S9506,5,GF_02137
remove_MIT_S9506,5,GF_02138
remove_MIT_S9506,5,GF_02139
remove_MIT_S9506,5,GF_02140
remove_MIT_S9506,5,GF_02141
remove_MIT_S9506,5,GF_02142
remove_MIT_S9506,5,GF_02145
remove_MIT_S9506,5,GF_02152
remove_MIT_S9506,5,GF_02157
remove_MIT_S9506,5,GF_02158
remove_MIT_S9506,5,GF_02159
remove_MIT_S9506,5,GF_02172
remove_MIT_S9506,5,GF_02178
remove_MIT_S9506,5,GF_02180
remove_MIT_S9506,5,GF_02184
remove_MIT_S9506,5,GF_02215
remove_MIT_S9506,5,GF_02216
remove_MIT_S9506,5,GF_02217
remove_MIT_S9506,5,GF_02218
remove_MIT_S9506,5,GF_02219
remove_MIT_S9506,5,GF_02220
remove_MIT_S9506,5,GF_02222
remove_MIT_S9506,5,GF_02223
remove_MIT_S9506,5,GF_02224
remove_MIT_S9506,5,GF_02225
remove_MIT_S9506,5,GF_02226
remove_MIT_S9506,5,GF_02227
remove_MIT_S9506,5,GF_02228
remove_MIT_S9506,5,GF_02229
remove_MIT_S9506,5,GF_02230
remove_MIT_S9506,5,GF_02260
remove_MIT_S9506,5,GF_02261
remove_MIT_S9506,5,GF_02262
remove_MIT_S9506,5,GF_02263
remove_MIT_S9506,5,GF_02264
remove_MIT_S9506,5,GF_02265
remove_MIT_S9506,5,GF_02266
remove_SS51,1,GF_00002
remove_SS51,1,GF_00008
remove_SS51,1,GF_00011
remove_SS51,1,GF_00012
remove_SS51,1,GF_00013
remove_SS51,1,GF_00014
remove_SS51,1,GF_00015
remove_SS51,1,GF_00017
remove_SS51,1,GF_00018
remove_SS51,1,GF_00036
remove_SS51,1,GF_00043
remove_SS51,1,GF_00044
remove_SS51,1,GF_00046
remove_SS51,1,GF_00047
remove_SS51,1,GF_00048
remove_SS51,1,GF_00049
remove_SS51,1,GF_00050
remove_SS51,1,GF_00051
remove_SS51,1,GF_00052
remove_SS51,1,GF_00071
remove_SS51,1,GF_00072
remove_SS51,1,GF_00073
remove_SS51,1,GF_00074
remove_SS51,1,GF_00075
remove_SS51,1,GF_00077
remove_SS51,1,GF_00078
remove_SS51,1,GF_00079
remove_SS51,1,GF_00080
remove_SS51,1,GF_00081
remove_SS51,1,GF_00082
remove_SS51,1,GF_00083
remove_SS51,1,GF_00084
remove_SS51,1,GF_00085
remove_SS51,1,GF_00087
remove_SS51,1,GF_00088
remove_SS51,1,GF_00093
remove_SS51,1,GF_00094
remove_SS51,1,GF_00104
remove_SS51,1,GF_00105
remove_SS51,1,GF_00106
remove_SS51,1,GF_00107
remove_SS51,1,GF_00108
remove_SS51,1,GF_00109
remove_SS51,1,GF_00111
remove_SS51,1,GF_00112
remove_SS51,1,GF_00113
remove_SS51,1,GF_00114
remove_SS51,1,GF_00115
remove_SS51,1,GF_00116
remove_SS51,1,GF_00117
remove_SS51,1,GF_00120
remove_SS51,1,GF_00121
remove_SS51,1,GF_00122
remove_SS51,1,GF_00123
remove_SS51,1,GF_00124
remove_SS51,1,GF_00125
remove_SS51,1,GF_00136
remove_SS51,1,GF_00137
remove_SS51,1,GF_00138
remove_SS51,1,GF_00139
remove_SS51,1,GF_00141
remove_SS51,1,GF_00142
remove_SS51,1,GF_00143
remove_SS51,1,GF_00155
remove_SS51,1,GF_00164
remove_SS51,1,GF_00170
remove_SS51,1,GF_00175
remove_SS51,1,GF_00178
remove_SS51,1,GF_00179
remove_SS51,1,GF_00180
remove_SS51,1,GF_00185
remove_SS51,1,GF_00208
remove_SS51,1,GF_00220
remove_SS51,1,GF_00228
remove_SS51,1,GF_00229
remove_SS51,1,GF_00235
remove_SS51,1,GF_00244
remove_SS51,1,GF_00250
remove_SS51,1,GF_00251
remove_SS51,1,GF_00262
remove_SS51,1,GF_00281
remove_SS51,1,GF_00290
remove_SS51,1,GF_00296
remove_SS51,1,GF_00300
remove_SS51,1,GF_00302
remove_SS51,1,GF_00303
remove_SS51,1,GF_00305
remove_SS51,1,GF_00309
remove_SS51,1,GF_00311
remove_SS51,1,GF_00312
remove_SS51,1,GF_00313
remove_SS51,1,GF_00314
remove_SS51,1,GF_00315
remove_SS51,1,GF_00316
remove_SS51,1,GF_00317
remove_SS51,1,GF_00318
remove_SS51,1,GF_00319
remove_SS51,1,GF_00320
remove_SS51,1,GF_00321
remove_SS51,1,GF_00323
remove_SS51,1,GF_00324
remove_SS51,1,GF_00325
remove_SS51,1,GF_00326
remove_SS51,1,GF_00327
remove_SS51,1,GF_00329
remove_SS51,1,GF_00330
remove_SS51,1,GF_00331
remove_SS51,1,GF_00332
remove_SS51,1,GF_00333
remove_SS51,1,GF_00335
remove_SS51,1,GF_00336
remove_SS51,1,GF_00338
remove_SS51,1,GF_00340
remove_SS51,1,GF_00341
remove_SS51,1,GF_00342
remove_SS51,1,GF_00343
remove_SS51,1,GF_00344
remove_SS51,1,GF_00346
remove_SS51,1,GF_00347
remove_SS51,1,GF_00348
remove_SS51,1,GF_00349
remove_SS51,1,GF_00350
remove_SS51,1,GF_00351
remove_SS51,1,GF_00352
remove_SS51,1,GF_00353
remove_SS51,1,GF_00358
remove_SS51,1,GF_00360
remove_SS51,1,GF_00362
remove_SS51,1,GF_00363
remove_SS51,1,GF_00364
remove_SS51,1,GF_00365
remove_SS51,1,GF_00369
remove_SS51,1,GF_00378
remove_SS51,1,GF_00381
remove_SS51,1,GF_00384
remove_SS51,1,GF_00385
remove_SS51,1,GF_00386
remove_SS51,1,GF_00387
remove_SS51,1,GF_00388
remove_SS51,1,GF_00389
remove_SS51,1,GF_00390
remove_SS51,1,GF_00391
remove_SS51,1,GF_00392
remove_SS51,1,GF_00393
remove_SS51,1,GF_00394
remove_SS51,1,GF_00395
remove_SS51,1,GF_00396
remove_SS51,1,GF_00400
remove_SS51,1,GF_00401
remove_SS51,1,GF_00402
remove_SS51,1,GF_00403
remove_SS51,1,GF_00404
remove_SS51,1,GF_00405
remove_SS51,1,GF_00406
remove_SS51,1,GF_00407
remove_SS51,1,GF_00408
remove_SS51,1,GF_00409
remove_SS51,1,GF_00410
remove_SS51,1,GF_00413
remove_SS51,1,GF_00414
remove_SS51,1,GF_00415
remove_SS51,1,GF_00417
remove_SS51,1,GF_00418
remove_SS51,1,GF_00419
remove_SS51,1,GF_00421
remove_SS51,1,GF_00422
remove_SS51,1,GF_00424
remove_SS51,1,GF_00426
remove_SS51,1,GF_00427
remove_SS51,1,GF_00428
remove_SS51,1,GF_00429
remove_SS51,1,GF_00430
remove_SS51,1,GF_00431
remove_SS51,1,GF_00432
remove_SS51,1,GF_00433
remove_SS51,1,GF_00434
remove_SS51,1,GF_00435
remove_SS51,1,GF_00436
remove_SS51,1,GF_00437
remove_SS51,1,GF_00438
remove_SS51,1,GF_00440
remove_SS51,1,GF_00441
remove_SS51,1,GF_00455
remove_SS51,1,GF_00457
remove_SS51,1,GF_00458
remove_SS51,1,GF_00471
remove_SS51,1,GF_00472
remove_SS51,1,GF_00474
remove_SS51,1,GF_00477
remove_SS51,1,GF_00480
remove_SS51,1,GF_00482
remove_SS51,1,GF_00488
remove_SS51,1,GF_00489
remove_SS51,1,GF_00491
remove_SS51,1,GF_00503
remove_SS51,1,GF_00522
remove_SS51,1,GF_00523
remove_SS51,1,GF_00524
remove_SS51,1,GF_00525
remove_SS51,1,GF_00527
remove_SS51,1,GF_00528
remove_SS51,1,GF_00529
remove_SS51,1,GF_00530
remove_SS51,1,GF_00531
remove_SS51,1,GF_00536
remove_SS51,1,GF_00538
remove_SS51,1,GF_00546
remove_SS51,1,GF_00547
remove_SS51,1,GF_00548
remove_SS51,1,GF_00549
remove_SS51,1,GF_00564
remove_SS51,1,GF_00565
remove_SS51,1,GF_00566
remove_SS51,1,GF_00569
remove_SS51,1,GF_00570
remove_SS51,1,GF_00572
remove_SS51,1,GF_00574
remove_SS51,1,GF_00578
remove_SS51,1,GF_00580
remove_SS51,1,GF_00588
remove_SS51,1,GF_00593
remove_SS51,1,GF_00594
remove_SS51,1,GF_00595
remove_SS51,1,GF_00599
remove_SS51,1,GF_00600
remove_SS51,1,GF_00601
remove_SS51,1,GF_00602
remove_SS51,1,GF_00603
remove_SS51,1,GF_00604
remove_SS51,1,GF_00605
remove_SS51,1,GF_00606
remove_SS51,1,GF_00607
remove_SS51,1,GF_00608
remove_SS51,1,GF_00609
remove_SS51,1,GF_00611
remove_SS51,1,GF_00612
remove_SS51,1,GF_00613
remove_SS51,1,GF_00614
remove_SS51,1,GF_00615
remove_SS51,1,GF_00616
remove_SS51,1,GF_00617
remove_SS51,1,GF_00618
remove_SS51,1,GF_00619
remove_SS51,1,GF_00620
remove_SS51,1,GF_00621
remove_SS51,1,GF_00622
remove_SS51,1,GF_00623
remove_SS51,1,GF_00624
remove_SS51,1,GF_00632
remove_SS51,1,GF_00633
remove_SS51,1,GF_00635
remove_SS51,1,GF_00636
remove_SS51,1,GF_00637
remove_SS51,1,GF_00638
remove_SS51,1,GF_00640
remove_SS51,1,GF_00641
remove_SS51,1,GF_00642
remove_SS51,1,GF_00643
remove_SS51,1,GF_00655
remove_SS51,1,GF_00658
remove_SS51,1,GF_00661
remove_SS51,1,GF_00669
remove_SS51,1,GF_00676
remove_SS51,1,GF_00680
remove_SS51,1,GF_00681
remove_SS51,1,GF_00682
remove_SS51,1,GF_00683
remove_SS51,1,GF_00684
remove_SS51,1,GF_00687
remove_SS51,1,GF_00688
remove_SS51,1,GF_00695
remove_SS51,1,GF_00699
remove_SS51,1,GF_00702
remove_SS51,1,GF_00709
remove_SS51,1,GF_00717
remove_SS51,1,GF_00722
remove_SS51,1,GF_00723
remove_SS51,1,GF_00724
remove_SS51,1,GF_00725
remove_SS51,1,GF_00726
remove_SS51,1,GF_00727
remove_SS51,1,GF_00728
remove_SS51,1,GF_00729
remove_SS51,1,GF_00732
remove_SS51,1,GF_00736
remove_SS51,1,GF_00740
remove_SS51,1,GF_00741
remove_SS51,1,GF_00744
remove_SS51,1,GF_00751
remove_SS51,1,GF_00755
remove_SS51,1,GF_00756
remove_SS51,1,GF_00761
remove_SS51,1,GF_00771
remove_SS51,1,GF_00773
remove_SS51,1,GF_00776
remove_SS51,1,GF_00777
remove_SS51,1,GF_00785
remove_SS51,1,GF_00796
remove_SS51,1,GF_00810
remove_SS51,1,GF_00811
remove_SS51,1,GF_00813
remove_SS51,1,GF_00814
remove_SS51,1,GF_00816
remove_SS51,1,GF_00819
remove_SS51,1,GF_00828
remove_SS51,1,GF_00843
remove_SS51,1,GF_00845
remove_SS51,1,GF_00856
remove_SS51,1,GF_00857
remove_SS51,1,GF_00860
remove_SS51,1,GF_00864
remove_SS51,1,GF_00866
remove_SS51,1,GF_00867
remove_SS51,1,GF_00868
remove_SS51,1,GF_00869
remove_SS51,1,GF_00870
remove_SS51,1,GF_00871
remove_SS51,1,GF_00872
remove_SS51,1,GF_00873
remove_SS51,1,GF_00874
remove_SS51,1,GF_00887
remove_SS51,1,GF_00888
remove_SS51,1,GF_00895
remove_SS51,1,GF_00916
remove_SS51,1,GF_00917
remove_SS51,1,GF_00927
remove_SS51,1,GF_00930
remove_SS51,1,GF_00931
remove_SS51,1,GF_00932
remove_SS51,1,GF_00933
remove_SS51,1,GF_00946
remove_SS51,1,GF_00947
remove_SS51,1,GF_00949
remove_SS51,1,GF_00957
remove_SS51,1,GF_00958
remove_SS51,1,GF_00959
remove_SS51,1,GF_00960
remove_SS51,1,GF_00963
remove_SS51,1,GF_00966
remove_SS51,1,GF_00968
remove_SS51,1,GF_00969
remove_SS51,1,GF_00970
remove_SS51,1,GF_00971
remove_SS51,1,GF_00972
remove_SS51,1,GF_00982
remove_SS51,1,GF_00992
remove_SS51,1,GF_01004
remove_SS51,1,GF_01005
remove_SS51,1,GF_01012
remove_SS51,1,GF_01013
remove_SS51,1,GF_01016
remove_SS51,1,GF_01026
remove_SS51,1,GF_01027
remove_SS51,1,GF_01028
remove_SS51,1,GF_01054
remove_SS51,1,GF_01230
remove_SS51,1,GF_01231
remove_SS51,1,GF_01232
remove_SS51,1,GF_01233
remove_SS51,1,GF_01234
remove_SS51,1,GF_01235
remove_SS51,1,GF_01236
remove_SS51,1,GF_01237
remove_SS51,1,GF_01239
remove_SS51,1,GF_01240
remove_SS51,1,GF_01241
remove_SS51,1,GF_01242
remove_SS51,1,GF_01244
remove_SS51,1,GF_01245
remove_SS51,1,GF_01246
remove_SS51,1,GF_01247
remove_SS51,1,GF_01248
remove_SS51,1,GF_01253
remove_SS51,1,GF_01266
remove_SS51,1,GF_01279
remove_SS51,1,GF_01287
remove_SS51,1,GF_01290
remove_SS51,1,GF_01291
remove_SS51,1,GF_01292
remove_SS51,1,GF_01293
remove_SS51,1,GF_01297
remove_SS51,1,GF_01303
remove_SS51,1,GF_01306
remove_SS51,1,GF_01314
remove_SS51,1,GF_01315
remove_SS51,1,GF_01324
remove_SS51,1,GF_01327
remove_SS51,1,GF_01328
remove_SS51,1,GF_01329
remove_SS51,1,GF_01330
remove_SS51,1,GF_01331
remove_SS51,1,GF_01332
remove_SS51,1,GF_01333
remove_SS51,1,GF_01334
remove_SS51,1,GF_01336
remove_SS51,1,GF_01337
remove_SS51,1,GF_01338
remove_SS51,1,GF_01357
remove_SS51,1,GF_01359
remove_SS51,1,GF_01372
remove_SS51,1,GF_01374
remove_SS51,1,GF_01375
remove_SS51,1,GF_01376
remove_SS51,1,GF_01377
remove_SS51,1,GF_01378
remove_SS51,1,GF_01379
remove_SS51,1,GF_01380
remove_SS51,1,GF_01381
remove_SS51,1,GF_01382
remove_SS51,1,GF_01383
remove_SS51,1,GF_01384
remove_SS51,1,GF_01385
remove_SS51,1,GF_01386
remove_SS51,1,GF_01387
remove_SS51,1,GF_01388
remove_SS51,1,GF_01390
remove_SS51,1,GF_01391
remove_SS51,1,GF_01393
remove_SS51,1,GF_01394
remove_SS51,1,GF_01395
remove_SS51,1,GF_01396
remove_SS51,1,GF_01397
remove_SS51,1,GF_01399
remove_SS51,1,GF_01400
remove_SS51,1,GF_01401
remove_SS51,1,GF_01404
remove_SS51,1,GF_01409
remove_SS51,1,GF_01425
remove_SS51,1,GF_01426
remove_SS51,1,GF_01428
remove_SS51,1,GF_01439
remove_SS51,1,GF_01445
remove_SS51,1,GF_01446
remove_SS51,1,GF_01447
remove_SS51,1,GF_01448
remove_SS51,1,GF_01449
remove_SS51,1,GF_01456
remove_SS51,1,GF_01458
remove_SS51,1,GF_01460
remove_SS51,1,GF_01461
remove_SS51,1,GF_01462
remove_SS51,1,GF_01466
remove_SS51,1,GF_01476
remove_SS51,1,GF_01477
remove_SS51,1,GF_01479
remove_SS51,1,GF_01480
remove_SS51,1,GF_01487
remove_SS51,1,GF_01502
remove_SS51,1,GF_01504
remove_SS51,1,GF_01512
remove_SS51,1,GF_01527
remove_SS51,1,GF_01534
remove_SS51,1,GF_01536
remove_SS51,1,GF_01537
remove_SS51,1,GF_01538
remove_SS51,1,GF_01539
remove_SS51,1,GF_01540
remove_SS51,1,GF_01541
remove_SS51,1,GF_01542
remove_SS51,1,GF_01543
remove_SS51,1,GF_01544
remove_SS51,1,GF_01546
remove_SS51,1,GF_01547
remove_SS51,1,GF_01548
remove_SS51,1,GF_01549
remove_SS51,1,GF_01552
remove_SS51,1,GF_01553
remove_SS51,1,GF_01579
remove_SS51,1,GF_01580
remove_SS51,1,GF_01583
remove_SS51,1,GF_01584
remove_SS51,1,GF_01587
remove_SS51,1,GF_01591
remove_SS51,1,GF_01592
remove_SS51,1,GF_01598
remove_SS51,1,GF_01616
remove_SS51,1,GF_01617
remove_SS51,1,GF_01618
remove_SS51,1,GF_01619
remove_SS51,1,GF_01620
remove_SS51,1,GF_01621
remove_SS51,1,GF_01623
remove_SS51,1,GF_01625
remove_SS51,1,GF_01626
remove_SS51,1,GF_01627
remove_SS51,1,GF_01628
remove_SS51,1,GF_01629
remove_SS51,1,GF_01633
remove_SS51,1,GF_01634
remove_SS51,1,GF_01635
remove_SS51,1,GF_01636
remove_SS51,1,GF_01637
remove_SS51,1,GF_01638
remove_SS51,1,GF_01639
remove_SS51,1,GF_01641
remove_SS51,1,GF_01648
remove_SS51,1,GF_01661
remove_SS51,1,GF_01672
remove_SS51,1,GF_01673
remove_SS51,1,GF_01674
remove_SS51,1,GF_01675
remove_SS51,1,GF_01676
remove_SS51,1,GF_01677
remove_SS51,1,GF_01678
remove_SS51,1,GF_01679
remove_SS51,1,GF_01680
remove_SS51,1,GF_01681
remove_SS51,1,GF_01683
remove_SS51,1,GF_01684
remove_SS51,1,GF_01685
remove_SS51,1,GF_01688
remove_SS51,1,GF_01689
remove_SS51,1,GF_01690
remove_SS51,1,GF_01691
remove_SS51,1,GF_01692
remove_SS51,1,GF_01693
remove_SS51,1,GF_01732
remove_SS51,1,GF_01733
remove_SS51,1,GF_01734
remove_SS51,1,GF_01735
remove_SS51,1,GF_01736
remove_SS51,1,GF_01737
remove_SS51,1,GF_01740
remove_SS51,1,GF_01741
remove_SS51,1,GF_01742
remove_SS51,1,GF_01745
remove_SS51,1,GF_01763
remove_SS51,1,GF_01770
remove_SS51,1,GF_01783
remove_SS51,1,GF_01799
remove_SS51,1,GF_01801
remove_SS51,1,GF_01802
remove_SS51,1,GF_01803
remove_SS51,1,GF_01805
remove_SS51,1,GF_01806
remove_SS51,1,GF_01807
remove_SS51,1,GF_01808
remove_SS51,1,GF_01809
remove_SS51,1,GF_01810
remove_SS51,1,GF_01811
remove_SS51,1,GF_01812
remove_SS51,1,GF_01813
remove_SS51,1,GF_01814
remove_SS51,1,GF_01815
remove_SS51,1,GF_01816
remove_SS51,1,GF_01817
remove_SS51,1,GF_01818
remove_SS51,1,GF_01819
remove_SS51,1,GF_01822
remove_SS51,1,GF_01823
remove_SS51,1,GF_01834
remove_SS51,1,GF_01836
remove_SS51,1,GF_01837
remove_SS51,1,GF_01840
remove_SS51,1,GF_01841
remove_SS51,1,GF_01844
remove_SS51,1,GF_01850
remove_SS51,1,GF_01856
remove_SS51,1,GF_01857
remove_SS51,1,GF_01860
remove_SS51,1,GF_01866
remove_SS51,1,GF_01868
remove_SS51,1,GF_01870
remove_SS51,1,GF_01872
remove_SS51,1,GF_01885
remove_SS51,1,GF_01897
remove_SS51,1,GF_01898
remove_SS51,1,GF_01899
remove_SS51,1,GF_01900
remove_SS51,1,GF_01901
remove_SS51,1,GF_01902
remove_SS51,1,GF_01904
remove_SS51,1,GF_01919
remove_SS51,1,GF_01921
remove_SS51,1,GF_01923
remove_SS51,1,GF_01925
remove_SS51,1,GF_01926
remove_SS51,1,GF_01927
remove_SS51,1,GF_01928
remove_SS51,1,GF_01929
remove_SS51,1,GF_01930
remove_SS51,1,GF_01945
remove_SS51,1,GF_02041
remove_SS51,1,GF_02060
remove_SS51,1,GF_02069
remove_SS51,1,GF_02070
remove_SS51,1,GF_02071
remove_SS51,1,GF_02072
remove_SS51,1,GF_02074
remove_SS51,1,GF_02075
remove_SS51,1,GF_02076
remove_SS51,1,GF_02081
remove_SS51,1,GF_02084
remove_SS51,1,GF_02085
remove_SS51,1,GF_02086
remove_SS51,1,GF_02087
remove_SS51,1,GF_02088
remove_SS51,1,GF_02089
remove_SS51,1,GF_02091
remove_SS51,1,GF_02092
remove_SS51,1,GF_02093
remove_SS51,1,GF_02094
remove_SS51,1,GF_02101
remove_SS51,1,GF_02109
remove_SS51,1,GF_02110
remove_SS51,1,GF_02113
remove_SS51,1,GF_02122
remove_SS51,1,GF_02130
remove_SS51,1,GF_02131
remove_SS51,1,GF_02136
remove_SS51,1,GF_02137
remove_SS51,1,GF_02138
remove_SS51,1,GF_02139
remove_SS51,1,GF_02140
remove_SS51,1,GF_02141
remove_SS51,1,GF_02142
remove_SS51,1,GF_02143
remove_SS51,1,GF_02145
remove_SS51,1,GF_02152
remove_SS51,1,GF_02157
remove_SS51,1,GF_02158
remove_SS51,1,GF_02159
remove_SS51,1,GF_02172
remove_SS51,1,GF_02178
remove_SS51,1,GF_02180
remove_SS51,1,GF_02184
remove_SS51,1,GF_02192
remove_SS51,1,GF_02194
remove_SS51,1,GF_02215
remove_SS51,1,GF_02216
remove_SS51,1,GF_02217
remove_SS51,1,GF_02218
remove_SS51,1,GF_02219
remove_SS51,1,GF_02220
remove_SS51,1,GF_02222
remove_SS51,1,GF_02223
remove_SS51,1,GF_02224
remove_SS51,1,GF_02225
remove_SS51,1,GF_02226
remove_SS51,1,GF_02227
remove_SS51,1,GF_02228
remove_SS51,1,GF_02229
remove_SS51,1,GF_02230
remove_SS51,1,GF_02260
remove_SS51,1,GF_02261
remove_SS51,1,GF_02262
remove_SS51,1,GF_02263
remove_SS51,1,GF_02264
remove_SS51,1,GF_02265
remove_SS51,1,GF_02266
remove_SS51,2,GF_00002
remove_SS51,2,GF_00008
remove_SS51,2,GF_00011
remove_SS51,2,GF_00012
remove_SS51,2,GF_00013
remove_SS51,2,GF_00014
remove_SS51,2,GF_00015
remove_SS51,2,GF_00017
remove_SS51,2,GF_00018
remove_SS51,2,GF_00036
remove_SS51,2,GF_00043
remove_SS51,2,GF_00044
remove_SS51,2,GF_00046
remove_SS51,2,GF_00047
remove_SS51,2,GF_00048
remove_SS51,2,GF_00049
remove_SS51,2,GF_00051
remove_SS51,2,GF_00052
remove_SS51,2,GF_00071
remove_SS51,2,GF_00072
remove_SS51,2,GF_00073
remove_SS51,2,GF_00074
remove_SS51,2,GF_00075
remove_SS51,2,GF_00076
remove_SS51,2,GF_00077
remove_SS51,2,GF_00078
remove_SS51,2,GF_00079
remove_SS51,2,GF_00081
remove_SS51,2,GF_00082
remove_SS51,2,GF_00083
remove_SS51,2,GF_00084
remove_SS51,2,GF_00085
remove_SS51,2,GF_00087
remove_SS51,2,GF_00088
remove_SS51,2,GF_00093
remove_SS51,2,GF_00094
remove_SS51,2,GF_00104
remove_SS51,2,GF_00105
remove_SS51,2,GF_00106
remove_SS51,2,GF_00107
remove_SS51,2,GF_00108
remove_SS51,2,GF_00109
remove_SS51,2,GF_00111
remove_SS51,2,GF_00112
remove_SS51,2,GF_00113
remove_SS51,2,GF_00114
remove_SS51,2,GF_00115
remove_SS51,2,GF_00116
remove_SS51,2,GF_00117
remove_SS51,2,GF_00120
remove_SS51,2,GF_00121
remove_SS51,2,GF_00122
remove_SS51,2,GF_00123
remove_SS51,2,GF_00124
remove_SS51,2,GF_00125
remove_SS51,2,GF_00136
remove_SS51,2,GF_00137
remove_SS51,2,GF_00138
remove_SS51,2,GF_00139
remove_SS51,2,GF_00141
remove_SS51,2,GF_00142
remove_SS51,2,GF_00143
remove_SS51,2,GF_00155
remove_SS51,2,GF_00164
remove_SS51,2,GF_00170
remove_SS51,2,GF_00175
remove_SS51,2,GF_00178
remove_SS51,2,GF_00179
remove_SS51,2,GF_00180
remove_SS51,2,GF_00185
remove_SS51,2,GF_00220
remove_SS51,2,GF_00228
remove_SS51,2,GF_00229
remove_SS51,2,GF_00244
remove_SS51,2,GF_00251
remove_SS51,2,GF_00262
remove_SS51,2,GF_00281
remove_SS51,2,GF_00290
remove_SS51,2,GF_00296
remove_SS51,2,GF_00300
remove_SS51,2,GF_00302
remove_SS51,2,GF_00303
remove_SS51,2,GF_00305
remove_SS51,2,GF_00309
remove_SS51,2,GF_00311
remove_SS51,2,GF_00312
remove_SS51,2,GF_00313
remove_SS51,2,GF_00314
remove_SS51,2,GF_00315
remove_SS51,2,GF_00316
remove_SS51,2,GF_00317
remove_SS51,2,GF_00318
remove_SS51,2,GF_00319
remove_SS51,2,GF_00320
remove_SS51,2,GF_00321
remove_SS51,2,GF_00323
remove_SS51,2,GF_00324
remove_SS51,2,GF_00325
remove_SS51,2,GF_00326
remove_SS51,2,GF_00327
remove_SS51,2,GF_00329
remove_SS51,2,GF_00330
remove_SS51,2,GF_00331
remove_SS51,2,GF_00332
remove_SS51,2,GF_00333
remove_SS51,2,GF_00335
remove_SS51,2,GF_00336
remove_SS51,2,GF_00339
remove_SS51,2,GF_00340
remove_SS51,2,GF_00341
remove_SS51,2,GF_00342
remove_SS51,2,GF_00343
remove_SS51,2,GF_00344
remove_SS51,2,GF_00346
remove_SS51,2,GF_00347
remove_SS51,2,GF_00348
remove_SS51,2,GF_00349
remove_SS51,2,GF_00350
remove_SS51,2,GF_00351
remove_SS51,2,GF_00352
remove_SS51,2,GF_00353
remove_SS51,2,GF_00358
remove_SS51,2,GF_00360
remove_SS51,2,GF_00362
remove_SS51,2,GF_00363
remove_SS51,2,GF_00364
remove_SS51,2,GF_00365
remove_SS51,2,GF_00369
remove_SS51,2,GF_00381
remove_SS51,2,GF_00384
remove_SS51,2,GF_00385
remove_SS51,2,GF_00386
remove_SS51,2,GF_00387
remove_SS51,2,GF_00388
remove_SS51,2,GF_00389
remove_SS51,2,GF_00390
remove_SS51,2,GF_00391
remove_SS51,2,GF_00393
remove_SS51,2,GF_00395
remove_SS51,2,GF_00396
remove_SS51,2,GF_00400
remove_SS51,2,GF_00401
remove_SS51,2,GF_00402
remove_SS51,2,GF_00403
remove_SS51,2,GF_00404
remove_SS51,2,GF_00405
remove_SS51,2,GF_00408
remove_SS51,2,GF_00409
remove_SS51,2,GF_00410
remove_SS51,2,GF_00413
remove_SS51,2,GF_00414
remove_SS51,2,GF_00415
remove_SS51,2,GF_00419
remove_SS51,2,GF_00422
remove_SS51,2,GF_00424
remove_SS51,2,GF_00426
remove_SS51,2,GF_00427
remove_SS51,2,GF_00428
remove_SS51,2,GF_00429
remove_SS51,2,GF_00430
remove_SS51,2,GF_00431
remove_SS51,2,GF_00432
remove_SS51,2,GF_00433
remove_SS51,2,GF_00434
remove_SS51,2,GF_00435
remove_SS51,2,GF_00436
remove_SS51,2,GF_00437
remove_SS51,2,GF_00438
remove_SS51,2,GF_00440
remove_SS51,2,GF_00441
remove_SS51,2,GF_00455
remove_SS51,2,GF_00457
remove_SS51,2,GF_00458
remove_SS51,2,GF_00471
remove_SS51,2,GF_00477
remove_SS51,2,GF_00480
remove_SS51,2,GF_00488
remove_SS51,2,GF_00489
remove_SS51,2,GF_00503
remove_SS51,2,GF_00522
remove_SS51,2,GF_00523
remove_SS51,2,GF_00524
remove_SS51,2,GF_00525
remove_SS51,2,GF_00527
remove_SS51,2,GF_00528
remove_SS51,2,GF_00529
remove_SS51,2,GF_00530
remove_SS51,2,GF_00531
remove_SS51,2,GF_00536
remove_SS51,2,GF_00538
remove_SS51,2,GF_00546
remove_SS51,2,GF_00547
remove_SS51,2,GF_00548
remove_SS51,2,GF_00549
remove_SS51,2,GF_00564
remove_SS51,2,GF_00565
remove_SS51,2,GF_00566
remove_SS51,2,GF_00569
remove_SS51,2,GF_00570
remove_SS51,2,GF_00580
remove_SS51,2,GF_00588
remove_SS51,2,GF_00594
remove_SS51,2,GF_00595
remove_SS51,2,GF_00599
remove_SS51,2,GF_00601
remove_SS51,2,GF_00603
remove_SS51,2,GF_00604
remove_SS51,2,GF_00606
remove_SS51,2,GF_00607
remove_SS51,2,GF_00608
remove_SS51,2,GF_00609
remove_SS51,2,GF_00611
remove_SS51,2,GF_00612
remove_SS51,2,GF_00613
remove_SS51,2,GF_00614
remove_SS51,2,GF_00615
remove_SS51,2,GF_00616
remove_SS51,2,GF_00617
remove_SS51,2,GF_00618
remove_SS51,2,GF_00619
remove_SS51,2,GF_00620
remove_SS51,2,GF_00622
remove_SS51,2,GF_00623
remove_SS51,2,GF_00624
remove_SS51,2,GF_00632
remove_SS51,2,GF_00633
remove_SS51,2,GF_00635
remove_SS51,2,GF_00636
remove_SS51,2,GF_00637
remove_SS51,2,GF_00638
remove_SS51,2,GF_00642
remove_SS51,2,GF_00643
remove_SS51,2,GF_00655
remove_SS51,2,GF_00658
remove_SS51,2,GF_00661
remove_SS51,2,GF_00669
remove_SS51,2,GF_00681
remove_SS51,2,GF_00682
remove_SS51,2,GF_00683
remove_SS51,2,GF_00684
remove_SS51,2,GF_00687
remove_SS51,2,GF_00688
remove_SS51,2,GF_00699
remove_SS51,2,GF_00702
remove_SS51,2,GF_00709
remove_SS51,2,GF_00723
remove_SS51,2,GF_00724
remove_SS51,2,GF_00725
remove_SS51,2,GF_00726
remove_SS51,2,GF_00727
remove_SS51,2,GF_00728
remove_SS51,2,GF_00729
remove_SS51,2,GF_00736
remove_SS51,2,GF_00740
remove_SS51,2,GF_00741
remove_SS51,2,GF_00744
remove_SS51,2,GF_00751
remove_SS51,2,GF_00755
remove_SS51,2,GF_00756
remove_SS51,2,GF_00761
remove_SS51,2,GF_00771
remove_SS51,2,GF_00773
remove_SS51,2,GF_00776
remove_SS51,2,GF_00777
remove_SS51,2,GF_00796
remove_SS51,2,GF_00810
remove_SS51,2,GF_00811
remove_SS51,2,GF_00813
remove_SS51,2,GF_00814
remove_SS51,2,GF_00816
remove_SS51,2,GF_00819
remove_SS51,2,GF_00828
remove_SS51,2,GF_00843
remove_SS51,2,GF_00845
remove_SS51,2,GF_00856
remove_SS51,2,GF_00857
remove_SS51,2,GF_00860
remove_SS51,2,GF_00864
remove_SS51,2,GF_00866
remove_SS51,2,GF_00867
remove_SS51,2,GF_00868
remove_SS51,2,GF_00869
remove_SS51,2,GF_00870
remove_SS51,2,GF_00873
remove_SS51,2,GF_00874
remove_SS51,2,GF_00887
remove_SS51,2,GF_00888
remove_SS51,2,GF_00895
remove_SS51,2,GF_00916
remove_SS51,2,GF_00927
remove_SS51,2,GF_00931
remove_SS51,2,GF_00932
remove_SS51,2,GF_00933
remove_SS51,2,GF_00946
remove_SS51,2,GF_00947
remove_SS51,2,GF_00949
remove_SS51,2,GF_00957
remove_SS51,2,GF_00958
remove_SS51,2,GF_00960
remove_SS51,2,GF_00963
remove_SS51,2,GF_00966
remove_SS51,2,GF_00968
remove_SS51,2,GF_00969
remove_SS51,2,GF_00970
remove_SS51,2,GF_00971
remove_SS51,2,GF_00982
remove_SS51,2,GF_01004
remove_SS51,2,GF_01005
remove_SS51,2,GF_01026
remove_SS51,2,GF_01028
remove_SS51,2,GF_01054
remove_SS51,2,GF_01230
remove_SS51,2,GF_01231
remove_SS51,2,GF_01233
remove_SS51,2,GF_01234
remove_SS51,2,GF_01235
remove_SS51,2,GF_01236
remove_SS51,2,GF_01237
remove_SS51,2,GF_01239
remove_SS51,2,GF_01240
remove_SS51,2,GF_01241
remove_SS51,2,GF_01242
remove_SS51,2,GF_01244
remove_SS51,2,GF_01245
remove_SS51,2,GF_01246
remove_SS51,2,GF_01247
remove_SS51,2,GF_01248
remove_SS51,2,GF_01266
remove_SS51,2,GF_01287
remove_SS51,2,GF_01290
remove_SS51,2,GF_01292
remove_SS51,2,GF_01293
remove_SS51,2,GF_01297
remove_SS51,2,GF_01306
remove_SS51,2,GF_01314
remove_SS51,2,GF_01315
remove_SS51,2,GF_01327
remove_SS51,2,GF_01329
remove_SS51,2,GF_01330
remove_SS51,2,GF_01331
remove_SS51,2,GF_01332
remove_SS51,2,GF_01333
remove_SS51,2,GF_01334
remove_SS51,2,GF_01336
remove_SS51,2,GF_01337
remove_SS51,2,GF_01338
remove_SS51,2,GF_01359
remove_SS51,2,GF_01372
remove_SS51,2,GF_01374
remove_SS51,2,GF_01375
remove_SS51,2,GF_01376
remove_SS51,2,GF_01377
remove_SS51,2,GF_01379
remove_SS51,2,GF_01381
remove_SS51,2,GF_01382
remove_SS51,2,GF_01383
remove_SS51,2,GF_01385
remove_SS51,2,GF_01386
remove_SS51,2,GF_01387
remove_SS51,2,GF_01390
remove_SS51,2,GF_01391
remove_SS51,2,GF_01393
remove_SS51,2,GF_01394
remove_SS51,2,GF_01395
remove_SS51,2,GF_01396
remove_SS51,2,GF_01397
remove_SS51,2,GF_01399
remove_SS51,2,GF_01400
remove_SS51,2,GF_01401
remove_SS51,2,GF_01409
remove_SS51,2,GF_01425
remove_SS51,2,GF_01426
remove_SS51,2,GF_01428
remove_SS51,2,GF_01439
remove_SS51,2,GF_01445
remove_SS51,2,GF_01446
remove_SS51,2,GF_01447
remove_SS51,2,GF_01449
remove_SS51,2,GF_01456
remove_SS51,2,GF_01458
remove_SS51,2,GF_01460
remove_SS51,2,GF_01461
remove_SS51,2,GF_01462
remove_SS51,2,GF_01466
remove_SS51,2,GF_01476
remove_SS51,2,GF_01477
remove_SS51,2,GF_01479
remove_SS51,2,GF_01481
remove_SS51,2,GF_01487
remove_SS51,2,GF_01502
remove_SS51,2,GF_01504
remove_SS51,2,GF_01512
remove_SS51,2,GF_01514
remove_SS51,2,GF_01527
remove_SS51,2,GF_01534
remove_SS51,2,GF_01535
remove_SS51,2,GF_01536
remove_SS51,2,GF_01538
remove_SS51,2,GF_01539
remove_SS51,2,GF_01540
remove_SS51,2,GF_01541
remove_SS51,2,GF_01542
remove_SS51,2,GF_01544
remove_SS51,2,GF_01547
remove_SS51,2,GF_01549
remove_SS51,2,GF_01552
remove_SS51,2,GF_01553
remove_SS51,2,GF_01579
remove_SS51,2,GF_01580
remove_SS51,2,GF_01583
remove_SS51,2,GF_01584
remove_SS51,2,GF_01591
remove_SS51,2,GF_01592
remove_SS51,2,GF_01616
remove_SS51,2,GF_01617
remove_SS51,2,GF_01618
remove_SS51,2,GF_01619
remove_SS51,2,GF_01620
remove_SS51,2,GF_01621
remove_SS51,2,GF_01623
remove_SS51,2,GF_01625
remove_SS51,2,GF_01626
remove_SS51,2,GF_01627
remove_SS51,2,GF_01628
remove_SS51,2,GF_01629
remove_SS51,2,GF_01636
remove_SS51,2,GF_01638
remove_SS51,2,GF_01641
remove_SS51,2,GF_01648
remove_SS51,2,GF_01659
remove_SS51,2,GF_01661
remove_SS51,2,GF_01673
remove_SS51,2,GF_01674
remove_SS51,2,GF_01675
remove_SS51,2,GF_01676
remove_SS51,2,GF_01677
remove_SS51,2,GF_01678
remove_SS51,2,GF_01679
remove_SS51,2,GF_01680
remove_SS51,2,GF_01681
remove_SS51,2,GF_01683
remove_SS51,2,GF_01684
remove_SS51,2,GF_01685
remove_SS51,2,GF_01688
remove_SS51,2,GF_01689
remove_SS51,2,GF_01690
remove_SS51,2,GF_01691
remove_SS51,2,GF_01692
remove_SS51,2,GF_01693
remove_SS51,2,GF_01732
remove_SS51,2,GF_01733
remove_SS51,2,GF_01734
remove_SS51,2,GF_01735
remove_SS51,2,GF_01736
remove_SS51,2,GF_01737
remove_SS51,2,GF_01741
remove_SS51,2,GF_01742
remove_SS51,2,GF_01745
remove_SS51,2,GF_01763
remove_SS51,2,GF_01783
remove_SS51,2,GF_01799
remove_SS51,2,GF_01801
remove_SS51,2,GF_01802
remove_SS51,2,GF_01803
remove_SS51,2,GF_01805
remove_SS51,2,GF_01806
remove_SS51,2,GF_01807
remove_SS51,2,GF_01808
remove_SS51,2,GF_01809
remove_SS51,2,GF_01810
remove_SS51,2,GF_01811
remove_SS51,2,GF_01812
remove_SS51,2,GF_01813
remove_SS51,2,GF_01814
remove_SS51,2,GF_01815
remove_SS51,2,GF_01816
remove_SS51,2,GF_01818
remove_SS51,2,GF_01819
remove_SS51,2,GF_01822
remove_SS51,2,GF_01834
remove_SS51,2,GF_01836
remove_SS51,2,GF_01837
remove_SS51,2,GF_01840
remove_SS51,2,GF_01841
remove_SS51,2,GF_01842
remove_SS51,2,GF_01844
remove_SS51,2,GF_01856
remove_SS51,2,GF_01860
remove_SS51,2,GF_01870
remove_SS51,2,GF_01872
remove_SS51,2,GF_01874
remove_SS51,2,GF_01897
remove_SS51,2,GF_01898
remove_SS51,2,GF_01899
remove_SS51,2,GF_01900
remove_SS51,2,GF_01902
remove_SS51,2,GF_01904
remove_SS51,2,GF_01919
remove_SS51,2,GF_01921
remove_SS51,2,GF_01923
remove_SS51,2,GF_01925
remove_SS51,2,GF_01926
remove_SS51,2,GF_01927
remove_SS51,2,GF_01928
remove_SS51,2,GF_01929
remove_SS51,2,GF_01930
remove_SS51,2,GF_01945
remove_SS51,2,GF_02041
remove_SS51,2,GF_02059
remove_SS51,2,GF_02060
remove_SS51,2,GF_02069
remove_SS51,2,GF_02070
remove_SS51,2,GF_02071
remove_SS51,2,GF_02072
remove_SS51,2,GF_02075
remove_SS51,2,GF_02076
remove_SS51,2,GF_02084
remove_SS51,2,GF_02085
remove_SS51,2,GF_02086
remove_SS51,2,GF_02088
remove_SS51,2,GF_02089
remove_SS51,2,GF_02091
remove_SS51,2,GF_02092
remove_SS51,2,GF_02093
remove_SS51,2,GF_02094
remove_SS51,2,GF_02101
remove_SS51,2,GF_02109
remove_SS51,2,GF_02113
remove_SS51,2,GF_02122
remove_SS51,2,GF_02130
remove_SS51,2,GF_02131
remove_SS51,2,GF_02132
remove_SS51,2,GF_02136
remove_SS51,2,GF_02137
remove_SS51,2,GF_02138
remove_SS51,2,GF_02139
remove_SS51,2,GF_02140
remove_SS51,2,GF_02141
remove_SS51,2,GF_02142
remove_SS51,2,GF_02143
remove_SS51,2,GF_02145
remove_SS51,2,GF_02152
remove_SS51,2,GF_02157
remove_SS51,2,GF_02158
remove_SS51,2,GF_02168
remove_SS51,2,GF_02172
remove_SS51,2,GF_02178
remove_SS51,2,GF_02180
remove_SS51,2,GF_02184
remove_SS51,2,GF_02216
remove_SS51,2,GF_02217
remove_SS51,2,GF_02218
remove_SS51,2,GF_02219
remove_SS51,2,GF_02220
remove_SS51,2,GF_02223
remove_SS51,2,GF_02224
remove_SS51,2,GF_02225
remove_SS51,2,GF_02226
remove_SS51,2,GF_02227
remove_SS51,2,GF_02228
remove_SS51,2,GF_02229
remove_SS51,2,GF_02230
remove_SS51,2,GF_02260
remove_SS51,2,GF_02261
remove_SS51,2,GF_02262
remove_SS51,2,GF_02263
remove_SS51,2,GF_02264
remove_SS51,2,GF_02266
remove_SS51,3,GF_00002
remove_SS51,3,GF_00008
remove_SS51,3,GF_00011
remove_SS51,3,GF_00012
remove_SS51,3,GF_00013
remove_SS51,3,GF_00014
remove_SS51,3,GF_00015
remove_SS51,3,GF_00017
remove_SS51,3,GF_00018
remove_SS51,3,GF_00036
remove_SS51,3,GF_00043
remove_SS51,3,GF_00044
remove_SS51,3,GF_00046
remove_SS51,3,GF_00047
remove_SS51,3,GF_00048
remove_SS51,3,GF_00049
remove_SS51,3,GF_00051
remove_SS51,3,GF_00052
remove_SS51,3,GF_00072
remove_SS51,3,GF_00073
remove_SS51,3,GF_00074
remove_SS51,3,GF_00075
remove_SS51,3,GF_00077
remove_SS51,3,GF_00078
remove_SS51,3,GF_00079
remove_SS51,3,GF_00080
remove_SS51,3,GF_00081
remove_SS51,3,GF_00082
remove_SS51,3,GF_00083
remove_SS51,3,GF_00084
remove_SS51,3,GF_00085
remove_SS51,3,GF_00087
remove_SS51,3,GF_00088
remove_SS51,3,GF_00093
remove_SS51,3,GF_00094
remove_SS51,3,GF_00104
remove_SS51,3,GF_00105
remove_SS51,3,GF_00106
remove_SS51,3,GF_00107
remove_SS51,3,GF_00108
remove_SS51,3,GF_00111
remove_SS51,3,GF_00112
remove_SS51,3,GF_00114
remove_SS51,3,GF_00115
remove_SS51,3,GF_00116
remove_SS51,3,GF_00117
remove_SS51,3,GF_00120
remove_SS51,3,GF_00121
remove_SS51,3,GF_00122
remove_SS51,3,GF_00123
remove_SS51,3,GF_00124
remove_SS51,3,GF_00125
remove_SS51,3,GF_00136
remove_SS51,3,GF_00137
remove_SS51,3,GF_00138
remove_SS51,3,GF_00139
remove_SS51,3,GF_00141
remove_SS51,3,GF_00143
remove_SS51,3,GF_00155
remove_SS51,3,GF_00164
remove_SS51,3,GF_00170
remove_SS51,3,GF_00175
remove_SS51,3,GF_00178
remove_SS51,3,GF_00179
remove_SS51,3,GF_00180
remove_SS51,3,GF_00185
remove_SS51,3,GF_00220
remove_SS51,3,GF_00228
remove_SS51,3,GF_00229
remove_SS51,3,GF_00235
remove_SS51,3,GF_00244
remove_SS51,3,GF_00250
remove_SS51,3,GF_00251
remove_SS51,3,GF_00262
remove_SS51,3,GF_00281
remove_SS51,3,GF_00290
remove_SS51,3,GF_00296
remove_SS51,3,GF_00300
remove_SS51,3,GF_00302
remove_SS51,3,GF_00303
remove_SS51,3,GF_00305
remove_SS51,3,GF_00309
remove_SS51,3,GF_00311
remove_SS51,3,GF_00312
remove_SS51,3,GF_00313
remove_SS51,3,GF_00314
remove_SS51,3,GF_00315
remove_SS51,3,GF_00316
remove_SS51,3,GF_00317
remove_SS51,3,GF_00318
remove_SS51,3,GF_00319
remove_SS51,3,GF_00320
remove_SS51,3,GF_00321
remove_SS51,3,GF_00323
remove_SS51,3,GF_00324
remove_SS51,3,GF_00325
remove_SS51,3,GF_00326
remove_SS51,3,GF_00327
remove_SS51,3,GF_00329
remove_SS51,3,GF_00330
remove_SS51,3,GF_00331
remove_SS51,3,GF_00332
remove_SS51,3,GF_00333
remove_SS51,3,GF_00335
remove_SS51,3,GF_00336
remove_SS51,3,GF_00338
remove_SS51,3,GF_00340
remove_SS51,3,GF_00341
remove_SS51,3,GF_00342
remove_SS51,3,GF_00343
remove_SS51,3,GF_00344
remove_SS51,3,GF_00346
remove_SS51,3,GF_00347
remove_SS51,3,GF_00349
remove_SS51,3,GF_00350
remove_SS51,3,GF_00352
remove_SS51,3,GF_00353
remove_SS51,3,GF_00355
remove_SS51,3,GF_00358
remove_SS51,3,GF_00360
remove_SS51,3,GF_00362
remove_SS51,3,GF_00363
remove_SS51,3,GF_00364
remove_SS51,3,GF_00365
remove_SS51,3,GF_00369
remove_SS51,3,GF_00381
remove_SS51,3,GF_00384
remove_SS51,3,GF_00385
remove_SS51,3,GF_00386
remove_SS51,3,GF_00387
remove_SS51,3,GF_00388
remove_SS51,3,GF_00389
remove_SS51,3,GF_00390
remove_SS51,3,GF_00391
remove_SS51,3,GF_00393
remove_SS51,3,GF_00394
remove_SS51,3,GF_00395
remove_SS51,3,GF_00396
remove_SS51,3,GF_00400
remove_SS51,3,GF_00401
remove_SS51,3,GF_00402
remove_SS51,3,GF_00404
remove_SS51,3,GF_00405
remove_SS51,3,GF_00406
remove_SS51,3,GF_00407
remove_SS51,3,GF_00409
remove_SS51,3,GF_00410
remove_SS51,3,GF_00413
remove_SS51,3,GF_00414
remove_SS51,3,GF_00415
remove_SS51,3,GF_00417
remove_SS51,3,GF_00418
remove_SS51,3,GF_00421
remove_SS51,3,GF_00422
remove_SS51,3,GF_00424
remove_SS51,3,GF_00426
remove_SS51,3,GF_00427
remove_SS51,3,GF_00428
remove_SS51,3,GF_00430
remove_SS51,3,GF_00431
remove_SS51,3,GF_00432
remove_SS51,3,GF_00433
remove_SS51,3,GF_00434
remove_SS51,3,GF_00435
remove_SS51,3,GF_00436
remove_SS51,3,GF_00438
remove_SS51,3,GF_00440
remove_SS51,3,GF_00441
remove_SS51,3,GF_00455
remove_SS51,3,GF_00457
remove_SS51,3,GF_00458
remove_SS51,3,GF_00471
remove_SS51,3,GF_00477
remove_SS51,3,GF_00480
remove_SS51,3,GF_00482
remove_SS51,3,GF_00488
remove_SS51,3,GF_00489
remove_SS51,3,GF_00503
remove_SS51,3,GF_00522
remove_SS51,3,GF_00523
remove_SS51,3,GF_00524
remove_SS51,3,GF_00525
remove_SS51,3,GF_00527
remove_SS51,3,GF_00528
remove_SS51,3,GF_00529
remove_SS51,3,GF_00530
remove_SS51,3,GF_00531
remove_SS51,3,GF_00536
remove_SS51,3,GF_00538
remove_SS51,3,GF_00546
remove_SS51,3,GF_00547
remove_SS51,3,GF_00548
remove_SS51,3,GF_00549
remove_SS51,3,GF_00564
remove_SS51,3,GF_00565
remove_SS51,3,GF_00566
remove_SS51,3,GF_00569
remove_SS51,3,GF_00570
remove_SS51,3,GF_00572
remove_SS51,3,GF_00574
remove_SS51,3,GF_00578
remove_SS51,3,GF_00580
remove_SS51,3,GF_00588
remove_SS51,3,GF_00594
remove_SS51,3,GF_00595
remove_SS51,3,GF_00599
remove_SS51,3,GF_00600
remove_SS51,3,GF_00601
remove_SS51,3,GF_00603
remove_SS51,3,GF_00604
remove_SS51,3,GF_00605
remove_SS51,3,GF_00606
remove_SS51,3,GF_00607
remove_SS51,3,GF_00608
remove_SS51,3,GF_00609
remove_SS51,3,GF_00611
remove_SS51,3,GF_00612
remove_SS51,3,GF_00613
remove_SS51,3,GF_00614
remove_SS51,3,GF_00615
remove_SS51,3,GF_00617
remove_SS51,3,GF_00618
remove_SS51,3,GF_00619
remove_SS51,3,GF_00620
remove_SS51,3,GF_00621
remove_SS51,3,GF_00622
remove_SS51,3,GF_00623
remove_SS51,3,GF_00624
remove_SS51,3,GF_00632
remove_SS51,3,GF_00633
remove_SS51,3,GF_00635
remove_SS51,3,GF_00636
remove_SS51,3,GF_00637
remove_SS51,3,GF_00640
remove_SS51,3,GF_00641
remove_SS51,3,GF_00642
remove_SS51,3,GF_00643
remove_SS51,3,GF_00655
remove_SS51,3,GF_00658
remove_SS51,3,GF_00661
remove_SS51,3,GF_00669
remove_SS51,3,GF_00676
remove_SS51,3,GF_00681
remove_SS51,3,GF_00684
remove_SS51,3,GF_00687
remove_SS51,3,GF_00688
remove_SS51,3,GF_00695
remove_SS51,3,GF_00699
remove_SS51,3,GF_00702
remove_SS51,3,GF_00709
remove_SS51,3,GF_00722
remove_SS51,3,GF_00723
remove_SS51,3,GF_00724
remove_SS51,3,GF_00725
remove_SS51,3,GF_00726
remove_SS51,3,GF_00727
remove_SS51,3,GF_00728
remove_SS51,3,GF_00729
remove_SS51,3,GF_00732
remove_SS51,3,GF_00736
remove_SS51,3,GF_00740
remove_SS51,3,GF_00741
remove_SS51,3,GF_00744
remove_SS51,3,GF_00751
remove_SS51,3,GF_00755
remove_SS51,3,GF_00756
remove_SS51,3,GF_00761
remove_SS51,3,GF_00771
remove_SS51,3,GF_00773
remove_SS51,3,GF_00776
remove_SS51,3,GF_00777
remove_SS51,3,GF_00785
remove_SS51,3,GF_00796
remove_SS51,3,GF_00810
remove_SS51,3,GF_00811
remove_SS51,3,GF_00813
remove_SS51,3,GF_00814
remove_SS51,3,GF_00816
remove_SS51,3,GF_00819
remove_SS51,3,GF_00828
remove_SS51,3,GF_00843
remove_SS51,3,GF_00845
remove_SS51,3,GF_00857
remove_SS51,3,GF_00860
remove_SS51,3,GF_00864
remove_SS51,3,GF_00866
remove_SS51,3,GF_00868
remove_SS51,3,GF_00869
remove_SS51,3,GF_00870
remove_SS51,3,GF_00871
remove_SS51,3,GF_00872
remove_SS51,3,GF_00873
remove_SS51,3,GF_00874
remove_SS51,3,GF_00895
remove_SS51,3,GF_00916
remove_SS51,3,GF_00927
remove_SS51,3,GF_00931
remove_SS51,3,GF_00933
remove_SS51,3,GF_00946
remove_SS51,3,GF_00947
remove_SS51,3,GF_00949
remove_SS51,3,GF_00957
remove_SS51,3,GF_00958
remove_SS51,3,GF_00959
remove_SS51,3,GF_00960
remove_SS51,3,GF_00963
remove_SS51,3,GF_00966
remove_SS51,3,GF_00968
remove_SS51,3,GF_00969
remove_SS51,3,GF_00970
remove_SS51,3,GF_00971
remove_SS51,3,GF_00972
remove_SS51,3,GF_00982
remove_SS51,3,GF_01004
remove_SS51,3,GF_01005
remove_SS51,3,GF_01012
remove_SS51,3,GF_01026
remove_SS51,3,GF_01027
remove_SS51,3,GF_01028
remove_SS51,3,GF_01054
remove_SS51,3,GF_01230
remove_SS51,3,GF_01231
remove_SS51,3,GF_01232
remove_SS51,3,GF_01233
remove_SS51,3,GF_01234
remove_SS51,3,GF_01235
remove_SS51,3,GF_01236
remove_SS51,3,GF_01237
remove_SS51,3,GF_01239
remove_SS51,3,GF_01240
remove_SS51,3,GF_01241
remove_SS51,3,GF_01242
remove_SS51,3,GF_01244
remove_SS51,3,GF_01245
remove_SS51,3,GF_01246
remove_SS51,3,GF_01247
remove_SS51,3,GF_01248
remove_SS51,3,GF_01266
remove_SS51,3,GF_01287
remove_SS51,3,GF_01290
remove_SS51,3,GF_01291
remove_SS51,3,GF_01292
remove_SS51,3,GF_01293
remove_SS51,3,GF_01297
remove_SS51,3,GF_01306
remove_SS51,3,GF_01314
remove_SS51,3,GF_01315
remove_SS51,3,GF_01327
remove_SS51,3,GF_01329
remove_SS51,3,GF_01330
remove_SS51,3,GF_01331
remove_SS51,3,GF_01332
remove_SS51,3,GF_01333
remove_SS51,3,GF_01334
remove_SS51,3,GF_01336
remove_SS51,3,GF_01337
remove_SS51,3,GF_01338
remove_SS51,3,GF_01359
remove_SS51,3,GF_01372
remove_SS51,3,GF_01373
remove_SS51,3,GF_01374
remove_SS51,3,GF_01375
remove_SS51,3,GF_01376
remove_SS51,3,GF_01377
remove_SS51,3,GF_01379
remove_SS51,3,GF_01381
remove_SS51,3,GF_01382
remove_SS51,3,GF_01383
remove_SS51,3,GF_01385
remove_SS51,3,GF_01387
remove_SS51,3,GF_01390
remove_SS51,3,GF_01391
remove_SS51,3,GF_01393
remove_SS51,3,GF_01394
remove_SS51,3,GF_01395
remove_SS51,3,GF_01396
remove_SS51,3,GF_01397
remove_SS51,3,GF_01399
remove_SS51,3,GF_01400
remove_SS51,3,GF_01401
remove_SS51,3,GF_01404
remove_SS51,3,GF_01409
remove_SS51,3,GF_01425
remove_SS51,3,GF_01426
remove_SS51,3,GF_01428
remove_SS51,3,GF_01439
remove_SS51,3,GF_01445
remove_SS51,3,GF_01446
remove_SS51,3,GF_01447
remove_SS51,3,GF_01448
remove_SS51,3,GF_01449
remove_SS51,3,GF_01456
remove_SS51,3,GF_01458
remove_SS51,3,GF_01460
remove_SS51,3,GF_01461
remove_SS51,3,GF_01466
remove_SS51,3,GF_01477
remove_SS51,3,GF_01479
remove_SS51,3,GF_01480
remove_SS51,3,GF_01487
remove_SS51,3,GF_01502
remove_SS51,3,GF_01512
remove_SS51,3,GF_01514
remove_SS51,3,GF_01527
remove_SS51,3,GF_01534
remove_SS51,3,GF_01536
remove_SS51,3,GF_01538
remove_SS51,3,GF_01539
remove_SS51,3,GF_01540
remove_SS51,3,GF_01541
remove_SS51,3,GF_01542
remove_SS51,3,GF_01543
remove_SS51,3,GF_01544
remove_SS51,3,GF_01547
remove_SS51,3,GF_01549
remove_SS51,3,GF_01552
remove_SS51,3,GF_01553
remove_SS51,3,GF_01579
remove_SS51,3,GF_01580
remove_SS51,3,GF_01583
remove_SS51,3,GF_01584
remove_SS51,3,GF_01591
remove_SS51,3,GF_01592
remove_SS51,3,GF_01616
remove_SS51,3,GF_01617
remove_SS51,3,GF_01618
remove_SS51,3,GF_01619
remove_SS51,3,GF_01620
remove_SS51,3,GF_01621
remove_SS51,3,GF_01623
remove_SS51,3,GF_01625
remove_SS51,3,GF_01626
remove_SS51,3,GF_01627
remove_SS51,3,GF_01628
remove_SS51,3,GF_01629
remove_SS51,3,GF_01634
remove_SS51,3,GF_01635
remove_SS51,3,GF_01636
remove_SS51,3,GF_01637
remove_SS51,3,GF_01638
remove_SS51,3,GF_01639
remove_SS51,3,GF_01641
remove_SS51,3,GF_01648
remove_SS51,3,GF_01659
remove_SS51,3,GF_01661
remove_SS51,3,GF_01672
remove_SS51,3,GF_01673
remove_SS51,3,GF_01674
remove_SS51,3,GF_01675
remove_SS51,3,GF_01676
remove_SS51,3,GF_01677
remove_SS51,3,GF_01678
remove_SS51,3,GF_01679
remove_SS51,3,GF_01680
remove_SS51,3,GF_01681
remove_SS51,3,GF_01683
remove_SS51,3,GF_01684
remove_SS51,3,GF_01685
remove_SS51,3,GF_01688
remove_SS51,3,GF_01689
remove_SS51,3,GF_01690
remove_SS51,3,GF_01692
remove_SS51,3,GF_01693
remove_SS51,3,GF_01732
remove_SS51,3,GF_01733
remove_SS51,3,GF_01734
remove_SS51,3,GF_01735
remove_SS51,3,GF_01736
remove_SS51,3,GF_01740
remove_SS51,3,GF_01741
remove_SS51,3,GF_01742
remove_SS51,3,GF_01745
remove_SS51,3,GF_01763
remove_SS51,3,GF_01783
remove_SS51,3,GF_01799
remove_SS51,3,GF_01802
remove_SS51,3,GF_01803
remove_SS51,3,GF_01805
remove_SS51,3,GF_01806
remove_SS51,3,GF_01807
remove_SS51,3,GF_01808
remove_SS51,3,GF_01809
remove_SS51,3,GF_01810
remove_SS51,3,GF_01811
remove_SS51,3,GF_01812
remove_SS51,3,GF_01813
remove_SS51,3,GF_01816
remove_SS51,3,GF_01818
remove_SS51,3,GF_01819
remove_SS51,3,GF_01822
remove_SS51,3,GF_01823
remove_SS51,3,GF_01834
remove_SS51,3,GF_01836
remove_SS51,3,GF_01837
remove_SS51,3,GF_01840
remove_SS51,3,GF_01841
remove_SS51,3,GF_01842
remove_SS51,3,GF_01844
remove_SS51,3,GF_01856
remove_SS51,3,GF_01860
remove_SS51,3,GF_01866
remove_SS51,3,GF_01870
remove_SS51,3,GF_01872
remove_SS51,3,GF_01885
remove_SS51,3,GF_01897
remove_SS51,3,GF_01898
remove_SS51,3,GF_01899
remove_SS51,3,GF_01900
remove_SS51,3,GF_01901
remove_SS51,3,GF_01902
remove_SS51,3,GF_01904
remove_SS51,3,GF_01919
remove_SS51,3,GF_01921
remove_SS51,3,GF_01925
remove_SS51,3,GF_01926
remove_SS51,3,GF_01927
remove_SS51,3,GF_01928
remove_SS51,3,GF_01929
remove_SS51,3,GF_01930
remove_SS51,3,GF_01945
remove_SS51,3,GF_02041
remove_SS51,3,GF_02059
remove_SS51,3,GF_02060
remove_SS51,3,GF_02069
remove_SS51,3,GF_02070
remove_SS51,3,GF_02071
remove_SS51,3,GF_02072
remove_SS51,3,GF_02074
remove_SS51,3,GF_02075
remove_SS51,3,GF_02076
remove_SS51,3,GF_02084
remove_SS51,3,GF_02085
remove_SS51,3,GF_02088
remove_SS51,3,GF_02089
remove_SS51,3,GF_02091
remove_SS51,3,GF_02092
remove_SS51,3,GF_02093
remove_SS51,3,GF_02094
remove_SS51,3,GF_02101
remove_SS51,3,GF_02109
remove_SS51,3,GF_02110
remove_SS51,3,GF_02113
remove_SS51,3,GF_02122
remove_SS51,3,GF_02130
remove_SS51,3,GF_02131
remove_SS51,3,GF_02132
remove_SS51,3,GF_02136
remove_SS51,3,GF_02137
remove_SS51,3,GF_02138
remove_SS51,3,GF_02139
remove_SS51,3,GF_02140
remove_SS51,3,GF_02141
remove_SS51,3,GF_02142
remove_SS51,3,GF_02143
remove_SS51,3,GF_02145
remove_SS51,3,GF_02152
remove_SS51,3,GF_02157
remove_SS51,3,GF_02159
remove_SS51,3,GF_02172
remove_SS51,3,GF_02178
remove_SS51,3,GF_02180
remove_SS51,3,GF_02184
remove_SS51,3,GF_02194
remove_SS51,3,GF_02215
remove_SS51,3,GF_02216
remove_SS51,3,GF_02217
remove_SS51,3,GF_02218
remove_SS51,3,GF_02219
remove_SS51,3,GF_02220
remove_SS51,3,GF_02222
remove_SS51,3,GF_02223
remove_SS51,3,GF_02224
remove_SS51,3,GF_02225
remove_SS51,3,GF_02226
remove_SS51,3,GF_02227
remove_SS51,3,GF_02228
remove_SS51,3,GF_02229
remove_SS51,3,GF_02230
remove_SS51,3,GF_02260
remove_SS51,3,GF_02261
remove_SS51,3,GF_02262
remove_SS51,3,GF_02263
remove_SS51,3,GF_02264
remove_SS51,3,GF_02266
remove_SS51,4,GF_00002
remove_SS51,4,GF_00008
remove_SS51,4,GF_00011
remove_SS51,4,GF_00012
remove_SS51,4,GF_00013
remove_SS51,4,GF_00014
remove_SS51,4,GF_00015
remove_SS51,4,GF_00017
remove_SS51,4,GF_00018
remove_SS51,4,GF_00036
remove_SS51,4,GF_00043
remove_SS51,4,GF_00044
remove_SS51,4,GF_00045
remove_SS51,4,GF_00046
remove_SS51,4,GF_00047
remove_SS51,4,GF_00048
remove_SS51,4,GF_00049
remove_SS51,4,GF_00051
remove_SS51,4,GF_00052
remove_SS51,4,GF_00071
remove_SS51,4,GF_00072
remove_SS51,4,GF_00073
remove_SS51,4,GF_00074
remove_SS51,4,GF_00075
remove_SS51,4,GF_00076
remove_SS51,4,GF_00077
remove_SS51,4,GF_00078
remove_SS51,4,GF_00079
remove_SS51,4,GF_00080
remove_SS51,4,GF_00081
remove_SS51,4,GF_00082
remove_SS51,4,GF_00083
remove_SS51,4,GF_00084
remove_SS51,4,GF_00085
remove_SS51,4,GF_00087
remove_SS51,4,GF_00088
remove_SS51,4,GF_00093
remove_SS51,4,GF_00094
remove_SS51,4,GF_00104
remove_SS51,4,GF_00105
remove_SS51,4,GF_00106
remove_SS51,4,GF_00107
remove_SS51,4,GF_00108
remove_SS51,4,GF_00109
remove_SS51,4,GF_00111
remove_SS51,4,GF_00112
remove_SS51,4,GF_00113
remove_SS51,4,GF_00114
remove_SS51,4,GF_00115
remove_SS51,4,GF_00116
remove_SS51,4,GF_00117
remove_SS51,4,GF_00119
remove_SS51,4,GF_00120
remove_SS51,4,GF_00121
remove_SS51,4,GF_00122
remove_SS51,4,GF_00123
remove_SS51,4,GF_00124
remove_SS51,4,GF_00125
remove_SS51,4,GF_00136
remove_SS51,4,GF_00137
remove_SS51,4,GF_00138
remove_SS51,4,GF_00139
remove_SS51,4,GF_00141
remove_SS51,4,GF_00142
remove_SS51,4,GF_00143
remove_SS51,4,GF_00155
remove_SS51,4,GF_00164
remove_SS51,4,GF_00170
remove_SS51,4,GF_00175
remove_SS51,4,GF_00178
remove_SS51,4,GF_00179
remove_SS51,4,GF_00180
remove_SS51,4,GF_00181
remove_SS51,4,GF_00185
remove_SS51,4,GF_00208
remove_SS51,4,GF_00220
remove_SS51,4,GF_00228
remove_SS51,4,GF_00229
remove_SS51,4,GF_00235
remove_SS51,4,GF_00244
remove_SS51,4,GF_00250
remove_SS51,4,GF_00251
remove_SS51,4,GF_00262
remove_SS51,4,GF_00281
remove_SS51,4,GF_00290
remove_SS51,4,GF_00296
remove_SS51,4,GF_00300
remove_SS51,4,GF_00302
remove_SS51,4,GF_00303
remove_SS51,4,GF_00305
remove_SS51,4,GF_00309
remove_SS51,4,GF_00311
remove_SS51,4,GF_00312
remove_SS51,4,GF_00313
remove_SS51,4,GF_00314
remove_SS51,4,GF_00315
remove_SS51,4,GF_00316
remove_SS51,4,GF_00317
remove_SS51,4,GF_00318
remove_SS51,4,GF_00319
remove_SS51,4,GF_00320
remove_SS51,4,GF_00321
remove_SS51,4,GF_00323
remove_SS51,4,GF_00324
remove_SS51,4,GF_00325
remove_SS51,4,GF_00326
remove_SS51,4,GF_00327
remove_SS51,4,GF_00329
remove_SS51,4,GF_00330
remove_SS51,4,GF_00331
remove_SS51,4,GF_00332
remove_SS51,4,GF_00333
remove_SS51,4,GF_00335
remove_SS51,4,GF_00336
remove_SS51,4,GF_00338
remove_SS51,4,GF_00339
remove_SS51,4,GF_00340
remove_SS51,4,GF_00341
remove_SS51,4,GF_00342
remove_SS51,4,GF_00343
remove_SS51,4,GF_00344
remove_SS51,4,GF_00346
remove_SS51,4,GF_00347
remove_SS51,4,GF_00348
remove_SS51,4,GF_00349
remove_SS51,4,GF_00350
remove_SS51,4,GF_00352
remove_SS51,4,GF_00353
remove_SS51,4,GF_00355
remove_SS51,4,GF_00358
remove_SS51,4,GF_00359
remove_SS51,4,GF_00360
remove_SS51,4,GF_00362
remove_SS51,4,GF_00363
remove_SS51,4,GF_00364
remove_SS51,4,GF_00365
remove_SS51,4,GF_00369
remove_SS51,4,GF_00378
remove_SS51,4,GF_00381
remove_SS51,4,GF_00384
remove_SS51,4,GF_00385
remove_SS51,4,GF_00386
remove_SS51,4,GF_00387
remove_SS51,4,GF_00388
remove_SS51,4,GF_00389
remove_SS51,4,GF_00390
remove_SS51,4,GF_00391
remove_SS51,4,GF_00393
remove_SS51,4,GF_00394
remove_SS51,4,GF_00395
remove_SS51,4,GF_00396
remove_SS51,4,GF_00400
remove_SS51,4,GF_00401
remove_SS51,4,GF_00402
remove_SS51,4,GF_00403
remove_SS51,4,GF_00404
remove_SS51,4,GF_00405
remove_SS51,4,GF_00406
remove_SS51,4,GF_00407
remove_SS51,4,GF_00408
remove_SS51,4,GF_00409
remove_SS51,4,GF_00410
remove_SS51,4,GF_00413
remove_SS51,4,GF_00414
remove_SS51,4,GF_00415
remove_SS51,4,GF_00417
remove_SS51,4,GF_00418
remove_SS51,4,GF_00419
remove_SS51,4,GF_00421
remove_SS51,4,GF_00422
remove_SS51,4,GF_00424
remove_SS51,4,GF_00426
remove_SS51,4,GF_00427
remove_SS51,4,GF_00428
remove_SS51,4,GF_00429
remove_SS51,4,GF_00430
remove_SS51,4,GF_00431
remove_SS51,4,GF_00432
remove_SS51,4,GF_00433
remove_SS51,4,GF_00434
remove_SS51,4,GF_00435
remove_SS51,4,GF_00436
remove_SS51,4,GF_00437
remove_SS51,4,GF_00438
remove_SS51,4,GF_00440
remove_SS51,4,GF_00441
remove_SS51,4,GF_00455
remove_SS51,4,GF_00456
remove_SS51,4,GF_00457
remove_SS51,4,GF_00458
remove_SS51,4,GF_00460
remove_SS51,4,GF_00471
remove_SS51,4,GF_00472
remove_SS51,4,GF_00477
remove_SS51,4,GF_00480
remove_SS51,4,GF_00482
remove_SS51,4,GF_00488
remove_SS51,4,GF_00489
remove_SS51,4,GF_00491
remove_SS51,4,GF_00503
remove_SS51,4,GF_00522
remove_SS51,4,GF_00523
remove_SS51,4,GF_00524
remove_SS51,4,GF_00525
remove_SS51,4,GF_00527
remove_SS51,4,GF_00528
remove_SS51,4,GF_00529
remove_SS51,4,GF_00530
remove_SS51,4,GF_00531
remove_SS51,4,GF_00536
remove_SS51,4,GF_00538
remove_SS51,4,GF_00546
remove_SS51,4,GF_00547
remove_SS51,4,GF_00548
remove_SS51,4,GF_00549
remove_SS51,4,GF_00564
remove_SS51,4,GF_00565
remove_SS51,4,GF_00566
remove_SS51,4,GF_00569
remove_SS51,4,GF_00570
remove_SS51,4,GF_00572
remove_SS51,4,GF_00574
remove_SS51,4,GF_00578
remove_SS51,4,GF_00580
remove_SS51,4,GF_00588
remove_SS51,4,GF_00593
remove_SS51,4,GF_00594
remove_SS51,4,GF_00595
remove_SS51,4,GF_00599
remove_SS51,4,GF_00600
remove_SS51,4,GF_00601
remove_SS51,4,GF_00602
remove_SS51,4,GF_00603
remove_SS51,4,GF_00604
remove_SS51,4,GF_00605
remove_SS51,4,GF_00606
remove_SS51,4,GF_00607
remove_SS51,4,GF_00608
remove_SS51,4,GF_00609
remove_SS51,4,GF_00611
remove_SS51,4,GF_00612
remove_SS51,4,GF_00613
remove_SS51,4,GF_00614
remove_SS51,4,GF_00615
remove_SS51,4,GF_00616
remove_SS51,4,GF_00617
remove_SS51,4,GF_00618
remove_SS51,4,GF_00619
remove_SS51,4,GF_00620
remove_SS51,4,GF_00621
remove_SS51,4,GF_00622
remove_SS51,4,GF_00623
remove_SS51,4,GF_00624
remove_SS51,4,GF_00632
remove_SS51,4,GF_00633
remove_SS51,4,GF_00634
remove_SS51,4,GF_00635
remove_SS51,4,GF_00636
remove_SS51,4,GF_00637
remove_SS51,4,GF_00638
remove_SS51,4,GF_00640
remove_SS51,4,GF_00641
remove_SS51,4,GF_00642
remove_SS51,4,GF_00643
remove_SS51,4,GF_00655
remove_SS51,4,GF_00658
remove_SS51,4,GF_00659
remove_SS51,4,GF_00661
remove_SS51,4,GF_00669
remove_SS51,4,GF_00676
remove_SS51,4,GF_00681
remove_SS51,4,GF_00682
remove_SS51,4,GF_00683
remove_SS51,4,GF_00684
remove_SS51,4,GF_00687
remove_SS51,4,GF_00688
remove_SS51,4,GF_00695
remove_SS51,4,GF_00699
remove_SS51,4,GF_00702
remove_SS51,4,GF_00709
remove_SS51,4,GF_00722
remove_SS51,4,GF_00723
remove_SS51,4,GF_00724
remove_SS51,4,GF_00725
remove_SS51,4,GF_00726
remove_SS51,4,GF_00727
remove_SS51,4,GF_00728
remove_SS51,4,GF_00729
remove_SS51,4,GF_00732
remove_SS51,4,GF_00736
remove_SS51,4,GF_00740
remove_SS51,4,GF_00741
remove_SS51,4,GF_00744
remove_SS51,4,GF_00751
remove_SS51,4,GF_00755
remove_SS51,4,GF_00756
remove_SS51,4,GF_00761
remove_SS51,4,GF_00771
remove_SS51,4,GF_00773
remove_SS51,4,GF_00776
remove_SS51,4,GF_00777
remove_SS51,4,GF_00785
remove_SS51,4,GF_00796
remove_SS51,4,GF_00810
remove_SS51,4,GF_00811
remove_SS51,4,GF_00813
remove_SS51,4,GF_00814
remove_SS51,4,GF_00816
remove_SS51,4,GF_00819
remove_SS51,4,GF_00828
remove_SS51,4,GF_00843
remove_SS51,4,GF_00845
remove_SS51,4,GF_00856
remove_SS51,4,GF_00857
remove_SS51,4,GF_00860
remove_SS51,4,GF_00864
remove_SS51,4,GF_00866
remove_SS51,4,GF_00867
remove_SS51,4,GF_00868
remove_SS51,4,GF_00869
remove_SS51,4,GF_00870
remove_SS51,4,GF_00872
remove_SS51,4,GF_00873
remove_SS51,4,GF_00874
remove_SS51,4,GF_00887
remove_SS51,4,GF_00888
remove_SS51,4,GF_00895
remove_SS51,4,GF_00916
remove_SS51,4,GF_00927
remove_SS51,4,GF_00931
remove_SS51,4,GF_00932
remove_SS51,4,GF_00933
remove_SS51,4,GF_00946
remove_SS51,4,GF_00947
remove_SS51,4,GF_00949
remove_SS51,4,GF_00957
remove_SS51,4,GF_00958
remove_SS51,4,GF_00959
remove_SS51,4,GF_00960
remove_SS51,4,GF_00966
remove_SS51,4,GF_00968
remove_SS51,4,GF_00969
remove_SS51,4,GF_00970
remove_SS51,4,GF_00971
remove_SS51,4,GF_00972
remove_SS51,4,GF_00982
remove_SS51,4,GF_01004
remove_SS51,4,GF_01005
remove_SS51,4,GF_01012
remove_SS51,4,GF_01026
remove_SS51,4,GF_01027
remove_SS51,4,GF_01028
remove_SS51,4,GF_01054
remove_SS51,4,GF_01147
remove_SS51,4,GF_01230
remove_SS51,4,GF_01231
remove_SS51,4,GF_01232
remove_SS51,4,GF_01233
remove_SS51,4,GF_01234
remove_SS51,4,GF_01235
remove_SS51,4,GF_01236
remove_SS51,4,GF_01237
remove_SS51,4,GF_01238
remove_SS51,4,GF_01239
remove_SS51,4,GF_01240
remove_SS51,4,GF_01241
remove_SS51,4,GF_01242
remove_SS51,4,GF_01243
remove_SS51,4,GF_01244
remove_SS51,4,GF_01245
remove_SS51,4,GF_01246
remove_SS51,4,GF_01247
remove_SS51,4,GF_01248
remove_SS51,4,GF_01253
remove_SS51,4,GF_01266
remove_SS51,4,GF_01279
remove_SS51,4,GF_01282
remove_SS51,4,GF_01287
remove_SS51,4,GF_01290
remove_SS51,4,GF_01291
remove_SS51,4,GF_01292
remove_SS51,4,GF_01293
remove_SS51,4,GF_01297
remove_SS51,4,GF_01306
remove_SS51,4,GF_01314
remove_SS51,4,GF_01315
remove_SS51,4,GF_01328
remove_SS51,4,GF_01329
remove_SS51,4,GF_01330
remove_SS51,4,GF_01331
remove_SS51,4,GF_01332
remove_SS51,4,GF_01333
remove_SS51,4,GF_01334
remove_SS51,4,GF_01336
remove_SS51,4,GF_01337
remove_SS51,4,GF_01338
remove_SS51,4,GF_01357
remove_SS51,4,GF_01359
remove_SS51,4,GF_01365
remove_SS51,4,GF_01372
remove_SS51,4,GF_01373
remove_SS51,4,GF_01374
remove_SS51,4,GF_01375
remove_SS51,4,GF_01376
remove_SS51,4,GF_01377
remove_SS51,4,GF_01378
remove_SS51,4,GF_01379
remove_SS51,4,GF_01380
remove_SS51,4,GF_01381
remove_SS51,4,GF_01382
remove_SS51,4,GF_01383
remove_SS51,4,GF_01384
remove_SS51,4,GF_01385
remove_SS51,4,GF_01386
remove_SS51,4,GF_01387
remove_SS51,4,GF_01390
remove_SS51,4,GF_01391
remove_SS51,4,GF_01393
remove_SS51,4,GF_01394
remove_SS51,4,GF_01395
remove_SS51,4,GF_01396
remove_SS51,4,GF_01397
remove_SS51,4,GF_01399
remove_SS51,4,GF_01400
remove_SS51,4,GF_01401
remove_SS51,4,GF_01404
remove_SS51,4,GF_01409
remove_SS51,4,GF_01425
remove_SS51,4,GF_01426
remove_SS51,4,GF_01428
remove_SS51,4,GF_01439
remove_SS51,4,GF_01445
remove_SS51,4,GF_01446
remove_SS51,4,GF_01447
remove_SS51,4,GF_01448
remove_SS51,4,GF_01449
remove_SS51,4,GF_01456
remove_SS51,4,GF_01458
remove_SS51,4,GF_01460
remove_SS51,4,GF_01461
remove_SS51,4,GF_01462
remove_SS51,4,GF_01464
remove_SS51,4,GF_01466
remove_SS51,4,GF_01476
remove_SS51,4,GF_01477
remove_SS51,4,GF_01479
remove_SS51,4,GF_01480
remove_SS51,4,GF_01481
remove_SS51,4,GF_01487
remove_SS51,4,GF_01497
remove_SS51,4,GF_01502
remove_SS51,4,GF_01504
remove_SS51,4,GF_01512
remove_SS51,4,GF_01514
remove_SS51,4,GF_01527
remove_SS51,4,GF_01534
remove_SS51,4,GF_01535
remove_SS51,4,GF_01536
remove_SS51,4,GF_01537
remove_SS51,4,GF_01538
remove_SS51,4,GF_01539
remove_SS51,4,GF_01540
remove_SS51,4,GF_01541
remove_SS51,4,GF_01542
remove_SS51,4,GF_01543
remove_SS51,4,GF_01544
remove_SS51,4,GF_01547
remove_SS51,4,GF_01549
remove_SS51,4,GF_01550
remove_SS51,4,GF_01552
remove_SS51,4,GF_01553
remove_SS51,4,GF_01579
remove_SS51,4,GF_01580
remove_SS51,4,GF_01583
remove_SS51,4,GF_01584
remove_SS51,4,GF_01591
remove_SS51,4,GF_01592
remove_SS51,4,GF_01616
remove_SS51,4,GF_01617
remove_SS51,4,GF_01618
remove_SS51,4,GF_01619
remove_SS51,4,GF_01620
remove_SS51,4,GF_01621
remove_SS51,4,GF_01623
remove_SS51,4,GF_01626
remove_SS51,4,GF_01627
remove_SS51,4,GF_01628
remove_SS51,4,GF_01629
remove_SS51,4,GF_01633
remove_SS51,4,GF_01634
remove_SS51,4,GF_01635
remove_SS51,4,GF_01636
remove_SS51,4,GF_01637
remove_SS51,4,GF_01638
remove_SS51,4,GF_01639
remove_SS51,4,GF_01641
remove_SS51,4,GF_01643
remove_SS51,4,GF_01645
remove_SS51,4,GF_01648
remove_SS51,4,GF_01659
remove_SS51,4,GF_01661
remove_SS51,4,GF_01672
remove_SS51,4,GF_01673
remove_SS51,4,GF_01674
remove_SS51,4,GF_01675
remove_SS51,4,GF_01676
remove_SS51,4,GF_01677
remove_SS51,4,GF_01678
remove_SS51,4,GF_01679
remove_SS51,4,GF_01680
remove_SS51,4,GF_01681
remove_SS51,4,GF_01683
remove_SS51,4,GF_01684
remove_SS51,4,GF_01685
remove_SS51,4,GF_01688
remove_SS51,4,GF_01689
remove_SS51,4,GF_01690
remove_SS51,4,GF_01691
remove_SS51,4,GF_01692
remove_SS51,4,GF_01693
remove_SS51,4,GF_01732
remove_SS51,4,GF_01733
remove_SS51,4,GF_01734
remove_SS51,4,GF_01735
remove_SS51,4,GF_01736
remove_SS51,4,GF_01740
remove_SS51,4,GF_01741
remove_SS51,4,GF_01742
remove_SS51,4,GF_01763
remove_SS51,4,GF_01764
remove_SS51,4,GF_01770
remove_SS51,4,GF_01783
remove_SS51,4,GF_01797
remove_SS51,4,GF_01798
remove_SS51,4,GF_01799
remove_SS51,4,GF_01801
remove_SS51,4,GF_01802
remove_SS51,4,GF_01803
remove_SS51,4,GF_01805
remove_SS51,4,GF_01806
remove_SS51,4,GF_01807
remove_SS51,4,GF_01808
remove_SS51,4,GF_01809
remove_SS51,4,GF_01810
remove_SS51,4,GF_01811
remove_SS51,4,GF_01812
remove_SS51,4,GF_01813
remove_SS51,4,GF_01814
remove_SS51,4,GF_01815
remove_SS51,4,GF_01816
remove_SS51,4,GF_01817
remove_SS51,4,GF_01818
remove_SS51,4,GF_01819
remove_SS51,4,GF_01822
remove_SS51,4,GF_01823
remove_SS51,4,GF_01834
remove_SS51,4,GF_01836
remove_SS51,4,GF_01837
remove_SS51,4,GF_01840
remove_SS51,4,GF_01841
remove_SS51,4,GF_01842
remove_SS51,4,GF_01844
remove_SS51,4,GF_01856
remove_SS51,4,GF_01860
remove_SS51,4,GF_01866
remove_SS51,4,GF_01870
remove_SS51,4,GF_01872
remove_SS51,4,GF_01874
remove_SS51,4,GF_01885
remove_SS51,4,GF_01897
remove_SS51,4,GF_01898
remove_SS51,4,GF_01899
remove_SS51,4,GF_01900
remove_SS51,4,GF_01901
remove_SS51,4,GF_01902
remove_SS51,4,GF_01904
remove_SS51,4,GF_01919
remove_SS51,4,GF_01921
remove_SS51,4,GF_01925
remove_SS51,4,GF_01926
remove_SS51,4,GF_01927
remove_SS51,4,GF_01928
remove_SS51,4,GF_01929
remove_SS51,4,GF_01930
remove_SS51,4,GF_01945
remove_SS51,4,GF_02041
remove_SS51,4,GF_02059
remove_SS51,4,GF_02060
remove_SS51,4,GF_02069
remove_SS51,4,GF_02070
remove_SS51,4,GF_02071
remove_SS51,4,GF_02072
remove_SS51,4,GF_02073
remove_SS51,4,GF_02074
remove_SS51,4,GF_02075
remove_SS51,4,GF_02076
remove_SS51,4,GF_02081
remove_SS51,4,GF_02084
remove_SS51,4,GF_02085
remove_SS51,4,GF_02088
remove_SS51,4,GF_02089
remove_SS51,4,GF_02091
remove_SS51,4,GF_02092
remove_SS51,4,GF_02093
remove_SS51,4,GF_02094
remove_SS51,4,GF_02101
remove_SS51,4,GF_02109
remove_SS51,4,GF_02110
remove_SS51,4,GF_02122
remove_SS51,4,GF_02130
remove_SS51,4,GF_02131
remove_SS51,4,GF_02132
remove_SS51,4,GF_02136
remove_SS51,4,GF_02137
remove_SS51,4,GF_02138
remove_SS51,4,GF_02139
remove_SS51,4,GF_02140
remove_SS51,4,GF_02142
remove_SS51,4,GF_02143
remove_SS51,4,GF_02145
remove_SS51,4,GF_02152
remove_SS51,4,GF_02157
remove_SS51,4,GF_02158
remove_SS51,4,GF_02159
remove_SS51,4,GF_02168
remove_SS51,4,GF_02172
remove_SS51,4,GF_02178
remove_SS51,4,GF_02180
remove_SS51,4,GF_02184
remove_SS51,4,GF_02192
remove_SS51,4,GF_02194
remove_SS51,4,GF_02215
remove_SS51,4,GF_02216
remove_SS51,4,GF_02217
remove_SS51,4,GF_02218
remove_SS51,4,GF_02219
remove_SS51,4,GF_02220
remove_SS51,4,GF_02222
remove_SS51,4,GF_02223
remove_SS51,4,GF_02224
remove_SS51,4,GF_02225
remove_SS51,4,GF_02226
remove_SS51,4,GF_02227
remove_SS51,4,GF_02228
remove_SS51,4,GF_02229
remove_SS51,4,GF_02230
remove_SS51,4,GF_02239
remove_SS51,4,GF_02260
remove_SS51,4,GF_02261
remove_SS51,4,GF_02262
remove_SS51,4,GF_02263
remove_SS51,4,GF_02264
remove_SS51,4,GF_02266
remove_SS51,5,GF_00002
remove_SS51,5,GF_00008
remove_SS51,5,GF_00011
remove_SS51,5,GF_00012
remove_SS51,5,GF_00013
remove_SS51,5,GF_00014
remove_SS51,5,GF_00015
remove_SS51,5,GF_00016
remove_SS51,5,GF_00017
remove_SS51,5,GF_00018
remove_SS51,5,GF_00036
remove_SS51,5,GF_00043
remove_SS51,5,GF_00044
remove_SS51,5,GF_00046
remove_SS51,5,GF_00047
remove_SS51,5,GF_00048
remove_SS51,5,GF_00051
remove_SS51,5,GF_00052
remove_SS51,5,GF_00071
remove_SS51,5,GF_00072
remove_SS51,5,GF_00073
remove_SS51,5,GF_00074
remove_SS51,5,GF_00075
remove_SS51,5,GF_00076
remove_SS51,5,GF_00077
remove_SS51,5,GF_00078
remove_SS51,5,GF_00079
remove_SS51,5,GF_00080
remove_SS51,5,GF_00081
remove_SS51,5,GF_00082
remove_SS51,5,GF_00083
remove_SS51,5,GF_00084
remove_SS51,5,GF_00085
remove_SS51,5,GF_00087
remove_SS51,5,GF_00088
remove_SS51,5,GF_00093
remove_SS51,5,GF_00094
remove_SS51,5,GF_00104
remove_SS51,5,GF_00105
remove_SS51,5,GF_00106
remove_SS51,5,GF_00107
remove_SS51,5,GF_00108
remove_SS51,5,GF_00109
remove_SS51,5,GF_00110
remove_SS51,5,GF_00111
remove_SS51,5,GF_00112
remove_SS51,5,GF_00113
remove_SS51,5,GF_00114
remove_SS51,5,GF_00115
remove_SS51,5,GF_00116
remove_SS51,5,GF_00117
remove_SS51,5,GF_00119
remove_SS51,5,GF_00120
remove_SS51,5,GF_00121
remove_SS51,5,GF_00122
remove_SS51,5,GF_00123
remove_SS51,5,GF_00124
remove_SS51,5,GF_00125
remove_SS51,5,GF_00136
remove_SS51,5,GF_00137
remove_SS51,5,GF_00138
remove_SS51,5,GF_00139
remove_SS51,5,GF_00141
remove_SS51,5,GF_00142
remove_SS51,5,GF_00143
remove_SS51,5,GF_00155
remove_SS51,5,GF_00164
remove_SS51,5,GF_00170
remove_SS51,5,GF_00175
remove_SS51,5,GF_00178
remove_SS51,5,GF_00179
remove_SS51,5,GF_00180
remove_SS51,5,GF_00181
remove_SS51,5,GF_00185
remove_SS51,5,GF_00208
remove_SS51,5,GF_00220
remove_SS51,5,GF_00228
remove_SS51,5,GF_00229
remove_SS51,5,GF_00235
remove_SS51,5,GF_00244
remove_SS51,5,GF_00251
remove_SS51,5,GF_00262
remove_SS51,5,GF_00281
remove_SS51,5,GF_00290
remove_SS51,5,GF_00296
remove_SS51,5,GF_00300
remove_SS51,5,GF_00302
remove_SS51,5,GF_00303
remove_SS51,5,GF_00305
remove_SS51,5,GF_00309
remove_SS51,5,GF_00310
remove_SS51,5,GF_00311
remove_SS51,5,GF_00312
remove_SS51,5,GF_00313
remove_SS51,5,GF_00314
remove_SS51,5,GF_00315
remove_SS51,5,GF_00316
remove_SS51,5,GF_00317
remove_SS51,5,GF_00318
remove_SS51,5,GF_00319
remove_SS51,5,GF_00320
remove_SS51,5,GF_00321
remove_SS51,5,GF_00322
remove_SS51,5,GF_00323
remove_SS51,5,GF_00324
remove_SS51,5,GF_00325
remove_SS51,5,GF_00326
remove_SS51,5,GF_00327
remove_SS51,5,GF_00329
remove_SS51,5,GF_00330
remove_SS51,5,GF_00331
remove_SS51,5,GF_00332
remove_SS51,5,GF_00333
remove_SS51,5,GF_00335
remove_SS51,5,GF_00336
remove_SS51,5,GF_00337
remove_SS51,5,GF_00338
remove_SS51,5,GF_00339
remove_SS51,5,GF_00340
remove_SS51,5,GF_00341
remove_SS51,5,GF_00342
remove_SS51,5,GF_00343
remove_SS51,5,GF_00344
remove_SS51,5,GF_00346
remove_SS51,5,GF_00347
remove_SS51,5,GF_00348
remove_SS51,5,GF_00349
remove_SS51,5,GF_00350
remove_SS51,5,GF_00351
remove_SS51,5,GF_00352
remove_SS51,5,GF_00353
remove_SS51,5,GF_00355
remove_SS51,5,GF_00358
remove_SS51,5,GF_00360
remove_SS51,5,GF_00362
remove_SS51,5,GF_00363
remove_SS51,5,GF_00364
remove_SS51,5,GF_00365
remove_SS51,5,GF_00369
remove_SS51,5,GF_00381
remove_SS51,5,GF_00384
remove_SS51,5,GF_00385
remove_SS51,5,GF_00386
remove_SS51,5,GF_00387
remove_SS51,5,GF_00388
remove_SS51,5,GF_00389
remove_SS51,5,GF_00390
remove_SS51,5,GF_00391
remove_SS51,5,GF_00393
remove_SS51,5,GF_00394
remove_SS51,5,GF_00395
remove_SS51,5,GF_00396
remove_SS51,5,GF_00400
remove_SS51,5,GF_00401
remove_SS51,5,GF_00402
remove_SS51,5,GF_00403
remove_SS51,5,GF_00404
remove_SS51,5,GF_00405
remove_SS51,5,GF_00406
remove_SS51,5,GF_00407
remove_SS51,5,GF_00408
remove_SS51,5,GF_00409
remove_SS51,5,GF_00410
remove_SS51,5,GF_00413
remove_SS51,5,GF_00414
remove_SS51,5,GF_00415
remove_SS51,5,GF_00417
remove_SS51,5,GF_00418
remove_SS51,5,GF_00421
remove_SS51,5,GF_00422
remove_SS51,5,GF_00424
remove_SS51,5,GF_00426
remove_SS51,5,GF_00427
remove_SS51,5,GF_00428
remove_SS51,5,GF_00429
remove_SS51,5,GF_00430
remove_SS51,5,GF_00431
remove_SS51,5,GF_00432
remove_SS51,5,GF_00433
remove_SS51,5,GF_00434
remove_SS51,5,GF_00435
remove_SS51,5,GF_00436
remove_SS51,5,GF_00437
remove_SS51,5,GF_00438
remove_SS51,5,GF_00440
remove_SS51,5,GF_00441
remove_SS51,5,GF_00455
remove_SS51,5,GF_00456
remove_SS51,5,GF_00457
remove_SS51,5,GF_00458
remove_SS51,5,GF_00459
remove_SS51,5,GF_00471
remove_SS51,5,GF_00480
remove_SS51,5,GF_00482
remove_SS51,5,GF_00488
remove_SS51,5,GF_00489
remove_SS51,5,GF_00503
remove_SS51,5,GF_00522
remove_SS51,5,GF_00523
remove_SS51,5,GF_00524
remove_SS51,5,GF_00525
remove_SS51,5,GF_00527
remove_SS51,5,GF_00528
remove_SS51,5,GF_00529
remove_SS51,5,GF_00530
remove_SS51,5,GF_00531
remove_SS51,5,GF_00536
remove_SS51,5,GF_00538
remove_SS51,5,GF_00546
remove_SS51,5,GF_00547
remove_SS51,5,GF_00548
remove_SS51,5,GF_00549
remove_SS51,5,GF_00564
remove_SS51,5,GF_00565
remove_SS51,5,GF_00566
remove_SS51,5,GF_00569
remove_SS51,5,GF_00570
remove_SS51,5,GF_00572
remove_SS51,5,GF_00574
remove_SS51,5,GF_00578
remove_SS51,5,GF_00580
remove_SS51,5,GF_00594
remove_SS51,5,GF_00595
remove_SS51,5,GF_00596
remove_SS51,5,GF_00599
remove_SS51,5,GF_00600
remove_SS51,5,GF_00601
remove_SS51,5,GF_00603
remove_SS51,5,GF_00604
remove_SS51,5,GF_00605
remove_SS51,5,GF_00606
remove_SS51,5,GF_00607
remove_SS51,5,GF_00608
remove_SS51,5,GF_00609
remove_SS51,5,GF_00610
remove_SS51,5,GF_00611
remove_SS51,5,GF_00612
remove_SS51,5,GF_00613
remove_SS51,5,GF_00614
remove_SS51,5,GF_00615
remove_SS51,5,GF_00616
remove_SS51,5,GF_00617
remove_SS51,5,GF_00618
remove_SS51,5,GF_00619
remove_SS51,5,GF_00620
remove_SS51,5,GF_00621
remove_SS51,5,GF_00622
remove_SS51,5,GF_00623
remove_SS51,5,GF_00624
remove_SS51,5,GF_00632
remove_SS51,5,GF_00633
remove_SS51,5,GF_00634
remove_SS51,5,GF_00635
remove_SS51,5,GF_00636
remove_SS51,5,GF_00637
remove_SS51,5,GF_00638
remove_SS51,5,GF_00640
remove_SS51,5,GF_00641
remove_SS51,5,GF_00642
remove_SS51,5,GF_00643
remove_SS51,5,GF_00655
remove_SS51,5,GF_00658
remove_SS51,5,GF_00659
remove_SS51,5,GF_00661
remove_SS51,5,GF_00669
remove_SS51,5,GF_00676
remove_SS51,5,GF_00680
remove_SS51,5,GF_00681
remove_SS51,5,GF_00682
remove_SS51,5,GF_00683
remove_SS51,5,GF_00684
remove_SS51,5,GF_00686
remove_SS51,5,GF_00688
remove_SS51,5,GF_00695
remove_SS51,5,GF_00699
remove_SS51,5,GF_00702
remove_SS51,5,GF_00709
remove_SS51,5,GF_00722
remove_SS51,5,GF_00723
remove_SS51,5,GF_00724
remove_SS51,5,GF_00725
remove_SS51,5,GF_00726
remove_SS51,5,GF_00727
remove_SS51,5,GF_00728
remove_SS51,5,GF_00729
remove_SS51,5,GF_00732
remove_SS51,5,GF_00736
remove_SS51,5,GF_00740
remove_SS51,5,GF_00741
remove_SS51,5,GF_00744
remove_SS51,5,GF_00751
remove_SS51,5,GF_00755
remove_SS51,5,GF_00756
remove_SS51,5,GF_00761
remove_SS51,5,GF_00771
remove_SS51,5,GF_00773
remove_SS51,5,GF_00776
remove_SS51,5,GF_00777
remove_SS51,5,GF_00785
remove_SS51,5,GF_00796
remove_SS51,5,GF_00810
remove_SS51,5,GF_00811
remove_SS51,5,GF_00813
remove_SS51,5,GF_00814
remove_SS51,5,GF_00815
remove_SS51,5,GF_00816
remove_SS51,5,GF_00819
remove_SS51,5,GF_00828
remove_SS51,5,GF_00845
remove_SS51,5,GF_00857
remove_SS51,5,GF_00864
remove_SS51,5,GF_00865
remove_SS51,5,GF_00866
remove_SS51,5,GF_00868
remove_SS51,5,GF_00869
remove_SS51,5,GF_00870
remove_SS51,5,GF_00871
remove_SS51,5,GF_00873
remove_SS51,5,GF_00874
remove_SS51,5,GF_00887
remove_SS51,5,GF_00888
remove_SS51,5,GF_00895
remove_SS51,5,GF_00916
remove_SS51,5,GF_00931
remove_SS51,5,GF_00932
remove_SS51,5,GF_00933
remove_SS51,5,GF_00946
remove_SS51,5,GF_00949
remove_SS51,5,GF_00957
remove_SS51,5,GF_00958
remove_SS51,5,GF_00959
remove_SS51,5,GF_00960
remove_SS51,5,GF_00963
remove_SS51,5,GF_00966
remove_SS51,5,GF_00967
remove_SS51,5,GF_00968
remove_SS51,5,GF_00969
remove_SS51,5,GF_00970
remove_SS51,5,GF_00971
remove_SS51,5,GF_00972
remove_SS51,5,GF_00982
remove_SS51,5,GF_01005
remove_SS51,5,GF_01012
remove_SS51,5,GF_01026
remove_SS51,5,GF_01027
remove_SS51,5,GF_01028
remove_SS51,5,GF_01054
remove_SS51,5,GF_01230
remove_SS51,5,GF_01231
remove_SS51,5,GF_01232
remove_SS51,5,GF_01233
remove_SS51,5,GF_01234
remove_SS51,5,GF_01235
remove_SS51,5,GF_01236
remove_SS51,5,GF_01237
remove_SS51,5,GF_01239
remove_SS51,5,GF_01240
remove_SS51,5,GF_01241
remove_SS51,5,GF_01242
remove_SS51,5,GF_01244
remove_SS51,5,GF_01245
remove_SS51,5,GF_01246
remove_SS51,5,GF_01247
remove_SS51,5,GF_01248
remove_SS51,5,GF_01266
remove_SS51,5,GF_01287
remove_SS51,5,GF_01290
remove_SS51,5,GF_01291
remove_SS51,5,GF_01292
remove_SS51,5,GF_01293
remove_SS51,5,GF_01297
remove_SS51,5,GF_01306
remove_SS51,5,GF_01314
remove_SS51,5,GF_01315
remove_SS51,5,GF_01327
remove_SS51,5,GF_01328
remove_SS51,5,GF_01329
remove_SS51,5,GF_01330
remove_SS51,5,GF_01331
remove_SS51,5,GF_01332
remove_SS51,5,GF_01333
remove_SS51,5,GF_01334
remove_SS51,5,GF_01335
remove_SS51,5,GF_01336
remove_SS51,5,GF_01337
remove_SS51,5,GF_01338
remove_SS51,5,GF_01372
remove_SS51,5,GF_01374
remove_SS51,5,GF_01375
remove_SS51,5,GF_01376
remove_SS51,5,GF_01377
remove_SS51,5,GF_01379
remove_SS51,5,GF_01381
remove_SS51,5,GF_01382
remove_SS51,5,GF_01383
remove_SS51,5,GF_01385
remove_SS51,5,GF_01387
remove_SS51,5,GF_01390
remove_SS51,5,GF_01391
remove_SS51,5,GF_01392
remove_SS51,5,GF_01393
remove_SS51,5,GF_01394
remove_SS51,5,GF_01395
remove_SS51,5,GF_01396
remove_SS51,5,GF_01397
remove_SS51,5,GF_01398
remove_SS51,5,GF_01399
remove_SS51,5,GF_01400
remove_SS51,5,GF_01401
remove_SS51,5,GF_01404
remove_SS51,5,GF_01409
remove_SS51,5,GF_01425
remove_SS51,5,GF_01426
remove_SS51,5,GF_01428
remove_SS51,5,GF_01439
remove_SS51,5,GF_01445
remove_SS51,5,GF_01446
remove_SS51,5,GF_01447
remove_SS51,5,GF_01448
remove_SS51,5,GF_01449
remove_SS51,5,GF_01456
remove_SS51,5,GF_01458
remove_SS51,5,GF_01460
remove_SS51,5,GF_01461
remove_SS51,5,GF_01462
remove_SS51,5,GF_01466
remove_SS51,5,GF_01476
remove_SS51,5,GF_01477
remove_SS51,5,GF_01479
remove_SS51,5,GF_01480
remove_SS51,5,GF_01481
remove_SS51,5,GF_01487
remove_SS51,5,GF_01502
remove_SS51,5,GF_01512
remove_SS51,5,GF_01514
remove_SS51,5,GF_01527
remove_SS51,5,GF_01533
remove_SS51,5,GF_01534
remove_SS51,5,GF_01536
remove_SS51,5,GF_01538
remove_SS51,5,GF_01539
remove_SS51,5,GF_01540
remove_SS51,5,GF_01541
remove_SS51,5,GF_01542
remove_SS51,5,GF_01544
remove_SS51,5,GF_01547
remove_SS51,5,GF_01549
remove_SS51,5,GF_01550
remove_SS51,5,GF_01552
remove_SS51,5,GF_01553
remove_SS51,5,GF_01579
remove_SS51,5,GF_01580
remove_SS51,5,GF_01583
remove_SS51,5,GF_01584
remove_SS51,5,GF_01591
remove_SS51,5,GF_01592
remove_SS51,5,GF_01616
remove_SS51,5,GF_01617
remove_SS51,5,GF_01618
remove_SS51,5,GF_01619
remove_SS51,5,GF_01620
remove_SS51,5,GF_01621
remove_SS51,5,GF_01622
remove_SS51,5,GF_01623
remove_SS51,5,GF_01625
remove_SS51,5,GF_01626
remove_SS51,5,GF_01627
remove_SS51,5,GF_01628
remove_SS51,5,GF_01629
remove_SS51,5,GF_01630
remove_SS51,5,GF_01634
remove_SS51,5,GF_01636
remove_SS51,5,GF_01637
remove_SS51,5,GF_01638
remove_SS51,5,GF_01639
remove_SS51,5,GF_01641
remove_SS51,5,GF_01648
remove_SS51,5,GF_01661
remove_SS51,5,GF_01673
remove_SS51,5,GF_01674
remove_SS51,5,GF_01675
remove_SS51,5,GF_01676
remove_SS51,5,GF_01677
remove_SS51,5,GF_01678
remove_SS51,5,GF_01679
remove_SS51,5,GF_01680
remove_SS51,5,GF_01681
remove_SS51,5,GF_01684
remove_SS51,5,GF_01685
remove_SS51,5,GF_01688
remove_SS51,5,GF_01689
remove_SS51,5,GF_01690
remove_SS51,5,GF_01691
remove_SS51,5,GF_01692
remove_SS51,5,GF_01693
remove_SS51,5,GF_01732
remove_SS51,5,GF_01733
remove_SS51,5,GF_01734
remove_SS51,5,GF_01735
remove_SS51,5,GF_01736
remove_SS51,5,GF_01737
remove_SS51,5,GF_01741
remove_SS51,5,GF_01742
remove_SS51,5,GF_01745
remove_SS51,5,GF_01763
remove_SS51,5,GF_01783
remove_SS51,5,GF_01798
remove_SS51,5,GF_01799
remove_SS51,5,GF_01801
remove_SS51,5,GF_01802
remove_SS51,5,GF_01803
remove_SS51,5,GF_01805
remove_SS51,5,GF_01806
remove_SS51,5,GF_01807
remove_SS51,5,GF_01808
remove_SS51,5,GF_01809
remove_SS51,5,GF_01810
remove_SS51,5,GF_01811
remove_SS51,5,GF_01812
remove_SS51,5,GF_01813
remove_SS51,5,GF_01814
remove_SS51,5,GF_01815
remove_SS51,5,GF_01816
remove_SS51,5,GF_01818
remove_SS51,5,GF_01819
remove_SS51,5,GF_01822
remove_SS51,5,GF_01823
remove_SS51,5,GF_01834
remove_SS51,5,GF_01836
remove_SS51,5,GF_01837
remove_SS51,5,GF_01840
remove_SS51,5,GF_01841
remove_SS51,5,GF_01842
remove_SS51,5,GF_01844
remove_SS51,5,GF_01856
remove_SS51,5,GF_01860
remove_SS51,5,GF_01866
remove_SS51,5,GF_01870
remove_SS51,5,GF_01885
remove_SS51,5,GF_01896
remove_SS51,5,GF_01898
remove_SS51,5,GF_01899
remove_SS51,5,GF_01900
remove_SS51,5,GF_01901
remove_SS51,5,GF_01902
remove_SS51,5,GF_01904
remove_SS51,5,GF_01919
remove_SS51,5,GF_01921
remove_SS51,5,GF_01923
remove_SS51,5,GF_01925
remove_SS51,5,GF_01926
remove_SS51,5,GF_01927
remove_SS51,5,GF_01928
remove_SS51,5,GF_01929
remove_SS51,5,GF_01930
remove_SS51,5,GF_01945
remove_SS51,5,GF_02041
remove_SS51,5,GF_02059
remove_SS51,5,GF_02060
remove_SS51,5,GF_02069
remove_SS51,5,GF_02070
remove_SS51,5,GF_02071
remove_SS51,5,GF_02072
remove_SS51,5,GF_02074
remove_SS51,5,GF_02075
remove_SS51,5,GF_02076
remove_SS51,5,GF_02084
remove_SS51,5,GF_02085
remove_SS51,5,GF_02086
remove_SS51,5,GF_02088
remove_SS51,5,GF_02089
remove_SS51,5,GF_02091
remove_SS51,5,GF_02092
remove_SS51,5,GF_02093
remove_SS51,5,GF_02094
remove_SS51,5,GF_02101
remove_SS51,5,GF_02110
remove_SS51,5,GF_02113
remove_SS51,5,GF_02122
remove_SS51,5,GF_02130
remove_SS51,5,GF_02131
remove_SS51,5,GF_02132
remove_SS51,5,GF_02136
remove_SS51,5,GF_02137
remove_SS51,5,GF_02138
remove_SS51,5,GF_02139
remove_SS51,5,GF_02140
remove_SS51,5,GF_02141
remove_SS51,5,GF_02142
remove_SS51,5,GF_02145
remove_SS51,5,GF_02152
remove_SS51,5,GF_02157
remove_SS51,5,GF_02158
remove_SS51,5,GF_02159
remove_SS51,5,GF_02172
remove_SS51,5,GF_02178
remove_SS51,5,GF_02180
remove_SS51,5,GF_02184
remove_SS51,5,GF_02215
remove_SS51,5,GF_02216
remove_SS51,5,GF_02217
remove_SS51,5,GF_02218
remove_SS51,5,GF_02219
remove_SS51,5,GF_02220
remove_SS51,5,GF_02222
remove_SS51,5,GF_02223
remove_SS51,5,GF_02224
remove_SS51,5,GF_02225
remove_SS51,5,GF_02226
remove_SS51,5,GF_02227
remove_SS51,5,GF_02228
remove_SS51,5,GF_02229
remove_SS51,5,GF_02230
remove_SS51,5,GF_02260
remove_SS51,5,GF_02261
remove_SS51,5,GF_02262
remove_SS51,5,GF_02263
remove_SS51,5,GF_02264
remove_SS51,5,GF_02265
remove_SS51,5,GF_02266
connected_group_repartition,1,GF_00002
connected_group_repartition,1,GF_00008
connected_group_repartition,1,GF_00011
connected_group_repartition,1,GF_00012
connected_group_repartition,1,GF_00013
connected_group_repartition,1,GF_00014
connected_group_repartition,1,GF_00015
connected_group_repartition,1,GF_00017
connected_group_repartition,1,GF_00018
connected_group_repartition,1,GF_00036
connected_group_repartition,1,GF_00043
connected_group_repartition,1,GF_00044
connected_group_repartition,1,GF_00046
connected_group_repartition,1,GF_00047
connected_group_repartition,1,GF_00048
connected_group_repartition,1,GF_00049
connected_group_repartition,1,GF_00051
connected_group_repartition,1,GF_00052
connected_group_repartition,1,GF_00071
connected_group_repartition,1,GF_00072
connected_group_repartition,1,GF_00073
connected_group_repartition,1,GF_00074
connected_group_repartition,1,GF_00075
connected_group_repartition,1,GF_00076
connected_group_repartition,1,GF_00077
connected_group_repartition,1,GF_00078
connected_group_repartition,1,GF_00079
connected_group_repartition,1,GF_00080
connected_group_repartition,1,GF_00081
connected_group_repartition,1,GF_00082
connected_group_repartition,1,GF_00083
connected_group_repartition,1,GF_00084
connected_group_repartition,1,GF_00085
connected_group_repartition,1,GF_00087
connected_group_repartition,1,GF_00088
connected_group_repartition,1,GF_00093
connected_group_repartition,1,GF_00094
connected_group_repartition,1,GF_00104
connected_group_repartition,1,GF_00105
connected_group_repartition,1,GF_00106
connected_group_repartition,1,GF_00107
connected_group_repartition,1,GF_00108
connected_group_repartition,1,GF_00109
connected_group_repartition,1,GF_00111
connected_group_repartition,1,GF_00112
connected_group_repartition,1,GF_00113
connected_group_repartition,1,GF_00114
connected_group_repartition,1,GF_00115
connected_group_repartition,1,GF_00116
connected_group_repartition,1,GF_00117
connected_group_repartition,1,GF_00120
connected_group_repartition,1,GF_00121
connected_group_repartition,1,GF_00122
connected_group_repartition,1,GF_00123
connected_group_repartition,1,GF_00124
connected_group_repartition,1,GF_00125
connected_group_repartition,1,GF_00136
connected_group_repartition,1,GF_00137
connected_group_repartition,1,GF_00138
connected_group_repartition,1,GF_00139
connected_group_repartition,1,GF_00141
connected_group_repartition,1,GF_00142
connected_group_repartition,1,GF_00143
connected_group_repartition,1,GF_00155
connected_group_repartition,1,GF_00164
connected_group_repartition,1,GF_00175
connected_group_repartition,1,GF_00178
connected_group_repartition,1,GF_00179
connected_group_repartition,1,GF_00180
connected_group_repartition,1,GF_00185
connected_group_repartition,1,GF_00220
connected_group_repartition,1,GF_00228
connected_group_repartition,1,GF_00229
connected_group_repartition,1,GF_00244
connected_group_repartition,1,GF_00251
connected_group_repartition,1,GF_00262
connected_group_repartition,1,GF_00281
connected_group_repartition,1,GF_00290
connected_group_repartition,1,GF_00296
connected_group_repartition,1,GF_00300
connected_group_repartition,1,GF_00302
connected_group_repartition,1,GF_00303
connected_group_repartition,1,GF_00305
connected_group_repartition,1,GF_00309
connected_group_repartition,1,GF_00310
connected_group_repartition,1,GF_00311
connected_group_repartition,1,GF_00312
connected_group_repartition,1,GF_00313
connected_group_repartition,1,GF_00314
connected_group_repartition,1,GF_00315
connected_group_repartition,1,GF_00316
connected_group_repartition,1,GF_00317
connected_group_repartition,1,GF_00318
connected_group_repartition,1,GF_00319
connected_group_repartition,1,GF_00320
connected_group_repartition,1,GF_00321
connected_group_repartition,1,GF_00323
connected_group_repartition,1,GF_00324
connected_group_repartition,1,GF_00325
connected_group_repartition,1,GF_00326
connected_group_repartition,1,GF_00327
connected_group_repartition,1,GF_00329
connected_group_repartition,1,GF_00330
connected_group_repartition,1,GF_00331
connected_group_repartition,1,GF_00332
connected_group_repartition,1,GF_00333
connected_group_repartition,1,GF_00335
connected_group_repartition,1,GF_00336
connected_group_repartition,1,GF_00338
connected_group_repartition,1,GF_00340
connected_group_repartition,1,GF_00341
connected_group_repartition,1,GF_00342
connected_group_repartition,1,GF_00343
connected_group_repartition,1,GF_00344
connected_group_repartition,1,GF_00346
connected_group_repartition,1,GF_00347
connected_group_repartition,1,GF_00348
connected_group_repartition,1,GF_00349
connected_group_repartition,1,GF_00350
connected_group_repartition,1,GF_00351
connected_group_repartition,1,GF_00352
connected_group_repartition,1,GF_00353
connected_group_repartition,1,GF_00358
connected_group_repartition,1,GF_00360
connected_group_repartition,1,GF_00362
connected_group_repartition,1,GF_00363
connected_group_repartition,1,GF_00364
connected_group_repartition,1,GF_00365
connected_group_repartition,1,GF_00369
connected_group_repartition,1,GF_00381
connected_group_repartition,1,GF_00384
connected_group_repartition,1,GF_00385
connected_group_repartition,1,GF_00386
connected_group_repartition,1,GF_00387
connected_group_repartition,1,GF_00388
connected_group_repartition,1,GF_00390
connected_group_repartition,1,GF_00391
connected_group_repartition,1,GF_00393
connected_group_repartition,1,GF_00394
connected_group_repartition,1,GF_00395
connected_group_repartition,1,GF_00396
connected_group_repartition,1,GF_00400
connected_group_repartition,1,GF_00401
connected_group_repartition,1,GF_00402
connected_group_repartition,1,GF_00403
connected_group_repartition,1,GF_00404
connected_group_repartition,1,GF_00405
connected_group_repartition,1,GF_00407
connected_group_repartition,1,GF_00409
connected_group_repartition,1,GF_00410
connected_group_repartition,1,GF_00413
connected_group_repartition,1,GF_00414
connected_group_repartition,1,GF_00415
connected_group_repartition,1,GF_00417
connected_group_repartition,1,GF_00418
connected_group_repartition,1,GF_00422
connected_group_repartition,1,GF_00424
connected_group_repartition,1,GF_00426
connected_group_repartition,1,GF_00427
connected_group_repartition,1,GF_00428
connected_group_repartition,1,GF_00429
connected_group_repartition,1,GF_00430
connected_group_repartition,1,GF_00431
connected_group_repartition,1,GF_00432
connected_group_repartition,1,GF_00433
connected_group_repartition,1,GF_00434
connected_group_repartition,1,GF_00435
connected_group_repartition,1,GF_00436
connected_group_repartition,1,GF_00437
connected_group_repartition,1,GF_00438
connected_group_repartition,1,GF_00440
connected_group_repartition,1,GF_00441
connected_group_repartition,1,GF_00455
connected_group_repartition,1,GF_00457
connected_group_repartition,1,GF_00458
connected_group_repartition,1,GF_00471
connected_group_repartition,1,GF_00472
connected_group_repartition,1,GF_00477
connected_group_repartition,1,GF_00480
connected_group_repartition,1,GF_00488
connected_group_repartition,1,GF_00489
connected_group_repartition,1,GF_00503
connected_group_repartition,1,GF_00522
connected_group_repartition,1,GF_00523
connected_group_repartition,1,GF_00524
connected_group_repartition,1,GF_00525
connected_group_repartition,1,GF_00527
connected_group_repartition,1,GF_00528
connected_group_repartition,1,GF_00529
connected_group_repartition,1,GF_00530
connected_group_repartition,1,GF_00531
connected_group_repartition,1,GF_00536
connected_group_repartition,1,GF_00538
connected_group_repartition,1,GF_00546
connected_group_repartition,1,GF_00547
connected_group_repartition,1,GF_00548
connected_group_repartition,1,GF_00549
connected_group_repartition,1,GF_00564
connected_group_repartition,1,GF_00565
connected_group_repartition,1,GF_00566
connected_group_repartition,1,GF_00569
connected_group_repartition,1,GF_00570
connected_group_repartition,1,GF_00572
connected_group_repartition,1,GF_00574
connected_group_repartition,1,GF_00578
connected_group_repartition,1,GF_00580
connected_group_repartition,1,GF_00588
connected_group_repartition,1,GF_00594
connected_group_repartition,1,GF_00595
connected_group_repartition,1,GF_00599
connected_group_repartition,1,GF_00600
connected_group_repartition,1,GF_00601
connected_group_repartition,1,GF_00603
connected_group_repartition,1,GF_00604
connected_group_repartition,1,GF_00605
connected_group_repartition,1,GF_00606
connected_group_repartition,1,GF_00607
connected_group_repartition,1,GF_00608
connected_group_repartition,1,GF_00609
connected_group_repartition,1,GF_00611
connected_group_repartition,1,GF_00612
connected_group_repartition,1,GF_00613
connected_group_repartition,1,GF_00614
connected_group_repartition,1,GF_00615
connected_group_repartition,1,GF_00617
connected_group_repartition,1,GF_00618
connected_group_repartition,1,GF_00619
connected_group_repartition,1,GF_00620
connected_group_repartition,1,GF_00622
connected_group_repartition,1,GF_00623
connected_group_repartition,1,GF_00624
connected_group_repartition,1,GF_00632
connected_group_repartition,1,GF_00633
connected_group_repartition,1,GF_00635
connected_group_repartition,1,GF_00636
connected_group_repartition,1,GF_00637
connected_group_repartition,1,GF_00638
connected_group_repartition,1,GF_00640
connected_group_repartition,1,GF_00641
connected_group_repartition,1,GF_00642
connected_group_repartition,1,GF_00643
connected_group_repartition,1,GF_00655
connected_group_repartition,1,GF_00658
connected_group_repartition,1,GF_00661
connected_group_repartition,1,GF_00669
connected_group_repartition,1,GF_00676
connected_group_repartition,1,GF_00680
connected_group_repartition,1,GF_00681
connected_group_repartition,1,GF_00682
connected_group_repartition,1,GF_00683
connected_group_repartition,1,GF_00684
connected_group_repartition,1,GF_00688
connected_group_repartition,1,GF_00695
connected_group_repartition,1,GF_00699
connected_group_repartition,1,GF_00702
connected_group_repartition,1,GF_00709
connected_group_repartition,1,GF_00722
connected_group_repartition,1,GF_00723
connected_group_repartition,1,GF_00724
connected_group_repartition,1,GF_00725
connected_group_repartition,1,GF_00726
connected_group_repartition,1,GF_00727
connected_group_repartition,1,GF_00728
connected_group_repartition,1,GF_00729
connected_group_repartition,1,GF_00732
connected_group_repartition,1,GF_00736
connected_group_repartition,1,GF_00740
connected_group_repartition,1,GF_00741
connected_group_repartition,1,GF_00744
connected_group_repartition,1,GF_00751
connected_group_repartition,1,GF_00755
connected_group_repartition,1,GF_00756
connected_group_repartition,1,GF_00761
connected_group_repartition,1,GF_00771
connected_group_repartition,1,GF_00773
connected_group_repartition,1,GF_00776
connected_group_repartition,1,GF_00777
connected_group_repartition,1,GF_00796
connected_group_repartition,1,GF_00810
connected_group_repartition,1,GF_00811
connected_group_repartition,1,GF_00813
connected_group_repartition,1,GF_00814
connected_group_repartition,1,GF_00816
connected_group_repartition,1,GF_00819
connected_group_repartition,1,GF_00828
connected_group_repartition,1,GF_00843
connected_group_repartition,1,GF_00845
connected_group_repartition,1,GF_00857
connected_group_repartition,1,GF_00860
connected_group_repartition,1,GF_00864
connected_group_repartition,1,GF_00866
connected_group_repartition,1,GF_00867
connected_group_repartition,1,GF_00868
connected_group_repartition,1,GF_00869
connected_group_repartition,1,GF_00870
connected_group_repartition,1,GF_00871
connected_group_repartition,1,GF_00872
connected_group_repartition,1,GF_00873
connected_group_repartition,1,GF_00874
connected_group_repartition,1,GF_00888
connected_group_repartition,1,GF_00895
connected_group_repartition,1,GF_00916
connected_group_repartition,1,GF_00927
connected_group_repartition,1,GF_00931
connected_group_repartition,1,GF_00932
connected_group_repartition,1,GF_00933
connected_group_repartition,1,GF_00946
connected_group_repartition,1,GF_00947
connected_group_repartition,1,GF_00949
connected_group_repartition,1,GF_00957
connected_group_repartition,1,GF_00958
connected_group_repartition,1,GF_00959
connected_group_repartition,1,GF_00960
connected_group_repartition,1,GF_00963
connected_group_repartition,1,GF_00966
connected_group_repartition,1,GF_00967
connected_group_repartition,1,GF_00968
connected_group_repartition,1,GF_00969
connected_group_repartition,1,GF_00970
connected_group_repartition,1,GF_00971
connected_group_repartition,1,GF_00982
connected_group_repartition,1,GF_01004
connected_group_repartition,1,GF_01005
connected_group_repartition,1,GF_01026
connected_group_repartition,1,GF_01027
connected_group_repartition,1,GF_01028
connected_group_repartition,1,GF_01054
connected_group_repartition,1,GF_01230
connected_group_repartition,1,GF_01231
connected_group_repartition,1,GF_01232
connected_group_repartition,1,GF_01233
connected_group_repartition,1,GF_01234
connected_group_repartition,1,GF_01235
connected_group_repartition,1,GF_01236
connected_group_repartition,1,GF_01237
connected_group_repartition,1,GF_01239
connected_group_repartition,1,GF_01240
connected_group_repartition,1,GF_01241
connected_group_repartition,1,GF_01242
connected_group_repartition,1,GF_01244
connected_group_repartition,1,GF_01245
connected_group_repartition,1,GF_01246
connected_group_repartition,1,GF_01247
connected_group_repartition,1,GF_01248
connected_group_repartition,1,GF_01266
connected_group_repartition,1,GF_01287
connected_group_repartition,1,GF_01290
connected_group_repartition,1,GF_01292
connected_group_repartition,1,GF_01293
connected_group_repartition,1,GF_01297
connected_group_repartition,1,GF_01306
connected_group_repartition,1,GF_01314
connected_group_repartition,1,GF_01315
connected_group_repartition,1,GF_01327
connected_group_repartition,1,GF_01329
connected_group_repartition,1,GF_01330
connected_group_repartition,1,GF_01331
connected_group_repartition,1,GF_01332
connected_group_repartition,1,GF_01333
connected_group_repartition,1,GF_01337
connected_group_repartition,1,GF_01338
connected_group_repartition,1,GF_01357
connected_group_repartition,1,GF_01359
connected_group_repartition,1,GF_01372
connected_group_repartition,1,GF_01374
connected_group_repartition,1,GF_01375
connected_group_repartition,1,GF_01376
connected_group_repartition,1,GF_01377
connected_group_repartition,1,GF_01379
connected_group_repartition,1,GF_01381
connected_group_repartition,1,GF_01382
connected_group_repartition,1,GF_01383
connected_group_repartition,1,GF_01385
connected_group_repartition,1,GF_01387
connected_group_repartition,1,GF_01390
connected_group_repartition,1,GF_01391
connected_group_repartition,1,GF_01393
connected_group_repartition,1,GF_01394
connected_group_repartition,1,GF_01395
connected_group_repartition,1,GF_01396
connected_group_repartition,1,GF_01397
connected_group_repartition,1,GF_01398
connected_group_repartition,1,GF_01399
connected_group_repartition,1,GF_01400
connected_group_repartition,1,GF_01409
connected_group_repartition,1,GF_01425
connected_group_repartition,1,GF_01428
connected_group_repartition,1,GF_01439
connected_group_repartition,1,GF_01445
connected_group_repartition,1,GF_01446
connected_group_repartition,1,GF_01447
connected_group_repartition,1,GF_01448
connected_group_repartition,1,GF_01449
connected_group_repartition,1,GF_01456
connected_group_repartition,1,GF_01458
connected_group_repartition,1,GF_01460
connected_group_repartition,1,GF_01461
connected_group_repartition,1,GF_01462
connected_group_repartition,1,GF_01466
connected_group_repartition,1,GF_01476
connected_group_repartition,1,GF_01477
connected_group_repartition,1,GF_01479
connected_group_repartition,1,GF_01480
connected_group_repartition,1,GF_01481
connected_group_repartition,1,GF_01487
connected_group_repartition,1,GF_01502
connected_group_repartition,1,GF_01512
connected_group_repartition,1,GF_01527
connected_group_repartition,1,GF_01534
connected_group_repartition,1,GF_01536
connected_group_repartition,1,GF_01538
connected_group_repartition,1,GF_01539
connected_group_repartition,1,GF_01540
connected_group_repartition,1,GF_01541
connected_group_repartition,1,GF_01542
connected_group_repartition,1,GF_01544
connected_group_repartition,1,GF_01547
connected_group_repartition,1,GF_01549
connected_group_repartition,1,GF_01552
connected_group_repartition,1,GF_01553
connected_group_repartition,1,GF_01579
connected_group_repartition,1,GF_01580
connected_group_repartition,1,GF_01583
connected_group_repartition,1,GF_01584
connected_group_repartition,1,GF_01591
connected_group_repartition,1,GF_01592
connected_group_repartition,1,GF_01616
connected_group_repartition,1,GF_01617
connected_group_repartition,1,GF_01618
connected_group_repartition,1,GF_01619
connected_group_repartition,1,GF_01620
connected_group_repartition,1,GF_01621
connected_group_repartition,1,GF_01623
connected_group_repartition,1,GF_01625
connected_group_repartition,1,GF_01626
connected_group_repartition,1,GF_01627
connected_group_repartition,1,GF_01628
connected_group_repartition,1,GF_01629
connected_group_repartition,1,GF_01634
connected_group_repartition,1,GF_01636
connected_group_repartition,1,GF_01637
connected_group_repartition,1,GF_01638
connected_group_repartition,1,GF_01639
connected_group_repartition,1,GF_01641
connected_group_repartition,1,GF_01648
connected_group_repartition,1,GF_01661
connected_group_repartition,1,GF_01673
connected_group_repartition,1,GF_01674
connected_group_repartition,1,GF_01675
connected_group_repartition,1,GF_01676
connected_group_repartition,1,GF_01677
connected_group_repartition,1,GF_01678
connected_group_repartition,1,GF_01679
connected_group_repartition,1,GF_01680
connected_group_repartition,1,GF_01681
connected_group_repartition,1,GF_01683
connected_group_repartition,1,GF_01684
connected_group_repartition,1,GF_01685
connected_group_repartition,1,GF_01689
connected_group_repartition,1,GF_01690
connected_group_repartition,1,GF_01691
connected_group_repartition,1,GF_01692
connected_group_repartition,1,GF_01693
connected_group_repartition,1,GF_01732
connected_group_repartition,1,GF_01733
connected_group_repartition,1,GF_01734
connected_group_repartition,1,GF_01735
connected_group_repartition,1,GF_01736
connected_group_repartition,1,GF_01737
connected_group_repartition,1,GF_01740
connected_group_repartition,1,GF_01741
connected_group_repartition,1,GF_01742
connected_group_repartition,1,GF_01745
connected_group_repartition,1,GF_01763
connected_group_repartition,1,GF_01783
connected_group_repartition,1,GF_01799
connected_group_repartition,1,GF_01801
connected_group_repartition,1,GF_01802
connected_group_repartition,1,GF_01803
connected_group_repartition,1,GF_01805
connected_group_repartition,1,GF_01806
connected_group_repartition,1,GF_01807
connected_group_repartition,1,GF_01808
connected_group_repartition,1,GF_01809
connected_group_repartition,1,GF_01810
connected_group_repartition,1,GF_01811
connected_group_repartition,1,GF_01813
connected_group_repartition,1,GF_01814
connected_group_repartition,1,GF_01815
connected_group_repartition,1,GF_01816
connected_group_repartition,1,GF_01818
connected_group_repartition,1,GF_01819
connected_group_repartition,1,GF_01822
connected_group_repartition,1,GF_01823
connected_group_repartition,1,GF_01834
connected_group_repartition,1,GF_01836
connected_group_repartition,1,GF_01837
connected_group_repartition,1,GF_01840
connected_group_repartition,1,GF_01841
connected_group_repartition,1,GF_01844
connected_group_repartition,1,GF_01856
connected_group_repartition,1,GF_01860
connected_group_repartition,1,GF_01866
connected_group_repartition,1,GF_01870
connected_group_repartition,1,GF_01872
connected_group_repartition,1,GF_01897
connected_group_repartition,1,GF_01898
connected_group_repartition,1,GF_01899
connected_group_repartition,1,GF_01900
connected_group_repartition,1,GF_01901
connected_group_repartition,1,GF_01902
connected_group_repartition,1,GF_01904
connected_group_repartition,1,GF_01919
connected_group_repartition,1,GF_01921
connected_group_repartition,1,GF_01923
connected_group_repartition,1,GF_01925
connected_group_repartition,1,GF_01926
connected_group_repartition,1,GF_01927
connected_group_repartition,1,GF_01928
connected_group_repartition,1,GF_01929
connected_group_repartition,1,GF_01930
connected_group_repartition,1,GF_01945
connected_group_repartition,1,GF_02041
connected_group_repartition,1,GF_02059
connected_group_repartition,1,GF_02060
connected_group_repartition,1,GF_02069
connected_group_repartition,1,GF_02070
connected_group_repartition,1,GF_02071
connected_group_repartition,1,GF_02072
connected_group_repartition,1,GF_02075
connected_group_repartition,1,GF_02076
connected_group_repartition,1,GF_02084
connected_group_repartition,1,GF_02085
connected_group_repartition,1,GF_02086
connected_group_repartition,1,GF_02088
connected_group_repartition,1,GF_02089
connected_group_repartition,1,GF_02091
connected_group_repartition,1,GF_02092
connected_group_repartition,1,GF_02093
connected_group_repartition,1,GF_02094
connected_group_repartition,1,GF_02101
connected_group_repartition,1,GF_02110
connected_group_repartition,1,GF_02113
connected_group_repartition,1,GF_02122
connected_group_repartition,1,GF_02130
connected_group_repartition,1,GF_02131
connected_group_repartition,1,GF_02136
connected_group_repartition,1,GF_02137
connected_group_repartition,1,GF_02138
connected_group_repartition,1,GF_02139
connected_group_repartition,1,GF_02140
connected_group_repartition,1,GF_02141
connected_group_repartition,1,GF_02142
connected_group_repartition,1,GF_02143
connected_group_repartition,1,GF_02145
connected_group_repartition,1,GF_02152
connected_group_repartition,1,GF_02157
connected_group_repartition,1,GF_02159
connected_group_repartition,1,GF_02172
connected_group_repartition,1,GF_02178
connected_group_repartition,1,GF_02180
connected_group_repartition,1,GF_02184
connected_group_repartition,1,GF_02216
connected_group_repartition,1,GF_02217
connected_group_repartition,1,GF_02218
connected_group_repartition,1,GF_02219
connected_group_repartition,1,GF_02220
connected_group_repartition,1,GF_02223
connected_group_repartition,1,GF_02224
connected_group_repartition,1,GF_02225
connected_group_repartition,1,GF_02226
connected_group_repartition,1,GF_02227
connected_group_repartition,1,GF_02228
connected_group_repartition,1,GF_02229
connected_group_repartition,1,GF_02230
connected_group_repartition,1,GF_02260
connected_group_repartition,1,GF_02261
connected_group_repartition,1,GF_02262
connected_group_repartition,1,GF_02263
connected_group_repartition,1,GF_02264
connected_group_repartition,1,GF_02266
connected_group_repartition,2,GF_00002
connected_group_repartition,2,GF_00011
connected_group_repartition,2,GF_00013
connected_group_repartition,2,GF_00014
connected_group_repartition,2,GF_00015
connected_group_repartition,2,GF_00017
connected_group_repartition,2,GF_00018
connected_group_repartition,2,GF_00036
connected_group_repartition,2,GF_00043
connected_group_repartition,2,GF_00044
connected_group_repartition,2,GF_00046
connected_group_repartition,2,GF_00047
connected_group_repartition,2,GF_00048
connected_group_repartition,2,GF_00049
connected_group_repartition,2,GF_00051
connected_group_repartition,2,GF_00052
connected_group_repartition,2,GF_00071
connected_group_repartition,2,GF_00072
connected_group_repartition,2,GF_00073
connected_group_repartition,2,GF_00074
connected_group_repartition,2,GF_00075
connected_group_repartition,2,GF_00076
connected_group_repartition,2,GF_00077
connected_group_repartition,2,GF_00078
connected_group_repartition,2,GF_00079
connected_group_repartition,2,GF_00080
connected_group_repartition,2,GF_00081
connected_group_repartition,2,GF_00082
connected_group_repartition,2,GF_00083
connected_group_repartition,2,GF_00084
connected_group_repartition,2,GF_00085
connected_group_repartition,2,GF_00087
connected_group_repartition,2,GF_00088
connected_group_repartition,2,GF_00093
connected_group_repartition,2,GF_00094
connected_group_repartition,2,GF_00104
connected_group_repartition,2,GF_00105
connected_group_repartition,2,GF_00106
connected_group_repartition,2,GF_00107
connected_group_repartition,2,GF_00108
connected_group_repartition,2,GF_00109
connected_group_repartition,2,GF_00111
connected_group_repartition,2,GF_00112
connected_group_repartition,2,GF_00113
connected_group_repartition,2,GF_00114
connected_group_repartition,2,GF_00115
connected_group_repartition,2,GF_00116
connected_group_repartition,2,GF_00117
connected_group_repartition,2,GF_00120
connected_group_repartition,2,GF_00121
connected_group_repartition,2,GF_00122
connected_group_repartition,2,GF_00123
connected_group_repartition,2,GF_00124
connected_group_repartition,2,GF_00125
connected_group_repartition,2,GF_00136
connected_group_repartition,2,GF_00137
connected_group_repartition,2,GF_00138
connected_group_repartition,2,GF_00139
connected_group_repartition,2,GF_00141
connected_group_repartition,2,GF_00142
connected_group_repartition,2,GF_00143
connected_group_repartition,2,GF_00155
connected_group_repartition,2,GF_00164
connected_group_repartition,2,GF_00170
connected_group_repartition,2,GF_00175
connected_group_repartition,2,GF_00178
connected_group_repartition,2,GF_00179
connected_group_repartition,2,GF_00180
connected_group_repartition,2,GF_00185
connected_group_repartition,2,GF_00220
connected_group_repartition,2,GF_00228
connected_group_repartition,2,GF_00229
connected_group_repartition,2,GF_00235
connected_group_repartition,2,GF_00244
connected_group_repartition,2,GF_00250
connected_group_repartition,2,GF_00251
connected_group_repartition,2,GF_00262
connected_group_repartition,2,GF_00281
connected_group_repartition,2,GF_00290
connected_group_repartition,2,GF_00296
connected_group_repartition,2,GF_00300
connected_group_repartition,2,GF_00302
connected_group_repartition,2,GF_00303
connected_group_repartition,2,GF_00305
connected_group_repartition,2,GF_00309
connected_group_repartition,2,GF_00311
connected_group_repartition,2,GF_00312
connected_group_repartition,2,GF_00313
connected_group_repartition,2,GF_00314
connected_group_repartition,2,GF_00315
connected_group_repartition,2,GF_00316
connected_group_repartition,2,GF_00317
connected_group_repartition,2,GF_00318
connected_group_repartition,2,GF_00319
connected_group_repartition,2,GF_00320
connected_group_repartition,2,GF_00321
connected_group_repartition,2,GF_00323
connected_group_repartition,2,GF_00324
connected_group_repartition,2,GF_00325
connected_group_repartition,2,GF_00326
connected_group_repartition,2,GF_00327
connected_group_repartition,2,GF_00329
connected_group_repartition,2,GF_00330
connected_group_repartition,2,GF_00331
connected_group_repartition,2,GF_00332
connected_group_repartition,2,GF_00333
connected_group_repartition,2,GF_00335
connected_group_repartition,2,GF_00336
connected_group_repartition,2,GF_00338
connected_group_repartition,2,GF_00340
connected_group_repartition,2,GF_00341
connected_group_repartition,2,GF_00342
connected_group_repartition,2,GF_00343
connected_group_repartition,2,GF_00344
connected_group_repartition,2,GF_00346
connected_group_repartition,2,GF_00347
connected_group_repartition,2,GF_00348
connected_group_repartition,2,GF_00349
connected_group_repartition,2,GF_00350
connected_group_repartition,2,GF_00352
connected_group_repartition,2,GF_00353
connected_group_repartition,2,GF_00355
connected_group_repartition,2,GF_00358
connected_group_repartition,2,GF_00360
connected_group_repartition,2,GF_00362
connected_group_repartition,2,GF_00363
connected_group_repartition,2,GF_00364
connected_group_repartition,2,GF_00365
connected_group_repartition,2,GF_00369
connected_group_repartition,2,GF_00381
connected_group_repartition,2,GF_00384
connected_group_repartition,2,GF_00385
connected_group_repartition,2,GF_00386
connected_group_repartition,2,GF_00387
connected_group_repartition,2,GF_00388
connected_group_repartition,2,GF_00389
connected_group_repartition,2,GF_00390
connected_group_repartition,2,GF_00391
connected_group_repartition,2,GF_00393
connected_group_repartition,2,GF_00394
connected_group_repartition,2,GF_00395
connected_group_repartition,2,GF_00396
connected_group_repartition,2,GF_00400
connected_group_repartition,2,GF_00401
connected_group_repartition,2,GF_00402
connected_group_repartition,2,GF_00404
connected_group_repartition,2,GF_00405
connected_group_repartition,2,GF_00406
connected_group_repartition,2,GF_00407
connected_group_repartition,2,GF_00408
connected_group_repartition,2,GF_00409
connected_group_repartition,2,GF_00410
connected_group_repartition,2,GF_00413
connected_group_repartition,2,GF_00414
connected_group_repartition,2,GF_00415
connected_group_repartition,2,GF_00417
connected_group_repartition,2,GF_00418
connected_group_repartition,2,GF_00422
connected_group_repartition,2,GF_00424
connected_group_repartition,2,GF_00426
connected_group_repartition,2,GF_00427
connected_group_repartition,2,GF_00428
connected_group_repartition,2,GF_00429
connected_group_repartition,2,GF_00430
connected_group_repartition,2,GF_00431
connected_group_repartition,2,GF_00432
connected_group_repartition,2,GF_00433
connected_group_repartition,2,GF_00434
connected_group_repartition,2,GF_00435
connected_group_repartition,2,GF_00436
connected_group_repartition,2,GF_00438
connected_group_repartition,2,GF_00440
connected_group_repartition,2,GF_00441
connected_group_repartition,2,GF_00455
connected_group_repartition,2,GF_00457
connected_group_repartition,2,GF_00458
connected_group_repartition,2,GF_00471
connected_group_repartition,2,GF_00477
connected_group_repartition,2,GF_00480
connected_group_repartition,2,GF_00482
connected_group_repartition,2,GF_00488
connected_group_repartition,2,GF_00489
connected_group_repartition,2,GF_00491
connected_group_repartition,2,GF_00503
connected_group_repartition,2,GF_00522
connected_group_repartition,2,GF_00523
connected_group_repartition,2,GF_00524
connected_group_repartition,2,GF_00525
connected_group_repartition,2,GF_00527
connected_group_repartition,2,GF_00528
connected_group_repartition,2,GF_00529
connected_group_repartition,2,GF_00530
connected_group_repartition,2,GF_00531
connected_group_repartition,2,GF_00536
connected_group_repartition,2,GF_00538
connected_group_repartition,2,GF_00546
connected_group_repartition,2,GF_00547
connected_group_repartition,2,GF_00548
connected_group_repartition,2,GF_00549
connected_group_repartition,2,GF_00564
connected_group_repartition,2,GF_00565
connected_group_repartition,2,GF_00566
connected_group_repartition,2,GF_00569
connected_group_repartition,2,GF_00570
connected_group_repartition,2,GF_00572
connected_group_repartition,2,GF_00574
connected_group_repartition,2,GF_00578
connected_group_repartition,2,GF_00580
connected_group_repartition,2,GF_00588
connected_group_repartition,2,GF_00594
connected_group_repartition,2,GF_00595
connected_group_repartition,2,GF_00599
connected_group_repartition,2,GF_00600
connected_group_repartition,2,GF_00601
connected_group_repartition,2,GF_00603
connected_group_repartition,2,GF_00604
connected_group_repartition,2,GF_00605
connected_group_repartition,2,GF_00606
connected_group_repartition,2,GF_00607
connected_group_repartition,2,GF_00608
connected_group_repartition,2,GF_00609
connected_group_repartition,2,GF_00611
connected_group_repartition,2,GF_00612
connected_group_repartition,2,GF_00613
connected_group_repartition,2,GF_00614
connected_group_repartition,2,GF_00615
connected_group_repartition,2,GF_00616
connected_group_repartition,2,GF_00617
connected_group_repartition,2,GF_00618
connected_group_repartition,2,GF_00619
connected_group_repartition,2,GF_00620
connected_group_repartition,2,GF_00621
connected_group_repartition,2,GF_00622
connected_group_repartition,2,GF_00623
connected_group_repartition,2,GF_00624
connected_group_repartition,2,GF_00632
connected_group_repartition,2,GF_00633
connected_group_repartition,2,GF_00635
connected_group_repartition,2,GF_00636
connected_group_repartition,2,GF_00637
connected_group_repartition,2,GF_00640
connected_group_repartition,2,GF_00641
connected_group_repartition,2,GF_00642
connected_group_repartition,2,GF_00643
connected_group_repartition,2,GF_00655
connected_group_repartition,2,GF_00658
connected_group_repartition,2,GF_00661
connected_group_repartition,2,GF_00669
connected_group_repartition,2,GF_00676
connected_group_repartition,2,GF_00681
connected_group_repartition,2,GF_00684
connected_group_repartition,2,GF_00688
connected_group_repartition,2,GF_00695
connected_group_repartition,2,GF_00699
connected_group_repartition,2,GF_00702
connected_group_repartition,2,GF_00709
connected_group_repartition,2,GF_00722
connected_group_repartition,2,GF_00723
connected_group_repartition,2,GF_00724
connected_group_repartition,2,GF_00725
connected_group_repartition,2,GF_00726
connected_group_repartition,2,GF_00727
connected_group_repartition,2,GF_00728
connected_group_repartition,2,GF_00729
connected_group_repartition,2,GF_00732
connected_group_repartition,2,GF_00736
connected_group_repartition,2,GF_00740
connected_group_repartition,2,GF_00741
connected_group_repartition,2,GF_00744
connected_group_repartition,2,GF_00751
connected_group_repartition,2,GF_00755
connected_group_repartition,2,GF_00756
connected_group_repartition,2,GF_00761
connected_group_repartition,2,GF_00771
connected_group_repartition,2,GF_00773
connected_group_repartition,2,GF_00776
connected_group_repartition,2,GF_00777
connected_group_repartition,2,GF_00785
connected_group_repartition,2,GF_00796
connected_group_repartition,2,GF_00810
connected_group_repartition,2,GF_00811
connected_group_repartition,2,GF_00813
connected_group_repartition,2,GF_00814
connected_group_repartition,2,GF_00816
connected_group_repartition,2,GF_00819
connected_group_repartition,2,GF_00828
connected_group_repartition,2,GF_00843
connected_group_repartition,2,GF_00845
connected_group_repartition,2,GF_00856
connected_group_repartition,2,GF_00857
connected_group_repartition,2,GF_00860
connected_group_repartition,2,GF_00864
connected_group_repartition,2,GF_00866
connected_group_repartition,2,GF_00867
connected_group_repartition,2,GF_00868
connected_group_repartition,2,GF_00869
connected_group_repartition,2,GF_00870
connected_group_repartition,2,GF_00871
connected_group_repartition,2,GF_00872
connected_group_repartition,2,GF_00873
connected_group_repartition,2,GF_00874
connected_group_repartition,2,GF_00888
connected_group_repartition,2,GF_00895
connected_group_repartition,2,GF_00916
connected_group_repartition,2,GF_00927
connected_group_repartition,2,GF_00931
connected_group_repartition,2,GF_00933
connected_group_repartition,2,GF_00946
connected_group_repartition,2,GF_00947
connected_group_repartition,2,GF_00949
connected_group_repartition,2,GF_00957
connected_group_repartition,2,GF_00958
connected_group_repartition,2,GF_00959
connected_group_repartition,2,GF_00960
connected_group_repartition,2,GF_00963
connected_group_repartition,2,GF_00966
connected_group_repartition,2,GF_00968
connected_group_repartition,2,GF_00969
connected_group_repartition,2,GF_00970
connected_group_repartition,2,GF_00971
connected_group_repartition,2,GF_00972
connected_group_repartition,2,GF_00982
connected_group_repartition,2,GF_01004
connected_group_repartition,2,GF_01005
connected_group_repartition,2,GF_01012
connected_group_repartition,2,GF_01026
connected_group_repartition,2,GF_01027
connected_group_repartition,2,GF_01028
connected_group_repartition,2,GF_01054
connected_group_repartition,2,GF_01230
connected_group_repartition,2,GF_01231
connected_group_repartition,2,GF_01232
connected_group_repartition,2,GF_01233
connected_group_repartition,2,GF_01234
connected_group_repartition,2,GF_01235
connected_group_repartition,2,GF_01236
connected_group_repartition,2,GF_01237
connected_group_repartition,2,GF_01239
connected_group_repartition,2,GF_01240
connected_group_repartition,2,GF_01241
connected_group_repartition,2,GF_01242
connected_group_repartition,2,GF_01244
connected_group_repartition,2,GF_01245
connected_group_repartition,2,GF_01246
connected_group_repartition,2,GF_01247
connected_group_repartition,2,GF_01248
connected_group_repartition,2,GF_01266
connected_group_repartition,2,GF_01287
connected_group_repartition,2,GF_01290
connected_group_repartition,2,GF_01291
connected_group_repartition,2,GF_01292
connected_group_repartition,2,GF_01293
connected_group_repartition,2,GF_01297
connected_group_repartition,2,GF_01306
connected_group_repartition,2,GF_01314
connected_group_repartition,2,GF_01315
connected_group_repartition,2,GF_01327
connected_group_repartition,2,GF_01328
connected_group_repartition,2,GF_01329
connected_group_repartition,2,GF_01330
connected_group_repartition,2,GF_01331
connected_group_repartition,2,GF_01332
connected_group_repartition,2,GF_01333
connected_group_repartition,2,GF_01334
connected_group_repartition,2,GF_01336
connected_group_repartition,2,GF_01337
connected_group_repartition,2,GF_01338
connected_group_repartition,2,GF_01359
connected_group_repartition,2,GF_01372
connected_group_repartition,2,GF_01374
connected_group_repartition,2,GF_01375
connected_group_repartition,2,GF_01376
connected_group_repartition,2,GF_01377
connected_group_repartition,2,GF_01379
connected_group_repartition,2,GF_01381
connected_group_repartition,2,GF_01382
connected_group_repartition,2,GF_01383
connected_group_repartition,2,GF_01385
connected_group_repartition,2,GF_01387
connected_group_repartition,2,GF_01390
connected_group_repartition,2,GF_01391
connected_group_repartition,2,GF_01393
connected_group_repartition,2,GF_01394
connected_group_repartition,2,GF_01395
connected_group_repartition,2,GF_01396
connected_group_repartition,2,GF_01397
connected_group_repartition,2,GF_01399
connected_group_repartition,2,GF_01400
connected_group_repartition,2,GF_01401
connected_group_repartition,2,GF_01404
connected_group_repartition,2,GF_01409
connected_group_repartition,2,GF_01425
connected_group_repartition,2,GF_01426
connected_group_repartition,2,GF_01428
connected_group_repartition,2,GF_01439
connected_group_repartition,2,GF_01445
connected_group_repartition,2,GF_01446
connected_group_repartition,2,GF_01447
connected_group_repartition,2,GF_01448
connected_group_repartition,2,GF_01449
connected_group_repartition,2,GF_01456
connected_group_repartition,2,GF_01458
connected_group_repartition,2,GF_01460
connected_group_repartition,2,GF_01461
connected_group_repartition,2,GF_01462
connected_group_repartition,2,GF_01466
connected_group_repartition,2,GF_01476
connected_group_repartition,2,GF_01477
connected_group_repartition,2,GF_01479
connected_group_repartition,2,GF_01480
connected_group_repartition,2,GF_01487
connected_group_repartition,2,GF_01502
connected_group_repartition,2,GF_01504
connected_group_repartition,2,GF_01512
connected_group_repartition,2,GF_01514
connected_group_repartition,2,GF_01527
connected_group_repartition,2,GF_01534
connected_group_repartition,2,GF_01536
connected_group_repartition,2,GF_01538
connected_group_repartition,2,GF_01539
connected_group_repartition,2,GF_01540
connected_group_repartition,2,GF_01541
connected_group_repartition,2,GF_01542
connected_group_repartition,2,GF_01543
connected_group_repartition,2,GF_01544
connected_group_repartition,2,GF_01547
connected_group_repartition,2,GF_01549
connected_group_repartition,2,GF_01552
connected_group_repartition,2,GF_01553
connected_group_repartition,2,GF_01579
connected_group_repartition,2,GF_01580
connected_group_repartition,2,GF_01583
connected_group_repartition,2,GF_01584
connected_group_repartition,2,GF_01591
connected_group_repartition,2,GF_01592
connected_group_repartition,2,GF_01616
connected_group_repartition,2,GF_01617
connected_group_repartition,2,GF_01618
connected_group_repartition,2,GF_01619
connected_group_repartition,2,GF_01620
connected_group_repartition,2,GF_01621
connected_group_repartition,2,GF_01623
connected_group_repartition,2,GF_01626
connected_group_repartition,2,GF_01627
connected_group_repartition,2,GF_01628
connected_group_repartition,2,GF_01629
connected_group_repartition,2,GF_01634
connected_group_repartition,2,GF_01635
connected_group_repartition,2,GF_01636
connected_group_repartition,2,GF_01637
connected_group_repartition,2,GF_01638
connected_group_repartition,2,GF_01639
connected_group_repartition,2,GF_01641
connected_group_repartition,2,GF_01648
connected_group_repartition,2,GF_01659
connected_group_repartition,2,GF_01661
connected_group_repartition,2,GF_01672
connected_group_repartition,2,GF_01673
connected_group_repartition,2,GF_01674
connected_group_repartition,2,GF_01675
connected_group_repartition,2,GF_01676
connected_group_repartition,2,GF_01677
connected_group_repartition,2,GF_01678
connected_group_repartition,2,GF_01679
connected_group_repartition,2,GF_01680
connected_group_repartition,2,GF_01681
connected_group_repartition,2,GF_01683
connected_group_repartition,2,GF_01684
connected_group_repartition,2,GF_01685
connected_group_repartition,2,GF_01688
connected_group_repartition,2,GF_01689
connected_group_repartition,2,GF_01690
connected_group_repartition,2,GF_01691
connected_group_repartition,2,GF_01692
connected_group_repartition,2,GF_01693
connected_group_repartition,2,GF_01732
connected_group_repartition,2,GF_01733
connected_group_repartition,2,GF_01734
connected_group_repartition,2,GF_01735
connected_group_repartition,2,GF_01736
connected_group_repartition,2,GF_01740
connected_group_repartition,2,GF_01741
connected_group_repartition,2,GF_01742
connected_group_repartition,2,GF_01745
connected_group_repartition,2,GF_01763
connected_group_repartition,2,GF_01783
connected_group_repartition,2,GF_01799
connected_group_repartition,2,GF_01802
connected_group_repartition,2,GF_01803
connected_group_repartition,2,GF_01805
connected_group_repartition,2,GF_01806
connected_group_repartition,2,GF_01807
connected_group_repartition,2,GF_01808
connected_group_repartition,2,GF_01809
connected_group_repartition,2,GF_01810
connected_group_repartition,2,GF_01811
connected_group_repartition,2,GF_01812
connected_group_repartition,2,GF_01813
connected_group_repartition,2,GF_01814
connected_group_repartition,2,GF_01815
connected_group_repartition,2,GF_01816
connected_group_repartition,2,GF_01818
connected_group_repartition,2,GF_01819
connected_group_repartition,2,GF_01822
connected_group_repartition,2,GF_01823
connected_group_repartition,2,GF_01834
connected_group_repartition,2,GF_01836
connected_group_repartition,2,GF_01837
connected_group_repartition,2,GF_01840
connected_group_repartition,2,GF_01841
connected_group_repartition,2,GF_01844
connected_group_repartition,2,GF_01856
connected_group_repartition,2,GF_01860
connected_group_repartition,2,GF_01866
connected_group_repartition,2,GF_01870
connected_group_repartition,2,GF_01872
connected_group_repartition,2,GF_01885
connected_group_repartition,2,GF_01897
connected_group_repartition,2,GF_01898
connected_group_repartition,2,GF_01899
connected_group_repartition,2,GF_01900
connected_group_repartition,2,GF_01901
connected_group_repartition,2,GF_01902
connected_group_repartition,2,GF_01904
connected_group_repartition,2,GF_01919
connected_group_repartition,2,GF_01921
connected_group_repartition,2,GF_01925
connected_group_repartition,2,GF_01926
connected_group_repartition,2,GF_01927
connected_group_repartition,2,GF_01928
connected_group_repartition,2,GF_01929
connected_group_repartition,2,GF_01930
connected_group_repartition,2,GF_01945
connected_group_repartition,2,GF_02041
connected_group_repartition,2,GF_02059
connected_group_repartition,2,GF_02060
connected_group_repartition,2,GF_02069
connected_group_repartition,2,GF_02070
connected_group_repartition,2,GF_02071
connected_group_repartition,2,GF_02072
connected_group_repartition,2,GF_02074
connected_group_repartition,2,GF_02075
connected_group_repartition,2,GF_02076
connected_group_repartition,2,GF_02084
connected_group_repartition,2,GF_02085
connected_group_repartition,2,GF_02088
connected_group_repartition,2,GF_02089
connected_group_repartition,2,GF_02091
connected_group_repartition,2,GF_02092
connected_group_repartition,2,GF_02093
connected_group_repartition,2,GF_02094
connected_group_repartition,2,GF_02101
connected_group_repartition,2,GF_02109
connected_group_repartition,2,GF_02110
connected_group_repartition,2,GF_02113
connected_group_repartition,2,GF_02122
connected_group_repartition,2,GF_02130
connected_group_repartition,2,GF_02131
connected_group_repartition,2,GF_02136
connected_group_repartition,2,GF_02137
connected_group_repartition,2,GF_02138
connected_group_repartition,2,GF_02139
connected_group_repartition,2,GF_02140
connected_group_repartition,2,GF_02141
connected_group_repartition,2,GF_02142
connected_group_repartition,2,GF_02143
connected_group_repartition,2,GF_02145
connected_group_repartition,2,GF_02152
connected_group_repartition,2,GF_02157
connected_group_repartition,2,GF_02158
connected_group_repartition,2,GF_02159
connected_group_repartition,2,GF_02172
connected_group_repartition,2,GF_02178
connected_group_repartition,2,GF_02180
connected_group_repartition,2,GF_02184
connected_group_repartition,2,GF_02194
connected_group_repartition,2,GF_02215
connected_group_repartition,2,GF_02216
connected_group_repartition,2,GF_02217
connected_group_repartition,2,GF_02218
connected_group_repartition,2,GF_02219
connected_group_repartition,2,GF_02220
connected_group_repartition,2,GF_02222
connected_group_repartition,2,GF_02223
connected_group_repartition,2,GF_02224
connected_group_repartition,2,GF_02225
connected_group_repartition,2,GF_02226
connected_group_repartition,2,GF_02227
connected_group_repartition,2,GF_02228
connected_group_repartition,2,GF_02229
connected_group_repartition,2,GF_02230
connected_group_repartition,2,GF_02260
connected_group_repartition,2,GF_02261
connected_group_repartition,2,GF_02262
connected_group_repartition,2,GF_02263
connected_group_repartition,2,GF_02264
connected_group_repartition,2,GF_02266
connected_group_repartition,3,GF_00002
connected_group_repartition,3,GF_00011
connected_group_repartition,3,GF_00012
connected_group_repartition,3,GF_00013
connected_group_repartition,3,GF_00014
connected_group_repartition,3,GF_00015
connected_group_repartition,3,GF_00017
connected_group_repartition,3,GF_00018
connected_group_repartition,3,GF_00036
connected_group_repartition,3,GF_00043
connected_group_repartition,3,GF_00044
connected_group_repartition,3,GF_00046
connected_group_repartition,3,GF_00047
connected_group_repartition,3,GF_00048
connected_group_repartition,3,GF_00049
connected_group_repartition,3,GF_00051
connected_group_repartition,3,GF_00052
connected_group_repartition,3,GF_00072
connected_group_repartition,3,GF_00073
connected_group_repartition,3,GF_00074
connected_group_repartition,3,GF_00075
connected_group_repartition,3,GF_00077
connected_group_repartition,3,GF_00078
connected_group_repartition,3,GF_00079
connected_group_repartition,3,GF_00080
connected_group_repartition,3,GF_00081
connected_group_repartition,3,GF_00082
connected_group_repartition,3,GF_00083
connected_group_repartition,3,GF_00084
connected_group_repartition,3,GF_00085
connected_group_repartition,3,GF_00087
connected_group_repartition,3,GF_00088
connected_group_repartition,3,GF_00093
connected_group_repartition,3,GF_00094
connected_group_repartition,3,GF_00104
connected_group_repartition,3,GF_00105
connected_group_repartition,3,GF_00107
connected_group_repartition,3,GF_00108
connected_group_repartition,3,GF_00111
connected_group_repartition,3,GF_00112
connected_group_repartition,3,GF_00114
connected_group_repartition,3,GF_00115
connected_group_repartition,3,GF_00116
connected_group_repartition,3,GF_00117
connected_group_repartition,3,GF_00120
connected_group_repartition,3,GF_00121
connected_group_repartition,3,GF_00122
connected_group_repartition,3,GF_00123
connected_group_repartition,3,GF_00124
connected_group_repartition,3,GF_00125
connected_group_repartition,3,GF_00136
connected_group_repartition,3,GF_00137
connected_group_repartition,3,GF_00138
connected_group_repartition,3,GF_00139
connected_group_repartition,3,GF_00141
connected_group_repartition,3,GF_00143
connected_group_repartition,3,GF_00155
connected_group_repartition,3,GF_00164
connected_group_repartition,3,GF_00170
connected_group_repartition,3,GF_00175
connected_group_repartition,3,GF_00178
connected_group_repartition,3,GF_00179
connected_group_repartition,3,GF_00180
connected_group_repartition,3,GF_00185
connected_group_repartition,3,GF_00208
connected_group_repartition,3,GF_00220
connected_group_repartition,3,GF_00228
connected_group_repartition,3,GF_00229
connected_group_repartition,3,GF_00235
connected_group_repartition,3,GF_00244
connected_group_repartition,3,GF_00251
connected_group_repartition,3,GF_00262
connected_group_repartition,3,GF_00281
connected_group_repartition,3,GF_00290
connected_group_repartition,3,GF_00296
connected_group_repartition,3,GF_00300
connected_group_repartition,3,GF_00302
connected_group_repartition,3,GF_00303
connected_group_repartition,3,GF_00309
connected_group_repartition,3,GF_00311
connected_group_repartition,3,GF_00312
connected_group_repartition,3,GF_00313
connected_group_repartition,3,GF_00314
connected_group_repartition,3,GF_00315
connected_group_repartition,3,GF_00316
connected_group_repartition,3,GF_00317
connected_group_repartition,3,GF_00318
connected_group_repartition,3,GF_00319
connected_group_repartition,3,GF_00320
connected_group_repartition,3,GF_00321
connected_group_repartition,3,GF_00323
connected_group_repartition,3,GF_00324
connected_group_repartition,3,GF_00325
connected_group_repartition,3,GF_00326
connected_group_repartition,3,GF_00327
connected_group_repartition,3,GF_00330
connected_group_repartition,3,GF_00331
connected_group_repartition,3,GF_00332
connected_group_repartition,3,GF_00333
connected_group_repartition,3,GF_00335
connected_group_repartition,3,GF_00336
connected_group_repartition,3,GF_00339
connected_group_repartition,3,GF_00340
connected_group_repartition,3,GF_00341
connected_group_repartition,3,GF_00342
connected_group_repartition,3,GF_00343
connected_group_repartition,3,GF_00344
connected_group_repartition,3,GF_00346
connected_group_repartition,3,GF_00347
connected_group_repartition,3,GF_00348
connected_group_repartition,3,GF_00349
connected_group_repartition,3,GF_00350
connected_group_repartition,3,GF_00351
connected_group_repartition,3,GF_00352
connected_group_repartition,3,GF_00353
connected_group_repartition,3,GF_00355
connected_group_repartition,3,GF_00358
connected_group_repartition,3,GF_00360
connected_group_repartition,3,GF_00362
connected_group_repartition,3,GF_00363
connected_group_repartition,3,GF_00364
connected_group_repartition,3,GF_00365
connected_group_repartition,3,GF_00369
connected_group_repartition,3,GF_00381
connected_group_repartition,3,GF_00384
connected_group_repartition,3,GF_00385
connected_group_repartition,3,GF_00386
connected_group_repartition,3,GF_00387
connected_group_repartition,3,GF_00388
connected_group_repartition,3,GF_00389
connected_group_repartition,3,GF_00390
connected_group_repartition,3,GF_00391
connected_group_repartition,3,GF_00393
connected_group_repartition,3,GF_00394
connected_group_repartition,3,GF_00395
connected_group_repartition,3,GF_00396
connected_group_repartition,3,GF_00400
connected_group_repartition,3,GF_00401
connected_group_repartition,3,GF_00402
connected_group_repartition,3,GF_00404
connected_group_repartition,3,GF_00405
connected_group_repartition,3,GF_00406
connected_group_repartition,3,GF_00407
connected_group_repartition,3,GF_00408
connected_group_repartition,3,GF_00409
connected_group_repartition,3,GF_00410
connected_group_repartition,3,GF_00413
connected_group_repartition,3,GF_00414
connected_group_repartition,3,GF_00415
connected_group_repartition,3,GF_00417
connected_group_repartition,3,GF_00418
connected_group_repartition,3,GF_00419
connected_group_repartition,3,GF_00421
connected_group_repartition,3,GF_00422
connected_group_repartition,3,GF_00424
connected_group_repartition,3,GF_00426
connected_group_repartition,3,GF_00427
connected_group_repartition,3,GF_00428
connected_group_repartition,3,GF_00429
connected_group_repartition,3,GF_00430
connected_group_repartition,3,GF_00431
connected_group_repartition,3,GF_00432
connected_group_repartition,3,GF_00433
connected_group_repartition,3,GF_00434
connected_group_repartition,3,GF_00435
connected_group_repartition,3,GF_00436
connected_group_repartition,3,GF_00437
connected_group_repartition,3,GF_00438
connected_group_repartition,3,GF_00440
connected_group_repartition,3,GF_00441
connected_group_repartition,3,GF_00455
connected_group_repartition,3,GF_00457
connected_group_repartition,3,GF_00471
connected_group_repartition,3,GF_00477
connected_group_repartition,3,GF_00480
connected_group_repartition,3,GF_00482
connected_group_repartition,3,GF_00488
connected_group_repartition,3,GF_00503
connected_group_repartition,3,GF_00522
connected_group_repartition,3,GF_00523
connected_group_repartition,3,GF_00524
connected_group_repartition,3,GF_00525
connected_group_repartition,3,GF_00527
connected_group_repartition,3,GF_00528
connected_group_repartition,3,GF_00529
connected_group_repartition,3,GF_00530
connected_group_repartition,3,GF_00531
connected_group_repartition,3,GF_00536
connected_group_repartition,3,GF_00538
connected_group_repartition,3,GF_00546
connected_group_repartition,3,GF_00547
connected_group_repartition,3,GF_00548
connected_group_repartition,3,GF_00549
connected_group_repartition,3,GF_00564
connected_group_repartition,3,GF_00565
connected_group_repartition,3,GF_00566
connected_group_repartition,3,GF_00570
connected_group_repartition,3,GF_00574
connected_group_repartition,3,GF_00580
connected_group_repartition,3,GF_00588
connected_group_repartition,3,GF_00594
connected_group_repartition,3,GF_00595
connected_group_repartition,3,GF_00599
connected_group_repartition,3,GF_00600
connected_group_repartition,3,GF_00601
connected_group_repartition,3,GF_00603
connected_group_repartition,3,GF_00604
connected_group_repartition,3,GF_00605
connected_group_repartition,3,GF_00606
connected_group_repartition,3,GF_00607
connected_group_repartition,3,GF_00608
connected_group_repartition,3,GF_00609
connected_group_repartition,3,GF_00611
connected_group_repartition,3,GF_00612
connected_group_repartition,3,GF_00613
connected_group_repartition,3,GF_00614
connected_group_repartition,3,GF_00615
connected_group_repartition,3,GF_00616
connected_group_repartition,3,GF_00617
connected_group_repartition,3,GF_00618
connected_group_repartition,3,GF_00619
connected_group_repartition,3,GF_00621
connected_group_repartition,3,GF_00622
connected_group_repartition,3,GF_00623
connected_group_repartition,3,GF_00624
connected_group_repartition,3,GF_00632
connected_group_repartition,3,GF_00633
connected_group_repartition,3,GF_00635
connected_group_repartition,3,GF_00636
connected_group_repartition,3,GF_00637
connected_group_repartition,3,GF_00640
connected_group_repartition,3,GF_00641
connected_group_repartition,3,GF_00642
connected_group_repartition,3,GF_00643
connected_group_repartition,3,GF_00655
connected_group_repartition,3,GF_00658
connected_group_repartition,3,GF_00659
connected_group_repartition,3,GF_00661
connected_group_repartition,3,GF_00669
connected_group_repartition,3,GF_00681
connected_group_repartition,3,GF_00684
connected_group_repartition,3,GF_00687
connected_group_repartition,3,GF_00688
connected_group_repartition,3,GF_00695
connected_group_repartition,3,GF_00699
connected_group_repartition,3,GF_00702
connected_group_repartition,3,GF_00709
connected_group_repartition,3,GF_00723
connected_group_repartition,3,GF_00724
connected_group_repartition,3,GF_00725
connected_group_repartition,3,GF_00726
connected_group_repartition,3,GF_00727
connected_group_repartition,3,GF_00728
connected_group_repartition,3,GF_00729
connected_group_repartition,3,GF_00736
connected_group_repartition,3,GF_00740
connected_group_repartition,3,GF_00741
connected_group_repartition,3,GF_00744
connected_group_repartition,3,GF_00749
connected_group_repartition,3,GF_00751
connected_group_repartition,3,GF_00755
connected_group_repartition,3,GF_00756
connected_group_repartition,3,GF_00761
connected_group_repartition,3,GF_00771
connected_group_repartition,3,GF_00773
connected_group_repartition,3,GF_00776
connected_group_repartition,3,GF_00777
connected_group_repartition,3,GF_00785
connected_group_repartition,3,GF_00796
connected_group_repartition,3,GF_00810
connected_group_repartition,3,GF_00811
connected_group_repartition,3,GF_00813
connected_group_repartition,3,GF_00814
connected_group_repartition,3,GF_00816
connected_group_repartition,3,GF_00819
connected_group_repartition,3,GF_00828
connected_group_repartition,3,GF_00843
connected_group_repartition,3,GF_00845
connected_group_repartition,3,GF_00856
connected_group_repartition,3,GF_00857
connected_group_repartition,3,GF_00860
connected_group_repartition,3,GF_00864
connected_group_repartition,3,GF_00866
connected_group_repartition,3,GF_00867
connected_group_repartition,3,GF_00868
connected_group_repartition,3,GF_00869
connected_group_repartition,3,GF_00870
connected_group_repartition,3,GF_00873
connected_group_repartition,3,GF_00874
connected_group_repartition,3,GF_00887
connected_group_repartition,3,GF_00888
connected_group_repartition,3,GF_00895
connected_group_repartition,3,GF_00916
connected_group_repartition,3,GF_00927
connected_group_repartition,3,GF_00931
connected_group_repartition,3,GF_00933
connected_group_repartition,3,GF_00946
connected_group_repartition,3,GF_00947
connected_group_repartition,3,GF_00949
connected_group_repartition,3,GF_00957
connected_group_repartition,3,GF_00958
connected_group_repartition,3,GF_00960
connected_group_repartition,3,GF_00968
connected_group_repartition,3,GF_00969
connected_group_repartition,3,GF_00970
connected_group_repartition,3,GF_00971
connected_group_repartition,3,GF_00972
connected_group_repartition,3,GF_00982
connected_group_repartition,3,GF_01004
connected_group_repartition,3,GF_01005
connected_group_repartition,3,GF_01012
connected_group_repartition,3,GF_01027
connected_group_repartition,3,GF_01028
connected_group_repartition,3,GF_01054
connected_group_repartition,3,GF_01230
connected_group_repartition,3,GF_01231
connected_group_repartition,3,GF_01233
connected_group_repartition,3,GF_01234
connected_group_repartition,3,GF_01235
connected_group_repartition,3,GF_01236
connected_group_repartition,3,GF_01237
connected_group_repartition,3,GF_01239
connected_group_repartition,3,GF_01240
connected_group_repartition,3,GF_01241
connected_group_repartition,3,GF_01242
connected_group_repartition,3,GF_01245
connected_group_repartition,3,GF_01246
connected_group_repartition,3,GF_01248
connected_group_repartition,3,GF_01253
connected_group_repartition,3,GF_01266
connected_group_repartition,3,GF_01282
connected_group_repartition,3,GF_01287
connected_group_repartition,3,GF_01290
connected_group_repartition,3,GF_01291
connected_group_repartition,3,GF_01292
connected_group_repartition,3,GF_01293
connected_group_repartition,3,GF_01297
connected_group_repartition,3,GF_01306
connected_group_repartition,3,GF_01314
connected_group_repartition,3,GF_01315
connected_group_repartition,3,GF_01327
connected_group_repartition,3,GF_01329
connected_group_repartition,3,GF_01330
connected_group_repartition,3,GF_01331
connected_group_repartition,3,GF_01332
connected_group_repartition,3,GF_01333
connected_group_repartition,3,GF_01334
connected_group_repartition,3,GF_01336
connected_group_repartition,3,GF_01337
connected_group_repartition,3,GF_01338
connected_group_repartition,3,GF_01359
connected_group_repartition,3,GF_01372
connected_group_repartition,3,GF_01373
connected_group_repartition,3,GF_01374
connected_group_repartition,3,GF_01375
connected_group_repartition,3,GF_01376
connected_group_repartition,3,GF_01377
connected_group_repartition,3,GF_01378
connected_group_repartition,3,GF_01379
connected_group_repartition,3,GF_01380
connected_group_repartition,3,GF_01381
connected_group_repartition,3,GF_01382
connected_group_repartition,3,GF_01383
connected_group_repartition,3,GF_01384
connected_group_repartition,3,GF_01385
connected_group_repartition,3,GF_01386
connected_group_repartition,3,GF_01387
connected_group_repartition,3,GF_01390
connected_group_repartition,3,GF_01391
connected_group_repartition,3,GF_01393
connected_group_repartition,3,GF_01394
connected_group_repartition,3,GF_01395
connected_group_repartition,3,GF_01396
connected_group_repartition,3,GF_01397
connected_group_repartition,3,GF_01399
connected_group_repartition,3,GF_01400
connected_group_repartition,3,GF_01401
connected_group_repartition,3,GF_01404
connected_group_repartition,3,GF_01409
connected_group_repartition,3,GF_01425
connected_group_repartition,3,GF_01426
connected_group_repartition,3,GF_01428
connected_group_repartition,3,GF_01439
connected_group_repartition,3,GF_01445
connected_group_repartition,3,GF_01446
connected_group_repartition,3,GF_01447
connected_group_repartition,3,GF_01448
connected_group_repartition,3,GF_01449
connected_group_repartition,3,GF_01456
connected_group_repartition,3,GF_01458
connected_group_repartition,3,GF_01460
connected_group_repartition,3,GF_01461
connected_group_repartition,3,GF_01462
connected_group_repartition,3,GF_01466
connected_group_repartition,3,GF_01477
connected_group_repartition,3,GF_01479
connected_group_repartition,3,GF_01481
connected_group_repartition,3,GF_01487
connected_group_repartition,3,GF_01502
connected_group_repartition,3,GF_01504
connected_group_repartition,3,GF_01512
connected_group_repartition,3,GF_01514
connected_group_repartition,3,GF_01527
connected_group_repartition,3,GF_01534
connected_group_repartition,3,GF_01535
connected_group_repartition,3,GF_01536
connected_group_repartition,3,GF_01537
connected_group_repartition,3,GF_01538
connected_group_repartition,3,GF_01539
connected_group_repartition,3,GF_01540
connected_group_repartition,3,GF_01541
connected_group_repartition,3,GF_01542
connected_group_repartition,3,GF_01544
connected_group_repartition,3,GF_01547
connected_group_repartition,3,GF_01549
connected_group_repartition,3,GF_01550
connected_group_repartition,3,GF_01552
connected_group_repartition,3,GF_01553
connected_group_repartition,3,GF_01579
connected_group_repartition,3,GF_01580
connected_group_repartition,3,GF_01583
connected_group_repartition,3,GF_01584
connected_group_repartition,3,GF_01591
connected_group_repartition,3,GF_01592
connected_group_repartition,3,GF_01616
connected_group_repartition,3,GF_01617
connected_group_repartition,3,GF_01618
connected_group_repartition,3,GF_01619
connected_group_repartition,3,GF_01620
connected_group_repartition,3,GF_01621
connected_group_repartition,3,GF_01623
connected_group_repartition,3,GF_01625
connected_group_repartition,3,GF_01626
connected_group_repartition,3,GF_01627
connected_group_repartition,3,GF_01629
connected_group_repartition,3,GF_01634
connected_group_repartition,3,GF_01636
connected_group_repartition,3,GF_01637
connected_group_repartition,3,GF_01638
connected_group_repartition,3,GF_01641
connected_group_repartition,3,GF_01643
connected_group_repartition,3,GF_01648
connected_group_repartition,3,GF_01659
connected_group_repartition,3,GF_01661
connected_group_repartition,3,GF_01673
connected_group_repartition,3,GF_01674
connected_group_repartition,3,GF_01675
connected_group_repartition,3,GF_01676
connected_group_repartition,3,GF_01677
connected_group_repartition,3,GF_01678
connected_group_repartition,3,GF_01679
connected_group_repartition,3,GF_01680
connected_group_repartition,3,GF_01681
connected_group_repartition,3,GF_01683
connected_group_repartition,3,GF_01684
connected_group_repartition,3,GF_01685
connected_group_repartition,3,GF_01688
connected_group_repartition,3,GF_01689
connected_group_repartition,3,GF_01690
connected_group_repartition,3,GF_01692
connected_group_repartition,3,GF_01693
connected_group_repartition,3,GF_01732
connected_group_repartition,3,GF_01733
connected_group_repartition,3,GF_01734
connected_group_repartition,3,GF_01735
connected_group_repartition,3,GF_01736
connected_group_repartition,3,GF_01741
connected_group_repartition,3,GF_01742
connected_group_repartition,3,GF_01763
connected_group_repartition,3,GF_01770
connected_group_repartition,3,GF_01783
connected_group_repartition,3,GF_01799
connected_group_repartition,3,GF_01802
connected_group_repartition,3,GF_01803
connected_group_repartition,3,GF_01805
connected_group_repartition,3,GF_01806
connected_group_repartition,3,GF_01807
connected_group_repartition,3,GF_01808
connected_group_repartition,3,GF_01809
connected_group_repartition,3,GF_01810
connected_group_repartition,3,GF_01811
connected_group_repartition,3,GF_01812
connected_group_repartition,3,GF_01813
connected_group_repartition,3,GF_01815
connected_group_repartition,3,GF_01816
connected_group_repartition,3,GF_01818
connected_group_repartition,3,GF_01819
connected_group_repartition,3,GF_01822
connected_group_repartition,3,GF_01834
connected_group_repartition,3,GF_01836
connected_group_repartition,3,GF_01837
connected_group_repartition,3,GF_01840
connected_group_repartition,3,GF_01841
connected_group_repartition,3,GF_01842
connected_group_repartition,3,GF_01844
connected_group_repartition,3,GF_01856
connected_group_repartition,3,GF_01860
connected_group_repartition,3,GF_01866
connected_group_repartition,3,GF_01870
connected_group_repartition,3,GF_01872
connected_group_repartition,3,GF_01874
connected_group_repartition,3,GF_01885
connected_group_repartition,3,GF_01897
connected_group_repartition,3,GF_01898
connected_group_repartition,3,GF_01899
connected_group_repartition,3,GF_01900
connected_group_repartition,3,GF_01902
connected_group_repartition,3,GF_01904
connected_group_repartition,3,GF_01921
connected_group_repartition,3,GF_01923
connected_group_repartition,3,GF_01926
connected_group_repartition,3,GF_01927
connected_group_repartition,3,GF_01928
connected_group_repartition,3,GF_01929
connected_group_repartition,3,GF_01930
connected_group_repartition,3,GF_01945
connected_group_repartition,3,GF_02041
connected_group_repartition,3,GF_02059
connected_group_repartition,3,GF_02060
connected_group_repartition,3,GF_02069
connected_group_repartition,3,GF_02070
connected_group_repartition,3,GF_02071
connected_group_repartition,3,GF_02072
connected_group_repartition,3,GF_02074
connected_group_repartition,3,GF_02075
connected_group_repartition,3,GF_02076
connected_group_repartition,3,GF_02081
connected_group_repartition,3,GF_02084
connected_group_repartition,3,GF_02085
connected_group_repartition,3,GF_02088
connected_group_repartition,3,GF_02089
connected_group_repartition,3,GF_02091
connected_group_repartition,3,GF_02092
connected_group_repartition,3,GF_02093
connected_group_repartition,3,GF_02094
connected_group_repartition,3,GF_02101
connected_group_repartition,3,GF_02109
connected_group_repartition,3,GF_02110
connected_group_repartition,3,GF_02113
connected_group_repartition,3,GF_02122
connected_group_repartition,3,GF_02130
connected_group_repartition,3,GF_02131
connected_group_repartition,3,GF_02132
connected_group_repartition,3,GF_02136
connected_group_repartition,3,GF_02137
connected_group_repartition,3,GF_02138
connected_group_repartition,3,GF_02139
connected_group_repartition,3,GF_02140
connected_group_repartition,3,GF_02142
connected_group_repartition,3,GF_02143
connected_group_repartition,3,GF_02145
connected_group_repartition,3,GF_02152
connected_group_repartition,3,GF_02157
connected_group_repartition,3,GF_02158
connected_group_repartition,3,GF_02159
connected_group_repartition,3,GF_02168
connected_group_repartition,3,GF_02172
connected_group_repartition,3,GF_02178
connected_group_repartition,3,GF_02180
connected_group_repartition,3,GF_02184
connected_group_repartition,3,GF_02215
connected_group_repartition,3,GF_02216
connected_group_repartition,3,GF_02217
connected_group_repartition,3,GF_02218
connected_group_repartition,3,GF_02219
connected_group_repartition,3,GF_02220
connected_group_repartition,3,GF_02222
connected_group_repartition,3,GF_02223
connected_group_repartition,3,GF_02224
connected_group_repartition,3,GF_02225
connected_group_repartition,3,GF_02226
connected_group_repartition,3,GF_02227
connected_group_repartition,3,GF_02228
connected_group_repartition,3,GF_02230
connected_group_repartition,3,GF_02260
connected_group_repartition,3,GF_02261
connected_group_repartition,3,GF_02262
connected_group_repartition,3,GF_02263
connected_group_repartition,3,GF_02264
connected_group_repartition,3,GF_02266
connected_group_repartition,4,GF_00002
connected_group_repartition,4,GF_00008
connected_group_repartition,4,GF_00011
connected_group_repartition,4,GF_00012
connected_group_repartition,4,GF_00013
connected_group_repartition,4,GF_00014
connected_group_repartition,4,GF_00015
connected_group_repartition,4,GF_00017
connected_group_repartition,4,GF_00036
connected_group_repartition,4,GF_00043
connected_group_repartition,4,GF_00044
connected_group_repartition,4,GF_00046
connected_group_repartition,4,GF_00047
connected_group_repartition,4,GF_00048
connected_group_repartition,4,GF_00049
connected_group_repartition,4,GF_00051
connected_group_repartition,4,GF_00052
connected_group_repartition,4,GF_00071
connected_group_repartition,4,GF_00072
connected_group_repartition,4,GF_00073
connected_group_repartition,4,GF_00074
connected_group_repartition,4,GF_00075
connected_group_repartition,4,GF_00076
connected_group_repartition,4,GF_00077
connected_group_repartition,4,GF_00078
connected_group_repartition,4,GF_00079
connected_group_repartition,4,GF_00080
connected_group_repartition,4,GF_00081
connected_group_repartition,4,GF_00082
connected_group_repartition,4,GF_00083
connected_group_repartition,4,GF_00084
connected_group_repartition,4,GF_00085
connected_group_repartition,4,GF_00087
connected_group_repartition,4,GF_00088
connected_group_repartition,4,GF_00093
connected_group_repartition,4,GF_00094
connected_group_repartition,4,GF_00104
connected_group_repartition,4,GF_00105
connected_group_repartition,4,GF_00106
connected_group_repartition,4,GF_00107
connected_group_repartition,4,GF_00108
connected_group_repartition,4,GF_00109
connected_group_repartition,4,GF_00110
connected_group_repartition,4,GF_00111
connected_group_repartition,4,GF_00112
connected_group_repartition,4,GF_00113
connected_group_repartition,4,GF_00114
connected_group_repartition,4,GF_00115
connected_group_repartition,4,GF_00116
connected_group_repartition,4,GF_00117
connected_group_repartition,4,GF_00119
connected_group_repartition,4,GF_00120
connected_group_repartition,4,GF_00121
connected_group_repartition,4,GF_00122
connected_group_repartition,4,GF_00123
connected_group_repartition,4,GF_00124
connected_group_repartition,4,GF_00125
connected_group_repartition,4,GF_00136
connected_group_repartition,4,GF_00137
connected_group_repartition,4,GF_00138
connected_group_repartition,4,GF_00139
connected_group_repartition,4,GF_00141
connected_group_repartition,4,GF_00142
connected_group_repartition,4,GF_00143
connected_group_repartition,4,GF_00155
connected_group_repartition,4,GF_00164
connected_group_repartition,4,GF_00170
connected_group_repartition,4,GF_00175
connected_group_repartition,4,GF_00178
connected_group_repartition,4,GF_00179
connected_group_repartition,4,GF_00180
connected_group_repartition,4,GF_00181
connected_group_repartition,4,GF_00185
connected_group_repartition,4,GF_00208
connected_group_repartition,4,GF_00220
connected_group_repartition,4,GF_00228
connected_group_repartition,4,GF_00229
connected_group_repartition,4,GF_00235
connected_group_repartition,4,GF_00244
connected_group_repartition,4,GF_00250
connected_group_repartition,4,GF_00251
connected_group_repartition,4,GF_00262
connected_group_repartition,4,GF_00281
connected_group_repartition,4,GF_00290
connected_group_repartition,4,GF_00296
connected_group_repartition,4,GF_00300
connected_group_repartition,4,GF_00302
connected_group_repartition,4,GF_00303
connected_group_repartition,4,GF_00305
connected_group_repartition,4,GF_00309
connected_group_repartition,4,GF_00311
connected_group_repartition,4,GF_00312
connected_group_repartition,4,GF_00313
connected_group_repartition,4,GF_00314
connected_group_repartition,4,GF_00315
connected_group_repartition,4,GF_00316
connected_group_repartition,4,GF_00317
connected_group_repartition,4,GF_00318
connected_group_repartition,4,GF_00319
connected_group_repartition,4,GF_00320
connected_group_repartition,4,GF_00321
connected_group_repartition,4,GF_00322
connected_group_repartition,4,GF_00323
connected_group_repartition,4,GF_00324
connected_group_repartition,4,GF_00325
connected_group_repartition,4,GF_00326
connected_group_repartition,4,GF_00327
connected_group_repartition,4,GF_00329
connected_group_repartition,4,GF_00330
connected_group_repartition,4,GF_00331
connected_group_repartition,4,GF_00332
connected_group_repartition,4,GF_00333
connected_group_repartition,4,GF_00335
connected_group_repartition,4,GF_00336
connected_group_repartition,4,GF_00338
connected_group_repartition,4,GF_00339
connected_group_repartition,4,GF_00340
connected_group_repartition,4,GF_00341
connected_group_repartition,4,GF_00342
connected_group_repartition,4,GF_00343
connected_group_repartition,4,GF_00344
connected_group_repartition,4,GF_00346
connected_group_repartition,4,GF_00347
connected_group_repartition,4,GF_00348
connected_group_repartition,4,GF_00349
connected_group_repartition,4,GF_00350
connected_group_repartition,4,GF_00351
connected_group_repartition,4,GF_00352
connected_group_repartition,4,GF_00353
connected_group_repartition,4,GF_00355
connected_group_repartition,4,GF_00358
connected_group_repartition,4,GF_00360
connected_group_repartition,4,GF_00362
connected_group_repartition,4,GF_00363
connected_group_repartition,4,GF_00364
connected_group_repartition,4,GF_00365
connected_group_repartition,4,GF_00369
connected_group_repartition,4,GF_00381
connected_group_repartition,4,GF_00384
connected_group_repartition,4,GF_00385
connected_group_repartition,4,GF_00386
connected_group_repartition,4,GF_00387
connected_group_repartition,4,GF_00388
connected_group_repartition,4,GF_00389
connected_group_repartition,4,GF_00390
connected_group_repartition,4,GF_00391
connected_group_repartition,4,GF_00393
connected_group_repartition,4,GF_00395
connected_group_repartition,4,GF_00396
connected_group_repartition,4,GF_00400
connected_group_repartition,4,GF_00401
connected_group_repartition,4,GF_00402
connected_group_repartition,4,GF_00403
connected_group_repartition,4,GF_00404
connected_group_repartition,4,GF_00405
connected_group_repartition,4,GF_00406
connected_group_repartition,4,GF_00407
connected_group_repartition,4,GF_00408
connected_group_repartition,4,GF_00409
connected_group_repartition,4,GF_00410
connected_group_repartition,4,GF_00413
connected_group_repartition,4,GF_00414
connected_group_repartition,4,GF_00415
connected_group_repartition,4,GF_00417
connected_group_repartition,4,GF_00418
connected_group_repartition,4,GF_00419
connected_group_repartition,4,GF_00421
connected_group_repartition,4,GF_00422
connected_group_repartition,4,GF_00424
connected_group_repartition,4,GF_00426
connected_group_repartition,4,GF_00427
connected_group_repartition,4,GF_00428
connected_group_repartition,4,GF_00429
connected_group_repartition,4,GF_00430
connected_group_repartition,4,GF_00431
connected_group_repartition,4,GF_00432
connected_group_repartition,4,GF_00433
connected_group_repartition,4,GF_00434
connected_group_repartition,4,GF_00435
connected_group_repartition,4,GF_00436
connected_group_repartition,4,GF_00437
connected_group_repartition,4,GF_00438
connected_group_repartition,4,GF_00440
connected_group_repartition,4,GF_00441
connected_group_repartition,4,GF_00455
connected_group_repartition,4,GF_00456
connected_group_repartition,4,GF_00457
connected_group_repartition,4,GF_00458
connected_group_repartition,4,GF_00459
connected_group_repartition,4,GF_00460
connected_group_repartition,4,GF_00471
connected_group_repartition,4,GF_00472
connected_group_repartition,4,GF_00480
connected_group_repartition,4,GF_00482
connected_group_repartition,4,GF_00488
connected_group_repartition,4,GF_00489
connected_group_repartition,4,GF_00503
connected_group_repartition,4,GF_00522
connected_group_repartition,4,GF_00523
connected_group_repartition,4,GF_00524
connected_group_repartition,4,GF_00525
connected_group_repartition,4,GF_00527
connected_group_repartition,4,GF_00528
connected_group_repartition,4,GF_00529
connected_group_repartition,4,GF_00530
connected_group_repartition,4,GF_00531
connected_group_repartition,4,GF_00536
connected_group_repartition,4,GF_00546
connected_group_repartition,4,GF_00547
connected_group_repartition,4,GF_00548
connected_group_repartition,4,GF_00549
connected_group_repartition,4,GF_00550
connected_group_repartition,4,GF_00564
connected_group_repartition,4,GF_00565
connected_group_repartition,4,GF_00566
connected_group_repartition,4,GF_00569
connected_group_repartition,4,GF_00570
connected_group_repartition,4,GF_00572
connected_group_repartition,4,GF_00574
connected_group_repartition,4,GF_00578
connected_group_repartition,4,GF_00580
connected_group_repartition,4,GF_00594
connected_group_repartition,4,GF_00595
connected_group_repartition,4,GF_00599
connected_group_repartition,4,GF_00600
connected_group_repartition,4,GF_00601
connected_group_repartition,4,GF_00603
connected_group_repartition,4,GF_00604
connected_group_repartition,4,GF_00605
connected_group_repartition,4,GF_00606
connected_group_repartition,4,GF_00607
connected_group_repartition,4,GF_00608
connected_group_repartition,4,GF_00609
connected_group_repartition,4,GF_00611
connected_group_repartition,4,GF_00612
connected_group_repartition,4,GF_00613
connected_group_repartition,4,GF_00614
connected_group_repartition,4,GF_00615
connected_group_repartition,4,GF_00616
connected_group_repartition,4,GF_00617
connected_group_repartition,4,GF_00618
connected_group_repartition,4,GF_00619
connected_group_repartition,4,GF_00620
connected_group_repartition,4,GF_00621
connected_group_repartition,4,GF_00622
connected_group_repartition,4,GF_00623
connected_group_repartition,4,GF_00624
connected_group_repartition,4,GF_00632
connected_group_repartition,4,GF_00633
connected_group_repartition,4,GF_00634
connected_group_repartition,4,GF_00635
connected_group_repartition,4,GF_00636
connected_group_repartition,4,GF_00637
connected_group_repartition,4,GF_00638
connected_group_repartition,4,GF_00640
connected_group_repartition,4,GF_00641
connected_group_repartition,4,GF_00642
connected_group_repartition,4,GF_00643
connected_group_repartition,4,GF_00655
connected_group_repartition,4,GF_00658
connected_group_repartition,4,GF_00659
connected_group_repartition,4,GF_00661
connected_group_repartition,4,GF_00669
connected_group_repartition,4,GF_00676
connected_group_repartition,4,GF_00680
connected_group_repartition,4,GF_00681
connected_group_repartition,4,GF_00682
connected_group_repartition,4,GF_00683
connected_group_repartition,4,GF_00684
connected_group_repartition,4,GF_00686
connected_group_repartition,4,GF_00687
connected_group_repartition,4,GF_00688
connected_group_repartition,4,GF_00695
connected_group_repartition,4,GF_00699
connected_group_repartition,4,GF_00702
connected_group_repartition,4,GF_00709
connected_group_repartition,4,GF_00722
connected_group_repartition,4,GF_00723
connected_group_repartition,4,GF_00724
connected_group_repartition,4,GF_00725
connected_group_repartition,4,GF_00726
connected_group_repartition,4,GF_00727
connected_group_repartition,4,GF_00728
connected_group_repartition,4,GF_00729
connected_group_repartition,4,GF_00732
connected_group_repartition,4,GF_00736
connected_group_repartition,4,GF_00740
connected_group_repartition,4,GF_00741
connected_group_repartition,4,GF_00744
connected_group_repartition,4,GF_00751
connected_group_repartition,4,GF_00755
connected_group_repartition,4,GF_00756
connected_group_repartition,4,GF_00761
connected_group_repartition,4,GF_00771
connected_group_repartition,4,GF_00773
connected_group_repartition,4,GF_00776
connected_group_repartition,4,GF_00777
connected_group_repartition,4,GF_00785
connected_group_repartition,4,GF_00796
connected_group_repartition,4,GF_00810
connected_group_repartition,4,GF_00811
connected_group_repartition,4,GF_00813
connected_group_repartition,4,GF_00814
connected_group_repartition,4,GF_00815
connected_group_repartition,4,GF_00816
connected_group_repartition,4,GF_00819
connected_group_repartition,4,GF_00828
connected_group_repartition,4,GF_00845
connected_group_repartition,4,GF_00856
connected_group_repartition,4,GF_00857
connected_group_repartition,4,GF_00860
connected_group_repartition,4,GF_00864
connected_group_repartition,4,GF_00866
connected_group_repartition,4,GF_00867
connected_group_repartition,4,GF_00868
connected_group_repartition,4,GF_00869
connected_group_repartition,4,GF_00870
connected_group_repartition,4,GF_00871
connected_group_repartition,4,GF_00872
connected_group_repartition,4,GF_00873
connected_group_repartition,4,GF_00874
connected_group_repartition,4,GF_00887
connected_group_repartition,4,GF_00888
connected_group_repartition,4,GF_00895
connected_group_repartition,4,GF_00916
connected_group_repartition,4,GF_00931
connected_group_repartition,4,GF_00932
connected_group_repartition,4,GF_00933
connected_group_repartition,4,GF_00946
connected_group_repartition,4,GF_00947
connected_group_repartition,4,GF_00949
connected_group_repartition,4,GF_00957
connected_group_repartition,4,GF_00958
connected_group_repartition,4,GF_00959
connected_group_repartition,4,GF_00960
connected_group_repartition,4,GF_00963
connected_group_repartition,4,GF_00966
connected_group_repartition,4,GF_00968
connected_group_repartition,4,GF_00969
connected_group_repartition,4,GF_00970
connected_group_repartition,4,GF_00971
connected_group_repartition,4,GF_00972
connected_group_repartition,4,GF_00982
connected_group_repartition,4,GF_01005
connected_group_repartition,4,GF_01012
connected_group_repartition,4,GF_01026
connected_group_repartition,4,GF_01027
connected_group_repartition,4,GF_01028
connected_group_repartition,4,GF_01054
connected_group_repartition,4,GF_01230
connected_group_repartition,4,GF_01231
connected_group_repartition,4,GF_01232
connected_group_repartition,4,GF_01233
connected_group_repartition,4,GF_01234
connected_group_repartition,4,GF_01235
connected_group_repartition,4,GF_01236
connected_group_repartition,4,GF_01237
connected_group_repartition,4,GF_01239
connected_group_repartition,4,GF_01240
connected_group_repartition,4,GF_01241
connected_group_repartition,4,GF_01242
connected_group_repartition,4,GF_01244
connected_group_repartition,4,GF_01245
connected_group_repartition,4,GF_01246
connected_group_repartition,4,GF_01247
connected_group_repartition,4,GF_01248
connected_group_repartition,4,GF_01266
connected_group_repartition,4,GF_01287
connected_group_repartition,4,GF_01290
connected_group_repartition,4,GF_01291
connected_group_repartition,4,GF_01292
connected_group_repartition,4,GF_01293
connected_group_repartition,4,GF_01297
connected_group_repartition,4,GF_01306
connected_group_repartition,4,GF_01314
connected_group_repartition,4,GF_01315
connected_group_repartition,4,GF_01327
connected_group_repartition,4,GF_01328
connected_group_repartition,4,GF_01329
connected_group_repartition,4,GF_01330
connected_group_repartition,4,GF_01331
connected_group_repartition,4,GF_01332
connected_group_repartition,4,GF_01333
connected_group_repartition,4,GF_01334
connected_group_repartition,4,GF_01336
connected_group_repartition,4,GF_01337
connected_group_repartition,4,GF_01338
connected_group_repartition,4,GF_01357
connected_group_repartition,4,GF_01372
connected_group_repartition,4,GF_01373
connected_group_repartition,4,GF_01374
connected_group_repartition,4,GF_01375
connected_group_repartition,4,GF_01376
connected_group_repartition,4,GF_01377
connected_group_repartition,4,GF_01379
connected_group_repartition,4,GF_01381
connected_group_repartition,4,GF_01382
connected_group_repartition,4,GF_01383
connected_group_repartition,4,GF_01385
connected_group_repartition,4,GF_01386
connected_group_repartition,4,GF_01387
connected_group_repartition,4,GF_01390
connected_group_repartition,4,GF_01391
connected_group_repartition,4,GF_01392
connected_group_repartition,4,GF_01393
connected_group_repartition,4,GF_01394
connected_group_repartition,4,GF_01395
connected_group_repartition,4,GF_01396
connected_group_repartition,4,GF_01397
connected_group_repartition,4,GF_01399
connected_group_repartition,4,GF_01400
connected_group_repartition,4,GF_01401
connected_group_repartition,4,GF_01404
connected_group_repartition,4,GF_01409
connected_group_repartition,4,GF_01425
connected_group_repartition,4,GF_01426
connected_group_repartition,4,GF_01428
connected_group_repartition,4,GF_01439
connected_group_repartition,4,GF_01445
connected_group_repartition,4,GF_01446
connected_group_repartition,4,GF_01447
connected_group_repartition,4,GF_01448
connected_group_repartition,4,GF_01449
connected_group_repartition,4,GF_01456
connected_group_repartition,4,GF_01458
connected_group_repartition,4,GF_01460
connected_group_repartition,4,GF_01461
connected_group_repartition,4,GF_01462
connected_group_repartition,4,GF_01466
connected_group_repartition,4,GF_01477
connected_group_repartition,4,GF_01479
connected_group_repartition,4,GF_01480
connected_group_repartition,4,GF_01481
connected_group_repartition,4,GF_01487
connected_group_repartition,4,GF_01502
connected_group_repartition,4,GF_01504
connected_group_repartition,4,GF_01512
connected_group_repartition,4,GF_01514
connected_group_repartition,4,GF_01527
connected_group_repartition,4,GF_01533
connected_group_repartition,4,GF_01534
connected_group_repartition,4,GF_01536
connected_group_repartition,4,GF_01538
connected_group_repartition,4,GF_01539
connected_group_repartition,4,GF_01540
connected_group_repartition,4,GF_01541
connected_group_repartition,4,GF_01542
connected_group_repartition,4,GF_01543
connected_group_repartition,4,GF_01544
connected_group_repartition,4,GF_01547
connected_group_repartition,4,GF_01549
connected_group_repartition,4,GF_01552
connected_group_repartition,4,GF_01553
connected_group_repartition,4,GF_01579
connected_group_repartition,4,GF_01580
connected_group_repartition,4,GF_01583
connected_group_repartition,4,GF_01584
connected_group_repartition,4,GF_01591
connected_group_repartition,4,GF_01592
connected_group_repartition,4,GF_01616
connected_group_repartition,4,GF_01617
connected_group_repartition,4,GF_01618
connected_group_repartition,4,GF_01619
connected_group_repartition,4,GF_01620
connected_group_repartition,4,GF_01621
connected_group_repartition,4,GF_01623
connected_group_repartition,4,GF_01625
connected_group_repartition,4,GF_01626
connected_group_repartition,4,GF_01627
connected_group_repartition,4,GF_01628
connected_group_repartition,4,GF_01629
connected_group_repartition,4,GF_01634
connected_group_repartition,4,GF_01635
connected_group_repartition,4,GF_01636
connected_group_repartition,4,GF_01637
connected_group_repartition,4,GF_01638
connected_group_repartition,4,GF_01639
connected_group_repartition,4,GF_01641
connected_group_repartition,4,GF_01648
connected_group_repartition,4,GF_01659
connected_group_repartition,4,GF_01661
connected_group_repartition,4,GF_01672
connected_group_repartition,4,GF_01673
connected_group_repartition,4,GF_01674
connected_group_repartition,4,GF_01675
connected_group_repartition,4,GF_01676
connected_group_repartition,4,GF_01677
connected_group_repartition,4,GF_01678
connected_group_repartition,4,GF_01679
connected_group_repartition,4,GF_01680
connected_group_repartition,4,GF_01681
connected_group_repartition,4,GF_01683
connected_group_repartition,4,GF_01684
connected_group_repartition,4,GF_01685
connected_group_repartition,4,GF_01688
connected_group_repartition,4,GF_01689
connected_group_repartition,4,GF_01690
connected_group_repartition,4,GF_01691
connected_group_repartition,4,GF_01692
connected_group_repartition,4,GF_01693
connected_group_repartition,4,GF_01732
connected_group_repartition,4,GF_01733
connected_group_repartition,4,GF_01734
connected_group_repartition,4,GF_01735
connected_group_repartition,4,GF_01736
connected_group_repartition,4,GF_01737
connected_group_repartition,4,GF_01741
connected_group_repartition,4,GF_01742
connected_group_repartition,4,GF_01745
connected_group_repartition,4,GF_01763
connected_group_repartition,4,GF_01770
connected_group_repartition,4,GF_01783
connected_group_repartition,4,GF_01798
connected_group_repartition,4,GF_01799
connected_group_repartition,4,GF_01801
connected_group_repartition,4,GF_01802
connected_group_repartition,4,GF_01803
connected_group_repartition,4,GF_01805
connected_group_repartition,4,GF_01806
connected_group_repartition,4,GF_01807
connected_group_repartition,4,GF_01808
connected_group_repartition,4,GF_01809
connected_group_repartition,4,GF_01810
connected_group_repartition,4,GF_01811
connected_group_repartition,4,GF_01812
connected_group_repartition,4,GF_01813
connected_group_repartition,4,GF_01814
connected_group_repartition,4,GF_01815
connected_group_repartition,4,GF_01816
connected_group_repartition,4,GF_01818
connected_group_repartition,4,GF_01819
connected_group_repartition,4,GF_01822
connected_group_repartition,4,GF_01823
connected_group_repartition,4,GF_01834
connected_group_repartition,4,GF_01836
connected_group_repartition,4,GF_01837
connected_group_repartition,4,GF_01840
connected_group_repartition,4,GF_01841
connected_group_repartition,4,GF_01842
connected_group_repartition,4,GF_01844
connected_group_repartition,4,GF_01856
connected_group_repartition,4,GF_01860
connected_group_repartition,4,GF_01866
connected_group_repartition,4,GF_01870
connected_group_repartition,4,GF_01874
connected_group_repartition,4,GF_01885
connected_group_repartition,4,GF_01897
connected_group_repartition,4,GF_01898
connected_group_repartition,4,GF_01899
connected_group_repartition,4,GF_01900
connected_group_repartition,4,GF_01901
connected_group_repartition,4,GF_01902
connected_group_repartition,4,GF_01904
connected_group_repartition,4,GF_01919
connected_group_repartition,4,GF_01921
connected_group_repartition,4,GF_01923
connected_group_repartition,4,GF_01925
connected_group_repartition,4,GF_01926
connected_group_repartition,4,GF_01927
connected_group_repartition,4,GF_01928
connected_group_repartition,4,GF_01929
connected_group_repartition,4,GF_01930
connected_group_repartition,4,GF_01945
connected_group_repartition,4,GF_02041
connected_group_repartition,4,GF_02059
connected_group_repartition,4,GF_02060
connected_group_repartition,4,GF_02069
connected_group_repartition,4,GF_02070
connected_group_repartition,4,GF_02071
connected_group_repartition,4,GF_02072
connected_group_repartition,4,GF_02074
connected_group_repartition,4,GF_02075
connected_group_repartition,4,GF_02076
connected_group_repartition,4,GF_02084
connected_group_repartition,4,GF_02085
connected_group_repartition,4,GF_02086
connected_group_repartition,4,GF_02088
connected_group_repartition,4,GF_02089
connected_group_repartition,4,GF_02091
connected_group_repartition,4,GF_02092
connected_group_repartition,4,GF_02093
connected_group_repartition,4,GF_02094
connected_group_repartition,4,GF_02101
connected_group_repartition,4,GF_02109
connected_group_repartition,4,GF_02110
connected_group_repartition,4,GF_02113
connected_group_repartition,4,GF_02122
connected_group_repartition,4,GF_02130
connected_group_repartition,4,GF_02131
connected_group_repartition,4,GF_02132
connected_group_repartition,4,GF_02134
connected_group_repartition,4,GF_02136
connected_group_repartition,4,GF_02137
connected_group_repartition,4,GF_02138
connected_group_repartition,4,GF_02139
connected_group_repartition,4,GF_02140
connected_group_repartition,4,GF_02141
connected_group_repartition,4,GF_02142
connected_group_repartition,4,GF_02145
connected_group_repartition,4,GF_02152
connected_group_repartition,4,GF_02157
connected_group_repartition,4,GF_02158
connected_group_repartition,4,GF_02159
connected_group_repartition,4,GF_02172
connected_group_repartition,4,GF_02178
connected_group_repartition,4,GF_02180
connected_group_repartition,4,GF_02184
connected_group_repartition,4,GF_02215
connected_group_repartition,4,GF_02216
connected_group_repartition,4,GF_02217
connected_group_repartition,4,GF_02218
connected_group_repartition,4,GF_02219
connected_group_repartition,4,GF_02220
connected_group_repartition,4,GF_02222
connected_group_repartition,4,GF_02223
connected_group_repartition,4,GF_02224
connected_group_repartition,4,GF_02225
connected_group_repartition,4,GF_02226
connected_group_repartition,4,GF_02227
connected_group_repartition,4,GF_02228
connected_group_repartition,4,GF_02229
connected_group_repartition,4,GF_02230
connected_group_repartition,4,GF_02249
connected_group_repartition,4,GF_02260
connected_group_repartition,4,GF_02261
connected_group_repartition,4,GF_02262
connected_group_repartition,4,GF_02263
connected_group_repartition,4,GF_02264
connected_group_repartition,4,GF_02266
connected_group_repartition,5,GF_00002
connected_group_repartition,5,GF_00008
connected_group_repartition,5,GF_00011
connected_group_repartition,5,GF_00012
connected_group_repartition,5,GF_00013
connected_group_repartition,5,GF_00014
connected_group_repartition,5,GF_00015
connected_group_repartition,5,GF_00016
connected_group_repartition,5,GF_00017
connected_group_repartition,5,GF_00018
connected_group_repartition,5,GF_00035
connected_group_repartition,5,GF_00036
connected_group_repartition,5,GF_00043
connected_group_repartition,5,GF_00044
connected_group_repartition,5,GF_00045
connected_group_repartition,5,GF_00046
connected_group_repartition,5,GF_00047
connected_group_repartition,5,GF_00048
connected_group_repartition,5,GF_00050
connected_group_repartition,5,GF_00051
connected_group_repartition,5,GF_00052
connected_group_repartition,5,GF_00071
connected_group_repartition,5,GF_00072
connected_group_repartition,5,GF_00073
connected_group_repartition,5,GF_00074
connected_group_repartition,5,GF_00075
connected_group_repartition,5,GF_00077
connected_group_repartition,5,GF_00078
connected_group_repartition,5,GF_00079
connected_group_repartition,5,GF_00080
connected_group_repartition,5,GF_00081
connected_group_repartition,5,GF_00082
connected_group_repartition,5,GF_00083
connected_group_repartition,5,GF_00084
connected_group_repartition,5,GF_00085
connected_group_repartition,5,GF_00087
connected_group_repartition,5,GF_00088
connected_group_repartition,5,GF_00093
connected_group_repartition,5,GF_00094
connected_group_repartition,5,GF_00104
connected_group_repartition,5,GF_00105
connected_group_repartition,5,GF_00106
connected_group_repartition,5,GF_00107
connected_group_repartition,5,GF_00108
connected_group_repartition,5,GF_00109
connected_group_repartition,5,GF_00111
connected_group_repartition,5,GF_00112
connected_group_repartition,5,GF_00113
connected_group_repartition,5,GF_00114
connected_group_repartition,5,GF_00115
connected_group_repartition,5,GF_00116
connected_group_repartition,5,GF_00117
connected_group_repartition,5,GF_00120
connected_group_repartition,5,GF_00121
connected_group_repartition,5,GF_00122
connected_group_repartition,5,GF_00123
connected_group_repartition,5,GF_00124
connected_group_repartition,5,GF_00125
connected_group_repartition,5,GF_00136
connected_group_repartition,5,GF_00137
connected_group_repartition,5,GF_00138
connected_group_repartition,5,GF_00139
connected_group_repartition,5,GF_00141
connected_group_repartition,5,GF_00142
connected_group_repartition,5,GF_00143
connected_group_repartition,5,GF_00155
connected_group_repartition,5,GF_00164
connected_group_repartition,5,GF_00170
connected_group_repartition,5,GF_00175
connected_group_repartition,5,GF_00178
connected_group_repartition,5,GF_00179
connected_group_repartition,5,GF_00180
connected_group_repartition,5,GF_00185
connected_group_repartition,5,GF_00208
connected_group_repartition,5,GF_00220
connected_group_repartition,5,GF_00228
connected_group_repartition,5,GF_00229
connected_group_repartition,5,GF_00235
connected_group_repartition,5,GF_00244
connected_group_repartition,5,GF_00250
connected_group_repartition,5,GF_00251
connected_group_repartition,5,GF_00262
connected_group_repartition,5,GF_00275
connected_group_repartition,5,GF_00281
connected_group_repartition,5,GF_00290
connected_group_repartition,5,GF_00296
connected_group_repartition,5,GF_00300
connected_group_repartition,5,GF_00302
connected_group_repartition,5,GF_00303
connected_group_repartition,5,GF_00305
connected_group_repartition,5,GF_00309
connected_group_repartition,5,GF_00310
connected_group_repartition,5,GF_00311
connected_group_repartition,5,GF_00312
connected_group_repartition,5,GF_00313
connected_group_repartition,5,GF_00314
connected_group_repartition,5,GF_00315
connected_group_repartition,5,GF_00316
connected_group_repartition,5,GF_00317
connected_group_repartition,5,GF_00318
connected_group_repartition,5,GF_00319
connected_group_repartition,5,GF_00320
connected_group_repartition,5,GF_00321
connected_group_repartition,5,GF_00323
connected_group_repartition,5,GF_00324
connected_group_repartition,5,GF_00325
connected_group_repartition,5,GF_00326
connected_group_repartition,5,GF_00327
connected_group_repartition,5,GF_00329
connected_group_repartition,5,GF_00330
connected_group_repartition,5,GF_00331
connected_group_repartition,5,GF_00332
connected_group_repartition,5,GF_00333
connected_group_repartition,5,GF_00335
connected_group_repartition,5,GF_00336
connected_group_repartition,5,GF_00337
connected_group_repartition,5,GF_00338
connected_group_repartition,5,GF_00339
connected_group_repartition,5,GF_00340
connected_group_repartition,5,GF_00341
connected_group_repartition,5,GF_00342
connected_group_repartition,5,GF_00343
connected_group_repartition,5,GF_00344
connected_group_repartition,5,GF_00346
connected_group_repartition,5,GF_00347
connected_group_repartition,5,GF_00348
connected_group_repartition,5,GF_00349
connected_group_repartition,5,GF_00350
connected_group_repartition,5,GF_00351
connected_group_repartition,5,GF_00352
connected_group_repartition,5,GF_00353
connected_group_repartition,5,GF_00355
connected_group_repartition,5,GF_00358
connected_group_repartition,5,GF_00359
connected_group_repartition,5,GF_00360
connected_group_repartition,5,GF_00362
connected_group_repartition,5,GF_00363
connected_group_repartition,5,GF_00364
connected_group_repartition,5,GF_00365
connected_group_repartition,5,GF_00369
connected_group_repartition,5,GF_00378
connected_group_repartition,5,GF_00381
connected_group_repartition,5,GF_00384
connected_group_repartition,5,GF_00385
connected_group_repartition,5,GF_00386
connected_group_repartition,5,GF_00387
connected_group_repartition,5,GF_00388
connected_group_repartition,5,GF_00389
connected_group_repartition,5,GF_00390
connected_group_repartition,5,GF_00391
connected_group_repartition,5,GF_00392
connected_group_repartition,5,GF_00393
connected_group_repartition,5,GF_00394
connected_group_repartition,5,GF_00395
connected_group_repartition,5,GF_00396
connected_group_repartition,5,GF_00400
connected_group_repartition,5,GF_00401
connected_group_repartition,5,GF_00402
connected_group_repartition,5,GF_00403
connected_group_repartition,5,GF_00404
connected_group_repartition,5,GF_00405
connected_group_repartition,5,GF_00406
connected_group_repartition,5,GF_00407
connected_group_repartition,5,GF_00408
connected_group_repartition,5,GF_00409
connected_group_repartition,5,GF_00410
connected_group_repartition,5,GF_00413
connected_group_repartition,5,GF_00414
connected_group_repartition,5,GF_00415
connected_group_repartition,5,GF_00417
connected_group_repartition,5,GF_00418
connected_group_repartition,5,GF_00419
connected_group_repartition,5,GF_00421
connected_group_repartition,5,GF_00422
connected_group_repartition,5,GF_00424
connected_group_repartition,5,GF_00426
connected_group_repartition,5,GF_00427
connected_group_repartition,5,GF_00428
connected_group_repartition,5,GF_00429
connected_group_repartition,5,GF_00430
connected_group_repartition,5,GF_00431
connected_group_repartition,5,GF_00432
connected_group_repartition,5,GF_00433
connected_group_repartition,5,GF_00434
connected_group_repartition,5,GF_00435
connected_group_repartition,5,GF_00436
connected_group_repartition,5,GF_00437
connected_group_repartition,5,GF_00438
connected_group_repartition,5,GF_00440
connected_group_repartition,5,GF_00441
connected_group_repartition,5,GF_00455
connected_group_repartition,5,GF_00457
connected_group_repartition,5,GF_00458
connected_group_repartition,5,GF_00471
connected_group_repartition,5,GF_00472
connected_group_repartition,5,GF_00474
connected_group_repartition,5,GF_00477
connected_group_repartition,5,GF_00480
connected_group_repartition,5,GF_00482
connected_group_repartition,5,GF_00484
connected_group_repartition,5,GF_00488
connected_group_repartition,5,GF_00489
connected_group_repartition,5,GF_00491
connected_group_repartition,5,GF_00503
connected_group_repartition,5,GF_00522
connected_group_repartition,5,GF_00523
connected_group_repartition,5,GF_00524
connected_group_repartition,5,GF_00525
connected_group_repartition,5,GF_00527
connected_group_repartition,5,GF_00528
connected_group_repartition,5,GF_00529
connected_group_repartition,5,GF_00530
connected_group_repartition,5,GF_00531
connected_group_repartition,5,GF_00536
connected_group_repartition,5,GF_00538
connected_group_repartition,5,GF_00546
connected_group_repartition,5,GF_00547
connected_group_repartition,5,GF_00548
connected_group_repartition,5,GF_00549
connected_group_repartition,5,GF_00564
connected_group_repartition,5,GF_00565
connected_group_repartition,5,GF_00566
connected_group_repartition,5,GF_00569
connected_group_repartition,5,GF_00570
connected_group_repartition,5,GF_00572
connected_group_repartition,5,GF_00574
connected_group_repartition,5,GF_00578
connected_group_repartition,5,GF_00580
connected_group_repartition,5,GF_00588
connected_group_repartition,5,GF_00593
connected_group_repartition,5,GF_00594
connected_group_repartition,5,GF_00595
connected_group_repartition,5,GF_00596
connected_group_repartition,5,GF_00599
connected_group_repartition,5,GF_00600
connected_group_repartition,5,GF_00601
connected_group_repartition,5,GF_00602
connected_group_repartition,5,GF_00603
connected_group_repartition,5,GF_00604
connected_group_repartition,5,GF_00605
connected_group_repartition,5,GF_00606
connected_group_repartition,5,GF_00607
connected_group_repartition,5,GF_00608
connected_group_repartition,5,GF_00609
connected_group_repartition,5,GF_00610
connected_group_repartition,5,GF_00611
connected_group_repartition,5,GF_00612
connected_group_repartition,5,GF_00613
connected_group_repartition,5,GF_00614
connected_group_repartition,5,GF_00615
connected_group_repartition,5,GF_00616
connected_group_repartition,5,GF_00617
connected_group_repartition,5,GF_00618
connected_group_repartition,5,GF_00619
connected_group_repartition,5,GF_00620
connected_group_repartition,5,GF_00621
connected_group_repartition,5,GF_00622
connected_group_repartition,5,GF_00623
connected_group_repartition,5,GF_00624
connected_group_repartition,5,GF_00632
connected_group_repartition,5,GF_00633
connected_group_repartition,5,GF_00634
connected_group_repartition,5,GF_00635
connected_group_repartition,5,GF_00636
connected_group_repartition,5,GF_00637
connected_group_repartition,5,GF_00638
connected_group_repartition,5,GF_00640
connected_group_repartition,5,GF_00641
connected_group_repartition,5,GF_00642
connected_group_repartition,5,GF_00643
connected_group_repartition,5,GF_00655
connected_group_repartition,5,GF_00658
connected_group_repartition,5,GF_00659
connected_group_repartition,5,GF_00661
connected_group_repartition,5,GF_00669
connected_group_repartition,5,GF_00676
connected_group_repartition,5,GF_00680
connected_group_repartition,5,GF_00681
connected_group_repartition,5,GF_00682
connected_group_repartition,5,GF_00683
connected_group_repartition,5,GF_00684
connected_group_repartition,5,GF_00686
connected_group_repartition,5,GF_00687
connected_group_repartition,5,GF_00688
connected_group_repartition,5,GF_00695
connected_group_repartition,5,GF_00699
connected_group_repartition,5,GF_00702
connected_group_repartition,5,GF_00709
connected_group_repartition,5,GF_00717
connected_group_repartition,5,GF_00722
connected_group_repartition,5,GF_00723
connected_group_repartition,5,GF_00724
connected_group_repartition,5,GF_00725
connected_group_repartition,5,GF_00726
connected_group_repartition,5,GF_00727
connected_group_repartition,5,GF_00728
connected_group_repartition,5,GF_00729
connected_group_repartition,5,GF_00732
connected_group_repartition,5,GF_00736
connected_group_repartition,5,GF_00740
connected_group_repartition,5,GF_00741
connected_group_repartition,5,GF_00744
connected_group_repartition,5,GF_00751
connected_group_repartition,5,GF_00755
connected_group_repartition,5,GF_00756
connected_group_repartition,5,GF_00761
connected_group_repartition,5,GF_00771
connected_group_repartition,5,GF_00773
connected_group_repartition,5,GF_00776
connected_group_repartition,5,GF_00777
connected_group_repartition,5,GF_00785
connected_group_repartition,5,GF_00796
connected_group_repartition,5,GF_00798
connected_group_repartition,5,GF_00810
connected_group_repartition,5,GF_00811
connected_group_repartition,5,GF_00813
connected_group_repartition,5,GF_00814
connected_group_repartition,5,GF_00815
connected_group_repartition,5,GF_00816
connected_group_repartition,5,GF_00819
connected_group_repartition,5,GF_00826
connected_group_repartition,5,GF_00828
connected_group_repartition,5,GF_00843
connected_group_repartition,5,GF_00845
connected_group_repartition,5,GF_00856
connected_group_repartition,5,GF_00857
connected_group_repartition,5,GF_00864
connected_group_repartition,5,GF_00865
connected_group_repartition,5,GF_00866
connected_group_repartition,5,GF_00868
connected_group_repartition,5,GF_00869
connected_group_repartition,5,GF_00870
connected_group_repartition,5,GF_00871
connected_group_repartition,5,GF_00873
connected_group_repartition,5,GF_00874
connected_group_repartition,5,GF_00887
connected_group_repartition,5,GF_00888
connected_group_repartition,5,GF_00895
connected_group_repartition,5,GF_00916
connected_group_repartition,5,GF_00917
connected_group_repartition,5,GF_00918
connected_group_repartition,5,GF_00927
connected_group_repartition,5,GF_00930
connected_group_repartition,5,GF_00931
connected_group_repartition,5,GF_00932
connected_group_repartition,5,GF_00933
connected_group_repartition,5,GF_00946
connected_group_repartition,5,GF_00947
connected_group_repartition,5,GF_00949
connected_group_repartition,5,GF_00957
connected_group_repartition,5,GF_00958
connected_group_repartition,5,GF_00959
connected_group_repartition,5,GF_00960
connected_group_repartition,5,GF_00963
connected_group_repartition,5,GF_00966
connected_group_repartition,5,GF_00967
connected_group_repartition,5,GF_00968
connected_group_repartition,5,GF_00969
connected_group_repartition,5,GF_00970
connected_group_repartition,5,GF_00971
connected_group_repartition,5,GF_00972
connected_group_repartition,5,GF_00982
connected_group_repartition,5,GF_00987
connected_group_repartition,5,GF_00992
connected_group_repartition,5,GF_01004
connected_group_repartition,5,GF_01005
connected_group_repartition,5,GF_01012
connected_group_repartition,5,GF_01026
connected_group_repartition,5,GF_01027
connected_group_repartition,5,GF_01028
connected_group_repartition,5,GF_01054
connected_group_repartition,5,GF_01147
connected_group_repartition,5,GF_01212
connected_group_repartition,5,GF_01230
connected_group_repartition,5,GF_01231
connected_group_repartition,5,GF_01232
connected_group_repartition,5,GF_01233
connected_group_repartition,5,GF_01234
connected_group_repartition,5,GF_01235
connected_group_repartition,5,GF_01236
connected_group_repartition,5,GF_01237
connected_group_repartition,5,GF_01238
connected_group_repartition,5,GF_01239
connected_group_repartition,5,GF_01240
connected_group_repartition,5,GF_01241
connected_group_repartition,5,GF_01242
connected_group_repartition,5,GF_01244
connected_group_repartition,5,GF_01245
connected_group_repartition,5,GF_01246
connected_group_repartition,5,GF_01247
connected_group_repartition,5,GF_01248
connected_group_repartition,5,GF_01253
connected_group_repartition,5,GF_01266
connected_group_repartition,5,GF_01279
connected_group_repartition,5,GF_01282
connected_group_repartition,5,GF_01287
connected_group_repartition,5,GF_01290
connected_group_repartition,5,GF_01291
connected_group_repartition,5,GF_01292
connected_group_repartition,5,GF_01293
connected_group_repartition,5,GF_01297
connected_group_repartition,5,GF_01303
connected_group_repartition,5,GF_01306
connected_group_repartition,5,GF_01308
connected_group_repartition,5,GF_01314
connected_group_repartition,5,GF_01315
connected_group_repartition,5,GF_01324
connected_group_repartition,5,GF_01327
connected_group_repartition,5,GF_01328
connected_group_repartition,5,GF_01329
connected_group_repartition,5,GF_01330
connected_group_repartition,5,GF_01331
connected_group_repartition,5,GF_01332
connected_group_repartition,5,GF_01333
connected_group_repartition,5,GF_01334
connected_group_repartition,5,GF_01335
connected_group_repartition,5,GF_01336
connected_group_repartition,5,GF_01337
connected_group_repartition,5,GF_01338
connected_group_repartition,5,GF_01357
connected_group_repartition,5,GF_01359
connected_group_repartition,5,GF_01372
connected_group_repartition,5,GF_01373
connected_group_repartition,5,GF_01374
connected_group_repartition,5,GF_01375
connected_group_repartition,5,GF_01376
connected_group_repartition,5,GF_01377
connected_group_repartition,5,GF_01378
connected_group_repartition,5,GF_01379
connected_group_repartition,5,GF_01380
connected_group_repartition,5,GF_01381
connected_group_repartition,5,GF_01382
connected_group_repartition,5,GF_01383
connected_group_repartition,5,GF_01384
connected_group_repartition,5,GF_01385
connected_group_repartition,5,GF_01386
connected_group_repartition,5,GF_01387
connected_group_repartition,5,GF_01388
connected_group_repartition,5,GF_01390
connected_group_repartition,5,GF_01391
connected_group_repartition,5,GF_01393
connected_group_repartition,5,GF_01394
connected_group_repartition,5,GF_01395
connected_group_repartition,5,GF_01396
connected_group_repartition,5,GF_01397
connected_group_repartition,5,GF_01398
connected_group_repartition,5,GF_01399
connected_group_repartition,5,GF_01400
connected_group_repartition,5,GF_01401
connected_group_repartition,5,GF_01404
connected_group_repartition,5,GF_01409
connected_group_repartition,5,GF_01425
connected_group_repartition,5,GF_01426
connected_group_repartition,5,GF_01428
connected_group_repartition,5,GF_01439
connected_group_repartition,5,GF_01445
connected_group_repartition,5,GF_01446
connected_group_repartition,5,GF_01447
connected_group_repartition,5,GF_01448
connected_group_repartition,5,GF_01449
connected_group_repartition,5,GF_01456
connected_group_repartition,5,GF_01458
connected_group_repartition,5,GF_01460
connected_group_repartition,5,GF_01461
connected_group_repartition,5,GF_01462
connected_group_repartition,5,GF_01464
connected_group_repartition,5,GF_01466
connected_group_repartition,5,GF_01476
connected_group_repartition,5,GF_01477
connected_group_repartition,5,GF_01478
connected_group_repartition,5,GF_01479
connected_group_repartition,5,GF_01480
connected_group_repartition,5,GF_01487
connected_group_repartition,5,GF_01497
connected_group_repartition,5,GF_01502
connected_group_repartition,5,GF_01504
connected_group_repartition,5,GF_01512
connected_group_repartition,5,GF_01514
connected_group_repartition,5,GF_01527
connected_group_repartition,5,GF_01534
connected_group_repartition,5,GF_01535
connected_group_repartition,5,GF_01536
connected_group_repartition,5,GF_01537
connected_group_repartition,5,GF_01538
connected_group_repartition,5,GF_01539
connected_group_repartition,5,GF_01540
connected_group_repartition,5,GF_01541
connected_group_repartition,5,GF_01542
connected_group_repartition,5,GF_01543
connected_group_repartition,5,GF_01544
connected_group_repartition,5,GF_01546
connected_group_repartition,5,GF_01547
connected_group_repartition,5,GF_01548
connected_group_repartition,5,GF_01549
connected_group_repartition,5,GF_01550
connected_group_repartition,5,GF_01552
connected_group_repartition,5,GF_01553
connected_group_repartition,5,GF_01579
connected_group_repartition,5,GF_01580
connected_group_repartition,5,GF_01583
connected_group_repartition,5,GF_01584
connected_group_repartition,5,GF_01587
connected_group_repartition,5,GF_01591
connected_group_repartition,5,GF_01592
connected_group_repartition,5,GF_01598
connected_group_repartition,5,GF_01616
connected_group_repartition,5,GF_01617
connected_group_repartition,5,GF_01618
connected_group_repartition,5,GF_01619
connected_group_repartition,5,GF_01620
connected_group_repartition,5,GF_01621
connected_group_repartition,5,GF_01622
connected_group_repartition,5,GF_01623
connected_group_repartition,5,GF_01625
connected_group_repartition,5,GF_01626
connected_group_repartition,5,GF_01627
connected_group_repartition,5,GF_01628
connected_group_repartition,5,GF_01629
connected_group_repartition,5,GF_01630
connected_group_repartition,5,GF_01633
connected_group_repartition,5,GF_01634
connected_group_repartition,5,GF_01635
connected_group_repartition,5,GF_01636
connected_group_repartition,5,GF_01637
connected_group_repartition,5,GF_01638
connected_group_repartition,5,GF_01639
connected_group_repartition,5,GF_01641
connected_group_repartition,5,GF_01643
connected_group_repartition,5,GF_01645
connected_group_repartition,5,GF_01648
connected_group_repartition,5,GF_01661
connected_group_repartition,5,GF_01672
connected_group_repartition,5,GF_01673
connected_group_repartition,5,GF_01674
connected_group_repartition,5,GF_01675
connected_group_repartition,5,GF_01676
connected_group_repartition,5,GF_01677
connected_group_repartition,5,GF_01678
connected_group_repartition,5,GF_01679
connected_group_repartition,5,GF_01680
connected_group_repartition,5,GF_01681
connected_group_repartition,5,GF_01683
connected_group_repartition,5,GF_01684
connected_group_repartition,5,GF_01685
connected_group_repartition,5,GF_01688
connected_group_repartition,5,GF_01689
connected_group_repartition,5,GF_01690
connected_group_repartition,5,GF_01691
connected_group_repartition,5,GF_01692
connected_group_repartition,5,GF_01693
connected_group_repartition,5,GF_01732
connected_group_repartition,5,GF_01733
connected_group_repartition,5,GF_01734
connected_group_repartition,5,GF_01735
connected_group_repartition,5,GF_01736
connected_group_repartition,5,GF_01737
connected_group_repartition,5,GF_01738
connected_group_repartition,5,GF_01740
connected_group_repartition,5,GF_01741
connected_group_repartition,5,GF_01742
connected_group_repartition,5,GF_01745
connected_group_repartition,5,GF_01763
connected_group_repartition,5,GF_01764
connected_group_repartition,5,GF_01770
connected_group_repartition,5,GF_01783
connected_group_repartition,5,GF_01799
connected_group_repartition,5,GF_01801
connected_group_repartition,5,GF_01802
connected_group_repartition,5,GF_01803
connected_group_repartition,5,GF_01805
connected_group_repartition,5,GF_01806
connected_group_repartition,5,GF_01807
connected_group_repartition,5,GF_01808
connected_group_repartition,5,GF_01809
connected_group_repartition,5,GF_01810
connected_group_repartition,5,GF_01811
connected_group_repartition,5,GF_01812
connected_group_repartition,5,GF_01813
connected_group_repartition,5,GF_01814
connected_group_repartition,5,GF_01815
connected_group_repartition,5,GF_01816
connected_group_repartition,5,GF_01817
connected_group_repartition,5,GF_01818
connected_group_repartition,5,GF_01819
connected_group_repartition,5,GF_01822
connected_group_repartition,5,GF_01823
connected_group_repartition,5,GF_01834
connected_group_repartition,5,GF_01836
connected_group_repartition,5,GF_01837
connected_group_repartition,5,GF_01840
connected_group_repartition,5,GF_01841
connected_group_repartition,5,GF_01842
connected_group_repartition,5,GF_01844
connected_group_repartition,5,GF_01850
connected_group_repartition,5,GF_01856
connected_group_repartition,5,GF_01857
connected_group_repartition,5,GF_01860
connected_group_repartition,5,GF_01866
connected_group_repartition,5,GF_01868
connected_group_repartition,5,GF_01870
connected_group_repartition,5,GF_01872
connected_group_repartition,5,GF_01874
connected_group_repartition,5,GF_01885
connected_group_repartition,5,GF_01896
connected_group_repartition,5,GF_01897
connected_group_repartition,5,GF_01898
connected_group_repartition,5,GF_01899
connected_group_repartition,5,GF_01900
connected_group_repartition,5,GF_01901
connected_group_repartition,5,GF_01902
connected_group_repartition,5,GF_01904
connected_group_repartition,5,GF_01919
connected_group_repartition,5,GF_01921
connected_group_repartition,5,GF_01923
connected_group_repartition,5,GF_01925
connected_group_repartition,5,GF_01926
connected_group_repartition,5,GF_01927
connected_group_repartition,5,GF_01928
connected_group_repartition,5,GF_01929
connected_group_repartition,5,GF_01930
connected_group_repartition,5,GF_01945
connected_group_repartition,5,GF_02041
connected_group_repartition,5,GF_02060
connected_group_repartition,5,GF_02069
connected_group_repartition,5,GF_02070
connected_group_repartition,5,GF_02071
connected_group_repartition,5,GF_02072
connected_group_repartition,5,GF_02073
connected_group_repartition,5,GF_02074
connected_group_repartition,5,GF_02075
connected_group_repartition,5,GF_02076
connected_group_repartition,5,GF_02081
connected_group_repartition,5,GF_02084
connected_group_repartition,5,GF_02085
connected_group_repartition,5,GF_02086
connected_group_repartition,5,GF_02087
connected_group_repartition,5,GF_02088
connected_group_repartition,5,GF_02089
connected_group_repartition,5,GF_02091
connected_group_repartition,5,GF_02092
connected_group_repartition,5,GF_02093
connected_group_repartition,5,GF_02094
connected_group_repartition,5,GF_02101
connected_group_repartition,5,GF_02109
connected_group_repartition,5,GF_02110
connected_group_repartition,5,GF_02122
connected_group_repartition,5,GF_02130
connected_group_repartition,5,GF_02131
connected_group_repartition,5,GF_02132
connected_group_repartition,5,GF_02136
connected_group_repartition,5,GF_02137
connected_group_repartition,5,GF_02138
connected_group_repartition,5,GF_02139
connected_group_repartition,5,GF_02140
connected_group_repartition,5,GF_02141
connected_group_repartition,5,GF_02142
connected_group_repartition,5,GF_02143
connected_group_repartition,5,GF_02145
connected_group_repartition,5,GF_02147
connected_group_repartition,5,GF_02152
connected_group_repartition,5,GF_02157
connected_group_repartition,5,GF_02158
connected_group_repartition,5,GF_02159
connected_group_repartition,5,GF_02168
connected_group_repartition,5,GF_02172
connected_group_repartition,5,GF_02178
connected_group_repartition,5,GF_02180
connected_group_repartition,5,GF_02184
connected_group_repartition,5,GF_02192
connected_group_repartition,5,GF_02194
connected_group_repartition,5,GF_02215
connected_group_repartition,5,GF_02216
connected_group_repartition,5,GF_02217
connected_group_repartition,5,GF_02218
connected_group_repartition,5,GF_02219
connected_group_repartition,5,GF_02220
connected_group_repartition,5,GF_02222
connected_group_repartition,5,GF_02223
connected_group_repartition,5,GF_02224
connected_group_repartition,5,GF_02225
connected_group_repartition,5,GF_02226
connected_group_repartition,5,GF_02227
connected_group_repartition,5,GF_02228
connected_group_repartition,5,GF_02229
connected_group_repartition,5,GF_02230
connected_group_repartition,5,GF_02239
connected_group_repartition,5,GF_02241
connected_group_repartition,5,GF_02260
connected_group_repartition,5,GF_02261
connected_group_repartition,5,GF_02262
connected_group_repartition,5,GF_02263
connected_group_repartition,5,GF_02264
connected_group_repartition,5,GF_02265
connected_group_repartition,5,GF_02266
