seed,fold,gene_family
42,1,GF_00002
42,1,GF_00008
42,1,GF_00011
42,1,GF_00012
42,1,GF_00013
42,1,GF_00014
42,1,GF_00015
42,1,GF_00017
42,1,GF_00018
42,1,GF_00036
42,1,GF_00043
42,1,GF_00044
42,1,GF_00046
42,1,GF_00047
42,1,GF_00048
42,1,GF_00049
42,1,GF_00050
42,1,GF_00051
42,1,GF_00052
42,1,GF_00071
42,1,GF_00072
42,1,GF_00073
42,1,GF_00074
42,1,GF_00075
42,1,GF_00077
42,1,GF_00078
42,1,GF_00079
42,1,GF_00080
42,1,GF_00081
42,1,GF_00082
42,1,GF_00083
42,1,GF_00084
42,1,GF_00085
42,1,GF_00087
42,1,GF_00088
42,1,GF_00093
42,1,GF_00094
42,1,GF_00104
42,1,GF_00105
42,1,GF_00106
42,1,GF_00107
42,1,GF_00108
42,1,GF_00109
42,1,GF_00111
42,1,GF_00112
42,1,GF_00113
42,1,GF_00114
42,1,GF_00115
42,1,GF_00116
42,1,GF_00117
42,1,GF_00120
42,1,GF_00121
42,1,GF_00122
42,1,GF_00123
42,1,GF_00124
42,1,GF_00125
42,1,GF_00136
42,1,GF_00137
42,1,GF_00138
42,1,GF_00139
42,1,GF_00141
42,1,GF_00142
42,1,GF_00143
42,1,GF_00155
42,1,GF_00164
42,1,GF_00170
42,1,GF_00175
42,1,GF_00178
42,1,GF_00179
42,1,GF_00180
42,1,GF_00185
42,1,GF_00208
42,1,GF_00220
42,1,GF_00228
42,1,GF_00229
42,1,GF_00235
42,1,GF_00244
42,1,GF_00250
42,1,GF_00251
42,1,GF_00262
42,1,GF_00281
42,1,GF_00290
42,1,GF_00296
42,1,GF_00300
42,1,GF_00302
42,1,GF_00303
42,1,GF_00305
42,1,GF_00309
42,1,GF_00311
42,1,GF_00312
42,1,GF_00313
42,1,GF_00314
42,1,GF_00315
42,1,GF_00316
42,1,GF_00317
42,1,GF_00318
42,1,GF_00319
42,1,GF_00320
42,1,GF_00321
42,1,GF_00323
42,1,GF_00324
42,1,GF_00325
42,1,GF_00326
42,1,GF_00327
42,1,GF_00329
42,1,GF_00330
42,1,GF_00331
42,1,GF_00332
42,1,GF_00333
42,1,GF_00335
42,1,GF_00336
42,1,GF_00338
42,1,GF_00340
42,1,GF_00341
42,1,GF_00342
42,1,GF_00343
42,1,GF_00344
42,1,GF_00346
42,1,GF_00347
42,1,GF_00348
42,1,GF_00349
42,1,GF_00350
42,1,GF_00351
42,1,GF_00352
42,1,GF_00353
42,1,GF_00358
42,1,GF_00360
42,1,GF_00362
42,1,GF_00363
42,1,GF_00364
42,1,GF_00365
42,1,GF_00369
42,1,GF_00378
42,1,GF_00381
42,1,GF_00384
42,1,GF_00385
42,1,GF_00386
42,1,GF_00387
42,1,GF_00388
42,1,GF_00389
42,1,GF_00390
42,1,GF_00391
42,1,GF_00392
42,1,GF_00393
42,1,GF_00394
42,1,GF_00395
42,1,GF_00396
42,1,GF_00400
42,1,GF_00401
42,1,GF_00402
42,1,GF_00403
42,1,GF_00404
42,1,GF_00405
42,1,GF_00406
42,1,GF_00407
42,1,GF_00408
42,1,GF_00409
42,1,GF_00410
42,1,GF_00413
42,1,GF_00414
42,1,GF_00415
42,1,GF_00417
42,1,GF_00418
42,1,GF_00419
42,1,GF_00421
42,1,GF_00422
42,1,GF_00424
42,1,GF_00426
42,1,GF_00427
42,1,GF_00428
42,1,GF_00429
42,1,GF_00430
42,1,GF_00431
42,1,GF_00432
42,1,GF_00433
42,1,GF_00434
42,1,GF_00435
42,1,GF_00436
42,1,GF_00437
42,1,GF_00438
42,1,GF_00440
42,1,GF_00441
42,1,GF_00455
42,1,GF_00457
42,1,GF_00458
42,1,GF_00471
42,1,GF_00472
42,1,GF_00474
42,1,GF_00477
42,1,GF_00480
42,1,GF_00482
42,1,GF_00488
42,1,GF_00489
42,1,GF_00491
42,1,GF_00503
42,1,GF_00522
42,1,GF_00523
42,1,GF_00524
42,1,GF_00525
42,1,GF_00527
42,1,GF_00528
42,1,GF_00529
42,1,GF_00530
42,1,GF_00531
42,1,GF_00536
42,1,GF_00538
42,1,GF_00546
42,1,GF_00547
42,1,GF_00548
42,1,GF_00549
42,1,GF_00564
42,1,GF_00565
42,1,GF_00566
42,1,GF_00569
42,1,GF_00570
42,1,GF_00572
42,1,GF_00574
42,1,GF_00578
42,1,GF_00580
42,1,GF_00588
42,1,GF_00593
42,1,GF_00594
42,1,GF_00595
42,1,GF_00599
42,1,GF_00600
42,1,GF_00601
42,1,GF_00602
42,1,GF_00603
42,1,GF_00604
42,1,GF_00605
42,1,GF_00606
42,1,GF_00607
42,1,GF_00608
42,1,GF_00609
42,1,GF_00611
42,1,GF_00612
42,1,GF_00613
42,1,GF_00614
42,1,GF_00615
42,1,GF_00616
42,1,GF_00617
42,1,GF_00618
42,1,GF_00619
42,1,GF_00620
42,1,GF_00621
42,1,GF_00622
42,1,GF_00623
42,1,GF_00624
42,1,GF_00632
42,1,GF_00633
42,1,GF_00635
42,1,GF_00636
42,1,GF_00637
42,1,GF_00638
42,1,GF_00640
42,1,GF_00641
42,1,GF_00642
42,1,GF_00643
42,1,GF_00655
42,1,GF_00658
42,1,GF_00661
42,1,GF_00669
42,1,GF_00676
42,1,GF_00680
42,1,GF_00681
42,1,GF_00682
42,1,GF_00683
42,1,GF_00684
42,1,GF_00687
42,1,GF_00688
42,1,GF_00695
42,1,GF_00699
42,1,GF_00702
42,1,GF_00709
42,1,GF_00717
42,1,GF_00722
42,1,GF_00723
42,1,GF_00724
42,1,GF_00725
42,1,GF_00726
42,1,GF_00727
42,1,GF_00728
42,1,GF_00729
42,1,GF_00732
42,1,GF_00736
42,1,GF_00740
42,1,GF_00741
42,1,GF_00744
42,1,GF_00751
42,1,GF_00755
42,1,GF_00756
42,1,GF_00761
42,1,GF_00771
42,1,GF_00773
42,1,GF_00776
42,1,GF_00777
42,1,GF_00785
42,1,GF_00796
42,1,GF_00810
42,1,GF_00811
42,1,GF_00813
42,1,GF_00814
42,1,GF_00816
42,1,GF_00819
42,1,GF_00828
42,1,GF_00843
42,1,GF_00845
42,1,GF_00856
42,1,GF_00857
42,1,GF_00860
42,1,GF_00864
42,1,GF_00866
42,1,GF_00867
42,1,GF_00868
42,1,GF_00869
42,1,GF_00870
42,1,GF_00871
42,1,GF_00872
42,1,GF_00873
42,1,GF_00874
42,1,GF_00887
42,1,GF_00888
42,1,GF_00895
42,1,GF_00916
42,1,GF_00917
42,1,GF_00927
42,1,GF_00930
42,1,GF_00931
42,1,GF_00932
42,1,GF_00933
42,1,GF_00946
42,1,GF_00947
42,1,GF_00949
42,1,GF_00957
42,1,GF_00958
42,1,GF_00959
42,1,GF_00960
42,1,GF_00963
42,1,GF_00966
42,1,GF_00968
42,1,GF_00969
42,1,GF_00970
42,1,GF_00971
42,1,GF_00972
42,1,GF_00982
42,1,GF_00992
42,1,GF_01004
42,1,GF_01005
42,1,GF_01012
42,1,GF_01013
42,1,GF_01016
42,1,GF_01026
42,1,GF_01027
42,1,GF_01028
42,1,GF_01054
42,1,GF_01230
42,1,GF_01231
42,1,GF_01232
42,1,GF_01233
42,1,GF_01234
42,1,GF_01235
42,1,GF_01236
42,1,GF_01237
42,1,GF_01239
42,1,GF_01240
42,1,GF_01241
42,1,GF_01242
42,1,GF_01244
42,1,GF_01245
42,1,GF_01246
42,1,GF_01247
42,1,GF_01248
42,1,GF_01253
42,1,GF_01266
42,1,GF_01279
42,1,GF_01287
42,1,GF_01290
42,1,GF_01291
42,1,GF_01292
42,1,GF_01293
42,1,GF_01297
42,1,GF_01303
42,1,GF_01306
42,1,GF_01314
42,1,GF_01315
42,1,GF_01324
42,1,GF_01327
42,1,GF_01328
42,1,GF_01329
42,1,GF_01330
42,1,GF_01331
42,1,GF_01332
42,1,GF_01333
42,1,GF_01334
42,1,GF_01336
42,1,GF_01337
42,1,GF_01338
42,1,GF_01357
42,1,GF_01359
42,1,GF_01372
42,1,GF_01374
42,1,GF_01375
42,1,GF_01376
42,1,GF_01377
42,1,GF_01378
42,1,GF_01379
42,1,GF_01380
42,1,GF_01381
42,1,GF_01382
42,1,GF_01383
42,1,GF_01384
42,1,GF_01385
42,1,GF_01386
42,1,GF_01387
42,1,GF_01388
42,1,GF_01390
42,1,GF_01391
42,1,GF_01393
42,1,GF_01394
42,1,GF_01395
42,1,GF_01396
42,1,GF_01397
42,1,GF_01399
42,1,GF_01400
42,1,GF_01401
42,1,GF_01404
42,1,GF_01409
42,1,GF_01425
42,1,GF_01426
42,1,GF_01428
42,1,GF_01439
42,1,GF_01445
42,1,GF_01446
42,1,GF_01447
42,1,GF_01448
42,1,GF_01449
42,1,GF_01456
42,1,GF_01458
42,1,GF_01460
42,1,GF_01461
42,1,GF_01462
42,1,GF_01466
42,1,GF_01476
42,1,GF_01477
42,1,GF_01479
42,1,GF_01480
42,1,GF_01487
42,1,GF_01502
42,1,GF_01504
42,1,GF_01512
42,1,GF_01527
42,1,GF_01534
42,1,GF_01536
42,1,GF_01537
42,1,GF_01538
42,1,GF_01539
42,1,GF_01540
42,1,GF_01541
42,1,GF_01542
42,1,GF_01543
42,1,GF_01544
42,1,GF_01546
42,1,GF_01547
42,1,GF_01548
42,1,GF_01549
42,1,GF_01552
42,1,GF_01553
42,1,GF_01579
42,1,GF_01580
42,1,GF_01583
42,1,GF_01584
42,1,GF_01587
42,1,GF_01591
42,1,GF_01592
42,1,GF_01598
42,1,GF_01616
42,1,GF_01617
42,1,GF_01618
42,1,GF_01619
42,1,GF_01620
42,1,GF_01621
42,1,GF_01623
42,1,GF_01625
42,1,GF_01626
42,1,GF_01627
42,1,GF_01628
42,1,GF_01629
42,1,GF_01633
42,1,GF_01634
42,1,GF_01635
42,1,GF_01636
42,1,GF_01637
42,1,GF_01638
42,1,GF_01639
42,1,GF_01641
42,1,GF_01648
42,1,GF_01661
42,1,GF_01672
42,1,GF_01673
42,1,GF_01674
42,1,GF_01675
42,1,GF_01676
42,1,GF_01677
42,1,GF_01678
42,1,GF_01679
42,1,GF_01680
42,1,GF_01681
42,1,GF_01683
42,1,GF_01684
42,1,GF_01685
42,1,GF_01688
42,1,GF_01689
42,1,GF_01690
42,1,GF_01691
42,1,GF_01692
42,1,GF_01693
42,1,GF_01732
42,1,GF_01733
42,1,GF_01734
42,1,GF_01735
42,1,GF_01736
42,1,GF_01737
42,1,GF_01740
42,1,GF_01741
42,1,GF_01742
42,1,GF_01745
42,1,GF_01763
42,1,GF_01770
42,1,GF_01783
42,1,GF_01799
42,1,GF_01801
42,1,GF_01802
42,1,GF_01803
42,1,GF_01805
42,1,GF_01806
42,1,GF_01807
42,1,GF_01808
42,1,GF_01809
42,1,GF_01810
42,1,GF_01811
42,1,GF_01812
42,1,GF_01813
42,1,GF_01814
42,1,GF_01815
42,1,GF_01816
42,1,GF_01817
42,1,GF_01818
42,1,GF_01819
42,1,GF_01822
42,1,GF_01823
42,1,GF_01834
42,1,GF_01836
42,1,GF_01837
42,1,GF_01840
42,1,GF_01841
42,1,GF_01844
42,1,GF_01850
42,1,GF_01856
42,1,GF_01857
42,1,GF_01860
42,1,GF_01866
42,1,GF_01868
42,1,GF_01870
42,1,GF_01872
42,1,GF_01885
42,1,GF_01897
42,1,GF_01898
42,1,GF_01899
42,1,GF_01900
42,1,GF_01901
42,1,GF_01902
42,1,GF_01904
42,1,GF_01919
42,1,GF_01921
42,1,GF_01923
42,1,GF_01925
42,1,GF_01926
42,1,GF_01927
42,1,GF_01928
42,1,GF_01929
42,1,GF_01930
42,1,GF_01945
42,1,GF_02041
42,1,GF_02060
42,1,GF_02069
42,1,GF_02070
42,1,GF_02071
42,1,GF_02072
42,1,GF_02074
42,1,GF_02075
42,1,GF_02076
42,1,GF_02081
42,1,GF_02084
42,1,GF_02085
42,1,GF_02086
42,1,GF_02087
42,1,GF_02088
42,1,GF_02089
42,1,GF_02091
42,1,GF_02092
42,1,GF_02093
42,1,GF_02094
42,1,GF_02101
42,1,GF_02109
42,1,GF_02110
42,1,GF_02113
42,1,GF_02122
42,1,GF_02130
42,1,GF_02131
42,1,GF_02136
42,1,GF_02137
42,1,GF_02138
42,1,GF_02139
42,1,GF_02140
42,1,GF_02141
42,1,GF_02142
42,1,GF_02143
42,1,GF_02145
42,1,GF_02152
42,1,GF_02157
42,1,GF_02158
42,1,GF_02159
42,1,GF_02172
42,1,GF_02178
42,1,GF_02180
42,1,GF_02184
42,1,GF_02192
42,1,GF_02194
42,1,GF_02215
42,1,GF_02216
42,1,GF_02217
42,1,GF_02218
42,1,GF_02219
42,1,GF_02220
42,1,GF_02222
42,1,GF_02223
42,1,GF_02224
42,1,GF_02225
42,1,GF_02226
42,1,GF_02227
42,1,GF_02228
42,1,GF_02229
42,1,GF_02230
42,1,GF_02260
42,1,GF_02261
42,1,GF_02262
42,1,GF_02263
42,1,GF_02264
42,1,GF_02265
42,1,GF_02266
42,2,GF_00002
42,2,GF_00008
42,2,GF_00011
42,2,GF_00012
42,2,GF_00013
42,2,GF_00014
42,2,GF_00015
42,2,GF_00017
42,2,GF_00018
42,2,GF_00036
42,2,GF_00043
42,2,GF_00044
42,2,GF_00046
42,2,GF_00047
42,2,GF_00048
42,2,GF_00049
42,2,GF_00051
42,2,GF_00052
42,2,GF_00071
42,2,GF_00072
42,2,GF_00073
42,2,GF_00074
42,2,GF_00075
42,2,GF_00076
42,2,GF_00077
42,2,GF_00078
42,2,GF_00079
42,2,GF_00081
42,2,GF_00082
42,2,GF_00083
42,2,GF_00084
42,2,GF_00085
42,2,GF_00087
42,2,GF_00088
42,2,GF_00093
42,2,GF_00094
42,2,GF_00104
42,2,GF_00105
42,2,GF_00106
42,2,GF_00107
42,2,GF_00108
42,2,GF_00109
42,2,GF_00111
42,2,GF_00112
42,2,GF_00113
42,2,GF_00114
42,2,GF_00115
42,2,GF_00116
42,2,GF_00117
42,2,GF_00120
42,2,GF_00121
42,2,GF_00122
42,2,GF_00123
42,2,GF_00124
42,2,GF_00125
42,2,GF_00136
42,2,GF_00137
42,2,GF_00138
42,2,GF_00139
42,2,GF_00141
42,2,GF_00142
42,2,GF_00143
42,2,GF_00155
42,2,GF_00164
42,2,GF_00170
42,2,GF_00175
42,2,GF_00178
42,2,GF_00179
42,2,GF_00180
42,2,GF_00185
42,2,GF_00220
42,2,GF_00228
42,2,GF_00229
42,2,GF_00244
42,2,GF_00251
42,2,GF_00262
42,2,GF_00281
42,2,GF_00290
42,2,GF_00296
42,2,GF_00300
42,2,GF_00302
42,2,GF_00303
42,2,GF_00305
42,2,GF_00309
42,2,GF_00311
42,2,GF_00312
42,2,GF_00313
42,2,GF_00314
42,2,GF_00315
42,2,GF_00316
42,2,GF_00317
42,2,GF_00318
42,2,GF_00319
42,2,GF_00320
42,2,GF_00321
42,2,GF_00323
42,2,GF_00324
42,2,GF_00325
42,2,GF_00326
42,2,GF_00327
42,2,GF_00329
42,2,GF_00330
42,2,GF_00331
42,2,GF_00332
42,2,GF_00333
42,2,GF_00335
42,2,GF_00336
42,2,GF_00339
42,2,GF_00340
42,2,GF_00341
42,2,GF_00342
42,2,GF_00343
42,2,GF_00344
42,2,GF_00346
42,2,GF_00347
42,2,GF_00348
42,2,GF_00349
42,2,GF_00350
42,2,GF_00351
42,2,GF_00352
42,2,GF_00353
42,2,GF_00358
42,2,GF_00360
42,2,GF_00362
42,2,GF_00363
42,2,GF_00364
42,2,GF_00365
42,2,GF_00369
42,2,GF_00381
42,2,GF_00384
42,2,GF_00385
42,2,GF_00386
42,2,GF_00387
42,2,GF_00388
42,2,GF_00389
42,2,GF_00390
42,2,GF_00391
42,2,GF_00393
42,2,GF_00395
42,2,GF_00396
42,2,GF_00400
42,2,GF_00401
42,2,GF_00402
42,2,GF_00403
42,2,GF_00404
42,2,GF_00405
42,2,GF_00408
42,2,GF_00409
42,2,GF_00410
42,2,GF_00413
42,2,GF_00414
42,2,GF_00415
42,2,GF_00419
42,2,GF_00422
42,2,GF_00424
42,2,GF_00426
42,2,GF_00427
42,2,GF_00428
42,2,GF_00429
42,2,GF_00430
42,2,GF_00431
42,2,GF_00432
42,2,GF_00433
42,2,GF_00434
42,2,GF_00435
42,2,GF_00436
42,2,GF_00437
42,2,GF_00438
42,2,GF_00440
42,2,GF_00441
42,2,GF_00455
42,2,GF_00457
42,2,GF_00458
42,2,GF_00471
42,2,GF_00477
42,2,GF_00480
42,2,GF_00488
42,2,GF_00489
42,2,GF_00503
42,2,GF_00522
42,2,GF_00523
42,2,GF_00524
42,2,GF_00525
42,2,GF_00527
42,2,GF_00528
42,2,GF_00529
42,2,GF_00530
42,2,GF_00531
42,2,GF_00536
42,2,GF_00538
42,2,GF_00546
42,2,GF_00547
42,2,GF_00548
42,2,GF_00549
42,2,GF_00564
42,2,GF_00565
42,2,GF_00566
42,2,GF_00569
42,2,GF_00570
42,2,GF_00580
42,2,GF_00588
42,2,GF_00594
42,2,GF_00595
42,2,GF_00599
42,2,GF_00601
42,2,GF_00603
42,2,GF_00604
42,2,GF_00606
42,2,GF_00607
42,2,GF_00608
42,2,GF_00609
42,2,GF_00611
42,2,GF_00612
42,2,GF_00613
42,2,GF_00614
42,2,GF_00615
42,2,GF_00616
42,2,GF_00617
42,2,GF_00618
42,2,GF_00619
42,2,GF_00620
42,2,GF_00622
42,2,GF_00623
42,2,GF_00624
42,2,GF_00632
42,2,GF_00633
42,2,GF_00635
42,2,GF_00636
42,2,GF_00637
42,2,GF_00638
42,2,GF_00642
42,2,GF_00643
42,2,GF_00655
42,2,GF_00658
42,2,GF_00661
42,2,GF_00669
42,2,GF_00681
42,2,GF_00682
42,2,GF_00683
42,2,GF_00684
42,2,GF_00687
42,2,GF_00688
42,2,GF_00699
42,2,GF_00702
42,2,GF_00709
42,2,GF_00723
42,2,GF_00724
42,2,GF_00725
42,2,GF_00726
42,2,GF_00727
42,2,GF_00728
42,2,GF_00729
42,2,GF_00736
42,2,GF_00740
42,2,GF_00741
42,2,GF_00744
42,2,GF_00751
42,2,GF_00755
42,2,GF_00756
42,2,GF_00761
42,2,GF_00771
42,2,GF_00773
42,2,GF_00776
42,2,GF_00777
42,2,GF_00796
42,2,GF_00810
42,2,GF_00811
42,2,GF_00813
42,2,GF_00814
42,2,GF_00816
42,2,GF_00819
42,2,GF_00828
42,2,GF_00843
42,2,GF_00845
42,2,GF_00856
42,2,GF_00857
42,2,GF_00860
42,2,GF_00864
42,2,GF_00866
42,2,GF_00867
42,2,GF_00868
42,2,GF_00869
42,2,GF_00870
42,2,GF_00873
42,2,GF_00874
42,2,GF_00887
42,2,GF_00888
42,2,GF_00895
42,2,GF_00916
42,2,GF_00927
42,2,GF_00931
42,2,GF_00932
42,2,GF_00933
42,2,GF_00946
42,2,GF_00947
42,2,GF_00949
42,2,GF_00957
42,2,GF_00958
42,2,GF_00960
42,2,GF_00963
42,2,GF_00966
42,2,GF_00968
42,2,GF_00969
42,2,GF_00970
42,2,GF_00971
42,2,GF_00982
42,2,GF_01004
42,2,GF_01005
42,2,GF_01026
42,2,GF_01028
42,2,GF_01054
42,2,GF_01230
42,2,GF_01231
42,2,GF_01233
42,2,GF_01234
42,2,GF_01235
42,2,GF_01236
42,2,GF_01237
42,2,GF_01239
42,2,GF_01240
42,2,GF_01241
42,2,GF_01242
42,2,GF_01244
42,2,GF_01245
42,2,GF_01246
42,2,GF_01247
42,2,GF_01248
42,2,GF_01266
42,2,GF_01287
42,2,GF_01290
42,2,GF_01292
42,2,GF_01293
42,2,GF_01297
42,2,GF_01306
42,2,GF_01314
42,2,GF_01315
42,2,GF_01327
42,2,GF_01329
42,2,GF_01330
42,2,GF_01331
42,2,GF_01332
42,2,GF_01333
42,2,GF_01334
42,2,GF_01336
42,2,GF_01337
42,2,GF_01338
42,2,GF_01359
42,2,GF_01372
42,2,GF_01374
42,2,GF_01375
42,2,GF_01376
42,2,GF_01377
42,2,GF_01379
42,2,GF_01381
42,2,GF_01382
42,2,GF_01383
42,2,GF_01385
42,2,GF_01386
42,2,GF_01387
42,2,GF_01390
42,2,GF_01391
42,2,GF_01393
42,2,GF_01394
42,2,GF_01395
42,2,GF_01396
42,2,GF_01397
42,2,GF_01399
42,2,GF_01400
42,2,GF_01401
42,2,GF_01409
42,2,GF_01425
42,2,GF_01426
42,2,GF_01428
42,2,GF_01439
42,2,GF_01445
42,2,GF_01446
42,2,GF_01447
42,2,GF_01449
42,2,GF_01456
42,2,GF_01458
42,2,GF_01460
42,2,GF_01461
42,2,GF_01462
42,2,GF_01466
42,2,GF_01476
42,2,GF_01477
42,2,GF_01479
42,2,GF_01481
42,2,GF_01487
42,2,GF_01502
42,2,GF_01504
42,2,GF_01512
42,2,GF_01514
42,2,GF_01527
42,2,GF_01534
42,2,GF_01535
42,2,GF_01536
42,2,GF_01538
42,2,GF_01539
42,2,GF_01540
42,2,GF_01541
42,2,GF_01542
42,2,GF_01544
42,2,GF_01547
42,2,GF_01549
42,2,GF_01552
42,2,GF_01553
42,2,GF_01579
42,2,GF_01580
42,2,GF_01583
42,2,GF_01584
42,2,GF_01591
42,2,GF_01592
42,2,GF_01616
42,2,GF_01617
42,2,GF_01618
42,2,GF_01619
42,2,GF_01620
42,2,GF_01621
42,2,GF_01623
42,2,GF_01625
42,2,GF_01626
42,2,GF_01627
42,2,GF_01628
42,2,GF_01629
42,2,GF_01636
42,2,GF_01638
42,2,GF_01641
42,2,GF_01648
42,2,GF_01659
42,2,GF_01661
42,2,GF_01673
42,2,GF_01674
42,2,GF_01675
42,2,GF_01676
42,2,GF_01677
42,2,GF_01678
42,2,GF_01679
42,2,GF_01680
42,2,GF_01681
42,2,GF_01683
42,2,GF_01684
42,2,GF_01685
42,2,GF_01688
42,2,GF_01689
42,2,GF_01690
42,2,GF_01691
42,2,GF_01692
42,2,GF_01693
42,2,GF_01732
42,2,GF_01733
42,2,GF_01734
42,2,GF_01735
42,2,GF_01736
42,2,GF_01737
42,2,GF_01741
42,2,GF_01742
42,2,GF_01745
42,2,GF_01763
42,2,GF_01783
42,2,GF_01799
42,2,GF_01801
42,2,GF_01802
42,2,GF_01803
42,2,GF_01805
42,2,GF_01806
42,2,GF_01807
42,2,GF_01808
42,2,GF_01809
42,2,GF_01810
42,2,GF_01811
42,2,GF_01812
42,2,GF_01813
42,2,GF_01814
42,2,GF_01815
42,2,GF_01816
42,2,GF_01818
42,2,GF_01819
42,2,GF_01822
42,2,GF_01834
42,2,GF_01836
42,2,GF_01837
42,2,GF_01840
42,2,GF_01841
42,2,GF_01842
42,2,GF_01844
42,2,GF_01856
42,2,GF_01860
42,2,GF_01870
42,2,GF_01872
42,2,GF_01874
42,2,GF_01897
42,2,GF_01898
42,2,GF_01899
42,2,GF_01900
42,2,GF_01902
42,2,GF_01904
42,2,GF_01919
42,2,GF_01921
42,2,GF_01923
42,2,GF_01925
42,2,GF_01926
42,2,GF_01927
42,2,GF_01928
42,2,GF_01929
42,2,GF_01930
42,2,GF_01945
42,2,GF_02041
42,2,GF_02059
42,2,GF_02060
42,2,GF_02069
42,2,GF_02070
42,2,GF_02071
42,2,GF_02072
42,2,GF_02075
42,2,GF_02076
42,2,GF_02084
42,2,GF_02085
42,2,GF_02086
42,2,GF_02088
42,2,GF_02089
42,2,GF_02091
42,2,GF_02092
42,2,GF_02093
42,2,GF_02094
42,2,GF_02101
42,2,GF_02109
42,2,GF_02113
42,2,GF_02122
42,2,GF_02130
42,2,GF_02131
42,2,GF_02132
42,2,GF_02136
42,2,GF_02137
42,2,GF_02138
42,2,GF_02139
42,2,GF_02140
42,2,GF_02141
42,2,GF_02142
42,2,GF_02143
42,2,GF_02145
42,2,GF_02152
42,2,GF_02157
42,2,GF_02158
42,2,GF_02168
42,2,GF_02172
42,2,GF_02178
42,2,GF_02180
42,2,GF_02184
42,2,GF_02216
42,2,GF_02217
42,2,GF_02218
42,2,GF_02219
42,2,GF_02220
42,2,GF_02223
42,2,GF_02224
42,2,GF_02225
42,2,GF_02226
42,2,GF_02227
42,2,GF_02228
42,2,GF_02229
42,2,GF_02230
42,2,GF_02260
42,2,GF_02261
42,2,GF_02262
42,2,GF_02263
42,2,GF_02264
42,2,GF_02266
42,3,GF_00002
42,3,GF_00008
42,3,GF_00011
42,3,GF_00012
42,3,GF_00013
42,3,GF_00014
42,3,GF_00015
42,3,GF_00017
42,3,GF_00018
42,3,GF_00036
42,3,GF_00043
42,3,GF_00044
42,3,GF_00046
42,3,GF_00047
42,3,GF_00048
42,3,GF_00049
42,3,GF_00051
42,3,GF_00052
42,3,GF_00072
42,3,GF_00073
42,3,GF_00074
42,3,GF_00075
42,3,GF_00077
42,3,GF_00078
42,3,GF_00079
42,3,GF_00080
42,3,GF_00081
42,3,GF_00082
42,3,GF_00083
42,3,GF_00084
42,3,GF_00085
42,3,GF_00087
42,3,GF_00088
42,3,GF_00093
42,3,GF_00094
42,3,GF_00104
42,3,GF_00105
42,3,GF_00106
42,3,GF_00107
42,3,GF_00108
42,3,GF_00111
42,3,GF_00112
42,3,GF_00114
42,3,GF_00115
42,3,GF_00116
42,3,GF_00117
42,3,GF_00120
42,3,GF_00121
42,3,GF_00122
42,3,GF_00123
42,3,GF_00124
42,3,GF_00125
42,3,GF_00136
42,3,GF_00137
42,3,GF_00138
42,3,GF_00139
42,3,GF_00141
42,3,GF_00143
42,3,GF_00155
42,3,GF_00164
42,3,GF_00170
42,3,GF_00175
42,3,GF_00178
42,3,GF_00179
42,3,GF_00180
42,3,GF_00185
42,3,GF_00220
42,3,GF_00228
42,3,GF_00229
42,3,GF_00235
42,3,GF_00244
42,3,GF_00250
42,3,GF_00251
42,3,GF_00262
42,3,GF_00281
42,3,GF_00290
42,3,GF_00296
42,3,GF_00300
42,3,GF_00302
42,3,GF_00303
42,3,GF_00305
42,3,GF_00309
42,3,GF_00311
42,3,GF_00312
42,3,GF_00313
42,3,GF_00314
42,3,GF_00315
42,3,GF_00316
42,3,GF_00317
42,3,GF_00318
42,3,GF_00319
42,3,GF_00320
42,3,GF_00321
42,3,GF_00323
42,3,GF_00324
42,3,GF_00325
42,3,GF_00326
42,3,GF_00327
42,3,GF_00329
42,3,GF_00330
42,3,GF_00331
42,3,GF_00332
42,3,GF_00333
42,3,GF_00335
42,3,GF_00336
42,3,GF_00338
42,3,GF_00340
42,3,GF_00341
42,3,GF_00342
42,3,GF_00343
42,3,GF_00344
42,3,GF_00346
42,3,GF_00347
42,3,GF_00349
42,3,GF_00350
42,3,GF_00352
42,3,GF_00353
42,3,GF_00355
42,3,GF_00358
42,3,GF_00360
42,3,GF_00362
42,3,GF_00363
42,3,GF_00364
42,3,GF_00365
42,3,GF_00369
42,3,GF_00381
42,3,GF_00384
42,3,GF_00385
42,3,GF_00386
42,3,GF_00387
42,3,GF_00388
42,3,GF_00389
42,3,GF_00390
42,3,GF_00391
42,3,GF_00393
42,3,GF_00394
42,3,GF_00395
42,3,GF_00396
42,3,GF_00400
42,3,GF_00401
42,3,GF_00402
42,3,GF_00404
42,3,GF_00405
42,3,GF_00406
42,3,GF_00407
42,3,GF_00409
42,3,GF_00410
42,3,GF_00413
42,3,GF_00414
42,3,GF_00415
42,3,GF_00417
42,3,GF_00418
42,3,GF_00421
42,3,GF_00422
42,3,GF_00424
42,3,GF_00426
42,3,GF_00427
42,3,GF_00428
42,3,GF_00430
42,3,GF_00431
42,3,GF_00432
42,3,GF_00433
42,3,GF_00434
42,3,GF_00435
42,3,GF_00436
42,3,GF_00438
42,3,GF_00440
42,3,GF_00441
42,3,GF_00455
42,3,GF_00457
42,3,GF_00458
42,3,GF_00471
42,3,GF_00477
42,3,GF_00480
42,3,GF_00482
42,3,GF_00488
42,3,GF_00489
42,3,GF_00503
42,3,GF_00522
42,3,GF_00523
42,3,GF_00524
42,3,GF_00525
42,3,GF_00527
42,3,GF_00528
42,3,GF_00529
42,3,GF_00530
42,3,GF_00531
42,3,GF_00536
42,3,GF_00538
42,3,GF_00546
42,3,GF_00547
42,3,GF_00548
42,3,GF_00549
42,3,GF_00564
42,3,GF_00565
42,3,GF_00566
42,3,GF_00569
42,3,GF_00570
42,3,GF_00572
42,3,GF_00574
42,3,GF_00578
42,3,GF_00580
42,3,GF_00588
42,3,GF_00594
42,3,GF_00595
42,3,GF_00599
42,3,GF_00600
42,3,GF_00601
42,3,GF_00603
42,3,GF_00604
42,3,GF_00605
42,3,GF_00606
42,3,GF_00607
42,3,GF_00608
42,3,GF_00609
42,3,GF_00611
42,3,GF_00612
42,3,GF_00613
42,3,GF_00614
42,3,GF_00615
42,3,GF_00617
42,3,GF_00618
42,3,GF_00619
42,3,GF_00620
42,3,GF_00621
42,3,GF_00622
42,3,GF_00623
42,3,GF_00624
42,3,GF_00632
42,3,GF_00633
42,3,GF_00635
42,3,GF_00636
42,3,GF_00637
42,3,GF_00640
42,3,GF_00641
42,3,GF_00642
42,3,GF_00643
42,3,GF_00655
42,3,GF_00658
42,3,GF_00661
42,3,GF_00669
42,3,GF_00676
42,3,GF_00681
42,3,GF_00684
42,3,GF_00687
42,3,GF_00688
42,3,GF_00695
42,3,GF_00699
42,3,GF_00702
42,3,GF_00709
42,3,GF_00722
42,3,GF_00723
42,3,GF_00724
42,3,GF_00725
42,3,GF_00726
42,3,GF_00727
42,3,GF_00728
42,3,GF_00729
42,3,GF_00732
42,3,GF_00736
42,3,GF_00740
42,3,GF_00741
42,3,GF_00744
42,3,GF_00751
42,3,GF_00755
42,3,GF_00756
42,3,GF_00761
42,3,GF_00771
42,3,GF_00773
42,3,GF_00776
42,3,GF_00777
42,3,GF_00785
42,3,GF_00796
42,3,GF_00810
42,3,GF_00811
42,3,GF_00813
42,3,GF_00814
42,3,GF_00816
42,3,GF_00819
42,3,GF_00828
42,3,GF_00843
42,3,GF_00845
42,3,GF_00857
42,3,GF_00860
42,3,GF_00864
42,3,GF_00866
42,3,GF_00868
42,3,GF_00869
42,3,GF_00870
42,3,GF_00871
42,3,GF_00872
42,3,GF_00873
42,3,GF_00874
42,3,GF_00895
42,3,GF_00916
42,3,GF_00927
42,3,GF_00931
42,3,GF_00933
42,3,GF_00946
42,3,GF_00947
42,3,GF_00949
42,3,GF_00957
42,3,GF_00958
42,3,GF_00959
42,3,GF_00960
42,3,GF_00963
42,3,GF_00966
42,3,GF_00968
42,3,GF_00969
42,3,GF_00970
42,3,GF_00971
42,3,GF_00972
42,3,GF_00982
42,3,GF_01004
42,3,GF_01005
42,3,GF_01012
42,3,GF_01026
42,3,GF_01027
42,3,GF_01028
42,3,GF_01054
42,3,GF_01230
42,3,GF_01231
42,3,GF_01232
42,3,GF_01233
42,3,GF_01234
42,3,GF_01235
42,3,GF_01236
42,3,GF_01237
42,3,GF_01239
42,3,GF_01240
42,3,GF_01241
42,3,GF_01242
42,3,GF_01244
42,3,GF_01245
42,3,GF_01246
42,3,GF_01247
42,3,GF_01248
42,3,GF_01266
42,3,GF_01287
42,3,GF_01290
42,3,GF_01291
42,3,GF_01292
42,3,GF_01293
42,3,GF_01297
42,3,GF_01306
42,3,GF_01314
42,3,GF_01315
42,3,GF_01327
42,3,GF_01329
42,3,GF_01330
42,3,GF_01331
42,3,GF_01332
42,3,GF_01333
42,3,GF_01334
42,3,GF_01336
42,3,GF_01337
42,3,GF_01338
42,3,GF_01359
42,3,GF_01372
42,3,GF_01373
42,3,GF_01374
42,3,GF_01375
42,3,GF_01376
42,3,GF_01377
42,3,GF_01379
42,3,GF_01381
42,3,GF_01382
42,3,GF_01383
42,3,GF_01385
42,3,GF_01387
42,3,GF_01390
42,3,GF_01391
42,3,GF_01393
42,3,GF_01394
42,3,GF_01395
42,3,GF_01396
42,3,GF_01397
42,3,GF_01399
42,3,GF_01400
42,3,GF_01401
42,3,GF_01404
42,3,GF_01409
42,3,GF_01425
42,3,GF_01426
42,3,GF_01428
42,3,GF_01439
42,3,GF_01445
42,3,GF_01446
42,3,GF_01447
42,3,GF_01448
42,3,GF_01449
42,3,GF_01456
42,3,GF_01458
42,3,GF_01460
42,3,GF_01461
42,3,GF_01466
42,3,GF_01477
42,3,GF_01479
42,3,GF_01480
42,3,GF_01487
42,3,GF_01502
42,3,GF_01512
42,3,GF_01514
42,3,GF_01527
42,3,GF_01534
42,3,GF_01536
42,3,GF_01538
42,3,GF_01539
42,3,GF_01540
42,3,GF_01541
42,3,GF_01542
42,3,GF_01543
42,3,GF_01544
42,3,GF_01547
42,3,GF_01549
42,3,GF_01552
42,3,GF_01553
42,3,GF_01579
42,3,GF_01580
42,3,GF_01583
42,3,GF_01584
42,3,GF_01591
42,3,GF_01592
42,3,GF_01616
42,3,GF_01617
42,3,GF_01618
42,3,GF_01619
42,3,GF_01620
42,3,GF_01621
42,3,GF_01623
42,3,GF_01625
42,3,GF_01626
42,3,GF_01627
42,3,GF_01628
42,3,GF_01629
42,3,GF_01634
42,3,GF_01635
42,3,GF_01636
42,3,GF_01637
42,3,GF_01638
42,3,GF_01639
42,3,GF_01641
42,3,GF_01648
42,3,GF_01659
42,3,GF_01661
42,3,GF_01672
42,3,GF_01673
42,3,GF_01674
42,3,GF_01675
42,3,GF_01676
42,3,GF_01677
42,3,GF_01678
42,3,GF_01679
42,3,GF_01680
42,3,GF_01681
42,3,GF_01683
42,3,GF_01684
42,3,GF_01685
42,3,GF_01688
42,3,GF_01689
42,3,GF_01690
42,3,GF_01692
42,3,GF_01693
42,3,GF_01732
42,3,GF_01733
42,3,GF_01734
42,3,GF_01735
42,3,GF_01736
42,3,GF_01740
42,3,GF_01741
42,3,GF_01742
42,3,GF_01745
42,3,GF_01763
42,3,GF_01783
42,3,GF_01799
42,3,GF_01802
42,3,GF_01803
42,3,GF_01805
42,3,GF_01806
42,3,GF_01807
42,3,GF_01808
42,3,GF_01809
42,3,GF_01810
42,3,GF_01811
42,3,GF_01812
42,3,GF_01813
42,3,GF_01816
42,3,GF_01818
42,3,GF_01819
42,3,GF_01822
42,3,GF_01823
42,3,GF_01834
42,3,GF_01836
42,3,GF_01837
42,3,GF_01840
42,3,GF_01841
42,3,GF_01842
42,3,GF_01844
42,3,GF_01856
42,3,GF_01860
42,3,GF_01866
42,3,GF_01870
42,3,GF_01872
42,3,GF_01885
42,3,GF_01897
42,3,GF_01898
42,3,GF_01899
42,3,GF_01900
42,3,GF_01901
42,3,GF_01902
42,3,GF_01904
42,3,GF_01919
42,3,GF_01921
42,3,GF_01925
42,3,GF_01926
42,3,GF_01927
42,3,GF_01928
42,3,GF_01929
42,3,GF_01930
42,3,GF_01945
42,3,GF_02041
42,3,GF_02059
42,3,GF_02060
42,3,GF_02069
42,3,GF_02070
42,3,GF_02071
42,3,GF_02072
42,3,GF_02074
42,3,GF_02075
42,3,GF_02076
42,3,GF_02084
42,3,GF_02085
42,3,GF_02088
42,3,GF_02089
42,3,GF_02091
42,3,GF_02092
42,3,GF_02093
42,3,GF_02094
42,3,GF_02101
42,3,GF_02109
42,3,GF_02110
42,3,GF_02113
42,3,GF_02122
42,3,GF_02130
42,3,GF_02131
42,3,GF_02132
42,3,GF_02136
42,3,GF_02137
42,3,GF_02138
42,3,GF_02139
42,3,GF_02140
42,3,GF_02141
42,3,GF_02142
42,3,GF_02143
42,3,GF_02145
42,3,GF_02152
42,3,GF_02157
42,3,GF_02159
42,3,GF_02172
42,3,GF_02178
42,3,GF_02180
42,3,GF_02184
42,3,GF_02194
42,3,GF_02215
42,3,GF_02216
42,3,GF_02217
42,3,GF_02218
42,3,GF_02219
42,3,GF_02220
42,3,GF_02222
42,3,GF_02223
42,3,GF_02224
42,3,GF_02225
42,3,GF_02226
42,3,GF_02227
42,3,GF_02228
42,3,GF_02229
42,3,GF_02230
42,3,GF_02260
42,3,GF_02261
42,3,GF_02262
42,3,GF_02263
42,3,GF_02264
42,3,GF_02266
42,4,GF_00002
42,4,GF_00008
42,4,GF_00011
42,4,GF_00012
42,4,GF_00013
42,4,GF_00014
42,4,GF_00015
42,4,GF_00017
42,4,GF_00018
42,4,GF_00036
42,4,GF_00043
42,4,GF_00044
42,4,GF_00045
42,4,GF_00046
42,4,GF_00047
42,4,GF_00048
42,4,GF_00049
42,4,GF_00051
42,4,GF_00052
42,4,GF_00071
42,4,GF_00072
42,4,GF_00073
42,4,GF_00074
42,4,GF_00075
42,4,GF_00076
42,4,GF_00077
42,4,GF_00078
42,4,GF_00079
42,4,GF_00080
42,4,GF_00081
42,4,GF_00082
42,4,GF_00083
42,4,GF_00084
42,4,GF_00085
42,4,GF_00087
42,4,GF_00088
42,4,GF_00093
42,4,GF_00094
42,4,GF_00104
42,4,GF_00105
42,4,GF_00106
42,4,GF_00107
42,4,GF_00108
42,4,GF_00109
42,4,GF_00111
42,4,GF_00112
42,4,GF_00113
42,4,GF_00114
42,4,GF_00115
42,4,GF_00116
42,4,GF_00117
42,4,GF_00119
42,4,GF_00120
42,4,GF_00121
42,4,GF_00122
42,4,GF_00123
42,4,GF_00124
42,4,GF_00125
42,4,GF_00136
42,4,GF_00137
42,4,GF_00138
42,4,GF_00139
42,4,GF_00141
42,4,GF_00142
42,4,GF_00143
42,4,GF_00155
42,4,GF_00164
42,4,GF_00170
42,4,GF_00175
42,4,GF_00178
42,4,GF_00179
42,4,GF_00180
42,4,GF_00181
42,4,GF_00185
42,4,GF_00208
42,4,GF_00220
42,4,GF_00228
42,4,GF_00229
42,4,GF_00235
42,4,GF_00244
42,4,GF_00250
42,4,GF_00251
42,4,GF_00262
42,4,GF_00281
42,4,GF_00290
42,4,GF_00296
42,4,GF_00300
42,4,GF_00302
42,4,GF_00303
42,4,GF_00305
42,4,GF_00309
42,4,GF_00311
42,4,GF_00312
42,4,GF_00313
42,4,GF_00314
42,4,GF_00315
42,4,GF_00316
42,4,GF_00317
42,4,GF_00318
42,4,GF_00319
42,4,GF_00320
42,4,GF_00321
42,4,GF_00323
42,4,GF_00324
42,4,GF_00325
42,4,GF_00326
42,4,GF_00327
42,4,GF_00329
42,4,GF_00330
42,4,GF_00331
42,4,GF_00332
42,4,GF_00333
42,4,GF_00335
42,4,GF_00336
42,4,GF_00338
42,4,GF_00339
42,4,GF_00340
42,4,GF_00341
42,4,GF_00342
42,4,GF_00343
42,4,GF_00344
42,4,GF_00346
42,4,GF_00347
42,4,GF_00348
42,4,GF_00349
42,4,GF_00350
42,4,GF_00352
42,4,GF_00353
42,4,GF_00355
42,4,GF_00358
42,4,GF_00359
42,4,GF_00360
42,4,GF_00362
42,4,GF_00363
42,4,GF_00364
42,4,GF_00365
42,4,GF_00369
42,4,GF_00378
42,4,GF_00381
42,4,GF_00384
42,4,GF_00385
42,4,GF_00386
42,4,GF_00387
42,4,GF_00388
42,4,GF_00389
42,4,GF_00390
42,4,GF_00391
42,4,GF_00393
42,4,GF_00394
42,4,GF_00395
42,4,GF_00396
42,4,GF_00400
42,4,GF_00401
42,4,GF_00402
42,4,GF_00403
42,4,GF_00404
42,4,GF_00405
42,4,GF_00406
42,4,GF_00407
42,4,GF_00408
42,4,GF_00409
42,4,GF_00410
42,4,GF_00413
42,4,GF_00414
42,4,GF_00415
42,4,GF_00417
42,4,GF_00418
42,4,GF_00419
42,4,GF_00421
42,4,GF_00422
42,4,GF_00424
42,4,GF_00426
42,4,GF_00427
42,4,GF_00428
42,4,GF_00429
42,4,GF_00430
42,4,GF_00431
42,4,GF_00432
42,4,GF_00433
42,4,GF_00434
42,4,GF_00435
42,4,GF_00436
42,4,GF_00437
42,4,GF_00438
42,4,GF_00440
42,4,GF_00441
42,4,GF_00455
42,4,GF_00456
42,4,GF_00457
42,4,GF_00458
42,4,GF_00460
42,4,GF_00471
42,4,GF_00472
42,4,GF_00477
42,4,GF_00480
42,4,GF_00482
42,4,GF_00488
42,4,GF_00489
42,4,GF_00491
42,4,GF_00503
42,4,GF_00522
42,4,GF_00523
42,4,GF_00524
42,4,GF_00525
42,4,GF_00527
42,4,GF_00528
42,4,GF_00529
42,4,GF_00530
42,4,GF_00531
42,4,GF_00536
42,4,GF_00538
42,4,GF_00546
42,4,GF_00547
42,4,GF_00548
42,4,GF_00549
42,4,GF_00564
42,4,GF_00565
42,4,GF_00566
42,4,GF_00569
42,4,GF_00570
42,4,GF_00572
42,4,GF_00574
42,4,GF_00578
42,4,GF_00580
42,4,GF_00588
42,4,GF_00593
42,4,GF_00594
42,4,GF_00595
42,4,GF_00599
42,4,GF_00600
42,4,GF_00601
42,4,GF_00602
42,4,GF_00603
42,4,GF_00604
42,4,GF_00605
42,4,GF_00606
42,4,GF_00607
42,4,GF_00608
42,4,GF_00609
42,4,GF_00611
42,4,GF_00612
42,4,GF_00613
42,4,GF_00614
42,4,GF_00615
42,4,GF_00616
42,4,GF_00617
42,4,GF_00618
42,4,GF_00619
42,4,GF_00620
42,4,GF_00621
42,4,GF_00622
42,4,GF_00623
42,4,GF_00624
42,4,GF_00632
42,4,GF_00633
42,4,GF_00634
42,4,GF_00635
42,4,GF_00636
42,4,GF_00637
42,4,GF_00638
42,4,GF_00640
42,4,GF_00641
42,4,GF_00642
42,4,GF_00643
42,4,GF_00655
42,4,GF_00658
42,4,GF_00659
42,4,GF_00661
42,4,GF_00669
42,4,GF_00676
42,4,GF_00681
42,4,GF_00682
42,4,GF_00683
42,4,GF_00684
42,4,GF_00687
42,4,GF_00688
42,4,GF_00695
42,4,GF_00699
42,4,GF_00702
42,4,GF_00709
42,4,GF_00722
42,4,GF_00723
42,4,GF_00724
42,4,GF_00725
42,4,GF_00726
42,4,GF_00727
42,4,GF_00728
42,4,GF_00729
42,4,GF_00732
42,4,GF_00736
42,4,GF_00740
42,4,GF_00741
42,4,GF_00744
42,4,GF_00751
42,4,GF_00755
42,4,GF_00756
42,4,GF_00761
42,4,GF_00771
42,4,GF_00773
42,4,GF_00776
42,4,GF_00777
42,4,GF_00785
42,4,GF_00796
42,4,GF_00810
42,4,GF_00811
42,4,GF_00813
42,4,GF_00814
42,4,GF_00816
42,4,GF_00819
42,4,GF_00828
42,4,GF_00843
42,4,GF_00845
42,4,GF_00856
42,4,GF_00857
42,4,GF_00860
42,4,GF_00864
42,4,GF_00866
42,4,GF_00867
42,4,GF_00868
42,4,GF_00869
42,4,GF_00870
42,4,GF_00872
42,4,GF_00873
42,4,GF_00874
42,4,GF_00887
42,4,GF_00888
42,4,GF_00895
42,4,GF_00916
42,4,GF_00927
42,4,GF_00931
42,4,GF_00932
42,4,GF_00933
42,4,GF_00946
42,4,GF_00947
42,4,GF_00949
42,4,GF_00957
42,4,GF_00958
42,4,GF_00959
42,4,GF_00960
42,4,GF_00966
42,4,GF_00968
42,4,GF_00969
42,4,GF_00970
42,4,GF_00971
42,4,GF_00972
42,4,GF_00982
42,4,GF_01004
42,4,GF_01005
42,4,GF_01012
42,4,GF_01026
42,4,GF_01027
42,4,GF_01028
42,4,GF_01054
42,4,GF_01147
42,4,GF_01230
42,4,GF_01231
42,4,GF_01232
42,4,GF_01233
42,4,GF_01234
42,4,GF_01235
42,4,GF_01236
42,4,GF_01237
42,4,GF_01238
42,4,GF_01239
42,4,GF_01240
42,4,GF_01241
42,4,GF_01242
42,4,GF_01243
42,4,GF_01244
42,4,GF_01245
42,4,GF_01246
42,4,GF_01247
42,4,GF_01248
42,4,GF_01253
42,4,GF_01266
42,4,GF_01279
42,4,GF_01282
42,4,GF_01287
42,4,GF_01290
42,4,GF_01291
42,4,GF_01292
42,4,GF_01293
42,4,GF_01297
42,4,GF_01306
42,4,GF_01314
42,4,GF_01315
42,4,GF_01328
42,4,GF_01329
42,4,GF_01330
42,4,GF_01331
42,4,GF_01332
42,4,GF_01333
42,4,GF_01334
42,4,GF_01336
42,4,GF_01337
42,4,GF_01338
42,4,GF_01357
42,4,GF_01359
42,4,GF_01365
42,4,GF_01372
42,4,GF_01373
42,4,GF_01374
42,4,GF_01375
42,4,GF_01376
42,4,GF_01377
42,4,GF_01378
42,4,GF_01379
42,4,GF_01380
42,4,GF_01381
42,4,GF_01382
42,4,GF_01383
42,4,GF_01384
42,4,GF_01385
42,4,GF_01386
42,4,GF_01387
42,4,GF_01390
42,4,GF_01391
42,4,GF_01393
42,4,GF_01394
42,4,GF_01395
42,4,GF_01396
42,4,GF_01397
42,4,GF_01399
42,4,GF_01400
42,4,GF_01401
42,4,GF_01404
42,4,GF_01409
42,4,GF_01425
42,4,GF_01426
42,4,GF_01428
42,4,GF_01439
42,4,GF_01445
42,4,GF_01446
42,4,GF_01447
42,4,GF_01448
42,4,GF_01449
42,4,GF_01456
42,4,GF_01458
42,4,GF_01460
42,4,GF_01461
42,4,GF_01462
42,4,GF_01464
42,4,GF_01466
42,4,GF_01476
42,4,GF_01477
42,4,GF_01479
42,4,GF_01480
42,4,GF_01481
42,4,GF_01487
42,4,GF_01497
42,4,GF_01502
42,4,GF_01504
42,4,GF_01512
42,4,GF_01514
42,4,GF_01527
42,4,GF_01534
42,4,GF_01535
42,4,GF_01536
42,4,GF_01537
42,4,GF_01538
42,4,GF_01539
42,4,GF_01540
42,4,GF_01541
42,4,GF_01542
42,4,GF_01543
42,4,GF_01544
42,4,GF_01547
42,4,GF_01549
42,4,GF_01550
42,4,GF_01552
42,4,GF_01553
42,4,GF_01579
42,4,GF_01580
42,4,GF_01583
42,4,GF_01584
42,4,GF_01591
42,4,GF_01592
42,4,GF_01616
42,4,GF_01617
42,4,GF_01618
42,4,GF_01619
42,4,GF_01620
42,4,GF_01621
42,4,GF_01623
42,4,GF_01626
42,4,GF_01627
42,4,GF_01628
42,4,GF_01629
42,4,GF_01633
42,4,GF_01634
42,4,GF_01635
42,4,GF_01636
42,4,GF_01637
42,4,GF_01638
42,4,GF_01639
42,4,GF_01641
42,4,GF_01643
42,4,GF_01645
42,4,GF_01648
42,4,GF_01659
42,4,GF_01661
42,4,GF_01672
42,4,GF_01673
42,4,GF_01674
42,4,GF_01675
42,4,GF_01676
42,4,GF_01677
42,4,GF_01678
42,4,GF_01679
42,4,GF_01680
42,4,GF_01681
42,4,GF_01683
42,4,GF_01684
42,4,GF_01685
42,4,GF_01688
42,4,GF_01689
42,4,GF_01690
42,4,GF_01691
42,4,GF_01692
42,4,GF_01693
42,4,GF_01732
42,4,GF_01733
42,4,GF_01734
42,4,GF_01735
42,4,GF_01736
42,4,GF_01740
42,4,GF_01741
42,4,GF_01742
42,4,GF_01763
42,4,GF_01764
42,4,GF_01770
42,4,GF_01783
42,4,GF_01797
42,4,GF_01798
42,4,GF_01799
42,4,GF_01801
42,4,GF_01802
42,4,GF_01803
42,4,GF_01805
42,4,GF_01806
42,4,GF_01807
42,4,GF_01808
42,4,GF_01809
42,4,GF_01810
42,4,GF_01811
42,4,GF_01812
42,4,GF_01813
42,4,GF_01814
42,4,GF_01815
42,4,GF_01816
42,4,GF_01817
42,4,GF_01818
42,4,GF_01819
42,4,GF_01822
42,4,GF_01823
42,4,GF_01834
42,4,GF_01836
42,4,GF_01837
42,4,GF_01840
42,4,GF_01841
42,4,GF_01842
42,4,GF_01844
42,4,GF_01856
42,4,GF_01860
42,4,GF_01866
42,4,GF_01870
42,4,GF_01872
42,4,GF_01874
42,4,GF_01885
42,4,GF_01897
42,4,GF_01898
42,4,GF_01899
42,4,GF_01900
42,4,GF_01901
42,4,GF_01902
42,4,GF_01904
42,4,GF_01919
42,4,GF_01921
42,4,GF_01925
42,4,GF_01926
42,4,GF_01927
42,4,GF_01928
42,4,GF_01929
42,4,GF_01930
42,4,GF_01945
42,4,GF_02041
42,4,GF_02059
42,4,GF_02060
42,4,GF_02069
42,4,GF_02070
42,4,GF_02071
42,4,GF_02072
42,4,GF_02073
42,4,GF_02074
42,4,GF_02075
42,4,GF_02076
42,4,GF_02081
42,4,GF_02084
42,4,GF_02085
42,4,GF_02088
42,4,GF_02089
42,4,GF_02091
42,4,GF_02092
42,4,GF_02093
42,4,GF_02094
42,4,GF_02101
42,4,GF_02109
42,4,GF_02110
42,4,GF_02122
42,4,GF_02130
42,4,GF_02131
42,4,GF_02132
42,4,GF_02136
42,4,GF_02137
42,4,GF_02138
42,4,GF_02139
42,4,GF_02140
42,4,GF_02142
42,4,GF_02143
42,4,GF_02145
42,4,GF_02152
42,4,GF_02157
42,4,GF_02158
42,4,GF_02159
42,4,GF_02168
42,4,GF_02172
42,4,GF_02178
42,4,GF_02180
42,4,GF_02184
42,4,GF_02192
42,4,GF_02194
42,4,GF_02215
42,4,GF_02216
42,4,GF_02217
42,4,GF_02218
42,4,GF_02219
42,4,GF_02220
42,4,GF_02222
42,4,GF_02223
42,4,GF_02224
42,4,GF_02225
42,4,GF_02226
42,4,GF_02227
42,4,GF_02228
42,4,GF_02229
42,4,GF_02230
42,4,GF_02239
42,4,GF_02260
42,4,GF_02261
42,4,GF_02262
42,4,GF_02263
42,4,GF_02264
42,4,GF_02266
42,5,GF_00002
42,5,GF_00008
42,5,GF_00011
42,5,GF_00012
42,5,GF_00013
42,5,GF_00014
42,5,GF_00015
42,5,GF_00016
42,5,GF_00017
42,5,GF_00018
42,5,GF_00036
42,5,GF_00043
42,5,GF_00044
42,5,GF_00046
42,5,GF_00047
42,5,GF_00048
42,5,GF_00051
42,5,GF_00052
42,5,GF_00071
42,5,GF_00072
42,5,GF_00073
42,5,GF_00074
42,5,GF_00075
42,5,GF_00076
42,5,GF_00077
42,5,GF_00078
42,5,GF_00079
42,5,GF_00080
42,5,GF_00081
42,5,GF_00082
42,5,GF_00083
42,5,GF_00084
42,5,GF_00085
42,5,GF_00087
42,5,GF_00088
42,5,GF_00093
42,5,GF_00094
42,5,GF_00104
42,5,GF_00105
42,5,GF_00106
42,5,GF_00107
42,5,GF_00108
42,5,GF_00109
42,5,GF_00110
42,5,GF_00111
42,5,GF_00112
42,5,GF_00113
42,5,GF_00114
42,5,GF_00115
42,5,GF_00116
42,5,GF_00117
42,5,GF_00119
42,5,GF_00120
42,5,GF_00121
42,5,GF_00122
42,5,GF_00123
42,5,GF_00124
42,5,GF_00125
42,5,GF_00136
42,5,GF_00137
42,5,GF_00138
42,5,GF_00139
42,5,GF_00141
42,5,GF_00142
42,5,GF_00143
42,5,GF_00155
42,5,GF_00164
42,5,GF_00170
42,5,GF_00175
42,5,GF_00178
42,5,GF_00179
42,5,GF_00180
42,5,GF_00181
42,5,GF_00185
42,5,GF_00208
42,5,GF_00220
42,5,GF_00228
42,5,GF_00229
42,5,GF_00235
42,5,GF_00244
42,5,GF_00251
42,5,GF_00262
42,5,GF_00281
42,5,GF_00290
42,5,GF_00296
42,5,GF_00300
42,5,GF_00302
42,5,GF_00303
42,5,GF_00305
42,5,GF_00309
42,5,GF_00310
42,5,GF_00311
42,5,GF_00312
42,5,GF_00313
42,5,GF_00314
42,5,GF_00315
42,5,GF_00316
42,5,GF_00317
42,5,GF_00318
42,5,GF_00319
42,5,GF_00320
42,5,GF_00321
42,5,GF_00322
42,5,GF_00323
42,5,GF_00324
42,5,GF_00325
42,5,GF_00326
42,5,GF_00327
42,5,GF_00329
42,5,GF_00330
42,5,GF_00331
42,5,GF_00332
42,5,GF_00333
42,5,GF_00335
42,5,GF_00336
42,5,GF_00337
42,5,GF_00338
42,5,GF_00339
42,5,GF_00340
42,5,GF_00341
42,5,GF_00342
42,5,GF_00343
42,5,GF_00344
42,5,GF_00346
42,5,GF_00347
42,5,GF_00348
42,5,GF_00349
42,5,GF_00350
42,5,GF_00351
42,5,GF_00352
42,5,GF_00353
42,5,GF_00355
42,5,GF_00358
42,5,GF_00360
42,5,GF_00362
42,5,GF_00363
42,5,GF_00364
42,5,GF_00365
42,5,GF_00369
42,5,GF_00381
42,5,GF_00384
42,5,GF_00385
42,5,GF_00386
42,5,GF_00387
42,5,GF_00388
42,5,GF_00389
42,5,GF_00390
42,5,GF_00391
42,5,GF_00393
42,5,GF_00394
42,5,GF_00395
42,5,GF_00396
42,5,GF_00400
42,5,GF_00401
42,5,GF_00402
42,5,GF_00403
42,5,GF_00404
42,5,GF_00405
42,5,GF_00406
42,5,GF_00407
42,5,GF_00408
42,5,GF_00409
42,5,GF_00410
42,5,GF_00413
42,5,GF_00414
42,5,GF_00415
42,5,GF_00417
42,5,GF_00418
42,5,GF_00421
42,5,GF_00422
42,5,GF_00424
42,5,GF_00426
42,5,GF_00427
42,5,GF_00428
42,5,GF_00429
42,5,GF_00430
42,5,GF_00431
42,5,GF_00432
42,5,GF_00433
42,5,GF_00434
42,5,GF_00435
42,5,GF_00436
42,5,GF_00437
42,5,GF_00438
42,5,GF_00440
42,5,GF_00441
42,5,GF_00455
42,5,GF_00456
42,5,GF_00457
42,5,GF_00458
42,5,GF_00459
42,5,GF_00471
42,5,GF_00480
42,5,GF_00482
42,5,GF_00488
42,5,GF_00489
42,5,GF_00503
42,5,GF_00522
42,5,GF_00523
42,5,GF_00524
42,5,GF_00525
42,5,GF_00527
42,5,GF_00528
42,5,GF_00529
42,5,GF_00530
42,5,GF_00531
42,5,GF_00536
42,5,GF_00538
42,5,GF_00546
42,5,GF_00547
42,5,GF_00548
42,5,GF_00549
42,5,GF_00564
42,5,GF_00565
42,5,GF_00566
42,5,GF_00569
42,5,GF_00570
42,5,GF_00572
42,5,GF_00574
42,5,GF_00578
42,5,GF_00580
42,5,GF_00594
42,5,GF_00595
42,5,GF_00596
42,5,GF_00599
42,5,GF_00600
42,5,GF_00601
42,5,GF_00603
42,5,GF_00604
42,5,GF_00605
42,5,GF_00606
42,5,GF_00607
42,5,GF_00608
42,5,GF_00609
42,5,GF_00610
42,5,GF_00611
42,5,GF_00612
42,5,GF_00613
42,5,GF_00614
42,5,GF_00615
42,5,GF_00616
42,5,GF_00617
42,5,GF_00618
42,5,GF_00619
42,5,GF_00620
42,5,GF_00621
42,5,GF_00622
42,5,GF_00623
42,5,GF_00624
42,5,GF_00632
42,5,GF_00633
42,5,GF_00634
42,5,GF_00635
42,5,GF_00636
42,5,GF_00637
42,5,GF_00638
42,5,GF_00640
42,5,GF_00641
42,5,GF_00642
42,5,GF_00643
42,5,GF_00655
42,5,GF_00658
42,5,GF_00659
42,5,GF_00661
42,5,GF_00669
42,5,GF_00676
42,5,GF_00680
42,5,GF_00681
42,5,GF_00682
42,5,GF_00683
42,5,GF_00684
42,5,GF_00686
42,5,GF_00688
42,5,GF_00695
42,5,GF_00699
42,5,GF_00702
42,5,GF_00709
42,5,GF_00722
42,5,GF_00723
42,5,GF_00724
42,5,GF_00725
42,5,GF_00726
42,5,GF_00727
42,5,GF_00728
42,5,GF_00729
42,5,GF_00732
42,5,GF_00736
42,5,GF_00740
42,5,GF_00741
42,5,GF_00744
42,5,GF_00751
42,5,GF_00755
42,5,GF_00756
42,5,GF_00761
42,5,GF_00771
42,5,GF_00773
42,5,GF_00776
42,5,GF_00777
42,5,GF_00785
42,5,GF_00796
42,5,GF_00810
42,5,GF_00811
42,5,GF_00813
42,5,GF_00814
42,5,GF_00815
42,5,GF_00816
42,5,GF_00819
42,5,GF_00828
42,5,GF_00845
42,5,GF_00857
42,5,GF_00864
42,5,GF_00865
42,5,GF_00866
42,5,GF_00868
42,5,GF_00869
42,5,GF_00870
42,5,GF_00871
42,5,GF_00873
42,5,GF_00874
42,5,GF_00887
42,5,GF_00888
42,5,GF_00895
42,5,GF_00916
42,5,GF_00931
42,5,GF_00932
42,5,GF_00933
42,5,GF_00946
42,5,GF_00949
42,5,GF_00957
42,5,GF_00958
42,5,GF_00959
42,5,GF_00960
42,5,GF_00963
42,5,GF_00966
42,5,GF_00967
42,5,GF_00968
42,5,GF_00969
42,5,GF_00970
42,5,GF_00971
42,5,GF_00972
42,5,GF_00982
42,5,GF_01005
42,5,GF_01012
42,5,GF_01026
42,5,GF_01027
42,5,GF_01028
42,5,GF_01054
42,5,GF_01230
42,5,GF_01231
42,5,GF_01232
42,5,GF_01233
42,5,GF_01234
42,5,GF_01235
42,5,GF_01236
42,5,GF_01237
42,5,GF_01239
42,5,GF_01240
42,5,GF_01241
42,5,GF_01242
42,5,GF_01244
42,5,GF_01245
42,5,GF_01246
42,5,GF_01247
42,5,GF_01248
42,5,GF_01266
42,5,GF_01287
42,5,GF_01290
42,5,GF_01291
42,5,GF_01292
42,5,GF_01293
42,5,GF_01297
42,5,GF_01306
42,5,GF_01314
42,5,GF_01315
42,5,GF_01327
42,5,GF_01328
42,5,GF_01329
42,5,GF_01330
42,5,GF_01331
42,5,GF_01332
42,5,GF_01333
42,5,GF_01334
42,5,GF_01335
42,5,GF_01336
42,5,GF_01337
42,5,GF_01338
42,5,GF_01372
42,5,GF_01374
42,5,GF_01375
42,5,GF_01376
42,5,GF_01377
42,5,GF_01379
42,5,GF_01381
42,5,GF_01382
42,5,GF_01383
42,5,GF_01385
42,5,GF_01387
42,5,GF_01390
42,5,GF_01391
42,5,GF_01392
42,5,GF_01393
42,5,GF_01394
42,5,GF_01395
42,5,GF_01396
42,5,GF_01397
42,5,GF_01398
42,5,GF_01399
42,5,GF_01400
42,5,GF_01401
42,5,GF_01404
42,5,GF_01409
42,5,GF_01425
42,5,GF_01426
42,5,GF_01428
42,5,GF_01439
42,5,GF_01445
42,5,GF_01446
42,5,GF_01447
42,5,GF_01448
42,5,GF_01449
42,5,GF_01456
42,5,GF_01458
42,5,GF_01460
42,5,GF_01461
42,5,GF_01462
42,5,GF_01466
42,5,GF_01476
42,5,GF_01477
42,5,GF_01479
42,5,GF_01480
42,5,GF_01481
42,5,GF_01487
42,5,GF_01502
42,5,GF_01512
42,5,GF_01514
42,5,GF_01527
42,5,GF_01533
42,5,GF_01534
42,5,GF_01536
42,5,GF_01538
42,5,GF_01539
42,5,GF_01540
42,5,GF_01541
42,5,GF_01542
42,5,GF_01544
42,5,GF_01547
42,5,GF_01549
42,5,GF_01550
42,5,GF_01552
42,5,GF_01553
42,5,GF_01579
42,5,GF_01580
42,5,GF_01583
42,5,GF_01584
42,5,GF_01591
42,5,GF_01592
42,5,GF_01616
42,5,GF_01617
42,5,GF_01618
42,5,GF_01619
42,5,GF_01620
42,5,GF_01621
42,5,GF_01622
42,5,GF_01623
42,5,GF_01625
42,5,GF_01626
42,5,GF_01627
42,5,GF_01628
42,5,GF_01629
42,5,GF_01630
42,5,GF_01634
42,5,GF_01636
42,5,GF_01637
42,5,GF_01638
42,5,GF_01639
42,5,GF_01641
42,5,GF_01648
42,5,GF_01661
42,5,GF_01673
42,5,GF_01674
42,5,GF_01675
42,5,GF_01676
42,5,GF_01677
42,5,GF_01678
42,5,GF_01679
42,5,GF_01680
42,5,GF_01681
42,5,GF_01684
42,5,GF_01685
42,5,GF_01688
42,5,GF_01689
42,5,GF_01690
42,5,GF_01691
42,5,GF_01692
42,5,GF_01693
42,5,GF_01732
42,5,GF_01733
42,5,GF_01734
42,5,GF_01735
42,5,GF_01736
42,5,GF_01737
42,5,GF_01741
42,5,GF_01742
42,5,GF_01745
42,5,GF_01763
42,5,GF_01783
42,5,GF_01798
42,5,GF_01799
42,5,GF_01801
42,5,GF_01802
42,5,GF_01803
42,5,GF_01805
42,5,GF_01806
42,5,GF_01807
42,5,GF_01808
42,5,GF_01809
42,5,GF_01810
42,5,GF_01811
42,5,GF_01812
42,5,GF_01813
42,5,GF_01814
42,5,GF_01815
42,5,GF_01816
42,5,GF_01818
42,5,GF_01819
42,5,GF_01822
42,5,GF_01823
42,5,GF_01834
42,5,GF_01836
42,5,GF_01837
42,5,GF_01840
42,5,GF_01841
42,5,GF_01842
42,5,GF_01844
42,5,GF_01856
42,5,GF_01860
42,5,GF_01866
42,5,GF_01870
42,5,GF_01885
42,5,GF_01896
42,5,GF_01898
42,5,GF_01899
42,5,GF_01900
42,5,GF_01901
42,5,GF_01902
42,5,GF_01904
42,5,GF_01919
42,5,GF_01921
42,5,GF_01923
42,5,GF_01925
42,5,GF_01926
42,5,GF_01927
42,5,GF_01928
42,5,GF_01929
42,5,GF_01930
42,5,GF_01945
42,5,GF_02041
42,5,GF_02059
42,5,GF_02060
42,5,GF_02069
42,5,GF_02070
42,5,GF_02071
42,5,GF_02072
42,5,GF_02074
42,5,GF_02075
42,5,GF_02076
42,5,GF_02084
42,5,GF_02085
42,5,GF_02086
42,5,GF_02088
42,5,GF_02089
42,5,GF_02091
42,5,GF_02092
42,5,GF_02093
42,5,GF_02094
42,5,GF_02101
42,5,GF_02110
42,5,GF_02113
42,5,GF_02122
42,5,GF_02130
42,5,GF_02131
42,5,GF_02132
42,5,GF_02136
42,5,GF_02137
42,5,GF_02138
42,5,GF_02139
42,5,GF_02140
42,5,GF_02141
42,5,GF_02142
42,5,GF_02145
42,5,GF_02152
42,5,GF_02157
42,5,GF_02158
42,5,GF_02159
42,5,GF_02172
42,5,GF_02178
42,5,GF_02180
42,5,GF_02184
42,5,GF_02215
42,5,GF_02216
42,5,GF_02217
42,5,GF_02218
42,5,GF_02219
42,5,GF_02220
42,5,GF_02222
42,5,GF_02223
42,5,GF_02224
42,5,GF_02225
42,5,GF_02226
42,5,GF_02227
42,5,GF_02228
42,5,GF_02229
42,5,GF_02230
42,5,GF_02260
42,5,GF_02261
42,5,GF_02262
42,5,GF_02263
42,5,GF_02264
42,5,GF_02265
42,5,GF_02266
43,1,GF_00002
43,1,GF_00008
43,1,GF_00011
43,1,GF_00012
43,1,GF_00013
43,1,GF_00014
43,1,GF_00015
43,1,GF_00016
43,1,GF_00017
43,1,GF_00018
43,1,GF_00036
43,1,GF_00043
43,1,GF_00044
43,1,GF_00046
43,1,GF_00047
43,1,GF_00048
43,1,GF_00051
43,1,GF_00052
43,1,GF_00071
43,1,GF_00072
43,1,GF_00073
43,1,GF_00074
43,1,GF_00075
43,1,GF_00077
43,1,GF_00078
43,1,GF_00079
43,1,GF_00080
43,1,GF_00081
43,1,GF_00082
43,1,GF_00083
43,1,GF_00084
43,1,GF_00085
43,1,GF_00087
43,1,GF_00088
43,1,GF_00093
43,1,GF_00094
43,1,GF_00104
43,1,GF_00105
43,1,GF_00106
43,1,GF_00107
43,1,GF_00108
43,1,GF_00109
43,1,GF_00111
43,1,GF_00112
43,1,GF_00113
43,1,GF_00114
43,1,GF_00115
43,1,GF_00116
43,1,GF_00117
43,1,GF_00120
43,1,GF_00121
43,1,GF_00122
43,1,GF_00123
43,1,GF_00124
43,1,GF_00125
43,1,GF_00136
43,1,GF_00137
43,1,GF_00138
43,1,GF_00139
43,1,GF_00141
43,1,GF_00142
43,1,GF_00143
43,1,GF_00155
43,1,GF_00164
43,1,GF_00170
43,1,GF_00175
43,1,GF_00178
43,1,GF_00179
43,1,GF_00180
43,1,GF_00185
43,1,GF_00208
43,1,GF_00220
43,1,GF_00228
43,1,GF_00229
43,1,GF_00244
43,1,GF_00250
43,1,GF_00251
43,1,GF_00262
43,1,GF_00281
43,1,GF_00290
43,1,GF_00296
43,1,GF_00300
43,1,GF_00302
43,1,GF_00303
43,1,GF_00305
43,1,GF_00309
43,1,GF_00310
43,1,GF_00311
43,1,GF_00312
43,1,GF_00313
43,1,GF_00314
43,1,GF_00315
43,1,GF_00316
43,1,GF_00317
43,1,GF_00318
43,1,GF_00319
43,1,GF_00320
43,1,GF_00321
43,1,GF_00323
43,1,GF_00324
43,1,GF_00325
43,1,GF_00326
43,1,GF_00327
43,1,GF_00329
43,1,GF_00330
43,1,GF_00331
43,1,GF_00332
43,1,GF_00333
43,1,GF_00335
43,1,GF_00336
43,1,GF_00337
43,1,GF_00338
43,1,GF_00340
43,1,GF_00341
43,1,GF_00342
43,1,GF_00343
43,1,GF_00344
43,1,GF_00346
43,1,GF_00347
43,1,GF_00348
43,1,GF_00349
43,1,GF_00350
43,1,GF_00351
43,1,GF_00352
43,1,GF_00353
43,1,GF_00358
43,1,GF_00360
43,1,GF_00362
43,1,GF_00363
43,1,GF_00364
43,1,GF_00365
43,1,GF_00369
43,1,GF_00381
43,1,GF_00384
43,1,GF_00385
43,1,GF_00386
43,1,GF_00387
43,1,GF_00388
43,1,GF_00389
43,1,GF_00390
43,1,GF_00391
43,1,GF_00393
43,1,GF_00394
43,1,GF_00395
43,1,GF_00396
43,1,GF_00400
43,1,GF_00401
43,1,GF_00402
43,1,GF_00403
43,1,GF_00404
43,1,GF_00405
43,1,GF_00406
43,1,GF_00407
43,1,GF_00409
43,1,GF_00410
43,1,GF_00413
43,1,GF_00414
43,1,GF_00415
43,1,GF_00417
43,1,GF_00418
43,1,GF_00421
43,1,GF_00422
43,1,GF_00424
43,1,GF_00426
43,1,GF_00427
43,1,GF_00428
43,1,GF_00429
43,1,GF_00430
43,1,GF_00431
43,1,GF_00432
43,1,GF_00433
43,1,GF_00434
43,1,GF_00435
43,1,GF_00436
43,1,GF_00437
43,1,GF_00438
43,1,GF_00440
43,1,GF_00441
43,1,GF_00455
43,1,GF_00457
43,1,GF_00471
43,1,GF_00477
43,1,GF_00480
43,1,GF_00482
43,1,GF_00488
43,1,GF_00489
43,1,GF_00503
43,1,GF_00522
43,1,GF_00523
43,1,GF_00524
43,1,GF_00525
43,1,GF_00527
43,1,GF_00528
43,1,GF_00529
43,1,GF_00530
43,1,GF_00531
43,1,GF_00536
43,1,GF_00538
43,1,GF_00546
43,1,GF_00547
43,1,GF_00548
43,1,GF_00549
43,1,GF_00564
43,1,GF_00565
43,1,GF_00566
43,1,GF_00569
43,1,GF_00570
43,1,GF_00572
43,1,GF_00574
43,1,GF_00578
43,1,GF_00580
43,1,GF_00588
43,1,GF_00594
43,1,GF_00595
43,1,GF_00596
43,1,GF_00599
43,1,GF_00600
43,1,GF_00601
43,1,GF_00603
43,1,GF_00604
43,1,GF_00605
43,1,GF_00606
43,1,GF_00607
43,1,GF_00608
43,1,GF_00609
43,1,GF_00610
43,1,GF_00611
43,1,GF_00612
43,1,GF_00613
43,1,GF_00614
43,1,GF_00615
43,1,GF_00616
43,1,GF_00617
43,1,GF_00618
43,1,GF_00619
43,1,GF_00620
43,1,GF_00621
43,1,GF_00622
43,1,GF_00623
43,1,GF_00624
43,1,GF_00632
43,1,GF_00633
43,1,GF_00634
43,1,GF_00635
43,1,GF_00636
43,1,GF_00637
43,1,GF_00638
43,1,GF_00640
43,1,GF_00641
43,1,GF_00642
43,1,GF_00643
43,1,GF_00655
43,1,GF_00658
43,1,GF_00661
43,1,GF_00669
43,1,GF_00676
43,1,GF_00680
43,1,GF_00681
43,1,GF_00683
43,1,GF_00684
43,1,GF_00686
43,1,GF_00687
43,1,GF_00688
43,1,GF_00695
43,1,GF_00699
43,1,GF_00702
43,1,GF_00709
43,1,GF_00722
43,1,GF_00723
43,1,GF_00724
43,1,GF_00725
43,1,GF_00726
43,1,GF_00727
43,1,GF_00728
43,1,GF_00729
43,1,GF_00732
43,1,GF_00736
43,1,GF_00740
43,1,GF_00741
43,1,GF_00744
43,1,GF_00751
43,1,GF_00755
43,1,GF_00756
43,1,GF_00761
43,1,GF_00771
43,1,GF_00773
43,1,GF_00776
43,1,GF_00777
43,1,GF_00785
43,1,GF_00796
43,1,GF_00810
43,1,GF_00811
43,1,GF_00813
43,1,GF_00814
43,1,GF_00815
43,1,GF_00816
43,1,GF_00819
43,1,GF_00828
43,1,GF_00843
43,1,GF_00845
43,1,GF_00857
43,1,GF_00864
43,1,GF_00865
43,1,GF_00866
43,1,GF_00868
43,1,GF_00869
43,1,GF_00870
43,1,GF_00871
43,1,GF_00872
43,1,GF_00873
43,1,GF_00874
43,1,GF_00887
43,1,GF_00888
43,1,GF_00895
43,1,GF_00916
43,1,GF_00927
43,1,GF_00931
43,1,GF_00932
43,1,GF_00933
43,1,GF_00946
43,1,GF_00947
43,1,GF_00949
43,1,GF_00957
43,1,GF_00958
43,1,GF_00959
43,1,GF_00960
43,1,GF_00963
43,1,GF_00966
43,1,GF_00967
43,1,GF_00968
43,1,GF_00969
43,1,GF_00970
43,1,GF_00971
43,1,GF_00972
43,1,GF_00982
43,1,GF_01004
43,1,GF_01005
43,1,GF_01012
43,1,GF_01026
43,1,GF_01027
43,1,GF_01028
43,1,GF_01054
43,1,GF_01230
43,1,GF_01231
43,1,GF_01232
43,1,GF_01233
43,1,GF_01234
43,1,GF_01235
43,1,GF_01236
43,1,GF_01237
43,1,GF_01239
43,1,GF_01240
43,1,GF_01241
43,1,GF_01242
43,1,GF_01244
43,1,GF_01245
43,1,GF_01246
43,1,GF_01247
43,1,GF_01248
43,1,GF_01266
43,1,GF_01287
43,1,GF_01290
43,1,GF_01291
43,1,GF_01292
43,1,GF_01293
43,1,GF_01297
43,1,GF_01306
43,1,GF_01314
43,1,GF_01315
43,1,GF_01327
43,1,GF_01329
43,1,GF_01330
43,1,GF_01331
43,1,GF_01332
43,1,GF_01333
43,1,GF_01335
43,1,GF_01336
43,1,GF_01337
43,1,GF_01338
43,1,GF_01359
43,1,GF_01372
43,1,GF_01374
43,1,GF_01375
43,1,GF_01376
43,1,GF_01377
43,1,GF_01379
43,1,GF_01381
43,1,GF_01382
43,1,GF_01383
43,1,GF_01385
43,1,GF_01387
43,1,GF_01390
43,1,GF_01391
43,1,GF_01393
43,1,GF_01394
43,1,GF_01395
43,1,GF_01396
43,1,GF_01397
43,1,GF_01398
43,1,GF_01399
43,1,GF_01400
43,1,GF_01401
43,1,GF_01404
43,1,GF_01409
43,1,GF_01425
43,1,GF_01428
43,1,GF_01439
43,1,GF_01445
43,1,GF_01446
43,1,GF_01447
43,1,GF_01448
43,1,GF_01449
43,1,GF_01456
43,1,GF_01458
43,1,GF_01460
43,1,GF_01461
43,1,GF_01466
43,1,GF_01476
43,1,GF_01477
43,1,GF_01479
43,1,GF_01480
43,1,GF_01481
43,1,GF_01487
43,1,GF_01502
43,1,GF_01504
43,1,GF_01512
43,1,GF_01527
43,1,GF_01534
43,1,GF_01536
43,1,GF_01538
43,1,GF_01539
43,1,GF_01540
43,1,GF_01541
43,1,GF_01542
43,1,GF_01543
43,1,GF_01544
43,1,GF_01547
43,1,GF_01549
43,1,GF_01552
43,1,GF_01553
43,1,GF_01579
43,1,GF_01580
43,1,GF_01583
43,1,GF_01584
43,1,GF_01591
43,1,GF_01592
43,1,GF_01616
43,1,GF_01617
43,1,GF_01618
43,1,GF_01619
43,1,GF_01620
43,1,GF_01621
43,1,GF_01622
43,1,GF_01623
43,1,GF_01625
43,1,GF_01626
43,1,GF_01627
43,1,GF_01628
43,1,GF_01629
43,1,GF_01630
43,1,GF_01634
43,1,GF_01635
43,1,GF_01636
43,1,GF_01637
43,1,GF_01638
43,1,GF_01639
43,1,GF_01641
43,1,GF_01648
43,1,GF_01659
43,1,GF_01661
43,1,GF_01673
43,1,GF_01674
43,1,GF_01675
43,1,GF_01676
43,1,GF_01677
43,1,GF_01678
43,1,GF_01679
43,1,GF_01680
43,1,GF_01681
43,1,GF_01684
43,1,GF_01685
43,1,GF_01688
43,1,GF_01689
43,1,GF_01690
43,1,GF_01691
43,1,GF_01692
43,1,GF_01693
43,1,GF_01732
43,1,GF_01733
43,1,GF_01734
43,1,GF_01735
43,1,GF_01736
43,1,GF_01737
43,1,GF_01741
43,1,GF_01742
43,1,GF_01745
43,1,GF_01763
43,1,GF_01783
43,1,GF_01799
43,1,GF_01801
43,1,GF_01802
43,1,GF_01803
43,1,GF_01805
43,1,GF_01806
43,1,GF_01807
43,1,GF_01808
43,1,GF_01809
43,1,GF_01810
43,1,GF_01811
43,1,GF_01812
43,1,GF_01813
43,1,GF_01814
43,1,GF_01815
43,1,GF_01816
43,1,GF_01818
43,1,GF_01819
43,1,GF_01822
43,1,GF_01823
43,1,GF_01834
43,1,GF_01836
43,1,GF_01837
43,1,GF_01840
43,1,GF_01841
43,1,GF_01844
43,1,GF_01856
43,1,GF_01860
43,1,GF_01866
43,1,GF_01870
43,1,GF_01872
43,1,GF_01885
43,1,GF_01896
43,1,GF_01897
43,1,GF_01898
43,1,GF_01899
43,1,GF_01900
43,1,GF_01901
43,1,GF_01902
43,1,GF_01904
43,1,GF_01919
43,1,GF_01921
43,1,GF_01925
43,1,GF_01926
43,1,GF_01927
43,1,GF_01928
43,1,GF_01929
43,1,GF_01930
43,1,GF_01945
43,1,GF_02041
43,1,GF_02059
43,1,GF_02060
43,1,GF_02069
43,1,GF_02070
43,1,GF_02071
43,1,GF_02072
43,1,GF_02074
43,1,GF_02075
43,1,GF_02076
43,1,GF_02084
43,1,GF_02085
43,1,GF_02086
43,1,GF_02088
43,1,GF_02089
43,1,GF_02091
43,1,GF_02092
43,1,GF_02093
43,1,GF_02094
43,1,GF_02101
43,1,GF_02109
43,1,GF_02110
43,1,GF_02113
43,1,GF_02122
43,1,GF_02130
43,1,GF_02131
43,1,GF_02132
43,1,GF_02136
43,1,GF_02137
43,1,GF_02138
43,1,GF_02139
43,1,GF_02140
43,1,GF_02141
43,1,GF_02142
43,1,GF_02143
43,1,GF_02145
43,1,GF_02152
43,1,GF_02157
43,1,GF_02159
43,1,GF_02172
43,1,GF_02178
43,1,GF_02180
43,1,GF_02184
43,1,GF_02215
43,1,GF_02216
43,1,GF_02217
43,1,GF_02218
43,1,GF_02219
43,1,GF_02220
43,1,GF_02222
43,1,GF_02223
43,1,GF_02224
43,1,GF_02225
43,1,GF_02226
43,1,GF_02227
43,1,GF_02228
43,1,GF_02230
43,1,GF_02260
43,1,GF_02261
43,1,GF_02262
43,1,GF_02263
43,1,GF_02264
43,1,GF_02265
43,1,GF_02266
43,2,GF_00002
43,2,GF_00008
43,2,GF_00011
43,2,GF_00012
43,2,GF_00013
43,2,GF_00014
43,2,GF_00015
43,2,GF_00017
43,2,GF_00018
43,2,GF_00043
43,2,GF_00044
43,2,GF_00045
43,2,GF_00046
43,2,GF_00047
43,2,GF_00048
43,2,GF_00049
43,2,GF_00051
43,2,GF_00052
43,2,GF_00071
43,2,GF_00072
43,2,GF_00073
43,2,GF_00074
43,2,GF_00075
43,2,GF_00076
43,2,GF_00077
43,2,GF_00078
43,2,GF_00079
43,2,GF_00080
43,2,GF_00081
43,2,GF_00082
43,2,GF_00083
43,2,GF_00084
43,2,GF_00085
43,2,GF_00087
43,2,GF_00088
43,2,GF_00093
43,2,GF_00094
43,2,GF_00104
43,2,GF_00105
43,2,GF_00106
43,2,GF_00107
43,2,GF_00108
43,2,GF_00109
43,2,GF_00110
43,2,GF_00111
43,2,GF_00112
43,2,GF_00113
43,2,GF_00114
43,2,GF_00115
43,2,GF_00116
43,2,GF_00117
43,2,GF_00119
43,2,GF_00120
43,2,GF_00121
43,2,GF_00122
43,2,GF_00123
43,2,GF_00124
43,2,GF_00125
43,2,GF_00136
43,2,GF_00137
43,2,GF_00138
43,2,GF_00139
43,2,GF_00141
43,2,GF_00143
43,2,GF_00155
43,2,GF_00164
43,2,GF_00170
43,2,GF_00175
43,2,GF_00178
43,2,GF_00179
43,2,GF_00180
43,2,GF_00181
43,2,GF_00185
43,2,GF_00208
43,2,GF_00220
43,2,GF_00228
43,2,GF_00229
43,2,GF_00235
43,2,GF_00244
43,2,GF_00251
43,2,GF_00262
43,2,GF_00281
43,2,GF_00290
43,2,GF_00296
43,2,GF_00300
43,2,GF_00302
43,2,GF_00303
43,2,GF_00305
43,2,GF_00309
43,2,GF_00310
43,2,GF_00311
43,2,GF_00312
43,2,GF_00313
43,2,GF_00314
43,2,GF_00315
43,2,GF_00316
43,2,GF_00317
43,2,GF_00318
43,2,GF_00319
43,2,GF_00320
43,2,GF_00321
43,2,GF_00322
43,2,GF_00323
43,2,GF_00324
43,2,GF_00325
43,2,GF_00326
43,2,GF_00327
43,2,GF_00329
43,2,GF_00330
43,2,GF_00331
43,2,GF_00332
43,2,GF_00333
43,2,GF_00335
43,2,GF_00336
43,2,GF_00338
43,2,GF_00339
43,2,GF_00340
43,2,GF_00341
43,2,GF_00342
43,2,GF_00343
43,2,GF_00344
43,2,GF_00346
43,2,GF_00347
43,2,GF_00348
43,2,GF_00349
43,2,GF_00350
43,2,GF_00351
43,2,GF_00352
43,2,GF_00353
43,2,GF_00355
43,2,GF_00358
43,2,GF_00360
43,2,GF_00362
43,2,GF_00363
43,2,GF_00364
43,2,GF_00365
43,2,GF_00369
43,2,GF_00381
43,2,GF_00384
43,2,GF_00385
43,2,GF_00386
43,2,GF_00387
43,2,GF_00388
43,2,GF_00389
43,2,GF_00390
43,2,GF_00391
43,2,GF_00393
43,2,GF_00394
43,2,GF_00395
43,2,GF_00396
43,2,GF_00400
43,2,GF_00401
43,2,GF_00402
43,2,GF_00403
43,2,GF_00404
43,2,GF_00405
43,2,GF_00406
43,2,GF_00407
43,2,GF_00408
43,2,GF_00409
43,2,GF_00410
43,2,GF_00413
43,2,GF_00414
43,2,GF_00415
43,2,GF_00417
43,2,GF_00418
43,2,GF_00419
43,2,GF_00421
43,2,GF_00422
43,2,GF_00424
43,2,GF_00426
43,2,GF_00427
43,2,GF_00428
43,2,GF_00429
43,2,GF_00430
43,2,GF_00431
43,2,GF_00432
43,2,GF_00433
43,2,GF_00434
43,2,GF_00435
43,2,GF_00436
43,2,GF_00437
43,2,GF_00438
43,2,GF_00440
43,2,GF_00441
43,2,GF_00455
43,2,GF_00456
43,2,GF_00457
43,2,GF_00458
43,2,GF_00460
43,2,GF_00471
43,2,GF_00472
43,2,GF_00480
43,2,GF_00482
43,2,GF_00488
43,2,GF_00489
43,2,GF_00503
43,2,GF_00522
43,2,GF_00523
43,2,GF_00524
43,2,GF_00525
43,2,GF_00527
43,2,GF_00528
43,2,GF_00529
43,2,GF_00530
43,2,GF_00531
43,2,GF_00536
43,2,GF_00538
43,2,GF_00546
43,2,GF_00547
43,2,GF_00548
43,2,GF_00549
43,2,GF_00564
43,2,GF_00565
43,2,GF_00566
43,2,GF_00569
43,2,GF_00570
43,2,GF_00572
43,2,GF_00574
43,2,GF_00578
43,2,GF_00580
43,2,GF_00594
43,2,GF_00595
43,2,GF_00599
43,2,GF_00600
43,2,GF_00601
43,2,GF_00603
43,2,GF_00604
43,2,GF_00605
43,2,GF_00606
43,2,GF_00607
43,2,GF_00608
43,2,GF_00609
43,2,GF_00611
43,2,GF_00612
43,2,GF_00613
43,2,GF_00614
43,2,GF_00615
43,2,GF_00616
43,2,GF_00617
43,2,GF_00618
43,2,GF_00619
43,2,GF_00620
43,2,GF_00621
43,2,GF_00622
43,2,GF_00623
43,2,GF_00624
43,2,GF_00632
43,2,GF_00633
43,2,GF_00634
43,2,GF_00635
43,2,GF_00636
43,2,GF_00637
43,2,GF_00638
43,2,GF_00639
43,2,GF_00640
43,2,GF_00641
43,2,GF_00642
43,2,GF_00643
43,2,GF_00655
43,2,GF_00658
43,2,GF_00659
43,2,GF_00661
43,2,GF_00669
43,2,GF_00676
43,2,GF_00680
43,2,GF_00681
43,2,GF_00682
43,2,GF_00683
43,2,GF_00684
43,2,GF_00687
43,2,GF_00688
43,2,GF_00695
43,2,GF_00699
43,2,GF_00702
43,2,GF_00709
43,2,GF_00722
43,2,GF_00723
43,2,GF_00724
43,2,GF_00725
43,2,GF_00726
43,2,GF_00727
43,2,GF_00728
43,2,GF_00729
43,2,GF_00732
43,2,GF_00736
43,2,GF_00740
43,2,GF_00741
43,2,GF_00744
43,2,GF_00751
43,2,GF_00755
43,2,GF_00756
43,2,GF_00761
43,2,GF_00771
43,2,GF_00773
43,2,GF_00776
43,2,GF_00777
43,2,GF_00785
43,2,GF_00796
43,2,GF_00810
43,2,GF_00811
43,2,GF_00813
43,2,GF_00814
43,2,GF_00816
43,2,GF_00819
43,2,GF_00828
43,2,GF_00845
43,2,GF_00857
43,2,GF_00860
43,2,GF_00864
43,2,GF_00866
43,2,GF_00867
43,2,GF_00868
43,2,GF_00869
43,2,GF_00870
43,2,GF_00871
43,2,GF_00872
43,2,GF_00873
43,2,GF_00874
43,2,GF_00888
43,2,GF_00895
43,2,GF_00916
43,2,GF_00931
43,2,GF_00932
43,2,GF_00933
43,2,GF_00946
43,2,GF_00947
43,2,GF_00949
43,2,GF_00957
43,2,GF_00958
43,2,GF_00959
43,2,GF_00960
43,2,GF_00963
43,2,GF_00966
43,2,GF_00968
43,2,GF_00969
43,2,GF_00970
43,2,GF_00971
43,2,GF_00972
43,2,GF_00982
43,2,GF_01005
43,2,GF_01012
43,2,GF_01026
43,2,GF_01027
43,2,GF_01028
43,2,GF_01054
43,2,GF_01147
43,2,GF_01164
43,2,GF_01212
43,2,GF_01230
43,2,GF_01231
43,2,GF_01232
43,2,GF_01233
43,2,GF_01234
43,2,GF_01235
43,2,GF_01236
43,2,GF_01237
43,2,GF_01239
43,2,GF_01240
43,2,GF_01242
43,2,GF_01244
43,2,GF_01245
43,2,GF_01246
43,2,GF_01247
43,2,GF_01248
43,2,GF_01266
43,2,GF_01287
43,2,GF_01290
43,2,GF_01291
43,2,GF_01292
43,2,GF_01293
43,2,GF_01297
43,2,GF_01306
43,2,GF_01314
43,2,GF_01315
43,2,GF_01327
43,2,GF_01328
43,2,GF_01329
43,2,GF_01330
43,2,GF_01331
43,2,GF_01332
43,2,GF_01333
43,2,GF_01334
43,2,GF_01336
43,2,GF_01337
43,2,GF_01338
43,2,GF_01372
43,2,GF_01373
43,2,GF_01374
43,2,GF_01375
43,2,GF_01376
43,2,GF_01377
43,2,GF_01379
43,2,GF_01381
43,2,GF_01382
43,2,GF_01383
43,2,GF_01385
43,2,GF_01386
43,2,GF_01387
43,2,GF_01390
43,2,GF_01391
43,2,GF_01392
43,2,GF_01393
43,2,GF_01394
43,2,GF_01395
43,2,GF_01396
43,2,GF_01397
43,2,GF_01399
43,2,GF_01400
43,2,GF_01401
43,2,GF_01404
43,2,GF_01409
43,2,GF_01425
43,2,GF_01426
43,2,GF_01428
43,2,GF_01439
43,2,GF_01445
43,2,GF_01446
43,2,GF_01447
43,2,GF_01448
43,2,GF_01449
43,2,GF_01456
43,2,GF_01458
43,2,GF_01460
43,2,GF_01461
43,2,GF_01462
43,2,GF_01466
43,2,GF_01476
43,2,GF_01477
43,2,GF_01479
43,2,GF_01480
43,2,GF_01481
43,2,GF_01487
43,2,GF_01502
43,2,GF_01512
43,2,GF_01514
43,2,GF_01527
43,2,GF_01533
43,2,GF_01534
43,2,GF_01535
43,2,GF_01536
43,2,GF_01537
43,2,GF_01538
43,2,GF_01539
43,2,GF_01540
43,2,GF_01541
43,2,GF_01542
43,2,GF_01544
43,2,GF_01547
43,2,GF_01549
43,2,GF_01550
43,2,GF_01552
43,2,GF_01553
43,2,GF_01579
43,2,GF_01580
43,2,GF_01583
43,2,GF_01584
43,2,GF_01591
43,2,GF_01592
43,2,GF_01616
43,2,GF_01617
43,2,GF_01618
43,2,GF_01619
43,2,GF_01620
43,2,GF_01621
43,2,GF_01623
43,2,GF_01626
43,2,GF_01627
43,2,GF_01628
43,2,GF_01629
43,2,GF_01630
43,2,GF_01634
43,2,GF_01636
43,2,GF_01637
43,2,GF_01638
43,2,GF_01639
43,2,GF_01641
43,2,GF_01643
43,2,GF_01648
43,2,GF_01659
43,2,GF_01661
43,2,GF_01672
43,2,GF_01673
43,2,GF_01674
43,2,GF_01675
43,2,GF_01676
43,2,GF_01677
43,2,GF_01678
43,2,GF_01679
43,2,GF_01680
43,2,GF_01681
43,2,GF_01683
43,2,GF_01684
43,2,GF_01685
43,2,GF_01688
43,2,GF_01689
43,2,GF_01690
43,2,GF_01691
43,2,GF_01692
43,2,GF_01693
43,2,GF_01732
43,2,GF_01733
43,2,GF_01734
43,2,GF_01735
43,2,GF_01736
43,2,GF_01737
43,2,GF_01740
43,2,GF_01741
43,2,GF_01742
43,2,GF_01745
43,2,GF_01763
43,2,GF_01783
43,2,GF_01798
43,2,GF_01799
43,2,GF_01801
43,2,GF_01802
43,2,GF_01803
43,2,GF_01805
43,2,GF_01806
43,2,GF_01807
43,2,GF_01808
43,2,GF_01809
43,2,GF_01810
43,2,GF_01811
43,2,GF_01812
43,2,GF_01813
43,2,GF_01814
43,2,GF_01815
43,2,GF_01816
43,2,GF_01818
43,2,GF_01819
43,2,GF_01822
43,2,GF_01823
43,2,GF_01834
43,2,GF_01836
43,2,GF_01837
43,2,GF_01840
43,2,GF_01841
43,2,GF_01842
43,2,GF_01844
43,2,GF_01856
43,2,GF_01860
43,2,GF_01866
43,2,GF_01870
43,2,GF_01885
43,2,GF_01898
43,2,GF_01899
43,2,GF_01900
43,2,GF_01901
43,2,GF_01902
43,2,GF_01904
43,2,GF_01919
43,2,GF_01921
43,2,GF_01923
43,2,GF_01925
43,2,GF_01926
43,2,GF_01927
43,2,GF_01928
43,2,GF_01929
43,2,GF_01930
43,2,GF_01945
43,2,GF_02041
43,2,GF_02059
43,2,GF_02060
43,2,GF_02069
43,2,GF_02070
43,2,GF_02071
43,2,GF_02072
43,2,GF_02073
43,2,GF_02074
43,2,GF_02075
43,2,GF_02076
43,2,GF_02084
43,2,GF_02085
43,2,GF_02086
43,2,GF_02088
43,2,GF_02089
43,2,GF_02091
43,2,GF_02092
43,2,GF_02093
43,2,GF_02094
43,2,GF_02101
43,2,GF_02109
43,2,GF_02110
43,2,GF_02122
43,2,GF_02130
43,2,GF_02131
43,2,GF_02132
43,2,GF_02136
43,2,GF_02137
43,2,GF_02138
43,2,GF_02139
43,2,GF_02140
43,2,GF_02141
43,2,GF_02142
43,2,GF_02145
43,2,GF_02152
43,2,GF_02157
43,2,GF_02158
43,2,GF_02159
43,2,GF_02172
43,2,GF_02178
43,2,GF_02180
43,2,GF_02184
43,2,GF_02194
43,2,GF_02215
43,2,GF_02216
43,2,GF_02217
43,2,GF_02218
43,2,GF_02219
43,2,GF_02220
43,2,GF_02222
43,2,GF_02223
43,2,GF_02224
43,2,GF_02225
43,2,GF_02226
43,2,GF_02227
43,2,GF_02228
43,2,GF_02229
43,2,GF_02230
43,2,GF_02239
43,2,GF_02260
43,2,GF_02261
43,2,GF_02262
43,2,GF_02263
43,2,GF_02264
43,2,GF_02266
43,3,GF_00002
43,3,GF_00008
43,3,GF_00011
43,3,GF_00012
43,3,GF_00013
43,3,GF_00014
43,3,GF_00015
43,3,GF_00017
43,3,GF_00018
43,3,GF_00036
43,3,GF_00043
43,3,GF_00044
43,3,GF_00046
43,3,GF_00047
43,3,GF_00048
43,3,GF_00049
43,3,GF_00050
43,3,GF_00051
43,3,GF_00052
43,3,GF_00071
43,3,GF_00072
43,3,GF_00073
43,3,GF_00074
43,3,GF_00075
43,3,GF_00077
43,3,GF_00078
43,3,GF_00079
43,3,GF_00080
43,3,GF_00081
43,3,GF_00082
43,3,GF_00083
43,3,GF_00084
43,3,GF_00085
43,3,GF_00087
43,3,GF_00088
43,3,GF_00093
43,3,GF_00094
43,3,GF_00104
43,3,GF_00105
43,3,GF_00106
43,3,GF_00107
43,3,GF_00108
43,3,GF_00109
43,3,GF_00111
43,3,GF_00112
43,3,GF_00113
43,3,GF_00114
43,3,GF_00115
43,3,GF_00116
43,3,GF_00117
43,3,GF_00120
43,3,GF_00121
43,3,GF_00122
43,3,GF_00123
43,3,GF_00124
43,3,GF_00125
43,3,GF_00136
43,3,GF_00137
43,3,GF_00138
43,3,GF_00139
43,3,GF_00141
43,3,GF_00143
43,3,GF_00155
43,3,GF_00164
43,3,GF_00170
43,3,GF_00175
43,3,GF_00178
43,3,GF_00179
43,3,GF_00180
43,3,GF_00185
43,3,GF_00219
43,3,GF_00220
43,3,GF_00228
43,3,GF_00229
43,3,GF_00235
43,3,GF_00244
43,3,GF_00250
43,3,GF_00251
43,3,GF_00262
43,3,GF_00267
43,3,GF_00275
43,3,GF_00281
43,3,GF_00282
43,3,GF_00290
43,3,GF_00296
43,3,GF_00300
43,3,GF_00302
43,3,GF_00303
43,3,GF_00305
43,3,GF_00309
43,3,GF_00310
43,3,GF_00311
43,3,GF_00312
43,3,GF_00313
43,3,GF_00314
43,3,GF_00315
43,3,GF_00316
43,3,GF_00317
43,3,GF_00318
43,3,GF_00319
43,3,GF_00320
43,3,GF_00321
43,3,GF_00323
43,3,GF_00324
43,3,GF_00325
43,3,GF_00326
43,3,GF_00327
43,3,GF_00329
43,3,GF_00330
43,3,GF_00331
43,3,GF_00332
43,3,GF_00333
43,3,GF_00335
43,3,GF_00336
43,3,GF_00338
43,3,GF_00339
43,3,GF_00340
43,3,GF_00341
43,3,GF_00342
43,3,GF_00343
43,3,GF_00344
43,3,GF_00345
43,3,GF_00346
43,3,GF_00347
43,3,GF_00348
43,3,GF_00349
43,3,GF_00350
43,3,GF_00352
43,3,GF_00353
43,3,GF_00355
43,3,GF_00356
43,3,GF_00357
43,3,GF_00358
43,3,GF_00359
43,3,GF_00360
43,3,GF_00361
43,3,GF_00362
43,3,GF_00363
43,3,GF_00364
43,3,GF_00365
43,3,GF_00369
43,3,GF_00377
43,3,GF_00378
43,3,GF_00381
43,3,GF_00384
43,3,GF_00385
43,3,GF_00386
43,3,GF_00387
43,3,GF_00388
43,3,GF_00389
43,3,GF_00390
43,3,GF_00391
43,3,GF_00393
43,3,GF_00394
43,3,GF_00395
43,3,GF_00396
43,3,GF_00398
43,3,GF_00400
43,3,GF_00401
43,3,GF_00402
43,3,GF_00403
43,3,GF_00404
43,3,GF_00405
43,3,GF_00406
43,3,GF_00407
43,3,GF_00408
43,3,GF_00409
43,3,GF_00410
43,3,GF_00411
43,3,GF_00413
43,3,GF_00414
43,3,GF_00415
43,3,GF_00417
43,3,GF_00418
43,3,GF_00419
43,3,GF_00420
43,3,GF_00421
43,3,GF_00422
43,3,GF_00424
43,3,GF_00425
43,3,GF_00426
43,3,GF_00427
43,3,GF_00428
43,3,GF_00429
43,3,GF_00430
43,3,GF_00431
43,3,GF_00432
43,3,GF_00433
43,3,GF_00434
43,3,GF_00435
43,3,GF_00436
43,3,GF_00437
43,3,GF_00438
43,3,GF_00440
43,3,GF_00441
43,3,GF_00455
43,3,GF_00457
43,3,GF_00465
43,3,GF_00470
43,3,GF_00471
43,3,GF_00472
43,3,GF_00474
43,3,GF_00477
43,3,GF_00480
43,3,GF_00482
43,3,GF_00483
43,3,GF_00484
43,3,GF_00488
43,3,GF_00489
43,3,GF_00491
43,3,GF_00492
43,3,GF_00503
43,3,GF_00522
43,3,GF_00523
43,3,GF_00524
43,3,GF_00525
43,3,GF_00527
43,3,GF_00528
43,3,GF_00529
43,3,GF_00530
43,3,GF_00531
43,3,GF_00536
43,3,GF_00538
43,3,GF_00546
43,3,GF_00547
43,3,GF_00548
43,3,GF_00549
43,3,GF_00564
43,3,GF_00565
43,3,GF_00566
43,3,GF_00569
43,3,GF_00570
43,3,GF_00572
43,3,GF_00574
43,3,GF_00578
43,3,GF_00580
43,3,GF_00588
43,3,GF_00591
43,3,GF_00593
43,3,GF_00594
43,3,GF_00595
43,3,GF_00599
43,3,GF_00600
43,3,GF_00601
43,3,GF_00602
43,3,GF_00603
43,3,GF_00604
43,3,GF_00605
43,3,GF_00606
43,3,GF_00607
43,3,GF_00608
43,3,GF_00609
43,3,GF_00611
43,3,GF_00612
43,3,GF_00613
43,3,GF_00614
43,3,GF_00615
43,3,GF_00616
43,3,GF_00617
43,3,GF_00618
43,3,GF_00619
43,3,GF_00620
43,3,GF_00621
43,3,GF_00622
43,3,GF_00623
43,3,GF_00624
43,3,GF_00632
43,3,GF_00633
43,3,GF_00635
43,3,GF_00636
43,3,GF_00637
43,3,GF_00638
43,3,GF_00640
43,3,GF_00641
43,3,GF_00642
43,3,GF_00643
43,3,GF_00644
43,3,GF_00647
43,3,GF_00655
43,3,GF_00658
43,3,GF_00659
43,3,GF_00661
43,3,GF_00666
43,3,GF_00669
43,3,GF_00675
43,3,GF_00676
43,3,GF_00681
43,3,GF_00684
43,3,GF_00687
43,3,GF_00688
43,3,GF_00695
43,3,GF_00699
43,3,GF_00702
43,3,GF_00704
43,3,GF_00708
43,3,GF_00709
43,3,GF_00717
43,3,GF_00722
43,3,GF_00723
43,3,GF_00724
43,3,GF_00725
43,3,GF_00726
43,3,GF_00727
43,3,GF_00728
43,3,GF_00729
43,3,GF_00732
43,3,GF_00736
43,3,GF_00737
43,3,GF_00740
43,3,GF_00741
43,3,GF_00744
43,3,GF_00749
43,3,GF_00751
43,3,GF_00755
43,3,GF_00756
43,3,GF_00761
43,3,GF_00770
43,3,GF_00771
43,3,GF_00773
43,3,GF_00776
43,3,GF_00777
43,3,GF_00785
43,3,GF_00793
43,3,GF_00796
43,3,GF_00810
43,3,GF_00811
43,3,GF_00813
43,3,GF_00814
43,3,GF_00816
43,3,GF_00819
43,3,GF_00826
43,3,GF_00827
43,3,GF_00828
43,3,GF_00843
43,3,GF_00845
43,3,GF_00856
43,3,GF_00857
43,3,GF_00860
43,3,GF_00864
43,3,GF_00866
43,3,GF_00868
43,3,GF_00869
43,3,GF_00870
43,3,GF_00872
43,3,GF_00873
43,3,GF_00874
43,3,GF_00887
43,3,GF_00888
43,3,GF_00893
43,3,GF_00895
43,3,GF_00916
43,3,GF_00918
43,3,GF_00927
43,3,GF_00930
43,3,GF_00931
43,3,GF_00933
43,3,GF_00934
43,3,GF_00946
43,3,GF_00947
43,3,GF_00949
43,3,GF_00952
43,3,GF_00957
43,3,GF_00958
43,3,GF_00959
43,3,GF_00960
43,3,GF_00963
43,3,GF_00966
43,3,GF_00968
43,3,GF_00969
43,3,GF_00970
43,3,GF_00971
43,3,GF_00972
43,3,GF_00982
43,3,GF_00987
43,3,GF_01004
43,3,GF_01005
43,3,GF_01012
43,3,GF_01016
43,3,GF_01018
43,3,GF_01026
43,3,GF_01027
43,3,GF_01028
43,3,GF_01034
43,3,GF_01054
43,3,GF_01230
43,3,GF_01231
43,3,GF_01232
43,3,GF_01233
43,3,GF_01234
43,3,GF_01235
43,3,GF_01236
43,3,GF_01237
43,3,GF_01238
43,3,GF_01239
43,3,GF_01240
43,3,GF_01241
43,3,GF_01242
43,3,GF_01243
43,3,GF_01244
43,3,GF_01245
43,3,GF_01246
43,3,GF_01247
43,3,GF_01248
43,3,GF_01253
43,3,GF_01266
43,3,GF_01279
43,3,GF_01282
43,3,GF_01287
43,3,GF_01290
43,3,GF_01292
43,3,GF_01293
43,3,GF_01297
43,3,GF_01303
43,3,GF_01306
43,3,GF_01308
43,3,GF_01314
43,3,GF_01315
43,3,GF_01327
43,3,GF_01328
43,3,GF_01329
43,3,GF_01330
43,3,GF_01331
43,3,GF_01332
43,3,GF_01333
43,3,GF_01334
43,3,GF_01336
43,3,GF_01337
43,3,GF_01338
43,3,GF_01356
43,3,GF_01357
43,3,GF_01359
43,3,GF_01365
43,3,GF_01372
43,3,GF_01373
43,3,GF_01374
43,3,GF_01375
43,3,GF_01376
43,3,GF_01377
43,3,GF_01378
43,3,GF_01379
43,3,GF_01380
43,3,GF_01381
43,3,GF_01382
43,3,GF_01383
43,3,GF_01384
43,3,GF_01385
43,3,GF_01386
43,3,GF_01387
43,3,GF_01388
43,3,GF_01389
43,3,GF_01390
43,3,GF_01391
43,3,GF_01393
43,3,GF_01394
43,3,GF_01395
43,3,GF_01396
43,3,GF_01397
43,3,GF_01398
43,3,GF_01399
43,3,GF_01400
43,3,GF_01401
43,3,GF_01403
43,3,GF_01404
43,3,GF_01405
43,3,GF_01407
43,3,GF_01409
43,3,GF_01411
43,3,GF_01425
43,3,GF_01426
43,3,GF_01427
43,3,GF_01428
43,3,GF_01439
43,3,GF_01445
43,3,GF_01446
43,3,GF_01447
43,3,GF_01448
43,3,GF_01449
43,3,GF_01456
43,3,GF_01458
43,3,GF_01460
43,3,GF_01461
43,3,GF_01462
43,3,GF_01464
43,3,GF_01466
43,3,GF_01469
43,3,GF_01472
43,3,GF_01476
43,3,GF_01477
43,3,GF_01479
43,3,GF_01480
43,3,GF_01487
43,3,GF_01489
43,3,GF_01492
43,3,GF_01494
43,3,GF_01497
43,3,GF_01502
43,3,GF_01504
43,3,GF_01512
43,3,GF_01514
43,3,GF_01518
43,3,GF_01527
43,3,GF_01534
43,3,GF_01535
43,3,GF_01536
43,3,GF_01537
43,3,GF_01538
43,3,GF_01539
43,3,GF_01540
43,3,GF_01541
43,3,GF_01542
43,3,GF_01543
43,3,GF_01544
43,3,GF_01545
43,3,GF_01546
43,3,GF_01547
43,3,GF_01549
43,3,GF_01550
43,3,GF_01552
43,3,GF_01553
43,3,GF_01579
43,3,GF_01580
43,3,GF_01583
43,3,GF_01584
43,3,GF_01587
43,3,GF_01588
43,3,GF_01591
43,3,GF_01592
43,3,GF_01598
43,3,GF_01609
43,3,GF_01616
43,3,GF_01617
43,3,GF_01618
43,3,GF_01619
43,3,GF_01620
43,3,GF_01621
43,3,GF_01623
43,3,GF_01626
43,3,GF_01627
43,3,GF_01628
43,3,GF_01629
43,3,GF_01631
43,3,GF_01633
43,3,GF_01634
43,3,GF_01635
43,3,GF_01636
43,3,GF_01637
43,3,GF_01638
43,3,GF_01639
43,3,GF_01640
43,3,GF_01641
43,3,GF_01643
43,3,GF_01644
43,3,GF_01645
43,3,GF_01648
43,3,GF_01649
43,3,GF_01654
43,3,GF_01659
43,3,GF_01661
43,3,GF_01672
43,3,GF_01673
43,3,GF_01674
43,3,GF_01675
43,3,GF_01676
43,3,GF_01677
43,3,GF_01678
43,3,GF_01679
43,3,GF_01680
43,3,GF_01681
43,3,GF_01683
43,3,GF_01684
43,3,GF_01685
43,3,GF_01687
43,3,GF_01688
43,3,GF_01689
43,3,GF_01690
43,3,GF_01691
43,3,GF_01692
43,3,GF_01693
43,3,GF_01732
43,3,GF_01733
43,3,GF_01734
43,3,GF_01735
43,3,GF_01736
43,3,GF_01737
43,3,GF_01740
43,3,GF_01741
43,3,GF_01742
43,3,GF_01745
43,3,GF_01763
43,3,GF_01764
43,3,GF_01782
43,3,GF_01783
43,3,GF_01799
43,3,GF_01802
43,3,GF_01803
43,3,GF_01805
43,3,GF_01806
43,3,GF_01807
43,3,GF_01808
43,3,GF_01809
43,3,GF_01810
43,3,GF_01811
43,3,GF_01812
43,3,GF_01813
43,3,GF_01814
43,3,GF_01815
43,3,GF_01816
43,3,GF_01817
43,3,GF_01818
43,3,GF_01819
43,3,GF_01822
43,3,GF_01823
43,3,GF_01824
43,3,GF_01834
43,3,GF_01836
43,3,GF_01837
43,3,GF_01840
43,3,GF_01841
43,3,GF_01842
43,3,GF_01844
43,3,GF_01850
43,3,GF_01856
43,3,GF_01857
43,3,GF_01860
43,3,GF_01866
43,3,GF_01870
43,3,GF_01872
43,3,GF_01875
43,3,GF_01879
43,3,GF_01885
43,3,GF_01897
43,3,GF_01898
43,3,GF_01899
43,3,GF_01900
43,3,GF_01901
43,3,GF_01902
43,3,GF_01904
43,3,GF_01919
43,3,GF_01921
43,3,GF_01923
43,3,GF_01925
43,3,GF_01926
43,3,GF_01927
43,3,GF_01928
43,3,GF_01929
43,3,GF_01930
43,3,GF_01945
43,3,GF_02041
43,3,GF_02059
43,3,GF_02060
43,3,GF_02069
43,3,GF_02070
43,3,GF_02071
43,3,GF_02072
43,3,GF_02074
43,3,GF_02075
43,3,GF_02076
43,3,GF_02081
43,3,GF_02084
43,3,GF_02085
43,3,GF_02087
43,3,GF_02088
43,3,GF_02089
43,3,GF_02090
43,3,GF_02091
43,3,GF_02092
43,3,GF_02093
43,3,GF_02094
43,3,GF_02101
43,3,GF_02109
43,3,GF_02110
43,3,GF_02113
43,3,GF_02122
43,3,GF_02130
43,3,GF_02131
43,3,GF_02136
43,3,GF_02137
43,3,GF_02138
43,3,GF_02139
43,3,GF_02140
43,3,GF_02141
43,3,GF_02142
43,3,GF_02143
43,3,GF_02145
43,3,GF_02152
43,3,GF_02155
43,3,GF_02157
43,3,GF_02158
43,3,GF_02159
43,3,GF_02168
43,3,GF_02172
43,3,GF_02178
43,3,GF_02180
43,3,GF_02184
43,3,GF_02192
43,3,GF_02194
43,3,GF_02215
43,3,GF_02216
43,3,GF_02217
43,3,GF_02218
43,3,GF_02219
43,3,GF_02220
43,3,GF_02222
43,3,GF_02223
43,3,GF_02224
43,3,GF_02225
43,3,GF_02226
43,3,GF_02227
43,3,GF_02228
43,3,GF_02229
43,3,GF_02230
43,3,GF_02260
43,3,GF_02261
43,3,GF_02262
43,3,GF_02263
43,3,GF_02264
43,3,GF_02266
43,4,GF_00002
43,4,GF_00008
43,4,GF_00011
43,4,GF_00012
43,4,GF_00013
43,4,GF_00014
43,4,GF_00015
43,4,GF_00017
43,4,GF_00018
43,4,GF_00036
43,4,GF_00043
43,4,GF_00044
43,4,GF_00046
43,4,GF_00047
43,4,GF_00048
43,4,GF_00049
43,4,GF_00051
43,4,GF_00052
43,4,GF_00071
43,4,GF_00072
43,4,GF_00073
43,4,GF_00074
43,4,GF_00075
43,4,GF_00076
43,4,GF_00077
43,4,GF_00078
43,4,GF_00079
43,4,GF_00080
43,4,GF_00081
43,4,GF_00082
43,4,GF_00083
43,4,GF_00084
43,4,GF_00085
43,4,GF_00087
43,4,GF_00088
43,4,GF_00093
43,4,GF_00094
43,4,GF_00104
43,4,GF_00105
43,4,GF_00106
43,4,GF_00107
43,4,GF_00108
43,4,GF_00109
43,4,GF_00111
43,4,GF_00112
43,4,GF_00113
43,4,GF_00114
43,4,GF_00115
43,4,GF_00116
43,4,GF_00117
43,4,GF_00120
43,4,GF_00121
43,4,GF_00122
43,4,GF_00123
43,4,GF_00124
43,4,GF_00125
43,4,GF_00136
43,4,GF_00137
43,4,GF_00138
43,4,GF_00139
43,4,GF_00141
43,4,GF_00142
43,4,GF_00143
43,4,GF_00155
43,4,GF_00164
43,4,GF_00170
43,4,GF_00175
43,4,GF_00178
43,4,GF_00179
43,4,GF_00180
43,4,GF_00185
43,4,GF_00208
43,4,GF_00220
43,4,GF_00228
43,4,GF_00229
43,4,GF_00235
43,4,GF_00244
43,4,GF_00250
43,4,GF_00251
43,4,GF_00262
43,4,GF_00281
43,4,GF_00290
43,4,GF_00296
43,4,GF_00300
43,4,GF_00302
43,4,GF_00303
43,4,GF_00305
43,4,GF_00309
43,4,GF_00311
43,4,GF_00312
43,4,GF_00313
43,4,GF_00314
43,4,GF_00315
43,4,GF_00316
43,4,GF_00317
43,4,GF_00318
43,4,GF_00319
43,4,GF_00320
43,4,GF_00321
43,4,GF_00323
43,4,GF_00324
43,4,GF_00325
43,4,GF_00326
43,4,GF_00327
43,4,GF_00329
43,4,GF_00330
43,4,GF_00331
43,4,GF_00332
43,4,GF_00333
43,4,GF_00335
43,4,GF_00336
43,4,GF_00338
43,4,GF_00339
43,4,GF_00340
43,4,GF_00341
43,4,GF_00342
43,4,GF_00343
43,4,GF_00344
43,4,GF_00346
43,4,GF_00347
43,4,GF_00348
43,4,GF_00349
43,4,GF_00350
43,4,GF_00351
43,4,GF_00352
43,4,GF_00353
43,4,GF_00358
43,4,GF_00360
43,4,GF_00362
43,4,GF_00363
43,4,GF_00364
43,4,GF_00365
43,4,GF_00369
43,4,GF_00381
43,4,GF_00384
43,4,GF_00385
43,4,GF_00386
43,4,GF_00387
43,4,GF_00388
43,4,GF_00389
43,4,GF_00390
43,4,GF_00391
43,4,GF_00393
43,4,GF_00394
43,4,GF_00395
43,4,GF_00396
43,4,GF_00400
43,4,GF_00401
43,4,GF_00402
43,4,GF_00403
43,4,GF_00404
43,4,GF_00405
43,4,GF_00406
43,4,GF_00407
43,4,GF_00408
43,4,GF_00409
43,4,GF_00410
43,4,GF_00413
43,4,GF_00414
43,4,GF_00415
43,4,GF_00417
43,4,GF_00418
43,4,GF_00421
43,4,GF_00422
43,4,GF_00424
43,4,GF_00426
43,4,GF_00427
43,4,GF_00428
43,4,GF_00429
43,4,GF_00430
43,4,GF_00431
43,4,GF_00432
43,4,GF_00433
43,4,GF_00434
43,4,GF_00435
43,4,GF_00436
43,4,GF_00438
43,4,GF_00440
43,4,GF_00441
43,4,GF_00455
43,4,GF_00457
43,4,GF_00458
43,4,GF_00460
43,4,GF_00471
43,4,GF_00472
43,4,GF_00477
43,4,GF_00480
43,4,GF_00488
43,4,GF_00489
43,4,GF_00503
43,4,GF_00522
43,4,GF_00523
43,4,GF_00524
43,4,GF_00525
43,4,GF_00527
43,4,GF_00528
43,4,GF_00529
43,4,GF_00530
43,4,GF_00531
43,4,GF_00536
43,4,GF_00546
43,4,GF_00547
43,4,GF_00548
43,4,GF_00549
43,4,GF_00564
43,4,GF_00565
43,4,GF_00566
43,4,GF_00569
43,4,GF_00570
43,4,GF_00572
43,4,GF_00574
43,4,GF_00578
43,4,GF_00580
43,4,GF_00588
43,4,GF_00594
43,4,GF_00595
43,4,GF_00599
43,4,GF_00600
43,4,GF_00601
43,4,GF_00602
43,4,GF_00603
43,4,GF_00604
43,4,GF_00605
43,4,GF_00606
43,4,GF_00607
43,4,GF_00608
43,4,GF_00609
43,4,GF_00611
43,4,GF_00612
43,4,GF_00613
43,4,GF_00614
43,4,GF_00615
43,4,GF_00616
43,4,GF_00617
43,4,GF_00618
43,4,GF_00619
43,4,GF_00620
43,4,GF_00621
43,4,GF_00622
43,4,GF_00623
43,4,GF_00624
43,4,GF_00632
43,4,GF_00633
43,4,GF_00635
43,4,GF_00636
43,4,GF_00637
43,4,GF_00638
43,4,GF_00640
43,4,GF_00641
43,4,GF_00642
43,4,GF_00643
43,4,GF_00655
43,4,GF_00658
43,4,GF_00661
43,4,GF_00669
43,4,GF_00676
43,4,GF_00681
43,4,GF_00683
43,4,GF_00684
43,4,GF_00688
43,4,GF_00695
43,4,GF_00699
43,4,GF_00702
43,4,GF_00709
43,4,GF_00722
43,4,GF_00723
43,4,GF_00724
43,4,GF_00725
43,4,GF_00726
43,4,GF_00727
43,4,GF_00728
43,4,GF_00729
43,4,GF_00732
43,4,GF_00736
43,4,GF_00740
43,4,GF_00741
43,4,GF_00744
43,4,GF_00751
43,4,GF_00755
43,4,GF_00756
43,4,GF_00761
43,4,GF_00771
43,4,GF_00773
43,4,GF_00776
43,4,GF_00777
43,4,GF_00796
43,4,GF_00810
43,4,GF_00811
43,4,GF_00813
43,4,GF_00814
43,4,GF_00816
43,4,GF_00819
43,4,GF_00828
43,4,GF_00843
43,4,GF_00845
43,4,GF_00857
43,4,GF_00860
43,4,GF_00864
43,4,GF_00866
43,4,GF_00867
43,4,GF_00868
43,4,GF_00869
43,4,GF_00870
43,4,GF_00871
43,4,GF_00872
43,4,GF_00873
43,4,GF_00874
43,4,GF_00888
43,4,GF_00895
43,4,GF_00916
43,4,GF_00927
43,4,GF_00931
43,4,GF_00932
43,4,GF_00933
43,4,GF_00946
43,4,GF_00947
43,4,GF_00949
43,4,GF_00957
43,4,GF_00958
43,4,GF_00959
43,4,GF_00960
43,4,GF_00966
43,4,GF_00968
43,4,GF_00969
43,4,GF_00970
43,4,GF_00971
43,4,GF_00982
43,4,GF_01004
43,4,GF_01005
43,4,GF_01026
43,4,GF_01027
43,4,GF_01028
43,4,GF_01054
43,4,GF_01230
43,4,GF_01231
43,4,GF_01232
43,4,GF_01233
43,4,GF_01234
43,4,GF_01235
43,4,GF_01236
43,4,GF_01237
43,4,GF_01239
43,4,GF_01240
43,4,GF_01241
43,4,GF_01242
43,4,GF_01244
43,4,GF_01245
43,4,GF_01246
43,4,GF_01247
43,4,GF_01248
43,4,GF_01266
43,4,GF_01287
43,4,GF_01290
43,4,GF_01291
43,4,GF_01292
43,4,GF_01293
43,4,GF_01297
43,4,GF_01306
43,4,GF_01314
43,4,GF_01315
43,4,GF_01327
43,4,GF_01328
43,4,GF_01329
43,4,GF_01330
43,4,GF_01331
43,4,GF_01332
43,4,GF_01333
43,4,GF_01334
43,4,GF_01336
43,4,GF_01337
43,4,GF_01338
43,4,GF_01359
43,4,GF_01372
43,4,GF_01373
43,4,GF_01374
43,4,GF_01375
43,4,GF_01376
43,4,GF_01377
43,4,GF_01379
43,4,GF_01381
43,4,GF_01382
43,4,GF_01383
43,4,GF_01385
43,4,GF_01387
43,4,GF_01390
43,4,GF_01391
43,4,GF_01393
43,4,GF_01394
43,4,GF_01395
43,4,GF_01396
43,4,GF_01397
43,4,GF_01399
43,4,GF_01400
43,4,GF_01401
43,4,GF_01409
43,4,GF_01425
43,4,GF_01426
43,4,GF_01428
43,4,GF_01439
43,4,GF_01445
43,4,GF_01446
43,4,GF_01447
43,4,GF_01448
43,4,GF_01449
43,4,GF_01456
43,4,GF_01458
43,4,GF_01460
43,4,GF_01461
43,4,GF_01462
43,4,GF_01466
43,4,GF_01476
43,4,GF_01477
43,4,GF_01479
43,4,GF_01480
43,4,GF_01481
43,4,GF_01487
43,4,GF_01502
43,4,GF_01512
43,4,GF_01527
43,4,GF_01534
43,4,GF_01536
43,4,GF_01537
43,4,GF_01538
43,4,GF_01539
43,4,GF_01540
43,4,GF_01541
43,4,GF_01542
43,4,GF_01543
43,4,GF_01544
43,4,GF_01547
43,4,GF_01549
43,4,GF_01552
43,4,GF_01553
43,4,GF_01579
43,4,GF_01580
43,4,GF_01583
43,4,GF_01584
43,4,GF_01591
43,4,GF_01592
43,4,GF_01616
43,4,GF_01617
43,4,GF_01618
43,4,GF_01619
43,4,GF_01620
43,4,GF_01621
43,4,GF_01623
43,4,GF_01625
43,4,GF_01626
43,4,GF_01627
43,4,GF_01628
43,4,GF_01629
43,4,GF_01634
43,4,GF_01635
43,4,GF_01636
43,4,GF_01637
43,4,GF_01638
43,4,GF_01639
43,4,GF_01641
43,4,GF_01648
43,4,GF_01661
43,4,GF_01672
43,4,GF_01673
43,4,GF_01674
43,4,GF_01675
43,4,GF_01676
43,4,GF_01677
43,4,GF_01678
43,4,GF_01679
43,4,GF_01680
43,4,GF_01681
43,4,GF_01683
43,4,GF_01684
43,4,GF_01685
43,4,GF_01689
43,4,GF_01690
43,4,GF_01691
43,4,GF_01692
43,4,GF_01693
43,4,GF_01732
43,4,GF_01733
43,4,GF_01734
43,4,GF_01735
43,4,GF_01736
43,4,GF_01740
43,4,GF_01741
43,4,GF_01742
43,4,GF_01763
43,4,GF_01770
43,4,GF_01783
43,4,GF_01799
43,4,GF_01802
43,4,GF_01803
43,4,GF_01805
43,4,GF_01806
43,4,GF_01807
43,4,GF_01808
43,4,GF_01809
43,4,GF_01810
43,4,GF_01811
43,4,GF_01812
43,4,GF_01813
43,4,GF_01814
43,4,GF_01815
43,4,GF_01816
43,4,GF_01818
43,4,GF_01819
43,4,GF_01822
43,4,GF_01823
43,4,GF_01834
43,4,GF_01836
43,4,GF_01837
43,4,GF_01840
43,4,GF_01841
43,4,GF_01844
43,4,GF_01856
43,4,GF_01860
43,4,GF_01866
43,4,GF_01870
43,4,GF_01872
43,4,GF_01874
43,4,GF_01885
43,4,GF_01897
43,4,GF_01898
43,4,GF_01899
43,4,GF_01900
43,4,GF_01901
43,4,GF_01902
43,4,GF_01904
43,4,GF_01919
43,4,GF_01921
43,4,GF_01925
43,4,GF_01926
43,4,GF_01927
43,4,GF_01928
43,4,GF_01929
43,4,GF_01930
43,4,GF_01945
43,4,GF_02041
43,4,GF_02060
43,4,GF_02069
43,4,GF_02070
43,4,GF_02071
43,4,GF_02072
43,4,GF_02074
43,4,GF_02075
43,4,GF_02076
43,4,GF_02084
43,4,GF_02085
43,4,GF_02089
43,4,GF_02091
43,4,GF_02092
43,4,GF_02093
43,4,GF_02094
43,4,GF_02101
43,4,GF_02110
43,4,GF_02113
43,4,GF_02122
43,4,GF_02130
43,4,GF_02131
43,4,GF_02132
43,4,GF_02136
43,4,GF_02137
43,4,GF_02138
43,4,GF_02139
43,4,GF_02140
43,4,GF_02142
43,4,GF_02143
43,4,GF_02145
43,4,GF_02152
43,4,GF_02157
43,4,GF_02158
43,4,GF_02159
43,4,GF_02172
43,4,GF_02178
43,4,GF_02180
43,4,GF_02184
43,4,GF_02194
43,4,GF_02216
43,4,GF_02217
43,4,GF_02218
43,4,GF_02219
43,4,GF_02220
43,4,GF_02223
43,4,GF_02224
43,4,GF_02225
43,4,GF_02226
43,4,GF_02227
43,4,GF_02228
43,4,GF_02229
43,4,GF_02230
43,4,GF_02260
43,4,GF_02261
43,4,GF_02262
43,4,GF_02263
43,4,GF_02264
43,4,GF_02266
43,5,GF_00002
43,5,GF_00008
43,5,GF_00012
43,5,GF_00013
43,5,GF_00014
43,5,GF_00015
43,5,GF_00017
43,5,GF_00018
43,5,GF_00036
43,5,GF_00043
43,5,GF_00044
43,5,GF_00046
43,5,GF_00047
43,5,GF_00048
43,5,GF_00049
43,5,GF_00051
43,5,GF_00052
43,5,GF_00071
43,5,GF_00072
43,5,GF_00073
43,5,GF_00074
43,5,GF_00075
43,5,GF_00076
43,5,GF_00077
43,5,GF_00078
43,5,GF_00079
43,5,GF_00080
43,5,GF_00081
43,5,GF_00082
43,5,GF_00083
43,5,GF_00084
43,5,GF_00085
43,5,GF_00087
43,5,GF_00088
43,5,GF_00093
43,5,GF_00094
43,5,GF_00104
43,5,GF_00105
43,5,GF_00106
43,5,GF_00107
43,5,GF_00108
43,5,GF_00109
43,5,GF_00111
43,5,GF_00112
43,5,GF_00113
43,5,GF_00114
43,5,GF_00115
43,5,GF_00116
43,5,GF_00117
43,5,GF_00120
43,5,GF_00121
43,5,GF_00122
43,5,GF_00123
43,5,GF_00124
43,5,GF_00125
43,5,GF_00136
43,5,GF_00137
43,5,GF_00138
43,5,GF_00139
43,5,GF_00141
43,5,GF_00142
43,5,GF_00143
43,5,GF_00155
43,5,GF_00164
43,5,GF_00170
43,5,GF_00175
43,5,GF_00178
43,5,GF_00179
43,5,GF_00180
43,5,GF_00185
43,5,GF_00208
43,5,GF_00220
43,5,GF_00228
43,5,GF_00229
43,5,GF_00235
43,5,GF_00244
43,5,GF_00250
43,5,GF_00251
43,5,GF_00262
43,5,GF_00281
43,5,GF_00290
43,5,GF_00296
43,5,GF_00300
43,5,GF_00302
43,5,GF_00303
43,5,GF_00305
43,5,GF_00309
43,5,GF_00311
43,5,GF_00312
43,5,GF_00313
43,5,GF_00314
43,5,GF_00315
43,5,GF_00316
43,5,GF_00317
43,5,GF_00318
43,5,GF_00319
43,5,GF_00320
43,5,GF_00321
43,5,GF_00323
43,5,GF_00324
43,5,GF_00325
43,5,GF_00326
43,5,GF_00327
43,5,GF_00329
43,5,GF_00330
43,5,GF_00331
43,5,GF_00332
43,5,GF_00333
43,5,GF_00335
43,5,GF_00336
43,5,GF_00340
43,5,GF_00341
43,5,GF_00342
43,5,GF_00343
43,5,GF_00344
43,5,GF_00346
43,5,GF_00347
43,5,GF_00348
43,5,GF_00349
43,5,GF_00350
43,5,GF_00351
43,5,GF_00352
43,5,GF_00353
43,5,GF_00355
43,5,GF_00358
43,5,GF_00360
43,5,GF_00362
43,5,GF_00363
43,5,GF_00364
43,5,GF_00365
43,5,GF_00369
43,5,GF_00381
43,5,GF_00384
43,5,GF_00385
43,5,GF_00386
43,5,GF_00387
43,5,GF_00388
43,5,GF_00389
43,5,GF_00390
43,5,GF_00391
43,5,GF_00393
43,5,GF_00394
43,5,GF_00395
43,5,GF_00396
43,5,GF_00400
43,5,GF_00401
43,5,GF_00402
43,5,GF_00403
43,5,GF_00404
43,5,GF_00405
43,5,GF_00406
43,5,GF_00407
43,5,GF_00408
43,5,GF_00409
43,5,GF_00410
43,5,GF_00413
43,5,GF_00414
43,5,GF_00415
43,5,GF_00417
43,5,GF_00422
43,5,GF_00424
43,5,GF_00426
43,5,GF_00427
43,5,GF_00428
43,5,GF_00429
43,5,GF_00430
43,5,GF_00431
43,5,GF_00432
43,5,GF_00433
43,5,GF_00434
43,5,GF_00435
43,5,GF_00436
43,5,GF_00437
43,5,GF_00438
43,5,GF_00440
43,5,GF_00441
43,5,GF_00455
43,5,GF_00457
43,5,GF_00458
43,5,GF_00471
43,5,GF_00477
43,5,GF_00480
43,5,GF_00482
43,5,GF_00488
43,5,GF_00489
43,5,GF_00503
43,5,GF_00522
43,5,GF_00523
43,5,GF_00524
43,5,GF_00525
43,5,GF_00527
43,5,GF_00528
43,5,GF_00529
43,5,GF_00530
43,5,GF_00531
43,5,GF_00536
43,5,GF_00538
43,5,GF_00546
43,5,GF_00547
43,5,GF_00548
43,5,GF_00549
43,5,GF_00564
43,5,GF_00565
43,5,GF_00566
43,5,GF_00569
43,5,GF_00570
43,5,GF_00580
43,5,GF_00588
43,5,GF_00594
43,5,GF_00595
43,5,GF_00599
43,5,GF_00600
43,5,GF_00601
43,5,GF_00603
43,5,GF_00604
43,5,GF_00605
43,5,GF_00606
43,5,GF_00607
43,5,GF_00608
43,5,GF_00609
43,5,GF_00611
43,5,GF_00612
43,5,GF_00613
43,5,GF_00614
43,5,GF_00615
43,5,GF_00616
43,5,GF_00617
43,5,GF_00618
43,5,GF_00619
43,5,GF_00620
43,5,GF_00621
43,5,GF_00622
43,5,GF_00623
43,5,GF_00624
43,5,GF_00632
43,5,GF_00633
43,5,GF_00635
43,5,GF_00636
43,5,GF_00637
43,5,GF_00638
43,5,GF_00642
43,5,GF_00643
43,5,GF_00655
43,5,GF_00658
43,5,GF_00661
43,5,GF_00669
43,5,GF_00681
43,5,GF_00682
43,5,GF_00683
43,5,GF_00684
43,5,GF_00687
43,5,GF_00688
43,5,GF_00699
43,5,GF_00702
43,5,GF_00709
43,5,GF_00723
43,5,GF_00724
43,5,GF_00725
43,5,GF_00726
43,5,GF_00727
43,5,GF_00728
43,5,GF_00729
43,5,GF_00736
43,5,GF_00740
43,5,GF_00741
43,5,GF_00744
43,5,GF_00751
43,5,GF_00755
43,5,GF_00756
43,5,GF_00761
43,5,GF_00771
43,5,GF_00773
43,5,GF_00776
43,5,GF_00777
43,5,GF_00785
43,5,GF_00796
43,5,GF_00810
43,5,GF_00811
43,5,GF_00813
43,5,GF_00814
43,5,GF_00816
43,5,GF_00819
43,5,GF_00828
43,5,GF_00843
43,5,GF_00845
43,5,GF_00856
43,5,GF_00857
43,5,GF_00860
43,5,GF_00864
43,5,GF_00866
43,5,GF_00867
43,5,GF_00868
43,5,GF_00869
43,5,GF_00870
43,5,GF_00873
43,5,GF_00874
43,5,GF_00887
43,5,GF_00888
43,5,GF_00895
43,5,GF_00916
43,5,GF_00927
43,5,GF_00931
43,5,GF_00932
43,5,GF_00933
43,5,GF_00946
43,5,GF_00947
43,5,GF_00949
43,5,GF_00957
43,5,GF_00958
43,5,GF_00960
43,5,GF_00963
43,5,GF_00966
43,5,GF_00968
43,5,GF_00969
43,5,GF_00970
43,5,GF_00971
43,5,GF_00972
43,5,GF_00982
43,5,GF_01004
43,5,GF_01005
43,5,GF_01012
43,5,GF_01026
43,5,GF_01028
43,5,GF_01054
43,5,GF_01230
43,5,GF_01231
43,5,GF_01233
43,5,GF_01234
43,5,GF_01235
43,5,GF_01236
43,5,GF_01237
43,5,GF_01239
43,5,GF_01240
43,5,GF_01241
43,5,GF_01242
43,5,GF_01245
43,5,GF_01246
43,5,GF_01247
43,5,GF_01248
43,5,GF_01266
43,5,GF_01287
43,5,GF_01290
43,5,GF_01291
43,5,GF_01292
43,5,GF_01293
43,5,GF_01297
43,5,GF_01306
43,5,GF_01314
43,5,GF_01315
43,5,GF_01327
43,5,GF_01329
43,5,GF_01330
43,5,GF_01331
43,5,GF_01332
43,5,GF_01333
43,5,GF_01334
43,5,GF_01336
43,5,GF_01337
43,5,GF_01338
43,5,GF_01359
43,5,GF_01372
43,5,GF_01374
43,5,GF_01375
43,5,GF_01376
43,5,GF_01377
43,5,GF_01379
43,5,GF_01381
43,5,GF_01382
43,5,GF_01383
43,5,GF_01385
43,5,GF_01386
43,5,GF_01387
43,5,GF_01390
43,5,GF_01391
43,5,GF_01393
43,5,GF_01394
43,5,GF_01395
43,5,GF_01396
43,5,GF_01397
43,5,GF_01399
43,5,GF_01400
43,5,GF_01401
43,5,GF_01404
43,5,GF_01409
43,5,GF_01425
43,5,GF_01426
43,5,GF_01428
43,5,GF_01439
43,5,GF_01445
43,5,GF_01446
43,5,GF_01447
43,5,GF_01448
43,5,GF_01449
43,5,GF_01456
43,5,GF_01458
43,5,GF_01460
43,5,GF_01461
43,5,GF_01462
43,5,GF_01466
43,5,GF_01477
43,5,GF_01479
43,5,GF_01481
43,5,GF_01487
43,5,GF_01502
43,5,GF_01504
43,5,GF_01512
43,5,GF_01514
43,5,GF_01527
43,5,GF_01534
43,5,GF_01536
43,5,GF_01537
43,5,GF_01538
43,5,GF_01539
43,5,GF_01540
43,5,GF_01541
43,5,GF_01542
43,5,GF_01543
43,5,GF_01544
43,5,GF_01547
43,5,GF_01549
43,5,GF_01552
43,5,GF_01553
43,5,GF_01579
43,5,GF_01580
43,5,GF_01583
43,5,GF_01584
43,5,GF_01591
43,5,GF_01592
43,5,GF_01617
43,5,GF_01618
43,5,GF_01619
43,5,GF_01620
43,5,GF_01621
43,5,GF_01623
43,5,GF_01625
43,5,GF_01626
43,5,GF_01627
43,5,GF_01628
43,5,GF_01629
43,5,GF_01635
43,5,GF_01636
43,5,GF_01637
43,5,GF_01638
43,5,GF_01641
43,5,GF_01648
43,5,GF_01659
43,5,GF_01661
43,5,GF_01673
43,5,GF_01674
43,5,GF_01675
43,5,GF_01676
43,5,GF_01677
43,5,GF_01678
43,5,GF_01679
43,5,GF_01680
43,5,GF_01681
43,5,GF_01683
43,5,GF_01684
43,5,GF_01685
43,5,GF_01688
43,5,GF_01689
43,5,GF_01690
43,5,GF_01691
43,5,GF_01692
43,5,GF_01693
43,5,GF_01732
43,5,GF_01733
43,5,GF_01734
43,5,GF_01735
43,5,GF_01736
43,5,GF_01737
43,5,GF_01741
43,5,GF_01742
43,5,GF_01745
43,5,GF_01763
43,5,GF_01770
43,5,GF_01783
43,5,GF_01799
43,5,GF_01801
43,5,GF_01802
43,5,GF_01803
43,5,GF_01805
43,5,GF_01806
43,5,GF_01807
43,5,GF_01808
43,5,GF_01809
43,5,GF_01810
43,5,GF_01811
43,5,GF_01812
43,5,GF_01813
43,5,GF_01814
43,5,GF_01815
43,5,GF_01816
43,5,GF_01818
43,5,GF_01819
43,5,GF_01822
43,5,GF_01834
43,5,GF_01836
43,5,GF_01837
43,5,GF_01840
43,5,GF_01841
43,5,GF_01842
43,5,GF_01844
43,5,GF_01856
43,5,GF_01860
43,5,GF_01870
43,5,GF_01872
43,5,GF_01874
43,5,GF_01885
43,5,GF_01897
43,5,GF_01898
43,5,GF_01899
43,5,GF_01900
43,5,GF_01902
43,5,GF_01904
43,5,GF_01919
43,5,GF_01921
43,5,GF_01923
43,5,GF_01926
43,5,GF_01927
43,5,GF_01928
43,5,GF_01929
43,5,GF_01930
43,5,GF_01945
43,5,GF_02041
43,5,GF_02059
43,5,GF_02060
43,5,GF_02069
43,5,GF_02070
43,5,GF_02071
43,5,GF_02072
43,5,GF_02074
43,5,GF_02075
43,5,GF_02076
43,5,GF_02084
43,5,GF_02085
43,5,GF_02086
43,5,GF_02088
43,5,GF_02089
43,5,GF_02091
43,5,GF_02092
43,5,GF_02093
43,5,GF_02094
43,5,GF_02101
43,5,GF_02109
43,5,GF_02110
43,5,GF_02113
43,5,GF_02122
43,5,GF_02130
43,5,GF_02131
43,5,GF_02136
43,5,GF_02137
43,5,GF_02138
43,5,GF_02139
43,5,GF_02140
43,5,GF_02141
43,5,GF_02142
43,5,GF_02143
43,5,GF_02145
43,5,GF_02152
43,5,GF_02157
43,5,GF_02158
43,5,GF_02168
43,5,GF_02172
43,5,GF_02178
43,5,GF_02180
43,5,GF_02184
43,5,GF_02215
43,5,GF_02216
43,5,GF_02217
43,5,GF_02218
43,5,GF_02219
43,5,GF_02220
43,5,GF_02222
43,5,GF_02223
43,5,GF_02224
43,5,GF_02225
43,5,GF_02226
43,5,GF_02227
43,5,GF_02228
43,5,GF_02229
43,5,GF_02230
43,5,GF_02260
43,5,GF_02261
43,5,GF_02262
43,5,GF_02263
43,5,GF_02264
43,5,GF_02266
44,1,GF_00002
44,1,GF_00008
44,1,GF_00011
44,1,GF_00012
44,1,GF_00013
44,1,GF_00015
44,1,GF_00016
44,1,GF_00017
44,1,GF_00018
44,1,GF_00036
44,1,GF_00043
44,1,GF_00044
44,1,GF_00046
44,1,GF_00047
44,1,GF_00048
44,1,GF_00049
44,1,GF_00051
44,1,GF_00052
44,1,GF_00072
44,1,GF_00073
44,1,GF_00075
44,1,GF_00076
44,1,GF_00078
44,1,GF_00079
44,1,GF_00080
44,1,GF_00081
44,1,GF_00082
44,1,GF_00083
44,1,GF_00084
44,1,GF_00085
44,1,GF_00087
44,1,GF_00088
44,1,GF_00093
44,1,GF_00094
44,1,GF_00104
44,1,GF_00105
44,1,GF_00106
44,1,GF_00107
44,1,GF_00108
44,1,GF_00109
44,1,GF_00110
44,1,GF_00111
44,1,GF_00112
44,1,GF_00113
44,1,GF_00114
44,1,GF_00115
44,1,GF_00116
44,1,GF_00117
44,1,GF_00119
44,1,GF_00120
44,1,GF_00121
44,1,GF_00122
44,1,GF_00124
44,1,GF_00125
44,1,GF_00136
44,1,GF_00137
44,1,GF_00138
44,1,GF_00139
44,1,GF_00141
44,1,GF_00143
44,1,GF_00164
44,1,GF_00170
44,1,GF_00175
44,1,GF_00178
44,1,GF_00179
44,1,GF_00180
44,1,GF_00185
44,1,GF_00208
44,1,GF_00220
44,1,GF_00228
44,1,GF_00229
44,1,GF_00235
44,1,GF_00244
44,1,GF_00250
44,1,GF_00251
44,1,GF_00262
44,1,GF_00281
44,1,GF_00290
44,1,GF_00296
44,1,GF_00300
44,1,GF_00302
44,1,GF_00303
44,1,GF_00305
44,1,GF_00309
44,1,GF_00310
44,1,GF_00311
44,1,GF_00312
44,1,GF_00313
44,1,GF_00314
44,1,GF_00315
44,1,GF_00316
44,1,GF_00317
44,1,GF_00318
44,1,GF_00319
44,1,GF_00320
44,1,GF_00321
44,1,GF_00322
44,1,GF_00323
44,1,GF_00324
44,1,GF_00325
44,1,GF_00326
44,1,GF_00327
44,1,GF_00329
44,1,GF_00330
44,1,GF_00331
44,1,GF_00332
44,1,GF_00333
44,1,GF_00335
44,1,GF_00336
44,1,GF_00337
44,1,GF_00338
44,1,GF_00339
44,1,GF_00340
44,1,GF_00341
44,1,GF_00342
44,1,GF_00343
44,1,GF_00344
44,1,GF_00346
44,1,GF_00347
44,1,GF_00348
44,1,GF_00349
44,1,GF_00350
44,1,GF_00351
44,1,GF_00352
44,1,GF_00353
44,1,GF_00355
44,1,GF_00358
44,1,GF_00360
44,1,GF_00362
44,1,GF_00363
44,1,GF_00364
44,1,GF_00365
44,1,GF_00369
44,1,GF_00381
44,1,GF_00384
44,1,GF_00385
44,1,GF_00386
44,1,GF_00387
44,1,GF_00388
44,1,GF_00389
44,1,GF_00390
44,1,GF_00391
44,1,GF_00393
44,1,GF_00394
44,1,GF_00395
44,1,GF_00396
44,1,GF_00400
44,1,GF_00401
44,1,GF_00402
44,1,GF_00403
44,1,GF_00404
44,1,GF_00405
44,1,GF_00406
44,1,GF_00407
44,1,GF_00408
44,1,GF_00409
44,1,GF_00410
44,1,GF_00413
44,1,GF_00414
44,1,GF_00415
44,1,GF_00417
44,1,GF_00418
44,1,GF_00419
44,1,GF_00421
44,1,GF_00422
44,1,GF_00424
44,1,GF_00426
44,1,GF_00427
44,1,GF_00428
44,1,GF_00429
44,1,GF_00430
44,1,GF_00431
44,1,GF_00432
44,1,GF_00433
44,1,GF_00434
44,1,GF_00435
44,1,GF_00436
44,1,GF_00437
44,1,GF_00438
44,1,GF_00440
44,1,GF_00441
44,1,GF_00455
44,1,GF_00457
44,1,GF_00458
44,1,GF_00459
44,1,GF_00460
44,1,GF_00471
44,1,GF_00472
44,1,GF_00480
44,1,GF_00482
44,1,GF_00488
44,1,GF_00489
44,1,GF_00491
44,1,GF_00503
44,1,GF_00522
44,1,GF_00523
44,1,GF_00524
44,1,GF_00527
44,1,GF_00529
44,1,GF_00530
44,1,GF_00531
44,1,GF_00536
44,1,GF_00538
44,1,GF_00546
44,1,GF_00547
44,1,GF_00548
44,1,GF_00549
44,1,GF_00550
44,1,GF_00564
44,1,GF_00565
44,1,GF_00566
44,1,GF_00569
44,1,GF_00570
44,1,GF_00572
44,1,GF_00574
44,1,GF_00578
44,1,GF_00580
44,1,GF_00594
44,1,GF_00595
44,1,GF_00596
44,1,GF_00599
44,1,GF_00600
44,1,GF_00601
44,1,GF_00602
44,1,GF_00603
44,1,GF_00604
44,1,GF_00605
44,1,GF_00606
44,1,GF_00607
44,1,GF_00608
44,1,GF_00609
44,1,GF_00611
44,1,GF_00612
44,1,GF_00613
44,1,GF_00614
44,1,GF_00615
44,1,GF_00616
44,1,GF_00617
44,1,GF_00618
44,1,GF_00619
44,1,GF_00620
44,1,GF_00621
44,1,GF_00622
44,1,GF_00623
44,1,GF_00624
44,1,GF_00632
44,1,GF_00633
44,1,GF_00634
44,1,GF_00635
44,1,GF_00636
44,1,GF_00637
44,1,GF_00638
44,1,GF_00640
44,1,GF_00641
44,1,GF_00642
44,1,GF_00643
44,1,GF_00655
44,1,GF_00658
44,1,GF_00659
44,1,GF_00661
44,1,GF_00669
44,1,GF_00676
44,1,GF_00680
44,1,GF_00681
44,1,GF_00682
44,1,GF_00683
44,1,GF_00684
44,1,GF_00685
44,1,GF_00686
44,1,GF_00687
44,1,GF_00688
44,1,GF_00695
44,1,GF_00699
44,1,GF_00702
44,1,GF_00709
44,1,GF_00722
44,1,GF_00723
44,1,GF_00724
44,1,GF_00725
44,1,GF_00726
44,1,GF_00727
44,1,GF_00728
44,1,GF_00729
44,1,GF_00732
44,1,GF_00736
44,1,GF_00740
44,1,GF_00741
44,1,GF_00744
44,1,GF_00749
44,1,GF_00751
44,1,GF_00755
44,1,GF_00756
44,1,GF_00761
44,1,GF_00771
44,1,GF_00773
44,1,GF_00776
44,1,GF_00777
44,1,GF_00785
44,1,GF_00796
44,1,GF_00810
44,1,GF_00811
44,1,GF_00813
44,1,GF_00814
44,1,GF_00815
44,1,GF_00816
44,1,GF_00819
44,1,GF_00828
44,1,GF_00845
44,1,GF_00856
44,1,GF_00857
44,1,GF_00864
44,1,GF_00865
44,1,GF_00866
44,1,GF_00867
44,1,GF_00868
44,1,GF_00869
44,1,GF_00870
44,1,GF_00871
44,1,GF_00872
44,1,GF_00873
44,1,GF_00874
44,1,GF_00887
44,1,GF_00888
44,1,GF_00895
44,1,GF_00916
44,1,GF_00931
44,1,GF_00932
44,1,GF_00933
44,1,GF_00946
44,1,GF_00949
44,1,GF_00957
44,1,GF_00958
44,1,GF_00959
44,1,GF_00960
44,1,GF_00966
44,1,GF_00967
44,1,GF_00968
44,1,GF_00969
44,1,GF_00970
44,1,GF_00971
44,1,GF_00972
44,1,GF_00982
44,1,GF_01005
44,1,GF_01012
44,1,GF_01026
44,1,GF_01027
44,1,GF_01028
44,1,GF_01054
44,1,GF_01230
44,1,GF_01231
44,1,GF_01232
44,1,GF_01233
44,1,GF_01234
44,1,GF_01235
44,1,GF_01236
44,1,GF_01237
44,1,GF_01239
44,1,GF_01240
44,1,GF_01241
44,1,GF_01242
44,1,GF_01244
44,1,GF_01245
44,1,GF_01246
44,1,GF_01247
44,1,GF_01248
44,1,GF_01266
44,1,GF_01287
44,1,GF_01290
44,1,GF_01291
44,1,GF_01292
44,1,GF_01293
44,1,GF_01297
44,1,GF_01306
44,1,GF_01314
44,1,GF_01315
44,1,GF_01327
44,1,GF_01328
44,1,GF_01329
44,1,GF_01330
44,1,GF_01331
44,1,GF_01332
44,1,GF_01333
44,1,GF_01334
44,1,GF_01335
44,1,GF_01336
44,1,GF_01337
44,1,GF_01338
44,1,GF_01357
44,1,GF_01372
44,1,GF_01373
44,1,GF_01374
44,1,GF_01375
44,1,GF_01376
44,1,GF_01377
44,1,GF_01379
44,1,GF_01381
44,1,GF_01382
44,1,GF_01383
44,1,GF_01385
44,1,GF_01386
44,1,GF_01387
44,1,GF_01390
44,1,GF_01391
44,1,GF_01392
44,1,GF_01393
44,1,GF_01394
44,1,GF_01395
44,1,GF_01396
44,1,GF_01397
44,1,GF_01398
44,1,GF_01399
44,1,GF_01400
44,1,GF_01401
44,1,GF_01404
44,1,GF_01409
44,1,GF_01425
44,1,GF_01426
44,1,GF_01428
44,1,GF_01439
44,1,GF_01445
44,1,GF_01446
44,1,GF_01447
44,1,GF_01448
44,1,GF_01449
44,1,GF_01456
44,1,GF_01458
44,1,GF_01460
44,1,GF_01461
44,1,GF_01462
44,1,GF_01466
44,1,GF_01476
44,1,GF_01477
44,1,GF_01478
44,1,GF_01479
44,1,GF_01480
44,1,GF_01481
44,1,GF_01487
44,1,GF_01502
44,1,GF_01504
44,1,GF_01512
44,1,GF_01514
44,1,GF_01527
44,1,GF_01535
44,1,GF_01536
44,1,GF_01537
44,1,GF_01538
44,1,GF_01539
44,1,GF_01540
44,1,GF_01541
44,1,GF_01542
44,1,GF_01543
44,1,GF_01544
44,1,GF_01547
44,1,GF_01549
44,1,GF_01550
44,1,GF_01552
44,1,GF_01553
44,1,GF_01579
44,1,GF_01580
44,1,GF_01583
44,1,GF_01584
44,1,GF_01591
44,1,GF_01592
44,1,GF_01616
44,1,GF_01617
44,1,GF_01618
44,1,GF_01619
44,1,GF_01620
44,1,GF_01621
44,1,GF_01622
44,1,GF_01623
44,1,GF_01625
44,1,GF_01626
44,1,GF_01627
44,1,GF_01628
44,1,GF_01629
44,1,GF_01630
44,1,GF_01634
44,1,GF_01635
44,1,GF_01636
44,1,GF_01637
44,1,GF_01638
44,1,GF_01639
44,1,GF_01643
44,1,GF_01648
44,1,GF_01661
44,1,GF_01672
44,1,GF_01673
44,1,GF_01674
44,1,GF_01675
44,1,GF_01676
44,1,GF_01677
44,1,GF_01678
44,1,GF_01679
44,1,GF_01680
44,1,GF_01681
44,1,GF_01683
44,1,GF_01684
44,1,GF_01685
44,1,GF_01688
44,1,GF_01689
44,1,GF_01690
44,1,GF_01691
44,1,GF_01692
44,1,GF_01693
44,1,GF_01732
44,1,GF_01733
44,1,GF_01734
44,1,GF_01735
44,1,GF_01736
44,1,GF_01737
44,1,GF_01740
44,1,GF_01741
44,1,GF_01742
44,1,GF_01763
44,1,GF_01783
44,1,GF_01799
44,1,GF_01801
44,1,GF_01802
44,1,GF_01803
44,1,GF_01805
44,1,GF_01806
44,1,GF_01807
44,1,GF_01808
44,1,GF_01809
44,1,GF_01810
44,1,GF_01811
44,1,GF_01812
44,1,GF_01813
44,1,GF_01815
44,1,GF_01816
44,1,GF_01818
44,1,GF_01819
44,1,GF_01822
44,1,GF_01823
44,1,GF_01834
44,1,GF_01836
44,1,GF_01837
44,1,GF_01840
44,1,GF_01841
44,1,GF_01842
44,1,GF_01844
44,1,GF_01856
44,1,GF_01860
44,1,GF_01866
44,1,GF_01870
44,1,GF_01885
44,1,GF_01896
44,1,GF_01897
44,1,GF_01898
44,1,GF_01899
44,1,GF_01900
44,1,GF_01901
44,1,GF_01902
44,1,GF_01904
44,1,GF_01919
44,1,GF_01921
44,1,GF_01923
44,1,GF_01925
44,1,GF_01926
44,1,GF_01927
44,1,GF_01928
44,1,GF_01929
44,1,GF_01930
44,1,GF_01945
44,1,GF_02041
44,1,GF_02060
44,1,GF_02069
44,1,GF_02070
44,1,GF_02071
44,1,GF_02072
44,1,GF_02074
44,1,GF_02075
44,1,GF_02076
44,1,GF_02084
44,1,GF_02085
44,1,GF_02086
44,1,GF_02088
44,1,GF_02089
44,1,GF_02091
44,1,GF_02092
44,1,GF_02093
44,1,GF_02094
44,1,GF_02101
44,1,GF_02109
44,1,GF_02110
44,1,GF_02113
44,1,GF_02122
44,1,GF_02130
44,1,GF_02131
44,1,GF_02132
44,1,GF_02134
44,1,GF_02136
44,1,GF_02137
44,1,GF_02138
44,1,GF_02139
44,1,GF_02140
44,1,GF_02144
44,1,GF_02145
44,1,GF_02152
44,1,GF_02157
44,1,GF_02158
44,1,GF_02159
44,1,GF_02172
44,1,GF_02178
44,1,GF_02180
44,1,GF_02184
44,1,GF_02194
44,1,GF_02215
44,1,GF_02216
44,1,GF_02217
44,1,GF_02218
44,1,GF_02219
44,1,GF_02220
44,1,GF_02222
44,1,GF_02223
44,1,GF_02224
44,1,GF_02225
44,1,GF_02226
44,1,GF_02227
44,1,GF_02228
44,1,GF_02229
44,1,GF_02230
44,1,GF_02260
44,1,GF_02261
44,1,GF_02262
44,1,GF_02263
44,1,GF_02264
44,1,GF_02265
44,1,GF_02266
44,2,GF_00002
44,2,GF_00008
44,2,GF_00011
44,2,GF_00012
44,2,GF_00013
44,2,GF_00014
44,2,GF_00015
44,2,GF_00017
44,2,GF_00018
44,2,GF_00036
44,2,GF_00043
44,2,GF_00044
44,2,GF_00046
44,2,GF_00047
44,2,GF_00048
44,2,GF_00049
44,2,GF_00050
44,2,GF_00051
44,2,GF_00052
44,2,GF_00071
44,2,GF_00072
44,2,GF_00073
44,2,GF_00074
44,2,GF_00075
44,2,GF_00076
44,2,GF_00077
44,2,GF_00078
44,2,GF_00079
44,2,GF_00080
44,2,GF_00081
44,2,GF_00082
44,2,GF_00083
44,2,GF_00084
44,2,GF_00085
44,2,GF_00086
44,2,GF_00087
44,2,GF_00088
44,2,GF_00093
44,2,GF_00094
44,2,GF_00104
44,2,GF_00105
44,2,GF_00106
44,2,GF_00107
44,2,GF_00108
44,2,GF_00109
44,2,GF_00111
44,2,GF_00112
44,2,GF_00113
44,2,GF_00114
44,2,GF_00115
44,2,GF_00116
44,2,GF_00117
44,2,GF_00120
44,2,GF_00121
44,2,GF_00122
44,2,GF_00123
44,2,GF_00124
44,2,GF_00125
44,2,GF_00136
44,2,GF_00137
44,2,GF_00138
44,2,GF_00139
44,2,GF_00141
44,2,GF_00142
44,2,GF_00143
44,2,GF_00155
44,2,GF_00164
44,2,GF_00170
44,2,GF_00175
44,2,GF_00178
44,2,GF_00179
44,2,GF_00180
44,2,GF_00185
44,2,GF_00205
44,2,GF_00214
44,2,GF_00219
44,2,GF_00220
44,2,GF_00228
44,2,GF_00229
44,2,GF_00235
44,2,GF_00238
44,2,GF_00244
44,2,GF_00248
44,2,GF_00250
44,2,GF_00251
44,2,GF_00262
44,2,GF_00267
44,2,GF_00275
44,2,GF_00281
44,2,GF_00282
44,2,GF_00290
44,2,GF_00296
44,2,GF_00300
44,2,GF_00302
44,2,GF_00303
44,2,GF_00305
44,2,GF_00307
44,2,GF_00309
44,2,GF_00311
44,2,GF_00312
44,2,GF_00313
44,2,GF_00314
44,2,GF_00315
44,2,GF_00316
44,2,GF_00317
44,2,GF_00318
44,2,GF_00319
44,2,GF_00320
44,2,GF_00321
44,2,GF_00323
44,2,GF_00324
44,2,GF_00325
44,2,GF_00326
44,2,GF_00327
44,2,GF_00329
44,2,GF_00330
44,2,GF_00331
44,2,GF_00332
44,2,GF_00333
44,2,GF_00335
44,2,GF_00336
44,2,GF_00338
44,2,GF_00339
44,2,GF_00340
44,2,GF_00341
44,2,GF_00342
44,2,GF_00343
44,2,GF_00344
44,2,GF_00345
44,2,GF_00346
44,2,GF_00347
44,2,GF_00348
44,2,GF_00349
44,2,GF_00350
44,2,GF_00351
44,2,GF_00352
44,2,GF_00353
44,2,GF_00355
44,2,GF_00356
44,2,GF_00357
44,2,GF_00358
44,2,GF_00359
44,2,GF_00360
44,2,GF_00361
44,2,GF_00362
44,2,GF_00363
44,2,GF_00364
44,2,GF_00365
44,2,GF_00369
44,2,GF_00377
44,2,GF_00378
44,2,GF_00379
44,2,GF_00381
44,2,GF_00384
44,2,GF_00385
44,2,GF_00386
44,2,GF_00387
44,2,GF_00388
44,2,GF_00389
44,2,GF_00390
44,2,GF_00391
44,2,GF_00392
44,2,GF_00393
44,2,GF_00394
44,2,GF_00395
44,2,GF_00396
44,2,GF_00398
44,2,GF_00399
44,2,GF_00400
44,2,GF_00401
44,2,GF_00402
44,2,GF_00403
44,2,GF_00404
44,2,GF_00405
44,2,GF_00406
44,2,GF_00407
44,2,GF_00408
44,2,GF_00409
44,2,GF_00410
44,2,GF_00411
44,2,GF_00412
44,2,GF_00413
44,2,GF_00414
44,2,GF_00415
44,2,GF_00416
44,2,GF_00417
44,2,GF_00418
44,2,GF_00419
44,2,GF_00420
44,2,GF_00421
44,2,GF_00422
44,2,GF_00424
44,2,GF_00425
44,2,GF_00426
44,2,GF_00427
44,2,GF_00428
44,2,GF_00429
44,2,GF_00430
44,2,GF_00431
44,2,GF_00432
44,2,GF_00433
44,2,GF_00434
44,2,GF_00435
44,2,GF_00436
44,2,GF_00437
44,2,GF_00438
44,2,GF_00440
44,2,GF_00441
44,2,GF_00448
44,2,GF_00449
44,2,GF_00455
44,2,GF_00457
44,2,GF_00465
44,2,GF_00470
44,2,GF_00471
44,2,GF_00472
44,2,GF_00474
44,2,GF_00477
44,2,GF_00479
44,2,GF_00480
44,2,GF_00482
44,2,GF_00483
44,2,GF_00484
44,2,GF_00488
44,2,GF_00489
44,2,GF_00491
44,2,GF_00492
44,2,GF_00503
44,2,GF_00522
44,2,GF_00523
44,2,GF_00524
44,2,GF_00525
44,2,GF_00527
44,2,GF_00528
44,2,GF_00529
44,2,GF_00530
44,2,GF_00531
44,2,GF_00536
44,2,GF_00538
44,2,GF_00539
44,2,GF_00546
44,2,GF_00547
44,2,GF_00548
44,2,GF_00549
44,2,GF_00564
44,2,GF_00565
44,2,GF_00566
44,2,GF_00567
44,2,GF_00569
44,2,GF_00570
44,2,GF_00572
44,2,GF_00574
44,2,GF_00578
44,2,GF_00580
44,2,GF_00588
44,2,GF_00591
44,2,GF_00593
44,2,GF_00594
44,2,GF_00595
44,2,GF_00599
44,2,GF_00600
44,2,GF_00601
44,2,GF_00602
44,2,GF_00603
44,2,GF_00604
44,2,GF_00605
44,2,GF_00606
44,2,GF_00607
44,2,GF_00608
44,2,GF_00609
44,2,GF_00611
44,2,GF_00612
44,2,GF_00613
44,2,GF_00614
44,2,GF_00615
44,2,GF_00616
44,2,GF_00617
44,2,GF_00618
44,2,GF_00619
44,2,GF_00620
44,2,GF_00621
44,2,GF_00622
44,2,GF_00623
44,2,GF_00624
44,2,GF_00632
44,2,GF_00633
44,2,GF_00635
44,2,GF_00636
44,2,GF_00637
44,2,GF_00638
44,2,GF_00640
44,2,GF_00641
44,2,GF_00642
44,2,GF_00643
44,2,GF_00644
44,2,GF_00647
44,2,GF_00648
44,2,GF_00651
44,2,GF_00653
44,2,GF_00655
44,2,GF_00658
44,2,GF_00659
44,2,GF_00660
44,2,GF_00661
44,2,GF_00666
44,2,GF_00669
44,2,GF_00675
44,2,GF_00676
44,2,GF_00679
44,2,GF_00681
44,2,GF_00682
44,2,GF_00683
44,2,GF_00684
44,2,GF_00686
44,2,GF_00687
44,2,GF_00688
44,2,GF_00694
44,2,GF_00695
44,2,GF_00699
44,2,GF_00702
44,2,GF_00704
44,2,GF_00707
44,2,GF_00708
44,2,GF_00709
44,2,GF_00717
44,2,GF_00722
44,2,GF_00723
44,2,GF_00724
44,2,GF_00725
44,2,GF_00726
44,2,GF_00727
44,2,GF_00728
44,2,GF_00729
44,2,GF_00732
44,2,GF_00735
44,2,GF_00736
44,2,GF_00737
44,2,GF_00740
44,2,GF_00741
44,2,GF_00744
44,2,GF_00749
44,2,GF_00751
44,2,GF_00755
44,2,GF_00756
44,2,GF_00761
44,2,GF_00770
44,2,GF_00771
44,2,GF_00773
44,2,GF_00776
44,2,GF_00777
44,2,GF_00778
44,2,GF_00785
44,2,GF_00791
44,2,GF_00793
44,2,GF_00796
44,2,GF_00810
44,2,GF_00811
44,2,GF_00813
44,2,GF_00814
44,2,GF_00816
44,2,GF_00819
44,2,GF_00826
44,2,GF_00827
44,2,GF_00828
44,2,GF_00843
44,2,GF_00845
44,2,GF_00846
44,2,GF_00856
44,2,GF_00857
44,2,GF_00860
44,2,GF_00864
44,2,GF_00866
44,2,GF_00867
44,2,GF_00868
44,2,GF_00869
44,2,GF_00870
44,2,GF_00871
44,2,GF_00872
44,2,GF_00873
44,2,GF_00874
44,2,GF_00887
44,2,GF_00888
44,2,GF_00889
44,2,GF_00893
44,2,GF_00895
44,2,GF_00916
44,2,GF_00917
44,2,GF_00918
44,2,GF_00920
44,2,GF_00927
44,2,GF_00931
44,2,GF_00932
44,2,GF_00933
44,2,GF_00934
44,2,GF_00940
44,2,GF_00946
44,2,GF_00947
44,2,GF_00948
44,2,GF_00949
44,2,GF_00952
44,2,GF_00957
44,2,GF_00958
44,2,GF_00959
44,2,GF_00960
44,2,GF_00963
44,2,GF_00964
44,2,GF_00966
44,2,GF_00968
44,2,GF_00969
44,2,GF_00970
44,2,GF_00971
44,2,GF_00972
44,2,GF_00982
44,2,GF_00987
44,2,GF_00992
44,2,GF_00994
44,2,GF_01004
44,2,GF_01005
44,2,GF_01007
44,2,GF_01012
44,2,GF_01013
44,2,GF_01016
44,2,GF_01018
44,2,GF_01026
44,2,GF_01027
44,2,GF_01028
44,2,GF_01034
44,2,GF_01054
44,2,GF_01230
44,2,GF_01231
44,2,GF_01232
44,2,GF_01233
44,2,GF_01234
44,2,GF_01235
44,2,GF_01236
44,2,GF_01237
44,2,GF_01238
44,2,GF_01239
44,2,GF_01240
44,2,GF_01241
44,2,GF_01242
44,2,GF_01243
44,2,GF_01244
44,2,GF_01245
44,2,GF_01246
44,2,GF_01247
44,2,GF_01248
44,2,GF_01253
44,2,GF_01257
44,2,GF_01266
44,2,GF_01278
44,2,GF_01279
44,2,GF_01282
44,2,GF_01287
44,2,GF_01290
44,2,GF_01291
44,2,GF_01292
44,2,GF_01293
44,2,GF_01297
44,2,GF_01303
44,2,GF_01306
44,2,GF_01308
44,2,GF_01312
44,2,GF_01314
44,2,GF_01315
44,2,GF_01327
44,2,GF_01328
44,2,GF_01329
44,2,GF_01330
44,2,GF_01331
44,2,GF_01332
44,2,GF_01333
44,2,GF_01334
44,2,GF_01336
44,2,GF_01337
44,2,GF_01338
44,2,GF_01350
44,2,GF_01356
44,2,GF_01357
44,2,GF_01359
44,2,GF_01365
44,2,GF_01366
44,2,GF_01369
44,2,GF_01370
44,2,GF_01371
44,2,GF_01372
44,2,GF_01373
44,2,GF_01374
44,2,GF_01375
44,2,GF_01376
44,2,GF_01377
44,2,GF_01378
44,2,GF_01379
44,2,GF_01380
44,2,GF_01381
44,2,GF_01382
44,2,GF_01383
44,2,GF_01384
44,2,GF_01385
44,2,GF_01386
44,2,GF_01387
44,2,GF_01388
44,2,GF_01389
44,2,GF_01390
44,2,GF_01391
44,2,GF_01393
44,2,GF_01394
44,2,GF_01395
44,2,GF_01396
44,2,GF_01397
44,2,GF_01398
44,2,GF_01399
44,2,GF_01400
44,2,GF_01401
44,2,GF_01403
44,2,GF_01404
44,2,GF_01405
44,2,GF_01407
44,2,GF_01408
44,2,GF_01409
44,2,GF_01411
44,2,GF_01418
44,2,GF_01425
44,2,GF_01426
44,2,GF_01427
44,2,GF_01428
44,2,GF_01439
44,2,GF_01445
44,2,GF_01446
44,2,GF_01447
44,2,GF_01448
44,2,GF_01449
44,2,GF_01456
44,2,GF_01457
44,2,GF_01458
44,2,GF_01459
44,2,GF_01460
44,2,GF_01461
44,2,GF_01462
44,2,GF_01464
44,2,GF_01466
44,2,GF_01469
44,2,GF_01472
44,2,GF_01476
44,2,GF_01477
44,2,GF_01479
44,2,GF_01480
44,2,GF_01482
44,2,GF_01485
44,2,GF_01487
44,2,GF_01488
44,2,GF_01489
44,2,GF_01492
44,2,GF_01494
44,2,GF_01495
44,2,GF_01497
44,2,GF_01502
44,2,GF_01504
44,2,GF_01510
44,2,GF_01512
44,2,GF_01514
44,2,GF_01516
44,2,GF_01518
44,2,GF_01527
44,2,GF_01534
44,2,GF_01535
44,2,GF_01536
44,2,GF_01537
44,2,GF_01538
44,2,GF_01539
44,2,GF_01540
44,2,GF_01541
44,2,GF_01542
44,2,GF_01543
44,2,GF_01544
44,2,GF_01545
44,2,GF_01546
44,2,GF_01547
44,2,GF_01548
44,2,GF_01549
44,2,GF_01550
44,2,GF_01552
44,2,GF_01553
44,2,GF_01579
44,2,GF_01580
44,2,GF_01583
44,2,GF_01584
44,2,GF_01587
44,2,GF_01588
44,2,GF_01591
44,2,GF_01592
44,2,GF_01598
44,2,GF_01609
44,2,GF_01616
44,2,GF_01617
44,2,GF_01618
44,2,GF_01619
44,2,GF_01620
44,2,GF_01621
44,2,GF_01623
44,2,GF_01625
44,2,GF_01626
44,2,GF_01627
44,2,GF_01628
44,2,GF_01629
44,2,GF_01631
44,2,GF_01633
44,2,GF_01634
44,2,GF_01635
44,2,GF_01636
44,2,GF_01637
44,2,GF_01638
44,2,GF_01639
44,2,GF_01640
44,2,GF_01641
44,2,GF_01642
44,2,GF_01643
44,2,GF_01644
44,2,GF_01645
44,2,GF_01646
44,2,GF_01647
44,2,GF_01648
44,2,GF_01649
44,2,GF_01654
44,2,GF_01659
44,2,GF_01661
44,2,GF_01670
44,2,GF_01672
44,2,GF_01673
44,2,GF_01674
44,2,GF_01675
44,2,GF_01676
44,2,GF_01677
44,2,GF_01678
44,2,GF_01679
44,2,GF_01680
44,2,GF_01681
44,2,GF_01682
44,2,GF_01683
44,2,GF_01684
44,2,GF_01685
44,2,GF_01687
44,2,GF_01688
44,2,GF_01689
44,2,GF_01690
44,2,GF_01691
44,2,GF_01692
44,2,GF_01693
44,2,GF_01732
44,2,GF_01733
44,2,GF_01734
44,2,GF_01735
44,2,GF_01736
44,2,GF_01737
44,2,GF_01740
44,2,GF_01741
44,2,GF_01742
44,2,GF_01745
44,2,GF_01752
44,2,GF_01762
44,2,GF_01763
44,2,GF_01764
44,2,GF_01767
44,2,GF_01770
44,2,GF_01782
44,2,GF_01783
44,2,GF_01799
44,2,GF_01801
44,2,GF_01802
44,2,GF_01803
44,2,GF_01805
44,2,GF_01806
44,2,GF_01807
44,2,GF_01808
44,2,GF_01809
44,2,GF_01810
44,2,GF_01811
44,2,GF_01812
44,2,GF_01813
44,2,GF_01814
44,2,GF_01815
44,2,GF_01816
44,2,GF_01817
44,2,GF_01818
44,2,GF_01819
44,2,GF_01822
44,2,GF_01823
44,2,GF_01824
44,2,GF_01825
44,2,GF_01828
44,2,GF_01830
44,2,GF_01834
44,2,GF_01836
44,2,GF_01837
44,2,GF_01840
44,2,GF_01841
44,2,GF_01842
44,2,GF_01844
44,2,GF_01850
44,2,GF_01856
44,2,GF_01857
44,2,GF_01860
44,2,GF_01862
44,2,GF_01866
44,2,GF_01870
44,2,GF_01872
44,2,GF_01874
44,2,GF_01875
44,2,GF_01878
44,2,GF_01879
44,2,GF_01885
44,2,GF_01888
44,2,GF_01889
44,2,GF_01897
44,2,GF_01898
44,2,GF_01899
44,2,GF_01900
44,2,GF_01901
44,2,GF_01902
44,2,GF_01904
44,2,GF_01918
44,2,GF_01919
44,2,GF_01921
44,2,GF_01925
44,2,GF_01926
44,2,GF_01927
44,2,GF_01928
44,2,GF_01929
44,2,GF_01930
44,2,GF_01945
44,2,GF_02059
44,2,GF_02060
44,2,GF_02069
44,2,GF_02070
44,2,GF_02071
44,2,GF_02072
44,2,GF_02074
44,2,GF_02075
44,2,GF_02076
44,2,GF_02081
44,2,GF_02084
44,2,GF_02085
44,2,GF_02086
44,2,GF_02087
44,2,GF_02088
44,2,GF_02089
44,2,GF_02090
44,2,GF_02091
44,2,GF_02092
44,2,GF_02093
44,2,GF_02094
44,2,GF_02101
44,2,GF_02109
44,2,GF_02110
44,2,GF_02111
44,2,GF_02113
44,2,GF_02120
44,2,GF_02122
44,2,GF_02130
44,2,GF_02131
44,2,GF_02136
44,2,GF_02137
44,2,GF_02138
44,2,GF_02139
44,2,GF_02140
44,2,GF_02141
44,2,GF_02142
44,2,GF_02143
44,2,GF_02145
44,2,GF_02152
44,2,GF_02155
44,2,GF_02157
44,2,GF_02158
44,2,GF_02159
44,2,GF_02165
44,2,GF_02167
44,2,GF_02168
44,2,GF_02169
44,2,GF_02172
44,2,GF_02178
44,2,GF_02180
44,2,GF_02184
44,2,GF_02189
44,2,GF_02192
44,2,GF_02194
44,2,GF_02215
44,2,GF_02216
44,2,GF_02217
44,2,GF_02218
44,2,GF_02219
44,2,GF_02220
44,2,GF_02222
44,2,GF_02223
44,2,GF_02224
44,2,GF_02225
44,2,GF_02226
44,2,GF_02227
44,2,GF_02228
44,2,GF_02229
44,2,GF_02230
44,2,GF_02260
44,2,GF_02261
44,2,GF_02262
44,2,GF_02263
44,2,GF_02264
44,2,GF_02266
44,3,GF_00008
44,3,GF_00012
44,3,GF_00013
44,3,GF_00014
44,3,GF_00015
44,3,GF_00017
44,3,GF_00018
44,3,GF_00036
44,3,GF_00043
44,3,GF_00044
44,3,GF_00046
44,3,GF_00047
44,3,GF_00048
44,3,GF_00049
44,3,GF_00051
44,3,GF_00052
44,3,GF_00071
44,3,GF_00072
44,3,GF_00073
44,3,GF_00074
44,3,GF_00075
44,3,GF_00077
44,3,GF_00078
44,3,GF_00079
44,3,GF_00080
44,3,GF_00081
44,3,GF_00082
44,3,GF_00083
44,3,GF_00084
44,3,GF_00085
44,3,GF_00087
44,3,GF_00088
44,3,GF_00093
44,3,GF_00094
44,3,GF_00104
44,3,GF_00105
44,3,GF_00106
44,3,GF_00107
44,3,GF_00108
44,3,GF_00109
44,3,GF_00111
44,3,GF_00112
44,3,GF_00113
44,3,GF_00114
44,3,GF_00115
44,3,GF_00116
44,3,GF_00117
44,3,GF_00120
44,3,GF_00121
44,3,GF_00122
44,3,GF_00123
44,3,GF_00124
44,3,GF_00125
44,3,GF_00136
44,3,GF_00137
44,3,GF_00138
44,3,GF_00139
44,3,GF_00141
44,3,GF_00143
44,3,GF_00155
44,3,GF_00164
44,3,GF_00170
44,3,GF_00175
44,3,GF_00178
44,3,GF_00179
44,3,GF_00180
44,3,GF_00208
44,3,GF_00220
44,3,GF_00228
44,3,GF_00229
44,3,GF_00235
44,3,GF_00244
44,3,GF_00251
44,3,GF_00262
44,3,GF_00281
44,3,GF_00290
44,3,GF_00296
44,3,GF_00300
44,3,GF_00302
44,3,GF_00303
44,3,GF_00309
44,3,GF_00311
44,3,GF_00312
44,3,GF_00313
44,3,GF_00314
44,3,GF_00315
44,3,GF_00316
44,3,GF_00317
44,3,GF_00318
44,3,GF_00319
44,3,GF_00320
44,3,GF_00321
44,3,GF_00323
44,3,GF_00324
44,3,GF_00325
44,3,GF_00326
44,3,GF_00327
44,3,GF_00330
44,3,GF_00331
44,3,GF_00332
44,3,GF_00333
44,3,GF_00335
44,3,GF_00336
44,3,GF_00338
44,3,GF_00340
44,3,GF_00341
44,3,GF_00342
44,3,GF_00343
44,3,GF_00344
44,3,GF_00346
44,3,GF_00347
44,3,GF_00348
44,3,GF_00349
44,3,GF_00350
44,3,GF_00352
44,3,GF_00353
44,3,GF_00358
44,3,GF_00360
44,3,GF_00362
44,3,GF_00363
44,3,GF_00364
44,3,GF_00365
44,3,GF_00369
44,3,GF_00381
44,3,GF_00384
44,3,GF_00385
44,3,GF_00386
44,3,GF_00387
44,3,GF_00388
44,3,GF_00389
44,3,GF_00391
44,3,GF_00393
44,3,GF_00394
44,3,GF_00395
44,3,GF_00396
44,3,GF_00400
44,3,GF_00401
44,3,GF_00402
44,3,GF_00403
44,3,GF_00404
44,3,GF_00405
44,3,GF_00406
44,3,GF_00407
44,3,GF_00408
44,3,GF_00409
44,3,GF_00410
44,3,GF_00413
44,3,GF_00414
44,3,GF_00415
44,3,GF_00417
44,3,GF_00418
44,3,GF_00419
44,3,GF_00421
44,3,GF_00422
44,3,GF_00424
44,3,GF_00426
44,3,GF_00427
44,3,GF_00428
44,3,GF_00429
44,3,GF_00430
44,3,GF_00431
44,3,GF_00432
44,3,GF_00433
44,3,GF_00434
44,3,GF_00435
44,3,GF_00436
44,3,GF_00437
44,3,GF_00438
44,3,GF_00440
44,3,GF_00441
44,3,GF_00455
44,3,GF_00457
44,3,GF_00458
44,3,GF_00471
44,3,GF_00472
44,3,GF_00477
44,3,GF_00480
44,3,GF_00482
44,3,GF_00488
44,3,GF_00503
44,3,GF_00522
44,3,GF_00523
44,3,GF_00524
44,3,GF_00525
44,3,GF_00527
44,3,GF_00528
44,3,GF_00529
44,3,GF_00530
44,3,GF_00531
44,3,GF_00536
44,3,GF_00538
44,3,GF_00546
44,3,GF_00547
44,3,GF_00548
44,3,GF_00549
44,3,GF_00564
44,3,GF_00565
44,3,GF_00566
44,3,GF_00569
44,3,GF_00570
44,3,GF_00572
44,3,GF_00574
44,3,GF_00578
44,3,GF_00580
44,3,GF_00588
44,3,GF_00594
44,3,GF_00595
44,3,GF_00600
44,3,GF_00601
44,3,GF_00603
44,3,GF_00604
44,3,GF_00605
44,3,GF_00606
44,3,GF_00607
44,3,GF_00608
44,3,GF_00609
44,3,GF_00611
44,3,GF_00612
44,3,GF_00613
44,3,GF_00614
44,3,GF_00615
44,3,GF_00617
44,3,GF_00618
44,3,GF_00619
44,3,GF_00620
44,3,GF_00621
44,3,GF_00622
44,3,GF_00623
44,3,GF_00624
44,3,GF_00632
44,3,GF_00633
44,3,GF_00635
44,3,GF_00636
44,3,GF_00637
44,3,GF_00638
44,3,GF_00640
44,3,GF_00641
44,3,GF_00642
44,3,GF_00643
44,3,GF_00655
44,3,GF_00658
44,3,GF_00661
44,3,GF_00669
44,3,GF_00676
44,3,GF_00681
44,3,GF_00684
44,3,GF_00687
44,3,GF_00688
44,3,GF_00695
44,3,GF_00702
44,3,GF_00709
44,3,GF_00722
44,3,GF_00723
44,3,GF_00724
44,3,GF_00725
44,3,GF_00726
44,3,GF_00727
44,3,GF_00728
44,3,GF_00729
44,3,GF_00732
44,3,GF_00736
44,3,GF_00740
44,3,GF_00741
44,3,GF_00744
44,3,GF_00751
44,3,GF_00755
44,3,GF_00756
44,3,GF_00761
44,3,GF_00771
44,3,GF_00773
44,3,GF_00776
44,3,GF_00777
44,3,GF_00785
44,3,GF_00796
44,3,GF_00810
44,3,GF_00811
44,3,GF_00813
44,3,GF_00814
44,3,GF_00816
44,3,GF_00819
44,3,GF_00828
44,3,GF_00843
44,3,GF_00845
44,3,GF_00856
44,3,GF_00857
44,3,GF_00860
44,3,GF_00864
44,3,GF_00866
44,3,GF_00868
44,3,GF_00869
44,3,GF_00870
44,3,GF_00873
44,3,GF_00874
44,3,GF_00888
44,3,GF_00895
44,3,GF_00916
44,3,GF_00927
44,3,GF_00931
44,3,GF_00933
44,3,GF_00946
44,3,GF_00947
44,3,GF_00949
44,3,GF_00957
44,3,GF_00958
44,3,GF_00960
44,3,GF_00963
44,3,GF_00966
44,3,GF_00968
44,3,GF_00969
44,3,GF_00970
44,3,GF_00971
44,3,GF_00972
44,3,GF_00982
44,3,GF_01004
44,3,GF_01005
44,3,GF_01012
44,3,GF_01026
44,3,GF_01027
44,3,GF_01028
44,3,GF_01054
44,3,GF_01230
44,3,GF_01231
44,3,GF_01233
44,3,GF_01234
44,3,GF_01235
44,3,GF_01236
44,3,GF_01237
44,3,GF_01239
44,3,GF_01240
44,3,GF_01241
44,3,GF_01242
44,3,GF_01245
44,3,GF_01246
44,3,GF_01247
44,3,GF_01248
44,3,GF_01266
44,3,GF_01287
44,3,GF_01290
44,3,GF_01291
44,3,GF_01292
44,3,GF_01293
44,3,GF_01297
44,3,GF_01306
44,3,GF_01314
44,3,GF_01315
44,3,GF_01327
44,3,GF_01328
44,3,GF_01329
44,3,GF_01330
44,3,GF_01331
44,3,GF_01332
44,3,GF_01333
44,3,GF_01334
44,3,GF_01336
44,3,GF_01337
44,3,GF_01338
44,3,GF_01359
44,3,GF_01372
44,3,GF_01374
44,3,GF_01375
44,3,GF_01376
44,3,GF_01377
44,3,GF_01379
44,3,GF_01381
44,3,GF_01382
44,3,GF_01383
44,3,GF_01385
44,3,GF_01386
44,3,GF_01387
44,3,GF_01390
44,3,GF_01391
44,3,GF_01393
44,3,GF_01394
44,3,GF_01395
44,3,GF_01396
44,3,GF_01397
44,3,GF_01399
44,3,GF_01400
44,3,GF_01401
44,3,GF_01404
44,3,GF_01409
44,3,GF_01425
44,3,GF_01426
44,3,GF_01428
44,3,GF_01439
44,3,GF_01445
44,3,GF_01446
44,3,GF_01447
44,3,GF_01448
44,3,GF_01449
44,3,GF_01456
44,3,GF_01458
44,3,GF_01460
44,3,GF_01461
44,3,GF_01462
44,3,GF_01466
44,3,GF_01476
44,3,GF_01477
44,3,GF_01479
44,3,GF_01480
44,3,GF_01481
44,3,GF_01487
44,3,GF_01502
44,3,GF_01504
44,3,GF_01512
44,3,GF_01527
44,3,GF_01534
44,3,GF_01536
44,3,GF_01538
44,3,GF_01539
44,3,GF_01540
44,3,GF_01541
44,3,GF_01542
44,3,GF_01544
44,3,GF_01547
44,3,GF_01549
44,3,GF_01552
44,3,GF_01553
44,3,GF_01579
44,3,GF_01580
44,3,GF_01583
44,3,GF_01584
44,3,GF_01591
44,3,GF_01592
44,3,GF_01616
44,3,GF_01617
44,3,GF_01618
44,3,GF_01619
44,3,GF_01620
44,3,GF_01621
44,3,GF_01623
44,3,GF_01625
44,3,GF_01626
44,3,GF_01627
44,3,GF_01628
44,3,GF_01629
44,3,GF_01634
44,3,GF_01636
44,3,GF_01637
44,3,GF_01638
44,3,GF_01641
44,3,GF_01648
44,3,GF_01659
44,3,GF_01661
44,3,GF_01672
44,3,GF_01673
44,3,GF_01674
44,3,GF_01675
44,3,GF_01676
44,3,GF_01677
44,3,GF_01678
44,3,GF_01679
44,3,GF_01680
44,3,GF_01681
44,3,GF_01683
44,3,GF_01684
44,3,GF_01685
44,3,GF_01688
44,3,GF_01689
44,3,GF_01690
44,3,GF_01691
44,3,GF_01692
44,3,GF_01693
44,3,GF_01732
44,3,GF_01733
44,3,GF_01734
44,3,GF_01735
44,3,GF_01736
44,3,GF_01737
44,3,GF_01740
44,3,GF_01741
44,3,GF_01742
44,3,GF_01745
44,3,GF_01763
44,3,GF_01783
44,3,GF_01799
44,3,GF_01802
44,3,GF_01803
44,3,GF_01805
44,3,GF_01806
44,3,GF_01807
44,3,GF_01808
44,3,GF_01809
44,3,GF_01810
44,3,GF_01811
44,3,GF_01812
44,3,GF_01813
44,3,GF_01814
44,3,GF_01815
44,3,GF_01816
44,3,GF_01818
44,3,GF_01819
44,3,GF_01822
44,3,GF_01823
44,3,GF_01834
44,3,GF_01836
44,3,GF_01837
44,3,GF_01840
44,3,GF_01841
44,3,GF_01844
44,3,GF_01856
44,3,GF_01860
44,3,GF_01866
44,3,GF_01870
44,3,GF_01872
44,3,GF_01885
44,3,GF_01897
44,3,GF_01898
44,3,GF_01899
44,3,GF_01900
44,3,GF_01902
44,3,GF_01904
44,3,GF_01919
44,3,GF_01921
44,3,GF_01923
44,3,GF_01925
44,3,GF_01926
44,3,GF_01927
44,3,GF_01928
44,3,GF_01929
44,3,GF_01930
44,3,GF_01945
44,3,GF_02041
44,3,GF_02059
44,3,GF_02060
44,3,GF_02069
44,3,GF_02070
44,3,GF_02071
44,3,GF_02072
44,3,GF_02074
44,3,GF_02075
44,3,GF_02076
44,3,GF_02084
44,3,GF_02085
44,3,GF_02088
44,3,GF_02089
44,3,GF_02091
44,3,GF_02092
44,3,GF_02093
44,3,GF_02094
44,3,GF_02101
44,3,GF_02109
44,3,GF_02110
44,3,GF_02113
44,3,GF_02122
44,3,GF_02130
44,3,GF_02131
44,3,GF_02132
44,3,GF_02136
44,3,GF_02137
44,3,GF_02138
44,3,GF_02139
44,3,GF_02140
44,3,GF_02141
44,3,GF_02142
44,3,GF_02143
44,3,GF_02145
44,3,GF_02152
44,3,GF_02157
44,3,GF_02158
44,3,GF_02159
44,3,GF_02172
44,3,GF_02178
44,3,GF_02180
44,3,GF_02184
44,3,GF_02215
44,3,GF_02216
44,3,GF_02217
44,3,GF_02218
44,3,GF_02219
44,3,GF_02220
44,3,GF_02222
44,3,GF_02223
44,3,GF_02224
44,3,GF_02225
44,3,GF_02226
44,3,GF_02227
44,3,GF_02228
44,3,GF_02229
44,3,GF_02230
44,3,GF_02260
44,3,GF_02261
44,3,GF_02262
44,3,GF_02263
44,3,GF_02264
44,3,GF_02266
44,4,GF_00002
44,4,GF_00011
44,4,GF_00012
44,4,GF_00013
44,4,GF_00014
44,4,GF_00015
44,4,GF_00017
44,4,GF_00018
44,4,GF_00035
44,4,GF_00043
44,4,GF_00044
44,4,GF_00046
44,4,GF_00047
44,4,GF_00048
44,4,GF_00049
44,4,GF_00051
44,4,GF_00052
44,4,GF_00072
44,4,GF_00073
44,4,GF_00074
44,4,GF_00075
44,4,GF_00077
44,4,GF_00078
44,4,GF_00079
44,4,GF_00080
44,4,GF_00081
44,4,GF_00082
44,4,GF_00083
44,4,GF_00084
44,4,GF_00085
44,4,GF_00087
44,4,GF_00088
44,4,GF_00093
44,4,GF_00094
44,4,GF_00104
44,4,GF_00105
44,4,GF_00106
44,4,GF_00107
44,4,GF_00108
44,4,GF_00111
44,4,GF_00112
44,4,GF_00114
44,4,GF_00115
44,4,GF_00116
44,4,GF_00117
44,4,GF_00120
44,4,GF_00121
44,4,GF_00122
44,4,GF_00123
44,4,GF_00124
44,4,GF_00125
44,4,GF_00136
44,4,GF_00137
44,4,GF_00138
44,4,GF_00139
44,4,GF_00141
44,4,GF_00143
44,4,GF_00155
44,4,GF_00164
44,4,GF_00170
44,4,GF_00175
44,4,GF_00178
44,4,GF_00179
44,4,GF_00180
44,4,GF_00185
44,4,GF_00208
44,4,GF_00220
44,4,GF_00228
44,4,GF_00229
44,4,GF_00244
44,4,GF_00251
44,4,GF_00262
44,4,GF_00281
44,4,GF_00290
44,4,GF_00296
44,4,GF_00300
44,4,GF_00302
44,4,GF_00303
44,4,GF_00305
44,4,GF_00309
44,4,GF_00311
44,4,GF_00312
44,4,GF_00313
44,4,GF_00314
44,4,GF_00315
44,4,GF_00316
44,4,GF_00317
44,4,GF_00318
44,4,GF_00319
44,4,GF_00320
44,4,GF_00321
44,4,GF_00323
44,4,GF_00324
44,4,GF_00325
44,4,GF_00326
44,4,GF_00327
44,4,GF_00329
44,4,GF_00330
44,4,GF_00331
44,4,GF_00332
44,4,GF_00333
44,4,GF_00335
44,4,GF_00336
44,4,GF_00338
44,4,GF_00340
44,4,GF_00341
44,4,GF_00342
44,4,GF_00343
44,4,GF_00344
44,4,GF_00346
44,4,GF_00347
44,4,GF_00348
44,4,GF_00349
44,4,GF_00350
44,4,GF_00351
44,4,GF_00352
44,4,GF_00353
44,4,GF_00358
44,4,GF_00360
44,4,GF_00362
44,4,GF_00363
44,4,GF_00364
44,4,GF_00365
44,4,GF_00369
44,4,GF_00381
44,4,GF_00384
44,4,GF_00385
44,4,GF_00386
44,4,GF_00387
44,4,GF_00388
44,4,GF_00390
44,4,GF_00391
44,4,GF_00393
44,4,GF_00394
44,4,GF_00395
44,4,GF_00396
44,4,GF_00400
44,4,GF_00401
44,4,GF_00402
44,4,GF_00404
44,4,GF_00405
44,4,GF_00406
44,4,GF_00407
44,4,GF_00409
44,4,GF_00410
44,4,GF_00413
44,4,GF_00414
44,4,GF_00415
44,4,GF_00417
44,4,GF_00418
44,4,GF_00422
44,4,GF_00424
44,4,GF_00426
44,4,GF_00427
44,4,GF_00428
44,4,GF_00429
44,4,GF_00430
44,4,GF_00431
44,4,GF_00432
44,4,GF_00433
44,4,GF_00434
44,4,GF_00435
44,4,GF_00436
44,4,GF_00438
44,4,GF_00440
44,4,GF_00441
44,4,GF_00455
44,4,GF_00457
44,4,GF_00458
44,4,GF_00471
44,4,GF_00477
44,4,GF_00480
44,4,GF_00482
44,4,GF_00488
44,4,GF_00489
44,4,GF_00503
44,4,GF_00522
44,4,GF_00523
44,4,GF_00524
44,4,GF_00525
44,4,GF_00527
44,4,GF_00528
44,4,GF_00529
44,4,GF_00530
44,4,GF_00531
44,4,GF_00536
44,4,GF_00538
44,4,GF_00546
44,4,GF_00547
44,4,GF_00548
44,4,GF_00549
44,4,GF_00564
44,4,GF_00565
44,4,GF_00566
44,4,GF_00569
44,4,GF_00570
44,4,GF_00578
44,4,GF_00580
44,4,GF_00588
44,4,GF_00594
44,4,GF_00595
44,4,GF_00599
44,4,GF_00600
44,4,GF_00601
44,4,GF_00603
44,4,GF_00604
44,4,GF_00605
44,4,GF_00606
44,4,GF_00607
44,4,GF_00608
44,4,GF_00609
44,4,GF_00611
44,4,GF_00612
44,4,GF_00613
44,4,GF_00614
44,4,GF_00615
44,4,GF_00616
44,4,GF_00617
44,4,GF_00618
44,4,GF_00619
44,4,GF_00620
44,4,GF_00621
44,4,GF_00622
44,4,GF_00623
44,4,GF_00624
44,4,GF_00632
44,4,GF_00633
44,4,GF_00634
44,4,GF_00635
44,4,GF_00636
44,4,GF_00637
44,4,GF_00640
44,4,GF_00641
44,4,GF_00642
44,4,GF_00643
44,4,GF_00655
44,4,GF_00658
44,4,GF_00661
44,4,GF_00669
44,4,GF_00676
44,4,GF_00681
44,4,GF_00684
44,4,GF_00688
44,4,GF_00695
44,4,GF_00699
44,4,GF_00702
44,4,GF_00709
44,4,GF_00722
44,4,GF_00723
44,4,GF_00724
44,4,GF_00725
44,4,GF_00726
44,4,GF_00727
44,4,GF_00728
44,4,GF_00729
44,4,GF_00732
44,4,GF_00736
44,4,GF_00740
44,4,GF_00741
44,4,GF_00744
44,4,GF_00751
44,4,GF_00755
44,4,GF_00756
44,4,GF_00761
44,4,GF_00771
44,4,GF_00773
44,4,GF_00776
44,4,GF_00777
44,4,GF_00785
44,4,GF_00796
44,4,GF_00810
44,4,GF_00811
44,4,GF_00813
44,4,GF_00814
44,4,GF_00816
44,4,GF_00819
44,4,GF_00828
44,4,GF_00843
44,4,GF_00845
44,4,GF_00857
44,4,GF_00860
44,4,GF_00864
44,4,GF_00866
44,4,GF_00867
44,4,GF_00868
44,4,GF_00869
44,4,GF_00870
44,4,GF_00871
44,4,GF_00872
44,4,GF_00873
44,4,GF_00874
44,4,GF_00888
44,4,GF_00895
44,4,GF_00916
44,4,GF_00927
44,4,GF_00931
44,4,GF_00933
44,4,GF_00946
44,4,GF_00947
44,4,GF_00949
44,4,GF_00957
44,4,GF_00958
44,4,GF_00959
44,4,GF_00960
44,4,GF_00963
44,4,GF_00966
44,4,GF_00968
44,4,GF_00969
44,4,GF_00970
44,4,GF_00971
44,4,GF_00972
44,4,GF_00982
44,4,GF_01004
44,4,GF_01005
44,4,GF_01012
44,4,GF_01026
44,4,GF_01027
44,4,GF_01028
44,4,GF_01054
44,4,GF_01147
44,4,GF_01164
44,4,GF_01212
44,4,GF_01230
44,4,GF_01231
44,4,GF_01232
44,4,GF_01233
44,4,GF_01234
44,4,GF_01235
44,4,GF_01236
44,4,GF_01237
44,4,GF_01239
44,4,GF_01240
44,4,GF_01244
44,4,GF_01245
44,4,GF_01246
44,4,GF_01247
44,4,GF_01248
44,4,GF_01266
44,4,GF_01287
44,4,GF_01290
44,4,GF_01292
44,4,GF_01293
44,4,GF_01297
44,4,GF_01306
44,4,GF_01314
44,4,GF_01315
44,4,GF_01327
44,4,GF_01329
44,4,GF_01330
44,4,GF_01331
44,4,GF_01332
44,4,GF_01333
44,4,GF_01336
44,4,GF_01337
44,4,GF_01338
44,4,GF_01359
44,4,GF_01374
44,4,GF_01375
44,4,GF_01376
44,4,GF_01377
44,4,GF_01379
44,4,GF_01381
44,4,GF_01382
44,4,GF_01383
44,4,GF_01385
44,4,GF_01387
44,4,GF_01390
44,4,GF_01391
44,4,GF_01393
44,4,GF_01394
44,4,GF_01395
44,4,GF_01396
44,4,GF_01397
44,4,GF_01399
44,4,GF_01400
44,4,GF_01401
44,4,GF_01404
44,4,GF_01409
44,4,GF_01425
44,4,GF_01428
44,4,GF_01439
44,4,GF_01445
44,4,GF_01446
44,4,GF_01447
44,4,GF_01448
44,4,GF_01449
44,4,GF_01456
44,4,GF_01458
44,4,GF_01460
44,4,GF_01461
44,4,GF_01466
44,4,GF_01476
44,4,GF_01477
44,4,GF_01479
44,4,GF_01480
44,4,GF_01481
44,4,GF_01487
44,4,GF_01502
44,4,GF_01512
44,4,GF_01527
44,4,GF_01534
44,4,GF_01536
44,4,GF_01538
44,4,GF_01539
44,4,GF_01540
44,4,GF_01541
44,4,GF_01542
44,4,GF_01544
44,4,GF_01547
44,4,GF_01549
44,4,GF_01552
44,4,GF_01553
44,4,GF_01579
44,4,GF_01580
44,4,GF_01583
44,4,GF_01584
44,4,GF_01591
44,4,GF_01592
44,4,GF_01616
44,4,GF_01617
44,4,GF_01618
44,4,GF_01619
44,4,GF_01620
44,4,GF_01621
44,4,GF_01623
44,4,GF_01626
44,4,GF_01627
44,4,GF_01628
44,4,GF_01629
44,4,GF_01630
44,4,GF_01636
44,4,GF_01637
44,4,GF_01638
44,4,GF_01641
44,4,GF_01648
44,4,GF_01661
44,4,GF_01673
44,4,GF_01674
44,4,GF_01675
44,4,GF_01676
44,4,GF_01677
44,4,GF_01678
44,4,GF_01679
44,4,GF_01680
44,4,GF_01681
44,4,GF_01683
44,4,GF_01684
44,4,GF_01685
44,4,GF_01688
44,4,GF_01689
44,4,GF_01690
44,4,GF_01691
44,4,GF_01692
44,4,GF_01693
44,4,GF_01732
44,4,GF_01733
44,4,GF_01734
44,4,GF_01735
44,4,GF_01736
44,4,GF_01741
44,4,GF_01742
44,4,GF_01745
44,4,GF_01763
44,4,GF_01783
44,4,GF_01799
44,4,GF_01802
44,4,GF_01803
44,4,GF_01805
44,4,GF_01806
44,4,GF_01807
44,4,GF_01808
44,4,GF_01809
44,4,GF_01810
44,4,GF_01811
44,4,GF_01812
44,4,GF_01813
44,4,GF_01815
44,4,GF_01816
44,4,GF_01818
44,4,GF_01819
44,4,GF_01822
44,4,GF_01823
44,4,GF_01834
44,4,GF_01836
44,4,GF_01837
44,4,GF_01840
44,4,GF_01841
44,4,GF_01844
44,4,GF_01856
44,4,GF_01860
44,4,GF_01866
44,4,GF_01870
44,4,GF_01872
44,4,GF_01885
44,4,GF_01897
44,4,GF_01898
44,4,GF_01899
44,4,GF_01900
44,4,GF_01901
44,4,GF_01902
44,4,GF_01904
44,4,GF_01919
44,4,GF_01921
44,4,GF_01925
44,4,GF_01926
44,4,GF_01927
44,4,GF_01928
44,4,GF_01929
44,4,GF_01930
44,4,GF_01945
44,4,GF_02041
44,4,GF_02060
44,4,GF_02069
44,4,GF_02070
44,4,GF_02071
44,4,GF_02072
44,4,GF_02073
44,4,GF_02074
44,4,GF_02075
44,4,GF_02076
44,4,GF_02084
44,4,GF_02085
44,4,GF_02088
44,4,GF_02089
44,4,GF_02091
44,4,GF_02092
44,4,GF_02093
44,4,GF_02094
44,4,GF_02101
44,4,GF_02109
44,4,GF_02110
44,4,GF_02122
44,4,GF_02130
44,4,GF_02131
44,4,GF_02132
44,4,GF_02136
44,4,GF_02137
44,4,GF_02138
44,4,GF_02139
44,4,GF_02140
44,4,GF_02141
44,4,GF_02142
44,4,GF_02143
44,4,GF_02145
44,4,GF_02147
44,4,GF_02152
44,4,GF_02157
44,4,GF_02172
44,4,GF_02178
44,4,GF_02180
44,4,GF_02184
44,4,GF_02215
44,4,GF_02216
44,4,GF_02217
44,4,GF_02218
44,4,GF_02219
44,4,GF_02220
44,4,GF_02223
44,4,GF_02224
44,4,GF_02225
44,4,GF_02226
44,4,GF_02227
44,4,GF_02228
44,4,GF_02229
44,4,GF_02230
44,4,GF_02241
44,4,GF_02260
44,4,GF_02262
44,4,GF_02263
44,4,GF_02264
44,4,GF_02266
44,5,GF_00002
44,5,GF_00008
44,5,GF_00011
44,5,GF_00012
44,5,GF_00013
44,5,GF_00014
44,5,GF_00015
44,5,GF_00017
44,5,GF_00018
44,5,GF_00036
44,5,GF_00043
44,5,GF_00044
44,5,GF_00046
44,5,GF_00047
44,5,GF_00048
44,5,GF_00049
44,5,GF_00051
44,5,GF_00052
44,5,GF_00071
44,5,GF_00072
44,5,GF_00073
44,5,GF_00074
44,5,GF_00075
44,5,GF_00076
44,5,GF_00077
44,5,GF_00078
44,5,GF_00079
44,5,GF_00080
44,5,GF_00081
44,5,GF_00082
44,5,GF_00083
44,5,GF_00084
44,5,GF_00085
44,5,GF_00087
44,5,GF_00088
44,5,GF_00093
44,5,GF_00094
44,5,GF_00104
44,5,GF_00105
44,5,GF_00106
44,5,GF_00107
44,5,GF_00108
44,5,GF_00109
44,5,GF_00111
44,5,GF_00112
44,5,GF_00113
44,5,GF_00114
44,5,GF_00115
44,5,GF_00116
44,5,GF_00117
44,5,GF_00120
44,5,GF_00121
44,5,GF_00122
44,5,GF_00123
44,5,GF_00124
44,5,GF_00125
44,5,GF_00136
44,5,GF_00137
44,5,GF_00138
44,5,GF_00139
44,5,GF_00141
44,5,GF_00142
44,5,GF_00143
44,5,GF_00155
44,5,GF_00164
44,5,GF_00170
44,5,GF_00175
44,5,GF_00178
44,5,GF_00179
44,5,GF_00180
44,5,GF_00185
44,5,GF_00208
44,5,GF_00220
44,5,GF_00228
44,5,GF_00229
44,5,GF_00235
44,5,GF_00244
44,5,GF_00251
44,5,GF_00262
44,5,GF_00281
44,5,GF_00290
44,5,GF_00296
44,5,GF_00300
44,5,GF_00302
44,5,GF_00303
44,5,GF_00305
44,5,GF_00309
44,5,GF_00311
44,5,GF_00312
44,5,GF_00313
44,5,GF_00314
44,5,GF_00315
44,5,GF_00316
44,5,GF_00317
44,5,GF_00318
44,5,GF_00319
44,5,GF_00320
44,5,GF_00321
44,5,GF_00323
44,5,GF_00324
44,5,GF_00325
44,5,GF_00326
44,5,GF_00327
44,5,GF_00329
44,5,GF_00330
44,5,GF_00331
44,5,GF_00332
44,5,GF_00333
44,5,GF_00335
44,5,GF_00336
44,5,GF_00339
44,5,GF_00340
44,5,GF_00341
44,5,GF_00342
44,5,GF_00343
44,5,GF_00344
44,5,GF_00346
44,5,GF_00347
44,5,GF_00349
44,5,GF_00350
44,5,GF_00351
44,5,GF_00352
44,5,GF_00353
44,5,GF_00355
44,5,GF_00358
44,5,GF_00360
44,5,GF_00362
44,5,GF_00363
44,5,GF_00364
44,5,GF_00365
44,5,GF_00369
44,5,GF_00381
44,5,GF_00384
44,5,GF_00385
44,5,GF_00386
44,5,GF_00387
44,5,GF_00388
44,5,GF_00389
44,5,GF_00390
44,5,GF_00391
44,5,GF_00393
44,5,GF_00394
44,5,GF_00395
44,5,GF_00396
44,5,GF_00400
44,5,GF_00401
44,5,GF_00402
44,5,GF_00403
44,5,GF_00404
44,5,GF_00405
44,5,GF_00406
44,5,GF_00407
44,5,GF_00408
44,5,GF_00409
44,5,GF_00410
44,5,GF_00413
44,5,GF_00414
44,5,GF_00415
44,5,GF_00417
44,5,GF_00418
44,5,GF_00419
44,5,GF_00421
44,5,GF_00422
44,5,GF_00424
44,5,GF_00426
44,5,GF_00427
44,5,GF_00428
44,5,GF_00429
44,5,GF_00430
44,5,GF_00431
44,5,GF_00432
44,5,GF_00433
44,5,GF_00434
44,5,GF_00435
44,5,GF_00436
44,5,GF_00437
44,5,GF_00438
44,5,GF_00440
44,5,GF_00441
44,5,GF_00455
44,5,GF_00457
44,5,GF_00458
44,5,GF_00471
44,5,GF_00477
44,5,GF_00480
44,5,GF_00488
44,5,GF_00489
44,5,GF_00503
44,5,GF_00522
44,5,GF_00523
44,5,GF_00524
44,5,GF_00525
44,5,GF_00527
44,5,GF_00528
44,5,GF_00529
44,5,GF_00530
44,5,GF_00531
44,5,GF_00536
44,5,GF_00538
44,5,GF_00546
44,5,GF_00547
44,5,GF_00548
44,5,GF_00549
44,5,GF_00564
44,5,GF_00565
44,5,GF_00566
44,5,GF_00569
44,5,GF_00570
44,5,GF_00580
44,5,GF_00588
44,5,GF_00594
44,5,GF_00595
44,5,GF_00599
44,5,GF_00600
44,5,GF_00601
44,5,GF_00603
44,5,GF_00604
44,5,GF_00605
44,5,GF_00606
44,5,GF_00607
44,5,GF_00608
44,5,GF_00609
44,5,GF_00611
44,5,GF_00612
44,5,GF_00613
44,5,GF_00614
44,5,GF_00615
44,5,GF_00616
44,5,GF_00617
44,5,GF_00618
44,5,GF_00619
44,5,GF_00620
44,5,GF_00621
44,5,GF_00622
44,5,GF_00623
44,5,GF_00624
44,5,GF_00632
44,5,GF_00633
44,5,GF_00635
44,5,GF_00636
44,5,GF_00637
44,5,GF_00638
44,5,GF_00641
44,5,GF_00642
44,5,GF_00643
44,5,GF_00655
44,5,GF_00658
44,5,GF_00661
44,5,GF_00669
44,5,GF_00680
44,5,GF_00681
44,5,GF_00682
44,5,GF_00683
44,5,GF_00684
44,5,GF_00688
44,5,GF_00699
44,5,GF_00702
44,5,GF_00709
44,5,GF_00723
44,5,GF_00725
44,5,GF_00726
44,5,GF_00727
44,5,GF_00728
44,5,GF_00729
44,5,GF_00736
44,5,GF_00740
44,5,GF_00741
44,5,GF_00744
44,5,GF_00751
44,5,GF_00755
44,5,GF_00756
44,5,GF_00761
44,5,GF_00771
44,5,GF_00773
44,5,GF_00776
44,5,GF_00777
44,5,GF_00796
44,5,GF_00810
44,5,GF_00811
44,5,GF_00813
44,5,GF_00814
44,5,GF_00816
44,5,GF_00819
44,5,GF_00828
44,5,GF_00843
44,5,GF_00845
44,5,GF_00857
44,5,GF_00860
44,5,GF_00864
44,5,GF_00866
44,5,GF_00867
44,5,GF_00868
44,5,GF_00869
44,5,GF_00870
44,5,GF_00872
44,5,GF_00873
44,5,GF_00874
44,5,GF_00887
44,5,GF_00888
44,5,GF_00895
44,5,GF_00916
44,5,GF_00927
44,5,GF_00931
44,5,GF_00932
44,5,GF_00933
44,5,GF_00946
44,5,GF_00947
44,5,GF_00949
44,5,GF_00957
44,5,GF_00958
44,5,GF_00959
44,5,GF_00960
44,5,GF_00963
44,5,GF_00966
44,5,GF_00968
44,5,GF_00969
44,5,GF_00970
44,5,GF_00971
44,5,GF_00982
44,5,GF_01004
44,5,GF_01005
44,5,GF_01026
44,5,GF_01027
44,5,GF_01028
44,5,GF_01054
44,5,GF_01230
44,5,GF_01231
44,5,GF_01232
44,5,GF_01233
44,5,GF_01234
44,5,GF_01235
44,5,GF_01236
44,5,GF_01237
44,5,GF_01239
44,5,GF_01240
44,5,GF_01241
44,5,GF_01242
44,5,GF_01244
44,5,GF_01245
44,5,GF_01246
44,5,GF_01247
44,5,GF_01248
44,5,GF_01266
44,5,GF_01287
44,5,GF_01290
44,5,GF_01291
44,5,GF_01292
44,5,GF_01293
44,5,GF_01297
44,5,GF_01306
44,5,GF_01314
44,5,GF_01315
44,5,GF_01327
44,5,GF_01329
44,5,GF_01330
44,5,GF_01331
44,5,GF_01332
44,5,GF_01333
44,5,GF_01334
44,5,GF_01336
44,5,GF_01337
44,5,GF_01338
44,5,GF_01359
44,5,GF_01372
44,5,GF_01373
44,5,GF_01374
44,5,GF_01375
44,5,GF_01376
44,5,GF_01377
44,5,GF_01379
44,5,GF_01381
44,5,GF_01382
44,5,GF_01383
44,5,GF_01385
44,5,GF_01386
44,5,GF_01387
44,5,GF_01390
44,5,GF_01391
44,5,GF_01393
44,5,GF_01394
44,5,GF_01395
44,5,GF_01396
44,5,GF_01397
44,5,GF_01399
44,5,GF_01400
44,5,GF_01401
44,5,GF_01409
44,5,GF_01425
44,5,GF_01426
44,5,GF_01428
44,5,GF_01439
44,5,GF_01445
44,5,GF_01446
44,5,GF_01449
44,5,GF_01456
44,5,GF_01458
44,5,GF_01460
44,5,GF_01461
44,5,GF_01462
44,5,GF_01466
44,5,GF_01477
44,5,GF_01479
44,5,GF_01481
44,5,GF_01487
44,5,GF_01502
44,5,GF_01512
44,5,GF_01514
44,5,GF_01527
44,5,GF_01534
44,5,GF_01536
44,5,GF_01537
44,5,GF_01538
44,5,GF_01539
44,5,GF_01540
44,5,GF_01541
44,5,GF_01542
44,5,GF_01543
44,5,GF_01544
44,5,GF_01547
44,5,GF_01549
44,5,GF_01550
44,5,GF_01552
44,5,GF_01553
44,5,GF_01579
44,5,GF_01580
44,5,GF_01583
44,5,GF_01584
44,5,GF_01591
44,5,GF_01592
44,5,GF_01616
44,5,GF_01617
44,5,GF_01618
44,5,GF_01619
44,5,GF_01620
44,5,GF_01621
44,5,GF_01623
44,5,GF_01626
44,5,GF_01627
44,5,GF_01628
44,5,GF_01629
44,5,GF_01635
44,5,GF_01636
44,5,GF_01637
44,5,GF_01638
44,5,GF_01641
44,5,GF_01643
44,5,GF_01648
44,5,GF_01661
44,5,GF_01673
44,5,GF_01674
44,5,GF_01675
44,5,GF_01676
44,5,GF_01677
44,5,GF_01678
44,5,GF_01679
44,5,GF_01680
44,5,GF_01681
44,5,GF_01683
44,5,GF_01684
44,5,GF_01685
44,5,GF_01688
44,5,GF_01689
44,5,GF_01690
44,5,GF_01691
44,5,GF_01692
44,5,GF_01693
44,5,GF_01732
44,5,GF_01733
44,5,GF_01734
44,5,GF_01735
44,5,GF_01736
44,5,GF_01737
44,5,GF_01741
44,5,GF_01742
44,5,GF_01745
44,5,GF_01763
44,5,GF_01783
44,5,GF_01799
44,5,GF_01801
44,5,GF_01802
44,5,GF_01803
44,5,GF_01805
44,5,GF_01806
44,5,GF_01807
44,5,GF_01808
44,5,GF_01809
44,5,GF_01810
44,5,GF_01811
44,5,GF_01812
44,5,GF_01813
44,5,GF_01814
44,5,GF_01815
44,5,GF_01816
44,5,GF_01818
44,5,GF_01819
44,5,GF_01822
44,5,GF_01834
44,5,GF_01836
44,5,GF_01837
44,5,GF_01840
44,5,GF_01841
44,5,GF_01842
44,5,GF_01844
44,5,GF_01856
44,5,GF_01860
44,5,GF_01866
44,5,GF_01870
44,5,GF_01872
44,5,GF_01874
44,5,GF_01897
44,5,GF_01898
44,5,GF_01899
44,5,GF_01900
44,5,GF_01901
44,5,GF_01902
44,5,GF_01904
44,5,GF_01919
44,5,GF_01921
44,5,GF_01925
44,5,GF_01926
44,5,GF_01927
44,5,GF_01928
44,5,GF_01929
44,5,GF_01930
44,5,GF_01945
44,5,GF_02041
44,5,GF_02059
44,5,GF_02060
44,5,GF_02069
44,5,GF_02070
44,5,GF_02071
44,5,GF_02072
44,5,GF_02074
44,5,GF_02075
44,5,GF_02076
44,5,GF_02084
44,5,GF_02085
44,5,GF_02089
44,5,GF_02091
44,5,GF_02092
44,5,GF_02093
44,5,GF_02094
44,5,GF_02101
44,5,GF_02113
44,5,GF_02122
44,5,GF_02130
44,5,GF_02131
44,5,GF_02136
44,5,GF_02137
44,5,GF_02138
44,5,GF_02139
44,5,GF_02140
44,5,GF_02141
44,5,GF_02142
44,5,GF_02143
44,5,GF_02145
44,5,GF_02152
44,5,GF_02157
44,5,GF_02158
44,5,GF_02168
44,5,GF_02172
44,5,GF_02178
44,5,GF_02180
44,5,GF_02184
44,5,GF_02216
44,5,GF_02217
44,5,GF_02218
44,5,GF_02219
44,5,GF_02220
44,5,GF_02223
44,5,GF_02224
44,5,GF_02225
44,5,GF_02226
44,5,GF_02227
44,5,GF_02228
44,5,GF_02229
44,5,GF_02230
44,5,GF_02260
44,5,GF_02261
44,5,GF_02262
44,5,GF_02263
44,5,GF_02264
44,5,GF_02266
45,1,GF_00002
45,1,GF_00008
45,1,GF_00011
45,1,GF_00013
45,1,GF_00014
45,1,GF_00015
45,1,GF_00017
45,1,GF_00018
45,1,GF_00036
45,1,GF_00043
45,1,GF_00044
45,1,GF_00046
45,1,GF_00047
45,1,GF_00048
45,1,GF_00049
45,1,GF_00051
45,1,GF_00052
45,1,GF_00071
45,1,GF_00072
45,1,GF_00073
45,1,GF_00074
45,1,GF_00075
45,1,GF_00076
45,1,GF_00077
45,1,GF_00078
45,1,GF_00079
45,1,GF_00080
45,1,GF_00081
45,1,GF_00082
45,1,GF_00083
45,1,GF_00084
45,1,GF_00085
45,1,GF_00087
45,1,GF_00088
45,1,GF_00093
45,1,GF_00094
45,1,GF_00104
45,1,GF_00105
45,1,GF_00106
45,1,GF_00107
45,1,GF_00108
45,1,GF_00109
45,1,GF_00111
45,1,GF_00112
45,1,GF_00113
45,1,GF_00114
45,1,GF_00115
45,1,GF_00116
45,1,GF_00117
45,1,GF_00120
45,1,GF_00121
45,1,GF_00122
45,1,GF_00123
45,1,GF_00124
45,1,GF_00125
45,1,GF_00136
45,1,GF_00137
45,1,GF_00138
45,1,GF_00139
45,1,GF_00141
45,1,GF_00142
45,1,GF_00143
45,1,GF_00155
45,1,GF_00164
45,1,GF_00170
45,1,GF_00175
45,1,GF_00178
45,1,GF_00179
45,1,GF_00180
45,1,GF_00185
45,1,GF_00208
45,1,GF_00220
45,1,GF_00228
45,1,GF_00229
45,1,GF_00235
45,1,GF_00244
45,1,GF_00250
45,1,GF_00251
45,1,GF_00262
45,1,GF_00281
45,1,GF_00290
45,1,GF_00296
45,1,GF_00300
45,1,GF_00302
45,1,GF_00303
45,1,GF_00305
45,1,GF_00309
45,1,GF_00311
45,1,GF_00312
45,1,GF_00313
45,1,GF_00314
45,1,GF_00315
45,1,GF_00316
45,1,GF_00317
45,1,GF_00318
45,1,GF_00319
45,1,GF_00320
45,1,GF_00321
45,1,GF_00323
45,1,GF_00324
45,1,GF_00325
45,1,GF_00326
45,1,GF_00327
45,1,GF_00329
45,1,GF_00330
45,1,GF_00331
45,1,GF_00332
45,1,GF_00333
45,1,GF_00335
45,1,GF_00336
45,1,GF_00338
45,1,GF_00339
45,1,GF_00340
45,1,GF_00341
45,1,GF_00342
45,1,GF_00343
45,1,GF_00344
45,1,GF_00346
45,1,GF_00347
45,1,GF_00348
45,1,GF_00349
45,1,GF_00350
45,1,GF_00352
45,1,GF_00353
45,1,GF_00355
45,1,GF_00358
45,1,GF_00359
45,1,GF_00360
45,1,GF_00362
45,1,GF_00363
45,1,GF_00364
45,1,GF_00365
45,1,GF_00369
45,1,GF_00381
45,1,GF_00384
45,1,GF_00385
45,1,GF_00386
45,1,GF_00387
45,1,GF_00388
45,1,GF_00389
45,1,GF_00390
45,1,GF_00391
45,1,GF_00393
45,1,GF_00395
45,1,GF_00396
45,1,GF_00400
45,1,GF_00401
45,1,GF_00402
45,1,GF_00403
45,1,GF_00404
45,1,GF_00405
45,1,GF_00406
45,1,GF_00407
45,1,GF_00408
45,1,GF_00409
45,1,GF_00410
45,1,GF_00413
45,1,GF_00414
45,1,GF_00415
45,1,GF_00417
45,1,GF_00418
45,1,GF_00421
45,1,GF_00422
45,1,GF_00424
45,1,GF_00426
45,1,GF_00427
45,1,GF_00428
45,1,GF_00429
45,1,GF_00430
45,1,GF_00431
45,1,GF_00432
45,1,GF_00433
45,1,GF_00434
45,1,GF_00435
45,1,GF_00436
45,1,GF_00437
45,1,GF_00438
45,1,GF_00440
45,1,GF_00441
45,1,GF_00455
45,1,GF_00457
45,1,GF_00458
45,1,GF_00471
45,1,GF_00472
45,1,GF_00477
45,1,GF_00480
45,1,GF_00488
45,1,GF_00489
45,1,GF_00491
45,1,GF_00503
45,1,GF_00522
45,1,GF_00523
45,1,GF_00524
45,1,GF_00525
45,1,GF_00527
45,1,GF_00528
45,1,GF_00529
45,1,GF_00530
45,1,GF_00531
45,1,GF_00536
45,1,GF_00538
45,1,GF_00546
45,1,GF_00547
45,1,GF_00548
45,1,GF_00549
45,1,GF_00564
45,1,GF_00565
45,1,GF_00566
45,1,GF_00569
45,1,GF_00570
45,1,GF_00572
45,1,GF_00574
45,1,GF_00578
45,1,GF_00580
45,1,GF_00588
45,1,GF_00593
45,1,GF_00594
45,1,GF_00595
45,1,GF_00599
45,1,GF_00600
45,1,GF_00601
45,1,GF_00602
45,1,GF_00603
45,1,GF_00604
45,1,GF_00605
45,1,GF_00606
45,1,GF_00607
45,1,GF_00608
45,1,GF_00609
45,1,GF_00611
45,1,GF_00612
45,1,GF_00613
45,1,GF_00614
45,1,GF_00615
45,1,GF_00616
45,1,GF_00617
45,1,GF_00618
45,1,GF_00619
45,1,GF_00620
45,1,GF_00621
45,1,GF_00622
45,1,GF_00623
45,1,GF_00624
45,1,GF_00632
45,1,GF_00633
45,1,GF_00635
45,1,GF_00636
45,1,GF_00637
45,1,GF_00638
45,1,GF_00640
45,1,GF_00641
45,1,GF_00642
45,1,GF_00643
45,1,GF_00655
45,1,GF_00658
45,1,GF_00659
45,1,GF_00661
45,1,GF_00669
45,1,GF_00676
45,1,GF_00680
45,1,GF_00681
45,1,GF_00682
45,1,GF_00683
45,1,GF_00684
45,1,GF_00688
45,1,GF_00695
45,1,GF_00699
45,1,GF_00702
45,1,GF_00709
45,1,GF_00722
45,1,GF_00723
45,1,GF_00724
45,1,GF_00725
45,1,GF_00726
45,1,GF_00727
45,1,GF_00728
45,1,GF_00729
45,1,GF_00732
45,1,GF_00736
45,1,GF_00740
45,1,GF_00741
45,1,GF_00744
45,1,GF_00749
45,1,GF_00751
45,1,GF_00755
45,1,GF_00756
45,1,GF_00761
45,1,GF_00771
45,1,GF_00773
45,1,GF_00776
45,1,GF_00777
45,1,GF_00796
45,1,GF_00810
45,1,GF_00811
45,1,GF_00813
45,1,GF_00814
45,1,GF_00816
45,1,GF_00819
45,1,GF_00828
45,1,GF_00843
45,1,GF_00845
45,1,GF_00857
45,1,GF_00860
45,1,GF_00864
45,1,GF_00866
45,1,GF_00867
45,1,GF_00868
45,1,GF_00869
45,1,GF_00870
45,1,GF_00871
45,1,GF_00872
45,1,GF_00873
45,1,GF_00874
45,1,GF_00888
45,1,GF_00895
45,1,GF_00916
45,1,GF_00927
45,1,GF_00931
45,1,GF_00932
45,1,GF_00933
45,1,GF_00946
45,1,GF_00947
45,1,GF_00949
45,1,GF_00957
45,1,GF_00958
45,1,GF_00959
45,1,GF_00960
45,1,GF_00963
45,1,GF_00966
45,1,GF_00968
45,1,GF_00969
45,1,GF_00970
45,1,GF_00971
45,1,GF_00982
45,1,GF_01004
45,1,GF_01005
45,1,GF_01026
45,1,GF_01027
45,1,GF_01028
45,1,GF_01054
45,1,GF_01230
45,1,GF_01231
45,1,GF_01232
45,1,GF_01233
45,1,GF_01234
45,1,GF_01235
45,1,GF_01236
45,1,GF_01237
45,1,GF_01239
45,1,GF_01240
45,1,GF_01241
45,1,GF_01242
45,1,GF_01244
45,1,GF_01245
45,1,GF_01246
45,1,GF_01247
45,1,GF_01248
45,1,GF_01266
45,1,GF_01279
45,1,GF_01287
45,1,GF_01290
45,1,GF_01291
45,1,GF_01293
45,1,GF_01297
45,1,GF_01306
45,1,GF_01314
45,1,GF_01315
45,1,GF_01327
45,1,GF_01328
45,1,GF_01329
45,1,GF_01330
45,1,GF_01331
45,1,GF_01332
45,1,GF_01333
45,1,GF_01334
45,1,GF_01336
45,1,GF_01337
45,1,GF_01338
45,1,GF_01359
45,1,GF_01372
45,1,GF_01373
45,1,GF_01374
45,1,GF_01375
45,1,GF_01376
45,1,GF_01377
45,1,GF_01379
45,1,GF_01381
45,1,GF_01382
45,1,GF_01383
45,1,GF_01385
45,1,GF_01386
45,1,GF_01387
45,1,GF_01390
45,1,GF_01391
45,1,GF_01393
45,1,GF_01394
45,1,GF_01395
45,1,GF_01396
45,1,GF_01397
45,1,GF_01399
45,1,GF_01400
45,1,GF_01401
45,1,GF_01409
45,1,GF_01425
45,1,GF_01426
45,1,GF_01428
45,1,GF_01439
45,1,GF_01445
45,1,GF_01446
45,1,GF_01447
45,1,GF_01448
45,1,GF_01449
45,1,GF_01456
45,1,GF_01458
45,1,GF_01460
45,1,GF_01461
45,1,GF_01462
45,1,GF_01466
45,1,GF_01477
45,1,GF_01479
45,1,GF_01480
45,1,GF_01481
45,1,GF_01487
45,1,GF_01502
45,1,GF_01512
45,1,GF_01514
45,1,GF_01527
45,1,GF_01534
45,1,GF_01535
45,1,GF_01536
45,1,GF_01537
45,1,GF_01538
45,1,GF_01539
45,1,GF_01540
45,1,GF_01541
45,1,GF_01542
45,1,GF_01543
45,1,GF_01544
45,1,GF_01547
45,1,GF_01549
45,1,GF_01550
45,1,GF_01552
45,1,GF_01553
45,1,GF_01579
45,1,GF_01580
45,1,GF_01583
45,1,GF_01584
45,1,GF_01591
45,1,GF_01592
45,1,GF_01616
45,1,GF_01617
45,1,GF_01618
45,1,GF_01619
45,1,GF_01620
45,1,GF_01621
45,1,GF_01623
45,1,GF_01626
45,1,GF_01627
45,1,GF_01628
45,1,GF_01629
45,1,GF_01634
45,1,GF_01635
45,1,GF_01636
45,1,GF_01637
45,1,GF_01638
45,1,GF_01639
45,1,GF_01641
45,1,GF_01643
45,1,GF_01648
45,1,GF_01659
45,1,GF_01661
45,1,GF_01672
45,1,GF_01673
45,1,GF_01674
45,1,GF_01675
45,1,GF_01676
45,1,GF_01677
45,1,GF_01678
45,1,GF_01679
45,1,GF_01680
45,1,GF_01681
45,1,GF_01683
45,1,GF_01684
45,1,GF_01685
45,1,GF_01689
45,1,GF_01690
45,1,GF_01691
45,1,GF_01692
45,1,GF_01693
45,1,GF_01732
45,1,GF_01733
45,1,GF_01734
45,1,GF_01735
45,1,GF_01736
45,1,GF_01740
45,1,GF_01741
45,1,GF_01742
45,1,GF_01745
45,1,GF_01763
45,1,GF_01770
45,1,GF_01783
45,1,GF_01799
45,1,GF_01802
45,1,GF_01803
45,1,GF_01805
45,1,GF_01806
45,1,GF_01807
45,1,GF_01808
45,1,GF_01809
45,1,GF_01810
45,1,GF_01811
45,1,GF_01812
45,1,GF_01813
45,1,GF_01814
45,1,GF_01815
45,1,GF_01816
45,1,GF_01818
45,1,GF_01819
45,1,GF_01822
45,1,GF_01823
45,1,GF_01834
45,1,GF_01836
45,1,GF_01837
45,1,GF_01840
45,1,GF_01841
45,1,GF_01842
45,1,GF_01844
45,1,GF_01856
45,1,GF_01860
45,1,GF_01866
45,1,GF_01870
45,1,GF_01872
45,1,GF_01874
45,1,GF_01897
45,1,GF_01898
45,1,GF_01899
45,1,GF_01900
45,1,GF_01901
45,1,GF_01902
45,1,GF_01904
45,1,GF_01919
45,1,GF_01921
45,1,GF_01923
45,1,GF_01925
45,1,GF_01926
45,1,GF_01927
45,1,GF_01928
45,1,GF_01929
45,1,GF_01930
45,1,GF_01945
45,1,GF_02041
45,1,GF_02059
45,1,GF_02060
45,1,GF_02069
45,1,GF_02070
45,1,GF_02071
45,1,GF_02072
45,1,GF_02074
45,1,GF_02075
45,1,GF_02084
45,1,GF_02085
45,1,GF_02086
45,1,GF_02088
45,1,GF_02089
45,1,GF_02091
45,1,GF_02092
45,1,GF_02093
45,1,GF_02094
45,1,GF_02101
45,1,GF_02110
45,1,GF_02113
45,1,GF_02122
45,1,GF_02130
45,1,GF_02131
45,1,GF_02136
45,1,GF_02137
45,1,GF_02138
45,1,GF_02139
45,1,GF_02140
45,1,GF_02141
45,1,GF_02142
45,1,GF_02143
45,1,GF_02145
45,1,GF_02152
45,1,GF_02157
45,1,GF_02158
45,1,GF_02159
45,1,GF_02172
45,1,GF_02178
45,1,GF_02180
45,1,GF_02184
45,1,GF_02192
45,1,GF_02194
45,1,GF_02216
45,1,GF_02217
45,1,GF_02218
45,1,GF_02219
45,1,GF_02220
45,1,GF_02223
45,1,GF_02224
45,1,GF_02225
45,1,GF_02226
45,1,GF_02227
45,1,GF_02228
45,1,GF_02229
45,1,GF_02230
45,1,GF_02260
45,1,GF_02261
45,1,GF_02262
45,1,GF_02263
45,1,GF_02264
45,1,GF_02266
45,2,GF_00002
45,2,GF_00008
45,2,GF_00011
45,2,GF_00012
45,2,GF_00013
45,2,GF_00015
45,2,GF_00017
45,2,GF_00018
45,2,GF_00043
45,2,GF_00044
45,2,GF_00045
45,2,GF_00046
45,2,GF_00047
45,2,GF_00048
45,2,GF_00049
45,2,GF_00050
45,2,GF_00051
45,2,GF_00052
45,2,GF_00072
45,2,GF_00073
45,2,GF_00075
45,2,GF_00076
45,2,GF_00078
45,2,GF_00079
45,2,GF_00080
45,2,GF_00081
45,2,GF_00082
45,2,GF_00083
45,2,GF_00084
45,2,GF_00085
45,2,GF_00087
45,2,GF_00088
45,2,GF_00093
45,2,GF_00094
45,2,GF_00104
45,2,GF_00105
45,2,GF_00106
45,2,GF_00107
45,2,GF_00108
45,2,GF_00109
45,2,GF_00110
45,2,GF_00111
45,2,GF_00112
45,2,GF_00113
45,2,GF_00114
45,2,GF_00115
45,2,GF_00116
45,2,GF_00117
45,2,GF_00119
45,2,GF_00120
45,2,GF_00121
45,2,GF_00122
45,2,GF_00124
45,2,GF_00125
45,2,GF_00136
45,2,GF_00137
45,2,GF_00138
45,2,GF_00139
45,2,GF_00141
45,2,GF_00143
45,2,GF_00164
45,2,GF_00170
45,2,GF_00175
45,2,GF_00178
45,2,GF_00179
45,2,GF_00180
45,2,GF_00185
45,2,GF_00208
45,2,GF_00220
45,2,GF_00228
45,2,GF_00229
45,2,GF_00235
45,2,GF_00244
45,2,GF_00250
45,2,GF_00251
45,2,GF_00262
45,2,GF_00281
45,2,GF_00282
45,2,GF_00290
45,2,GF_00296
45,2,GF_00300
45,2,GF_00302
45,2,GF_00303
45,2,GF_00305
45,2,GF_00309
45,2,GF_00310
45,2,GF_00311
45,2,GF_00312
45,2,GF_00313
45,2,GF_00314
45,2,GF_00315
45,2,GF_00316
45,2,GF_00317
45,2,GF_00318
45,2,GF_00319
45,2,GF_00320
45,2,GF_00321
45,2,GF_00322
45,2,GF_00323
45,2,GF_00324
45,2,GF_00325
45,2,GF_00326
45,2,GF_00327
45,2,GF_00328
45,2,GF_00329
45,2,GF_00330
45,2,GF_00331
45,2,GF_00332
45,2,GF_00333
45,2,GF_00335
45,2,GF_00336
45,2,GF_00338
45,2,GF_00339
45,2,GF_00340
45,2,GF_00341
45,2,GF_00342
45,2,GF_00343
45,2,GF_00344
45,2,GF_00346
45,2,GF_00347
45,2,GF_00348
45,2,GF_00349
45,2,GF_00350
45,2,GF_00351
45,2,GF_00352
45,2,GF_00353
45,2,GF_00358
45,2,GF_00360
45,2,GF_00362
45,2,GF_00363
45,2,GF_00364
45,2,GF_00365
45,2,GF_00369
45,2,GF_00378
45,2,GF_00381
45,2,GF_00384
45,2,GF_00385
45,2,GF_00386
45,2,GF_00387
45,2,GF_00389
45,2,GF_00390
45,2,GF_00391
45,2,GF_00393
45,2,GF_00394
45,2,GF_00395
45,2,GF_00396
45,2,GF_00400
45,2,GF_00401
45,2,GF_00402
45,2,GF_00403
45,2,GF_00404
45,2,GF_00405
45,2,GF_00406
45,2,GF_00407
45,2,GF_00408
45,2,GF_00409
45,2,GF_00410
45,2,GF_00413
45,2,GF_00414
45,2,GF_00415
45,2,GF_00417
45,2,GF_00418
45,2,GF_00419
45,2,GF_00421
45,2,GF_00422
45,2,GF_00424
45,2,GF_00426
45,2,GF_00427
45,2,GF_00428
45,2,GF_00429
45,2,GF_00430
45,2,GF_00431
45,2,GF_00432
45,2,GF_00433
45,2,GF_00434
45,2,GF_00435
45,2,GF_00436
45,2,GF_00437
45,2,GF_00438
45,2,GF_00440
45,2,GF_00441
45,2,GF_00455
45,2,GF_00457
45,2,GF_00458
45,2,GF_00459
45,2,GF_00460
45,2,GF_00471
45,2,GF_00472
45,2,GF_00480
45,2,GF_00482
45,2,GF_00484
45,2,GF_00488
45,2,GF_00489
45,2,GF_00491
45,2,GF_00503
45,2,GF_00522
45,2,GF_00523
45,2,GF_00524
45,2,GF_00527
45,2,GF_00529
45,2,GF_00530
45,2,GF_00531
45,2,GF_00536
45,2,GF_00546
45,2,GF_00547
45,2,GF_00548
45,2,GF_00549
45,2,GF_00550
45,2,GF_00564
45,2,GF_00565
45,2,GF_00566
45,2,GF_00569
45,2,GF_00570
45,2,GF_00572
45,2,GF_00574
45,2,GF_00578
45,2,GF_00580
45,2,GF_00593
45,2,GF_00594
45,2,GF_00595
45,2,GF_00599
45,2,GF_00600
45,2,GF_00601
45,2,GF_00602
45,2,GF_00603
45,2,GF_00604
45,2,GF_00605
45,2,GF_00606
45,2,GF_00607
45,2,GF_00608
45,2,GF_00609
45,2,GF_00611
45,2,GF_00612
45,2,GF_00613
45,2,GF_00614
45,2,GF_00615
45,2,GF_00616
45,2,GF_00617
45,2,GF_00618
45,2,GF_00619
45,2,GF_00620
45,2,GF_00621
45,2,GF_00622
45,2,GF_00623
45,2,GF_00624
45,2,GF_00632
45,2,GF_00633
45,2,GF_00634
45,2,GF_00635
45,2,GF_00636
45,2,GF_00637
45,2,GF_00638
45,2,GF_00639
45,2,GF_00640
45,2,GF_00641
45,2,GF_00642
45,2,GF_00643
45,2,GF_00655
45,2,GF_00658
45,2,GF_00661
45,2,GF_00669
45,2,GF_00676
45,2,GF_00680
45,2,GF_00681
45,2,GF_00682
45,2,GF_00683
45,2,GF_00684
45,2,GF_00685
45,2,GF_00687
45,2,GF_00688
45,2,GF_00695
45,2,GF_00699
45,2,GF_00702
45,2,GF_00709
45,2,GF_00717
45,2,GF_00722
45,2,GF_00723
45,2,GF_00724
45,2,GF_00725
45,2,GF_00726
45,2,GF_00727
45,2,GF_00728
45,2,GF_00729
45,2,GF_00732
45,2,GF_00736
45,2,GF_00740
45,2,GF_00741
45,2,GF_00744
45,2,GF_00751
45,2,GF_00755
45,2,GF_00756
45,2,GF_00761
45,2,GF_00771
45,2,GF_00773
45,2,GF_00776
45,2,GF_00777
45,2,GF_00785
45,2,GF_00793
45,2,GF_00796
45,2,GF_00810
45,2,GF_00811
45,2,GF_00813
45,2,GF_00814
45,2,GF_00815
45,2,GF_00816
45,2,GF_00819
45,2,GF_00826
45,2,GF_00828
45,2,GF_00845
45,2,GF_00856
45,2,GF_00857
45,2,GF_00860
45,2,GF_00864
45,2,GF_00866
45,2,GF_00867
45,2,GF_00868
45,2,GF_00869
45,2,GF_00870
45,2,GF_00871
45,2,GF_00872
45,2,GF_00873
45,2,GF_00874
45,2,GF_00887
45,2,GF_00888
45,2,GF_00895
45,2,GF_00916
45,2,GF_00917
45,2,GF_00930
45,2,GF_00931
45,2,GF_00932
45,2,GF_00933
45,2,GF_00946
45,2,GF_00947
45,2,GF_00949
45,2,GF_00957
45,2,GF_00958
45,2,GF_00959
45,2,GF_00960
45,2,GF_00966
45,2,GF_00968
45,2,GF_00969
45,2,GF_00970
45,2,GF_00971
45,2,GF_00972
45,2,GF_00982
45,2,GF_00992
45,2,GF_01005
45,2,GF_01012
45,2,GF_01013
45,2,GF_01016
45,2,GF_01026
45,2,GF_01027
45,2,GF_01028
45,2,GF_01054
45,2,GF_01147
45,2,GF_01212
45,2,GF_01230
45,2,GF_01231
45,2,GF_01232
45,2,GF_01233
45,2,GF_01234
45,2,GF_01235
45,2,GF_01236
45,2,GF_01237
45,2,GF_01238
45,2,GF_01239
45,2,GF_01240
45,2,GF_01242
45,2,GF_01243
45,2,GF_01244
45,2,GF_01245
45,2,GF_01246
45,2,GF_01247
45,2,GF_01248
45,2,GF_01253
45,2,GF_01266
45,2,GF_01279
45,2,GF_01287
45,2,GF_01291
45,2,GF_01292
45,2,GF_01293
45,2,GF_01297
45,2,GF_01306
45,2,GF_01308
45,2,GF_01314
45,2,GF_01315
45,2,GF_01324
45,2,GF_01327
45,2,GF_01328
45,2,GF_01329
45,2,GF_01330
45,2,GF_01331
45,2,GF_01332
45,2,GF_01333
45,2,GF_01334
45,2,GF_01336
45,2,GF_01337
45,2,GF_01338
45,2,GF_01357
45,2,GF_01372
45,2,GF_01373
45,2,GF_01374
45,2,GF_01375
45,2,GF_01376
45,2,GF_01377
45,2,GF_01379
45,2,GF_01380
45,2,GF_01381
45,2,GF_01382
45,2,GF_01383
45,2,GF_01385
45,2,GF_01386
45,2,GF_01387
45,2,GF_01390
45,2,GF_01391
45,2,GF_01392
45,2,GF_01393
45,2,GF_01394
45,2,GF_01395
45,2,GF_01396
45,2,GF_01397
45,2,GF_01399
45,2,GF_01400
45,2,GF_01401
45,2,GF_01404
45,2,GF_01409
45,2,GF_01425
45,2,GF_01426
45,2,GF_01428
45,2,GF_01439
45,2,GF_01445
45,2,GF_01446
45,2,GF_01447
45,2,GF_01448
45,2,GF_01449
45,2,GF_01456
45,2,GF_01458
45,2,GF_01460
45,2,GF_01461
45,2,GF_01462
45,2,GF_01464
45,2,GF_01466
45,2,GF_01476
45,2,GF_01477
45,2,GF_01479
45,2,GF_01480
45,2,GF_01481
45,2,GF_01487
45,2,GF_01502
45,2,GF_01504
45,2,GF_01512
45,2,GF_01527
45,2,GF_01535
45,2,GF_01536
45,2,GF_01537
45,2,GF_01538
45,2,GF_01539
45,2,GF_01540
45,2,GF_01541
45,2,GF_01542
45,2,GF_01543
45,2,GF_01544
45,2,GF_01546
45,2,GF_01547
45,2,GF_01548
45,2,GF_01549
45,2,GF_01550
45,2,GF_01552
45,2,GF_01553
45,2,GF_01579
45,2,GF_01580
45,2,GF_01583
45,2,GF_01584
45,2,GF_01591
45,2,GF_01592
45,2,GF_01598
45,2,GF_01616
45,2,GF_01617
45,2,GF_01618
45,2,GF_01619
45,2,GF_01620
45,2,GF_01621
45,2,GF_01623
45,2,GF_01625
45,2,GF_01626
45,2,GF_01627
45,2,GF_01628
45,2,GF_01629
45,2,GF_01630
45,2,GF_01633
45,2,GF_01634
45,2,GF_01635
45,2,GF_01636
45,2,GF_01637
45,2,GF_01638
45,2,GF_01639
45,2,GF_01641
45,2,GF_01648
45,2,GF_01661
45,2,GF_01672
45,2,GF_01673
45,2,GF_01674
45,2,GF_01675
45,2,GF_01676
45,2,GF_01677
45,2,GF_01678
45,2,GF_01679
45,2,GF_01680
45,2,GF_01681
45,2,GF_01683
45,2,GF_01684
45,2,GF_01685
45,2,GF_01688
45,2,GF_01689
45,2,GF_01690
45,2,GF_01691
45,2,GF_01692
45,2,GF_01693
45,2,GF_01732
45,2,GF_01733
45,2,GF_01734
45,2,GF_01735
45,2,GF_01736
45,2,GF_01737
45,2,GF_01740
45,2,GF_01741
45,2,GF_01742
45,2,GF_01763
45,2,GF_01770
45,2,GF_01783
45,2,GF_01797
45,2,GF_01799
45,2,GF_01802
45,2,GF_01803
45,2,GF_01806
45,2,GF_01807
45,2,GF_01808
45,2,GF_01809
45,2,GF_01810
45,2,GF_01811
45,2,GF_01812
45,2,GF_01813
45,2,GF_01815
45,2,GF_01816
45,2,GF_01817
45,2,GF_01818
45,2,GF_01819
45,2,GF_01822
45,2,GF_01823
45,2,GF_01834
45,2,GF_01836
45,2,GF_01837
45,2,GF_01840
45,2,GF_01841
45,2,GF_01842
45,2,GF_01844
45,2,GF_01856
45,2,GF_01860
45,2,GF_01866
45,2,GF_01868
45,2,GF_01870
45,2,GF_01885
45,2,GF_01897
45,2,GF_01898
45,2,GF_01899
45,2,GF_01900
45,2,GF_01901
45,2,GF_01902
45,2,GF_01904
45,2,GF_01919
45,2,GF_01921
45,2,GF_01923
45,2,GF_01925
45,2,GF_01926
45,2,GF_01927
45,2,GF_01928
45,2,GF_01929
45,2,GF_01930
45,2,GF_01945
45,2,GF_02041
45,2,GF_02060
45,2,GF_02069
45,2,GF_02070
45,2,GF_02071
45,2,GF_02072
45,2,GF_02073
45,2,GF_02074
45,2,GF_02075
45,2,GF_02076
45,2,GF_02081
45,2,GF_02084
45,2,GF_02085
45,2,GF_02086
45,2,GF_02087
45,2,GF_02088
45,2,GF_02089
45,2,GF_02091
45,2,GF_02092
45,2,GF_02093
45,2,GF_02094
45,2,GF_02101
45,2,GF_02109
45,2,GF_02110
45,2,GF_02122
45,2,GF_02130
45,2,GF_02131
45,2,GF_02132
45,2,GF_02134
45,2,GF_02136
45,2,GF_02137
45,2,GF_02138
45,2,GF_02139
45,2,GF_02140
45,2,GF_02144
45,2,GF_02145
45,2,GF_02152
45,2,GF_02157
45,2,GF_02158
45,2,GF_02159
45,2,GF_02172
45,2,GF_02178
45,2,GF_02180
45,2,GF_02184
45,2,GF_02194
45,2,GF_02215
45,2,GF_02216
45,2,GF_02217
45,2,GF_02218
45,2,GF_02219
45,2,GF_02220
45,2,GF_02222
45,2,GF_02223
45,2,GF_02224
45,2,GF_02225
45,2,GF_02226
45,2,GF_02227
45,2,GF_02228
45,2,GF_02229
45,2,GF_02230
45,2,GF_02239
45,2,GF_02249
45,2,GF_02260
45,2,GF_02261
45,2,GF_02262
45,2,GF_02263
45,2,GF_02264
45,2,GF_02265
45,2,GF_02266
45,3,GF_00002
45,3,GF_00008
45,3,GF_00011
45,3,GF_00012
45,3,GF_00013
45,3,GF_00014
45,3,GF_00015
45,3,GF_00016
45,3,GF_00017
45,3,GF_00018
45,3,GF_00036
45,3,GF_00043
45,3,GF_00044
45,3,GF_00046
45,3,GF_00047
45,3,GF_00048
45,3,GF_00049
45,3,GF_00051
45,3,GF_00052
45,3,GF_00071
45,3,GF_00072
45,3,GF_00073
45,3,GF_00074
45,3,GF_00075
45,3,GF_00076
45,3,GF_00077
45,3,GF_00078
45,3,GF_00079
45,3,GF_00080
45,3,GF_00081
45,3,GF_00082
45,3,GF_00083
45,3,GF_00084
45,3,GF_00085
45,3,GF_00087
45,3,GF_00088
45,3,GF_00093
45,3,GF_00094
45,3,GF_00104
45,3,GF_00105
45,3,GF_00106
45,3,GF_00107
45,3,GF_00108
45,3,GF_00109
45,3,GF_00110
45,3,GF_00111
45,3,GF_00112
45,3,GF_00113
45,3,GF_00114
45,3,GF_00115
45,3,GF_00116
45,3,GF_00117
45,3,GF_00120
45,3,GF_00121
45,3,GF_00122
45,3,GF_00123
45,3,GF_00124
45,3,GF_00125
45,3,GF_00136
45,3,GF_00137
45,3,GF_00138
45,3,GF_00139
45,3,GF_00141
45,3,GF_00142
45,3,GF_00143
45,3,GF_00155
45,3,GF_00164
45,3,GF_00170
45,3,GF_00175
45,3,GF_00178
45,3,GF_00179
45,3,GF_00180
45,3,GF_00185
45,3,GF_00208
45,3,GF_00220
45,3,GF_00228
45,3,GF_00229
45,3,GF_00235
45,3,GF_00244
45,3,GF_00251
45,3,GF_00262
45,3,GF_00281
45,3,GF_00290
45,3,GF_00296
45,3,GF_00300
45,3,GF_00302
45,3,GF_00303
45,3,GF_00305
45,3,GF_00309
45,3,GF_00310
45,3,GF_00311
45,3,GF_00312
45,3,GF_00313
45,3,GF_00314
45,3,GF_00315
45,3,GF_00316
45,3,GF_00317
45,3,GF_00318
45,3,GF_00319
45,3,GF_00320
45,3,GF_00321
45,3,GF_00323
45,3,GF_00324
45,3,GF_00325
45,3,GF_00326
45,3,GF_00327
45,3,GF_00329
45,3,GF_00330
45,3,GF_00331
45,3,GF_00332
45,3,GF_00333
45,3,GF_00335
45,3,GF_00336
45,3,GF_00338
45,3,GF_00339
45,3,GF_00340
45,3,GF_00341
45,3,GF_00342
45,3,GF_00343
45,3,GF_00344
45,3,GF_00346
45,3,GF_00347
45,3,GF_00348
45,3,GF_00349
45,3,GF_00350
45,3,GF_00351
45,3,GF_00352
45,3,GF_00353
45,3,GF_00355
45,3,GF_00358
45,3,GF_00360
45,3,GF_00362
45,3,GF_00363
45,3,GF_00364
45,3,GF_00365
45,3,GF_00369
45,3,GF_00378
45,3,GF_00381
45,3,GF_00384
45,3,GF_00385
45,3,GF_00386
45,3,GF_00387
45,3,GF_00388
45,3,GF_00389
45,3,GF_00390
45,3,GF_00391
45,3,GF_00393
45,3,GF_00394
45,3,GF_00395
45,3,GF_00396
45,3,GF_00400
45,3,GF_00401
45,3,GF_00402
45,3,GF_00403
45,3,GF_00404
45,3,GF_00405
45,3,GF_00406
45,3,GF_00407
45,3,GF_00408
45,3,GF_00409
45,3,GF_00410
45,3,GF_00413
45,3,GF_00414
45,3,GF_00415
45,3,GF_00417
45,3,GF_00418
45,3,GF_00419
45,3,GF_00421
45,3,GF_00422
45,3,GF_00424
45,3,GF_00426
45,3,GF_00427
45,3,GF_00428
45,3,GF_00429
45,3,GF_00430
45,3,GF_00431
45,3,GF_00432
45,3,GF_00433
45,3,GF_00434
45,3,GF_00435
45,3,GF_00436
45,3,GF_00437
45,3,GF_00438
45,3,GF_00440
45,3,GF_00441
45,3,GF_00455
45,3,GF_00457
45,3,GF_00471
45,3,GF_00472
45,3,GF_00477
45,3,GF_00480
45,3,GF_00482
45,3,GF_00488
45,3,GF_00489
45,3,GF_00503
45,3,GF_00522
45,3,GF_00523
45,3,GF_00524
45,3,GF_00525
45,3,GF_00527
45,3,GF_00528
45,3,GF_00529
45,3,GF_00530
45,3,GF_00531
45,3,GF_00536
45,3,GF_00538
45,3,GF_00546
45,3,GF_00547
45,3,GF_00548
45,3,GF_00549
45,3,GF_00564
45,3,GF_00565
45,3,GF_00566
45,3,GF_00569
45,3,GF_00570
45,3,GF_00572
45,3,GF_00574
45,3,GF_00578
45,3,GF_00580
45,3,GF_00588
45,3,GF_00594
45,3,GF_00595
45,3,GF_00596
45,3,GF_00599
45,3,GF_00600
45,3,GF_00601
45,3,GF_00602
45,3,GF_00603
45,3,GF_00604
45,3,GF_00605
45,3,GF_00606
45,3,GF_00607
45,3,GF_00608
45,3,GF_00609
45,3,GF_00610
45,3,GF_00611
45,3,GF_00612
45,3,GF_00613
45,3,GF_00614
45,3,GF_00615
45,3,GF_00616
45,3,GF_00617
45,3,GF_00618
45,3,GF_00619
45,3,GF_00620
45,3,GF_00621
45,3,GF_00622
45,3,GF_00623
45,3,GF_00624
45,3,GF_00632
45,3,GF_00633
45,3,GF_00634
45,3,GF_00635
45,3,GF_00636
45,3,GF_00637
45,3,GF_00638
45,3,GF_00640
45,3,GF_00641
45,3,GF_00642
45,3,GF_00643
45,3,GF_00655
45,3,GF_00658
45,3,GF_00659
45,3,GF_00661
45,3,GF_00669
45,3,GF_00676
45,3,GF_00680
45,3,GF_00681
45,3,GF_00682
45,3,GF_00683
45,3,GF_00684
45,3,GF_00686
45,3,GF_00688
45,3,GF_00695
45,3,GF_00699
45,3,GF_00702
45,3,GF_00709
45,3,GF_00722
45,3,GF_00723
45,3,GF_00724
45,3,GF_00725
45,3,GF_00726
45,3,GF_00727
45,3,GF_00728
45,3,GF_00729
45,3,GF_00732
45,3,GF_00736
45,3,GF_00740
45,3,GF_00741
45,3,GF_00744
45,3,GF_00751
45,3,GF_00755
45,3,GF_00756
45,3,GF_00761
45,3,GF_00771
45,3,GF_00773
45,3,GF_00776
45,3,GF_00777
45,3,GF_00785
45,3,GF_00796
45,3,GF_00810
45,3,GF_00811
45,3,GF_00813
45,3,GF_00814
45,3,GF_00815
45,3,GF_00816
45,3,GF_00819
45,3,GF_00828
45,3,GF_00843
45,3,GF_00845
45,3,GF_00856
45,3,GF_00857
45,3,GF_00864
45,3,GF_00865
45,3,GF_00866
45,3,GF_00867
45,3,GF_00868
45,3,GF_00869
45,3,GF_00870
45,3,GF_00871
45,3,GF_00872
45,3,GF_00873
45,3,GF_00874
45,3,GF_00887
45,3,GF_00888
45,3,GF_00895
45,3,GF_00916
45,3,GF_00927
45,3,GF_00931
45,3,GF_00932
45,3,GF_00933
45,3,GF_00946
45,3,GF_00947
45,3,GF_00949
45,3,GF_00957
45,3,GF_00958
45,3,GF_00959
45,3,GF_00960
45,3,GF_00963
45,3,GF_00966
45,3,GF_00967
45,3,GF_00968
45,3,GF_00969
45,3,GF_00970
45,3,GF_00971
45,3,GF_00972
45,3,GF_00982
45,3,GF_01004
45,3,GF_01005
45,3,GF_01012
45,3,GF_01026
45,3,GF_01027
45,3,GF_01028
45,3,GF_01054
45,3,GF_01230
45,3,GF_01231
45,3,GF_01232
45,3,GF_01233
45,3,GF_01234
45,3,GF_01235
45,3,GF_01236
45,3,GF_01237
45,3,GF_01239
45,3,GF_01240
45,3,GF_01241
45,3,GF_01242
45,3,GF_01244
45,3,GF_01245
45,3,GF_01246
45,3,GF_01247
45,3,GF_01248
45,3,GF_01266
45,3,GF_01287
45,3,GF_01290
45,3,GF_01291
45,3,GF_01292
45,3,GF_01293
45,3,GF_01297
45,3,GF_01306
45,3,GF_01314
45,3,GF_01315
45,3,GF_01327
45,3,GF_01328
45,3,GF_01329
45,3,GF_01330
45,3,GF_01331
45,3,GF_01332
45,3,GF_01333
45,3,GF_01334
45,3,GF_01335
45,3,GF_01336
45,3,GF_01337
45,3,GF_01338
45,3,GF_01359
45,3,GF_01372
45,3,GF_01374
45,3,GF_01375
45,3,GF_01376
45,3,GF_01377
45,3,GF_01378
45,3,GF_01379
45,3,GF_01381
45,3,GF_01382
45,3,GF_01383
45,3,GF_01384
45,3,GF_01385
45,3,GF_01386
45,3,GF_01387
45,3,GF_01390
45,3,GF_01391
45,3,GF_01393
45,3,GF_01394
45,3,GF_01395
45,3,GF_01396
45,3,GF_01397
45,3,GF_01398
45,3,GF_01399
45,3,GF_01400
45,3,GF_01401
45,3,GF_01404
45,3,GF_01409
45,3,GF_01425
45,3,GF_01426
45,3,GF_01428
45,3,GF_01439
45,3,GF_01445
45,3,GF_01446
45,3,GF_01447
45,3,GF_01448
45,3,GF_01449
45,3,GF_01456
45,3,GF_01458
45,3,GF_01460
45,3,GF_01461
45,3,GF_01462
45,3,GF_01464
45,3,GF_01466
45,3,GF_01476
45,3,GF_01477
45,3,GF_01478
45,3,GF_01479
45,3,GF_01480
45,3,GF_01481
45,3,GF_01487
45,3,GF_01502
45,3,GF_01504
45,3,GF_01512
45,3,GF_01527
45,3,GF_01534
45,3,GF_01535
45,3,GF_01536
45,3,GF_01537
45,3,GF_01538
45,3,GF_01539
45,3,GF_01540
45,3,GF_01541
45,3,GF_01542
45,3,GF_01543
45,3,GF_01544
45,3,GF_01547
45,3,GF_01549
45,3,GF_01552
45,3,GF_01553
45,3,GF_01579
45,3,GF_01580
45,3,GF_01583
45,3,GF_01584
45,3,GF_01591
45,3,GF_01592
45,3,GF_01616
45,3,GF_01617
45,3,GF_01618
45,3,GF_01619
45,3,GF_01620
45,3,GF_01621
45,3,GF_01623
45,3,GF_01625
45,3,GF_01626
45,3,GF_01627
45,3,GF_01628
45,3,GF_01629
45,3,GF_01630
45,3,GF_01634
45,3,GF_01636
45,3,GF_01637
45,3,GF_01638
45,3,GF_01639
45,3,GF_01641
45,3,GF_01648
45,3,GF_01661
45,3,GF_01672
45,3,GF_01673
45,3,GF_01674
45,3,GF_01675
45,3,GF_01676
45,3,GF_01677
45,3,GF_01678
45,3,GF_01679
45,3,GF_01680
45,3,GF_01681
45,3,GF_01683
45,3,GF_01684
45,3,GF_01685
45,3,GF_01688
45,3,GF_01689
45,3,GF_01690
45,3,GF_01691
45,3,GF_01692
45,3,GF_01693
45,3,GF_01732
45,3,GF_01733
45,3,GF_01734
45,3,GF_01735
45,3,GF_01736
45,3,GF_01737
45,3,GF_01740
45,3,GF_01741
45,3,GF_01742
45,3,GF_01745
45,3,GF_01763
45,3,GF_01770
45,3,GF_01783
45,3,GF_01799
45,3,GF_01801
45,3,GF_01802
45,3,GF_01803
45,3,GF_01805
45,3,GF_01806
45,3,GF_01807
45,3,GF_01808
45,3,GF_01809
45,3,GF_01810
45,3,GF_01811
45,3,GF_01812
45,3,GF_01813
45,3,GF_01814
45,3,GF_01815
45,3,GF_01816
45,3,GF_01818
45,3,GF_01819
45,3,GF_01822
45,3,GF_01823
45,3,GF_01834
45,3,GF_01836
45,3,GF_01837
45,3,GF_01840
45,3,GF_01841
45,3,GF_01842
45,3,GF_01844
45,3,GF_01856
45,3,GF_01860
45,3,GF_01866
45,3,GF_01870
45,3,GF_01872
45,3,GF_01874
45,3,GF_01885
45,3,GF_01897
45,3,GF_01898
45,3,GF_01899
45,3,GF_01900
45,3,GF_01901
45,3,GF_01902
45,3,GF_01904
45,3,GF_01919
45,3,GF_01921
45,3,GF_01923
45,3,GF_01925
45,3,GF_01926
45,3,GF_01927
45,3,GF_01928
45,3,GF_01929
45,3,GF_01930
45,3,GF_01945
45,3,GF_02041
45,3,GF_02059
45,3,GF_02060
45,3,GF_02069
45,3,GF_02070
45,3,GF_02071
45,3,GF_02072
45,3,GF_02074
45,3,GF_02075
45,3,GF_02076
45,3,GF_02084
45,3,GF_02085
45,3,GF_02089
45,3,GF_02091
45,3,GF_02092
45,3,GF_02093
45,3,GF_02094
45,3,GF_02101
45,3,GF_02109
45,3,GF_02110
45,3,GF_02113
45,3,GF_02122
45,3,GF_02130
45,3,GF_02131
45,3,GF_02136
45,3,GF_02137
45,3,GF_02138
45,3,GF_02139
45,3,GF_02140
45,3,GF_02141
45,3,GF_02142
45,3,GF_02143
45,3,GF_02145
45,3,GF_02152
45,3,GF_02157
45,3,GF_02158
45,3,GF_02159
45,3,GF_02168
45,3,GF_02172
45,3,GF_02178
45,3,GF_02180
45,3,GF_02184
45,3,GF_02215
45,3,GF_02216
45,3,GF_02217
45,3,GF_02218
45,3,GF_02219
45,3,GF_02220
45,3,GF_02222
45,3,GF_02223
45,3,GF_02224
45,3,GF_02225
45,3,GF_02226
45,3,GF_02227
45,3,GF_02228
45,3,GF_02229
45,3,GF_02230
45,3,GF_02260
45,3,GF_02261
45,3,GF_02262
45,3,GF_02263
45,3,GF_02264
45,3,GF_02265
45,3,GF_02266
45,4,GF_00002
45,4,GF_00008
45,4,GF_00011
45,4,GF_00012
45,4,GF_00013
45,4,GF_00014
45,4,GF_00015
45,4,GF_00017
45,4,GF_00018
45,4,GF_00036
45,4,GF_00043
45,4,GF_00044
45,4,GF_00046
45,4,GF_00047
45,4,GF_00048
45,4,GF_00049
45,4,GF_00051
45,4,GF_00052
45,4,GF_00071
45,4,GF_00072
45,4,GF_00073
45,4,GF_00074
45,4,GF_00075
45,4,GF_00077
45,4,GF_00078
45,4,GF_00079
45,4,GF_00080
45,4,GF_00081
45,4,GF_00082
45,4,GF_00083
45,4,GF_00084
45,4,GF_00085
45,4,GF_00087
45,4,GF_00088
45,4,GF_00093
45,4,GF_00094
45,4,GF_00104
45,4,GF_00105
45,4,GF_00106
45,4,GF_00107
45,4,GF_00108
45,4,GF_00109
45,4,GF_00111
45,4,GF_00112
45,4,GF_00113
45,4,GF_00114
45,4,GF_00115
45,4,GF_00120
45,4,GF_00122
45,4,GF_00123
45,4,GF_00124
45,4,GF_00125
45,4,GF_00136
45,4,GF_00137
45,4,GF_00138
45,4,GF_00139
45,4,GF_00141
45,4,GF_00143
45,4,GF_00155
45,4,GF_00164
45,4,GF_00170
45,4,GF_00175
45,4,GF_00178
45,4,GF_00179
45,4,GF_00180
45,4,GF_00185
45,4,GF_00208
45,4,GF_00220
45,4,GF_00229
45,4,GF_00235
45,4,GF_00244
45,4,GF_00250
45,4,GF_00251
45,4,GF_00262
45,4,GF_00281
45,4,GF_00290
45,4,GF_00296
45,4,GF_00300
45,4,GF_00302
45,4,GF_00303
45,4,GF_00305
45,4,GF_00309
45,4,GF_00310
45,4,GF_00311
45,4,GF_00312
45,4,GF_00313
45,4,GF_00314
45,4,GF_00315
45,4,GF_00316
45,4,GF_00317
45,4,GF_00318
45,4,GF_00319
45,4,GF_00320
45,4,GF_00323
45,4,GF_00324
45,4,GF_00325
45,4,GF_00326
45,4,GF_00327
45,4,GF_00330
45,4,GF_00331
45,4,GF_00332
45,4,GF_00333
45,4,GF_00335
45,4,GF_00336
45,4,GF_00339
45,4,GF_00340
45,4,GF_00341
45,4,GF_00342
45,4,GF_00343
45,4,GF_00344
45,4,GF_00346
45,4,GF_00347
45,4,GF_00348
45,4,GF_00349
45,4,GF_00350
45,4,GF_00351
45,4,GF_00352
45,4,GF_00353
45,4,GF_00355
45,4,GF_00358
45,4,GF_00360
45,4,GF_00362
45,4,GF_00363
45,4,GF_00364
45,4,GF_00365
45,4,GF_00369
45,4,GF_00381
45,4,GF_00384
45,4,GF_00385
45,4,GF_00386
45,4,GF_00387
45,4,GF_00388
45,4,GF_00389
45,4,GF_00390
45,4,GF_00391
45,4,GF_00393
45,4,GF_00394
45,4,GF_00395
45,4,GF_00396
45,4,GF_00400
45,4,GF_00401
45,4,GF_00402
45,4,GF_00403
45,4,GF_00404
45,4,GF_00405
45,4,GF_00406
45,4,GF_00407
45,4,GF_00408
45,4,GF_00409
45,4,GF_00410
45,4,GF_00413
45,4,GF_00414
45,4,GF_00415
45,4,GF_00419
45,4,GF_00421
45,4,GF_00422
45,4,GF_00424
45,4,GF_00426
45,4,GF_00427
45,4,GF_00428
45,4,GF_00429
45,4,GF_00430
45,4,GF_00431
45,4,GF_00432
45,4,GF_00433
45,4,GF_00434
45,4,GF_00435
45,4,GF_00436
45,4,GF_00437
45,4,GF_00438
45,4,GF_00440
45,4,GF_00455
45,4,GF_00457
45,4,GF_00458
45,4,GF_00471
45,4,GF_00477
45,4,GF_00480
45,4,GF_00482
45,4,GF_00488
45,4,GF_00489
45,4,GF_00503
45,4,GF_00522
45,4,GF_00523
45,4,GF_00524
45,4,GF_00525
45,4,GF_00527
45,4,GF_00528
45,4,GF_00529
45,4,GF_00531
45,4,GF_00536
45,4,GF_00538
45,4,GF_00546
45,4,GF_00547
45,4,GF_00548
45,4,GF_00549
45,4,GF_00564
45,4,GF_00565
45,4,GF_00566
45,4,GF_00569
45,4,GF_00570
45,4,GF_00580
45,4,GF_00588
45,4,GF_00594
45,4,GF_00595
45,4,GF_00599
45,4,GF_00600
45,4,GF_00601
45,4,GF_00603
45,4,GF_00604
45,4,GF_00605
45,4,GF_00606
45,4,GF_00607
45,4,GF_00608
45,4,GF_00609
45,4,GF_00611
45,4,GF_00612
45,4,GF_00613
45,4,GF_00614
45,4,GF_00615
45,4,GF_00616
45,4,GF_00617
45,4,GF_00618
45,4,GF_00619
45,4,GF_00620
45,4,GF_00621
45,4,GF_00622
45,4,GF_00623
45,4,GF_00624
45,4,GF_00632
45,4,GF_00633
45,4,GF_00635
45,4,GF_00636
45,4,GF_00637
45,4,GF_00638
45,4,GF_00642
45,4,GF_00643
45,4,GF_00655
45,4,GF_00658
45,4,GF_00659
45,4,GF_00661
45,4,GF_00669
45,4,GF_00681
45,4,GF_00684
45,4,GF_00687
45,4,GF_00688
45,4,GF_00699
45,4,GF_00702
45,4,GF_00709
45,4,GF_00723
45,4,GF_00724
45,4,GF_00725
45,4,GF_00726
45,4,GF_00727
45,4,GF_00728
45,4,GF_00729
45,4,GF_00736
45,4,GF_00740
45,4,GF_00741
45,4,GF_00744
45,4,GF_00751
45,4,GF_00755
45,4,GF_00756
45,4,GF_00761
45,4,GF_00771
45,4,GF_00773
45,4,GF_00776
45,4,GF_00777
45,4,GF_00785
45,4,GF_00796
45,4,GF_00810
45,4,GF_00811
45,4,GF_00814
45,4,GF_00816
45,4,GF_00819
45,4,GF_00828
45,4,GF_00843
45,4,GF_00845
45,4,GF_00856
45,4,GF_00857
45,4,GF_00860
45,4,GF_00864
45,4,GF_00866
45,4,GF_00868
45,4,GF_00869
45,4,GF_00870
45,4,GF_00871
45,4,GF_00872
45,4,GF_00873
45,4,GF_00874
45,4,GF_00887
45,4,GF_00888
45,4,GF_00895
45,4,GF_00916
45,4,GF_00927
45,4,GF_00931
45,4,GF_00933
45,4,GF_00946
45,4,GF_00947
45,4,GF_00949
45,4,GF_00957
45,4,GF_00958
45,4,GF_00959
45,4,GF_00960
45,4,GF_00963
45,4,GF_00966
45,4,GF_00968
45,4,GF_00969
45,4,GF_00970
45,4,GF_00971
45,4,GF_00972
45,4,GF_00982
45,4,GF_01004
45,4,GF_01005
45,4,GF_01012
45,4,GF_01026
45,4,GF_01027
45,4,GF_01028
45,4,GF_01054
45,4,GF_01230
45,4,GF_01231
45,4,GF_01232
45,4,GF_01233
45,4,GF_01234
45,4,GF_01235
45,4,GF_01236
45,4,GF_01237
45,4,GF_01239
45,4,GF_01240
45,4,GF_01241
45,4,GF_01242
45,4,GF_01244
45,4,GF_01245
45,4,GF_01246
45,4,GF_01247
45,4,GF_01248
45,4,GF_01266
45,4,GF_01287
45,4,GF_01290
45,4,GF_01291
45,4,GF_01292
45,4,GF_01293
45,4,GF_01297
45,4,GF_01306
45,4,GF_01314
45,4,GF_01315
45,4,GF_01327
45,4,GF_01329
45,4,GF_01330
45,4,GF_01331
45,4,GF_01332
45,4,GF_01333
45,4,GF_01334
45,4,GF_01336
45,4,GF_01337
45,4,GF_01338
45,4,GF_01357
45,4,GF_01359
45,4,GF_01372
45,4,GF_01374
45,4,GF_01375
45,4,GF_01376
45,4,GF_01377
45,4,GF_01379
45,4,GF_01381
45,4,GF_01382
45,4,GF_01383
45,4,GF_01385
45,4,GF_01386
45,4,GF_01387
45,4,GF_01390
45,4,GF_01391
45,4,GF_01393
45,4,GF_01394
45,4,GF_01395
45,4,GF_01396
45,4,GF_01397
45,4,GF_01399
45,4,GF_01400
45,4,GF_01401
45,4,GF_01404
45,4,GF_01409
45,4,GF_01425
45,4,GF_01426
45,4,GF_01428
45,4,GF_01439
45,4,GF_01445
45,4,GF_01446
45,4,GF_01448
45,4,GF_01449
45,4,GF_01456
45,4,GF_01458
45,4,GF_01460
45,4,GF_01461
45,4,GF_01462
45,4,GF_01466
45,4,GF_01476
45,4,GF_01477
45,4,GF_01479
45,4,GF_01487
45,4,GF_01502
45,4,GF_01504
45,4,GF_01512
45,4,GF_01514
45,4,GF_01527
45,4,GF_01534
45,4,GF_01535
45,4,GF_01536
45,4,GF_01537
45,4,GF_01538
45,4,GF_01539
45,4,GF_01540
45,4,GF_01541
45,4,GF_01542
45,4,GF_01543
45,4,GF_01544
45,4,GF_01547
45,4,GF_01549
45,4,GF_01550
45,4,GF_01552
45,4,GF_01553
45,4,GF_01579
45,4,GF_01580
45,4,GF_01583
45,4,GF_01584
45,4,GF_01591
45,4,GF_01592
45,4,GF_01617
45,4,GF_01618
45,4,GF_01619
45,4,GF_01620
45,4,GF_01621
45,4,GF_01623
45,4,GF_01625
45,4,GF_01626
45,4,GF_01627
45,4,GF_01628
45,4,GF_01629
45,4,GF_01633
45,4,GF_01635
45,4,GF_01636
45,4,GF_01637
45,4,GF_01638
45,4,GF_01641
45,4,GF_01643
45,4,GF_01648
45,4,GF_01659
45,4,GF_01661
45,4,GF_01673
45,4,GF_01674
45,4,GF_01675
45,4,GF_01676
45,4,GF_01677
45,4,GF_01678
45,4,GF_01679
45,4,GF_01680
45,4,GF_01681
45,4,GF_01683
45,4,GF_01684
45,4,GF_01685
45,4,GF_01688
45,4,GF_01689
45,4,GF_01690
45,4,GF_01691
45,4,GF_01692
45,4,GF_01693
45,4,GF_01732
45,4,GF_01733
45,4,GF_01734
45,4,GF_01735
45,4,GF_01736
45,4,GF_01737
45,4,GF_01741
45,4,GF_01742
45,4,GF_01745
45,4,GF_01763
45,4,GF_01770
45,4,GF_01783
45,4,GF_01799
45,4,GF_01802
45,4,GF_01805
45,4,GF_01806
45,4,GF_01807
45,4,GF_01808
45,4,GF_01809
45,4,GF_01810
45,4,GF_01811
45,4,GF_01812
45,4,GF_01813
45,4,GF_01814
45,4,GF_01815
45,4,GF_01816
45,4,GF_01818
45,4,GF_01819
45,4,GF_01822
45,4,GF_01834
45,4,GF_01836
45,4,GF_01837
45,4,GF_01840
45,4,GF_01841
45,4,GF_01842
45,4,GF_01844
45,4,GF_01856
45,4,GF_01860
45,4,GF_01866
45,4,GF_01870
45,4,GF_01872
45,4,GF_01874
45,4,GF_01885
45,4,GF_01897
45,4,GF_01898
45,4,GF_01899
45,4,GF_01900
45,4,GF_01901
45,4,GF_01902
45,4,GF_01904
45,4,GF_01919
45,4,GF_01921
45,4,GF_01925
45,4,GF_01926
45,4,GF_01927
45,4,GF_01928
45,4,GF_01929
45,4,GF_01930
45,4,GF_01945
45,4,GF_02041
45,4,GF_02059
45,4,GF_02060
45,4,GF_02069
45,4,GF_02070
45,4,GF_02071
45,4,GF_02072
45,4,GF_02074
45,4,GF_02075
45,4,GF_02076
45,4,GF_02081
45,4,GF_02084
45,4,GF_02085
45,4,GF_02088
45,4,GF_02089
45,4,GF_02091
45,4,GF_02092
45,4,GF_02093
45,4,GF_02094
45,4,GF_02101
45,4,GF_02109
45,4,GF_02110
45,4,GF_02113
45,4,GF_02122
45,4,GF_02130
45,4,GF_02131
45,4,GF_02132
45,4,GF_02136
45,4,GF_02137
45,4,GF_02138
45,4,GF_02139
45,4,GF_02140
45,4,GF_02141
45,4,GF_02142
45,4,GF_02143
45,4,GF_02145
45,4,GF_02152
45,4,GF_02157
45,4,GF_02158
45,4,GF_02168
45,4,GF_02172
45,4,GF_02178
45,4,GF_02180
45,4,GF_02184
45,4,GF_02215
45,4,GF_02216
45,4,GF_02217
45,4,GF_02218
45,4,GF_02219
45,4,GF_02220
45,4,GF_02222
45,4,GF_02223
45,4,GF_02224
45,4,GF_02225
45,4,GF_02226
45,4,GF_02227
45,4,GF_02228
45,4,GF_02229
45,4,GF_02230
45,4,GF_02260
45,4,GF_02261
45,4,GF_02262
45,4,GF_02263
45,4,GF_02264
45,4,GF_02266
45,5,GF_00002
45,5,GF_00008
45,5,GF_00012
45,5,GF_00013
45,5,GF_00014
45,5,GF_00015
45,5,GF_00017
45,5,GF_00018
45,5,GF_00036
45,5,GF_00043
45,5,GF_00044
45,5,GF_00046
45,5,GF_00047
45,5,GF_00048
45,5,GF_00049
45,5,GF_00051
45,5,GF_00052
45,5,GF_00071
45,5,GF_00072
45,5,GF_00073
45,5,GF_00074
45,5,GF_00075
45,5,GF_00076
45,5,GF_00077
45,5,GF_00078
45,5,GF_00079
45,5,GF_00080
45,5,GF_00081
45,5,GF_00082
45,5,GF_00083
45,5,GF_00084
45,5,GF_00085
45,5,GF_00087
45,5,GF_00088
45,5,GF_00093
45,5,GF_00094
45,5,GF_00104
45,5,GF_00105
45,5,GF_00106
45,5,GF_00107
45,5,GF_00108
45,5,GF_00109
45,5,GF_00111
45,5,GF_00112
45,5,GF_00113
45,5,GF_00114
45,5,GF_00115
45,5,GF_00116
45,5,GF_00117
45,5,GF_00120
45,5,GF_00121
45,5,GF_00122
45,5,GF_00123
45,5,GF_00124
45,5,GF_00125
45,5,GF_00136
45,5,GF_00137
45,5,GF_00138
45,5,GF_00139
45,5,GF_00141
45,5,GF_00142
45,5,GF_00143
45,5,GF_00155
45,5,GF_00164
45,5,GF_00170
45,5,GF_00175
45,5,GF_00178
45,5,GF_00179
45,5,GF_00180
45,5,GF_00185
45,5,GF_00220
45,5,GF_00228
45,5,GF_00229
45,5,GF_00244
45,5,GF_00251
45,5,GF_00262
45,5,GF_00281
45,5,GF_00290
45,5,GF_00296
45,5,GF_00300
45,5,GF_00302
45,5,GF_00303
45,5,GF_00305
45,5,GF_00309
45,5,GF_00311
45,5,GF_00312
45,5,GF_00313
45,5,GF_00314
45,5,GF_00315
45,5,GF_00316
45,5,GF_00317
45,5,GF_00318
45,5,GF_00319
45,5,GF_00320
45,5,GF_00321
45,5,GF_00323
45,5,GF_00324
45,5,GF_00325
45,5,GF_00326
45,5,GF_00327
45,5,GF_00329
45,5,GF_00330
45,5,GF_00331
45,5,GF_00332
45,5,GF_00333
45,5,GF_00335
45,5,GF_00336
45,5,GF_00338
45,5,GF_00339
45,5,GF_00340
45,5,GF_00341
45,5,GF_00342
45,5,GF_00343
45,5,GF_00344
45,5,GF_00346
45,5,GF_00347
45,5,GF_00348
45,5,GF_00349
45,5,GF_00350
45,5,GF_00351
45,5,GF_00352
45,5,GF_00353
45,5,GF_00355
45,5,GF_00358
45,5,GF_00360
45,5,GF_00362
45,5,GF_00363
45,5,GF_00364
45,5,GF_00365
45,5,GF_00369
45,5,GF_00381
45,5,GF_00384
45,5,GF_00385
45,5,GF_00386
45,5,GF_00387
45,5,GF_00388
45,5,GF_00391
45,5,GF_00393
45,5,GF_00394
45,5,GF_00395
45,5,GF_00396
45,5,GF_00400
45,5,GF_00401
45,5,GF_00402
45,5,GF_00403
45,5,GF_00404
45,5,GF_00405
45,5,GF_00407
45,5,GF_00408
45,5,GF_00409
45,5,GF_00410
45,5,GF_00413
45,5,GF_00414
45,5,GF_00415
45,5,GF_00417
45,5,GF_00418
45,5,GF_00422
45,5,GF_00424
45,5,GF_00426
45,5,GF_00427
45,5,GF_00428
45,5,GF_00429
45,5,GF_00430
45,5,GF_00431
45,5,GF_00432
45,5,GF_00433
45,5,GF_00434
45,5,GF_00435
45,5,GF_00436
45,5,GF_00438
45,5,GF_00440
45,5,GF_00441
45,5,GF_00455
45,5,GF_00457
45,5,GF_00458
45,5,GF_00471
45,5,GF_00472
45,5,GF_00477
45,5,GF_00480
45,5,GF_00482
45,5,GF_00488
45,5,GF_00503
45,5,GF_00522
45,5,GF_00523
45,5,GF_00524
45,5,GF_00525
45,5,GF_00527
45,5,GF_00528
45,5,GF_00529
45,5,GF_00530
45,5,GF_00531
45,5,GF_00536
45,5,GF_00538
45,5,GF_00546
45,5,GF_00547
45,5,GF_00548
45,5,GF_00549
45,5,GF_00564
45,5,GF_00565
45,5,GF_00566
45,5,GF_00569
45,5,GF_00570
45,5,GF_00572
45,5,GF_00574
45,5,GF_00578
45,5,GF_00580
45,5,GF_00588
45,5,GF_00594
45,5,GF_00595
45,5,GF_00599
45,5,GF_00600
45,5,GF_00601
45,5,GF_00603
45,5,GF_00604
45,5,GF_00605
45,5,GF_00606
45,5,GF_00607
45,5,GF_00608
45,5,GF_00609
45,5,GF_00611
45,5,GF_00612
45,5,GF_00613
45,5,GF_00614
45,5,GF_00615
45,5,GF_00616
45,5,GF_00617
45,5,GF_00618
45,5,GF_00619
45,5,GF_00620
45,5,GF_00621
45,5,GF_00622
45,5,GF_00623
45,5,GF_00624
45,5,GF_00632
45,5,GF_00633
45,5,GF_00635
45,5,GF_00636
45,5,GF_00637
45,5,GF_00638
45,5,GF_00640
45,5,GF_00641
45,5,GF_00642
45,5,GF_00643
45,5,GF_00655
45,5,GF_00658
45,5,GF_00661
45,5,GF_00669
45,5,GF_00676
45,5,GF_00683
45,5,GF_00684
45,5,GF_00687
45,5,GF_00688
45,5,GF_00695
45,5,GF_00699
45,5,GF_00702
45,5,GF_00709
45,5,GF_00722
45,5,GF_00723
45,5,GF_00724
45,5,GF_00725
45,5,GF_00726
45,5,GF_00727
45,5,GF_00728
45,5,GF_00729
45,5,GF_00732
45,5,GF_00736
45,5,GF_00740
45,5,GF_00741
45,5,GF_00744
45,5,GF_00751
45,5,GF_00755
45,5,GF_00756
45,5,GF_00761
45,5,GF_00771
45,5,GF_00773
45,5,GF_00776
45,5,GF_00777
45,5,GF_00785
45,5,GF_00796
45,5,GF_00810
45,5,GF_00811
45,5,GF_00813
45,5,GF_00814
45,5,GF_00816
45,5,GF_00819
45,5,GF_00828
45,5,GF_00843
45,5,GF_00845
45,5,GF_00856
45,5,GF_00857
45,5,GF_00860
45,5,GF_00864
45,5,GF_00866
45,5,GF_00867
45,5,GF_00868
45,5,GF_00869
45,5,GF_00870
45,5,GF_00873
45,5,GF_00874
45,5,GF_00888
45,5,GF_00895
45,5,GF_00916
45,5,GF_00927
45,5,GF_00931
45,5,GF_00932
45,5,GF_00933
45,5,GF_00946
45,5,GF_00947
45,5,GF_00949
45,5,GF_00957
45,5,GF_00958
45,5,GF_00960
45,5,GF_00963
45,5,GF_00966
45,5,GF_00968
45,5,GF_00969
45,5,GF_00970
45,5,GF_00971
45,5,GF_00972
45,5,GF_00982
45,5,GF_01004
45,5,GF_01005
45,5,GF_01012
45,5,GF_01026
45,5,GF_01027
45,5,GF_01028
45,5,GF_01054
45,5,GF_01230
45,5,GF_01231
45,5,GF_01233
45,5,GF_01234
45,5,GF_01235
45,5,GF_01236
45,5,GF_01237
45,5,GF_01239
45,5,GF_01240
45,5,GF_01241
45,5,GF_01242
45,5,GF_01244
45,5,GF_01245
45,5,GF_01246
45,5,GF_01247
45,5,GF_01248
45,5,GF_01266
45,5,GF_01287
45,5,GF_01290
45,5,GF_01292
45,5,GF_01293
45,5,GF_01297
45,5,GF_01306
45,5,GF_01314
45,5,GF_01315
45,5,GF_01327
45,5,GF_01328
45,5,GF_01329
45,5,GF_01330
45,5,GF_01331
45,5,GF_01332
45,5,GF_01333
45,5,GF_01334
45,5,GF_01336
45,5,GF_01337
45,5,GF_01338
45,5,GF_01359
45,5,GF_01372
45,5,GF_01374
45,5,GF_01375
45,5,GF_01376
45,5,GF_01377
45,5,GF_01379
45,5,GF_01381
45,5,GF_01382
45,5,GF_01383
45,5,GF_01385
45,5,GF_01387
45,5,GF_01390
45,5,GF_01391
45,5,GF_01393
45,5,GF_01394
45,5,GF_01395
45,5,GF_01396
45,5,GF_01397
45,5,GF_01399
45,5,GF_01400
45,5,GF_01401
45,5,GF_01404
45,5,GF_01409
45,5,GF_01425
45,5,GF_01426
45,5,GF_01428
45,5,GF_01439
45,5,GF_01445
45,5,GF_01446
45,5,GF_01447
45,5,GF_01448
45,5,GF_01449
45,5,GF_01456
45,5,GF_01458
45,5,GF_01460
45,5,GF_01461
45,5,GF_01466
45,5,GF_01477
45,5,GF_01479
45,5,GF_01480
45,5,GF_01481
45,5,GF_01487
45,5,GF_01502
45,5,GF_01512
45,5,GF_01514
45,5,GF_01527
45,5,GF_01534
45,5,GF_01536
45,5,GF_01538
45,5,GF_01539
45,5,GF_01540
45,5,GF_01541
45,5,GF_01542
45,5,GF_01544
45,5,GF_01547
45,5,GF_01549
45,5,GF_01550
45,5,GF_01552
45,5,GF_01553
45,5,GF_01579
45,5,GF_01580
45,5,GF_01583
45,5,GF_01584
45,5,GF_01591
45,5,GF_01592
45,5,GF_01616
45,5,GF_01617
45,5,GF_01618
45,5,GF_01619
45,5,GF_01620
45,5,GF_01621
45,5,GF_01623
45,5,GF_01625
45,5,GF_01626
45,5,GF_01627
45,5,GF_01628
45,5,GF_01629
45,5,GF_01634
45,5,GF_01636
45,5,GF_01637
45,5,GF_01638
45,5,GF_01641
45,5,GF_01648
45,5,GF_01661
45,5,GF_01673
45,5,GF_01674
45,5,GF_01675
45,5,GF_01676
45,5,GF_01677
45,5,GF_01678
45,5,GF_01679
45,5,GF_01680
45,5,GF_01681
45,5,GF_01683
45,5,GF_01684
45,5,GF_01685
45,5,GF_01688
45,5,GF_01689
45,5,GF_01690
45,5,GF_01691
45,5,GF_01692
45,5,GF_01693
45,5,GF_01732
45,5,GF_01733
45,5,GF_01734
45,5,GF_01735
45,5,GF_01736
45,5,GF_01740
45,5,GF_01741
45,5,GF_01742
45,5,GF_01745
45,5,GF_01763
45,5,GF_01783
45,5,GF_01799
45,5,GF_01802
45,5,GF_01803
45,5,GF_01805
45,5,GF_01806
45,5,GF_01807
45,5,GF_01808
45,5,GF_01809
45,5,GF_01810
45,5,GF_01811
45,5,GF_01812
45,5,GF_01813
45,5,GF_01814
45,5,GF_01815
45,5,GF_01816
45,5,GF_01818
45,5,GF_01819
45,5,GF_01822
45,5,GF_01823
45,5,GF_01834
45,5,GF_01836
45,5,GF_01837
45,5,GF_01840
45,5,GF_01841
45,5,GF_01844
45,5,GF_01856
45,5,GF_01860
45,5,GF_01866
45,5,GF_01870
45,5,GF_01872
45,5,GF_01885
45,5,GF_01897
45,5,GF_01898
45,5,GF_01899
45,5,GF_01900
45,5,GF_01902
45,5,GF_01904
45,5,GF_01919
45,5,GF_01921
45,5,GF_01926
45,5,GF_01927
45,5,GF_01928
45,5,GF_01929
45,5,GF_01930
45,5,GF_01945
45,5,GF_02041
45,5,GF_02059
45,5,GF_02060
45,5,GF_02069
45,5,GF_02070
45,5,GF_02071
45,5,GF_02072
45,5,GF_02075
45,5,GF_02076
45,5,GF_02084
45,5,GF_02085
45,5,GF_02088
45,5,GF_02089
45,5,GF_02091
45,5,GF_02092
45,5,GF_02093
45,5,GF_02094
45,5,GF_02101
45,5,GF_02109
45,5,GF_02110
45,5,GF_02113
45,5,GF_02122
45,5,GF_02130
45,5,GF_02131
45,5,GF_02132
45,5,GF_02136
45,5,GF_02137
45,5,GF_02138
45,5,GF_02139
45,5,GF_02140
45,5,GF_02141
45,5,GF_02142
45,5,GF_02143
45,5,GF_02145
45,5,GF_02152
45,5,GF_02157
45,5,GF_02158
45,5,GF_02159
45,5,GF_02172
45,5,GF_02178
45,5,GF_02180
45,5,GF_02184
45,5,GF_02215
45,5,GF_02216
45,5,GF_02217
45,5,GF_02218
45,5,GF_02219
45,5,GF_02220
45,5,GF_02222
45,5,GF_02223
45,5,GF_02224
45,5,GF_02225
45,5,GF_02226
45,5,GF_02227
45,5,GF_02228
45,5,GF_02229
45,5,GF_02230
45,5,GF_02260
45,5,GF_02261
45,5,GF_02262
45,5,GF_02263
45,5,GF_02264
45,5,GF_02266
46,1,GF_00002
46,1,GF_00008
46,1,GF_00011
46,1,GF_00012
46,1,GF_00013
46,1,GF_00014
46,1,GF_00015
46,1,GF_00016
46,1,GF_00017
46,1,GF_00018
46,1,GF_00036
46,1,GF_00043
46,1,GF_00044
46,1,GF_00046
46,1,GF_00047
46,1,GF_00048
46,1,GF_00051
46,1,GF_00052
46,1,GF_00071
46,1,GF_00072
46,1,GF_00073
46,1,GF_00074
46,1,GF_00075
46,1,GF_00076
46,1,GF_00077
46,1,GF_00078
46,1,GF_00079
46,1,GF_00080
46,1,GF_00081
46,1,GF_00082
46,1,GF_00083
46,1,GF_00084
46,1,GF_00085
46,1,GF_00087
46,1,GF_00088
46,1,GF_00093
46,1,GF_00094
46,1,GF_00104
46,1,GF_00105
46,1,GF_00106
46,1,GF_00107
46,1,GF_00108
46,1,GF_00109
46,1,GF_00110
46,1,GF_00111
46,1,GF_00112
46,1,GF_00113
46,1,GF_00114
46,1,GF_00115
46,1,GF_00116
46,1,GF_00117
46,1,GF_00120
46,1,GF_00121
46,1,GF_00122
46,1,GF_00123
46,1,GF_00124
46,1,GF_00125
46,1,GF_00136
46,1,GF_00137
46,1,GF_00138
46,1,GF_00139
46,1,GF_00141
46,1,GF_00142
46,1,GF_00143
46,1,GF_00155
46,1,GF_00164
46,1,GF_00170
46,1,GF_00175
46,1,GF_00178
46,1,GF_00179
46,1,GF_00180
46,1,GF_00185
46,1,GF_00220
46,1,GF_00228
46,1,GF_00229
46,1,GF_00235
46,1,GF_00244
46,1,GF_00251
46,1,GF_00262
46,1,GF_00281
46,1,GF_00290
46,1,GF_00296
46,1,GF_00300
46,1,GF_00302
46,1,GF_00303
46,1,GF_00309
46,1,GF_00310
46,1,GF_00311
46,1,GF_00312
46,1,GF_00313
46,1,GF_00314
46,1,GF_00315
46,1,GF_00316
46,1,GF_00317
46,1,GF_00318
46,1,GF_00319
46,1,GF_00320
46,1,GF_00321
46,1,GF_00323
46,1,GF_00324
46,1,GF_00325
46,1,GF_00326
46,1,GF_00327
46,1,GF_00329
46,1,GF_00330
46,1,GF_00331
46,1,GF_00332
46,1,GF_00333
46,1,GF_00335
46,1,GF_00336
46,1,GF_00337
46,1,GF_00338
46,1,GF_00339
46,1,GF_00340
46,1,GF_00341
46,1,GF_00342
46,1,GF_00343
46,1,GF_00344
46,1,GF_00346
46,1,GF_00347
46,1,GF_00348
46,1,GF_00349
46,1,GF_00350
46,1,GF_00351
46,1,GF_00352
46,1,GF_00353
46,1,GF_00355
46,1,GF_00358
46,1,GF_00360
46,1,GF_00362
46,1,GF_00363
46,1,GF_00364
46,1,GF_00365
46,1,GF_00369
46,1,GF_00381
46,1,GF_00384
46,1,GF_00385
46,1,GF_00386
46,1,GF_00387
46,1,GF_00388
46,1,GF_00389
46,1,GF_00390
46,1,GF_00391
46,1,GF_00393
46,1,GF_00394
46,1,GF_00395
46,1,GF_00396
46,1,GF_00400
46,1,GF_00401
46,1,GF_00402
46,1,GF_00403
46,1,GF_00404
46,1,GF_00405
46,1,GF_00406
46,1,GF_00407
46,1,GF_00408
46,1,GF_00409
46,1,GF_00410
46,1,GF_00413
46,1,GF_00414
46,1,GF_00415
46,1,GF_00417
46,1,GF_00418
46,1,GF_00419
46,1,GF_00421
46,1,GF_00422
46,1,GF_00424
46,1,GF_00426
46,1,GF_00427
46,1,GF_00428
46,1,GF_00429
46,1,GF_00430
46,1,GF_00431
46,1,GF_00432
46,1,GF_00433
46,1,GF_00434
46,1,GF_00435
46,1,GF_00436
46,1,GF_00437
46,1,GF_00438
46,1,GF_00440
46,1,GF_00441
46,1,GF_00455
46,1,GF_00457
46,1,GF_00458
46,1,GF_00471
46,1,GF_00472
46,1,GF_00477
46,1,GF_00480
46,1,GF_00482
46,1,GF_00488
46,1,GF_00503
46,1,GF_00522
46,1,GF_00523
46,1,GF_00524
46,1,GF_00525
46,1,GF_00527
46,1,GF_00528
46,1,GF_00529
46,1,GF_00530
46,1,GF_00531
46,1,GF_00536
46,1,GF_00538
46,1,GF_00546
46,1,GF_00547
46,1,GF_00548
46,1,GF_00549
46,1,GF_00564
46,1,GF_00565
46,1,GF_00566
46,1,GF_00569
46,1,GF_00570
46,1,GF_00572
46,1,GF_00574
46,1,GF_00578
46,1,GF_00580
46,1,GF_00588
46,1,GF_00594
46,1,GF_00595
46,1,GF_00596
46,1,GF_00599
46,1,GF_00600
46,1,GF_00601
46,1,GF_00603
46,1,GF_00604
46,1,GF_00605
46,1,GF_00606
46,1,GF_00607
46,1,GF_00608
46,1,GF_00609
46,1,GF_00610
46,1,GF_00611
46,1,GF_00612
46,1,GF_00613
46,1,GF_00614
46,1,GF_00615
46,1,GF_00616
46,1,GF_00617
46,1,GF_00618
46,1,GF_00619
46,1,GF_00620
46,1,GF_00621
46,1,GF_00622
46,1,GF_00623
46,1,GF_00624
46,1,GF_00632
46,1,GF_00633
46,1,GF_00634
46,1,GF_00635
46,1,GF_00636
46,1,GF_00637
46,1,GF_00638
46,1,GF_00640
46,1,GF_00641
46,1,GF_00642
46,1,GF_00643
46,1,GF_00655
46,1,GF_00658
46,1,GF_00661
46,1,GF_00669
46,1,GF_00676
46,1,GF_00680
46,1,GF_00681
46,1,GF_00682
46,1,GF_00683
46,1,GF_00684
46,1,GF_00686
46,1,GF_00688
46,1,GF_00695
46,1,GF_00699
46,1,GF_00702
46,1,GF_00709
46,1,GF_00722
46,1,GF_00723
46,1,GF_00724
46,1,GF_00725
46,1,GF_00726
46,1,GF_00727
46,1,GF_00728
46,1,GF_00729
46,1,GF_00732
46,1,GF_00736
46,1,GF_00740
46,1,GF_00741
46,1,GF_00744
46,1,GF_00751
46,1,GF_00755
46,1,GF_00756
46,1,GF_00761
46,1,GF_00771
46,1,GF_00773
46,1,GF_00776
46,1,GF_00777
46,1,GF_00785
46,1,GF_00796
46,1,GF_00810
46,1,GF_00811
46,1,GF_00813
46,1,GF_00814
46,1,GF_00815
46,1,GF_00816
46,1,GF_00819
46,1,GF_00828
46,1,GF_00843
46,1,GF_00845
46,1,GF_00857
46,1,GF_00864
46,1,GF_00865
46,1,GF_00866
46,1,GF_00868
46,1,GF_00869
46,1,GF_00870
46,1,GF_00871
46,1,GF_00872
46,1,GF_00873
46,1,GF_00874
46,1,GF_00887
46,1,GF_00888
46,1,GF_00895
46,1,GF_00916
46,1,GF_00927
46,1,GF_00931
46,1,GF_00932
46,1,GF_00933
46,1,GF_00946
46,1,GF_00947
46,1,GF_00949
46,1,GF_00957
46,1,GF_00958
46,1,GF_00959
46,1,GF_00960
46,1,GF_00963
46,1,GF_00966
46,1,GF_00967
46,1,GF_00968
46,1,GF_00969
46,1,GF_00970
46,1,GF_00971
46,1,GF_00972
46,1,GF_00982
46,1,GF_01004
46,1,GF_01005
46,1,GF_01012
46,1,GF_01026
46,1,GF_01027
46,1,GF_01028
46,1,GF_01054
46,1,GF_01230
46,1,GF_01231
46,1,GF_01232
46,1,GF_01233
46,1,GF_01234
46,1,GF_01235
46,1,GF_01236
46,1,GF_01237
46,1,GF_01239
46,1,GF_01240
46,1,GF_01241
46,1,GF_01242
46,1,GF_01244
46,1,GF_01245
46,1,GF_01246
46,1,GF_01247
46,1,GF_01248
46,1,GF_01266
46,1,GF_01287
46,1,GF_01290
46,1,GF_01291
46,1,GF_01292
46,1,GF_01293
46,1,GF_01297
46,1,GF_01306
46,1,GF_01314
46,1,GF_01315
46,1,GF_01327
46,1,GF_01328
46,1,GF_01329
46,1,GF_01330
46,1,GF_01331
46,1,GF_01332
46,1,GF_01333
46,1,GF_01334
46,1,GF_01335
46,1,GF_01336
46,1,GF_01337
46,1,GF_01338
46,1,GF_01359
46,1,GF_01372
46,1,GF_01374
46,1,GF_01375
46,1,GF_01376
46,1,GF_01377
46,1,GF_01379
46,1,GF_01381
46,1,GF_01382
46,1,GF_01383
46,1,GF_01385
46,1,GF_01387
46,1,GF_01390
46,1,GF_01391
46,1,GF_01393
46,1,GF_01394
46,1,GF_01395
46,1,GF_01396
46,1,GF_01397
46,1,GF_01398
46,1,GF_01399
46,1,GF_01400
46,1,GF_01401
46,1,GF_01404
46,1,GF_01409
46,1,GF_01425
46,1,GF_01426
46,1,GF_01428
46,1,GF_01439
46,1,GF_01445
46,1,GF_01446
46,1,GF_01447
46,1,GF_01448
46,1,GF_01449
46,1,GF_01456
46,1,GF_01458
46,1,GF_01460
46,1,GF_01461
46,1,GF_01462
46,1,GF_01466
46,1,GF_01476
46,1,GF_01477
46,1,GF_01478
46,1,GF_01479
46,1,GF_01480
46,1,GF_01487
46,1,GF_01502
46,1,GF_01512
46,1,GF_01514
46,1,GF_01527
46,1,GF_01534
46,1,GF_01536
46,1,GF_01537
46,1,GF_01538
46,1,GF_01539
46,1,GF_01540
46,1,GF_01541
46,1,GF_01542
46,1,GF_01544
46,1,GF_01547
46,1,GF_01549
46,1,GF_01550
46,1,GF_01552
46,1,GF_01553
46,1,GF_01579
46,1,GF_01580
46,1,GF_01583
46,1,GF_01584
46,1,GF_01591
46,1,GF_01592
46,1,GF_01616
46,1,GF_01617
46,1,GF_01618
46,1,GF_01619
46,1,GF_01620
46,1,GF_01621
46,1,GF_01623
46,1,GF_01625
46,1,GF_01626
46,1,GF_01627
46,1,GF_01628
46,1,GF_01629
46,1,GF_01630
46,1,GF_01634
46,1,GF_01636
46,1,GF_01637
46,1,GF_01638
46,1,GF_01639
46,1,GF_01641
46,1,GF_01648
46,1,GF_01661
46,1,GF_01672
46,1,GF_01673
46,1,GF_01674
46,1,GF_01675
46,1,GF_01676
46,1,GF_01677
46,1,GF_01678
46,1,GF_01679
46,1,GF_01680
46,1,GF_01681
46,1,GF_01684
46,1,GF_01685
46,1,GF_01688
46,1,GF_01689
46,1,GF_01690
46,1,GF_01691
46,1,GF_01692
46,1,GF_01693
46,1,GF_01732
46,1,GF_01733
46,1,GF_01734
46,1,GF_01735
46,1,GF_01736
46,1,GF_01737
46,1,GF_01740
46,1,GF_01741
46,1,GF_01742
46,1,GF_01745
46,1,GF_01763
46,1,GF_01783
46,1,GF_01799
46,1,GF_01802
46,1,GF_01803
46,1,GF_01805
46,1,GF_01806
46,1,GF_01807
46,1,GF_01808
46,1,GF_01809
46,1,GF_01810
46,1,GF_01811
46,1,GF_01812
46,1,GF_01813
46,1,GF_01814
46,1,GF_01815
46,1,GF_01816
46,1,GF_01818
46,1,GF_01819
46,1,GF_01822
46,1,GF_01823
46,1,GF_01834
46,1,GF_01836
46,1,GF_01837
46,1,GF_01840
46,1,GF_01841
46,1,GF_01842
46,1,GF_01844
46,1,GF_01856
46,1,GF_01860
46,1,GF_01866
46,1,GF_01870
46,1,GF_01872
46,1,GF_01885
46,1,GF_01897
46,1,GF_01898
46,1,GF_01899
46,1,GF_01900
46,1,GF_01901
46,1,GF_01902
46,1,GF_01904
46,1,GF_01919
46,1,GF_01921
46,1,GF_01923
46,1,GF_01925
46,1,GF_01926
46,1,GF_01927
46,1,GF_01928
46,1,GF_01929
46,1,GF_01930
46,1,GF_01945
46,1,GF_02041
46,1,GF_02060
46,1,GF_02069
46,1,GF_02070
46,1,GF_02071
46,1,GF_02072
46,1,GF_02074
46,1,GF_02075
46,1,GF_02076
46,1,GF_02084
46,1,GF_02085
46,1,GF_02088
46,1,GF_02089
46,1,GF_02091
46,1,GF_02092
46,1,GF_02093
46,1,GF_02094
46,1,GF_02101
46,1,GF_02109
46,1,GF_02110
46,1,GF_02113
46,1,GF_02122
46,1,GF_02130
46,1,GF_02131
46,1,GF_02132
46,1,GF_02136
46,1,GF_02137
46,1,GF_02138
46,1,GF_02139
46,1,GF_02140
46,1,GF_02141
46,1,GF_02142
46,1,GF_02143
46,1,GF_02145
46,1,GF_02152
46,1,GF_02157
46,1,GF_02158
46,1,GF_02159
46,1,GF_02172
46,1,GF_02178
46,1,GF_02180
46,1,GF_02184
46,1,GF_02194
46,1,GF_02215
46,1,GF_02216
46,1,GF_02217
46,1,GF_02218
46,1,GF_02219
46,1,GF_02220
46,1,GF_02222
46,1,GF_02223
46,1,GF_02224
46,1,GF_02225
46,1,GF_02226
46,1,GF_02227
46,1,GF_02228
46,1,GF_02229
46,1,GF_02230
46,1,GF_02260
46,1,GF_02261
46,1,GF_02262
46,1,GF_02263
46,1,GF_02264
46,1,GF_02265
46,1,GF_02266
46,2,GF_00002
46,2,GF_00008
46,2,GF_00011
46,2,GF_00013
46,2,GF_00014
46,2,GF_00015
46,2,GF_00017
46,2,GF_00018
46,2,GF_00036
46,2,GF_00043
46,2,GF_00044
46,2,GF_00046
46,2,GF_00047
46,2,GF_00048
46,2,GF_00049
46,2,GF_00051
46,2,GF_00052
46,2,GF_00071
46,2,GF_00072
46,2,GF_00073
46,2,GF_00074
46,2,GF_00075
46,2,GF_00076
46,2,GF_00077
46,2,GF_00078
46,2,GF_00079
46,2,GF_00080
46,2,GF_00081
46,2,GF_00082
46,2,GF_00083
46,2,GF_00084
46,2,GF_00085
46,2,GF_00087
46,2,GF_00088
46,2,GF_00093
46,2,GF_00094
46,2,GF_00104
46,2,GF_00105
46,2,GF_00106
46,2,GF_00107
46,2,GF_00108
46,2,GF_00109
46,2,GF_00111
46,2,GF_00112
46,2,GF_00113
46,2,GF_00114
46,2,GF_00115
46,2,GF_00116
46,2,GF_00117
46,2,GF_00120
46,2,GF_00121
46,2,GF_00122
46,2,GF_00123
46,2,GF_00124
46,2,GF_00125
46,2,GF_00136
46,2,GF_00137
46,2,GF_00138
46,2,GF_00139
46,2,GF_00141
46,2,GF_00142
46,2,GF_00143
46,2,GF_00155
46,2,GF_00164
46,2,GF_00170
46,2,GF_00175
46,2,GF_00178
46,2,GF_00179
46,2,GF_00180
46,2,GF_00185
46,2,GF_00205
46,2,GF_00208
46,2,GF_00219
46,2,GF_00220
46,2,GF_00228
46,2,GF_00229
46,2,GF_00235
46,2,GF_00244
46,2,GF_00250
46,2,GF_00251
46,2,GF_00262
46,2,GF_00275
46,2,GF_00281
46,2,GF_00282
46,2,GF_00290
46,2,GF_00296
46,2,GF_00300
46,2,GF_00302
46,2,GF_00303
46,2,GF_00305
46,2,GF_00309
46,2,GF_00311
46,2,GF_00312
46,2,GF_00313
46,2,GF_00314
46,2,GF_00315
46,2,GF_00316
46,2,GF_00317
46,2,GF_00318
46,2,GF_00319
46,2,GF_00320
46,2,GF_00321
46,2,GF_00323
46,2,GF_00324
46,2,GF_00325
46,2,GF_00326
46,2,GF_00327
46,2,GF_00329
46,2,GF_00330
46,2,GF_00331
46,2,GF_00332
46,2,GF_00333
46,2,GF_00335
46,2,GF_00336
46,2,GF_00338
46,2,GF_00339
46,2,GF_00340
46,2,GF_00341
46,2,GF_00342
46,2,GF_00343
46,2,GF_00344
46,2,GF_00345
46,2,GF_00346
46,2,GF_00347
46,2,GF_00348
46,2,GF_00349
46,2,GF_00350
46,2,GF_00351
46,2,GF_00352
46,2,GF_00353
46,2,GF_00355
46,2,GF_00357
46,2,GF_00358
46,2,GF_00359
46,2,GF_00360
46,2,GF_00362
46,2,GF_00363
46,2,GF_00364
46,2,GF_00365
46,2,GF_00369
46,2,GF_00377
46,2,GF_00378
46,2,GF_00381
46,2,GF_00384
46,2,GF_00385
46,2,GF_00386
46,2,GF_00387
46,2,GF_00388
46,2,GF_00389
46,2,GF_00390
46,2,GF_00391
46,2,GF_00392
46,2,GF_00393
46,2,GF_00394
46,2,GF_00395
46,2,GF_00396
46,2,GF_00398
46,2,GF_00400
46,2,GF_00401
46,2,GF_00402
46,2,GF_00403
46,2,GF_00404
46,2,GF_00405
46,2,GF_00406
46,2,GF_00407
46,2,GF_00408
46,2,GF_00409
46,2,GF_00410
46,2,GF_00411
46,2,GF_00413
46,2,GF_00414
46,2,GF_00415
46,2,GF_00416
46,2,GF_00417
46,2,GF_00418
46,2,GF_00419
46,2,GF_00420
46,2,GF_00421
46,2,GF_00422
46,2,GF_00424
46,2,GF_00426
46,2,GF_00427
46,2,GF_00428
46,2,GF_00429
46,2,GF_00430
46,2,GF_00431
46,2,GF_00432
46,2,GF_00433
46,2,GF_00434
46,2,GF_00435
46,2,GF_00436
46,2,GF_00437
46,2,GF_00438
46,2,GF_00440
46,2,GF_00441
46,2,GF_00455
46,2,GF_00457
46,2,GF_00458
46,2,GF_00470
46,2,GF_00471
46,2,GF_00472
46,2,GF_00474
46,2,GF_00477
46,2,GF_00480
46,2,GF_00482
46,2,GF_00484
46,2,GF_00488
46,2,GF_00489
46,2,GF_00491
46,2,GF_00492
46,2,GF_00503
46,2,GF_00522
46,2,GF_00523
46,2,GF_00524
46,2,GF_00525
46,2,GF_00527
46,2,GF_00528
46,2,GF_00529
46,2,GF_00530
46,2,GF_00531
46,2,GF_00536
46,2,GF_00538
46,2,GF_00546
46,2,GF_00547
46,2,GF_00548
46,2,GF_00549
46,2,GF_00564
46,2,GF_00565
46,2,GF_00566
46,2,GF_00569
46,2,GF_00570
46,2,GF_00572
46,2,GF_00574
46,2,GF_00578
46,2,GF_00580
46,2,GF_00588
46,2,GF_00593
46,2,GF_00594
46,2,GF_00595
46,2,GF_00599
46,2,GF_00600
46,2,GF_00601
46,2,GF_00602
46,2,GF_00603
46,2,GF_00604
46,2,GF_00605
46,2,GF_00606
46,2,GF_00607
46,2,GF_00608
46,2,GF_00609
46,2,GF_00611
46,2,GF_00612
46,2,GF_00613
46,2,GF_00614
46,2,GF_00615
46,2,GF_00616
46,2,GF_00617
46,2,GF_00618
46,2,GF_00619
46,2,GF_00620
46,2,GF_00621
46,2,GF_00622
46,2,GF_00623
46,2,GF_00624
46,2,GF_00632
46,2,GF_00633
46,2,GF_00635
46,2,GF_00636
46,2,GF_00637
46,2,GF_00638
46,2,GF_00640
46,2,GF_00641
46,2,GF_00642
46,2,GF_00643
46,2,GF_00647
46,2,GF_00655
46,2,GF_00658
46,2,GF_00659
46,2,GF_00661
46,2,GF_00666
46,2,GF_00669
46,2,GF_00675
46,2,GF_00676
46,2,GF_00680
46,2,GF_00681
46,2,GF_00682
46,2,GF_00683
46,2,GF_00684
46,2,GF_00687
46,2,GF_00688
46,2,GF_00695
46,2,GF_00699
46,2,GF_00702
46,2,GF_00704
46,2,GF_00708
46,2,GF_00709
46,2,GF_00717
46,2,GF_00722
46,2,GF_00723
46,2,GF_00724
46,2,GF_00725
46,2,GF_00726
46,2,GF_00727
46,2,GF_00728
46,2,GF_00729
46,2,GF_00732
46,2,GF_00736
46,2,GF_00740
46,2,GF_00741
46,2,GF_00744
46,2,GF_00749
46,2,GF_00751
46,2,GF_00755
46,2,GF_00756
46,2,GF_00761
46,2,GF_00770
46,2,GF_00771
46,2,GF_00773
46,2,GF_00776
46,2,GF_00777
46,2,GF_00785
46,2,GF_00793
46,2,GF_00796
46,2,GF_00810
46,2,GF_00811
46,2,GF_00813
46,2,GF_00814
46,2,GF_00816
46,2,GF_00819
46,2,GF_00826
46,2,GF_00827
46,2,GF_00828
46,2,GF_00843
46,2,GF_00845
46,2,GF_00856
46,2,GF_00857
46,2,GF_00860
46,2,GF_00864
46,2,GF_00866
46,2,GF_00867
46,2,GF_00868
46,2,GF_00869
46,2,GF_00870
46,2,GF_00871
46,2,GF_00872
46,2,GF_00873
46,2,GF_00874
46,2,GF_00887
46,2,GF_00888
46,2,GF_00893
46,2,GF_00895
46,2,GF_00916
46,2,GF_00918
46,2,GF_00927
46,2,GF_00930
46,2,GF_00931
46,2,GF_00932
46,2,GF_00933
46,2,GF_00934
46,2,GF_00946
46,2,GF_00947
46,2,GF_00949
46,2,GF_00952
46,2,GF_00957
46,2,GF_00958
46,2,GF_00959
46,2,GF_00960
46,2,GF_00963
46,2,GF_00966
46,2,GF_00968
46,2,GF_00969
46,2,GF_00970
46,2,GF_00971
46,2,GF_00972
46,2,GF_00982
46,2,GF_00992
46,2,GF_01004
46,2,GF_01005
46,2,GF_01012
46,2,GF_01016
46,2,GF_01018
46,2,GF_01026
46,2,GF_01027
46,2,GF_01028
46,2,GF_01054
46,2,GF_01230
46,2,GF_01231
46,2,GF_01232
46,2,GF_01233
46,2,GF_01234
46,2,GF_01235
46,2,GF_01236
46,2,GF_01237
46,2,GF_01238
46,2,GF_01239
46,2,GF_01240
46,2,GF_01241
46,2,GF_01242
46,2,GF_01243
46,2,GF_01244
46,2,GF_01245
46,2,GF_01246
46,2,GF_01247
46,2,GF_01248
46,2,GF_01253
46,2,GF_01266
46,2,GF_01279
46,2,GF_01282
46,2,GF_01287
46,2,GF_01290
46,2,GF_01291
46,2,GF_01292
46,2,GF_01293
46,2,GF_01297
46,2,GF_01306
46,2,GF_01314
46,2,GF_01315
46,2,GF_01324
46,2,GF_01327
46,2,GF_01328
46,2,GF_01329
46,2,GF_01330
46,2,GF_01331
46,2,GF_01332
46,2,GF_01333
46,2,GF_01334
46,2,GF_01336
46,2,GF_01337
46,2,GF_01338
46,2,GF_01356
46,2,GF_01357
46,2,GF_01359
46,2,GF_01365
46,2,GF_01372
46,2,GF_01373
46,2,GF_01374
46,2,GF_01375
46,2,GF_01376
46,2,GF_01377
46,2,GF_01378
46,2,GF_01379
46,2,GF_01380
46,2,GF_01381
46,2,GF_01382
46,2,GF_01383
46,2,GF_01384
46,2,GF_01385
46,2,GF_01386
46,2,GF_01387
46,2,GF_01388
46,2,GF_01390
46,2,GF_01391
46,2,GF_01393
46,2,GF_01394
46,2,GF_01395
46,2,GF_01396
46,2,GF_01397
46,2,GF_01399
46,2,GF_01400
46,2,GF_01401
46,2,GF_01403
46,2,GF_01404
46,2,GF_01405
46,2,GF_01407
46,2,GF_01408
46,2,GF_01409
46,2,GF_01425
46,2,GF_01426
46,2,GF_01428
46,2,GF_01439
46,2,GF_01445
46,2,GF_01446
46,2,GF_01447
46,2,GF_01448
46,2,GF_01449
46,2,GF_01456
46,2,GF_01458
46,2,GF_01460
46,2,GF_01461
46,2,GF_01462
46,2,GF_01464
46,2,GF_01466
46,2,GF_01469
46,2,GF_01472
46,2,GF_01477
46,2,GF_01479
46,2,GF_01480
46,2,GF_01487
46,2,GF_01489
46,2,GF_01492
46,2,GF_01495
46,2,GF_01502
46,2,GF_01504
46,2,GF_01512
46,2,GF_01514
46,2,GF_01518
46,2,GF_01527
46,2,GF_01534
46,2,GF_01535
46,2,GF_01536
46,2,GF_01537
46,2,GF_01538
46,2,GF_01539
46,2,GF_01540
46,2,GF_01541
46,2,GF_01542
46,2,GF_01543
46,2,GF_01544
46,2,GF_01546
46,2,GF_01547
46,2,GF_01548
46,2,GF_01549
46,2,GF_01550
46,2,GF_01552
46,2,GF_01553
46,2,GF_01579
46,2,GF_01580
46,2,GF_01583
46,2,GF_01584
46,2,GF_01587
46,2,GF_01588
46,2,GF_01591
46,2,GF_01592
46,2,GF_01598
46,2,GF_01609
46,2,GF_01616
46,2,GF_01617
46,2,GF_01618
46,2,GF_01619
46,2,GF_01620
46,2,GF_01621
46,2,GF_01623
46,2,GF_01625
46,2,GF_01626
46,2,GF_01627
46,2,GF_01629
46,2,GF_01633
46,2,GF_01634
46,2,GF_01635
46,2,GF_01636
46,2,GF_01637
46,2,GF_01638
46,2,GF_01639
46,2,GF_01640
46,2,GF_01641
46,2,GF_01643
46,2,GF_01644
46,2,GF_01648
46,2,GF_01649
46,2,GF_01654
46,2,GF_01659
46,2,GF_01661
46,2,GF_01672
46,2,GF_01673
46,2,GF_01674
46,2,GF_01675
46,2,GF_01676
46,2,GF_01677
46,2,GF_01678
46,2,GF_01679
46,2,GF_01680
46,2,GF_01681
46,2,GF_01683
46,2,GF_01684
46,2,GF_01685
46,2,GF_01688
46,2,GF_01689
46,2,GF_01690
46,2,GF_01691
46,2,GF_01692
46,2,GF_01693
46,2,GF_01732
46,2,GF_01733
46,2,GF_01734
46,2,GF_01735
46,2,GF_01736
46,2,GF_01740
46,2,GF_01741
46,2,GF_01742
46,2,GF_01745
46,2,GF_01763
46,2,GF_01770
46,2,GF_01782
46,2,GF_01783
46,2,GF_01799
46,2,GF_01802
46,2,GF_01803
46,2,GF_01805
46,2,GF_01806
46,2,GF_01807
46,2,GF_01808
46,2,GF_01809
46,2,GF_01810
46,2,GF_01811
46,2,GF_01812
46,2,GF_01813
46,2,GF_01814
46,2,GF_01815
46,2,GF_01816
46,2,GF_01817
46,2,GF_01818
46,2,GF_01819
46,2,GF_01822
46,2,GF_01823
46,2,GF_01824
46,2,GF_01834
46,2,GF_01836
46,2,GF_01837
46,2,GF_01840
46,2,GF_01841
46,2,GF_01842
46,2,GF_01844
46,2,GF_01850
46,2,GF_01856
46,2,GF_01857
46,2,GF_01860
46,2,GF_01866
46,2,GF_01868
46,2,GF_01870
46,2,GF_01872
46,2,GF_01875
46,2,GF_01885
46,2,GF_01897
46,2,GF_01898
46,2,GF_01899
46,2,GF_01900
46,2,GF_01901
46,2,GF_01902
46,2,GF_01904
46,2,GF_01919
46,2,GF_01921
46,2,GF_01925
46,2,GF_01926
46,2,GF_01927
46,2,GF_01928
46,2,GF_01929
46,2,GF_01930
46,2,GF_01945
46,2,GF_02059
46,2,GF_02060
46,2,GF_02069
46,2,GF_02070
46,2,GF_02071
46,2,GF_02072
46,2,GF_02074
46,2,GF_02075
46,2,GF_02081
46,2,GF_02084
46,2,GF_02085
46,2,GF_02086
46,2,GF_02087
46,2,GF_02089
46,2,GF_02090
46,2,GF_02091
46,2,GF_02092
46,2,GF_02093
46,2,GF_02094
46,2,GF_02101
46,2,GF_02109
46,2,GF_02110
46,2,GF_02113
46,2,GF_02120
46,2,GF_02122
46,2,GF_02130
46,2,GF_02131
46,2,GF_02136
46,2,GF_02137
46,2,GF_02138
46,2,GF_02139
46,2,GF_02140
46,2,GF_02141
46,2,GF_02142
46,2,GF_02143
46,2,GF_02145
46,2,GF_02152
46,2,GF_02157
46,2,GF_02158
46,2,GF_02159
46,2,GF_02168
46,2,GF_02172
46,2,GF_02178
46,2,GF_02180
46,2,GF_02184
46,2,GF_02192
46,2,GF_02194
46,2,GF_02215
46,2,GF_02216
46,2,GF_02217
46,2,GF_02218
46,2,GF_02219
46,2,GF_02220
46,2,GF_02222
46,2,GF_02223
46,2,GF_02224
46,2,GF_02225
46,2,GF_02226
46,2,GF_02227
46,2,GF_02228
46,2,GF_02229
46,2,GF_02230
46,2,GF_02260
46,2,GF_02261
46,2,GF_02262
46,2,GF_02263
46,2,GF_02264
46,2,GF_02266
46,3,GF_00002
46,3,GF_00008
46,3,GF_00011
46,3,GF_00012
46,3,GF_00013
46,3,GF_00014
46,3,GF_00015
46,3,GF_00017
46,3,GF_00018
46,3,GF_00036
46,3,GF_00043
46,3,GF_00044
46,3,GF_00046
46,3,GF_00047
46,3,GF_00048
46,3,GF_00049
46,3,GF_00051
46,3,GF_00052
46,3,GF_00071
46,3,GF_00072
46,3,GF_00073
46,3,GF_00074
46,3,GF_00075
46,3,GF_00076
46,3,GF_00077
46,3,GF_00078
46,3,GF_00079
46,3,GF_00080
46,3,GF_00081
46,3,GF_00082
46,3,GF_00083
46,3,GF_00084
46,3,GF_00085
46,3,GF_00087
46,3,GF_00088
46,3,GF_00093
46,3,GF_00094
46,3,GF_00104
46,3,GF_00105
46,3,GF_00106
46,3,GF_00107
46,3,GF_00108
46,3,GF_00109
46,3,GF_00110
46,3,GF_00111
46,3,GF_00112
46,3,GF_00113
46,3,GF_00114
46,3,GF_00115
46,3,GF_00116
46,3,GF_00117
46,3,GF_00119
46,3,GF_00120
46,3,GF_00121
46,3,GF_00122
46,3,GF_00123
46,3,GF_00124
46,3,GF_00125
46,3,GF_00136
46,3,GF_00137
46,3,GF_00138
46,3,GF_00139
46,3,GF_00141
46,3,GF_00142
46,3,GF_00143
46,3,GF_00155
46,3,GF_00164
46,3,GF_00170
46,3,GF_00175
46,3,GF_00178
46,3,GF_00179
46,3,GF_00180
46,3,GF_00181
46,3,GF_00185
46,3,GF_00208
46,3,GF_00220
46,3,GF_00228
46,3,GF_00229
46,3,GF_00235
46,3,GF_00244
46,3,GF_00250
46,3,GF_00251
46,3,GF_00262
46,3,GF_00281
46,3,GF_00290
46,3,GF_00296
46,3,GF_00300
46,3,GF_00302
46,3,GF_00303
46,3,GF_00305
46,3,GF_00309
46,3,GF_00310
46,3,GF_00311
46,3,GF_00312
46,3,GF_00313
46,3,GF_00314
46,3,GF_00315
46,3,GF_00316
46,3,GF_00317
46,3,GF_00318
46,3,GF_00319
46,3,GF_00320
46,3,GF_00321
46,3,GF_00322
46,3,GF_00323
46,3,GF_00324
46,3,GF_00325
46,3,GF_00326
46,3,GF_00327
46,3,GF_00329
46,3,GF_00330
46,3,GF_00331
46,3,GF_00332
46,3,GF_00333
46,3,GF_00335
46,3,GF_00336
46,3,GF_00338
46,3,GF_00339
46,3,GF_00340
46,3,GF_00341
46,3,GF_00342
46,3,GF_00343
46,3,GF_00344
46,3,GF_00346
46,3,GF_00347
46,3,GF_00349
46,3,GF_00350
46,3,GF_00351
46,3,GF_00352
46,3,GF_00353
46,3,GF_00355
46,3,GF_00358
46,3,GF_00360
46,3,GF_00362
46,3,GF_00363
46,3,GF_00364
46,3,GF_00365
46,3,GF_00369
46,3,GF_00381
46,3,GF_00384
46,3,GF_00385
46,3,GF_00386
46,3,GF_00387
46,3,GF_00388
46,3,GF_00389
46,3,GF_00390
46,3,GF_00391
46,3,GF_00393
46,3,GF_00394
46,3,GF_00395
46,3,GF_00396
46,3,GF_00400
46,3,GF_00401
46,3,GF_00402
46,3,GF_00403
46,3,GF_00404
46,3,GF_00405
46,3,GF_00406
46,3,GF_00407
46,3,GF_00408
46,3,GF_00409
46,3,GF_00410
46,3,GF_00413
46,3,GF_00414
46,3,GF_00415
46,3,GF_00417
46,3,GF_00418
46,3,GF_00419
46,3,GF_00421
46,3,GF_00422
46,3,GF_00424
46,3,GF_00426
46,3,GF_00427
46,3,GF_00428
46,3,GF_00429
46,3,GF_00430
46,3,GF_00431
46,3,GF_00432
46,3,GF_00433
46,3,GF_00434
46,3,GF_00435
46,3,GF_00436
46,3,GF_00437
46,3,GF_00438
46,3,GF_00440
46,3,GF_00441
46,3,GF_00455
46,3,GF_00456
46,3,GF_00457
46,3,GF_00458
46,3,GF_00459
46,3,GF_00460
46,3,GF_00471
46,3,GF_00472
46,3,GF_00480
46,3,GF_00488
46,3,GF_00489
46,3,GF_00491
46,3,GF_00503
46,3,GF_00522
46,3,GF_00523
46,3,GF_00524
46,3,GF_00525
46,3,GF_00527
46,3,GF_00528
46,3,GF_00529
46,3,GF_00530
46,3,GF_00531
46,3,GF_00536
46,3,GF_00538
46,3,GF_00546
46,3,GF_00547
46,3,GF_00548
46,3,GF_00549
46,3,GF_00564
46,3,GF_00565
46,3,GF_00566
46,3,GF_00569
46,3,GF_00570
46,3,GF_00572
46,3,GF_00574
46,3,GF_00578
46,3,GF_00580
46,3,GF_00588
46,3,GF_00594
46,3,GF_00595
46,3,GF_00599
46,3,GF_00600
46,3,GF_00601
46,3,GF_00602
46,3,GF_00603
46,3,GF_00604
46,3,GF_00605
46,3,GF_00606
46,3,GF_00607
46,3,GF_00608
46,3,GF_00609
46,3,GF_00611
46,3,GF_00612
46,3,GF_00613
46,3,GF_00614
46,3,GF_00615
46,3,GF_00617
46,3,GF_00618
46,3,GF_00619
46,3,GF_00620
46,3,GF_00621
46,3,GF_00622
46,3,GF_00623
46,3,GF_00624
46,3,GF_00632
46,3,GF_00633
46,3,GF_00635
46,3,GF_00636
46,3,GF_00637
46,3,GF_00638
46,3,GF_00640
46,3,GF_00641
46,3,GF_00642
46,3,GF_00643
46,3,GF_00655
46,3,GF_00658
46,3,GF_00659
46,3,GF_00661
46,3,GF_00669
46,3,GF_00676
46,3,GF_00680
46,3,GF_00681
46,3,GF_00682
46,3,GF_00683
46,3,GF_00684
46,3,GF_00688
46,3,GF_00695
46,3,GF_00699
46,3,GF_00702
46,3,GF_00709
46,3,GF_00722
46,3,GF_00723
46,3,GF_00724
46,3,GF_00725
46,3,GF_00726
46,3,GF_00727
46,3,GF_00728
46,3,GF_00729
46,3,GF_00732
46,3,GF_00736
46,3,GF_00740
46,3,GF_00741
46,3,GF_00744
46,3,GF_00751
46,3,GF_00755
46,3,GF_00756
46,3,GF_00761
46,3,GF_00771
46,3,GF_00773
46,3,GF_00776
46,3,GF_00777
46,3,GF_00796
46,3,GF_00810
46,3,GF_00811
46,3,GF_00813
46,3,GF_00814
46,3,GF_00819
46,3,GF_00828
46,3,GF_00845
46,3,GF_00857
46,3,GF_00860
46,3,GF_00864
46,3,GF_00866
46,3,GF_00867
46,3,GF_00868
46,3,GF_00869
46,3,GF_00870
46,3,GF_00871
46,3,GF_00872
46,3,GF_00873
46,3,GF_00874
46,3,GF_00888
46,3,GF_00895
46,3,GF_00916
46,3,GF_00931
46,3,GF_00932
46,3,GF_00933
46,3,GF_00946
46,3,GF_00947
46,3,GF_00949
46,3,GF_00957
46,3,GF_00958
46,3,GF_00959
46,3,GF_00960
46,3,GF_00963
46,3,GF_00966
46,3,GF_00968
46,3,GF_00969
46,3,GF_00970
46,3,GF_00971
46,3,GF_00982
46,3,GF_01005
46,3,GF_01026
46,3,GF_01027
46,3,GF_01028
46,3,GF_01054
46,3,GF_01230
46,3,GF_01231
46,3,GF_01232
46,3,GF_01233
46,3,GF_01234
46,3,GF_01235
46,3,GF_01236
46,3,GF_01237
46,3,GF_01239
46,3,GF_01240
46,3,GF_01241
46,3,GF_01242
46,3,GF_01244
46,3,GF_01245
46,3,GF_01246
46,3,GF_01247
46,3,GF_01248
46,3,GF_01266
46,3,GF_01287
46,3,GF_01290
46,3,GF_01291
46,3,GF_01292
46,3,GF_01293
46,3,GF_01297
46,3,GF_01306
46,3,GF_01314
46,3,GF_01315
46,3,GF_01327
46,3,GF_01329
46,3,GF_01330
46,3,GF_01331
46,3,GF_01332
46,3,GF_01333
46,3,GF_01334
46,3,GF_01336
46,3,GF_01337
46,3,GF_01338
46,3,GF_01357
46,3,GF_01372
46,3,GF_01374
46,3,GF_01375
46,3,GF_01376
46,3,GF_01377
46,3,GF_01379
46,3,GF_01381
46,3,GF_01382
46,3,GF_01383
46,3,GF_01385
46,3,GF_01386
46,3,GF_01387
46,3,GF_01390
46,3,GF_01391
46,3,GF_01392
46,3,GF_01393
46,3,GF_01394
46,3,GF_01395
46,3,GF_01396
46,3,GF_01397
46,3,GF_01399
46,3,GF_01400
46,3,GF_01401
46,3,GF_01409
46,3,GF_01425
46,3,GF_01426
46,3,GF_01428
46,3,GF_01439
46,3,GF_01445
46,3,GF_01446
46,3,GF_01447
46,3,GF_01448
46,3,GF_01449
46,3,GF_01456
46,3,GF_01458
46,3,GF_01460
46,3,GF_01461
46,3,GF_01462
46,3,GF_01466
46,3,GF_01477
46,3,GF_01479
46,3,GF_01480
46,3,GF_01481
46,3,GF_01487
46,3,GF_01502
46,3,GF_01512
46,3,GF_01514
46,3,GF_01527
46,3,GF_01534
46,3,GF_01535
46,3,GF_01536
46,3,GF_01537
46,3,GF_01538
46,3,GF_01539
46,3,GF_01540
46,3,GF_01541
46,3,GF_01542
46,3,GF_01543
46,3,GF_01544
46,3,GF_01547
46,3,GF_01549
46,3,GF_01550
46,3,GF_01552
46,3,GF_01553
46,3,GF_01579
46,3,GF_01580
46,3,GF_01583
46,3,GF_01584
46,3,GF_01591
46,3,GF_01592
46,3,GF_01616
46,3,GF_01617
46,3,GF_01618
46,3,GF_01619
46,3,GF_01620
46,3,GF_01621
46,3,GF_01623
46,3,GF_01625
46,3,GF_01626
46,3,GF_01627
46,3,GF_01628
46,3,GF_01629
46,3,GF_01634
46,3,GF_01635
46,3,GF_01636
46,3,GF_01637
46,3,GF_01638
46,3,GF_01639
46,3,GF_01641
46,3,GF_01643
46,3,GF_01648
46,3,GF_01661
46,3,GF_01672
46,3,GF_01673
46,3,GF_01674
46,3,GF_01675
46,3,GF_01676
46,3,GF_01677
46,3,GF_01678
46,3,GF_01679
46,3,GF_01680
46,3,GF_01681
46,3,GF_01683
46,3,GF_01684
46,3,GF_01685
46,3,GF_01688
46,3,GF_01689
46,3,GF_01690
46,3,GF_01691
46,3,GF_01692
46,3,GF_01693
46,3,GF_01732
46,3,GF_01733
46,3,GF_01734
46,3,GF_01735
46,3,GF_01736
46,3,GF_01737
46,3,GF_01740
46,3,GF_01741
46,3,GF_01742
46,3,GF_01745
46,3,GF_01763
46,3,GF_01783
46,3,GF_01798
46,3,GF_01799
46,3,GF_01801
46,3,GF_01802
46,3,GF_01803
46,3,GF_01805
46,3,GF_01806
46,3,GF_01807
46,3,GF_01808
46,3,GF_01809
46,3,GF_01811
46,3,GF_01812
46,3,GF_01813
46,3,GF_01814
46,3,GF_01815
46,3,GF_01816
46,3,GF_01818
46,3,GF_01819
46,3,GF_01822
46,3,GF_01823
46,3,GF_01834
46,3,GF_01836
46,3,GF_01837
46,3,GF_01840
46,3,GF_01841
46,3,GF_01842
46,3,GF_01844
46,3,GF_01856
46,3,GF_01860
46,3,GF_01866
46,3,GF_01870
46,3,GF_01885
46,3,GF_01898
46,3,GF_01899
46,3,GF_01900
46,3,GF_01901
46,3,GF_01902
46,3,GF_01904
46,3,GF_01919
46,3,GF_01921
46,3,GF_01923
46,3,GF_01925
46,3,GF_01926
46,3,GF_01927
46,3,GF_01928
46,3,GF_01929
46,3,GF_01930
46,3,GF_01945
46,3,GF_02041
46,3,GF_02059
46,3,GF_02060
46,3,GF_02070
46,3,GF_02071
46,3,GF_02072
46,3,GF_02074
46,3,GF_02075
46,3,GF_02076
46,3,GF_02084
46,3,GF_02085
46,3,GF_02086
46,3,GF_02088
46,3,GF_02089
46,3,GF_02091
46,3,GF_02092
46,3,GF_02093
46,3,GF_02094
46,3,GF_02101
46,3,GF_02110
46,3,GF_02113
46,3,GF_02122
46,3,GF_02130
46,3,GF_02131
46,3,GF_02136
46,3,GF_02137
46,3,GF_02138
46,3,GF_02139
46,3,GF_02140
46,3,GF_02141
46,3,GF_02142
46,3,GF_02145
46,3,GF_02152
46,3,GF_02157
46,3,GF_02158
46,3,GF_02159
46,3,GF_02172
46,3,GF_02178
46,3,GF_02180
46,3,GF_02184
46,3,GF_02194
46,3,GF_02216
46,3,GF_02217
46,3,GF_02218
46,3,GF_02219
46,3,GF_02220
46,3,GF_02223
46,3,GF_02224
46,3,GF_02225
46,3,GF_02226
46,3,GF_02227
46,3,GF_02228
46,3,GF_02229
46,3,GF_02230
46,3,GF_02260
46,3,GF_02261
46,3,GF_02262
46,3,GF_02263
46,3,GF_02264
46,3,GF_02266
46,4,GF_00002
46,4,GF_00008
46,4,GF_00012
46,4,GF_00013
46,4,GF_00014
46,4,GF_00015
46,4,GF_00017
46,4,GF_00018
46,4,GF_00036
46,4,GF_00043
46,4,GF_00044
46,4,GF_00046
46,4,GF_00047
46,4,GF_00048
46,4,GF_00049
46,4,GF_00051
46,4,GF_00052
46,4,GF_00071
46,4,GF_00072
46,4,GF_00073
46,4,GF_00074
46,4,GF_00075
46,4,GF_00076
46,4,GF_00077
46,4,GF_00078
46,4,GF_00079
46,4,GF_00081
46,4,GF_00082
46,4,GF_00083
46,4,GF_00084
46,4,GF_00085
46,4,GF_00087
46,4,GF_00088
46,4,GF_00093
46,4,GF_00094
46,4,GF_00104
46,4,GF_00105
46,4,GF_00106
46,4,GF_00107
46,4,GF_00108
46,4,GF_00109
46,4,GF_00111
46,4,GF_00112
46,4,GF_00113
46,4,GF_00114
46,4,GF_00115
46,4,GF_00116
46,4,GF_00117
46,4,GF_00120
46,4,GF_00121
46,4,GF_00122
46,4,GF_00123
46,4,GF_00124
46,4,GF_00125
46,4,GF_00136
46,4,GF_00137
46,4,GF_00138
46,4,GF_00139
46,4,GF_00141
46,4,GF_00142
46,4,GF_00143
46,4,GF_00155
46,4,GF_00164
46,4,GF_00170
46,4,GF_00175
46,4,GF_00178
46,4,GF_00179
46,4,GF_00180
46,4,GF_00185
46,4,GF_00220
46,4,GF_00228
46,4,GF_00229
46,4,GF_00244
46,4,GF_00250
46,4,GF_00251
46,4,GF_00262
46,4,GF_00281
46,4,GF_00290
46,4,GF_00296
46,4,GF_00300
46,4,GF_00302
46,4,GF_00303
46,4,GF_00305
46,4,GF_00309
46,4,GF_00311
46,4,GF_00312
46,4,GF_00313
46,4,GF_00314
46,4,GF_00315
46,4,GF_00316
46,4,GF_00317
46,4,GF_00318
46,4,GF_00319
46,4,GF_00320
46,4,GF_00321
46,4,GF_00323
46,4,GF_00324
46,4,GF_00325
46,4,GF_00326
46,4,GF_00327
46,4,GF_00329
46,4,GF_00330
46,4,GF_00331
46,4,GF_00332
46,4,GF_00333
46,4,GF_00335
46,4,GF_00336
46,4,GF_00339
46,4,GF_00340
46,4,GF_00341
46,4,GF_00342
46,4,GF_00343
46,4,GF_00344
46,4,GF_00346
46,4,GF_00347
46,4,GF_00348
46,4,GF_00349
46,4,GF_00350
46,4,GF_00352
46,4,GF_00353
46,4,GF_00355
46,4,GF_00358
46,4,GF_00360
46,4,GF_00362
46,4,GF_00363
46,4,GF_00364
46,4,GF_00365
46,4,GF_00369
46,4,GF_00381
46,4,GF_00384
46,4,GF_00385
46,4,GF_00386
46,4,GF_00387
46,4,GF_00388
46,4,GF_00389
46,4,GF_00390
46,4,GF_00391
46,4,GF_00393
46,4,GF_00394
46,4,GF_00395
46,4,GF_00396
46,4,GF_00400
46,4,GF_00401
46,4,GF_00402
46,4,GF_00403
46,4,GF_00404
46,4,GF_00405
46,4,GF_00407
46,4,GF_00408
46,4,GF_00409
46,4,GF_00410
46,4,GF_00413
46,4,GF_00414
46,4,GF_00415
46,4,GF_00417
46,4,GF_00418
46,4,GF_00421
46,4,GF_00422
46,4,GF_00424
46,4,GF_00426
46,4,GF_00427
46,4,GF_00428
46,4,GF_00429
46,4,GF_00430
46,4,GF_00431
46,4,GF_00432
46,4,GF_00433
46,4,GF_00434
46,4,GF_00435
46,4,GF_00436
46,4,GF_00437
46,4,GF_00438
46,4,GF_00440
46,4,GF_00441
46,4,GF_00455
46,4,GF_00457
46,4,GF_00471
46,4,GF_00477
46,4,GF_00480
46,4,GF_00482
46,4,GF_00488
46,4,GF_00489
46,4,GF_00503
46,4,GF_00522
46,4,GF_00523
46,4,GF_00524
46,4,GF_00525
46,4,GF_00527
46,4,GF_00528
46,4,GF_00529
46,4,GF_00530
46,4,GF_00531
46,4,GF_00536
46,4,GF_00538
46,4,GF_00546
46,4,GF_00547
46,4,GF_00548
46,4,GF_00549
46,4,GF_00564
46,4,GF_00565
46,4,GF_00566
46,4,GF_00569
46,4,GF_00570
46,4,GF_00580
46,4,GF_00588
46,4,GF_00594
46,4,GF_00595
46,4,GF_00600
46,4,GF_00601
46,4,GF_00603
46,4,GF_00604
46,4,GF_00606
46,4,GF_00607
46,4,GF_00608
46,4,GF_00609
46,4,GF_00611
46,4,GF_00612
46,4,GF_00613
46,4,GF_00614
46,4,GF_00615
46,4,GF_00616
46,4,GF_00617
46,4,GF_00618
46,4,GF_00619
46,4,GF_00620
46,4,GF_00621
46,4,GF_00622
46,4,GF_00623
46,4,GF_00624
46,4,GF_00632
46,4,GF_00633
46,4,GF_00635
46,4,GF_00636
46,4,GF_00637
46,4,GF_00638
46,4,GF_00642
46,4,GF_00643
46,4,GF_00655
46,4,GF_00658
46,4,GF_00659
46,4,GF_00661
46,4,GF_00669
46,4,GF_00681
46,4,GF_00684
46,4,GF_00687
46,4,GF_00688
46,4,GF_00699
46,4,GF_00702
46,4,GF_00709
46,4,GF_00723
46,4,GF_00724
46,4,GF_00725
46,4,GF_00726
46,4,GF_00727
46,4,GF_00728
46,4,GF_00729
46,4,GF_00736
46,4,GF_00740
46,4,GF_00741
46,4,GF_00744
46,4,GF_00751
46,4,GF_00755
46,4,GF_00756
46,4,GF_00761
46,4,GF_00771
46,4,GF_00773
46,4,GF_00776
46,4,GF_00777
46,4,GF_00785
46,4,GF_00796
46,4,GF_00810
46,4,GF_00811
46,4,GF_00813
46,4,GF_00814
46,4,GF_00816
46,4,GF_00819
46,4,GF_00828
46,4,GF_00843
46,4,GF_00845
46,4,GF_00856
46,4,GF_00857
46,4,GF_00860
46,4,GF_00864
46,4,GF_00866
46,4,GF_00867
46,4,GF_00868
46,4,GF_00869
46,4,GF_00870
46,4,GF_00873
46,4,GF_00874
46,4,GF_00887
46,4,GF_00888
46,4,GF_00895
46,4,GF_00916
46,4,GF_00927
46,4,GF_00931
46,4,GF_00933
46,4,GF_00946
46,4,GF_00947
46,4,GF_00949
46,4,GF_00957
46,4,GF_00958
46,4,GF_00960
46,4,GF_00966
46,4,GF_00968
46,4,GF_00969
46,4,GF_00970
46,4,GF_00971
46,4,GF_00972
46,4,GF_00982
46,4,GF_01004
46,4,GF_01005
46,4,GF_01012
46,4,GF_01026
46,4,GF_01027
46,4,GF_01028
46,4,GF_01054
46,4,GF_01230
46,4,GF_01231
46,4,GF_01233
46,4,GF_01234
46,4,GF_01235
46,4,GF_01236
46,4,GF_01237
46,4,GF_01239
46,4,GF_01240
46,4,GF_01241
46,4,GF_01242
46,4,GF_01244
46,4,GF_01245
46,4,GF_01246
46,4,GF_01247
46,4,GF_01248
46,4,GF_01266
46,4,GF_01287
46,4,GF_01290
46,4,GF_01292
46,4,GF_01293
46,4,GF_01297
46,4,GF_01306
46,4,GF_01314
46,4,GF_01315
46,4,GF_01329
46,4,GF_01330
46,4,GF_01331
46,4,GF_01332
46,4,GF_01333
46,4,GF_01334
46,4,GF_01336
46,4,GF_01337
46,4,GF_01338
46,4,GF_01357
46,4,GF_01359
46,4,GF_01372
46,4,GF_01373
46,4,GF_01374
46,4,GF_01375
46,4,GF_01376
46,4,GF_01377
46,4,GF_01379
46,4,GF_01381
46,4,GF_01382
46,4,GF_01383
46,4,GF_01385
46,4,GF_01386
46,4,GF_01387
46,4,GF_01390
46,4,GF_01391
46,4,GF_01393
46,4,GF_01394
46,4,GF_01395
46,4,GF_01396
46,4,GF_01397
46,4,GF_01399
46,4,GF_01400
46,4,GF_01401
46,4,GF_01404
46,4,GF_01409
46,4,GF_01425
46,4,GF_01426
46,4,GF_01428
46,4,GF_01439
46,4,GF_01445
46,4,GF_01446
46,4,GF_01448
46,4,GF_01449
46,4,GF_01456
46,4,GF_01458
46,4,GF_01460
46,4,GF_01461
46,4,GF_01462
46,4,GF_01466
46,4,GF_01477
46,4,GF_01479
46,4,GF_01481
46,4,GF_01487
46,4,GF_01502
46,4,GF_01504
46,4,GF_01512
46,4,GF_01514
46,4,GF_01527
46,4,GF_01534
46,4,GF_01535
46,4,GF_01536
46,4,GF_01537
46,4,GF_01538
46,4,GF_01539
46,4,GF_01540
46,4,GF_01541
46,4,GF_01542
46,4,GF_01543
46,4,GF_01544
46,4,GF_01547
46,4,GF_01549
46,4,GF_01550
46,4,GF_01552
46,4,GF_01553
46,4,GF_01579
46,4,GF_01580
46,4,GF_01583
46,4,GF_01584
46,4,GF_01591
46,4,GF_01592
46,4,GF_01617
46,4,GF_01618
46,4,GF_01619
46,4,GF_01620
46,4,GF_01621
46,4,GF_01623
46,4,GF_01625
46,4,GF_01626
46,4,GF_01627
46,4,GF_01628
46,4,GF_01629
46,4,GF_01635
46,4,GF_01636
46,4,GF_01638
46,4,GF_01641
46,4,GF_01643
46,4,GF_01648
46,4,GF_01659
46,4,GF_01661
46,4,GF_01673
46,4,GF_01674
46,4,GF_01675
46,4,GF_01676
46,4,GF_01677
46,4,GF_01678
46,4,GF_01679
46,4,GF_01680
46,4,GF_01681
46,4,GF_01683
46,4,GF_01684
46,4,GF_01685
46,4,GF_01688
46,4,GF_01689
46,4,GF_01690
46,4,GF_01691
46,4,GF_01692
46,4,GF_01693
46,4,GF_01732
46,4,GF_01733
46,4,GF_01734
46,4,GF_01735
46,4,GF_01736
46,4,GF_01741
46,4,GF_01742
46,4,GF_01763
46,4,GF_01770
46,4,GF_01783
46,4,GF_01799
46,4,GF_01802
46,4,GF_01803
46,4,GF_01805
46,4,GF_01806
46,4,GF_01807
46,4,GF_01808
46,4,GF_01809
46,4,GF_01810
46,4,GF_01811
46,4,GF_01812
46,4,GF_01813
46,4,GF_01814
46,4,GF_01815
46,4,GF_01816
46,4,GF_01818
46,4,GF_01819
46,4,GF_01822
46,4,GF_01834
46,4,GF_01836
46,4,GF_01837
46,4,GF_01840
46,4,GF_01841
46,4,GF_01842
46,4,GF_01844
46,4,GF_01856
46,4,GF_01860
46,4,GF_01866
46,4,GF_01870
46,4,GF_01872
46,4,GF_01874
46,4,GF_01885
46,4,GF_01897
46,4,GF_01898
46,4,GF_01899
46,4,GF_01900
46,4,GF_01902
46,4,GF_01904
46,4,GF_01919
46,4,GF_01921
46,4,GF_01926
46,4,GF_01927
46,4,GF_01928
46,4,GF_01929
46,4,GF_01930
46,4,GF_01945
46,4,GF_02041
46,4,GF_02059
46,4,GF_02060
46,4,GF_02069
46,4,GF_02070
46,4,GF_02071
46,4,GF_02072
46,4,GF_02075
46,4,GF_02076
46,4,GF_02084
46,4,GF_02085
46,4,GF_02088
46,4,GF_02089
46,4,GF_02091
46,4,GF_02092
46,4,GF_02093
46,4,GF_02094
46,4,GF_02101
46,4,GF_02109
46,4,GF_02110
46,4,GF_02113
46,4,GF_02122
46,4,GF_02130
46,4,GF_02131
46,4,GF_02132
46,4,GF_02136
46,4,GF_02137
46,4,GF_02138
46,4,GF_02139
46,4,GF_02140
46,4,GF_02142
46,4,GF_02143
46,4,GF_02145
46,4,GF_02152
46,4,GF_02157
46,4,GF_02158
46,4,GF_02159
46,4,GF_02168
46,4,GF_02172
46,4,GF_02178
46,4,GF_02180
46,4,GF_02184
46,4,GF_02215
46,4,GF_02216
46,4,GF_02217
46,4,GF_02218
46,4,GF_02219
46,4,GF_02220
46,4,GF_02222
46,4,GF_02223
46,4,GF_02224
46,4,GF_02225
46,4,GF_02226
46,4,GF_02227
46,4,GF_02228
46,4,GF_02229
46,4,GF_02230
46,4,GF_02260
46,4,GF_02261
46,4,GF_02262
46,4,GF_02263
46,4,GF_02264
46,4,GF_02266
46,5,GF_00008
46,5,GF_00011
46,5,GF_00012
46,5,GF_00013
46,5,GF_00014
46,5,GF_00015
46,5,GF_00017
46,5,GF_00018
46,5,GF_00043
46,5,GF_00044
46,5,GF_00045
46,5,GF_00046
46,5,GF_00047
46,5,GF_00048
46,5,GF_00049
46,5,GF_00051
46,5,GF_00052
46,5,GF_00071
46,5,GF_00072
46,5,GF_00073
46,5,GF_00074
46,5,GF_00075
46,5,GF_00077
46,5,GF_00078
46,5,GF_00079
46,5,GF_00080
46,5,GF_00081
46,5,GF_00082
46,5,GF_00083
46,5,GF_00084
46,5,GF_00085
46,5,GF_00087
46,5,GF_00088
46,5,GF_00093
46,5,GF_00094
46,5,GF_00104
46,5,GF_00105
46,5,GF_00106
46,5,GF_00107
46,5,GF_00108
46,5,GF_00109
46,5,GF_00110
46,5,GF_00111
46,5,GF_00112
46,5,GF_00113
46,5,GF_00114
46,5,GF_00115
46,5,GF_00116
46,5,GF_00117
46,5,GF_00120
46,5,GF_00121
46,5,GF_00122
46,5,GF_00123
46,5,GF_00124
46,5,GF_00125
46,5,GF_00136
46,5,GF_00137
46,5,GF_00138
46,5,GF_00139
46,5,GF_00141
46,5,GF_00142
46,5,GF_00143
46,5,GF_00155
46,5,GF_00164
46,5,GF_00170
46,5,GF_00175
46,5,GF_00178
46,5,GF_00179
46,5,GF_00180
46,5,GF_00185
46,5,GF_00208
46,5,GF_00220
46,5,GF_00228
46,5,GF_00229
46,5,GF_00235
46,5,GF_00244
46,5,GF_00251
46,5,GF_00262
46,5,GF_00281
46,5,GF_00290
46,5,GF_00296
46,5,GF_00300
46,5,GF_00302
46,5,GF_00303
46,5,GF_00309
46,5,GF_00310
46,5,GF_00311
46,5,GF_00312
46,5,GF_00313
46,5,GF_00314
46,5,GF_00315
46,5,GF_00316
46,5,GF_00317
46,5,GF_00318
46,5,GF_00319
46,5,GF_00320
46,5,GF_00321
46,5,GF_00323
46,5,GF_00324
46,5,GF_00325
46,5,GF_00326
46,5,GF_00327
46,5,GF_00329
46,5,GF_00330
46,5,GF_00331
46,5,GF_00332
46,5,GF_00333
46,5,GF_00335
46,5,GF_00336
46,5,GF_00338
46,5,GF_00340
46,5,GF_00341
46,5,GF_00342
46,5,GF_00343
46,5,GF_00344
46,5,GF_00347
46,5,GF_00348
46,5,GF_00349
46,5,GF_00350
46,5,GF_00351
46,5,GF_00352
46,5,GF_00353
46,5,GF_00358
46,5,GF_00360
46,5,GF_00362
46,5,GF_00363
46,5,GF_00364
46,5,GF_00365
46,5,GF_00369
46,5,GF_00378
46,5,GF_00381
46,5,GF_00384
46,5,GF_00385
46,5,GF_00386
46,5,GF_00387
46,5,GF_00388
46,5,GF_00390
46,5,GF_00391
46,5,GF_00393
46,5,GF_00395
46,5,GF_00396
46,5,GF_00400
46,5,GF_00401
46,5,GF_00402
46,5,GF_00403
46,5,GF_00404
46,5,GF_00405
46,5,GF_00406
46,5,GF_00407
46,5,GF_00409
46,5,GF_00410
46,5,GF_00413
46,5,GF_00414
46,5,GF_00415
46,5,GF_00417
46,5,GF_00418
46,5,GF_00421
46,5,GF_00422
46,5,GF_00424
46,5,GF_00426
46,5,GF_00427
46,5,GF_00428
46,5,GF_00429
46,5,GF_00430
46,5,GF_00431
46,5,GF_00432
46,5,GF_00433
46,5,GF_00434
46,5,GF_00435
46,5,GF_00436
46,5,GF_00438
46,5,GF_00440
46,5,GF_00441
46,5,GF_00455
46,5,GF_00457
46,5,GF_00458
46,5,GF_00471
46,5,GF_00477
46,5,GF_00480
46,5,GF_00482
46,5,GF_00488
46,5,GF_00503
46,5,GF_00522
46,5,GF_00523
46,5,GF_00524
46,5,GF_00525
46,5,GF_00527
46,5,GF_00528
46,5,GF_00529
46,5,GF_00530
46,5,GF_00531
46,5,GF_00536
46,5,GF_00538
46,5,GF_00546
46,5,GF_00547
46,5,GF_00548
46,5,GF_00549
46,5,GF_00564
46,5,GF_00565
46,5,GF_00566
46,5,GF_00569
46,5,GF_00570
46,5,GF_00574
46,5,GF_00578
46,5,GF_00580
46,5,GF_00588
46,5,GF_00594
46,5,GF_00595
46,5,GF_00599
46,5,GF_00600
46,5,GF_00601
46,5,GF_00603
46,5,GF_00604
46,5,GF_00605
46,5,GF_00606
46,5,GF_00607
46,5,GF_00608
46,5,GF_00609
46,5,GF_00611
46,5,GF_00612
46,5,GF_00613
46,5,GF_00614
46,5,GF_00615
46,5,GF_00616
46,5,GF_00617
46,5,GF_00618
46,5,GF_00619
46,5,GF_00620
46,5,GF_00621
46,5,GF_00622
46,5,GF_00623
46,5,GF_00624
46,5,GF_00632
46,5,GF_00633
46,5,GF_00634
46,5,GF_00635
46,5,GF_00636
46,5,GF_00637
46,5,GF_00638
46,5,GF_00640
46,5,GF_00641
46,5,GF_00642
46,5,GF_00643
46,5,GF_00655
46,5,GF_00658
46,5,GF_00661
46,5,GF_00669
46,5,GF_00676
46,5,GF_00680
46,5,GF_00681
46,5,GF_00682
46,5,GF_00683
46,5,GF_00684
46,5,GF_00686
46,5,GF_00687
46,5,GF_00688
46,5,GF_00695
46,5,GF_00699
46,5,GF_00702
46,5,GF_00709
46,5,GF_00722
46,5,GF_00723
46,5,GF_00724
46,5,GF_00725
46,5,GF_00726
46,5,GF_00727
46,5,GF_00728
46,5,GF_00729
46,5,GF_00732
46,5,GF_00736
46,5,GF_00740
46,5,GF_00741
46,5,GF_00744
46,5,GF_00751
46,5,GF_00755
46,5,GF_00756
46,5,GF_00761
46,5,GF_00771
46,5,GF_00773
46,5,GF_00776
46,5,GF_00777
46,5,GF_00785
46,5,GF_00796
46,5,GF_00810
46,5,GF_00811
46,5,GF_00813
46,5,GF_00814
46,5,GF_00815
46,5,GF_00816
46,5,GF_00819
46,5,GF_00828
46,5,GF_00843
46,5,GF_00845
46,5,GF_00856
46,5,GF_00857
46,5,GF_00860
46,5,GF_00864
46,5,GF_00866
46,5,GF_00867
46,5,GF_00868
46,5,GF_00869
46,5,GF_00870
46,5,GF_00871
46,5,GF_00872
46,5,GF_00873
46,5,GF_00874
46,5,GF_00887
46,5,GF_00888
46,5,GF_00895
46,5,GF_00916
46,5,GF_00927
46,5,GF_00931
46,5,GF_00932
46,5,GF_00933
46,5,GF_00946
46,5,GF_00947
46,5,GF_00949
46,5,GF_00957
46,5,GF_00958
46,5,GF_00959
46,5,GF_00960
46,5,GF_00963
46,5,GF_00966
46,5,GF_00968
46,5,GF_00969
46,5,GF_00970
46,5,GF_00971
46,5,GF_00972
46,5,GF_00982
46,5,GF_01004
46,5,GF_01005
46,5,GF_01012
46,5,GF_01026
46,5,GF_01027
46,5,GF_01028
46,5,GF_01054
46,5,GF_01147
46,5,GF_01164
46,5,GF_01212
46,5,GF_01230
46,5,GF_01231
46,5,GF_01232
46,5,GF_01233
46,5,GF_01234
46,5,GF_01235
46,5,GF_01236
46,5,GF_01237
46,5,GF_01239
46,5,GF_01240
46,5,GF_01244
46,5,GF_01245
46,5,GF_01246
46,5,GF_01247
46,5,GF_01248
46,5,GF_01266
46,5,GF_01287
46,5,GF_01290
46,5,GF_01291
46,5,GF_01292
46,5,GF_01293
46,5,GF_01297
46,5,GF_01306
46,5,GF_01314
46,5,GF_01315
46,5,GF_01327
46,5,GF_01328
46,5,GF_01329
46,5,GF_01330
46,5,GF_01331
46,5,GF_01332
46,5,GF_01333
46,5,GF_01334
46,5,GF_01336
46,5,GF_01337
46,5,GF_01338
46,5,GF_01359
46,5,GF_01372
46,5,GF_01374
46,5,GF_01375
46,5,GF_01376
46,5,GF_01377
46,5,GF_01379
46,5,GF_01381
46,5,GF_01382
46,5,GF_01383
46,5,GF_01385
46,5,GF_01387
46,5,GF_01390
46,5,GF_01391
46,5,GF_01393
46,5,GF_01394
46,5,GF_01395
46,5,GF_01396
46,5,GF_01397
46,5,GF_01399
46,5,GF_01400
46,5,GF_01401
46,5,GF_01404
46,5,GF_01409
46,5,GF_01425
46,5,GF_01426
46,5,GF_01428
46,5,GF_01439
46,5,GF_01445
46,5,GF_01446
46,5,GF_01447
46,5,GF_01448
46,5,GF_01449
46,5,GF_01456
46,5,GF_01458
46,5,GF_01460
46,5,GF_01461
46,5,GF_01462
46,5,GF_01466
46,5,GF_01476
46,5,GF_01477
46,5,GF_01479
46,5,GF_01480
46,5,GF_01481
46,5,GF_01487
46,5,GF_01502
46,5,GF_01504
46,5,GF_01512
46,5,GF_01527
46,5,GF_01534
46,5,GF_01536
46,5,GF_01538
46,5,GF_01539
46,5,GF_01540
46,5,GF_01541
46,5,GF_01542
46,5,GF_01543
46,5,GF_01544
46,5,GF_01547
46,5,GF_01549
46,5,GF_01552
46,5,GF_01553
46,5,GF_01579
46,5,GF_01580
46,5,GF_01583
46,5,GF_01584
46,5,GF_01591
46,5,GF_01592
46,5,GF_01616
46,5,GF_01617
46,5,GF_01618
46,5,GF_01619
46,5,GF_01620
46,5,GF_01621
46,5,GF_01623
46,5,GF_01626
46,5,GF_01627
46,5,GF_01628
46,5,GF_01629
46,5,GF_01630
46,5,GF_01634
46,5,GF_01636
46,5,GF_01637
46,5,GF_01638
46,5,GF_01641
46,5,GF_01648
46,5,GF_01661
46,5,GF_01673
46,5,GF_01674
46,5,GF_01675
46,5,GF_01676
46,5,GF_01677
46,5,GF_01678
46,5,GF_01679
46,5,GF_01680
46,5,GF_01681
46,5,GF_01683
46,5,GF_01684
46,5,GF_01685
46,5,GF_01688
46,5,GF_01689
46,5,GF_01690
46,5,GF_01691
46,5,GF_01692
46,5,GF_01693
46,5,GF_01732
46,5,GF_01733
46,5,GF_01734
46,5,GF_01735
46,5,GF_01736
46,5,GF_01737
46,5,GF_01740
46,5,GF_01741
46,5,GF_01742
46,5,GF_01745
46,5,GF_01763
46,5,GF_01770
46,5,GF_01783
46,5,GF_01797
46,5,GF_01799
46,5,GF_01801
46,5,GF_01802
46,5,GF_01803
46,5,GF_01805
46,5,GF_01806
46,5,GF_01807
46,5,GF_01808
46,5,GF_01809
46,5,GF_01810
46,5,GF_01811
46,5,GF_01812
46,5,GF_01813
46,5,GF_01814
46,5,GF_01815
46,5,GF_01816
46,5,GF_01818
46,5,GF_01819
46,5,GF_01822
46,5,GF_01823
46,5,GF_01834
46,5,GF_01836
46,5,GF_01837
46,5,GF_01840
46,5,GF_01841
46,5,GF_01844
46,5,GF_01856
46,5,GF_01860
46,5,GF_01866
46,5,GF_01870
46,5,GF_01872
46,5,GF_01874
46,5,GF_01885
46,5,GF_01897
46,5,GF_01898
46,5,GF_01899
46,5,GF_01900
46,5,GF_01901
46,5,GF_01902
46,5,GF_01904
46,5,GF_01919
46,5,GF_01921
46,5,GF_01923
46,5,GF_01925
46,5,GF_01926
46,5,GF_01927
46,5,GF_01928
46,5,GF_01929
46,5,GF_01930
46,5,GF_01945
46,5,GF_02041
46,5,GF_02060
46,5,GF_02069
46,5,GF_02070
46,5,GF_02071
46,5,GF_02072
46,5,GF_02073
46,5,GF_02074
46,5,GF_02075
46,5,GF_02076
46,5,GF_02084
46,5,GF_02085
46,5,GF_02086
46,5,GF_02088
46,5,GF_02089
46,5,GF_02091
46,5,GF_02092
46,5,GF_02093
46,5,GF_02094
46,5,GF_02101
46,5,GF_02109
46,5,GF_02110
46,5,GF_02122
46,5,GF_02130
46,5,GF_02131
46,5,GF_02132
46,5,GF_02136
46,5,GF_02137
46,5,GF_02138
46,5,GF_02139
46,5,GF_02140
46,5,GF_02141
46,5,GF_02142
46,5,GF_02143
46,5,GF_02145
46,5,GF_02152
46,5,GF_02157
46,5,GF_02158
46,5,GF_02159
46,5,GF_02172
46,5,GF_02178
46,5,GF_02180
46,5,GF_02184
46,5,GF_02215
46,5,GF_02216
46,5,GF_02217
46,5,GF_02218
46,5,GF_02219
46,5,GF_02220
46,5,GF_02222
46,5,GF_02223
46,5,GF_02224
46,5,GF_02225
46,5,GF_02226
46,5,GF_02227
46,5,GF_02228
46,5,GF_02229
46,5,GF_02230
46,5,GF_02239
46,5,GF_02260
46,5,GF_02261
46,5,GF_02262
46,5,GF_02263
46,5,GF_02264
46,5,GF_02266
47,1,GF_00002
47,1,GF_00011
47,1,GF_00012
47,1,GF_00013
47,1,GF_00014
47,1,GF_00015
47,1,GF_00016
47,1,GF_00017
47,1,GF_00018
47,1,GF_00036
47,1,GF_00043
47,1,GF_00044
47,1,GF_00046
47,1,GF_00047
47,1,GF_00048
47,1,GF_00049
47,1,GF_00051
47,1,GF_00052
47,1,GF_00071
47,1,GF_00072
47,1,GF_00073
47,1,GF_00074
47,1,GF_00075
47,1,GF_00077
47,1,GF_00078
47,1,GF_00079
47,1,GF_00080
47,1,GF_00081
47,1,GF_00082
47,1,GF_00083
47,1,GF_00084
47,1,GF_00085
47,1,GF_00087
47,1,GF_00088
47,1,GF_00093
47,1,GF_00094
47,1,GF_00104
47,1,GF_00105
47,1,GF_00106
47,1,GF_00107
47,1,GF_00108
47,1,GF_00109
47,1,GF_00111
47,1,GF_00112
47,1,GF_00114
47,1,GF_00115
47,1,GF_00116
47,1,GF_00117
47,1,GF_00120
47,1,GF_00121
47,1,GF_00122
47,1,GF_00123
47,1,GF_00124
47,1,GF_00125
47,1,GF_00136
47,1,GF_00137
47,1,GF_00138
47,1,GF_00139
47,1,GF_00141
47,1,GF_00143
47,1,GF_00155
47,1,GF_00164
47,1,GF_00170
47,1,GF_00175
47,1,GF_00178
47,1,GF_00179
47,1,GF_00180
47,1,GF_00185
47,1,GF_00220
47,1,GF_00228
47,1,GF_00229
47,1,GF_00244
47,1,GF_00251
47,1,GF_00262
47,1,GF_00281
47,1,GF_00290
47,1,GF_00296
47,1,GF_00300
47,1,GF_00302
47,1,GF_00303
47,1,GF_00309
47,1,GF_00310
47,1,GF_00311
47,1,GF_00312
47,1,GF_00313
47,1,GF_00314
47,1,GF_00315
47,1,GF_00316
47,1,GF_00317
47,1,GF_00318
47,1,GF_00319
47,1,GF_00320
47,1,GF_00321
47,1,GF_00323
47,1,GF_00324
47,1,GF_00325
47,1,GF_00326
47,1,GF_00327
47,1,GF_00329
47,1,GF_00330
47,1,GF_00331
47,1,GF_00332
47,1,GF_00333
47,1,GF_00335
47,1,GF_00336
47,1,GF_00338
47,1,GF_00340
47,1,GF_00341
47,1,GF_00342
47,1,GF_00343
47,1,GF_00344
47,1,GF_00346
47,1,GF_00347
47,1,GF_00348
47,1,GF_00349
47,1,GF_00350
47,1,GF_00351
47,1,GF_00352
47,1,GF_00353
47,1,GF_00358
47,1,GF_00360
47,1,GF_00362
47,1,GF_00363
47,1,GF_00364
47,1,GF_00365
47,1,GF_00369
47,1,GF_00381
47,1,GF_00384
47,1,GF_00385
47,1,GF_00386
47,1,GF_00387
47,1,GF_00388
47,1,GF_00389
47,1,GF_00390
47,1,GF_00391
47,1,GF_00393
47,1,GF_00394
47,1,GF_00395
47,1,GF_00396
47,1,GF_00400
47,1,GF_00401
47,1,GF_00402
47,1,GF_00404
47,1,GF_00405
47,1,GF_00406
47,1,GF_00407
47,1,GF_00409
47,1,GF_00410
47,1,GF_00413
47,1,GF_00414
47,1,GF_00415
47,1,GF_00417
47,1,GF_00418
47,1,GF_00421
47,1,GF_00422
47,1,GF_00424
47,1,GF_00426
47,1,GF_00427
47,1,GF_00428
47,1,GF_00429
47,1,GF_00430
47,1,GF_00431
47,1,GF_00432
47,1,GF_00433
47,1,GF_00434
47,1,GF_00435
47,1,GF_00436
47,1,GF_00437
47,1,GF_00438
47,1,GF_00440
47,1,GF_00441
47,1,GF_00455
47,1,GF_00457
47,1,GF_00458
47,1,GF_00471
47,1,GF_00477
47,1,GF_00480
47,1,GF_00482
47,1,GF_00488
47,1,GF_00489
47,1,GF_00491
47,1,GF_00503
47,1,GF_00522
47,1,GF_00523
47,1,GF_00524
47,1,GF_00525
47,1,GF_00527
47,1,GF_00528
47,1,GF_00529
47,1,GF_00530
47,1,GF_00531
47,1,GF_00536
47,1,GF_00546
47,1,GF_00547
47,1,GF_00548
47,1,GF_00549
47,1,GF_00564
47,1,GF_00565
47,1,GF_00566
47,1,GF_00569
47,1,GF_00570
47,1,GF_00572
47,1,GF_00574
47,1,GF_00578
47,1,GF_00580
47,1,GF_00588
47,1,GF_00594
47,1,GF_00595
47,1,GF_00596
47,1,GF_00599
47,1,GF_00600
47,1,GF_00601
47,1,GF_00603
47,1,GF_00604
47,1,GF_00605
47,1,GF_00606
47,1,GF_00607
47,1,GF_00608
47,1,GF_00609
47,1,GF_00610
47,1,GF_00611
47,1,GF_00612
47,1,GF_00613
47,1,GF_00614
47,1,GF_00615
47,1,GF_00616
47,1,GF_00617
47,1,GF_00618
47,1,GF_00619
47,1,GF_00621
47,1,GF_00622
47,1,GF_00623
47,1,GF_00624
47,1,GF_00632
47,1,GF_00633
47,1,GF_00634
47,1,GF_00635
47,1,GF_00636
47,1,GF_00637
47,1,GF_00640
47,1,GF_00641
47,1,GF_00642
47,1,GF_00643
47,1,GF_00655
47,1,GF_00658
47,1,GF_00661
47,1,GF_00669
47,1,GF_00676
47,1,GF_00680
47,1,GF_00681
47,1,GF_00684
47,1,GF_00686
47,1,GF_00687
47,1,GF_00688
47,1,GF_00695
47,1,GF_00699
47,1,GF_00702
47,1,GF_00709
47,1,GF_00722
47,1,GF_00723
47,1,GF_00724
47,1,GF_00725
47,1,GF_00726
47,1,GF_00727
47,1,GF_00728
47,1,GF_00729
47,1,GF_00732
47,1,GF_00736
47,1,GF_00740
47,1,GF_00741
47,1,GF_00744
47,1,GF_00751
47,1,GF_00755
47,1,GF_00756
47,1,GF_00761
47,1,GF_00771
47,1,GF_00773
47,1,GF_00776
47,1,GF_00777
47,1,GF_00785
47,1,GF_00796
47,1,GF_00810
47,1,GF_00811
47,1,GF_00813
47,1,GF_00814
47,1,GF_00816
47,1,GF_00819
47,1,GF_00828
47,1,GF_00843
47,1,GF_00845
47,1,GF_00856
47,1,GF_00857
47,1,GF_00864
47,1,GF_00865
47,1,GF_00866
47,1,GF_00868
47,1,GF_00869
47,1,GF_00870
47,1,GF_00871
47,1,GF_00872
47,1,GF_00873
47,1,GF_00874
47,1,GF_00887
47,1,GF_00888
47,1,GF_00895
47,1,GF_00916
47,1,GF_00927
47,1,GF_00931
47,1,GF_00933
47,1,GF_00946
47,1,GF_00947
47,1,GF_00949
47,1,GF_00957
47,1,GF_00958
47,1,GF_00959
47,1,GF_00960
47,1,GF_00963
47,1,GF_00966
47,1,GF_00967
47,1,GF_00968
47,1,GF_00969
47,1,GF_00970
47,1,GF_00971
47,1,GF_00972
47,1,GF_00982
47,1,GF_01004
47,1,GF_01005
47,1,GF_01012
47,1,GF_01026
47,1,GF_01027
47,1,GF_01028
47,1,GF_01054
47,1,GF_01230
47,1,GF_01231
47,1,GF_01232
47,1,GF_01233
47,1,GF_01234
47,1,GF_01235
47,1,GF_01236
47,1,GF_01237
47,1,GF_01239
47,1,GF_01240
47,1,GF_01241
47,1,GF_01242
47,1,GF_01244
47,1,GF_01245
47,1,GF_01246
47,1,GF_01247
47,1,GF_01248
47,1,GF_01266
47,1,GF_01287
47,1,GF_01290
47,1,GF_01291
47,1,GF_01292
47,1,GF_01293
47,1,GF_01297
47,1,GF_01306
47,1,GF_01314
47,1,GF_01315
47,1,GF_01327
47,1,GF_01328
47,1,GF_01329
47,1,GF_01330
47,1,GF_01331
47,1,GF_01332
47,1,GF_01333
47,1,GF_01335
47,1,GF_01336
47,1,GF_01337
47,1,GF_01338
47,1,GF_01359
47,1,GF_01372
47,1,GF_01374
47,1,GF_01375
47,1,GF_01376
47,1,GF_01377
47,1,GF_01379
47,1,GF_01381
47,1,GF_01382
47,1,GF_01383
47,1,GF_01385
47,1,GF_01387
47,1,GF_01390
47,1,GF_01391
47,1,GF_01393
47,1,GF_01394
47,1,GF_01395
47,1,GF_01396
47,1,GF_01397
47,1,GF_01398
47,1,GF_01399
47,1,GF_01400
47,1,GF_01401
47,1,GF_01404
47,1,GF_01409
47,1,GF_01425
47,1,GF_01428
47,1,GF_01439
47,1,GF_01445
47,1,GF_01446
47,1,GF_01447
47,1,GF_01448
47,1,GF_01449
47,1,GF_01456
47,1,GF_01458
47,1,GF_01460
47,1,GF_01461
47,1,GF_01462
47,1,GF_01466
47,1,GF_01476
47,1,GF_01477
47,1,GF_01478
47,1,GF_01479
47,1,GF_01480
47,1,GF_01481
47,1,GF_01487
47,1,GF_01502
47,1,GF_01504
47,1,GF_01512
47,1,GF_01527
47,1,GF_01534
47,1,GF_01536
47,1,GF_01538
47,1,GF_01539
47,1,GF_01540
47,1,GF_01541
47,1,GF_01542
47,1,GF_01543
47,1,GF_01544
47,1,GF_01547
47,1,GF_01549
47,1,GF_01552
47,1,GF_01553
47,1,GF_01579
47,1,GF_01580
47,1,GF_01583
47,1,GF_01584
47,1,GF_01591
47,1,GF_01592
47,1,GF_01616
47,1,GF_01617
47,1,GF_01618
47,1,GF_01619
47,1,GF_01620
47,1,GF_01621
47,1,GF_01622
47,1,GF_01623
47,1,GF_01625
47,1,GF_01626
47,1,GF_01627
47,1,GF_01628
47,1,GF_01629
47,1,GF_01630
47,1,GF_01634
47,1,GF_01636
47,1,GF_01637
47,1,GF_01638
47,1,GF_01641
47,1,GF_01648
47,1,GF_01659
47,1,GF_01661
47,1,GF_01673
47,1,GF_01674
47,1,GF_01675
47,1,GF_01676
47,1,GF_01677
47,1,GF_01678
47,1,GF_01679
47,1,GF_01680
47,1,GF_01681
47,1,GF_01684
47,1,GF_01685
47,1,GF_01688
47,1,GF_01689
47,1,GF_01690
47,1,GF_01691
47,1,GF_01692
47,1,GF_01693
47,1,GF_01732
47,1,GF_01733
47,1,GF_01734
47,1,GF_01735
47,1,GF_01736
47,1,GF_01740
47,1,GF_01741
47,1,GF_01742
47,1,GF_01745
47,1,GF_01763
47,1,GF_01783
47,1,GF_01799
47,1,GF_01801
47,1,GF_01802
47,1,GF_01803
47,1,GF_01805
47,1,GF_01806
47,1,GF_01807
47,1,GF_01808
47,1,GF_01809
47,1,GF_01810
47,1,GF_01811
47,1,GF_01812
47,1,GF_01813
47,1,GF_01814
47,1,GF_01815
47,1,GF_01816
47,1,GF_01818
47,1,GF_01819
47,1,GF_01822
47,1,GF_01823
47,1,GF_01834
47,1,GF_01836
47,1,GF_01837
47,1,GF_01840
47,1,GF_01841
47,1,GF_01844
47,1,GF_01856
47,1,GF_01860
47,1,GF_01866
47,1,GF_01870
47,1,GF_01872
47,1,GF_01885
47,1,GF_01896
47,1,GF_01897
47,1,GF_01898
47,1,GF_01899
47,1,GF_01900
47,1,GF_01901
47,1,GF_01902
47,1,GF_01904
47,1,GF_01919
47,1,GF_01921
47,1,GF_01925
47,1,GF_01926
47,1,GF_01927
47,1,GF_01928
47,1,GF_01929
47,1,GF_01930
47,1,GF_01945
47,1,GF_02041
47,1,GF_02059
47,1,GF_02060
47,1,GF_02069
47,1,GF_02070
47,1,GF_02071
47,1,GF_02072
47,1,GF_02074
47,1,GF_02075
47,1,GF_02076
47,1,GF_02084
47,1,GF_02085
47,1,GF_02086
47,1,GF_02088
47,1,GF_02089
47,1,GF_02091
47,1,GF_02092
47,1,GF_02093
47,1,GF_02094
47,1,GF_02101
47,1,GF_02109
47,1,GF_02110
47,1,GF_02113
47,1,GF_02122
47,1,GF_02130
47,1,GF_02131
47,1,GF_02132
47,1,GF_02136
47,1,GF_02137
47,1,GF_02138
47,1,GF_02139
47,1,GF_02140
47,1,GF_02141
47,1,GF_02142
47,1,GF_02143
47,1,GF_02145
47,1,GF_02152
47,1,GF_02157
47,1,GF_02159
47,1,GF_02172
47,1,GF_02178
47,1,GF_02180
47,1,GF_02184
47,1,GF_02215
47,1,GF_02216
47,1,GF_02217
47,1,GF_02218
47,1,GF_02219
47,1,GF_02220
47,1,GF_02222
47,1,GF_02223
47,1,GF_02224
47,1,GF_02225
47,1,GF_02226
47,1,GF_02227
47,1,GF_02228
47,1,GF_02229
47,1,GF_02230
47,1,GF_02260
47,1,GF_02261
47,1,GF_02262
47,1,GF_02263
47,1,GF_02264
47,1,GF_02265
47,1,GF_02266
47,2,GF_00002
47,2,GF_00008
47,2,GF_00011
47,2,GF_00013
47,2,GF_00014
47,2,GF_00015
47,2,GF_00017
47,2,GF_00018
47,2,GF_00036
47,2,GF_00043
47,2,GF_00044
47,2,GF_00046
47,2,GF_00047
47,2,GF_00048
47,2,GF_00049
47,2,GF_00050
47,2,GF_00051
47,2,GF_00052
47,2,GF_00071
47,2,GF_00072
47,2,GF_00073
47,2,GF_00074
47,2,GF_00075
47,2,GF_00077
47,2,GF_00078
47,2,GF_00079
47,2,GF_00080
47,2,GF_00081
47,2,GF_00082
47,2,GF_00083
47,2,GF_00084
47,2,GF_00085
47,2,GF_00087
47,2,GF_00088
47,2,GF_00093
47,2,GF_00094
47,2,GF_00104
47,2,GF_00105
47,2,GF_00106
47,2,GF_00107
47,2,GF_00108
47,2,GF_00109
47,2,GF_00111
47,2,GF_00112
47,2,GF_00113
47,2,GF_00114
47,2,GF_00115
47,2,GF_00116
47,2,GF_00117
47,2,GF_00120
47,2,GF_00121
47,2,GF_00122
47,2,GF_00123
47,2,GF_00124
47,2,GF_00125
47,2,GF_00136
47,2,GF_00137
47,2,GF_00138
47,2,GF_00139
47,2,GF_00141
47,2,GF_00142
47,2,GF_00143
47,2,GF_00155
47,2,GF_00164
47,2,GF_00170
47,2,GF_00175
47,2,GF_00178
47,2,GF_00179
47,2,GF_00180
47,2,GF_00185
47,2,GF_00205
47,2,GF_00208
47,2,GF_00220
47,2,GF_00228
47,2,GF_00229
47,2,GF_00235
47,2,GF_00244
47,2,GF_00250
47,2,GF_00251
47,2,GF_00262
47,2,GF_00267
47,2,GF_00275
47,2,GF_00279
47,2,GF_00281
47,2,GF_00282
47,2,GF_00290
47,2,GF_00296
47,2,GF_00300
47,2,GF_00302
47,2,GF_00303
47,2,GF_00305
47,2,GF_00307
47,2,GF_00309
47,2,GF_00310
47,2,GF_00311
47,2,GF_00312
47,2,GF_00313
47,2,GF_00314
47,2,GF_00315
47,2,GF_00316
47,2,GF_00317
47,2,GF_00318
47,2,GF_00319
47,2,GF_00320
47,2,GF_00321
47,2,GF_00323
47,2,GF_00324
47,2,GF_00325
47,2,GF_00326
47,2,GF_00327
47,2,GF_00329
47,2,GF_00330
47,2,GF_00331
47,2,GF_00332
47,2,GF_00333
47,2,GF_00335
47,2,GF_00336
47,2,GF_00338
47,2,GF_00339
47,2,GF_00340
47,2,GF_00341
47,2,GF_00342
47,2,GF_00343
47,2,GF_00344
47,2,GF_00346
47,2,GF_00347
47,2,GF_00349
47,2,GF_00350
47,2,GF_00351
47,2,GF_00352
47,2,GF_00353
47,2,GF_00355
47,2,GF_00356
47,2,GF_00357
47,2,GF_00358
47,2,GF_00359
47,2,GF_00360
47,2,GF_00361
47,2,GF_00362
47,2,GF_00363
47,2,GF_00364
47,2,GF_00365
47,2,GF_00369
47,2,GF_00377
47,2,GF_00378
47,2,GF_00381
47,2,GF_00384
47,2,GF_00385
47,2,GF_00386
47,2,GF_00387
47,2,GF_00388
47,2,GF_00389
47,2,GF_00390
47,2,GF_00391
47,2,GF_00392
47,2,GF_00393
47,2,GF_00394
47,2,GF_00395
47,2,GF_00396
47,2,GF_00398
47,2,GF_00400
47,2,GF_00401
47,2,GF_00402
47,2,GF_00403
47,2,GF_00404
47,2,GF_00405
47,2,GF_00406
47,2,GF_00407
47,2,GF_00408
47,2,GF_00409
47,2,GF_00410
47,2,GF_00411
47,2,GF_00413
47,2,GF_00414
47,2,GF_00415
47,2,GF_00416
47,2,GF_00417
47,2,GF_00418
47,2,GF_00419
47,2,GF_00420
47,2,GF_00421
47,2,GF_00422
47,2,GF_00423
47,2,GF_00424
47,2,GF_00426
47,2,GF_00427
47,2,GF_00428
47,2,GF_00429
47,2,GF_00430
47,2,GF_00431
47,2,GF_00432
47,2,GF_00433
47,2,GF_00434
47,2,GF_00435
47,2,GF_00436
47,2,GF_00437
47,2,GF_00438
47,2,GF_00440
47,2,GF_00441
47,2,GF_00455
47,2,GF_00457
47,2,GF_00458
47,2,GF_00463
47,2,GF_00465
47,2,GF_00470
47,2,GF_00471
47,2,GF_00472
47,2,GF_00474
47,2,GF_00477
47,2,GF_00479
47,2,GF_00480
47,2,GF_00482
47,2,GF_00484
47,2,GF_00488
47,2,GF_00489
47,2,GF_00491
47,2,GF_00503
47,2,GF_00522
47,2,GF_00523
47,2,GF_00524
47,2,GF_00525
47,2,GF_00527
47,2,GF_00528
47,2,GF_00529
47,2,GF_00530
47,2,GF_00531
47,2,GF_00536
47,2,GF_00538
47,2,GF_00546
47,2,GF_00547
47,2,GF_00548
47,2,GF_00549
47,2,GF_00564
47,2,GF_00565
47,2,GF_00566
47,2,GF_00569
47,2,GF_00570
47,2,GF_00572
47,2,GF_00574
47,2,GF_00578
47,2,GF_00580
47,2,GF_00588
47,2,GF_00591
47,2,GF_00593
47,2,GF_00594
47,2,GF_00595
47,2,GF_00599
47,2,GF_00600
47,2,GF_00601
47,2,GF_00602
47,2,GF_00603
47,2,GF_00604
47,2,GF_00605
47,2,GF_00606
47,2,GF_00607
47,2,GF_00608
47,2,GF_00609
47,2,GF_00611
47,2,GF_00612
47,2,GF_00613
47,2,GF_00614
47,2,GF_00615
47,2,GF_00616
47,2,GF_00617
47,2,GF_00618
47,2,GF_00619
47,2,GF_00620
47,2,GF_00621
47,2,GF_00622
47,2,GF_00623
47,2,GF_00624
47,2,GF_00632
47,2,GF_00633
47,2,GF_00635
47,2,GF_00636
47,2,GF_00637
47,2,GF_00638
47,2,GF_00640
47,2,GF_00641
47,2,GF_00642
47,2,GF_00643
47,2,GF_00647
47,2,GF_00651
47,2,GF_00655
47,2,GF_00658
47,2,GF_00659
47,2,GF_00661
47,2,GF_00666
47,2,GF_00669
47,2,GF_00675
47,2,GF_00676
47,2,GF_00680
47,2,GF_00681
47,2,GF_00682
47,2,GF_00683
47,2,GF_00684
47,2,GF_00687
47,2,GF_00688
47,2,GF_00695
47,2,GF_00699
47,2,GF_00702
47,2,GF_00704
47,2,GF_00709
47,2,GF_00717
47,2,GF_00722
47,2,GF_00723
47,2,GF_00724
47,2,GF_00725
47,2,GF_00726
47,2,GF_00727
47,2,GF_00728
47,2,GF_00729
47,2,GF_00732
47,2,GF_00736
47,2,GF_00740
47,2,GF_00741
47,2,GF_00744
47,2,GF_00749
47,2,GF_00751
47,2,GF_00755
47,2,GF_00756
47,2,GF_00761
47,2,GF_00770
47,2,GF_00771
47,2,GF_00773
47,2,GF_00776
47,2,GF_00777
47,2,GF_00785
47,2,GF_00793
47,2,GF_00796
47,2,GF_00810
47,2,GF_00811
47,2,GF_00813
47,2,GF_00814
47,2,GF_00816
47,2,GF_00819
47,2,GF_00826
47,2,GF_00828
47,2,GF_00843
47,2,GF_00845
47,2,GF_00856
47,2,GF_00857
47,2,GF_00860
47,2,GF_00864
47,2,GF_00866
47,2,GF_00868
47,2,GF_00869
47,2,GF_00870
47,2,GF_00871
47,2,GF_00872
47,2,GF_00873
47,2,GF_00874
47,2,GF_00887
47,2,GF_00888
47,2,GF_00893
47,2,GF_00895
47,2,GF_00916
47,2,GF_00917
47,2,GF_00918
47,2,GF_00927
47,2,GF_00930
47,2,GF_00931
47,2,GF_00932
47,2,GF_00933
47,2,GF_00934
47,2,GF_00946
47,2,GF_00947
47,2,GF_00948
47,2,GF_00949
47,2,GF_00952
47,2,GF_00957
47,2,GF_00958
47,2,GF_00959
47,2,GF_00960
47,2,GF_00963
47,2,GF_00966
47,2,GF_00968
47,2,GF_00969
47,2,GF_00970
47,2,GF_00971
47,2,GF_00972
47,2,GF_00982
47,2,GF_00987
47,2,GF_00992
47,2,GF_01004
47,2,GF_01005
47,2,GF_01012
47,2,GF_01013
47,2,GF_01018
47,2,GF_01026
47,2,GF_01027
47,2,GF_01028
47,2,GF_01054
47,2,GF_01230
47,2,GF_01231
47,2,GF_01232
47,2,GF_01233
47,2,GF_01234
47,2,GF_01235
47,2,GF_01236
47,2,GF_01237
47,2,GF_01238
47,2,GF_01239
47,2,GF_01240
47,2,GF_01241
47,2,GF_01242
47,2,GF_01243
47,2,GF_01244
47,2,GF_01245
47,2,GF_01246
47,2,GF_01247
47,2,GF_01248
47,2,GF_01253
47,2,GF_01257
47,2,GF_01266
47,2,GF_01279
47,2,GF_01282
47,2,GF_01287
47,2,GF_01290
47,2,GF_01291
47,2,GF_01292
47,2,GF_01293
47,2,GF_01297
47,2,GF_01303
47,2,GF_01306
47,2,GF_01308
47,2,GF_01314
47,2,GF_01315
47,2,GF_01324
47,2,GF_01327
47,2,GF_01328
47,2,GF_01329
47,2,GF_01330
47,2,GF_01331
47,2,GF_01332
47,2,GF_01333
47,2,GF_01334
47,2,GF_01336
47,2,GF_01337
47,2,GF_01338
47,2,GF_01356
47,2,GF_01357
47,2,GF_01359
47,2,GF_01365
47,2,GF_01372
47,2,GF_01373
47,2,GF_01374
47,2,GF_01375
47,2,GF_01376
47,2,GF_01377
47,2,GF_01378
47,2,GF_01379
47,2,GF_01380
47,2,GF_01381
47,2,GF_01382
47,2,GF_01383
47,2,GF_01384
47,2,GF_01385
47,2,GF_01386
47,2,GF_01387
47,2,GF_01389
47,2,GF_01390
47,2,GF_01391
47,2,GF_01393
47,2,GF_01394
47,2,GF_01395
47,2,GF_01396
47,2,GF_01397
47,2,GF_01399
47,2,GF_01400
47,2,GF_01401
47,2,GF_01404
47,2,GF_01405
47,2,GF_01408
47,2,GF_01409
47,2,GF_01411
47,2,GF_01425
47,2,GF_01426
47,2,GF_01428
47,2,GF_01439
47,2,GF_01445
47,2,GF_01446
47,2,GF_01447
47,2,GF_01448
47,2,GF_01449
47,2,GF_01456
47,2,GF_01457
47,2,GF_01458
47,2,GF_01460
47,2,GF_01461
47,2,GF_01462
47,2,GF_01464
47,2,GF_01466
47,2,GF_01469
47,2,GF_01472
47,2,GF_01476
47,2,GF_01477
47,2,GF_01479
47,2,GF_01480
47,2,GF_01487
47,2,GF_01489
47,2,GF_01492
47,2,GF_01495
47,2,GF_01497
47,2,GF_01502
47,2,GF_01504
47,2,GF_01512
47,2,GF_01514
47,2,GF_01518
47,2,GF_01525
47,2,GF_01527
47,2,GF_01534
47,2,GF_01535
47,2,GF_01536
47,2,GF_01537
47,2,GF_01538
47,2,GF_01539
47,2,GF_01540
47,2,GF_01541
47,2,GF_01542
47,2,GF_01543
47,2,GF_01544
47,2,GF_01545
47,2,GF_01546
47,2,GF_01547
47,2,GF_01548
47,2,GF_01549
47,2,GF_01550
47,2,GF_01552
47,2,GF_01553
47,2,GF_01579
47,2,GF_01580
47,2,GF_01583
47,2,GF_01584
47,2,GF_01588
47,2,GF_01591
47,2,GF_01592
47,2,GF_01598
47,2,GF_01600
47,2,GF_01609
47,2,GF_01616
47,2,GF_01617
47,2,GF_01618
47,2,GF_01619
47,2,GF_01620
47,2,GF_01621
47,2,GF_01623
47,2,GF_01625
47,2,GF_01626
47,2,GF_01627
47,2,GF_01628
47,2,GF_01629
47,2,GF_01633
47,2,GF_01634
47,2,GF_01635
47,2,GF_01636
47,2,GF_01637
47,2,GF_01638
47,2,GF_01639
47,2,GF_01641
47,2,GF_01643
47,2,GF_01644
47,2,GF_01645
47,2,GF_01647
47,2,GF_01648
47,2,GF_01649
47,2,GF_01654
47,2,GF_01659
47,2,GF_01661
47,2,GF_01672
47,2,GF_01673
47,2,GF_01674
47,2,GF_01675
47,2,GF_01676
47,2,GF_01677
47,2,GF_01678
47,2,GF_01679
47,2,GF_01680
47,2,GF_01681
47,2,GF_01682
47,2,GF_01683
47,2,GF_01684
47,2,GF_01685
47,2,GF_01687
47,2,GF_01688
47,2,GF_01689
47,2,GF_01690
47,2,GF_01691
47,2,GF_01692
47,2,GF_01693
47,2,GF_01732
47,2,GF_01733
47,2,GF_01734
47,2,GF_01735
47,2,GF_01736
47,2,GF_01737
47,2,GF_01740
47,2,GF_01741
47,2,GF_01742
47,2,GF_01745
47,2,GF_01763
47,2,GF_01764
47,2,GF_01767
47,2,GF_01770
47,2,GF_01783
47,2,GF_01799
47,2,GF_01801
47,2,GF_01802
47,2,GF_01803
47,2,GF_01805
47,2,GF_01806
47,2,GF_01807
47,2,GF_01808
47,2,GF_01809
47,2,GF_01810
47,2,GF_01811
47,2,GF_01812
47,2,GF_01813
47,2,GF_01814
47,2,GF_01815
47,2,GF_01816
47,2,GF_01817
47,2,GF_01818
47,2,GF_01819
47,2,GF_01822
47,2,GF_01823
47,2,GF_01825
47,2,GF_01834
47,2,GF_01836
47,2,GF_01837
47,2,GF_01840
47,2,GF_01841
47,2,GF_01842
47,2,GF_01844
47,2,GF_01850
47,2,GF_01856
47,2,GF_01857
47,2,GF_01860
47,2,GF_01861
47,2,GF_01866
47,2,GF_01868
47,2,GF_01870
47,2,GF_01872
47,2,GF_01874
47,2,GF_01875
47,2,GF_01885
47,2,GF_01897
47,2,GF_01898
47,2,GF_01899
47,2,GF_01900
47,2,GF_01901
47,2,GF_01902
47,2,GF_01904
47,2,GF_01919
47,2,GF_01921
47,2,GF_01925
47,2,GF_01926
47,2,GF_01927
47,2,GF_01928
47,2,GF_01929
47,2,GF_01930
47,2,GF_01945
47,2,GF_02059
47,2,GF_02060
47,2,GF_02069
47,2,GF_02070
47,2,GF_02071
47,2,GF_02072
47,2,GF_02074
47,2,GF_02075
47,2,GF_02076
47,2,GF_02081
47,2,GF_02084
47,2,GF_02085
47,2,GF_02087
47,2,GF_02088
47,2,GF_02089
47,2,GF_02091
47,2,GF_02092
47,2,GF_02093
47,2,GF_02094
47,2,GF_02101
47,2,GF_02109
47,2,GF_02110
47,2,GF_02111
47,2,GF_02113
47,2,GF_02122
47,2,GF_02130
47,2,GF_02131
47,2,GF_02136
47,2,GF_02137
47,2,GF_02138
47,2,GF_02139
47,2,GF_02140
47,2,GF_02141
47,2,GF_02142
47,2,GF_02143
47,2,GF_02145
47,2,GF_02152
47,2,GF_02157
47,2,GF_02158
47,2,GF_02159
47,2,GF_02167
47,2,GF_02168
47,2,GF_02172
47,2,GF_02178
47,2,GF_02180
47,2,GF_02184
47,2,GF_02192
47,2,GF_02194
47,2,GF_02215
47,2,GF_02216
47,2,GF_02217
47,2,GF_02218
47,2,GF_02219
47,2,GF_02220
47,2,GF_02222
47,2,GF_02223
47,2,GF_02224
47,2,GF_02225
47,2,GF_02226
47,2,GF_02227
47,2,GF_02228
47,2,GF_02229
47,2,GF_02230
47,2,GF_02260
47,2,GF_02261
47,2,GF_02262
47,2,GF_02263
47,2,GF_02264
47,2,GF_02266
47,3,GF_00002
47,3,GF_00008
47,3,GF_00011
47,3,GF_00012
47,3,GF_00013
47,3,GF_00014
47,3,GF_00015
47,3,GF_00017
47,3,GF_00018
47,3,GF_00036
47,3,GF_00043
47,3,GF_00044
47,3,GF_00046
47,3,GF_00047
47,3,GF_00048
47,3,GF_00049
47,3,GF_00051
47,3,GF_00052
47,3,GF_00071
47,3,GF_00072
47,3,GF_00073
47,3,GF_00074
47,3,GF_00075
47,3,GF_00076
47,3,GF_00077
47,3,GF_00078
47,3,GF_00079
47,3,GF_00080
47,3,GF_00081
47,3,GF_00082
47,3,GF_00083
47,3,GF_00084
47,3,GF_00085
47,3,GF_00087
47,3,GF_00088
47,3,GF_00093
47,3,GF_00094
47,3,GF_00104
47,3,GF_00105
47,3,GF_00106
47,3,GF_00107
47,3,GF_00108
47,3,GF_00109
47,3,GF_00110
47,3,GF_00111
47,3,GF_00112
47,3,GF_00113
47,3,GF_00114
47,3,GF_00115
47,3,GF_00116
47,3,GF_00117
47,3,GF_00119
47,3,GF_00120
47,3,GF_00121
47,3,GF_00122
47,3,GF_00123
47,3,GF_00124
47,3,GF_00125
47,3,GF_00136
47,3,GF_00137
47,3,GF_00138
47,3,GF_00139
47,3,GF_00141
47,3,GF_00142
47,3,GF_00143
47,3,GF_00155
47,3,GF_00164
47,3,GF_00170
47,3,GF_00175
47,3,GF_00178
47,3,GF_00179
47,3,GF_00180
47,3,GF_00181
47,3,GF_00185
47,3,GF_00208
47,3,GF_00220
47,3,GF_00228
47,3,GF_00229
47,3,GF_00235
47,3,GF_00244
47,3,GF_00251
47,3,GF_00262
47,3,GF_00281
47,3,GF_00290
47,3,GF_00296
47,3,GF_00300
47,3,GF_00302
47,3,GF_00303
47,3,GF_00305
47,3,GF_00309
47,3,GF_00310
47,3,GF_00311
47,3,GF_00312
47,3,GF_00313
47,3,GF_00314
47,3,GF_00315
47,3,GF_00316
47,3,GF_00317
47,3,GF_00318
47,3,GF_00319
47,3,GF_00320
47,3,GF_00321
47,3,GF_00322
47,3,GF_00323
47,3,GF_00324
47,3,GF_00325
47,3,GF_00326
47,3,GF_00327
47,3,GF_00329
47,3,GF_00330
47,3,GF_00331
47,3,GF_00332
47,3,GF_00333
47,3,GF_00335
47,3,GF_00336
47,3,GF_00339
47,3,GF_00340
47,3,GF_00341
47,3,GF_00342
47,3,GF_00343
47,3,GF_00344
47,3,GF_00346
47,3,GF_00347
47,3,GF_00348
47,3,GF_00349
47,3,GF_00350
47,3,GF_00351
47,3,GF_00352
47,3,GF_00353
47,3,GF_00355
47,3,GF_00358
47,3,GF_00360
47,3,GF_00362
47,3,GF_00363
47,3,GF_00364
47,3,GF_00365
47,3,GF_00369
47,3,GF_00381
47,3,GF_00384
47,3,GF_00385
47,3,GF_00386
47,3,GF_00387
47,3,GF_00388
47,3,GF_00389
47,3,GF_00390
47,3,GF_00391
47,3,GF_00393
47,3,GF_00394
47,3,GF_00395
47,3,GF_00396
47,3,GF_00400
47,3,GF_00401
47,3,GF_00402
47,3,GF_00403
47,3,GF_00404
47,3,GF_00405
47,3,GF_00406
47,3,GF_00407
47,3,GF_00408
47,3,GF_00409
47,3,GF_00410
47,3,GF_00413
47,3,GF_00414
47,3,GF_00415
47,3,GF_00422
47,3,GF_00424
47,3,GF_00426
47,3,GF_00427
47,3,GF_00428
47,3,GF_00429
47,3,GF_00430
47,3,GF_00431
47,3,GF_00432
47,3,GF_00433
47,3,GF_00434
47,3,GF_00435
47,3,GF_00436
47,3,GF_00437
47,3,GF_00438
47,3,GF_00440
47,3,GF_00441
47,3,GF_00455
47,3,GF_00456
47,3,GF_00457
47,3,GF_00458
47,3,GF_00460
47,3,GF_00471
47,3,GF_00477
47,3,GF_00480
47,3,GF_00482
47,3,GF_00488
47,3,GF_00489
47,3,GF_00503
47,3,GF_00522
47,3,GF_00523
47,3,GF_00524
47,3,GF_00525
47,3,GF_00527
47,3,GF_00528
47,3,GF_00529
47,3,GF_00530
47,3,GF_00531
47,3,GF_00536
47,3,GF_00538
47,3,GF_00546
47,3,GF_00547
47,3,GF_00548
47,3,GF_00549
47,3,GF_00564
47,3,GF_00565
47,3,GF_00566
47,3,GF_00569
47,3,GF_00570
47,3,GF_00580
47,3,GF_00588
47,3,GF_00594
47,3,GF_00595
47,3,GF_00599
47,3,GF_00600
47,3,GF_00601
47,3,GF_00603
47,3,GF_00604
47,3,GF_00605
47,3,GF_00606
47,3,GF_00607
47,3,GF_00608
47,3,GF_00609
47,3,GF_00611
47,3,GF_00612
47,3,GF_00613
47,3,GF_00614
47,3,GF_00615
47,3,GF_00616
47,3,GF_00617
47,3,GF_00618
47,3,GF_00619
47,3,GF_00620
47,3,GF_00621
47,3,GF_00622
47,3,GF_00623
47,3,GF_00624
47,3,GF_00632
47,3,GF_00633
47,3,GF_00635
47,3,GF_00636
47,3,GF_00637
47,3,GF_00638
47,3,GF_00642
47,3,GF_00643
47,3,GF_00655
47,3,GF_00658
47,3,GF_00661
47,3,GF_00669
47,3,GF_00680
47,3,GF_00681
47,3,GF_00683
47,3,GF_00684
47,3,GF_00687
47,3,GF_00688
47,3,GF_00699
47,3,GF_00702
47,3,GF_00709
47,3,GF_00723
47,3,GF_00725
47,3,GF_00726
47,3,GF_00727
47,3,GF_00728
47,3,GF_00729
47,3,GF_00736
47,3,GF_00740
47,3,GF_00741
47,3,GF_00744
47,3,GF_00751
47,3,GF_00755
47,3,GF_00756
47,3,GF_00761
47,3,GF_00771
47,3,GF_00773
47,3,GF_00776
47,3,GF_00777
47,3,GF_00785
47,3,GF_00796
47,3,GF_00810
47,3,GF_00811
47,3,GF_00813
47,3,GF_00814
47,3,GF_00816
47,3,GF_00819
47,3,GF_00828
47,3,GF_00843
47,3,GF_00845
47,3,GF_00856
47,3,GF_00857
47,3,GF_00860
47,3,GF_00864
47,3,GF_00866
47,3,GF_00867
47,3,GF_00868
47,3,GF_00869
47,3,GF_00870
47,3,GF_00871
47,3,GF_00872
47,3,GF_00873
47,3,GF_00874
47,3,GF_00888
47,3,GF_00895
47,3,GF_00916
47,3,GF_00927
47,3,GF_00931
47,3,GF_00932
47,3,GF_00933
47,3,GF_00946
47,3,GF_00947
47,3,GF_00949
47,3,GF_00957
47,3,GF_00958
47,3,GF_00959
47,3,GF_00960
47,3,GF_00966
47,3,GF_00968
47,3,GF_00969
47,3,GF_00970
47,3,GF_00971
47,3,GF_00972
47,3,GF_00982
47,3,GF_01004
47,3,GF_01005
47,3,GF_01012
47,3,GF_01027
47,3,GF_01028
47,3,GF_01054
47,3,GF_01230
47,3,GF_01231
47,3,GF_01232
47,3,GF_01233
47,3,GF_01234
47,3,GF_01235
47,3,GF_01236
47,3,GF_01237
47,3,GF_01239
47,3,GF_01240
47,3,GF_01241
47,3,GF_01242
47,3,GF_01244
47,3,GF_01245
47,3,GF_01246
47,3,GF_01247
47,3,GF_01248
47,3,GF_01266
47,3,GF_01287
47,3,GF_01290
47,3,GF_01291
47,3,GF_01292
47,3,GF_01293
47,3,GF_01297
47,3,GF_01306
47,3,GF_01314
47,3,GF_01315
47,3,GF_01327
47,3,GF_01329
47,3,GF_01330
47,3,GF_01331
47,3,GF_01332
47,3,GF_01333
47,3,GF_01334
47,3,GF_01336
47,3,GF_01337
47,3,GF_01338
47,3,GF_01359
47,3,GF_01372
47,3,GF_01374
47,3,GF_01375
47,3,GF_01376
47,3,GF_01377
47,3,GF_01379
47,3,GF_01381
47,3,GF_01382
47,3,GF_01383
47,3,GF_01385
47,3,GF_01387
47,3,GF_01390
47,3,GF_01391
47,3,GF_01392
47,3,GF_01393
47,3,GF_01394
47,3,GF_01395
47,3,GF_01396
47,3,GF_01397
47,3,GF_01399
47,3,GF_01400
47,3,GF_01401
47,3,GF_01404
47,3,GF_01409
47,3,GF_01425
47,3,GF_01426
47,3,GF_01428
47,3,GF_01439
47,3,GF_01445
47,3,GF_01446
47,3,GF_01448
47,3,GF_01449
47,3,GF_01456
47,3,GF_01458
47,3,GF_01460
47,3,GF_01461
47,3,GF_01462
47,3,GF_01466
47,3,GF_01476
47,3,GF_01477
47,3,GF_01479
47,3,GF_01481
47,3,GF_01487
47,3,GF_01502
47,3,GF_01504
47,3,GF_01512
47,3,GF_01514
47,3,GF_01527
47,3,GF_01534
47,3,GF_01535
47,3,GF_01536
47,3,GF_01538
47,3,GF_01539
47,3,GF_01540
47,3,GF_01541
47,3,GF_01542
47,3,GF_01544
47,3,GF_01547
47,3,GF_01549
47,3,GF_01550
47,3,GF_01552
47,3,GF_01553
47,3,GF_01579
47,3,GF_01580
47,3,GF_01583
47,3,GF_01584
47,3,GF_01591
47,3,GF_01592
47,3,GF_01617
47,3,GF_01618
47,3,GF_01619
47,3,GF_01620
47,3,GF_01621
47,3,GF_01623
47,3,GF_01625
47,3,GF_01626
47,3,GF_01627
47,3,GF_01628
47,3,GF_01629
47,3,GF_01636
47,3,GF_01637
47,3,GF_01638
47,3,GF_01641
47,3,GF_01648
47,3,GF_01659
47,3,GF_01661
47,3,GF_01673
47,3,GF_01674
47,3,GF_01675
47,3,GF_01676
47,3,GF_01677
47,3,GF_01678
47,3,GF_01679
47,3,GF_01680
47,3,GF_01681
47,3,GF_01683
47,3,GF_01684
47,3,GF_01685
47,3,GF_01688
47,3,GF_01689
47,3,GF_01690
47,3,GF_01691
47,3,GF_01692
47,3,GF_01693
47,3,GF_01732
47,3,GF_01733
47,3,GF_01734
47,3,GF_01735
47,3,GF_01736
47,3,GF_01737
47,3,GF_01741
47,3,GF_01742
47,3,GF_01763
47,3,GF_01783
47,3,GF_01798
47,3,GF_01799
47,3,GF_01801
47,3,GF_01802
47,3,GF_01803
47,3,GF_01805
47,3,GF_01806
47,3,GF_01807
47,3,GF_01808
47,3,GF_01809
47,3,GF_01810
47,3,GF_01811
47,3,GF_01812
47,3,GF_01813
47,3,GF_01814
47,3,GF_01815
47,3,GF_01816
47,3,GF_01818
47,3,GF_01819
47,3,GF_01822
47,3,GF_01834
47,3,GF_01836
47,3,GF_01837
47,3,GF_01840
47,3,GF_01841
47,3,GF_01842
47,3,GF_01844
47,3,GF_01856
47,3,GF_01860
47,3,GF_01866
47,3,GF_01870
47,3,GF_01872
47,3,GF_01874
47,3,GF_01885
47,3,GF_01897
47,3,GF_01898
47,3,GF_01899
47,3,GF_01900
47,3,GF_01901
47,3,GF_01902
47,3,GF_01904
47,3,GF_01919
47,3,GF_01921
47,3,GF_01923
47,3,GF_01925
47,3,GF_01926
47,3,GF_01927
47,3,GF_01928
47,3,GF_01929
47,3,GF_01930
47,3,GF_01945
47,3,GF_02041
47,3,GF_02059
47,3,GF_02060
47,3,GF_02069
47,3,GF_02070
47,3,GF_02071
47,3,GF_02072
47,3,GF_02074
47,3,GF_02075
47,3,GF_02076
47,3,GF_02084
47,3,GF_02085
47,3,GF_02088
47,3,GF_02089
47,3,GF_02091
47,3,GF_02092
47,3,GF_02093
47,3,GF_02094
47,3,GF_02101
47,3,GF_02109
47,3,GF_02110
47,3,GF_02113
47,3,GF_02122
47,3,GF_02130
47,3,GF_02131
47,3,GF_02132
47,3,GF_02136
47,3,GF_02137
47,3,GF_02138
47,3,GF_02139
47,3,GF_02140
47,3,GF_02142
47,3,GF_02143
47,3,GF_02145
47,3,GF_02152
47,3,GF_02157
47,3,GF_02158
47,3,GF_02172
47,3,GF_02178
47,3,GF_02180
47,3,GF_02184
47,3,GF_02215
47,3,GF_02216
47,3,GF_02217
47,3,GF_02218
47,3,GF_02219
47,3,GF_02220
47,3,GF_02222
47,3,GF_02223
47,3,GF_02224
47,3,GF_02225
47,3,GF_02226
47,3,GF_02227
47,3,GF_02228
47,3,GF_02229
47,3,GF_02230
47,3,GF_02260
47,3,GF_02261
47,3,GF_02262
47,3,GF_02263
47,3,GF_02264
47,3,GF_02266
47,4,GF_00002
47,4,GF_00008
47,4,GF_00011
47,4,GF_00012
47,4,GF_00013
47,4,GF_00014
47,4,GF_00015
47,4,GF_00017
47,4,GF_00018
47,4,GF_00036
47,4,GF_00043
47,4,GF_00044
47,4,GF_00045
47,4,GF_00046
47,4,GF_00047
47,4,GF_00048
47,4,GF_00049
47,4,GF_00051
47,4,GF_00052
47,4,GF_00071
47,4,GF_00072
47,4,GF_00073
47,4,GF_00074
47,4,GF_00075
47,4,GF_00076
47,4,GF_00077
47,4,GF_00078
47,4,GF_00079
47,4,GF_00080
47,4,GF_00081
47,4,GF_00082
47,4,GF_00083
47,4,GF_00084
47,4,GF_00085
47,4,GF_00087
47,4,GF_00088
47,4,GF_00093
47,4,GF_00094
47,4,GF_00104
47,4,GF_00105
47,4,GF_00106
47,4,GF_00107
47,4,GF_00108
47,4,GF_00109
47,4,GF_00110
47,4,GF_00111
47,4,GF_00112
47,4,GF_00113
47,4,GF_00114
47,4,GF_00115
47,4,GF_00116
47,4,GF_00117
47,4,GF_00120
47,4,GF_00121
47,4,GF_00122
47,4,GF_00123
47,4,GF_00124
47,4,GF_00125
47,4,GF_00136
47,4,GF_00137
47,4,GF_00138
47,4,GF_00139
47,4,GF_00141
47,4,GF_00143
47,4,GF_00155
47,4,GF_00164
47,4,GF_00170
47,4,GF_00175
47,4,GF_00178
47,4,GF_00179
47,4,GF_00180
47,4,GF_00185
47,4,GF_00220
47,4,GF_00228
47,4,GF_00229
47,4,GF_00244
47,4,GF_00250
47,4,GF_00251
47,4,GF_00262
47,4,GF_00281
47,4,GF_00290
47,4,GF_00296
47,4,GF_00300
47,4,GF_00302
47,4,GF_00303
47,4,GF_00305
47,4,GF_00309
47,4,GF_00310
47,4,GF_00311
47,4,GF_00312
47,4,GF_00313
47,4,GF_00314
47,4,GF_00315
47,4,GF_00316
47,4,GF_00317
47,4,GF_00318
47,4,GF_00319
47,4,GF_00320
47,4,GF_00321
47,4,GF_00323
47,4,GF_00324
47,4,GF_00325
47,4,GF_00326
47,4,GF_00327
47,4,GF_00329
47,4,GF_00330
47,4,GF_00331
47,4,GF_00332
47,4,GF_00333
47,4,GF_00335
47,4,GF_00336
47,4,GF_00338
47,4,GF_00339
47,4,GF_00340
47,4,GF_00341
47,4,GF_00342
47,4,GF_00343
47,4,GF_00344
47,4,GF_00346
47,4,GF_00347
47,4,GF_00348
47,4,GF_00349
47,4,GF_00350
47,4,GF_00351
47,4,GF_00352
47,4,GF_00353
47,4,GF_00355
47,4,GF_00358
47,4,GF_00360
47,4,GF_00362
47,4,GF_00363
47,4,GF_00364
47,4,GF_00365
47,4,GF_00369
47,4,GF_00378
47,4,GF_00381
47,4,GF_00384
47,4,GF_00385
47,4,GF_00386
47,4,GF_00387
47,4,GF_00388
47,4,GF_00389
47,4,GF_00390
47,4,GF_00391
47,4,GF_00393
47,4,GF_00394
47,4,GF_00395
47,4,GF_00396
47,4,GF_00400
47,4,GF_00401
47,4,GF_00402
47,4,GF_00403
47,4,GF_00404
47,4,GF_00405
47,4,GF_00406
47,4,GF_00407
47,4,GF_00408
47,4,GF_00409
47,4,GF_00410
47,4,GF_00413
47,4,GF_00414
47,4,GF_00415
47,4,GF_00417
47,4,GF_00418
47,4,GF_00419
47,4,GF_00421
47,4,GF_00422
47,4,GF_00424
47,4,GF_00426
47,4,GF_00427
47,4,GF_00428
47,4,GF_00429
47,4,GF_00430
47,4,GF_00431
47,4,GF_00432
47,4,GF_00433
47,4,GF_00434
47,4,GF_00435
47,4,GF_00436
47,4,GF_00437
47,4,GF_00438
47,4,GF_00440
47,4,GF_00441
47,4,GF_00455
47,4,GF_00457
47,4,GF_00458
47,4,GF_00459
47,4,GF_00460
47,4,GF_00471
47,4,GF_00472
47,4,GF_00477
47,4,GF_00480
47,4,GF_00482
47,4,GF_00488
47,4,GF_00489
47,4,GF_00503
47,4,GF_00522
47,4,GF_00523
47,4,GF_00524
47,4,GF_00525
47,4,GF_00527
47,4,GF_00528
47,4,GF_00529
47,4,GF_00530
47,4,GF_00531
47,4,GF_00536
47,4,GF_00538
47,4,GF_00546
47,4,GF_00547
47,4,GF_00548
47,4,GF_00549
47,4,GF_00564
47,4,GF_00565
47,4,GF_00566
47,4,GF_00569
47,4,GF_00570
47,4,GF_00572
47,4,GF_00574
47,4,GF_00578
47,4,GF_00580
47,4,GF_00593
47,4,GF_00594
47,4,GF_00595
47,4,GF_00599
47,4,GF_00600
47,4,GF_00601
47,4,GF_00602
47,4,GF_00603
47,4,GF_00604
47,4,GF_00605
47,4,GF_00606
47,4,GF_00607
47,4,GF_00608
47,4,GF_00609
47,4,GF_00611
47,4,GF_00612
47,4,GF_00613
47,4,GF_00614
47,4,GF_00615
47,4,GF_00616
47,4,GF_00617
47,4,GF_00618
47,4,GF_00619
47,4,GF_00620
47,4,GF_00621
47,4,GF_00622
47,4,GF_00623
47,4,GF_00624
47,4,GF_00632
47,4,GF_00633
47,4,GF_00634
47,4,GF_00635
47,4,GF_00636
47,4,GF_00637
47,4,GF_00638
47,4,GF_00639
47,4,GF_00640
47,4,GF_00641
47,4,GF_00642
47,4,GF_00643
47,4,GF_00655
47,4,GF_00658
47,4,GF_00659
47,4,GF_00661
47,4,GF_00669
47,4,GF_00676
47,4,GF_00681
47,4,GF_00682
47,4,GF_00683
47,4,GF_00684
47,4,GF_00688
47,4,GF_00695
47,4,GF_00699
47,4,GF_00702
47,4,GF_00709
47,4,GF_00722
47,4,GF_00723
47,4,GF_00724
47,4,GF_00725
47,4,GF_00726
47,4,GF_00727
47,4,GF_00728
47,4,GF_00729
47,4,GF_00732
47,4,GF_00736
47,4,GF_00740
47,4,GF_00741
47,4,GF_00744
47,4,GF_00751
47,4,GF_00755
47,4,GF_00756
47,4,GF_00761
47,4,GF_00771
47,4,GF_00773
47,4,GF_00776
47,4,GF_00777
47,4,GF_00785
47,4,GF_00796
47,4,GF_00810
47,4,GF_00811
47,4,GF_00813
47,4,GF_00814
47,4,GF_00816
47,4,GF_00819
47,4,GF_00828
47,4,GF_00845
47,4,GF_00857
47,4,GF_00860
47,4,GF_00864
47,4,GF_00866
47,4,GF_00867
47,4,GF_00868
47,4,GF_00869
47,4,GF_00870
47,4,GF_00871
47,4,GF_00872
47,4,GF_00873
47,4,GF_00874
47,4,GF_00887
47,4,GF_00888
47,4,GF_00895
47,4,GF_00916
47,4,GF_00931
47,4,GF_00932
47,4,GF_00933
47,4,GF_00946
47,4,GF_00947
47,4,GF_00949
47,4,GF_00957
47,4,GF_00958
47,4,GF_00959
47,4,GF_00960
47,4,GF_00963
47,4,GF_00966
47,4,GF_00968
47,4,GF_00969
47,4,GF_00970
47,4,GF_00971
47,4,GF_00972
47,4,GF_00982
47,4,GF_01005
47,4,GF_01012
47,4,GF_01026
47,4,GF_01027
47,4,GF_01028
47,4,GF_01054
47,4,GF_01147
47,4,GF_01164
47,4,GF_01230
47,4,GF_01231
47,4,GF_01232
47,4,GF_01233
47,4,GF_01234
47,4,GF_01235
47,4,GF_01236
47,4,GF_01237
47,4,GF_01239
47,4,GF_01240
47,4,GF_01242
47,4,GF_01244
47,4,GF_01245
47,4,GF_01246
47,4,GF_01247
47,4,GF_01248
47,4,GF_01266
47,4,GF_01279
47,4,GF_01287
47,4,GF_01290
47,4,GF_01292
47,4,GF_01293
47,4,GF_01297
47,4,GF_01306
47,4,GF_01314
47,4,GF_01315
47,4,GF_01327
47,4,GF_01328
47,4,GF_01329
47,4,GF_01330
47,4,GF_01331
47,4,GF_01332
47,4,GF_01333
47,4,GF_01334
47,4,GF_01336
47,4,GF_01337
47,4,GF_01338
47,4,GF_01357
47,4,GF_01372
47,4,GF_01373
47,4,GF_01374
47,4,GF_01375
47,4,GF_01376
47,4,GF_01377
47,4,GF_01379
47,4,GF_01380
47,4,GF_01381
47,4,GF_01382
47,4,GF_01383
47,4,GF_01385
47,4,GF_01386
47,4,GF_01387
47,4,GF_01390
47,4,GF_01391
47,4,GF_01392
47,4,GF_01393
47,4,GF_01394
47,4,GF_01395
47,4,GF_01396
47,4,GF_01397
47,4,GF_01398
47,4,GF_01399
47,4,GF_01400
47,4,GF_01401
47,4,GF_01404
47,4,GF_01409
47,4,GF_01425
47,4,GF_01426
47,4,GF_01428
47,4,GF_01439
47,4,GF_01445
47,4,GF_01446
47,4,GF_01447
47,4,GF_01448
47,4,GF_01449
47,4,GF_01456
47,4,GF_01458
47,4,GF_01460
47,4,GF_01461
47,4,GF_01462
47,4,GF_01466
47,4,GF_01476
47,4,GF_01477
47,4,GF_01479
47,4,GF_01480
47,4,GF_01481
47,4,GF_01487
47,4,GF_01502
47,4,GF_01512
47,4,GF_01514
47,4,GF_01527
47,4,GF_01534
47,4,GF_01535
47,4,GF_01536
47,4,GF_01537
47,4,GF_01538
47,4,GF_01539
47,4,GF_01540
47,4,GF_01541
47,4,GF_01542
47,4,GF_01543
47,4,GF_01544
47,4,GF_01547
47,4,GF_01549
47,4,GF_01550
47,4,GF_01552
47,4,GF_01553
47,4,GF_01579
47,4,GF_01580
47,4,GF_01583
47,4,GF_01584
47,4,GF_01591
47,4,GF_01592
47,4,GF_01616
47,4,GF_01617
47,4,GF_01618
47,4,GF_01619
47,4,GF_01620
47,4,GF_01621
47,4,GF_01623
47,4,GF_01626
47,4,GF_01627
47,4,GF_01628
47,4,GF_01629
47,4,GF_01630
47,4,GF_01634
47,4,GF_01635
47,4,GF_01636
47,4,GF_01637
47,4,GF_01638
47,4,GF_01639
47,4,GF_01641
47,4,GF_01643
47,4,GF_01648
47,4,GF_01661
47,4,GF_01672
47,4,GF_01673
47,4,GF_01674
47,4,GF_01675
47,4,GF_01676
47,4,GF_01677
47,4,GF_01678
47,4,GF_01679
47,4,GF_01680
47,4,GF_01681
47,4,GF_01683
47,4,GF_01684
47,4,GF_01685
47,4,GF_01688
47,4,GF_01689
47,4,GF_01690
47,4,GF_01691
47,4,GF_01692
47,4,GF_01693
47,4,GF_01732
47,4,GF_01733
47,4,GF_01734
47,4,GF_01735
47,4,GF_01736
47,4,GF_01737
47,4,GF_01740
47,4,GF_01741
47,4,GF_01742
47,4,GF_01745
47,4,GF_01763
47,4,GF_01783
47,4,GF_01797
47,4,GF_01799
47,4,GF_01801
47,4,GF_01802
47,4,GF_01803
47,4,GF_01805
47,4,GF_01806
47,4,GF_01807
47,4,GF_01808
47,4,GF_01809
47,4,GF_01810
47,4,GF_01811
47,4,GF_01812
47,4,GF_01813
47,4,GF_01814
47,4,GF_01815
47,4,GF_01816
47,4,GF_01818
47,4,GF_01819
47,4,GF_01822
47,4,GF_01823
47,4,GF_01834
47,4,GF_01836
47,4,GF_01837
47,4,GF_01840
47,4,GF_01841
47,4,GF_01842
47,4,GF_01844
47,4,GF_01856
47,4,GF_01860
47,4,GF_01866
47,4,GF_01870
47,4,GF_01874
47,4,GF_01885
47,4,GF_01898
47,4,GF_01899
47,4,GF_01900
47,4,GF_01901
47,4,GF_01902
47,4,GF_01904
47,4,GF_01919
47,4,GF_01921
47,4,GF_01923
47,4,GF_01925
47,4,GF_01926
47,4,GF_01927
47,4,GF_01928
47,4,GF_01929
47,4,GF_01930
47,4,GF_01945
47,4,GF_02041
47,4,GF_02060
47,4,GF_02069
47,4,GF_02070
47,4,GF_02071
47,4,GF_02072
47,4,GF_02073
47,4,GF_02075
47,4,GF_02076
47,4,GF_02081
47,4,GF_02084
47,4,GF_02085
47,4,GF_02086
47,4,GF_02088
47,4,GF_02089
47,4,GF_02091
47,4,GF_02092
47,4,GF_02093
47,4,GF_02094
47,4,GF_02101
47,4,GF_02110
47,4,GF_02122
47,4,GF_02130
47,4,GF_02131
47,4,GF_02132
47,4,GF_02134
47,4,GF_02136
47,4,GF_02137
47,4,GF_02138
47,4,GF_02139
47,4,GF_02140
47,4,GF_02141
47,4,GF_02142
47,4,GF_02145
47,4,GF_02152
47,4,GF_02157
47,4,GF_02158
47,4,GF_02159
47,4,GF_02168
47,4,GF_02172
47,4,GF_02178
47,4,GF_02180
47,4,GF_02184
47,4,GF_02194
47,4,GF_02215
47,4,GF_02216
47,4,GF_02217
47,4,GF_02218
47,4,GF_02219
47,4,GF_02220
47,4,GF_02222
47,4,GF_02223
47,4,GF_02224
47,4,GF_02225
47,4,GF_02226
47,4,GF_02227
47,4,GF_02228
47,4,GF_02229
47,4,GF_02230
47,4,GF_02239
47,4,GF_02260
47,4,GF_02261
47,4,GF_02262
47,4,GF_02263
47,4,GF_02264
47,4,GF_02266
47,5,GF_00002
47,5,GF_00008
47,5,GF_00012
47,5,GF_00013
47,5,GF_00014
47,5,GF_00015
47,5,GF_00017
47,5,GF_00018
47,5,GF_00036
47,5,GF_00043
47,5,GF_00044
47,5,GF_00046
47,5,GF_00047
47,5,GF_00048
47,5,GF_00049
47,5,GF_00051
47,5,GF_00052
47,5,GF_00071
47,5,GF_00072
47,5,GF_00073
47,5,GF_00074
47,5,GF_00075
47,5,GF_00076
47,5,GF_00077
47,5,GF_00078
47,5,GF_00079
47,5,GF_00080
47,5,GF_00081
47,5,GF_00082
47,5,GF_00083
47,5,GF_00084
47,5,GF_00085
47,5,GF_00087
47,5,GF_00088
47,5,GF_00093
47,5,GF_00094
47,5,GF_00104
47,5,GF_00105
47,5,GF_00106
47,5,GF_00107
47,5,GF_00108
47,5,GF_00109
47,5,GF_00111
47,5,GF_00112
47,5,GF_00113
47,5,GF_00114
47,5,GF_00115
47,5,GF_00116
47,5,GF_00117
47,5,GF_00120
47,5,GF_00121
47,5,GF_00122
47,5,GF_00123
47,5,GF_00124
47,5,GF_00125
47,5,GF_00136
47,5,GF_00137
47,5,GF_00138
47,5,GF_00139
47,5,GF_00141
47,5,GF_00142
47,5,GF_00143
47,5,GF_00155
47,5,GF_00164
47,5,GF_00170
47,5,GF_00175
47,5,GF_00178
47,5,GF_00179
47,5,GF_00180
47,5,GF_00185
47,5,GF_00208
47,5,GF_00220
47,5,GF_00228
47,5,GF_00229
47,5,GF_00235
47,5,GF_00244
47,5,GF_00251
47,5,GF_00262
47,5,GF_00281
47,5,GF_00290
47,5,GF_00296
47,5,GF_00300
47,5,GF_00302
47,5,GF_00303
47,5,GF_00305
47,5,GF_00309
47,5,GF_00311
47,5,GF_00313
47,5,GF_00314
47,5,GF_00315
47,5,GF_00316
47,5,GF_00317
47,5,GF_00318
47,5,GF_00319
47,5,GF_00320
47,5,GF_00321
47,5,GF_00323
47,5,GF_00324
47,5,GF_00325
47,5,GF_00326
47,5,GF_00327
47,5,GF_00329
47,5,GF_00330
47,5,GF_00331
47,5,GF_00332
47,5,GF_00333
47,5,GF_00335
47,5,GF_00336
47,5,GF_00338
47,5,GF_00339
47,5,GF_00340
47,5,GF_00341
47,5,GF_00342
47,5,GF_00343
47,5,GF_00344
47,5,GF_00346
47,5,GF_00347
47,5,GF_00348
47,5,GF_00349
47,5,GF_00350
47,5,GF_00352
47,5,GF_00353
47,5,GF_00355
47,5,GF_00358
47,5,GF_00360
47,5,GF_00362
47,5,GF_00363
47,5,GF_00364
47,5,GF_00365
47,5,GF_00369
47,5,GF_00381
47,5,GF_00384
47,5,GF_00385
47,5,GF_00386
47,5,GF_00387
47,5,GF_00388
47,5,GF_00389
47,5,GF_00390
47,5,GF_00391
47,5,GF_00393
47,5,GF_00394
47,5,GF_00395
47,5,GF_00396
47,5,GF_00400
47,5,GF_00401
47,5,GF_00402
47,5,GF_00403
47,5,GF_00404
47,5,GF_00405
47,5,GF_00406
47,5,GF_00407
47,5,GF_00408
47,5,GF_00409
47,5,GF_00410
47,5,GF_00413
47,5,GF_00414
47,5,GF_00415
47,5,GF_00417
47,5,GF_00418
47,5,GF_00421
47,5,GF_00422
47,5,GF_00424
47,5,GF_00426
47,5,GF_00427
47,5,GF_00428
47,5,GF_00429
47,5,GF_00430
47,5,GF_00431
47,5,GF_00432
47,5,GF_00433
47,5,GF_00434
47,5,GF_00435
47,5,GF_00436
47,5,GF_00438
47,5,GF_00440
47,5,GF_00441
47,5,GF_00455
47,5,GF_00457
47,5,GF_00471
47,5,GF_00477
47,5,GF_00480
47,5,GF_00488
47,5,GF_00489
47,5,GF_00503
47,5,GF_00522
47,5,GF_00523
47,5,GF_00524
47,5,GF_00525
47,5,GF_00527
47,5,GF_00528
47,5,GF_00529
47,5,GF_00530
47,5,GF_00531
47,5,GF_00536
47,5,GF_00538
47,5,GF_00546
47,5,GF_00547
47,5,GF_00548
47,5,GF_00549
47,5,GF_00564
47,5,GF_00565
47,5,GF_00566
47,5,GF_00570
47,5,GF_00572
47,5,GF_00574
47,5,GF_00578
47,5,GF_00580
47,5,GF_00588
47,5,GF_00594
47,5,GF_00595
47,5,GF_00600
47,5,GF_00601
47,5,GF_00603
47,5,GF_00604
47,5,GF_00605
47,5,GF_00606
47,5,GF_00607
47,5,GF_00608
47,5,GF_00609
47,5,GF_00611
47,5,GF_00612
47,5,GF_00613
47,5,GF_00614
47,5,GF_00615
47,5,GF_00616
47,5,GF_00617
47,5,GF_00618
47,5,GF_00619
47,5,GF_00620
47,5,GF_00622
47,5,GF_00623
47,5,GF_00624
47,5,GF_00632
47,5,GF_00633
47,5,GF_00635
47,5,GF_00636
47,5,GF_00637
47,5,GF_00638
47,5,GF_00640
47,5,GF_00641
47,5,GF_00642
47,5,GF_00643
47,5,GF_00655
47,5,GF_00658
47,5,GF_00661
47,5,GF_00669
47,5,GF_00676
47,5,GF_00681
47,5,GF_00683
47,5,GF_00684
47,5,GF_00687
47,5,GF_00688
47,5,GF_00695
47,5,GF_00699
47,5,GF_00702
47,5,GF_00723
47,5,GF_00724
47,5,GF_00725
47,5,GF_00726
47,5,GF_00727
47,5,GF_00728
47,5,GF_00729
47,5,GF_00736
47,5,GF_00740
47,5,GF_00741
47,5,GF_00744
47,5,GF_00751
47,5,GF_00755
47,5,GF_00756
47,5,GF_00761
47,5,GF_00771
47,5,GF_00773
47,5,GF_00776
47,5,GF_00777
47,5,GF_00796
47,5,GF_00810
47,5,GF_00811
47,5,GF_00813
47,5,GF_00814
47,5,GF_00816
47,5,GF_00819
47,5,GF_00828
47,5,GF_00843
47,5,GF_00845
47,5,GF_00856
47,5,GF_00857
47,5,GF_00860
47,5,GF_00864
47,5,GF_00866
47,5,GF_00867
47,5,GF_00868
47,5,GF_00869
47,5,GF_00870
47,5,GF_00873
47,5,GF_00874
47,5,GF_00888
47,5,GF_00895
47,5,GF_00916
47,5,GF_00927
47,5,GF_00931
47,5,GF_00932
47,5,GF_00933
47,5,GF_00947
47,5,GF_00949
47,5,GF_00957
47,5,GF_00958
47,5,GF_00960
47,5,GF_00963
47,5,GF_00966
47,5,GF_00968
47,5,GF_00969
47,5,GF_00970
47,5,GF_00971
47,5,GF_00982
47,5,GF_01004
47,5,GF_01005
47,5,GF_01026
47,5,GF_01027
47,5,GF_01028
47,5,GF_01054
47,5,GF_01230
47,5,GF_01231
47,5,GF_01233
47,5,GF_01234
47,5,GF_01235
47,5,GF_01236
47,5,GF_01237
47,5,GF_01239
47,5,GF_01240
47,5,GF_01241
47,5,GF_01242
47,5,GF_01245
47,5,GF_01246
47,5,GF_01248
47,5,GF_01266
47,5,GF_01287
47,5,GF_01290
47,5,GF_01291
47,5,GF_01292
47,5,GF_01293
47,5,GF_01297
47,5,GF_01306
47,5,GF_01314
47,5,GF_01315
47,5,GF_01327
47,5,GF_01329
47,5,GF_01330
47,5,GF_01331
47,5,GF_01332
47,5,GF_01333
47,5,GF_01334
47,5,GF_01336
47,5,GF_01338
47,5,GF_01359
47,5,GF_01372
47,5,GF_01374
47,5,GF_01375
47,5,GF_01376
47,5,GF_01377
47,5,GF_01379
47,5,GF_01381
47,5,GF_01382
47,5,GF_01383
47,5,GF_01384
47,5,GF_01385
47,5,GF_01387
47,5,GF_01390
47,5,GF_01391
47,5,GF_01393
47,5,GF_01394
47,5,GF_01395
47,5,GF_01396
47,5,GF_01397
47,5,GF_01399
47,5,GF_01400
47,5,GF_01401
47,5,GF_01409
47,5,GF_01425
47,5,GF_01426
47,5,GF_01428
47,5,GF_01439
47,5,GF_01445
47,5,GF_01446
47,5,GF_01447
47,5,GF_01448
47,5,GF_01449
47,5,GF_01456
47,5,GF_01458
47,5,GF_01460
47,5,GF_01461
47,5,GF_01466
47,5,GF_01477
47,5,GF_01479
47,5,GF_01480
47,5,GF_01487
47,5,GF_01502
47,5,GF_01504
47,5,GF_01512
47,5,GF_01514
47,5,GF_01527
47,5,GF_01534
47,5,GF_01535
47,5,GF_01536
47,5,GF_01537
47,5,GF_01538
47,5,GF_01539
47,5,GF_01540
47,5,GF_01541
47,5,GF_01542
47,5,GF_01544
47,5,GF_01547
47,5,GF_01549
47,5,GF_01552
47,5,GF_01553
47,5,GF_01579
47,5,GF_01580
47,5,GF_01583
47,5,GF_01584
47,5,GF_01591
47,5,GF_01592
47,5,GF_01616
47,5,GF_01617
47,5,GF_01618
47,5,GF_01619
47,5,GF_01620
47,5,GF_01621
47,5,GF_01623
47,5,GF_01625
47,5,GF_01626
47,5,GF_01627
47,5,GF_01629
47,5,GF_01634
47,5,GF_01636
47,5,GF_01637
47,5,GF_01638
47,5,GF_01641
47,5,GF_01648
47,5,GF_01661
47,5,GF_01673
47,5,GF_01674
47,5,GF_01675
47,5,GF_01676
47,5,GF_01677
47,5,GF_01678
47,5,GF_01679
47,5,GF_01680
47,5,GF_01681
47,5,GF_01683
47,5,GF_01684
47,5,GF_01685
47,5,GF_01688
47,5,GF_01689
47,5,GF_01690
47,5,GF_01691
47,5,GF_01692
47,5,GF_01693
47,5,GF_01732
47,5,GF_01733
47,5,GF_01734
47,5,GF_01735
47,5,GF_01736
47,5,GF_01741
47,5,GF_01742
47,5,GF_01745
47,5,GF_01763
47,5,GF_01783
47,5,GF_01799
47,5,GF_01802
47,5,GF_01803
47,5,GF_01805
47,5,GF_01806
47,5,GF_01807
47,5,GF_01808
47,5,GF_01809
47,5,GF_01810
47,5,GF_01811
47,5,GF_01812
47,5,GF_01813
47,5,GF_01814
47,5,GF_01815
47,5,GF_01816
47,5,GF_01818
47,5,GF_01819
47,5,GF_01822
47,5,GF_01823
47,5,GF_01834
47,5,GF_01836
47,5,GF_01837
47,5,GF_01840
47,5,GF_01841
47,5,GF_01842
47,5,GF_01844
47,5,GF_01856
47,5,GF_01860
47,5,GF_01866
47,5,GF_01870
47,5,GF_01872
47,5,GF_01897
47,5,GF_01898
47,5,GF_01899
47,5,GF_01900
47,5,GF_01902
47,5,GF_01904
47,5,GF_01919
47,5,GF_01921
47,5,GF_01926
47,5,GF_01927
47,5,GF_01928
47,5,GF_01929
47,5,GF_01930
47,5,GF_01945
47,5,GF_02041
47,5,GF_02060
47,5,GF_02069
47,5,GF_02070
47,5,GF_02071
47,5,GF_02072
47,5,GF_02074
47,5,GF_02075
47,5,GF_02084
47,5,GF_02085
47,5,GF_02089
47,5,GF_02091
47,5,GF_02092
47,5,GF_02093
47,5,GF_02094
47,5,GF_02101
47,5,GF_02109
47,5,GF_02113
47,5,GF_02122
47,5,GF_02130
47,5,GF_02131
47,5,GF_02136
47,5,GF_02137
47,5,GF_02138
47,5,GF_02139
47,5,GF_02140
47,5,GF_02141
47,5,GF_02142
47,5,GF_02143
47,5,GF_02145
47,5,GF_02152
47,5,GF_02157
47,5,GF_02158
47,5,GF_02159
47,5,GF_02172
47,5,GF_02178
47,5,GF_02180
47,5,GF_02184
47,5,GF_02216
47,5,GF_02217
47,5,GF_02218
47,5,GF_02219
47,5,GF_02220
47,5,GF_02223
47,5,GF_02225
47,5,GF_02226
47,5,GF_02227
47,5,GF_02228
47,5,GF_02229
47,5,GF_02230
47,5,GF_02260
47,5,GF_02262
47,5,GF_02263
47,5,GF_02264
47,5,GF_02266
48,1,GF_00002
48,1,GF_00008
48,1,GF_00011
48,1,GF_00012
48,1,GF_00013
48,1,GF_00014
48,1,GF_00015
48,1,GF_00017
48,1,GF_00018
48,1,GF_00036
48,1,GF_00043
48,1,GF_00044
48,1,GF_00046
48,1,GF_00047
48,1,GF_00048
48,1,GF_00049
48,1,GF_00051
48,1,GF_00052
48,1,GF_00071
48,1,GF_00072
48,1,GF_00073
48,1,GF_00074
48,1,GF_00075
48,1,GF_00076
48,1,GF_00077
48,1,GF_00078
48,1,GF_00079
48,1,GF_00080
48,1,GF_00081
48,1,GF_00082
48,1,GF_00083
48,1,GF_00084
48,1,GF_00085
48,1,GF_00087
48,1,GF_00088
48,1,GF_00093
48,1,GF_00094
48,1,GF_00104
48,1,GF_00105
48,1,GF_00106
48,1,GF_00107
48,1,GF_00108
48,1,GF_00109
48,1,GF_00111
48,1,GF_00112
48,1,GF_00113
48,1,GF_00114
48,1,GF_00115
48,1,GF_00116
48,1,GF_00117
48,1,GF_00120
48,1,GF_00121
48,1,GF_00122
48,1,GF_00123
48,1,GF_00124
48,1,GF_00125
48,1,GF_00136
48,1,GF_00137
48,1,GF_00138
48,1,GF_00139
48,1,GF_00141
48,1,GF_00142
48,1,GF_00143
48,1,GF_00155
48,1,GF_00164
48,1,GF_00170
48,1,GF_00175
48,1,GF_00178
48,1,GF_00179
48,1,GF_00180
48,1,GF_00185
48,1,GF_00208
48,1,GF_00220
48,1,GF_00228
48,1,GF_00229
48,1,GF_00244
48,1,GF_00251
48,1,GF_00262
48,1,GF_00281
48,1,GF_00290
48,1,GF_00296
48,1,GF_00300
48,1,GF_00302
48,1,GF_00303
48,1,GF_00309
48,1,GF_00311
48,1,GF_00312
48,1,GF_00313
48,1,GF_00314
48,1,GF_00315
48,1,GF_00316
48,1,GF_00317
48,1,GF_00318
48,1,GF_00319
48,1,GF_00320
48,1,GF_00321
48,1,GF_00323
48,1,GF_00325
48,1,GF_00326
48,1,GF_00327
48,1,GF_00329
48,1,GF_00330
48,1,GF_00331
48,1,GF_00332
48,1,GF_00333
48,1,GF_00335
48,1,GF_00336
48,1,GF_00338
48,1,GF_00340
48,1,GF_00341
48,1,GF_00342
48,1,GF_00343
48,1,GF_00344
48,1,GF_00346
48,1,GF_00347
48,1,GF_00348
48,1,GF_00349
48,1,GF_00350
48,1,GF_00351
48,1,GF_00352
48,1,GF_00353
48,1,GF_00358
48,1,GF_00360
48,1,GF_00362
48,1,GF_00363
48,1,GF_00364
48,1,GF_00365
48,1,GF_00369
48,1,GF_00381
48,1,GF_00384
48,1,GF_00385
48,1,GF_00386
48,1,GF_00387
48,1,GF_00388
48,1,GF_00390
48,1,GF_00391
48,1,GF_00393
48,1,GF_00394
48,1,GF_00395
48,1,GF_00396
48,1,GF_00400
48,1,GF_00401
48,1,GF_00402
48,1,GF_00403
48,1,GF_00404
48,1,GF_00405
48,1,GF_00406
48,1,GF_00407
48,1,GF_00409
48,1,GF_00410
48,1,GF_00413
48,1,GF_00414
48,1,GF_00415
48,1,GF_00417
48,1,GF_00418
48,1,GF_00422
48,1,GF_00424
48,1,GF_00426
48,1,GF_00427
48,1,GF_00428
48,1,GF_00429
48,1,GF_00430
48,1,GF_00431
48,1,GF_00432
48,1,GF_00433
48,1,GF_00434
48,1,GF_00435
48,1,GF_00436
48,1,GF_00437
48,1,GF_00438
48,1,GF_00440
48,1,GF_00441
48,1,GF_00455
48,1,GF_00457
48,1,GF_00458
48,1,GF_00471
48,1,GF_00477
48,1,GF_00480
48,1,GF_00482
48,1,GF_00488
48,1,GF_00489
48,1,GF_00503
48,1,GF_00522
48,1,GF_00523
48,1,GF_00524
48,1,GF_00525
48,1,GF_00527
48,1,GF_00528
48,1,GF_00529
48,1,GF_00530
48,1,GF_00531
48,1,GF_00536
48,1,GF_00546
48,1,GF_00547
48,1,GF_00548
48,1,GF_00549
48,1,GF_00564
48,1,GF_00565
48,1,GF_00566
48,1,GF_00569
48,1,GF_00570
48,1,GF_00572
48,1,GF_00574
48,1,GF_00578
48,1,GF_00580
48,1,GF_00588
48,1,GF_00594
48,1,GF_00595
48,1,GF_00599
48,1,GF_00600
48,1,GF_00601
48,1,GF_00603
48,1,GF_00604
48,1,GF_00605
48,1,GF_00606
48,1,GF_00607
48,1,GF_00608
48,1,GF_00609
48,1,GF_00611
48,1,GF_00612
48,1,GF_00613
48,1,GF_00614
48,1,GF_00615
48,1,GF_00616
48,1,GF_00617
48,1,GF_00618
48,1,GF_00619
48,1,GF_00620
48,1,GF_00621
48,1,GF_00622
48,1,GF_00623
48,1,GF_00624
48,1,GF_00632
48,1,GF_00633
48,1,GF_00635
48,1,GF_00636
48,1,GF_00637
48,1,GF_00638
48,1,GF_00640
48,1,GF_00641
48,1,GF_00642
48,1,GF_00643
48,1,GF_00655
48,1,GF_00658
48,1,GF_00661
48,1,GF_00669
48,1,GF_00676
48,1,GF_00680
48,1,GF_00681
48,1,GF_00682
48,1,GF_00683
48,1,GF_00684
48,1,GF_00688
48,1,GF_00695
48,1,GF_00699
48,1,GF_00702
48,1,GF_00709
48,1,GF_00722
48,1,GF_00723
48,1,GF_00724
48,1,GF_00725
48,1,GF_00726
48,1,GF_00727
48,1,GF_00728
48,1,GF_00729
48,1,GF_00732
48,1,GF_00736
48,1,GF_00740
48,1,GF_00741
48,1,GF_00744
48,1,GF_00751
48,1,GF_00755
48,1,GF_00756
48,1,GF_00761
48,1,GF_00771
48,1,GF_00773
48,1,GF_00776
48,1,GF_00777
48,1,GF_00785
48,1,GF_00796
48,1,GF_00810
48,1,GF_00811
48,1,GF_00813
48,1,GF_00814
48,1,GF_00816
48,1,GF_00819
48,1,GF_00828
48,1,GF_00843
48,1,GF_00845
48,1,GF_00857
48,1,GF_00860
48,1,GF_00864
48,1,GF_00866
48,1,GF_00868
48,1,GF_00869
48,1,GF_00870
48,1,GF_00871
48,1,GF_00872
48,1,GF_00873
48,1,GF_00874
48,1,GF_00887
48,1,GF_00888
48,1,GF_00895
48,1,GF_00916
48,1,GF_00927
48,1,GF_00931
48,1,GF_00932
48,1,GF_00933
48,1,GF_00946
48,1,GF_00947
48,1,GF_00949
48,1,GF_00957
48,1,GF_00958
48,1,GF_00959
48,1,GF_00960
48,1,GF_00963
48,1,GF_00966
48,1,GF_00968
48,1,GF_00969
48,1,GF_00970
48,1,GF_00971
48,1,GF_00972
48,1,GF_00982
48,1,GF_01004
48,1,GF_01005
48,1,GF_01012
48,1,GF_01026
48,1,GF_01027
48,1,GF_01028
48,1,GF_01054
48,1,GF_01230
48,1,GF_01231
48,1,GF_01232
48,1,GF_01233
48,1,GF_01234
48,1,GF_01235
48,1,GF_01236
48,1,GF_01237
48,1,GF_01239
48,1,GF_01240
48,1,GF_01241
48,1,GF_01242
48,1,GF_01244
48,1,GF_01245
48,1,GF_01246
48,1,GF_01247
48,1,GF_01248
48,1,GF_01266
48,1,GF_01287
48,1,GF_01290
48,1,GF_01291
48,1,GF_01292
48,1,GF_01293
48,1,GF_01297
48,1,GF_01306
48,1,GF_01314
48,1,GF_01315
48,1,GF_01327
48,1,GF_01329
48,1,GF_01330
48,1,GF_01331
48,1,GF_01332
48,1,GF_01333
48,1,GF_01336
48,1,GF_01337
48,1,GF_01338
48,1,GF_01359
48,1,GF_01372
48,1,GF_01374
48,1,GF_01375
48,1,GF_01376
48,1,GF_01377
48,1,GF_01379
48,1,GF_01381
48,1,GF_01382
48,1,GF_01383
48,1,GF_01385
48,1,GF_01387
48,1,GF_01390
48,1,GF_01391
48,1,GF_01393
48,1,GF_01394
48,1,GF_01395
48,1,GF_01396
48,1,GF_01397
48,1,GF_01399
48,1,GF_01400
48,1,GF_01401
48,1,GF_01404
48,1,GF_01409
48,1,GF_01425
48,1,GF_01428
48,1,GF_01439
48,1,GF_01445
48,1,GF_01446
48,1,GF_01447
48,1,GF_01448
48,1,GF_01449
48,1,GF_01456
48,1,GF_01458
48,1,GF_01460
48,1,GF_01461
48,1,GF_01462
48,1,GF_01466
48,1,GF_01476
48,1,GF_01477
48,1,GF_01479
48,1,GF_01480
48,1,GF_01481
48,1,GF_01487
48,1,GF_01502
48,1,GF_01512
48,1,GF_01527
48,1,GF_01534
48,1,GF_01536
48,1,GF_01538
48,1,GF_01539
48,1,GF_01540
48,1,GF_01541
48,1,GF_01542
48,1,GF_01544
48,1,GF_01547
48,1,GF_01549
48,1,GF_01552
48,1,GF_01553
48,1,GF_01579
48,1,GF_01580
48,1,GF_01583
48,1,GF_01584
48,1,GF_01591
48,1,GF_01592
48,1,GF_01616
48,1,GF_01617
48,1,GF_01618
48,1,GF_01619
48,1,GF_01620
48,1,GF_01621
48,1,GF_01623
48,1,GF_01625
48,1,GF_01626
48,1,GF_01627
48,1,GF_01628
48,1,GF_01629
48,1,GF_01634
48,1,GF_01636
48,1,GF_01637
48,1,GF_01638
48,1,GF_01641
48,1,GF_01648
48,1,GF_01659
48,1,GF_01661
48,1,GF_01673
48,1,GF_01674
48,1,GF_01675
48,1,GF_01676
48,1,GF_01677
48,1,GF_01678
48,1,GF_01679
48,1,GF_01680
48,1,GF_01681
48,1,GF_01683
48,1,GF_01684
48,1,GF_01685
48,1,GF_01688
48,1,GF_01689
48,1,GF_01690
48,1,GF_01691
48,1,GF_01692
48,1,GF_01693
48,1,GF_01732
48,1,GF_01733
48,1,GF_01734
48,1,GF_01735
48,1,GF_01736
48,1,GF_01737
48,1,GF_01740
48,1,GF_01741
48,1,GF_01742
48,1,GF_01745
48,1,GF_01763
48,1,GF_01783
48,1,GF_01799
48,1,GF_01801
48,1,GF_01802
48,1,GF_01803
48,1,GF_01805
48,1,GF_01806
48,1,GF_01807
48,1,GF_01808
48,1,GF_01809
48,1,GF_01810
48,1,GF_01811
48,1,GF_01812
48,1,GF_01813
48,1,GF_01814
48,1,GF_01815
48,1,GF_01816
48,1,GF_01818
48,1,GF_01819
48,1,GF_01822
48,1,GF_01823
48,1,GF_01834
48,1,GF_01836
48,1,GF_01837
48,1,GF_01840
48,1,GF_01841
48,1,GF_01844
48,1,GF_01856
48,1,GF_01860
48,1,GF_01866
48,1,GF_01870
48,1,GF_01872
48,1,GF_01885
48,1,GF_01897
48,1,GF_01898
48,1,GF_01899
48,1,GF_01900
48,1,GF_01901
48,1,GF_01902
48,1,GF_01904
48,1,GF_01919
48,1,GF_01921
48,1,GF_01923
48,1,GF_01925
48,1,GF_01926
48,1,GF_01927
48,1,GF_01928
48,1,GF_01929
48,1,GF_01930
48,1,GF_01945
48,1,GF_02041
48,1,GF_02059
48,1,GF_02060
48,1,GF_02069
48,1,GF_02070
48,1,GF_02071
48,1,GF_02072
48,1,GF_02074
48,1,GF_02075
48,1,GF_02076
48,1,GF_02084
48,1,GF_02085
48,1,GF_02086
48,1,GF_02088
48,1,GF_02089
48,1,GF_02091
48,1,GF_02092
48,1,GF_02093
48,1,GF_02094
48,1,GF_02101
48,1,GF_02109
48,1,GF_02110
48,1,GF_02113
48,1,GF_02122
48,1,GF_02130
48,1,GF_02131
48,1,GF_02136
48,1,GF_02137
48,1,GF_02138
48,1,GF_02139
48,1,GF_02140
48,1,GF_02141
48,1,GF_02142
48,1,GF_02143
48,1,GF_02145
48,1,GF_02152
48,1,GF_02157
48,1,GF_02159
48,1,GF_02172
48,1,GF_02178
48,1,GF_02180
48,1,GF_02184
48,1,GF_02215
48,1,GF_02216
48,1,GF_02217
48,1,GF_02218
48,1,GF_02219
48,1,GF_02220
48,1,GF_02222
48,1,GF_02223
48,1,GF_02224
48,1,GF_02225
48,1,GF_02226
48,1,GF_02227
48,1,GF_02228
48,1,GF_02229
48,1,GF_02230
48,1,GF_02260
48,1,GF_02261
48,1,GF_02262
48,1,GF_02263
48,1,GF_02264
48,1,GF_02266
48,2,GF_00008
48,2,GF_00011
48,2,GF_00012
48,2,GF_00013
48,2,GF_00014
48,2,GF_00015
48,2,GF_00017
48,2,GF_00018
48,2,GF_00036
48,2,GF_00043
48,2,GF_00044
48,2,GF_00046
48,2,GF_00047
48,2,GF_00048
48,2,GF_00049
48,2,GF_00051
48,2,GF_00052
48,2,GF_00071
48,2,GF_00072
48,2,GF_00073
48,2,GF_00074
48,2,GF_00075
48,2,GF_00076
48,2,GF_00077
48,2,GF_00078
48,2,GF_00079
48,2,GF_00081
48,2,GF_00082
48,2,GF_00083
48,2,GF_00084
48,2,GF_00085
48,2,GF_00087
48,2,GF_00088
48,2,GF_00093
48,2,GF_00094
48,2,GF_00104
48,2,GF_00105
48,2,GF_00106
48,2,GF_00107
48,2,GF_00108
48,2,GF_00109
48,2,GF_00110
48,2,GF_00111
48,2,GF_00112
48,2,GF_00113
48,2,GF_00114
48,2,GF_00115
48,2,GF_00116
48,2,GF_00117
48,2,GF_00119
48,2,GF_00120
48,2,GF_00121
48,2,GF_00122
48,2,GF_00123
48,2,GF_00124
48,2,GF_00125
48,2,GF_00136
48,2,GF_00137
48,2,GF_00138
48,2,GF_00139
48,2,GF_00141
48,2,GF_00142
48,2,GF_00143
48,2,GF_00155
48,2,GF_00164
48,2,GF_00170
48,2,GF_00175
48,2,GF_00178
48,2,GF_00179
48,2,GF_00180
48,2,GF_00181
48,2,GF_00185
48,2,GF_00220
48,2,GF_00228
48,2,GF_00229
48,2,GF_00244
48,2,GF_00251
48,2,GF_00262
48,2,GF_00275
48,2,GF_00281
48,2,GF_00290
48,2,GF_00296
48,2,GF_00300
48,2,GF_00302
48,2,GF_00303
48,2,GF_00309
48,2,GF_00310
48,2,GF_00311
48,2,GF_00312
48,2,GF_00313
48,2,GF_00314
48,2,GF_00315
48,2,GF_00316
48,2,GF_00317
48,2,GF_00318
48,2,GF_00319
48,2,GF_00320
48,2,GF_00321
48,2,GF_00322
48,2,GF_00323
48,2,GF_00324
48,2,GF_00325
48,2,GF_00326
48,2,GF_00327
48,2,GF_00329
48,2,GF_00330
48,2,GF_00331
48,2,GF_00332
48,2,GF_00333
48,2,GF_00335
48,2,GF_00336
48,2,GF_00338
48,2,GF_00339
48,2,GF_00340
48,2,GF_00341
48,2,GF_00342
48,2,GF_00343
48,2,GF_00344
48,2,GF_00346
48,2,GF_00347
48,2,GF_00348
48,2,GF_00349
48,2,GF_00350
48,2,GF_00351
48,2,GF_00352
48,2,GF_00353
48,2,GF_00358
48,2,GF_00360
48,2,GF_00362
48,2,GF_00363
48,2,GF_00364
48,2,GF_00365
48,2,GF_00369
48,2,GF_00381
48,2,GF_00384
48,2,GF_00385
48,2,GF_00386
48,2,GF_00387
48,2,GF_00388
48,2,GF_00389
48,2,GF_00390
48,2,GF_00391
48,2,GF_00393
48,2,GF_00395
48,2,GF_00396
48,2,GF_00400
48,2,GF_00401
48,2,GF_00402
48,2,GF_00403
48,2,GF_00404
48,2,GF_00405
48,2,GF_00407
48,2,GF_00408
48,2,GF_00409
48,2,GF_00410
48,2,GF_00413
48,2,GF_00414
48,2,GF_00415
48,2,GF_00417
48,2,GF_00418
48,2,GF_00419
48,2,GF_00421
48,2,GF_00422
48,2,GF_00424
48,2,GF_00426
48,2,GF_00427
48,2,GF_00428
48,2,GF_00429
48,2,GF_00430
48,2,GF_00431
48,2,GF_00432
48,2,GF_00433
48,2,GF_00434
48,2,GF_00435
48,2,GF_00436
48,2,GF_00437
48,2,GF_00438
48,2,GF_00439
48,2,GF_00440
48,2,GF_00441
48,2,GF_00455
48,2,GF_00456
48,2,GF_00457
48,2,GF_00458
48,2,GF_00460
48,2,GF_00471
48,2,GF_00477
48,2,GF_00480
48,2,GF_00482
48,2,GF_00488
48,2,GF_00503
48,2,GF_00522
48,2,GF_00523
48,2,GF_00524
48,2,GF_00525
48,2,GF_00527
48,2,GF_00528
48,2,GF_00529
48,2,GF_00530
48,2,GF_00531
48,2,GF_00536
48,2,GF_00538
48,2,GF_00546
48,2,GF_00547
48,2,GF_00548
48,2,GF_00549
48,2,GF_00564
48,2,GF_00565
48,2,GF_00566
48,2,GF_00569
48,2,GF_00570
48,2,GF_00572
48,2,GF_00574
48,2,GF_00578
48,2,GF_00580
48,2,GF_00588
48,2,GF_00594
48,2,GF_00595
48,2,GF_00599
48,2,GF_00600
48,2,GF_00601
48,2,GF_00603
48,2,GF_00604
48,2,GF_00605
48,2,GF_00606
48,2,GF_00607
48,2,GF_00608
48,2,GF_00609
48,2,GF_00611
48,2,GF_00612
48,2,GF_00613
48,2,GF_00614
48,2,GF_00615
48,2,GF_00616
48,2,GF_00617
48,2,GF_00618
48,2,GF_00619
48,2,GF_00620
48,2,GF_00621
48,2,GF_00622
48,2,GF_00623
48,2,GF_00624
48,2,GF_00632
48,2,GF_00633
48,2,GF_00635
48,2,GF_00636
48,2,GF_00637
48,2,GF_00638
48,2,GF_00640
48,2,GF_00641
48,2,GF_00642
48,2,GF_00643
48,2,GF_00655
48,2,GF_00658
48,2,GF_00661
48,2,GF_00669
48,2,GF_00676
48,2,GF_00680
48,2,GF_00681
48,2,GF_00682
48,2,GF_00683
48,2,GF_00684
48,2,GF_00686
48,2,GF_00687
48,2,GF_00688
48,2,GF_00695
48,2,GF_00699
48,2,GF_00702
48,2,GF_00709
48,2,GF_00722
48,2,GF_00723
48,2,GF_00724
48,2,GF_00725
48,2,GF_00726
48,2,GF_00727
48,2,GF_00728
48,2,GF_00729
48,2,GF_00732
48,2,GF_00736
48,2,GF_00740
48,2,GF_00741
48,2,GF_00744
48,2,GF_00751
48,2,GF_00755
48,2,GF_00756
48,2,GF_00761
48,2,GF_00771
48,2,GF_00773
48,2,GF_00776
48,2,GF_00777
48,2,GF_00785
48,2,GF_00796
48,2,GF_00810
48,2,GF_00811
48,2,GF_00813
48,2,GF_00814
48,2,GF_00816
48,2,GF_00819
48,2,GF_00828
48,2,GF_00843
48,2,GF_00845
48,2,GF_00856
48,2,GF_00857
48,2,GF_00860
48,2,GF_00864
48,2,GF_00866
48,2,GF_00867
48,2,GF_00868
48,2,GF_00869
48,2,GF_00870
48,2,GF_00871
48,2,GF_00872
48,2,GF_00873
48,2,GF_00874
48,2,GF_00888
48,2,GF_00895
48,2,GF_00916
48,2,GF_00927
48,2,GF_00931
48,2,GF_00932
48,2,GF_00933
48,2,GF_00946
48,2,GF_00947
48,2,GF_00949
48,2,GF_00957
48,2,GF_00958
48,2,GF_00959
48,2,GF_00960
48,2,GF_00966
48,2,GF_00967
48,2,GF_00968
48,2,GF_00969
48,2,GF_00970
48,2,GF_00971
48,2,GF_00972
48,2,GF_00982
48,2,GF_01004
48,2,GF_01005
48,2,GF_01012
48,2,GF_01026
48,2,GF_01027
48,2,GF_01028
48,2,GF_01054
48,2,GF_01230
48,2,GF_01231
48,2,GF_01232
48,2,GF_01233
48,2,GF_01234
48,2,GF_01235
48,2,GF_01236
48,2,GF_01237
48,2,GF_01239
48,2,GF_01240
48,2,GF_01241
48,2,GF_01242
48,2,GF_01244
48,2,GF_01245
48,2,GF_01246
48,2,GF_01247
48,2,GF_01248
48,2,GF_01266
48,2,GF_01287
48,2,GF_01290
48,2,GF_01292
48,2,GF_01293
48,2,GF_01297
48,2,GF_01306
48,2,GF_01314
48,2,GF_01315
48,2,GF_01327
48,2,GF_01328
48,2,GF_01329
48,2,GF_01330
48,2,GF_01331
48,2,GF_01332
48,2,GF_01333
48,2,GF_01334
48,2,GF_01336
48,2,GF_01337
48,2,GF_01338
48,2,GF_01359
48,2,GF_01372
48,2,GF_01374
48,2,GF_01375
48,2,GF_01376
48,2,GF_01377
48,2,GF_01379
48,2,GF_01381
48,2,GF_01382
48,2,GF_01383
48,2,GF_01385
48,2,GF_01387
48,2,GF_01390
48,2,GF_01391
48,2,GF_01393
48,2,GF_01394
48,2,GF_01395
48,2,GF_01396
48,2,GF_01397
48,2,GF_01398
48,2,GF_01399
48,2,GF_01400
48,2,GF_01401
48,2,GF_01404
48,2,GF_01409
48,2,GF_01425
48,2,GF_01426
48,2,GF_01428
48,2,GF_01439
48,2,GF_01445
48,2,GF_01446
48,2,GF_01447
48,2,GF_01448
48,2,GF_01449
48,2,GF_01456
48,2,GF_01458
48,2,GF_01460
48,2,GF_01461
48,2,GF_01462
48,2,GF_01466
48,2,GF_01476
48,2,GF_01477
48,2,GF_01479
48,2,GF_01480
48,2,GF_01487
48,2,GF_01502
48,2,GF_01512
48,2,GF_01514
48,2,GF_01527
48,2,GF_01534
48,2,GF_01535
48,2,GF_01536
48,2,GF_01538
48,2,GF_01539
48,2,GF_01540
48,2,GF_01541
48,2,GF_01542
48,2,GF_01544
48,2,GF_01547
48,2,GF_01549
48,2,GF_01552
48,2,GF_01553
48,2,GF_01579
48,2,GF_01580
48,2,GF_01583
48,2,GF_01584
48,2,GF_01591
48,2,GF_01592
48,2,GF_01616
48,2,GF_01617
48,2,GF_01618
48,2,GF_01619
48,2,GF_01620
48,2,GF_01621
48,2,GF_01623
48,2,GF_01625
48,2,GF_01626
48,2,GF_01627
48,2,GF_01628
48,2,GF_01629
48,2,GF_01630
48,2,GF_01634
48,2,GF_01636
48,2,GF_01637
48,2,GF_01638
48,2,GF_01639
48,2,GF_01641
48,2,GF_01648
48,2,GF_01661
48,2,GF_01673
48,2,GF_01674
48,2,GF_01675
48,2,GF_01676
48,2,GF_01677
48,2,GF_01678
48,2,GF_01679
48,2,GF_01680
48,2,GF_01681
48,2,GF_01683
48,2,GF_01684
48,2,GF_01685
48,2,GF_01688
48,2,GF_01689
48,2,GF_01690
48,2,GF_01691
48,2,GF_01692
48,2,GF_01693
48,2,GF_01732
48,2,GF_01733
48,2,GF_01734
48,2,GF_01735
48,2,GF_01736
48,2,GF_01737
48,2,GF_01740
48,2,GF_01741
48,2,GF_01742
48,2,GF_01763
48,2,GF_01783
48,2,GF_01798
48,2,GF_01799
48,2,GF_01801
48,2,GF_01802
48,2,GF_01803
48,2,GF_01805
48,2,GF_01806
48,2,GF_01807
48,2,GF_01808
48,2,GF_01809
48,2,GF_01810
48,2,GF_01811
48,2,GF_01812
48,2,GF_01813
48,2,GF_01814
48,2,GF_01815
48,2,GF_01816
48,2,GF_01818
48,2,GF_01819
48,2,GF_01822
48,2,GF_01823
48,2,GF_01834
48,2,GF_01836
48,2,GF_01837
48,2,GF_01840
48,2,GF_01841
48,2,GF_01844
48,2,GF_01856
48,2,GF_01860
48,2,GF_01866
48,2,GF_01870
48,2,GF_01872
48,2,GF_01885
48,2,GF_01897
48,2,GF_01898
48,2,GF_01899
48,2,GF_01900
48,2,GF_01901
48,2,GF_01902
48,2,GF_01903
48,2,GF_01904
48,2,GF_01919
48,2,GF_01921
48,2,GF_01923
48,2,GF_01925
48,2,GF_01926
48,2,GF_01927
48,2,GF_01928
48,2,GF_01929
48,2,GF_01930
48,2,GF_01945
48,2,GF_02041
48,2,GF_02060
48,2,GF_02069
48,2,GF_02070
48,2,GF_02071
48,2,GF_02072
48,2,GF_02075
48,2,GF_02076
48,2,GF_02084
48,2,GF_02085
48,2,GF_02088
48,2,GF_02089
48,2,GF_02091
48,2,GF_02092
48,2,GF_02093
48,2,GF_02094
48,2,GF_02101
48,2,GF_02109
48,2,GF_02110
48,2,GF_02113
48,2,GF_02122
48,2,GF_02130
48,2,GF_02131
48,2,GF_02132
48,2,GF_02136
48,2,GF_02137
48,2,GF_02138
48,2,GF_02139
48,2,GF_02140
48,2,GF_02142
48,2,GF_02143
48,2,GF_02145
48,2,GF_02152
48,2,GF_02157
48,2,GF_02158
48,2,GF_02159
48,2,GF_02172
48,2,GF_02178
48,2,GF_02180
48,2,GF_02184
48,2,GF_02215
48,2,GF_02216
48,2,GF_02217
48,2,GF_02218
48,2,GF_02219
48,2,GF_02220
48,2,GF_02222
48,2,GF_02223
48,2,GF_02224
48,2,GF_02225
48,2,GF_02226
48,2,GF_02227
48,2,GF_02228
48,2,GF_02229
48,2,GF_02230
48,2,GF_02260
48,2,GF_02262
48,2,GF_02263
48,2,GF_02264
48,2,GF_02266
48,3,GF_00002
48,3,GF_00011
48,3,GF_00012
48,3,GF_00013
48,3,GF_00015
48,3,GF_00017
48,3,GF_00018
48,3,GF_00036
48,3,GF_00043
48,3,GF_00044
48,3,GF_00046
48,3,GF_00047
48,3,GF_00048
48,3,GF_00049
48,3,GF_00051
48,3,GF_00052
48,3,GF_00071
48,3,GF_00072
48,3,GF_00073
48,3,GF_00075
48,3,GF_00077
48,3,GF_00078
48,3,GF_00079
48,3,GF_00080
48,3,GF_00081
48,3,GF_00082
48,3,GF_00083
48,3,GF_00084
48,3,GF_00085
48,3,GF_00087
48,3,GF_00088
48,3,GF_00093
48,3,GF_00094
48,3,GF_00104
48,3,GF_00105
48,3,GF_00106
48,3,GF_00107
48,3,GF_00108
48,3,GF_00109
48,3,GF_00111
48,3,GF_00112
48,3,GF_00113
48,3,GF_00114
48,3,GF_00115
48,3,GF_00120
48,3,GF_00122
48,3,GF_00123
48,3,GF_00124
48,3,GF_00125
48,3,GF_00136
48,3,GF_00137
48,3,GF_00139
48,3,GF_00141
48,3,GF_00142
48,3,GF_00143
48,3,GF_00155
48,3,GF_00164
48,3,GF_00170
48,3,GF_00175
48,3,GF_00178
48,3,GF_00179
48,3,GF_00180
48,3,GF_00185
48,3,GF_00208
48,3,GF_00220
48,3,GF_00229
48,3,GF_00235
48,3,GF_00244
48,3,GF_00250
48,3,GF_00251
48,3,GF_00262
48,3,GF_00281
48,3,GF_00290
48,3,GF_00296
48,3,GF_00300
48,3,GF_00302
48,3,GF_00303
48,3,GF_00305
48,3,GF_00309
48,3,GF_00310
48,3,GF_00311
48,3,GF_00312
48,3,GF_00313
48,3,GF_00314
48,3,GF_00315
48,3,GF_00316
48,3,GF_00317
48,3,GF_00318
48,3,GF_00319
48,3,GF_00320
48,3,GF_00323
48,3,GF_00324
48,3,GF_00325
48,3,GF_00326
48,3,GF_00327
48,3,GF_00329
48,3,GF_00330
48,3,GF_00331
48,3,GF_00332
48,3,GF_00333
48,3,GF_00335
48,3,GF_00336
48,3,GF_00339
48,3,GF_00340
48,3,GF_00341
48,3,GF_00342
48,3,GF_00343
48,3,GF_00344
48,3,GF_00346
48,3,GF_00347
48,3,GF_00348
48,3,GF_00349
48,3,GF_00350
48,3,GF_00352
48,3,GF_00353
48,3,GF_00355
48,3,GF_00358
48,3,GF_00360
48,3,GF_00362
48,3,GF_00363
48,3,GF_00364
48,3,GF_00365
48,3,GF_00369
48,3,GF_00381
48,3,GF_00384
48,3,GF_00385
48,3,GF_00386
48,3,GF_00387
48,3,GF_00388
48,3,GF_00389
48,3,GF_00390
48,3,GF_00391
48,3,GF_00393
48,3,GF_00394
48,3,GF_00395
48,3,GF_00396
48,3,GF_00400
48,3,GF_00401
48,3,GF_00402
48,3,GF_00404
48,3,GF_00405
48,3,GF_00406
48,3,GF_00407
48,3,GF_00408
48,3,GF_00409
48,3,GF_00410
48,3,GF_00413
48,3,GF_00414
48,3,GF_00415
48,3,GF_00417
48,3,GF_00418
48,3,GF_00421
48,3,GF_00422
48,3,GF_00424
48,3,GF_00426
48,3,GF_00427
48,3,GF_00429
48,3,GF_00430
48,3,GF_00431
48,3,GF_00432
48,3,GF_00433
48,3,GF_00434
48,3,GF_00435
48,3,GF_00436
48,3,GF_00437
48,3,GF_00438
48,3,GF_00440
48,3,GF_00455
48,3,GF_00457
48,3,GF_00458
48,3,GF_00471
48,3,GF_00477
48,3,GF_00480
48,3,GF_00482
48,3,GF_00488
48,3,GF_00489
48,3,GF_00503
48,3,GF_00522
48,3,GF_00523
48,3,GF_00524
48,3,GF_00525
48,3,GF_00527
48,3,GF_00528
48,3,GF_00529
48,3,GF_00531
48,3,GF_00536
48,3,GF_00538
48,3,GF_00546
48,3,GF_00547
48,3,GF_00548
48,3,GF_00549
48,3,GF_00564
48,3,GF_00565
48,3,GF_00566
48,3,GF_00569
48,3,GF_00570
48,3,GF_00580
48,3,GF_00588
48,3,GF_00594
48,3,GF_00595
48,3,GF_00599
48,3,GF_00600
48,3,GF_00601
48,3,GF_00603
48,3,GF_00604
48,3,GF_00605
48,3,GF_00606
48,3,GF_00607
48,3,GF_00608
48,3,GF_00609
48,3,GF_00611
48,3,GF_00612
48,3,GF_00613
48,3,GF_00614
48,3,GF_00615
48,3,GF_00616
48,3,GF_00617
48,3,GF_00618
48,3,GF_00619
48,3,GF_00620
48,3,GF_00621
48,3,GF_00622
48,3,GF_00623
48,3,GF_00624
48,3,GF_00632
48,3,GF_00633
48,3,GF_00635
48,3,GF_00636
48,3,GF_00637
48,3,GF_00641
48,3,GF_00642
48,3,GF_00643
48,3,GF_00655
48,3,GF_00658
48,3,GF_00659
48,3,GF_00661
48,3,GF_00669
48,3,GF_00681
48,3,GF_00684
48,3,GF_00688
48,3,GF_00699
48,3,GF_00702
48,3,GF_00709
48,3,GF_00723
48,3,GF_00724
48,3,GF_00725
48,3,GF_00726
48,3,GF_00727
48,3,GF_00728
48,3,GF_00729
48,3,GF_00736
48,3,GF_00740
48,3,GF_00741
48,3,GF_00744
48,3,GF_00751
48,3,GF_00755
48,3,GF_00756
48,3,GF_00761
48,3,GF_00771
48,3,GF_00773
48,3,GF_00776
48,3,GF_00777
48,3,GF_00785
48,3,GF_00796
48,3,GF_00810
48,3,GF_00811
48,3,GF_00814
48,3,GF_00816
48,3,GF_00819
48,3,GF_00828
48,3,GF_00843
48,3,GF_00845
48,3,GF_00857
48,3,GF_00860
48,3,GF_00864
48,3,GF_00866
48,3,GF_00868
48,3,GF_00869
48,3,GF_00870
48,3,GF_00871
48,3,GF_00872
48,3,GF_00873
48,3,GF_00874
48,3,GF_00887
48,3,GF_00888
48,3,GF_00895
48,3,GF_00916
48,3,GF_00927
48,3,GF_00931
48,3,GF_00933
48,3,GF_00946
48,3,GF_00949
48,3,GF_00957
48,3,GF_00958
48,3,GF_00959
48,3,GF_00960
48,3,GF_00963
48,3,GF_00966
48,3,GF_00968
48,3,GF_00969
48,3,GF_00970
48,3,GF_00971
48,3,GF_00972
48,3,GF_00982
48,3,GF_01004
48,3,GF_01005
48,3,GF_01012
48,3,GF_01026
48,3,GF_01027
48,3,GF_01028
48,3,GF_01054
48,3,GF_01230
48,3,GF_01231
48,3,GF_01232
48,3,GF_01233
48,3,GF_01234
48,3,GF_01235
48,3,GF_01236
48,3,GF_01237
48,3,GF_01239
48,3,GF_01240
48,3,GF_01241
48,3,GF_01242
48,3,GF_01244
48,3,GF_01245
48,3,GF_01246
48,3,GF_01247
48,3,GF_01248
48,3,GF_01266
48,3,GF_01287
48,3,GF_01290
48,3,GF_01291
48,3,GF_01292
48,3,GF_01293
48,3,GF_01297
48,3,GF_01306
48,3,GF_01314
48,3,GF_01315
48,3,GF_01327
48,3,GF_01329
48,3,GF_01330
48,3,GF_01331
48,3,GF_01332
48,3,GF_01333
48,3,GF_01334
48,3,GF_01336
48,3,GF_01337
48,3,GF_01338
48,3,GF_01357
48,3,GF_01359
48,3,GF_01372
48,3,GF_01373
48,3,GF_01374
48,3,GF_01375
48,3,GF_01376
48,3,GF_01377
48,3,GF_01379
48,3,GF_01381
48,3,GF_01382
48,3,GF_01383
48,3,GF_01385
48,3,GF_01386
48,3,GF_01387
48,3,GF_01390
48,3,GF_01391
48,3,GF_01393
48,3,GF_01394
48,3,GF_01395
48,3,GF_01396
48,3,GF_01397
48,3,GF_01399
48,3,GF_01400
48,3,GF_01401
48,3,GF_01404
48,3,GF_01409
48,3,GF_01425
48,3,GF_01426
48,3,GF_01428
48,3,GF_01439
48,3,GF_01445
48,3,GF_01446
48,3,GF_01447
48,3,GF_01448
48,3,GF_01449
48,3,GF_01456
48,3,GF_01458
48,3,GF_01460
48,3,GF_01461
48,3,GF_01462
48,3,GF_01466
48,3,GF_01476
48,3,GF_01477
48,3,GF_01479
48,3,GF_01481
48,3,GF_01487
48,3,GF_01502
48,3,GF_01512
48,3,GF_01514
48,3,GF_01527
48,3,GF_01534
48,3,GF_01535
48,3,GF_01536
48,3,GF_01538
48,3,GF_01539
48,3,GF_01540
48,3,GF_01541
48,3,GF_01542
48,3,GF_01543
48,3,GF_01544
48,3,GF_01547
48,3,GF_01549
48,3,GF_01550
48,3,GF_01552
48,3,GF_01553
48,3,GF_01579
48,3,GF_01580
48,3,GF_01583
48,3,GF_01584
48,3,GF_01591
48,3,GF_01592
48,3,GF_01616
48,3,GF_01617
48,3,GF_01618
48,3,GF_01619
48,3,GF_01620
48,3,GF_01621
48,3,GF_01623
48,3,GF_01625
48,3,GF_01626
48,3,GF_01627
48,3,GF_01628
48,3,GF_01629
48,3,GF_01630
48,3,GF_01635
48,3,GF_01636
48,3,GF_01637
48,3,GF_01638
48,3,GF_01641
48,3,GF_01648
48,3,GF_01661
48,3,GF_01673
48,3,GF_01674
48,3,GF_01675
48,3,GF_01676
48,3,GF_01677
48,3,GF_01678
48,3,GF_01679
48,3,GF_01680
48,3,GF_01681
48,3,GF_01683
48,3,GF_01684
48,3,GF_01685
48,3,GF_01688
48,3,GF_01689
48,3,GF_01690
48,3,GF_01691
48,3,GF_01692
48,3,GF_01693
48,3,GF_01732
48,3,GF_01733
48,3,GF_01734
48,3,GF_01735
48,3,GF_01736
48,3,GF_01741
48,3,GF_01742
48,3,GF_01745
48,3,GF_01763
48,3,GF_01783
48,3,GF_01799
48,3,GF_01802
48,3,GF_01805
48,3,GF_01806
48,3,GF_01807
48,3,GF_01808
48,3,GF_01809
48,3,GF_01810
48,3,GF_01811
48,3,GF_01812
48,3,GF_01813
48,3,GF_01814
48,3,GF_01815
48,3,GF_01816
48,3,GF_01818
48,3,GF_01819
48,3,GF_01822
48,3,GF_01834
48,3,GF_01836
48,3,GF_01837
48,3,GF_01840
48,3,GF_01841
48,3,GF_01842
48,3,GF_01844
48,3,GF_01856
48,3,GF_01860
48,3,GF_01866
48,3,GF_01870
48,3,GF_01872
48,3,GF_01874
48,3,GF_01885
48,3,GF_01897
48,3,GF_01898
48,3,GF_01899
48,3,GF_01900
48,3,GF_01901
48,3,GF_01902
48,3,GF_01904
48,3,GF_01919
48,3,GF_01921
48,3,GF_01925
48,3,GF_01926
48,3,GF_01927
48,3,GF_01928
48,3,GF_01929
48,3,GF_01930
48,3,GF_01945
48,3,GF_02041
48,3,GF_02059
48,3,GF_02060
48,3,GF_02069
48,3,GF_02070
48,3,GF_02071
48,3,GF_02072
48,3,GF_02074
48,3,GF_02075
48,3,GF_02076
48,3,GF_02081
48,3,GF_02084
48,3,GF_02085
48,3,GF_02088
48,3,GF_02089
48,3,GF_02091
48,3,GF_02092
48,3,GF_02093
48,3,GF_02094
48,3,GF_02101
48,3,GF_02110
48,3,GF_02113
48,3,GF_02122
48,3,GF_02130
48,3,GF_02131
48,3,GF_02136
48,3,GF_02137
48,3,GF_02138
48,3,GF_02139
48,3,GF_02140
48,3,GF_02141
48,3,GF_02142
48,3,GF_02143
48,3,GF_02145
48,3,GF_02152
48,3,GF_02157
48,3,GF_02158
48,3,GF_02168
48,3,GF_02172
48,3,GF_02178
48,3,GF_02180
48,3,GF_02184
48,3,GF_02215
48,3,GF_02216
48,3,GF_02217
48,3,GF_02218
48,3,GF_02219
48,3,GF_02220
48,3,GF_02222
48,3,GF_02223
48,3,GF_02224
48,3,GF_02225
48,3,GF_02226
48,3,GF_02227
48,3,GF_02228
48,3,GF_02229
48,3,GF_02230
48,3,GF_02260
48,3,GF_02261
48,3,GF_02262
48,3,GF_02263
48,3,GF_02264
48,3,GF_02266
48,4,GF_00002
48,4,GF_00008
48,4,GF_00012
48,4,GF_00013
48,4,GF_00014
48,4,GF_00015
48,4,GF_00016
48,4,GF_00017
48,4,GF_00018
48,4,GF_00036
48,4,GF_00043
48,4,GF_00044
48,4,GF_00046
48,4,GF_00047
48,4,GF_00048
48,4,GF_00049
48,4,GF_00051
48,4,GF_00052
48,4,GF_00071
48,4,GF_00072
48,4,GF_00073
48,4,GF_00074
48,4,GF_00075
48,4,GF_00076
48,4,GF_00077
48,4,GF_00078
48,4,GF_00079
48,4,GF_00080
48,4,GF_00081
48,4,GF_00082
48,4,GF_00083
48,4,GF_00084
48,4,GF_00085
48,4,GF_00087
48,4,GF_00088
48,4,GF_00093
48,4,GF_00094
48,4,GF_00104
48,4,GF_00105
48,4,GF_00106
48,4,GF_00107
48,4,GF_00108
48,4,GF_00109
48,4,GF_00110
48,4,GF_00111
48,4,GF_00112
48,4,GF_00113
48,4,GF_00114
48,4,GF_00115
48,4,GF_00116
48,4,GF_00117
48,4,GF_00119
48,4,GF_00120
48,4,GF_00121
48,4,GF_00122
48,4,GF_00123
48,4,GF_00124
48,4,GF_00125
48,4,GF_00136
48,4,GF_00137
48,4,GF_00138
48,4,GF_00139
48,4,GF_00141
48,4,GF_00142
48,4,GF_00143
48,4,GF_00155
48,4,GF_00164
48,4,GF_00170
48,4,GF_00175
48,4,GF_00178
48,4,GF_00179
48,4,GF_00180
48,4,GF_00181
48,4,GF_00185
48,4,GF_00208
48,4,GF_00220
48,4,GF_00228
48,4,GF_00229
48,4,GF_00235
48,4,GF_00244
48,4,GF_00250
48,4,GF_00251
48,4,GF_00262
48,4,GF_00281
48,4,GF_00290
48,4,GF_00296
48,4,GF_00300
48,4,GF_00302
48,4,GF_00303
48,4,GF_00305
48,4,GF_00309
48,4,GF_00310
48,4,GF_00311
48,4,GF_00312
48,4,GF_00313
48,4,GF_00314
48,4,GF_00315
48,4,GF_00316
48,4,GF_00317
48,4,GF_00318
48,4,GF_00319
48,4,GF_00320
48,4,GF_00321
48,4,GF_00322
48,4,GF_00323
48,4,GF_00324
48,4,GF_00325
48,4,GF_00326
48,4,GF_00327
48,4,GF_00329
48,4,GF_00330
48,4,GF_00331
48,4,GF_00332
48,4,GF_00333
48,4,GF_00335
48,4,GF_00336
48,4,GF_00337
48,4,GF_00338
48,4,GF_00339
48,4,GF_00340
48,4,GF_00341
48,4,GF_00342
48,4,GF_00343
48,4,GF_00344
48,4,GF_00346
48,4,GF_00347
48,4,GF_00348
48,4,GF_00349
48,4,GF_00350
48,4,GF_00351
48,4,GF_00352
48,4,GF_00353
48,4,GF_00355
48,4,GF_00358
48,4,GF_00359
48,4,GF_00360
48,4,GF_00362
48,4,GF_00363
48,4,GF_00364
48,4,GF_00365
48,4,GF_00369
48,4,GF_00378
48,4,GF_00381
48,4,GF_00384
48,4,GF_00385
48,4,GF_00386
48,4,GF_00387
48,4,GF_00388
48,4,GF_00389
48,4,GF_00390
48,4,GF_00391
48,4,GF_00393
48,4,GF_00394
48,4,GF_00395
48,4,GF_00396
48,4,GF_00400
48,4,GF_00401
48,4,GF_00402
48,4,GF_00403
48,4,GF_00404
48,4,GF_00405
48,4,GF_00406
48,4,GF_00407
48,4,GF_00408
48,4,GF_00409
48,4,GF_00410
48,4,GF_00413
48,4,GF_00414
48,4,GF_00415
48,4,GF_00417
48,4,GF_00418
48,4,GF_00421
48,4,GF_00422
48,4,GF_00424
48,4,GF_00426
48,4,GF_00427
48,4,GF_00428
48,4,GF_00429
48,4,GF_00430
48,4,GF_00431
48,4,GF_00432
48,4,GF_00433
48,4,GF_00434
48,4,GF_00435
48,4,GF_00436
48,4,GF_00437
48,4,GF_00438
48,4,GF_00440
48,4,GF_00441
48,4,GF_00455
48,4,GF_00456
48,4,GF_00457
48,4,GF_00458
48,4,GF_00459
48,4,GF_00460
48,4,GF_00471
48,4,GF_00472
48,4,GF_00480
48,4,GF_00488
48,4,GF_00489
48,4,GF_00491
48,4,GF_00503
48,4,GF_00522
48,4,GF_00523
48,4,GF_00524
48,4,GF_00525
48,4,GF_00527
48,4,GF_00528
48,4,GF_00529
48,4,GF_00530
48,4,GF_00531
48,4,GF_00536
48,4,GF_00538
48,4,GF_00546
48,4,GF_00547
48,4,GF_00548
48,4,GF_00549
48,4,GF_00564
48,4,GF_00565
48,4,GF_00566
48,4,GF_00569
48,4,GF_00570
48,4,GF_00572
48,4,GF_00574
48,4,GF_00578
48,4,GF_00580
48,4,GF_00588
48,4,GF_00593
48,4,GF_00594
48,4,GF_00595
48,4,GF_00596
48,4,GF_00599
48,4,GF_00600
48,4,GF_00601
48,4,GF_00602
48,4,GF_00603
48,4,GF_00604
48,4,GF_00605
48,4,GF_00606
48,4,GF_00607
48,4,GF_00608
48,4,GF_00609
48,4,GF_00610
48,4,GF_00611
48,4,GF_00612
48,4,GF_00613
48,4,GF_00614
48,4,GF_00615
48,4,GF_00616
48,4,GF_00617
48,4,GF_00618
48,4,GF_00619
48,4,GF_00620
48,4,GF_00621
48,4,GF_00622
48,4,GF_00623
48,4,GF_00624
48,4,GF_00632
48,4,GF_00633
48,4,GF_00635
48,4,GF_00636
48,4,GF_00637
48,4,GF_00638
48,4,GF_00639
48,4,GF_00640
48,4,GF_00641
48,4,GF_00642
48,4,GF_00643
48,4,GF_00655
48,4,GF_00658
48,4,GF_00659
48,4,GF_00661
48,4,GF_00669
48,4,GF_00676
48,4,GF_00680
48,4,GF_00681
48,4,GF_00682
48,4,GF_00683
48,4,GF_00684
48,4,GF_00686
48,4,GF_00687
48,4,GF_00688
48,4,GF_00695
48,4,GF_00699
48,4,GF_00702
48,4,GF_00709
48,4,GF_00722
48,4,GF_00723
48,4,GF_00724
48,4,GF_00725
48,4,GF_00726
48,4,GF_00727
48,4,GF_00728
48,4,GF_00729
48,4,GF_00732
48,4,GF_00736
48,4,GF_00740
48,4,GF_00741
48,4,GF_00744
48,4,GF_00751
48,4,GF_00755
48,4,GF_00756
48,4,GF_00761
48,4,GF_00771
48,4,GF_00773
48,4,GF_00776
48,4,GF_00777
48,4,GF_00796
48,4,GF_00810
48,4,GF_00811
48,4,GF_00813
48,4,GF_00814
48,4,GF_00815
48,4,GF_00819
48,4,GF_00828
48,4,GF_00845
48,4,GF_00856
48,4,GF_00857
48,4,GF_00864
48,4,GF_00865
48,4,GF_00866
48,4,GF_00867
48,4,GF_00868
48,4,GF_00869
48,4,GF_00870
48,4,GF_00871
48,4,GF_00873
48,4,GF_00874
48,4,GF_00888
48,4,GF_00895
48,4,GF_00916
48,4,GF_00931
48,4,GF_00932
48,4,GF_00933
48,4,GF_00946
48,4,GF_00947
48,4,GF_00949
48,4,GF_00957
48,4,GF_00958
48,4,GF_00959
48,4,GF_00960
48,4,GF_00963
48,4,GF_00966
48,4,GF_00967
48,4,GF_00968
48,4,GF_00969
48,4,GF_00970
48,4,GF_00971
48,4,GF_00982
48,4,GF_01005
48,4,GF_01026
48,4,GF_01027
48,4,GF_01028
48,4,GF_01054
48,4,GF_01230
48,4,GF_01231
48,4,GF_01232
48,4,GF_01233
48,4,GF_01234
48,4,GF_01235
48,4,GF_01236
48,4,GF_01237
48,4,GF_01239
48,4,GF_01240
48,4,GF_01241
48,4,GF_01242
48,4,GF_01244
48,4,GF_01245
48,4,GF_01246
48,4,GF_01247
48,4,GF_01248
48,4,GF_01266
48,4,GF_01279
48,4,GF_01287
48,4,GF_01290
48,4,GF_01291
48,4,GF_01292
48,4,GF_01293
48,4,GF_01297
48,4,GF_01306
48,4,GF_01314
48,4,GF_01315
48,4,GF_01327
48,4,GF_01328
48,4,GF_01329
48,4,GF_01330
48,4,GF_01331
48,4,GF_01332
48,4,GF_01333
48,4,GF_01334
48,4,GF_01335
48,4,GF_01336
48,4,GF_01337
48,4,GF_01338
48,4,GF_01357
48,4,GF_01372
48,4,GF_01373
48,4,GF_01374
48,4,GF_01375
48,4,GF_01376
48,4,GF_01377
48,4,GF_01379
48,4,GF_01380
48,4,GF_01381
48,4,GF_01382
48,4,GF_01383
48,4,GF_01385
48,4,GF_01386
48,4,GF_01387
48,4,GF_01390
48,4,GF_01391
48,4,GF_01392
48,4,GF_01393
48,4,GF_01394
48,4,GF_01395
48,4,GF_01396
48,4,GF_01397
48,4,GF_01398
48,4,GF_01399
48,4,GF_01400
48,4,GF_01401
48,4,GF_01409
48,4,GF_01425
48,4,GF_01426
48,4,GF_01428
48,4,GF_01439
48,4,GF_01445
48,4,GF_01446
48,4,GF_01447
48,4,GF_01448
48,4,GF_01449
48,4,GF_01456
48,4,GF_01458
48,4,GF_01460
48,4,GF_01461
48,4,GF_01462
48,4,GF_01466
48,4,GF_01476
48,4,GF_01477
48,4,GF_01478
48,4,GF_01479
48,4,GF_01480
48,4,GF_01481
48,4,GF_01487
48,4,GF_01502
48,4,GF_01504
48,4,GF_01512
48,4,GF_01514
48,4,GF_01527
48,4,GF_01533
48,4,GF_01534
48,4,GF_01535
48,4,GF_01536
48,4,GF_01537
48,4,GF_01538
48,4,GF_01539
48,4,GF_01540
48,4,GF_01541
48,4,GF_01542
48,4,GF_01543
48,4,GF_01544
48,4,GF_01547
48,4,GF_01549
48,4,GF_01552
48,4,GF_01553
48,4,GF_01579
48,4,GF_01580
48,4,GF_01583
48,4,GF_01584
48,4,GF_01591
48,4,GF_01592
48,4,GF_01616
48,4,GF_01617
48,4,GF_01618
48,4,GF_01619
48,4,GF_01620
48,4,GF_01621
48,4,GF_01622
48,4,GF_01623
48,4,GF_01625
48,4,GF_01626
48,4,GF_01627
48,4,GF_01628
48,4,GF_01629
48,4,GF_01630
48,4,GF_01634
48,4,GF_01635
48,4,GF_01636
48,4,GF_01637
48,4,GF_01638
48,4,GF_01639
48,4,GF_01641
48,4,GF_01643
48,4,GF_01648
48,4,GF_01661
48,4,GF_01672
48,4,GF_01673
48,4,GF_01674
48,4,GF_01675
48,4,GF_01676
48,4,GF_01677
48,4,GF_01678
48,4,GF_01679
48,4,GF_01680
48,4,GF_01681
48,4,GF_01683
48,4,GF_01684
48,4,GF_01685
48,4,GF_01688
48,4,GF_01689
48,4,GF_01690
48,4,GF_01691
48,4,GF_01692
48,4,GF_01693
48,4,GF_01732
48,4,GF_01733
48,4,GF_01734
48,4,GF_01735
48,4,GF_01736
48,4,GF_01737
48,4,GF_01740
48,4,GF_01741
48,4,GF_01742
48,4,GF_01745
48,4,GF_01763
48,4,GF_01770
48,4,GF_01783
48,4,GF_01798
48,4,GF_01799
48,4,GF_01801
48,4,GF_01802
48,4,GF_01803
48,4,GF_01805
48,4,GF_01806
48,4,GF_01807
48,4,GF_01808
48,4,GF_01809
48,4,GF_01811
48,4,GF_01812
48,4,GF_01813
48,4,GF_01814
48,4,GF_01815
48,4,GF_01816
48,4,GF_01818
48,4,GF_01819
48,4,GF_01822
48,4,GF_01823
48,4,GF_01834
48,4,GF_01836
48,4,GF_01837
48,4,GF_01840
48,4,GF_01841
48,4,GF_01842
48,4,GF_01844
48,4,GF_01856
48,4,GF_01860
48,4,GF_01866
48,4,GF_01870
48,4,GF_01874
48,4,GF_01896
48,4,GF_01897
48,4,GF_01898
48,4,GF_01899
48,4,GF_01900
48,4,GF_01901
48,4,GF_01902
48,4,GF_01904
48,4,GF_01919
48,4,GF_01921
48,4,GF_01923
48,4,GF_01925
48,4,GF_01926
48,4,GF_01927
48,4,GF_01928
48,4,GF_01929
48,4,GF_01930
48,4,GF_01945
48,4,GF_02041
48,4,GF_02059
48,4,GF_02060
48,4,GF_02070
48,4,GF_02071
48,4,GF_02072
48,4,GF_02074
48,4,GF_02075
48,4,GF_02076
48,4,GF_02081
48,4,GF_02084
48,4,GF_02085
48,4,GF_02086
48,4,GF_02088
48,4,GF_02089
48,4,GF_02091
48,4,GF_02092
48,4,GF_02093
48,4,GF_02094
48,4,GF_02101
48,4,GF_02109
48,4,GF_02110
48,4,GF_02113
48,4,GF_02122
48,4,GF_02130
48,4,GF_02131
48,4,GF_02132
48,4,GF_02134
48,4,GF_02136
48,4,GF_02137
48,4,GF_02138
48,4,GF_02139
48,4,GF_02140
48,4,GF_02141
48,4,GF_02142
48,4,GF_02145
48,4,GF_02152
48,4,GF_02157
48,4,GF_02158
48,4,GF_02159
48,4,GF_02168
48,4,GF_02172
48,4,GF_02178
48,4,GF_02180
48,4,GF_02184
48,4,GF_02194
48,4,GF_02216
48,4,GF_02217
48,4,GF_02218
48,4,GF_02219
48,4,GF_02220
48,4,GF_02223
48,4,GF_02224
48,4,GF_02225
48,4,GF_02226
48,4,GF_02227
48,4,GF_02228
48,4,GF_02229
48,4,GF_02230
48,4,GF_02260
48,4,GF_02261
48,4,GF_02262
48,4,GF_02263
48,4,GF_02264
48,4,GF_02265
48,4,GF_02266
48,5,GF_00002
48,5,GF_00011
48,5,GF_00013
48,5,GF_00014
48,5,GF_00015
48,5,GF_00017
48,5,GF_00018
48,5,GF_00035
48,5,GF_00036
48,5,GF_00043
48,5,GF_00044
48,5,GF_00046
48,5,GF_00047
48,5,GF_00048
48,5,GF_00049
48,5,GF_00050
48,5,GF_00051
48,5,GF_00052
48,5,GF_00072
48,5,GF_00073
48,5,GF_00074
48,5,GF_00075
48,5,GF_00077
48,5,GF_00078
48,5,GF_00079
48,5,GF_00080
48,5,GF_00081
48,5,GF_00082
48,5,GF_00083
48,5,GF_00084
48,5,GF_00085
48,5,GF_00086
48,5,GF_00087
48,5,GF_00088
48,5,GF_00093
48,5,GF_00094
48,5,GF_00104
48,5,GF_00105
48,5,GF_00106
48,5,GF_00107
48,5,GF_00108
48,5,GF_00111
48,5,GF_00112
48,5,GF_00114
48,5,GF_00115
48,5,GF_00116
48,5,GF_00117
48,5,GF_00120
48,5,GF_00121
48,5,GF_00122
48,5,GF_00123
48,5,GF_00124
48,5,GF_00125
48,5,GF_00136
48,5,GF_00137
48,5,GF_00138
48,5,GF_00141
48,5,GF_00143
48,5,GF_00155
48,5,GF_00164
48,5,GF_00170
48,5,GF_00175
48,5,GF_00177
48,5,GF_00178
48,5,GF_00179
48,5,GF_00180
48,5,GF_00185
48,5,GF_00205
48,5,GF_00208
48,5,GF_00219
48,5,GF_00220
48,5,GF_00228
48,5,GF_00229
48,5,GF_00235
48,5,GF_00244
48,5,GF_00248
48,5,GF_00250
48,5,GF_00251
48,5,GF_00262
48,5,GF_00267
48,5,GF_00275
48,5,GF_00281
48,5,GF_00282
48,5,GF_00290
48,5,GF_00296
48,5,GF_00300
48,5,GF_00302
48,5,GF_00303
48,5,GF_00305
48,5,GF_00307
48,5,GF_00309
48,5,GF_00311
48,5,GF_00312
48,5,GF_00313
48,5,GF_00314
48,5,GF_00315
48,5,GF_00316
48,5,GF_00317
48,5,GF_00318
48,5,GF_00319
48,5,GF_00320
48,5,GF_00321
48,5,GF_00323
48,5,GF_00324
48,5,GF_00325
48,5,GF_00326
48,5,GF_00327
48,5,GF_00329
48,5,GF_00330
48,5,GF_00331
48,5,GF_00332
48,5,GF_00333
48,5,GF_00335
48,5,GF_00336
48,5,GF_00338
48,5,GF_00339
48,5,GF_00340
48,5,GF_00341
48,5,GF_00342
48,5,GF_00343
48,5,GF_00344
48,5,GF_00346
48,5,GF_00347
48,5,GF_00348
48,5,GF_00349
48,5,GF_00350
48,5,GF_00352
48,5,GF_00353
48,5,GF_00355
48,5,GF_00356
48,5,GF_00357
48,5,GF_00358
48,5,GF_00359
48,5,GF_00360
48,5,GF_00361
48,5,GF_00362
48,5,GF_00363
48,5,GF_00364
48,5,GF_00365
48,5,GF_00369
48,5,GF_00377
48,5,GF_00378
48,5,GF_00381
48,5,GF_00384
48,5,GF_00385
48,5,GF_00386
48,5,GF_00387
48,5,GF_00388
48,5,GF_00389
48,5,GF_00390
48,5,GF_00391
48,5,GF_00392
48,5,GF_00393
48,5,GF_00394
48,5,GF_00395
48,5,GF_00396
48,5,GF_00398
48,5,GF_00400
48,5,GF_00401
48,5,GF_00402
48,5,GF_00404
48,5,GF_00405
48,5,GF_00406
48,5,GF_00407
48,5,GF_00408
48,5,GF_00409
48,5,GF_00410
48,5,GF_00411
48,5,GF_00412
48,5,GF_00413
48,5,GF_00414
48,5,GF_00415
48,5,GF_00416
48,5,GF_00417
48,5,GF_00418
48,5,GF_00419
48,5,GF_00420
48,5,GF_00421
48,5,GF_00422
48,5,GF_00424
48,5,GF_00426
48,5,GF_00427
48,5,GF_00428
48,5,GF_00429
48,5,GF_00430
48,5,GF_00431
48,5,GF_00432
48,5,GF_00433
48,5,GF_00434
48,5,GF_00435
48,5,GF_00436
48,5,GF_00437
48,5,GF_00438
48,5,GF_00440
48,5,GF_00441
48,5,GF_00455
48,5,GF_00457
48,5,GF_00465
48,5,GF_00470
48,5,GF_00471
48,5,GF_00472
48,5,GF_00474
48,5,GF_00477
48,5,GF_00479
48,5,GF_00480
48,5,GF_00482
48,5,GF_00483
48,5,GF_00484
48,5,GF_00488
48,5,GF_00489
48,5,GF_00491
48,5,GF_00492
48,5,GF_00503
48,5,GF_00522
48,5,GF_00523
48,5,GF_00524
48,5,GF_00525
48,5,GF_00527
48,5,GF_00528
48,5,GF_00529
48,5,GF_00530
48,5,GF_00531
48,5,GF_00536
48,5,GF_00538
48,5,GF_00546
48,5,GF_00547
48,5,GF_00548
48,5,GF_00549
48,5,GF_00564
48,5,GF_00565
48,5,GF_00566
48,5,GF_00569
48,5,GF_00570
48,5,GF_00572
48,5,GF_00574
48,5,GF_00577
48,5,GF_00578
48,5,GF_00580
48,5,GF_00588
48,5,GF_00593
48,5,GF_00594
48,5,GF_00595
48,5,GF_00599
48,5,GF_00600
48,5,GF_00601
48,5,GF_00602
48,5,GF_00603
48,5,GF_00604
48,5,GF_00605
48,5,GF_00606
48,5,GF_00607
48,5,GF_00608
48,5,GF_00609
48,5,GF_00611
48,5,GF_00612
48,5,GF_00613
48,5,GF_00614
48,5,GF_00615
48,5,GF_00616
48,5,GF_00617
48,5,GF_00618
48,5,GF_00619
48,5,GF_00621
48,5,GF_00622
48,5,GF_00623
48,5,GF_00624
48,5,GF_00632
48,5,GF_00633
48,5,GF_00634
48,5,GF_00635
48,5,GF_00636
48,5,GF_00637
48,5,GF_00640
48,5,GF_00641
48,5,GF_00642
48,5,GF_00643
48,5,GF_00647
48,5,GF_00651
48,5,GF_00655
48,5,GF_00658
48,5,GF_00659
48,5,GF_00660
48,5,GF_00661
48,5,GF_00666
48,5,GF_00669
48,5,GF_00675
48,5,GF_00676
48,5,GF_00681
48,5,GF_00684
48,5,GF_00687
48,5,GF_00688
48,5,GF_00695
48,5,GF_00699
48,5,GF_00702
48,5,GF_00704
48,5,GF_00708
48,5,GF_00709
48,5,GF_00717
48,5,GF_00722
48,5,GF_00723
48,5,GF_00724
48,5,GF_00725
48,5,GF_00726
48,5,GF_00727
48,5,GF_00728
48,5,GF_00729
48,5,GF_00732
48,5,GF_00736
48,5,GF_00740
48,5,GF_00741
48,5,GF_00744
48,5,GF_00749
48,5,GF_00751
48,5,GF_00755
48,5,GF_00756
48,5,GF_00761
48,5,GF_00770
48,5,GF_00771
48,5,GF_00773
48,5,GF_00776
48,5,GF_00777
48,5,GF_00778
48,5,GF_00785
48,5,GF_00791
48,5,GF_00793
48,5,GF_00796
48,5,GF_00798
48,5,GF_00810
48,5,GF_00811
48,5,GF_00813
48,5,GF_00814
48,5,GF_00816
48,5,GF_00819
48,5,GF_00826
48,5,GF_00827
48,5,GF_00828
48,5,GF_00843
48,5,GF_00845
48,5,GF_00856
48,5,GF_00857
48,5,GF_00860
48,5,GF_00864
48,5,GF_00866
48,5,GF_00868
48,5,GF_00869
48,5,GF_00870
48,5,GF_00871
48,5,GF_00872
48,5,GF_00873
48,5,GF_00874
48,5,GF_00887
48,5,GF_00893
48,5,GF_00895
48,5,GF_00916
48,5,GF_00917
48,5,GF_00918
48,5,GF_00927
48,5,GF_00930
48,5,GF_00931
48,5,GF_00933
48,5,GF_00934
48,5,GF_00946
48,5,GF_00947
48,5,GF_00948
48,5,GF_00949
48,5,GF_00952
48,5,GF_00957
48,5,GF_00958
48,5,GF_00959
48,5,GF_00960
48,5,GF_00963
48,5,GF_00966
48,5,GF_00968
48,5,GF_00969
48,5,GF_00970
48,5,GF_00971
48,5,GF_00972
48,5,GF_00982
48,5,GF_00987
48,5,GF_01004
48,5,GF_01005
48,5,GF_01012
48,5,GF_01016
48,5,GF_01018
48,5,GF_01026
48,5,GF_01027
48,5,GF_01028
48,5,GF_01054
48,5,GF_01147
48,5,GF_01164
48,5,GF_01212
48,5,GF_01230
48,5,GF_01231
48,5,GF_01232
48,5,GF_01233
48,5,GF_01234
48,5,GF_01235
48,5,GF_01236
48,5,GF_01237
48,5,GF_01238
48,5,GF_01239
48,5,GF_01240
48,5,GF_01241
48,5,GF_01242
48,5,GF_01243
48,5,GF_01244
48,5,GF_01245
48,5,GF_01246
48,5,GF_01247
48,5,GF_01248
48,5,GF_01253
48,5,GF_01257
48,5,GF_01266
48,5,GF_01278
48,5,GF_01279
48,5,GF_01282
48,5,GF_01287
48,5,GF_01290
48,5,GF_01291
48,5,GF_01292
48,5,GF_01293
48,5,GF_01297
48,5,GF_01303
48,5,GF_01306
48,5,GF_01308
48,5,GF_01314
48,5,GF_01315
48,5,GF_01327
48,5,GF_01328
48,5,GF_01329
48,5,GF_01330
48,5,GF_01331
48,5,GF_01332
48,5,GF_01333
48,5,GF_01334
48,5,GF_01336
48,5,GF_01337
48,5,GF_01338
48,5,GF_01350
48,5,GF_01356
48,5,GF_01357
48,5,GF_01359
48,5,GF_01365
48,5,GF_01370
48,5,GF_01371
48,5,GF_01372
48,5,GF_01373
48,5,GF_01374
48,5,GF_01375
48,5,GF_01376
48,5,GF_01377
48,5,GF_01378
48,5,GF_01379
48,5,GF_01380
48,5,GF_01381
48,5,GF_01382
48,5,GF_01383
48,5,GF_01384
48,5,GF_01385
48,5,GF_01386
48,5,GF_01387
48,5,GF_01390
48,5,GF_01391
48,5,GF_01393
48,5,GF_01394
48,5,GF_01395
48,5,GF_01396
48,5,GF_01397
48,5,GF_01399
48,5,GF_01400
48,5,GF_01401
48,5,GF_01403
48,5,GF_01404
48,5,GF_01405
48,5,GF_01407
48,5,GF_01408
48,5,GF_01409
48,5,GF_01411
48,5,GF_01425
48,5,GF_01426
48,5,GF_01427
48,5,GF_01428
48,5,GF_01439
48,5,GF_01445
48,5,GF_01446
48,5,GF_01447
48,5,GF_01448
48,5,GF_01449
48,5,GF_01456
48,5,GF_01457
48,5,GF_01458
48,5,GF_01459
48,5,GF_01460
48,5,GF_01461
48,5,GF_01462
48,5,GF_01464
48,5,GF_01466
48,5,GF_01469
48,5,GF_01472
48,5,GF_01477
48,5,GF_01479
48,5,GF_01480
48,5,GF_01485
48,5,GF_01487
48,5,GF_01488
48,5,GF_01489
48,5,GF_01492
48,5,GF_01494
48,5,GF_01495
48,5,GF_01497
48,5,GF_01502
48,5,GF_01504
48,5,GF_01512
48,5,GF_01514
48,5,GF_01516
48,5,GF_01518
48,5,GF_01527
48,5,GF_01534
48,5,GF_01535
48,5,GF_01536
48,5,GF_01537
48,5,GF_01538
48,5,GF_01539
48,5,GF_01540
48,5,GF_01541
48,5,GF_01542
48,5,GF_01543
48,5,GF_01544
48,5,GF_01545
48,5,GF_01546
48,5,GF_01547
48,5,GF_01548
48,5,GF_01549
48,5,GF_01550
48,5,GF_01552
48,5,GF_01553
48,5,GF_01579
48,5,GF_01580
48,5,GF_01583
48,5,GF_01584
48,5,GF_01587
48,5,GF_01588
48,5,GF_01591
48,5,GF_01592
48,5,GF_01598
48,5,GF_01609
48,5,GF_01616
48,5,GF_01617
48,5,GF_01618
48,5,GF_01619
48,5,GF_01620
48,5,GF_01621
48,5,GF_01623
48,5,GF_01626
48,5,GF_01627
48,5,GF_01628
48,5,GF_01629
48,5,GF_01630
48,5,GF_01633
48,5,GF_01634
48,5,GF_01635
48,5,GF_01636
48,5,GF_01637
48,5,GF_01638
48,5,GF_01639
48,5,GF_01640
48,5,GF_01641
48,5,GF_01642
48,5,GF_01643
48,5,GF_01644
48,5,GF_01645
48,5,GF_01646
48,5,GF_01647
48,5,GF_01648
48,5,GF_01649
48,5,GF_01654
48,5,GF_01659
48,5,GF_01661
48,5,GF_01672
48,5,GF_01673
48,5,GF_01674
48,5,GF_01675
48,5,GF_01676
48,5,GF_01677
48,5,GF_01678
48,5,GF_01679
48,5,GF_01680
48,5,GF_01681
48,5,GF_01682
48,5,GF_01683
48,5,GF_01684
48,5,GF_01685
48,5,GF_01688
48,5,GF_01689
48,5,GF_01690
48,5,GF_01691
48,5,GF_01692
48,5,GF_01693
48,5,GF_01732
48,5,GF_01733
48,5,GF_01735
48,5,GF_01736
48,5,GF_01740
48,5,GF_01741
48,5,GF_01742
48,5,GF_01745
48,5,GF_01763
48,5,GF_01764
48,5,GF_01767
48,5,GF_01770
48,5,GF_01782
48,5,GF_01783
48,5,GF_01799
48,5,GF_01802
48,5,GF_01803
48,5,GF_01805
48,5,GF_01806
48,5,GF_01807
48,5,GF_01808
48,5,GF_01809
48,5,GF_01810
48,5,GF_01811
48,5,GF_01812
48,5,GF_01813
48,5,GF_01815
48,5,GF_01816
48,5,GF_01817
48,5,GF_01818
48,5,GF_01819
48,5,GF_01822
48,5,GF_01823
48,5,GF_01824
48,5,GF_01825
48,5,GF_01834
48,5,GF_01836
48,5,GF_01837
48,5,GF_01840
48,5,GF_01841
48,5,GF_01842
48,5,GF_01844
48,5,GF_01850
48,5,GF_01856
48,5,GF_01857
48,5,GF_01860
48,5,GF_01866
48,5,GF_01868
48,5,GF_01870
48,5,GF_01872
48,5,GF_01874
48,5,GF_01875
48,5,GF_01878
48,5,GF_01885
48,5,GF_01897
48,5,GF_01898
48,5,GF_01899
48,5,GF_01900
48,5,GF_01901
48,5,GF_01902
48,5,GF_01904
48,5,GF_01919
48,5,GF_01921
48,5,GF_01923
48,5,GF_01925
48,5,GF_01926
48,5,GF_01927
48,5,GF_01928
48,5,GF_01929
48,5,GF_01930
48,5,GF_01945
48,5,GF_02041
48,5,GF_02059
48,5,GF_02060
48,5,GF_02069
48,5,GF_02070
48,5,GF_02071
48,5,GF_02072
48,5,GF_02073
48,5,GF_02074
48,5,GF_02075
48,5,GF_02081
48,5,GF_02084
48,5,GF_02085
48,5,GF_02087
48,5,GF_02088
48,5,GF_02089
48,5,GF_02091
48,5,GF_02092
48,5,GF_02093
48,5,GF_02094
48,5,GF_02101
48,5,GF_02109
48,5,GF_02110
48,5,GF_02111
48,5,GF_02120
48,5,GF_02122
48,5,GF_02130
48,5,GF_02131
48,5,GF_02132
48,5,GF_02136
48,5,GF_02137
48,5,GF_02138
48,5,GF_02139
48,5,GF_02140
48,5,GF_02141
48,5,GF_02142
48,5,GF_02143
48,5,GF_02145
48,5,GF_02147
48,5,GF_02152
48,5,GF_02155
48,5,GF_02157
48,5,GF_02158
48,5,GF_02159
48,5,GF_02165
48,5,GF_02167
48,5,GF_02168
48,5,GF_02172
48,5,GF_02178
48,5,GF_02180
48,5,GF_02184
48,5,GF_02192
48,5,GF_02194
48,5,GF_02215
48,5,GF_02216
48,5,GF_02217
48,5,GF_02218
48,5,GF_02219
48,5,GF_02220
48,5,GF_02222
48,5,GF_02223
48,5,GF_02224
48,5,GF_02225
48,5,GF_02226
48,5,GF_02227
48,5,GF_02228
48,5,GF_02230
48,5,GF_02241
48,5,GF_02260
48,5,GF_02261
48,5,GF_02262
48,5,GF_02263
48,5,GF_02264
48,5,GF_02266
49,1,GF_00002
49,1,GF_00008
49,1,GF_00011
49,1,GF_00012
49,1,GF_00013
49,1,GF_00014
49,1,GF_00015
49,1,GF_00016
49,1,GF_00017
49,1,GF_00018
49,1,GF_00036
49,1,GF_00043
49,1,GF_00044
49,1,GF_00046
49,1,GF_00047
49,1,GF_00048
49,1,GF_00051
49,1,GF_00071
49,1,GF_00072
49,1,GF_00073
49,1,GF_00074
49,1,GF_00075
49,1,GF_00076
49,1,GF_00077
49,1,GF_00078
49,1,GF_00079
49,1,GF_00080
49,1,GF_00081
49,1,GF_00082
49,1,GF_00083
49,1,GF_00084
49,1,GF_00085
49,1,GF_00087
49,1,GF_00088
49,1,GF_00093
49,1,GF_00094
49,1,GF_00104
49,1,GF_00105
49,1,GF_00106
49,1,GF_00107
49,1,GF_00108
49,1,GF_00109
49,1,GF_00110
49,1,GF_00111
49,1,GF_00112
49,1,GF_00113
49,1,GF_00114
49,1,GF_00115
49,1,GF_00116
49,1,GF_00117
49,1,GF_00120
49,1,GF_00121
49,1,GF_00122
49,1,GF_00123
49,1,GF_00124
49,1,GF_00125
49,1,GF_00136
49,1,GF_00137
49,1,GF_00138
49,1,GF_00139
49,1,GF_00141
49,1,GF_00142
49,1,GF_00143
49,1,GF_00155
49,1,GF_00164
49,1,GF_00170
49,1,GF_00175
49,1,GF_00178
49,1,GF_00179
49,1,GF_00180
49,1,GF_00185
49,1,GF_00220
49,1,GF_00228
49,1,GF_00229
49,1,GF_00235
49,1,GF_00244
49,1,GF_00250
49,1,GF_00251
49,1,GF_00262
49,1,GF_00281
49,1,GF_00290
49,1,GF_00296
49,1,GF_00300
49,1,GF_00302
49,1,GF_00303
49,1,GF_00305
49,1,GF_00309
49,1,GF_00310
49,1,GF_00311
49,1,GF_00312
49,1,GF_00313
49,1,GF_00314
49,1,GF_00315
49,1,GF_00316
49,1,GF_00317
49,1,GF_00318
49,1,GF_00319
49,1,GF_00320
49,1,GF_00321
49,1,GF_00322
49,1,GF_00323
49,1,GF_00324
49,1,GF_00325
49,1,GF_00326
49,1,GF_00327
49,1,GF_00329
49,1,GF_00330
49,1,GF_00331
49,1,GF_00332
49,1,GF_00333
49,1,GF_00335
49,1,GF_00336
49,1,GF_00338
49,1,GF_00340
49,1,GF_00341
49,1,GF_00342
49,1,GF_00343
49,1,GF_00344
49,1,GF_00346
49,1,GF_00347
49,1,GF_00348
49,1,GF_00349
49,1,GF_00350
49,1,GF_00351
49,1,GF_00352
49,1,GF_00353
49,1,GF_00358
49,1,GF_00360
49,1,GF_00362
49,1,GF_00363
49,1,GF_00364
49,1,GF_00365
49,1,GF_00369
49,1,GF_00381
49,1,GF_00384
49,1,GF_00385
49,1,GF_00386
49,1,GF_00387
49,1,GF_00389
49,1,GF_00390
49,1,GF_00391
49,1,GF_00393
49,1,GF_00394
49,1,GF_00395
49,1,GF_00396
49,1,GF_00400
49,1,GF_00401
49,1,GF_00402
49,1,GF_00403
49,1,GF_00404
49,1,GF_00405
49,1,GF_00406
49,1,GF_00407
49,1,GF_00408
49,1,GF_00409
49,1,GF_00410
49,1,GF_00413
49,1,GF_00414
49,1,GF_00415
49,1,GF_00417
49,1,GF_00418
49,1,GF_00419
49,1,GF_00421
49,1,GF_00422
49,1,GF_00424
49,1,GF_00426
49,1,GF_00427
49,1,GF_00428
49,1,GF_00429
49,1,GF_00430
49,1,GF_00431
49,1,GF_00432
49,1,GF_00433
49,1,GF_00434
49,1,GF_00435
49,1,GF_00436
49,1,GF_00438
49,1,GF_00440
49,1,GF_00441
49,1,GF_00455
49,1,GF_00457
49,1,GF_00458
49,1,GF_00459
49,1,GF_00460
49,1,GF_00471
49,1,GF_00472
49,1,GF_00480
49,1,GF_00488
49,1,GF_00489
49,1,GF_00503
49,1,GF_00522
49,1,GF_00523
49,1,GF_00524
49,1,GF_00525
49,1,GF_00527
49,1,GF_00528
49,1,GF_00529
49,1,GF_00530
49,1,GF_00531
49,1,GF_00536
49,1,GF_00538
49,1,GF_00546
49,1,GF_00547
49,1,GF_00548
49,1,GF_00549
49,1,GF_00564
49,1,GF_00565
49,1,GF_00566
49,1,GF_00569
49,1,GF_00570
49,1,GF_00572
49,1,GF_00574
49,1,GF_00578
49,1,GF_00580
49,1,GF_00594
49,1,GF_00595
49,1,GF_00599
49,1,GF_00600
49,1,GF_00601
49,1,GF_00603
49,1,GF_00604
49,1,GF_00605
49,1,GF_00606
49,1,GF_00607
49,1,GF_00608
49,1,GF_00609
49,1,GF_00610
49,1,GF_00611
49,1,GF_00612
49,1,GF_00613
49,1,GF_00614
49,1,GF_00615
49,1,GF_00617
49,1,GF_00618
49,1,GF_00619
49,1,GF_00620
49,1,GF_00622
49,1,GF_00623
49,1,GF_00624
49,1,GF_00632
49,1,GF_00633
49,1,GF_00634
49,1,GF_00635
49,1,GF_00636
49,1,GF_00637
49,1,GF_00638
49,1,GF_00639
49,1,GF_00640
49,1,GF_00641
49,1,GF_00642
49,1,GF_00643
49,1,GF_00655
49,1,GF_00658
49,1,GF_00661
49,1,GF_00669
49,1,GF_00676
49,1,GF_00680
49,1,GF_00681
49,1,GF_00682
49,1,GF_00683
49,1,GF_00684
49,1,GF_00686
49,1,GF_00687
49,1,GF_00688
49,1,GF_00695
49,1,GF_00699
49,1,GF_00702
49,1,GF_00709
49,1,GF_00722
49,1,GF_00723
49,1,GF_00724
49,1,GF_00725
49,1,GF_00726
49,1,GF_00727
49,1,GF_00728
49,1,GF_00729
49,1,GF_00732
49,1,GF_00736
49,1,GF_00740
49,1,GF_00741
49,1,GF_00744
49,1,GF_00751
49,1,GF_00755
49,1,GF_00756
49,1,GF_00761
49,1,GF_00771
49,1,GF_00773
49,1,GF_00776
49,1,GF_00777
49,1,GF_00796
49,1,GF_00810
49,1,GF_00813
49,1,GF_00814
49,1,GF_00815
49,1,GF_00819
49,1,GF_00828
49,1,GF_00845
49,1,GF_00857
49,1,GF_00864
49,1,GF_00865
49,1,GF_00866
49,1,GF_00867
49,1,GF_00868
49,1,GF_00869
49,1,GF_00870
49,1,GF_00871
49,1,GF_00872
49,1,GF_00873
49,1,GF_00874
49,1,GF_00888
49,1,GF_00895
49,1,GF_00916
49,1,GF_00931
49,1,GF_00932
49,1,GF_00933
49,1,GF_00946
49,1,GF_00947
49,1,GF_00949
49,1,GF_00957
49,1,GF_00958
49,1,GF_00959
49,1,GF_00960
49,1,GF_00963
49,1,GF_00966
49,1,GF_00967
49,1,GF_00968
49,1,GF_00969
49,1,GF_00970
49,1,GF_00971
49,1,GF_00982
49,1,GF_01005
49,1,GF_01026
49,1,GF_01027
49,1,GF_01028
49,1,GF_01054
49,1,GF_01230
49,1,GF_01231
49,1,GF_01232
49,1,GF_01233
49,1,GF_01234
49,1,GF_01235
49,1,GF_01236
49,1,GF_01237
49,1,GF_01239
49,1,GF_01240
49,1,GF_01241
49,1,GF_01242
49,1,GF_01244
49,1,GF_01245
49,1,GF_01246
49,1,GF_01247
49,1,GF_01248
49,1,GF_01266
49,1,GF_01287
49,1,GF_01290
49,1,GF_01291
49,1,GF_01292
49,1,GF_01293
49,1,GF_01297
49,1,GF_01306
49,1,GF_01314
49,1,GF_01315
49,1,GF_01327
49,1,GF_01329
49,1,GF_01330
49,1,GF_01331
49,1,GF_01332
49,1,GF_01333
49,1,GF_01335
49,1,GF_01336
49,1,GF_01337
49,1,GF_01338
49,1,GF_01372
49,1,GF_01373
49,1,GF_01374
49,1,GF_01375
49,1,GF_01376
49,1,GF_01377
49,1,GF_01379
49,1,GF_01381
49,1,GF_01382
49,1,GF_01383
49,1,GF_01385
49,1,GF_01387
49,1,GF_01390
49,1,GF_01391
49,1,GF_01392
49,1,GF_01393
49,1,GF_01394
49,1,GF_01395
49,1,GF_01396
49,1,GF_01397
49,1,GF_01398
49,1,GF_01399
49,1,GF_01400
49,1,GF_01401
49,1,GF_01409
49,1,GF_01425
49,1,GF_01426
49,1,GF_01428
49,1,GF_01439
49,1,GF_01445
49,1,GF_01446
49,1,GF_01447
49,1,GF_01449
49,1,GF_01456
49,1,GF_01458
49,1,GF_01460
49,1,GF_01461
49,1,GF_01462
49,1,GF_01466
49,1,GF_01476
49,1,GF_01477
49,1,GF_01478
49,1,GF_01479
49,1,GF_01480
49,1,GF_01481
49,1,GF_01487
49,1,GF_01502
49,1,GF_01512
49,1,GF_01527
49,1,GF_01534
49,1,GF_01536
49,1,GF_01538
49,1,GF_01539
49,1,GF_01540
49,1,GF_01541
49,1,GF_01542
49,1,GF_01543
49,1,GF_01544
49,1,GF_01547
49,1,GF_01549
49,1,GF_01552
49,1,GF_01553
49,1,GF_01579
49,1,GF_01580
49,1,GF_01583
49,1,GF_01584
49,1,GF_01591
49,1,GF_01592
49,1,GF_01616
49,1,GF_01617
49,1,GF_01618
49,1,GF_01619
49,1,GF_01620
49,1,GF_01621
49,1,GF_01622
49,1,GF_01623
49,1,GF_01625
49,1,GF_01626
49,1,GF_01627
49,1,GF_01628
49,1,GF_01629
49,1,GF_01630
49,1,GF_01634
49,1,GF_01635
49,1,GF_01636
49,1,GF_01637
49,1,GF_01638
49,1,GF_01639
49,1,GF_01641
49,1,GF_01648
49,1,GF_01661
49,1,GF_01672
49,1,GF_01673
49,1,GF_01674
49,1,GF_01675
49,1,GF_01676
49,1,GF_01677
49,1,GF_01678
49,1,GF_01679
49,1,GF_01680
49,1,GF_01681
49,1,GF_01684
49,1,GF_01685
49,1,GF_01689
49,1,GF_01690
49,1,GF_01691
49,1,GF_01692
49,1,GF_01693
49,1,GF_01732
49,1,GF_01733
49,1,GF_01734
49,1,GF_01735
49,1,GF_01736
49,1,GF_01737
49,1,GF_01740
49,1,GF_01741
49,1,GF_01742
49,1,GF_01745
49,1,GF_01763
49,1,GF_01783
49,1,GF_01799
49,1,GF_01801
49,1,GF_01802
49,1,GF_01803
49,1,GF_01805
49,1,GF_01806
49,1,GF_01807
49,1,GF_01808
49,1,GF_01809
49,1,GF_01811
49,1,GF_01812
49,1,GF_01813
49,1,GF_01814
49,1,GF_01815
49,1,GF_01816
49,1,GF_01818
49,1,GF_01819
49,1,GF_01822
49,1,GF_01823
49,1,GF_01834
49,1,GF_01836
49,1,GF_01837
49,1,GF_01840
49,1,GF_01841
49,1,GF_01844
49,1,GF_01856
49,1,GF_01860
49,1,GF_01866
49,1,GF_01870
49,1,GF_01885
49,1,GF_01896
49,1,GF_01898
49,1,GF_01899
49,1,GF_01900
49,1,GF_01901
49,1,GF_01902
49,1,GF_01904
49,1,GF_01919
49,1,GF_01921
49,1,GF_01923
49,1,GF_01925
49,1,GF_01926
49,1,GF_01927
49,1,GF_01928
49,1,GF_01929
49,1,GF_01930
49,1,GF_01945
49,1,GF_02041
49,1,GF_02059
49,1,GF_02060
49,1,GF_02070
49,1,GF_02071
49,1,GF_02072
49,1,GF_02074
49,1,GF_02075
49,1,GF_02076
49,1,GF_02084
49,1,GF_02085
49,1,GF_02086
49,1,GF_02088
49,1,GF_02089
49,1,GF_02091
49,1,GF_02092
49,1,GF_02093
49,1,GF_02094
49,1,GF_02101
49,1,GF_02109
49,1,GF_02110
49,1,GF_02113
49,1,GF_02122
49,1,GF_02130
49,1,GF_02131
49,1,GF_02132
49,1,GF_02134
49,1,GF_02136
49,1,GF_02137
49,1,GF_02138
49,1,GF_02139
49,1,GF_02140
49,1,GF_02141
49,1,GF_02142
49,1,GF_02145
49,1,GF_02152
49,1,GF_02157
49,1,GF_02159
49,1,GF_02172
49,1,GF_02178
49,1,GF_02180
49,1,GF_02184
49,1,GF_02194
49,1,GF_02216
49,1,GF_02217
49,1,GF_02218
49,1,GF_02219
49,1,GF_02220
49,1,GF_02223
49,1,GF_02224
49,1,GF_02225
49,1,GF_02226
49,1,GF_02227
49,1,GF_02228
49,1,GF_02229
49,1,GF_02230
49,1,GF_02260
49,1,GF_02261
49,1,GF_02262
49,1,GF_02263
49,1,GF_02264
49,1,GF_02265
49,1,GF_02266
49,2,GF_00002
49,2,GF_00008
49,2,GF_00012
49,2,GF_00013
49,2,GF_00014
49,2,GF_00015
49,2,GF_00017
49,2,GF_00018
49,2,GF_00036
49,2,GF_00043
49,2,GF_00044
49,2,GF_00046
49,2,GF_00047
49,2,GF_00048
49,2,GF_00049
49,2,GF_00051
49,2,GF_00052
49,2,GF_00071
49,2,GF_00072
49,2,GF_00073
49,2,GF_00074
49,2,GF_00075
49,2,GF_00076
49,2,GF_00077
49,2,GF_00078
49,2,GF_00079
49,2,GF_00080
49,2,GF_00081
49,2,GF_00082
49,2,GF_00083
49,2,GF_00084
49,2,GF_00085
49,2,GF_00087
49,2,GF_00088
49,2,GF_00093
49,2,GF_00094
49,2,GF_00104
49,2,GF_00105
49,2,GF_00106
49,2,GF_00107
49,2,GF_00108
49,2,GF_00109
49,2,GF_00111
49,2,GF_00112
49,2,GF_00113
49,2,GF_00114
49,2,GF_00115
49,2,GF_00116
49,2,GF_00117
49,2,GF_00119
49,2,GF_00120
49,2,GF_00121
49,2,GF_00122
49,2,GF_00123
49,2,GF_00124
49,2,GF_00125
49,2,GF_00136
49,2,GF_00137
49,2,GF_00138
49,2,GF_00139
49,2,GF_00141
49,2,GF_00142
49,2,GF_00143
49,2,GF_00155
49,2,GF_00164
49,2,GF_00170
49,2,GF_00175
49,2,GF_00178
49,2,GF_00179
49,2,GF_00180
49,2,GF_00181
49,2,GF_00185
49,2,GF_00208
49,2,GF_00220
49,2,GF_00228
49,2,GF_00229
49,2,GF_00235
49,2,GF_00244
49,2,GF_00250
49,2,GF_00251
49,2,GF_00262
49,2,GF_00281
49,2,GF_00290
49,2,GF_00296
49,2,GF_00300
49,2,GF_00302
49,2,GF_00303
49,2,GF_00305
49,2,GF_00309
49,2,GF_00311
49,2,GF_00313
49,2,GF_00314
49,2,GF_00315
49,2,GF_00316
49,2,GF_00317
49,2,GF_00318
49,2,GF_00319
49,2,GF_00320
49,2,GF_00321
49,2,GF_00322
49,2,GF_00323
49,2,GF_00324
49,2,GF_00325
49,2,GF_00326
49,2,GF_00327
49,2,GF_00329
49,2,GF_00330
49,2,GF_00331
49,2,GF_00332
49,2,GF_00333
49,2,GF_00335
49,2,GF_00336
49,2,GF_00338
49,2,GF_00339
49,2,GF_00340
49,2,GF_00341
49,2,GF_00342
49,2,GF_00343
49,2,GF_00344
49,2,GF_00346
49,2,GF_00347
49,2,GF_00348
49,2,GF_00349
49,2,GF_00350
49,2,GF_00351
49,2,GF_00352
49,2,GF_00353
49,2,GF_00355
49,2,GF_00358
49,2,GF_00360
49,2,GF_00362
49,2,GF_00363
49,2,GF_00364
49,2,GF_00365
49,2,GF_00369
49,2,GF_00381
49,2,GF_00384
49,2,GF_00385
49,2,GF_00386
49,2,GF_00387
49,2,GF_00388
49,2,GF_00389
49,2,GF_00390
49,2,GF_00391
49,2,GF_00393
49,2,GF_00394
49,2,GF_00395
49,2,GF_00396
49,2,GF_00400
49,2,GF_00401
49,2,GF_00402
49,2,GF_00403
49,2,GF_00404
49,2,GF_00405
49,2,GF_00406
49,2,GF_00407
49,2,GF_00408
49,2,GF_00409
49,2,GF_00410
49,2,GF_00413
49,2,GF_00414
49,2,GF_00415
49,2,GF_00417
49,2,GF_00418
49,2,GF_00421
49,2,GF_00422
49,2,GF_00424
49,2,GF_00426
49,2,GF_00427
49,2,GF_00428
49,2,GF_00429
49,2,GF_00430
49,2,GF_00431
49,2,GF_00432
49,2,GF_00433
49,2,GF_00434
49,2,GF_00435
49,2,GF_00436
49,2,GF_00437
49,2,GF_00438
49,2,GF_00440
49,2,GF_00441
49,2,GF_00455
49,2,GF_00456
49,2,GF_00457
49,2,GF_00458
49,2,GF_00471
49,2,GF_00477
49,2,GF_00480
49,2,GF_00482
49,2,GF_00488
49,2,GF_00489
49,2,GF_00503
49,2,GF_00522
49,2,GF_00523
49,2,GF_00524
49,2,GF_00525
49,2,GF_00527
49,2,GF_00528
49,2,GF_00529
49,2,GF_00530
49,2,GF_00531
49,2,GF_00536
49,2,GF_00538
49,2,GF_00546
49,2,GF_00547
49,2,GF_00548
49,2,GF_00549
49,2,GF_00564
49,2,GF_00565
49,2,GF_00566
49,2,GF_00570
49,2,GF_00572
49,2,GF_00574
49,2,GF_00578
49,2,GF_00580
49,2,GF_00588
49,2,GF_00595
49,2,GF_00599
49,2,GF_00600
49,2,GF_00601
49,2,GF_00603
49,2,GF_00604
49,2,GF_00605
49,2,GF_00606
49,2,GF_00607
49,2,GF_00608
49,2,GF_00609
49,2,GF_00611
49,2,GF_00612
49,2,GF_00613
49,2,GF_00614
49,2,GF_00615
49,2,GF_00616
49,2,GF_00617
49,2,GF_00618
49,2,GF_00619
49,2,GF_00620
49,2,GF_00621
49,2,GF_00622
49,2,GF_00623
49,2,GF_00624
49,2,GF_00632
49,2,GF_00633
49,2,GF_00635
49,2,GF_00636
49,2,GF_00637
49,2,GF_00638
49,2,GF_00640
49,2,GF_00641
49,2,GF_00642
49,2,GF_00643
49,2,GF_00655
49,2,GF_00658
49,2,GF_00661
49,2,GF_00669
49,2,GF_00676
49,2,GF_00681
49,2,GF_00683
49,2,GF_00684
49,2,GF_00687
49,2,GF_00688
49,2,GF_00695
49,2,GF_00699
49,2,GF_00702
49,2,GF_00709
49,2,GF_00722
49,2,GF_00723
49,2,GF_00724
49,2,GF_00725
49,2,GF_00726
49,2,GF_00727
49,2,GF_00728
49,2,GF_00729
49,2,GF_00732
49,2,GF_00736
49,2,GF_00740
49,2,GF_00741
49,2,GF_00744
49,2,GF_00751
49,2,GF_00755
49,2,GF_00756
49,2,GF_00761
49,2,GF_00771
49,2,GF_00773
49,2,GF_00776
49,2,GF_00777
49,2,GF_00785
49,2,GF_00796
49,2,GF_00810
49,2,GF_00811
49,2,GF_00813
49,2,GF_00814
49,2,GF_00816
49,2,GF_00819
49,2,GF_00828
49,2,GF_00843
49,2,GF_00845
49,2,GF_00856
49,2,GF_00857
49,2,GF_00860
49,2,GF_00864
49,2,GF_00866
49,2,GF_00868
49,2,GF_00869
49,2,GF_00870
49,2,GF_00874
49,2,GF_00887
49,2,GF_00888
49,2,GF_00895
49,2,GF_00916
49,2,GF_00927
49,2,GF_00931
49,2,GF_00932
49,2,GF_00933
49,2,GF_00946
49,2,GF_00947
49,2,GF_00949
49,2,GF_00957
49,2,GF_00958
49,2,GF_00960
49,2,GF_00968
49,2,GF_00969
49,2,GF_00970
49,2,GF_00971
49,2,GF_00972
49,2,GF_00982
49,2,GF_01004
49,2,GF_01005
49,2,GF_01012
49,2,GF_01026
49,2,GF_01027
49,2,GF_01028
49,2,GF_01054
49,2,GF_01230
49,2,GF_01231
49,2,GF_01233
49,2,GF_01234
49,2,GF_01235
49,2,GF_01236
49,2,GF_01237
49,2,GF_01239
49,2,GF_01240
49,2,GF_01241
49,2,GF_01242
49,2,GF_01245
49,2,GF_01246
49,2,GF_01248
49,2,GF_01266
49,2,GF_01287
49,2,GF_01290
49,2,GF_01291
49,2,GF_01292
49,2,GF_01293
49,2,GF_01297
49,2,GF_01306
49,2,GF_01314
49,2,GF_01315
49,2,GF_01327
49,2,GF_01328
49,2,GF_01329
49,2,GF_01330
49,2,GF_01331
49,2,GF_01332
49,2,GF_01333
49,2,GF_01334
49,2,GF_01336
49,2,GF_01337
49,2,GF_01338
49,2,GF_01359
49,2,GF_01372
49,2,GF_01374
49,2,GF_01375
49,2,GF_01376
49,2,GF_01377
49,2,GF_01379
49,2,GF_01381
49,2,GF_01382
49,2,GF_01383
49,2,GF_01385
49,2,GF_01387
49,2,GF_01390
49,2,GF_01391
49,2,GF_01393
49,2,GF_01394
49,2,GF_01395
49,2,GF_01396
49,2,GF_01397
49,2,GF_01399
49,2,GF_01400
49,2,GF_01401
49,2,GF_01404
49,2,GF_01409
49,2,GF_01425
49,2,GF_01426
49,2,GF_01428
49,2,GF_01439
49,2,GF_01445
49,2,GF_01446
49,2,GF_01447
49,2,GF_01448
49,2,GF_01449
49,2,GF_01456
49,2,GF_01458
49,2,GF_01460
49,2,GF_01461
49,2,GF_01462
49,2,GF_01464
49,2,GF_01466
49,2,GF_01477
49,2,GF_01479
49,2,GF_01480
49,2,GF_01481
49,2,GF_01487
49,2,GF_01502
49,2,GF_01504
49,2,GF_01512
49,2,GF_01514
49,2,GF_01527
49,2,GF_01534
49,2,GF_01535
49,2,GF_01536
49,2,GF_01538
49,2,GF_01539
49,2,GF_01540
49,2,GF_01541
49,2,GF_01542
49,2,GF_01543
49,2,GF_01544
49,2,GF_01547
49,2,GF_01549
49,2,GF_01552
49,2,GF_01553
49,2,GF_01579
49,2,GF_01580
49,2,GF_01583
49,2,GF_01584
49,2,GF_01591
49,2,GF_01592
49,2,GF_01616
49,2,GF_01617
49,2,GF_01618
49,2,GF_01619
49,2,GF_01620
49,2,GF_01621
49,2,GF_01623
49,2,GF_01625
49,2,GF_01626
49,2,GF_01627
49,2,GF_01629
49,2,GF_01634
49,2,GF_01635
49,2,GF_01636
49,2,GF_01637
49,2,GF_01638
49,2,GF_01641
49,2,GF_01648
49,2,GF_01659
49,2,GF_01661
49,2,GF_01673
49,2,GF_01674
49,2,GF_01675
49,2,GF_01676
49,2,GF_01677
49,2,GF_01679
49,2,GF_01680
49,2,GF_01681
49,2,GF_01683
49,2,GF_01684
49,2,GF_01685
49,2,GF_01688
49,2,GF_01689
49,2,GF_01690
49,2,GF_01691
49,2,GF_01692
49,2,GF_01693
49,2,GF_01732
49,2,GF_01733
49,2,GF_01734
49,2,GF_01735
49,2,GF_01736
49,2,GF_01737
49,2,GF_01741
49,2,GF_01742
49,2,GF_01763
49,2,GF_01783
49,2,GF_01798
49,2,GF_01799
49,2,GF_01801
49,2,GF_01802
49,2,GF_01803
49,2,GF_01805
49,2,GF_01806
49,2,GF_01807
49,2,GF_01808
49,2,GF_01809
49,2,GF_01810
49,2,GF_01811
49,2,GF_01812
49,2,GF_01813
49,2,GF_01814
49,2,GF_01815
49,2,GF_01816
49,2,GF_01818
49,2,GF_01819
49,2,GF_01822
49,2,GF_01823
49,2,GF_01834
49,2,GF_01836
49,2,GF_01837
49,2,GF_01840
49,2,GF_01841
49,2,GF_01842
49,2,GF_01844
49,2,GF_01856
49,2,GF_01860
49,2,GF_01866
49,2,GF_01870
49,2,GF_01872
49,2,GF_01874
49,2,GF_01885
49,2,GF_01897
49,2,GF_01898
49,2,GF_01899
49,2,GF_01900
49,2,GF_01902
49,2,GF_01904
49,2,GF_01919
49,2,GF_01921
49,2,GF_01926
49,2,GF_01927
49,2,GF_01928
49,2,GF_01929
49,2,GF_01930
49,2,GF_01945
49,2,GF_02041
49,2,GF_02059
49,2,GF_02060
49,2,GF_02069
49,2,GF_02070
49,2,GF_02071
49,2,GF_02072
49,2,GF_02074
49,2,GF_02075
49,2,GF_02084
49,2,GF_02085
49,2,GF_02088
49,2,GF_02089
49,2,GF_02091
49,2,GF_02092
49,2,GF_02093
49,2,GF_02094
49,2,GF_02101
49,2,GF_02109
49,2,GF_02110
49,2,GF_02113
49,2,GF_02122
49,2,GF_02130
49,2,GF_02131
49,2,GF_02132
49,2,GF_02136
49,2,GF_02137
49,2,GF_02138
49,2,GF_02139
49,2,GF_02140
49,2,GF_02142
49,2,GF_02143
49,2,GF_02145
49,2,GF_02152
49,2,GF_02157
49,2,GF_02158
49,2,GF_02159
49,2,GF_02172
49,2,GF_02178
49,2,GF_02180
49,2,GF_02184
49,2,GF_02215
49,2,GF_02216
49,2,GF_02217
49,2,GF_02218
49,2,GF_02219
49,2,GF_02220
49,2,GF_02222
49,2,GF_02223
49,2,GF_02224
49,2,GF_02225
49,2,GF_02226
49,2,GF_02227
49,2,GF_02228
49,2,GF_02229
49,2,GF_02230
49,2,GF_02260
49,2,GF_02262
49,2,GF_02263
49,2,GF_02264
49,2,GF_02266
49,3,GF_00002
49,3,GF_00011
49,3,GF_00012
49,3,GF_00013
49,3,GF_00014
49,3,GF_00015
49,3,GF_00017
49,3,GF_00018
49,3,GF_00043
49,3,GF_00044
49,3,GF_00046
49,3,GF_00047
49,3,GF_00048
49,3,GF_00049
49,3,GF_00051
49,3,GF_00052
49,3,GF_00072
49,3,GF_00073
49,3,GF_00074
49,3,GF_00075
49,3,GF_00077
49,3,GF_00078
49,3,GF_00079
49,3,GF_00080
49,3,GF_00081
49,3,GF_00082
49,3,GF_00083
49,3,GF_00084
49,3,GF_00085
49,3,GF_00087
49,3,GF_00088
49,3,GF_00093
49,3,GF_00094
49,3,GF_00104
49,3,GF_00105
49,3,GF_00106
49,3,GF_00107
49,3,GF_00108
49,3,GF_00111
49,3,GF_00112
49,3,GF_00114
49,3,GF_00115
49,3,GF_00116
49,3,GF_00117
49,3,GF_00120
49,3,GF_00121
49,3,GF_00122
49,3,GF_00123
49,3,GF_00124
49,3,GF_00125
49,3,GF_00136
49,3,GF_00137
49,3,GF_00138
49,3,GF_00139
49,3,GF_00141
49,3,GF_00143
49,3,GF_00155
49,3,GF_00164
49,3,GF_00170
49,3,GF_00175
49,3,GF_00178
49,3,GF_00179
49,3,GF_00180
49,3,GF_00185
49,3,GF_00208
49,3,GF_00220
49,3,GF_00228
49,3,GF_00229
49,3,GF_00235
49,3,GF_00244
49,3,GF_00251
49,3,GF_00262
49,3,GF_00281
49,3,GF_00290
49,3,GF_00296
49,3,GF_00300
49,3,GF_00302
49,3,GF_00303
49,3,GF_00305
49,3,GF_00309
49,3,GF_00310
49,3,GF_00311
49,3,GF_00312
49,3,GF_00313
49,3,GF_00314
49,3,GF_00315
49,3,GF_00316
49,3,GF_00317
49,3,GF_00318
49,3,GF_00319
49,3,GF_00320
49,3,GF_00321
49,3,GF_00323
49,3,GF_00324
49,3,GF_00325
49,3,GF_00326
49,3,GF_00327
49,3,GF_00329
49,3,GF_00330
49,3,GF_00331
49,3,GF_00332
49,3,GF_00333
49,3,GF_00335
49,3,GF_00336
49,3,GF_00338
49,3,GF_00339
49,3,GF_00340
49,3,GF_00341
49,3,GF_00342
49,3,GF_00343
49,3,GF_00344
49,3,GF_00346
49,3,GF_00347
49,3,GF_00348
49,3,GF_00349
49,3,GF_00350
49,3,GF_00351
49,3,GF_00352
49,3,GF_00353
49,3,GF_00355
49,3,GF_00358
49,3,GF_00360
49,3,GF_00362
49,3,GF_00363
49,3,GF_00364
49,3,GF_00365
49,3,GF_00369
49,3,GF_00378
49,3,GF_00381
49,3,GF_00384
49,3,GF_00385
49,3,GF_00386
49,3,GF_00387
49,3,GF_00388
49,3,GF_00389
49,3,GF_00390
49,3,GF_00391
49,3,GF_00393
49,3,GF_00395
49,3,GF_00396
49,3,GF_00400
49,3,GF_00401
49,3,GF_00402
49,3,GF_00404
49,3,GF_00405
49,3,GF_00406
49,3,GF_00407
49,3,GF_00408
49,3,GF_00409
49,3,GF_00410
49,3,GF_00413
49,3,GF_00414
49,3,GF_00415
49,3,GF_00417
49,3,GF_00418
49,3,GF_00421
49,3,GF_00422
49,3,GF_00424
49,3,GF_00426
49,3,GF_00427
49,3,GF_00428
49,3,GF_00429
49,3,GF_00430
49,3,GF_00431
49,3,GF_00432
49,3,GF_00433
49,3,GF_00434
49,3,GF_00435
49,3,GF_00436
49,3,GF_00437
49,3,GF_00438
49,3,GF_00440
49,3,GF_00441
49,3,GF_00455
49,3,GF_00457
49,3,GF_00471
49,3,GF_00472
49,3,GF_00477
49,3,GF_00480
49,3,GF_00482
49,3,GF_00488
49,3,GF_00489
49,3,GF_00491
49,3,GF_00503
49,3,GF_00522
49,3,GF_00523
49,3,GF_00524
49,3,GF_00525
49,3,GF_00527
49,3,GF_00528
49,3,GF_00529
49,3,GF_00530
49,3,GF_00531
49,3,GF_00536
49,3,GF_00538
49,3,GF_00546
49,3,GF_00547
49,3,GF_00548
49,3,GF_00549
49,3,GF_00564
49,3,GF_00565
49,3,GF_00566
49,3,GF_00569
49,3,GF_00570
49,3,GF_00572
49,3,GF_00574
49,3,GF_00578
49,3,GF_00580
49,3,GF_00588
49,3,GF_00594
49,3,GF_00595
49,3,GF_00599
49,3,GF_00600
49,3,GF_00601
49,3,GF_00603
49,3,GF_00604
49,3,GF_00605
49,3,GF_00606
49,3,GF_00607
49,3,GF_00608
49,3,GF_00609
49,3,GF_00611
49,3,GF_00612
49,3,GF_00613
49,3,GF_00614
49,3,GF_00615
49,3,GF_00616
49,3,GF_00617
49,3,GF_00618
49,3,GF_00619
49,3,GF_00621
49,3,GF_00622
49,3,GF_00623
49,3,GF_00624
49,3,GF_00632
49,3,GF_00633
49,3,GF_00634
49,3,GF_00635
49,3,GF_00636
49,3,GF_00637
49,3,GF_00640
49,3,GF_00641
49,3,GF_00642
49,3,GF_00643
49,3,GF_00655
49,3,GF_00658
49,3,GF_00659
49,3,GF_00661
49,3,GF_00669
49,3,GF_00676
49,3,GF_00680
49,3,GF_00681
49,3,GF_00684
49,3,GF_00686
49,3,GF_00688
49,3,GF_00695
49,3,GF_00699
49,3,GF_00702
49,3,GF_00709
49,3,GF_00722
49,3,GF_00723
49,3,GF_00724
49,3,GF_00725
49,3,GF_00726
49,3,GF_00727
49,3,GF_00728
49,3,GF_00729
49,3,GF_00732
49,3,GF_00736
49,3,GF_00740
49,3,GF_00741
49,3,GF_00744
49,3,GF_00751
49,3,GF_00755
49,3,GF_00756
49,3,GF_00761
49,3,GF_00771
49,3,GF_00773
49,3,GF_00776
49,3,GF_00777
49,3,GF_00785
49,3,GF_00796
49,3,GF_00810
49,3,GF_00811
49,3,GF_00813
49,3,GF_00814
49,3,GF_00816
49,3,GF_00819
49,3,GF_00828
49,3,GF_00843
49,3,GF_00845
49,3,GF_00857
49,3,GF_00860
49,3,GF_00864
49,3,GF_00866
49,3,GF_00867
49,3,GF_00868
49,3,GF_00869
49,3,GF_00870
49,3,GF_00871
49,3,GF_00873
49,3,GF_00874
49,3,GF_00887
49,3,GF_00888
49,3,GF_00895
49,3,GF_00916
49,3,GF_00927
49,3,GF_00931
49,3,GF_00933
49,3,GF_00946
49,3,GF_00947
49,3,GF_00949
49,3,GF_00957
49,3,GF_00958
49,3,GF_00959
49,3,GF_00960
49,3,GF_00963
49,3,GF_00966
49,3,GF_00968
49,3,GF_00969
49,3,GF_00970
49,3,GF_00971
49,3,GF_00972
49,3,GF_00982
49,3,GF_01004
49,3,GF_01005
49,3,GF_01012
49,3,GF_01026
49,3,GF_01027
49,3,GF_01028
49,3,GF_01054
49,3,GF_01147
49,3,GF_01230
49,3,GF_01231
49,3,GF_01232
49,3,GF_01233
49,3,GF_01234
49,3,GF_01235
49,3,GF_01236
49,3,GF_01237
49,3,GF_01239
49,3,GF_01240
49,3,GF_01241
49,3,GF_01242
49,3,GF_01244
49,3,GF_01245
49,3,GF_01246
49,3,GF_01247
49,3,GF_01248
49,3,GF_01266
49,3,GF_01287
49,3,GF_01290
49,3,GF_01291
49,3,GF_01292
49,3,GF_01293
49,3,GF_01297
49,3,GF_01306
49,3,GF_01314
49,3,GF_01315
49,3,GF_01327
49,3,GF_01328
49,3,GF_01329
49,3,GF_01330
49,3,GF_01331
49,3,GF_01332
49,3,GF_01333
49,3,GF_01334
49,3,GF_01336
49,3,GF_01337
49,3,GF_01338
49,3,GF_01359
49,3,GF_01372
49,3,GF_01374
49,3,GF_01375
49,3,GF_01376
49,3,GF_01377
49,3,GF_01379
49,3,GF_01381
49,3,GF_01382
49,3,GF_01383
49,3,GF_01385
49,3,GF_01386
49,3,GF_01387
49,3,GF_01390
49,3,GF_01391
49,3,GF_01393
49,3,GF_01394
49,3,GF_01395
49,3,GF_01396
49,3,GF_01397
49,3,GF_01399
49,3,GF_01400
49,3,GF_01401
49,3,GF_01404
49,3,GF_01409
49,3,GF_01425
49,3,GF_01426
49,3,GF_01428
49,3,GF_01439
49,3,GF_01445
49,3,GF_01446
49,3,GF_01447
49,3,GF_01448
49,3,GF_01449
49,3,GF_01456
49,3,GF_01458
49,3,GF_01460
49,3,GF_01461
49,3,GF_01462
49,3,GF_01466
49,3,GF_01476
49,3,GF_01477
49,3,GF_01479
49,3,GF_01480
49,3,GF_01481
49,3,GF_01487
49,3,GF_01502
49,3,GF_01512
49,3,GF_01514
49,3,GF_01527
49,3,GF_01534
49,3,GF_01535
49,3,GF_01536
49,3,GF_01537
49,3,GF_01538
49,3,GF_01539
49,3,GF_01540
49,3,GF_01541
49,3,GF_01542
49,3,GF_01544
49,3,GF_01547
49,3,GF_01549
49,3,GF_01550
49,3,GF_01552
49,3,GF_01553
49,3,GF_01579
49,3,GF_01580
49,3,GF_01583
49,3,GF_01584
49,3,GF_01591
49,3,GF_01592
49,3,GF_01616
49,3,GF_01617
49,3,GF_01618
49,3,GF_01619
49,3,GF_01620
49,3,GF_01621
49,3,GF_01623
49,3,GF_01626
49,3,GF_01627
49,3,GF_01628
49,3,GF_01629
49,3,GF_01630
49,3,GF_01634
49,3,GF_01636
49,3,GF_01637
49,3,GF_01638
49,3,GF_01639
49,3,GF_01641
49,3,GF_01648
49,3,GF_01661
49,3,GF_01672
49,3,GF_01673
49,3,GF_01674
49,3,GF_01675
49,3,GF_01676
49,3,GF_01677
49,3,GF_01678
49,3,GF_01679
49,3,GF_01680
49,3,GF_01681
49,3,GF_01683
49,3,GF_01684
49,3,GF_01685
49,3,GF_01688
49,3,GF_01689
49,3,GF_01690
49,3,GF_01691
49,3,GF_01692
49,3,GF_01693
49,3,GF_01732
49,3,GF_01733
49,3,GF_01734
49,3,GF_01735
49,3,GF_01736
49,3,GF_01740
49,3,GF_01741
49,3,GF_01742
49,3,GF_01745
49,3,GF_01763
49,3,GF_01770
49,3,GF_01783
49,3,GF_01797
49,3,GF_01799
49,3,GF_01802
49,3,GF_01803
49,3,GF_01805
49,3,GF_01806
49,3,GF_01807
49,3,GF_01808
49,3,GF_01809
49,3,GF_01810
49,3,GF_01811
49,3,GF_01812
49,3,GF_01813
49,3,GF_01815
49,3,GF_01816
49,3,GF_01818
49,3,GF_01819
49,3,GF_01822
49,3,GF_01823
49,3,GF_01834
49,3,GF_01836
49,3,GF_01837
49,3,GF_01840
49,3,GF_01841
49,3,GF_01842
49,3,GF_01844
49,3,GF_01856
49,3,GF_01860
49,3,GF_01866
49,3,GF_01870
49,3,GF_01872
49,3,GF_01874
49,3,GF_01885
49,3,GF_01897
49,3,GF_01898
49,3,GF_01899
49,3,GF_01900
49,3,GF_01901
49,3,GF_01902
49,3,GF_01904
49,3,GF_01919
49,3,GF_01921
49,3,GF_01923
49,3,GF_01925
49,3,GF_01926
49,3,GF_01927
49,3,GF_01928
49,3,GF_01929
49,3,GF_01930
49,3,GF_01945
49,3,GF_02041
49,3,GF_02060
49,3,GF_02069
49,3,GF_02070
49,3,GF_02071
49,3,GF_02072
49,3,GF_02073
49,3,GF_02074
49,3,GF_02075
49,3,GF_02076
49,3,GF_02084
49,3,GF_02085
49,3,GF_02086
49,3,GF_02088
49,3,GF_02089
49,3,GF_02091
49,3,GF_02092
49,3,GF_02093
49,3,GF_02094
49,3,GF_02101
49,3,GF_02110
49,3,GF_02122
49,3,GF_02130
49,3,GF_02131
49,3,GF_02132
49,3,GF_02136
49,3,GF_02137
49,3,GF_02138
49,3,GF_02139
49,3,GF_02140
49,3,GF_02141
49,3,GF_02142
49,3,GF_02143
49,3,GF_02145
49,3,GF_02152
49,3,GF_02157
49,3,GF_02158
49,3,GF_02159
49,3,GF_02168
49,3,GF_02172
49,3,GF_02178
49,3,GF_02180
49,3,GF_02184
49,3,GF_02215
49,3,GF_02216
49,3,GF_02217
49,3,GF_02218
49,3,GF_02219
49,3,GF_02220
49,3,GF_02222
49,3,GF_02223
49,3,GF_02224
49,3,GF_02225
49,3,GF_02226
49,3,GF_02227
49,3,GF_02228
49,3,GF_02230
49,3,GF_02260
49,3,GF_02261
49,3,GF_02262
49,3,GF_02263
49,3,GF_02264
49,3,GF_02266
49,4,GF_00002
49,4,GF_00008
49,4,GF_00011
49,4,GF_00012
49,4,GF_00013
49,4,GF_00014
49,4,GF_00015
49,4,GF_00017
49,4,GF_00018
49,4,GF_00036
49,4,GF_00043
49,4,GF_00044
49,4,GF_00046
49,4,GF_00047
49,4,GF_00048
49,4,GF_00049
49,4,GF_00050
49,4,GF_00051
49,4,GF_00052
49,4,GF_00071
49,4,GF_00072
49,4,GF_00073
49,4,GF_00074
49,4,GF_00075
49,4,GF_00077
49,4,GF_00078
49,4,GF_00079
49,4,GF_00080
49,4,GF_00081
49,4,GF_00082
49,4,GF_00083
49,4,GF_00084
49,4,GF_00085
49,4,GF_00087
49,4,GF_00088
49,4,GF_00093
49,4,GF_00094
49,4,GF_00104
49,4,GF_00105
49,4,GF_00106
49,4,GF_00107
49,4,GF_00108
49,4,GF_00109
49,4,GF_00111
49,4,GF_00112
49,4,GF_00113
49,4,GF_00114
49,4,GF_00115
49,4,GF_00116
49,4,GF_00117
49,4,GF_00120
49,4,GF_00121
49,4,GF_00122
49,4,GF_00123
49,4,GF_00124
49,4,GF_00125
49,4,GF_00136
49,4,GF_00137
49,4,GF_00138
49,4,GF_00139
49,4,GF_00141
49,4,GF_00142
49,4,GF_00143
49,4,GF_00155
49,4,GF_00164
49,4,GF_00170
49,4,GF_00175
49,4,GF_00178
49,4,GF_00179
49,4,GF_00180
49,4,GF_00185
49,4,GF_00205
49,4,GF_00220
49,4,GF_00228
49,4,GF_00229
49,4,GF_00235
49,4,GF_00244
49,4,GF_00250
49,4,GF_00251
49,4,GF_00262
49,4,GF_00267
49,4,GF_00275
49,4,GF_00281
49,4,GF_00282
49,4,GF_00290
49,4,GF_00296
49,4,GF_00300
49,4,GF_00302
49,4,GF_00303
49,4,GF_00305
49,4,GF_00309
49,4,GF_00311
49,4,GF_00312
49,4,GF_00313
49,4,GF_00314
49,4,GF_00315
49,4,GF_00316
49,4,GF_00317
49,4,GF_00318
49,4,GF_00319
49,4,GF_00320
49,4,GF_00321
49,4,GF_00323
49,4,GF_00324
49,4,GF_00325
49,4,GF_00326
49,4,GF_00327
49,4,GF_00329
49,4,GF_00330
49,4,GF_00331
49,4,GF_00332
49,4,GF_00333
49,4,GF_00335
49,4,GF_00336
49,4,GF_00338
49,4,GF_00339
49,4,GF_00340
49,4,GF_00341
49,4,GF_00342
49,4,GF_00343
49,4,GF_00344
49,4,GF_00346
49,4,GF_00347
49,4,GF_00348
49,4,GF_00349
49,4,GF_00350
49,4,GF_00351
49,4,GF_00352
49,4,GF_00353
49,4,GF_00355
49,4,GF_00358
49,4,GF_00359
49,4,GF_00360
49,4,GF_00361
49,4,GF_00362
49,4,GF_00363
49,4,GF_00364
49,4,GF_00365
49,4,GF_00369
49,4,GF_00381
49,4,GF_00384
49,4,GF_00385
49,4,GF_00386
49,4,GF_00387
49,4,GF_00388
49,4,GF_00389
49,4,GF_00390
49,4,GF_00391
49,4,GF_00392
49,4,GF_00393
49,4,GF_00394
49,4,GF_00395
49,4,GF_00396
49,4,GF_00400
49,4,GF_00401
49,4,GF_00402
49,4,GF_00403
49,4,GF_00404
49,4,GF_00405
49,4,GF_00406
49,4,GF_00407
49,4,GF_00408
49,4,GF_00409
49,4,GF_00410
49,4,GF_00411
49,4,GF_00413
49,4,GF_00414
49,4,GF_00415
49,4,GF_00417
49,4,GF_00418
49,4,GF_00419
49,4,GF_00420
49,4,GF_00421
49,4,GF_00422
49,4,GF_00424
49,4,GF_00426
49,4,GF_00427
49,4,GF_00428
49,4,GF_00429
49,4,GF_00430
49,4,GF_00431
49,4,GF_00432
49,4,GF_00433
49,4,GF_00434
49,4,GF_00435
49,4,GF_00436
49,4,GF_00437
49,4,GF_00438
49,4,GF_00440
49,4,GF_00441
49,4,GF_00455
49,4,GF_00457
49,4,GF_00458
49,4,GF_00465
49,4,GF_00471
49,4,GF_00472
49,4,GF_00474
49,4,GF_00477
49,4,GF_00479
49,4,GF_00480
49,4,GF_00482
49,4,GF_00484
49,4,GF_00488
49,4,GF_00489
49,4,GF_00503
49,4,GF_00522
49,4,GF_00523
49,4,GF_00524
49,4,GF_00525
49,4,GF_00527
49,4,GF_00528
49,4,GF_00529
49,4,GF_00530
49,4,GF_00531
49,4,GF_00536
49,4,GF_00538
49,4,GF_00546
49,4,GF_00547
49,4,GF_00548
49,4,GF_00549
49,4,GF_00564
49,4,GF_00565
49,4,GF_00566
49,4,GF_00569
49,4,GF_00570
49,4,GF_00572
49,4,GF_00574
49,4,GF_00578
49,4,GF_00580
49,4,GF_00588
49,4,GF_00593
49,4,GF_00594
49,4,GF_00595
49,4,GF_00599
49,4,GF_00600
49,4,GF_00601
49,4,GF_00603
49,4,GF_00604
49,4,GF_00605
49,4,GF_00606
49,4,GF_00607
49,4,GF_00608
49,4,GF_00609
49,4,GF_00611
49,4,GF_00612
49,4,GF_00613
49,4,GF_00614
49,4,GF_00615
49,4,GF_00616
49,4,GF_00617
49,4,GF_00618
49,4,GF_00619
49,4,GF_00620
49,4,GF_00621
49,4,GF_00622
49,4,GF_00623
49,4,GF_00624
49,4,GF_00632
49,4,GF_00633
49,4,GF_00635
49,4,GF_00636
49,4,GF_00637
49,4,GF_00638
49,4,GF_00640
49,4,GF_00641
49,4,GF_00642
49,4,GF_00643
49,4,GF_00647
49,4,GF_00655
49,4,GF_00658
49,4,GF_00659
49,4,GF_00661
49,4,GF_00666
49,4,GF_00669
49,4,GF_00681
49,4,GF_00684
49,4,GF_00687
49,4,GF_00688
49,4,GF_00695
49,4,GF_00699
49,4,GF_00702
49,4,GF_00709
49,4,GF_00722
49,4,GF_00723
49,4,GF_00724
49,4,GF_00725
49,4,GF_00726
49,4,GF_00727
49,4,GF_00728
49,4,GF_00729
49,4,GF_00732
49,4,GF_00736
49,4,GF_00740
49,4,GF_00741
49,4,GF_00744
49,4,GF_00749
49,4,GF_00751
49,4,GF_00755
49,4,GF_00756
49,4,GF_00761
49,4,GF_00770
49,4,GF_00771
49,4,GF_00773
49,4,GF_00776
49,4,GF_00777
49,4,GF_00785
49,4,GF_00793
49,4,GF_00796
49,4,GF_00810
49,4,GF_00811
49,4,GF_00813
49,4,GF_00814
49,4,GF_00816
49,4,GF_00819
49,4,GF_00826
49,4,GF_00828
49,4,GF_00843
49,4,GF_00845
49,4,GF_00856
49,4,GF_00857
49,4,GF_00860
49,4,GF_00864
49,4,GF_00866
49,4,GF_00868
49,4,GF_00869
49,4,GF_00870
49,4,GF_00871
49,4,GF_00872
49,4,GF_00873
49,4,GF_00874
49,4,GF_00887
49,4,GF_00888
49,4,GF_00893
49,4,GF_00895
49,4,GF_00916
49,4,GF_00927
49,4,GF_00931
49,4,GF_00932
49,4,GF_00933
49,4,GF_00934
49,4,GF_00946
49,4,GF_00947
49,4,GF_00949
49,4,GF_00957
49,4,GF_00958
49,4,GF_00959
49,4,GF_00960
49,4,GF_00963
49,4,GF_00966
49,4,GF_00968
49,4,GF_00969
49,4,GF_00970
49,4,GF_00971
49,4,GF_00972
49,4,GF_00982
49,4,GF_00987
49,4,GF_00992
49,4,GF_01004
49,4,GF_01005
49,4,GF_01012
49,4,GF_01026
49,4,GF_01027
49,4,GF_01028
49,4,GF_01054
49,4,GF_01230
49,4,GF_01231
49,4,GF_01232
49,4,GF_01233
49,4,GF_01234
49,4,GF_01235
49,4,GF_01236
49,4,GF_01237
49,4,GF_01238
49,4,GF_01239
49,4,GF_01240
49,4,GF_01241
49,4,GF_01242
49,4,GF_01243
49,4,GF_01244
49,4,GF_01245
49,4,GF_01246
49,4,GF_01247
49,4,GF_01248
49,4,GF_01253
49,4,GF_01257
49,4,GF_01266
49,4,GF_01282
49,4,GF_01287
49,4,GF_01290
49,4,GF_01292
49,4,GF_01293
49,4,GF_01297
49,4,GF_01303
49,4,GF_01306
49,4,GF_01308
49,4,GF_01314
49,4,GF_01315
49,4,GF_01324
49,4,GF_01327
49,4,GF_01329
49,4,GF_01330
49,4,GF_01331
49,4,GF_01332
49,4,GF_01333
49,4,GF_01334
49,4,GF_01336
49,4,GF_01337
49,4,GF_01338
49,4,GF_01356
49,4,GF_01357
49,4,GF_01359
49,4,GF_01365
49,4,GF_01372
49,4,GF_01373
49,4,GF_01374
49,4,GF_01375
49,4,GF_01376
49,4,GF_01377
49,4,GF_01378
49,4,GF_01379
49,4,GF_01380
49,4,GF_01381
49,4,GF_01382
49,4,GF_01383
49,4,GF_01384
49,4,GF_01385
49,4,GF_01386
49,4,GF_01387
49,4,GF_01390
49,4,GF_01391
49,4,GF_01393
49,4,GF_01394
49,4,GF_01395
49,4,GF_01396
49,4,GF_01397
49,4,GF_01398
49,4,GF_01399
49,4,GF_01400
49,4,GF_01401
49,4,GF_01403
49,4,GF_01404
49,4,GF_01405
49,4,GF_01409
49,4,GF_01411
49,4,GF_01425
49,4,GF_01426
49,4,GF_01428
49,4,GF_01439
49,4,GF_01445
49,4,GF_01446
49,4,GF_01447
49,4,GF_01448
49,4,GF_01449
49,4,GF_01456
49,4,GF_01458
49,4,GF_01460
49,4,GF_01461
49,4,GF_01462
49,4,GF_01464
49,4,GF_01466
49,4,GF_01469
49,4,GF_01476
49,4,GF_01477
49,4,GF_01479
49,4,GF_01480
49,4,GF_01487
49,4,GF_01489
49,4,GF_01492
49,4,GF_01497
49,4,GF_01502
49,4,GF_01504
49,4,GF_01512
49,4,GF_01514
49,4,GF_01527
49,4,GF_01534
49,4,GF_01535
49,4,GF_01536
49,4,GF_01537
49,4,GF_01538
49,4,GF_01539
49,4,GF_01540
49,4,GF_01541
49,4,GF_01542
49,4,GF_01543
49,4,GF_01544
49,4,GF_01545
49,4,GF_01547
49,4,GF_01548
49,4,GF_01549
49,4,GF_01550
49,4,GF_01552
49,4,GF_01553
49,4,GF_01579
49,4,GF_01580
49,4,GF_01583
49,4,GF_01584
49,4,GF_01587
49,4,GF_01588
49,4,GF_01591
49,4,GF_01592
49,4,GF_01609
49,4,GF_01616
49,4,GF_01617
49,4,GF_01618
49,4,GF_01619
49,4,GF_01620
49,4,GF_01621
49,4,GF_01623
49,4,GF_01626
49,4,GF_01627
49,4,GF_01628
49,4,GF_01629
49,4,GF_01633
49,4,GF_01634
49,4,GF_01635
49,4,GF_01636
49,4,GF_01637
49,4,GF_01638
49,4,GF_01639
49,4,GF_01640
49,4,GF_01641
49,4,GF_01643
49,4,GF_01644
49,4,GF_01645
49,4,GF_01648
49,4,GF_01654
49,4,GF_01661
49,4,GF_01672
49,4,GF_01673
49,4,GF_01674
49,4,GF_01675
49,4,GF_01676
49,4,GF_01677
49,4,GF_01678
49,4,GF_01679
49,4,GF_01680
49,4,GF_01681
49,4,GF_01683
49,4,GF_01684
49,4,GF_01685
49,4,GF_01688
49,4,GF_01689
49,4,GF_01690
49,4,GF_01691
49,4,GF_01692
49,4,GF_01693
49,4,GF_01732
49,4,GF_01733
49,4,GF_01734
49,4,GF_01735
49,4,GF_01736
49,4,GF_01741
49,4,GF_01742
49,4,GF_01745
49,4,GF_01763
49,4,GF_01764
49,4,GF_01770
49,4,GF_01783
49,4,GF_01799
49,4,GF_01802
49,4,GF_01803
49,4,GF_01805
49,4,GF_01806
49,4,GF_01807
49,4,GF_01808
49,4,GF_01809
49,4,GF_01810
49,4,GF_01811
49,4,GF_01812
49,4,GF_01813
49,4,GF_01814
49,4,GF_01815
49,4,GF_01816
49,4,GF_01818
49,4,GF_01819
49,4,GF_01822
49,4,GF_01823
49,4,GF_01824
49,4,GF_01834
49,4,GF_01836
49,4,GF_01837
49,4,GF_01840
49,4,GF_01841
49,4,GF_01842
49,4,GF_01844
49,4,GF_01850
49,4,GF_01856
49,4,GF_01857
49,4,GF_01860
49,4,GF_01866
49,4,GF_01870
49,4,GF_01872
49,4,GF_01874
49,4,GF_01885
49,4,GF_01897
49,4,GF_01898
49,4,GF_01899
49,4,GF_01900
49,4,GF_01901
49,4,GF_01902
49,4,GF_01904
49,4,GF_01919
49,4,GF_01921
49,4,GF_01925
49,4,GF_01926
49,4,GF_01927
49,4,GF_01928
49,4,GF_01929
49,4,GF_01930
49,4,GF_01945
49,4,GF_02041
49,4,GF_02059
49,4,GF_02060
49,4,GF_02069
49,4,GF_02070
49,4,GF_02071
49,4,GF_02072
49,4,GF_02074
49,4,GF_02075
49,4,GF_02076
49,4,GF_02081
49,4,GF_02084
49,4,GF_02085
49,4,GF_02087
49,4,GF_02088
49,4,GF_02089
49,4,GF_02091
49,4,GF_02092
49,4,GF_02093
49,4,GF_02094
49,4,GF_02101
49,4,GF_02109
49,4,GF_02110
49,4,GF_02113
49,4,GF_02122
49,4,GF_02130
49,4,GF_02131
49,4,GF_02136
49,4,GF_02137
49,4,GF_02138
49,4,GF_02139
49,4,GF_02140
49,4,GF_02141
49,4,GF_02142
49,4,GF_02143
49,4,GF_02145
49,4,GF_02152
49,4,GF_02157
49,4,GF_02158
49,4,GF_02159
49,4,GF_02167
49,4,GF_02168
49,4,GF_02172
49,4,GF_02178
49,4,GF_02180
49,4,GF_02184
49,4,GF_02192
49,4,GF_02194
49,4,GF_02215
49,4,GF_02216
49,4,GF_02217
49,4,GF_02218
49,4,GF_02219
49,4,GF_02220
49,4,GF_02222
49,4,GF_02223
49,4,GF_02224
49,4,GF_02225
49,4,GF_02226
49,4,GF_02227
49,4,GF_02228
49,4,GF_02229
49,4,GF_02230
49,4,GF_02260
49,4,GF_02261
49,4,GF_02262
49,4,GF_02263
49,4,GF_02264
49,4,GF_02266
49,5,GF_00002
49,5,GF_00008
49,5,GF_00011
49,5,GF_00012
49,5,GF_00013
49,5,GF_00014
49,5,GF_00015
49,5,GF_00017
49,5,GF_00018
49,5,GF_00036
49,5,GF_00043
49,5,GF_00044
49,5,GF_00046
49,5,GF_00047
49,5,GF_00048
49,5,GF_00049
49,5,GF_00051
49,5,GF_00052
49,5,GF_00071
49,5,GF_00072
49,5,GF_00073
49,5,GF_00074
49,5,GF_00075
49,5,GF_00076
49,5,GF_00077
49,5,GF_00078
49,5,GF_00079
49,5,GF_00080
49,5,GF_00081
49,5,GF_00082
49,5,GF_00083
49,5,GF_00084
49,5,GF_00085
49,5,GF_00087
49,5,GF_00088
49,5,GF_00093
49,5,GF_00094
49,5,GF_00104
49,5,GF_00105
49,5,GF_00106
49,5,GF_00107
49,5,GF_00108
49,5,GF_00109
49,5,GF_00110
49,5,GF_00111
49,5,GF_00112
49,5,GF_00113
49,5,GF_00114
49,5,GF_00115
49,5,GF_00116
49,5,GF_00117
49,5,GF_00120
49,5,GF_00121
49,5,GF_00122
49,5,GF_00123
49,5,GF_00124
49,5,GF_00125
49,5,GF_00136
49,5,GF_00137
49,5,GF_00138
49,5,GF_00139
49,5,GF_00141
49,5,GF_00142
49,5,GF_00143
49,5,GF_00155
49,5,GF_00164
49,5,GF_00170
49,5,GF_00175
49,5,GF_00178
49,5,GF_00179
49,5,GF_00180
49,5,GF_00185
49,5,GF_00208
49,5,GF_00220
49,5,GF_00228
49,5,GF_00229
49,5,GF_00235
49,5,GF_00244
49,5,GF_00251
49,5,GF_00262
49,5,GF_00281
49,5,GF_00290
49,5,GF_00296
49,5,GF_00300
49,5,GF_00302
49,5,GF_00303
49,5,GF_00305
49,5,GF_00309
49,5,GF_00311
49,5,GF_00312
49,5,GF_00313
49,5,GF_00314
49,5,GF_00315
49,5,GF_00316
49,5,GF_00317
49,5,GF_00318
49,5,GF_00319
49,5,GF_00320
49,5,GF_00321
49,5,GF_00323
49,5,GF_00324
49,5,GF_00325
49,5,GF_00326
49,5,GF_00327
49,5,GF_00329
49,5,GF_00330
49,5,GF_00331
49,5,GF_00332
49,5,GF_00333
49,5,GF_00335
49,5,GF_00336
49,5,GF_00338
49,5,GF_00339
49,5,GF_00340
49,5,GF_00341
49,5,GF_00342
49,5,GF_00343
49,5,GF_00344
49,5,GF_00346
49,5,GF_00347
49,5,GF_00348
49,5,GF_00349
49,5,GF_00350
49,5,GF_00351
49,5,GF_00352
49,5,GF_00353
49,5,GF_00358
49,5,GF_00360
49,5,GF_00362
49,5,GF_00363
49,5,GF_00364
49,5,GF_00365
49,5,GF_00369
49,5,GF_00378
49,5,GF_00381
49,5,GF_00384
49,5,GF_00385
49,5,GF_00386
49,5,GF_00387
49,5,GF_00388
49,5,GF_00389
49,5,GF_00390
49,5,GF_00391
49,5,GF_00393
49,5,GF_00394
49,5,GF_00395
49,5,GF_00396
49,5,GF_00400
49,5,GF_00401
49,5,GF_00402
49,5,GF_00403
49,5,GF_00404
49,5,GF_00405
49,5,GF_00406
49,5,GF_00407
49,5,GF_00409
49,5,GF_00410
49,5,GF_00413
49,5,GF_00414
49,5,GF_00415
49,5,GF_00417
49,5,GF_00418
49,5,GF_00419
49,5,GF_00421
49,5,GF_00422
49,5,GF_00424
49,5,GF_00426
49,5,GF_00427
49,5,GF_00428
49,5,GF_00429
49,5,GF_00430
49,5,GF_00431
49,5,GF_00432
49,5,GF_00433
49,5,GF_00434
49,5,GF_00435
49,5,GF_00436
49,5,GF_00437
49,5,GF_00438
49,5,GF_00440
49,5,GF_00441
49,5,GF_00455
49,5,GF_00457
49,5,GF_00458
49,5,GF_00471
49,5,GF_00472
49,5,GF_00477
49,5,GF_00480
49,5,GF_00482
49,5,GF_00488
49,5,GF_00491
49,5,GF_00503
49,5,GF_00522
49,5,GF_00523
49,5,GF_00524
49,5,GF_00525
49,5,GF_00527
49,5,GF_00528
49,5,GF_00529
49,5,GF_00530
49,5,GF_00531
49,5,GF_00536
49,5,GF_00538
49,5,GF_00546
49,5,GF_00547
49,5,GF_00548
49,5,GF_00549
49,5,GF_00564
49,5,GF_00565
49,5,GF_00566
49,5,GF_00569
49,5,GF_00570
49,5,GF_00572
49,5,GF_00574
49,5,GF_00578
49,5,GF_00580
49,5,GF_00588
49,5,GF_00593
49,5,GF_00594
49,5,GF_00595
49,5,GF_00599
49,5,GF_00600
49,5,GF_00601
49,5,GF_00602
49,5,GF_00603
49,5,GF_00604
49,5,GF_00605
49,5,GF_00606
49,5,GF_00607
49,5,GF_00608
49,5,GF_00609
49,5,GF_00611
49,5,GF_00612
49,5,GF_00613
49,5,GF_00614
49,5,GF_00615
49,5,GF_00616
49,5,GF_00617
49,5,GF_00618
49,5,GF_00619
49,5,GF_00620
49,5,GF_00621
49,5,GF_00622
49,5,GF_00623
49,5,GF_00624
49,5,GF_00632
49,5,GF_00633
49,5,GF_00634
49,5,GF_00635
49,5,GF_00636
49,5,GF_00637
49,5,GF_00638
49,5,GF_00640
49,5,GF_00641
49,5,GF_00642
49,5,GF_00643
49,5,GF_00655
49,5,GF_00658
49,5,GF_00661
49,5,GF_00669
49,5,GF_00676
49,5,GF_00680
49,5,GF_00681
49,5,GF_00682
49,5,GF_00683
49,5,GF_00684
49,5,GF_00688
49,5,GF_00695
49,5,GF_00699
49,5,GF_00702
49,5,GF_00709
49,5,GF_00722
49,5,GF_00723
49,5,GF_00724
49,5,GF_00725
49,5,GF_00726
49,5,GF_00727
49,5,GF_00728
49,5,GF_00729
49,5,GF_00732
49,5,GF_00736
49,5,GF_00740
49,5,GF_00741
49,5,GF_00744
49,5,GF_00749
49,5,GF_00751
49,5,GF_00755
49,5,GF_00756
49,5,GF_00761
49,5,GF_00771
49,5,GF_00773
49,5,GF_00776
49,5,GF_00777
49,5,GF_00785
49,5,GF_00796
49,5,GF_00810
49,5,GF_00811
49,5,GF_00813
49,5,GF_00814
49,5,GF_00816
49,5,GF_00819
49,5,GF_00828
49,5,GF_00843
49,5,GF_00845
49,5,GF_00856
49,5,GF_00857
49,5,GF_00860
49,5,GF_00864
49,5,GF_00866
49,5,GF_00867
49,5,GF_00868
49,5,GF_00869
49,5,GF_00870
49,5,GF_00872
49,5,GF_00873
49,5,GF_00874
49,5,GF_00887
49,5,GF_00888
49,5,GF_00895
49,5,GF_00916
49,5,GF_00927
49,5,GF_00931
49,5,GF_00932
49,5,GF_00933
49,5,GF_00946
49,5,GF_00947
49,5,GF_00949
49,5,GF_00957
49,5,GF_00958
49,5,GF_00959
49,5,GF_00960
49,5,GF_00963
49,5,GF_00966
49,5,GF_00968
49,5,GF_00969
49,5,GF_00970
49,5,GF_00971
49,5,GF_00972
49,5,GF_00982
49,5,GF_01004
49,5,GF_01005
49,5,GF_01012
49,5,GF_01026
49,5,GF_01027
49,5,GF_01028
49,5,GF_01054
49,5,GF_01230
49,5,GF_01231
49,5,GF_01232
49,5,GF_01233
49,5,GF_01234
49,5,GF_01235
49,5,GF_01236
49,5,GF_01237
49,5,GF_01239
49,5,GF_01240
49,5,GF_01241
49,5,GF_01242
49,5,GF_01244
49,5,GF_01245
49,5,GF_01246
49,5,GF_01247
49,5,GF_01248
49,5,GF_01266
49,5,GF_01279
49,5,GF_01287
49,5,GF_01290
49,5,GF_01291
49,5,GF_01292
49,5,GF_01293
49,5,GF_01297
49,5,GF_01306
49,5,GF_01314
49,5,GF_01315
49,5,GF_01327
49,5,GF_01328
49,5,GF_01329
49,5,GF_01330
49,5,GF_01331
49,5,GF_01332
49,5,GF_01333
49,5,GF_01334
49,5,GF_01336
49,5,GF_01337
49,5,GF_01338
49,5,GF_01359
49,5,GF_01372
49,5,GF_01373
49,5,GF_01374
49,5,GF_01375
49,5,GF_01376
49,5,GF_01377
49,5,GF_01379
49,5,GF_01381
49,5,GF_01382
49,5,GF_01383
49,5,GF_01385
49,5,GF_01386
49,5,GF_01387
49,5,GF_01390
49,5,GF_01391
49,5,GF_01393
49,5,GF_01394
49,5,GF_01395
49,5,GF_01396
49,5,GF_01397
49,5,GF_01399
49,5,GF_01400
49,5,GF_01401
49,5,GF_01404
49,5,GF_01409
49,5,GF_01425
49,5,GF_01426
49,5,GF_01428
49,5,GF_01439
49,5,GF_01445
49,5,GF_01446
49,5,GF_01447
49,5,GF_01448
49,5,GF_01449
49,5,GF_01456
49,5,GF_01458
49,5,GF_01460
49,5,GF_01461
49,5,GF_01462
49,5,GF_01466
49,5,GF_01476
49,5,GF_01477
49,5,GF_01479
49,5,GF_01480
49,5,GF_01481
49,5,GF_01487
49,5,GF_01502
49,5,GF_01504
49,5,GF_01512
49,5,GF_01527
49,5,GF_01534
49,5,GF_01536
49,5,GF_01538
49,5,GF_01539
49,5,GF_01540
49,5,GF_01541
49,5,GF_01542
49,5,GF_01544
49,5,GF_01547
49,5,GF_01549
49,5,GF_01552
49,5,GF_01553
49,5,GF_01579
49,5,GF_01580
49,5,GF_01583
49,5,GF_01584
49,5,GF_01591
49,5,GF_01592
49,5,GF_01616
49,5,GF_01617
49,5,GF_01618
49,5,GF_01619
49,5,GF_01620
49,5,GF_01621
49,5,GF_01623
49,5,GF_01626
49,5,GF_01627
49,5,GF_01628
49,5,GF_01629
49,5,GF_01634
49,5,GF_01636
49,5,GF_01637
49,5,GF_01638
49,5,GF_01639
49,5,GF_01641
49,5,GF_01648
49,5,GF_01659
49,5,GF_01661
49,5,GF_01672
49,5,GF_01673
49,5,GF_01674
49,5,GF_01675
49,5,GF_01676
49,5,GF_01677
49,5,GF_01678
49,5,GF_01679
49,5,GF_01680
49,5,GF_01681
49,5,GF_01683
49,5,GF_01684
49,5,GF_01685
49,5,GF_01688
49,5,GF_01689
49,5,GF_01690
49,5,GF_01691
49,5,GF_01692
49,5,GF_01693
49,5,GF_01732
49,5,GF_01733
49,5,GF_01734
49,5,GF_01735
49,5,GF_01736
49,5,GF_01737
49,5,GF_01740
49,5,GF_01741
49,5,GF_01742
49,5,GF_01745
49,5,GF_01763
49,5,GF_01770
49,5,GF_01783
49,5,GF_01799
49,5,GF_01801
49,5,GF_01802
49,5,GF_01803
49,5,GF_01805
49,5,GF_01806
49,5,GF_01807
49,5,GF_01808
49,5,GF_01809
49,5,GF_01810
49,5,GF_01811
49,5,GF_01812
49,5,GF_01813
49,5,GF_01814
49,5,GF_01815
49,5,GF_01816
49,5,GF_01818
49,5,GF_01819
49,5,GF_01822
49,5,GF_01823
49,5,GF_01834
49,5,GF_01836
49,5,GF_01837
49,5,GF_01840
49,5,GF_01841
49,5,GF_01842
49,5,GF_01844
49,5,GF_01856
49,5,GF_01860
49,5,GF_01866
49,5,GF_01870
49,5,GF_01872
49,5,GF_01874
49,5,GF_01885
49,5,GF_01897
49,5,GF_01898
49,5,GF_01899
49,5,GF_01900
49,5,GF_01901
49,5,GF_01902
49,5,GF_01904
49,5,GF_01919
49,5,GF_01921
49,5,GF_01923
49,5,GF_01925
49,5,GF_01926
49,5,GF_01927
49,5,GF_01928
49,5,GF_01929
49,5,GF_01930
49,5,GF_01945
49,5,GF_02041
49,5,GF_02059
49,5,GF_02060
49,5,GF_02069
49,5,GF_02070
49,5,GF_02071
49,5,GF_02072
49,5,GF_02074
49,5,GF_02075
49,5,GF_02076
49,5,GF_02084
49,5,GF_02085
49,5,GF_02088
49,5,GF_02089
49,5,GF_02091
49,5,GF_02092
49,5,GF_02093
49,5,GF_02094
49,5,GF_02101
49,5,GF_02109
49,5,GF_02110
49,5,GF_02113
49,5,GF_02122
49,5,GF_02130
49,5,GF_02131
49,5,GF_02132
49,5,GF_02136
49,5,GF_02137
49,5,GF_02138
49,5,GF_02139
49,5,GF_02140
49,5,GF_02141
49,5,GF_02142
49,5,GF_02143
49,5,GF_02145
49,5,GF_02152
49,5,GF_02157
49,5,GF_02159
49,5,GF_02172
49,5,GF_02178
49,5,GF_02180
49,5,GF_02184
49,5,GF_02194
49,5,GF_02215
49,5,GF_02216
49,5,GF_02217
49,5,GF_02218
49,5,GF_02219
49,5,GF_02220
49,5,GF_02222
49,5,GF_02223
49,5,GF_02224
49,5,GF_02225
49,5,GF_02226
49,5,GF_02227
49,5,GF_02228
49,5,GF_02229
49,5,GF_02230
49,5,GF_02260
49,5,GF_02261
49,5,GF_02262
49,5,GF_02263
49,5,GF_02264
49,5,GF_02266
50,1,GF_00002
50,1,GF_00008
50,1,GF_00011
50,1,GF_00012
50,1,GF_00013
50,1,GF_00014
50,1,GF_00015
50,1,GF_00017
50,1,GF_00018
50,1,GF_00036
50,1,GF_00043
50,1,GF_00044
50,1,GF_00046
50,1,GF_00047
50,1,GF_00048
50,1,GF_00049
50,1,GF_00050
50,1,GF_00051
50,1,GF_00052
50,1,GF_00071
50,1,GF_00072
50,1,GF_00073
50,1,GF_00074
50,1,GF_00075
50,1,GF_00077
50,1,GF_00078
50,1,GF_00079
50,1,GF_00080
50,1,GF_00081
50,1,GF_00082
50,1,GF_00083
50,1,GF_00084
50,1,GF_00085
50,1,GF_00087
50,1,GF_00088
50,1,GF_00093
50,1,GF_00094
50,1,GF_00104
50,1,GF_00105
50,1,GF_00106
50,1,GF_00107
50,1,GF_00108
50,1,GF_00109
50,1,GF_00111
50,1,GF_00112
50,1,GF_00113
50,1,GF_00114
50,1,GF_00115
50,1,GF_00116
50,1,GF_00117
50,1,GF_00120
50,1,GF_00121
50,1,GF_00122
50,1,GF_00123
50,1,GF_00124
50,1,GF_00125
50,1,GF_00136
50,1,GF_00137
50,1,GF_00138
50,1,GF_00139
50,1,GF_00141
50,1,GF_00143
50,1,GF_00155
50,1,GF_00164
50,1,GF_00170
50,1,GF_00175
50,1,GF_00178
50,1,GF_00179
50,1,GF_00180
50,1,GF_00185
50,1,GF_00208
50,1,GF_00220
50,1,GF_00228
50,1,GF_00229
50,1,GF_00235
50,1,GF_00244
50,1,GF_00250
50,1,GF_00251
50,1,GF_00262
50,1,GF_00275
50,1,GF_00281
50,1,GF_00290
50,1,GF_00296
50,1,GF_00300
50,1,GF_00302
50,1,GF_00303
50,1,GF_00305
50,1,GF_00309
50,1,GF_00310
50,1,GF_00311
50,1,GF_00312
50,1,GF_00313
50,1,GF_00314
50,1,GF_00315
50,1,GF_00316
50,1,GF_00317
50,1,GF_00318
50,1,GF_00319
50,1,GF_00320
50,1,GF_00321
50,1,GF_00323
50,1,GF_00324
50,1,GF_00325
50,1,GF_00326
50,1,GF_00327
50,1,GF_00329
50,1,GF_00330
50,1,GF_00331
50,1,GF_00332
50,1,GF_00333
50,1,GF_00335
50,1,GF_00336
50,1,GF_00339
50,1,GF_00340
50,1,GF_00341
50,1,GF_00342
50,1,GF_00343
50,1,GF_00344
50,1,GF_00346
50,1,GF_00347
50,1,GF_00348
50,1,GF_00349
50,1,GF_00350
50,1,GF_00351
50,1,GF_00352
50,1,GF_00353
50,1,GF_00355
50,1,GF_00358
50,1,GF_00359
50,1,GF_00360
50,1,GF_00362
50,1,GF_00363
50,1,GF_00364
50,1,GF_00365
50,1,GF_00369
50,1,GF_00381
50,1,GF_00384
50,1,GF_00385
50,1,GF_00386
50,1,GF_00387
50,1,GF_00388
50,1,GF_00389
50,1,GF_00390
50,1,GF_00391
50,1,GF_00392
50,1,GF_00393
50,1,GF_00394
50,1,GF_00395
50,1,GF_00396
50,1,GF_00400
50,1,GF_00401
50,1,GF_00402
50,1,GF_00403
50,1,GF_00404
50,1,GF_00405
50,1,GF_00406
50,1,GF_00407
50,1,GF_00408
50,1,GF_00409
50,1,GF_00410
50,1,GF_00411
50,1,GF_00413
50,1,GF_00414
50,1,GF_00415
50,1,GF_00417
50,1,GF_00418
50,1,GF_00419
50,1,GF_00421
50,1,GF_00422
50,1,GF_00424
50,1,GF_00426
50,1,GF_00427
50,1,GF_00428
50,1,GF_00429
50,1,GF_00430
50,1,GF_00431
50,1,GF_00432
50,1,GF_00433
50,1,GF_00434
50,1,GF_00435
50,1,GF_00436
50,1,GF_00437
50,1,GF_00438
50,1,GF_00440
50,1,GF_00441
50,1,GF_00455
50,1,GF_00457
50,1,GF_00471
50,1,GF_00474
50,1,GF_00477
50,1,GF_00480
50,1,GF_00482
50,1,GF_00484
50,1,GF_00488
50,1,GF_00489
50,1,GF_00503
50,1,GF_00522
50,1,GF_00523
50,1,GF_00524
50,1,GF_00525
50,1,GF_00527
50,1,GF_00528
50,1,GF_00529
50,1,GF_00530
50,1,GF_00531
50,1,GF_00536
50,1,GF_00538
50,1,GF_00546
50,1,GF_00547
50,1,GF_00548
50,1,GF_00549
50,1,GF_00564
50,1,GF_00565
50,1,GF_00566
50,1,GF_00569
50,1,GF_00570
50,1,GF_00580
50,1,GF_00588
50,1,GF_00594
50,1,GF_00595
50,1,GF_00599
50,1,GF_00600
50,1,GF_00601
50,1,GF_00603
50,1,GF_00604
50,1,GF_00605
50,1,GF_00606
50,1,GF_00607
50,1,GF_00608
50,1,GF_00609
50,1,GF_00611
50,1,GF_00612
50,1,GF_00613
50,1,GF_00614
50,1,GF_00615
50,1,GF_00616
50,1,GF_00617
50,1,GF_00618
50,1,GF_00619
50,1,GF_00620
50,1,GF_00621
50,1,GF_00622
50,1,GF_00623
50,1,GF_00624
50,1,GF_00632
50,1,GF_00633
50,1,GF_00634
50,1,GF_00635
50,1,GF_00636
50,1,GF_00637
50,1,GF_00638
50,1,GF_00640
50,1,GF_00641
50,1,GF_00642
50,1,GF_00643
50,1,GF_00655
50,1,GF_00658
50,1,GF_00659
50,1,GF_00661
50,1,GF_00669
50,1,GF_00681
50,1,GF_00682
50,1,GF_00684
50,1,GF_00686
50,1,GF_00687
50,1,GF_00688
50,1,GF_00695
50,1,GF_00699
50,1,GF_00702
50,1,GF_00709
50,1,GF_00722
50,1,GF_00723
50,1,GF_00724
50,1,GF_00725
50,1,GF_00726
50,1,GF_00727
50,1,GF_00728
50,1,GF_00729
50,1,GF_00732
50,1,GF_00736
50,1,GF_00740
50,1,GF_00741
50,1,GF_00744
50,1,GF_00751
50,1,GF_00755
50,1,GF_00756
50,1,GF_00761
50,1,GF_00771
50,1,GF_00773
50,1,GF_00776
50,1,GF_00777
50,1,GF_00785
50,1,GF_00793
50,1,GF_00796
50,1,GF_00810
50,1,GF_00811
50,1,GF_00813
50,1,GF_00814
50,1,GF_00816
50,1,GF_00819
50,1,GF_00826
50,1,GF_00828
50,1,GF_00843
50,1,GF_00845
50,1,GF_00856
50,1,GF_00857
50,1,GF_00860
50,1,GF_00864
50,1,GF_00866
50,1,GF_00868
50,1,GF_00869
50,1,GF_00870
50,1,GF_00871
50,1,GF_00872
50,1,GF_00873
50,1,GF_00874
50,1,GF_00887
50,1,GF_00888
50,1,GF_00895
50,1,GF_00916
50,1,GF_00918
50,1,GF_00927
50,1,GF_00931
50,1,GF_00933
50,1,GF_00946
50,1,GF_00947
50,1,GF_00949
50,1,GF_00957
50,1,GF_00958
50,1,GF_00959
50,1,GF_00960
50,1,GF_00963
50,1,GF_00966
50,1,GF_00968
50,1,GF_00969
50,1,GF_00970
50,1,GF_00971
50,1,GF_00972
50,1,GF_00982
50,1,GF_00987
50,1,GF_00992
50,1,GF_01004
50,1,GF_01005
50,1,GF_01012
50,1,GF_01013
50,1,GF_01016
50,1,GF_01026
50,1,GF_01027
50,1,GF_01028
50,1,GF_01054
50,1,GF_01147
50,1,GF_01230
50,1,GF_01231
50,1,GF_01232
50,1,GF_01233
50,1,GF_01234
50,1,GF_01235
50,1,GF_01236
50,1,GF_01237
50,1,GF_01238
50,1,GF_01239
50,1,GF_01240
50,1,GF_01241
50,1,GF_01242
50,1,GF_01243
50,1,GF_01244
50,1,GF_01245
50,1,GF_01246
50,1,GF_01247
50,1,GF_01248
50,1,GF_01253
50,1,GF_01266
50,1,GF_01282
50,1,GF_01287
50,1,GF_01290
50,1,GF_01291
50,1,GF_01292
50,1,GF_01293
50,1,GF_01297
50,1,GF_01306
50,1,GF_01308
50,1,GF_01314
50,1,GF_01324
50,1,GF_01327
50,1,GF_01328
50,1,GF_01329
50,1,GF_01330
50,1,GF_01331
50,1,GF_01332
50,1,GF_01333
50,1,GF_01334
50,1,GF_01336
50,1,GF_01337
50,1,GF_01338
50,1,GF_01359
50,1,GF_01365
50,1,GF_01372
50,1,GF_01373
50,1,GF_01374
50,1,GF_01375
50,1,GF_01376
50,1,GF_01377
50,1,GF_01378
50,1,GF_01379
50,1,GF_01380
50,1,GF_01381
50,1,GF_01382
50,1,GF_01383
50,1,GF_01384
50,1,GF_01385
50,1,GF_01386
50,1,GF_01387
50,1,GF_01390
50,1,GF_01391
50,1,GF_01393
50,1,GF_01394
50,1,GF_01395
50,1,GF_01396
50,1,GF_01397
50,1,GF_01399
50,1,GF_01400
50,1,GF_01401
50,1,GF_01404
50,1,GF_01409
50,1,GF_01425
50,1,GF_01426
50,1,GF_01428
50,1,GF_01439
50,1,GF_01445
50,1,GF_01446
50,1,GF_01447
50,1,GF_01448
50,1,GF_01449
50,1,GF_01456
50,1,GF_01458
50,1,GF_01460
50,1,GF_01461
50,1,GF_01462
50,1,GF_01464
50,1,GF_01466
50,1,GF_01476
50,1,GF_01477
50,1,GF_01479
50,1,GF_01487
50,1,GF_01497
50,1,GF_01502
50,1,GF_01504
50,1,GF_01512
50,1,GF_01514
50,1,GF_01527
50,1,GF_01534
50,1,GF_01535
50,1,GF_01536
50,1,GF_01537
50,1,GF_01538
50,1,GF_01539
50,1,GF_01540
50,1,GF_01541
50,1,GF_01542
50,1,GF_01543
50,1,GF_01544
50,1,GF_01546
50,1,GF_01547
50,1,GF_01548
50,1,GF_01549
50,1,GF_01550
50,1,GF_01552
50,1,GF_01553
50,1,GF_01579
50,1,GF_01580
50,1,GF_01583
50,1,GF_01584
50,1,GF_01591
50,1,GF_01592
50,1,GF_01616
50,1,GF_01617
50,1,GF_01618
50,1,GF_01619
50,1,GF_01620
50,1,GF_01621
50,1,GF_01623
50,1,GF_01626
50,1,GF_01627
50,1,GF_01628
50,1,GF_01629
50,1,GF_01630
50,1,GF_01633
50,1,GF_01634
50,1,GF_01635
50,1,GF_01636
50,1,GF_01637
50,1,GF_01638
50,1,GF_01641
50,1,GF_01643
50,1,GF_01645
50,1,GF_01648
50,1,GF_01659
50,1,GF_01661
50,1,GF_01673
50,1,GF_01674
50,1,GF_01675
50,1,GF_01676
50,1,GF_01677
50,1,GF_01678
50,1,GF_01679
50,1,GF_01680
50,1,GF_01681
50,1,GF_01682
50,1,GF_01683
50,1,GF_01684
50,1,GF_01685
50,1,GF_01688
50,1,GF_01689
50,1,GF_01690
50,1,GF_01691
50,1,GF_01692
50,1,GF_01693
50,1,GF_01732
50,1,GF_01733
50,1,GF_01734
50,1,GF_01735
50,1,GF_01736
50,1,GF_01737
50,1,GF_01741
50,1,GF_01742
50,1,GF_01745
50,1,GF_01763
50,1,GF_01764
50,1,GF_01770
50,1,GF_01783
50,1,GF_01797
50,1,GF_01799
50,1,GF_01802
50,1,GF_01803
50,1,GF_01805
50,1,GF_01806
50,1,GF_01807
50,1,GF_01808
50,1,GF_01809
50,1,GF_01810
50,1,GF_01811
50,1,GF_01812
50,1,GF_01813
50,1,GF_01814
50,1,GF_01815
50,1,GF_01816
50,1,GF_01818
50,1,GF_01819
50,1,GF_01822
50,1,GF_01834
50,1,GF_01836
50,1,GF_01837
50,1,GF_01840
50,1,GF_01841
50,1,GF_01842
50,1,GF_01844
50,1,GF_01856
50,1,GF_01860
50,1,GF_01866
50,1,GF_01868
50,1,GF_01870
50,1,GF_01872
50,1,GF_01874
50,1,GF_01879
50,1,GF_01885
50,1,GF_01897
50,1,GF_01898
50,1,GF_01899
50,1,GF_01900
50,1,GF_01901
50,1,GF_01902
50,1,GF_01904
50,1,GF_01919
50,1,GF_01921
50,1,GF_01923
50,1,GF_01925
50,1,GF_01926
50,1,GF_01927
50,1,GF_01928
50,1,GF_01929
50,1,GF_01930
50,1,GF_01945
50,1,GF_02041
50,1,GF_02059
50,1,GF_02060
50,1,GF_02069
50,1,GF_02070
50,1,GF_02071
50,1,GF_02072
50,1,GF_02073
50,1,GF_02074
50,1,GF_02075
50,1,GF_02076
50,1,GF_02081
50,1,GF_02084
50,1,GF_02085
50,1,GF_02087
50,1,GF_02088
50,1,GF_02089
50,1,GF_02091
50,1,GF_02092
50,1,GF_02093
50,1,GF_02094
50,1,GF_02101
50,1,GF_02109
50,1,GF_02110
50,1,GF_02122
50,1,GF_02130
50,1,GF_02131
50,1,GF_02132
50,1,GF_02136
50,1,GF_02137
50,1,GF_02138
50,1,GF_02139
50,1,GF_02140
50,1,GF_02141
50,1,GF_02142
50,1,GF_02143
50,1,GF_02145
50,1,GF_02147
50,1,GF_02152
50,1,GF_02157
50,1,GF_02158
50,1,GF_02159
50,1,GF_02168
50,1,GF_02172
50,1,GF_02178
50,1,GF_02180
50,1,GF_02184
50,1,GF_02192
50,1,GF_02215
50,1,GF_02216
50,1,GF_02217
50,1,GF_02218
50,1,GF_02219
50,1,GF_02220
50,1,GF_02222
50,1,GF_02223
50,1,GF_02224
50,1,GF_02225
50,1,GF_02226
50,1,GF_02227
50,1,GF_02228
50,1,GF_02229
50,1,GF_02230
50,1,GF_02241
50,1,GF_02260
50,1,GF_02261
50,1,GF_02262
50,1,GF_02263
50,1,GF_02264
50,1,GF_02266
50,2,GF_00002
50,2,GF_00008
50,2,GF_00011
50,2,GF_00012
50,2,GF_00013
50,2,GF_00014
50,2,GF_00015
50,2,GF_00017
50,2,GF_00018
50,2,GF_00036
50,2,GF_00043
50,2,GF_00044
50,2,GF_00046
50,2,GF_00047
50,2,GF_00048
50,2,GF_00049
50,2,GF_00051
50,2,GF_00052
50,2,GF_00071
50,2,GF_00072
50,2,GF_00073
50,2,GF_00074
50,2,GF_00075
50,2,GF_00076
50,2,GF_00077
50,2,GF_00078
50,2,GF_00079
50,2,GF_00080
50,2,GF_00081
50,2,GF_00082
50,2,GF_00083
50,2,GF_00084
50,2,GF_00085
50,2,GF_00087
50,2,GF_00088
50,2,GF_00093
50,2,GF_00094
50,2,GF_00104
50,2,GF_00105
50,2,GF_00106
50,2,GF_00107
50,2,GF_00108
50,2,GF_00109
50,2,GF_00111
50,2,GF_00112
50,2,GF_00113
50,2,GF_00114
50,2,GF_00115
50,2,GF_00116
50,2,GF_00119
50,2,GF_00120
50,2,GF_00121
50,2,GF_00122
50,2,GF_00123
50,2,GF_00124
50,2,GF_00125
50,2,GF_00136
50,2,GF_00137
50,2,GF_00138
50,2,GF_00139
50,2,GF_00141
50,2,GF_00142
50,2,GF_00143
50,2,GF_00155
50,2,GF_00164
50,2,GF_00170
50,2,GF_00175
50,2,GF_00178
50,2,GF_00179
50,2,GF_00180
50,2,GF_00181
50,2,GF_00185
50,2,GF_00220
50,2,GF_00228
50,2,GF_00229
50,2,GF_00235
50,2,GF_00244
50,2,GF_00251
50,2,GF_00262
50,2,GF_00281
50,2,GF_00290
50,2,GF_00296
50,2,GF_00300
50,2,GF_00302
50,2,GF_00303
50,2,GF_00305
50,2,GF_00309
50,2,GF_00310
50,2,GF_00311
50,2,GF_00312
50,2,GF_00313
50,2,GF_00314
50,2,GF_00315
50,2,GF_00316
50,2,GF_00317
50,2,GF_00318
50,2,GF_00319
50,2,GF_00320
50,2,GF_00321
50,2,GF_00323
50,2,GF_00324
50,2,GF_00325
50,2,GF_00326
50,2,GF_00327
50,2,GF_00330
50,2,GF_00331
50,2,GF_00333
50,2,GF_00335
50,2,GF_00336
50,2,GF_00338
50,2,GF_00340
50,2,GF_00341
50,2,GF_00342
50,2,GF_00343
50,2,GF_00344
50,2,GF_00346
50,2,GF_00347
50,2,GF_00349
50,2,GF_00350
50,2,GF_00351
50,2,GF_00352
50,2,GF_00353
50,2,GF_00358
50,2,GF_00360
50,2,GF_00362
50,2,GF_00363
50,2,GF_00364
50,2,GF_00365
50,2,GF_00369
50,2,GF_00381
50,2,GF_00384
50,2,GF_00385
50,2,GF_00386
50,2,GF_00387
50,2,GF_00388
50,2,GF_00389
50,2,GF_00390
50,2,GF_00391
50,2,GF_00393
50,2,GF_00394
50,2,GF_00395
50,2,GF_00396
50,2,GF_00400
50,2,GF_00401
50,2,GF_00402
50,2,GF_00403
50,2,GF_00404
50,2,GF_00405
50,2,GF_00406
50,2,GF_00407
50,2,GF_00409
50,2,GF_00410
50,2,GF_00413
50,2,GF_00414
50,2,GF_00415
50,2,GF_00417
50,2,GF_00418
50,2,GF_00422
50,2,GF_00424
50,2,GF_00426
50,2,GF_00427
50,2,GF_00428
50,2,GF_00429
50,2,GF_00430
50,2,GF_00431
50,2,GF_00432
50,2,GF_00433
50,2,GF_00434
50,2,GF_00435
50,2,GF_00436
50,2,GF_00438
50,2,GF_00440
50,2,GF_00441
50,2,GF_00455
50,2,GF_00456
50,2,GF_00457
50,2,GF_00458
50,2,GF_00460
50,2,GF_00471
50,2,GF_00477
50,2,GF_00480
50,2,GF_00482
50,2,GF_00488
50,2,GF_00489
50,2,GF_00503
50,2,GF_00522
50,2,GF_00523
50,2,GF_00524
50,2,GF_00525
50,2,GF_00527
50,2,GF_00528
50,2,GF_00529
50,2,GF_00530
50,2,GF_00531
50,2,GF_00536
50,2,GF_00538
50,2,GF_00546
50,2,GF_00547
50,2,GF_00548
50,2,GF_00549
50,2,GF_00564
50,2,GF_00565
50,2,GF_00566
50,2,GF_00569
50,2,GF_00570
50,2,GF_00572
50,2,GF_00574
50,2,GF_00578
50,2,GF_00580
50,2,GF_00588
50,2,GF_00594
50,2,GF_00595
50,2,GF_00599
50,2,GF_00600
50,2,GF_00601
50,2,GF_00603
50,2,GF_00604
50,2,GF_00605
50,2,GF_00606
50,2,GF_00607
50,2,GF_00608
50,2,GF_00609
50,2,GF_00611
50,2,GF_00612
50,2,GF_00613
50,2,GF_00614
50,2,GF_00615
50,2,GF_00616
50,2,GF_00617
50,2,GF_00618
50,2,GF_00619
50,2,GF_00620
50,2,GF_00621
50,2,GF_00622
50,2,GF_00623
50,2,GF_00624
50,2,GF_00632
50,2,GF_00633
50,2,GF_00635
50,2,GF_00636
50,2,GF_00637
50,2,GF_00638
50,2,GF_00640
50,2,GF_00641
50,2,GF_00642
50,2,GF_00643
50,2,GF_00655
50,2,GF_00658
50,2,GF_00661
50,2,GF_00669
50,2,GF_00676
50,2,GF_00680
50,2,GF_00681
50,2,GF_00683
50,2,GF_00684
50,2,GF_00687
50,2,GF_00688
50,2,GF_00695
50,2,GF_00699
50,2,GF_00702
50,2,GF_00709
50,2,GF_00722
50,2,GF_00723
50,2,GF_00724
50,2,GF_00725
50,2,GF_00726
50,2,GF_00727
50,2,GF_00728
50,2,GF_00729
50,2,GF_00732
50,2,GF_00736
50,2,GF_00740
50,2,GF_00741
50,2,GF_00744
50,2,GF_00751
50,2,GF_00755
50,2,GF_00756
50,2,GF_00761
50,2,GF_00771
50,2,GF_00773
50,2,GF_00776
50,2,GF_00777
50,2,GF_00785
50,2,GF_00796
50,2,GF_00810
50,2,GF_00811
50,2,GF_00813
50,2,GF_00814
50,2,GF_00816
50,2,GF_00819
50,2,GF_00828
50,2,GF_00843
50,2,GF_00845
50,2,GF_00856
50,2,GF_00857
50,2,GF_00860
50,2,GF_00864
50,2,GF_00866
50,2,GF_00868
50,2,GF_00869
50,2,GF_00870
50,2,GF_00872
50,2,GF_00873
50,2,GF_00874
50,2,GF_00888
50,2,GF_00895
50,2,GF_00916
50,2,GF_00927
50,2,GF_00931
50,2,GF_00932
50,2,GF_00933
50,2,GF_00946
50,2,GF_00947
50,2,GF_00949
50,2,GF_00957
50,2,GF_00958
50,2,GF_00959
50,2,GF_00960
50,2,GF_00966
50,2,GF_00968
50,2,GF_00969
50,2,GF_00970
50,2,GF_00971
50,2,GF_00972
50,2,GF_00982
50,2,GF_01004
50,2,GF_01005
50,2,GF_01012
50,2,GF_01026
50,2,GF_01027
50,2,GF_01028
50,2,GF_01054
50,2,GF_01230
50,2,GF_01231
50,2,GF_01232
50,2,GF_01233
50,2,GF_01234
50,2,GF_01235
50,2,GF_01236
50,2,GF_01237
50,2,GF_01239
50,2,GF_01240
50,2,GF_01241
50,2,GF_01242
50,2,GF_01244
50,2,GF_01245
50,2,GF_01246
50,2,GF_01247
50,2,GF_01248
50,2,GF_01266
50,2,GF_01287
50,2,GF_01290
50,2,GF_01292
50,2,GF_01293
50,2,GF_01297
50,2,GF_01306
50,2,GF_01314
50,2,GF_01315
50,2,GF_01327
50,2,GF_01328
50,2,GF_01329
50,2,GF_01330
50,2,GF_01331
50,2,GF_01332
50,2,GF_01333
50,2,GF_01334
50,2,GF_01336
50,2,GF_01337
50,2,GF_01338
50,2,GF_01359
50,2,GF_01372
50,2,GF_01374
50,2,GF_01375
50,2,GF_01376
50,2,GF_01377
50,2,GF_01379
50,2,GF_01381
50,2,GF_01382
50,2,GF_01383
50,2,GF_01385
50,2,GF_01387
50,2,GF_01390
50,2,GF_01391
50,2,GF_01393
50,2,GF_01394
50,2,GF_01395
50,2,GF_01396
50,2,GF_01397
50,2,GF_01399
50,2,GF_01400
50,2,GF_01401
50,2,GF_01404
50,2,GF_01409
50,2,GF_01425
50,2,GF_01426
50,2,GF_01428
50,2,GF_01439
50,2,GF_01445
50,2,GF_01446
50,2,GF_01447
50,2,GF_01448
50,2,GF_01449
50,2,GF_01456
50,2,GF_01458
50,2,GF_01460
50,2,GF_01461
50,2,GF_01466
50,2,GF_01477
50,2,GF_01479
50,2,GF_01480
50,2,GF_01481
50,2,GF_01487
50,2,GF_01502
50,2,GF_01504
50,2,GF_01512
50,2,GF_01514
50,2,GF_01527
50,2,GF_01534
50,2,GF_01536
50,2,GF_01538
50,2,GF_01539
50,2,GF_01540
50,2,GF_01541
50,2,GF_01542
50,2,GF_01543
50,2,GF_01544
50,2,GF_01547
50,2,GF_01549
50,2,GF_01552
50,2,GF_01553
50,2,GF_01579
50,2,GF_01580
50,2,GF_01583
50,2,GF_01584
50,2,GF_01591
50,2,GF_01592
50,2,GF_01616
50,2,GF_01617
50,2,GF_01618
50,2,GF_01619
50,2,GF_01620
50,2,GF_01621
50,2,GF_01623
50,2,GF_01625
50,2,GF_01626
50,2,GF_01627
50,2,GF_01628
50,2,GF_01629
50,2,GF_01634
50,2,GF_01636
50,2,GF_01637
50,2,GF_01638
50,2,GF_01641
50,2,GF_01648
50,2,GF_01659
50,2,GF_01661
50,2,GF_01673
50,2,GF_01674
50,2,GF_01675
50,2,GF_01676
50,2,GF_01677
50,2,GF_01678
50,2,GF_01679
50,2,GF_01680
50,2,GF_01681
50,2,GF_01683
50,2,GF_01684
50,2,GF_01685
50,2,GF_01688
50,2,GF_01689
50,2,GF_01690
50,2,GF_01691
50,2,GF_01692
50,2,GF_01693
50,2,GF_01732
50,2,GF_01733
50,2,GF_01734
50,2,GF_01735
50,2,GF_01736
50,2,GF_01740
50,2,GF_01741
50,2,GF_01742
50,2,GF_01763
50,2,GF_01783
50,2,GF_01798
50,2,GF_01799
50,2,GF_01801
50,2,GF_01802
50,2,GF_01803
50,2,GF_01805
50,2,GF_01806
50,2,GF_01807
50,2,GF_01808
50,2,GF_01809
50,2,GF_01810
50,2,GF_01811
50,2,GF_01812
50,2,GF_01813
50,2,GF_01814
50,2,GF_01815
50,2,GF_01816
50,2,GF_01818
50,2,GF_01819
50,2,GF_01822
50,2,GF_01823
50,2,GF_01834
50,2,GF_01836
50,2,GF_01837
50,2,GF_01840
50,2,GF_01841
50,2,GF_01844
50,2,GF_01856
50,2,GF_01860
50,2,GF_01866
50,2,GF_01870
50,2,GF_01872
50,2,GF_01885
50,2,GF_01897
50,2,GF_01898
50,2,GF_01899
50,2,GF_01900
50,2,GF_01901
50,2,GF_01902
50,2,GF_01904
50,2,GF_01919
50,2,GF_01921
50,2,GF_01925
50,2,GF_01926
50,2,GF_01927
50,2,GF_01928
50,2,GF_01929
50,2,GF_01930
50,2,GF_01945
50,2,GF_02041
50,2,GF_02059
50,2,GF_02060
50,2,GF_02069
50,2,GF_02070
50,2,GF_02071
50,2,GF_02072
50,2,GF_02074
50,2,GF_02075
50,2,GF_02076
50,2,GF_02084
50,2,GF_02085
50,2,GF_02089
50,2,GF_02091
50,2,GF_02092
50,2,GF_02093
50,2,GF_02094
50,2,GF_02101
50,2,GF_02109
50,2,GF_02110
50,2,GF_02113
50,2,GF_02122
50,2,GF_02130
50,2,GF_02131
50,2,GF_02132
50,2,GF_02136
50,2,GF_02137
50,2,GF_02138
50,2,GF_02139
50,2,GF_02140
50,2,GF_02142
50,2,GF_02143
50,2,GF_02145
50,2,GF_02152
50,2,GF_02157
50,2,GF_02158
50,2,GF_02159
50,2,GF_02172
50,2,GF_02178
50,2,GF_02180
50,2,GF_02184
50,2,GF_02215
50,2,GF_02216
50,2,GF_02217
50,2,GF_02218
50,2,GF_02219
50,2,GF_02220
50,2,GF_02222
50,2,GF_02223
50,2,GF_02224
50,2,GF_02225
50,2,GF_02226
50,2,GF_02227
50,2,GF_02228
50,2,GF_02229
50,2,GF_02230
50,2,GF_02260
50,2,GF_02261
50,2,GF_02262
50,2,GF_02263
50,2,GF_02264
50,2,GF_02266
50,3,GF_00002
50,3,GF_00012
50,3,GF_00013
50,3,GF_00014
50,3,GF_00015
50,3,GF_00017
50,3,GF_00018
50,3,GF_00036
50,3,GF_00043
50,3,GF_00044
50,3,GF_00046
50,3,GF_00047
50,3,GF_00048
50,3,GF_00049
50,3,GF_00051
50,3,GF_00052
50,3,GF_00072
50,3,GF_00073
50,3,GF_00074
50,3,GF_00075
50,3,GF_00077
50,3,GF_00078
50,3,GF_00079
50,3,GF_00080
50,3,GF_00081
50,3,GF_00082
50,3,GF_00083
50,3,GF_00084
50,3,GF_00085
50,3,GF_00087
50,3,GF_00088
50,3,GF_00093
50,3,GF_00094
50,3,GF_00104
50,3,GF_00105
50,3,GF_00106
50,3,GF_00107
50,3,GF_00108
50,3,GF_00111
50,3,GF_00112
50,3,GF_00114
50,3,GF_00115
50,3,GF_00116
50,3,GF_00117
50,3,GF_00120
50,3,GF_00121
50,3,GF_00122
50,3,GF_00123
50,3,GF_00124
50,3,GF_00125
50,3,GF_00136
50,3,GF_00137
50,3,GF_00138
50,3,GF_00139
50,3,GF_00141
50,3,GF_00143
50,3,GF_00155
50,3,GF_00164
50,3,GF_00175
50,3,GF_00178
50,3,GF_00179
50,3,GF_00180
50,3,GF_00185
50,3,GF_00220
50,3,GF_00228
50,3,GF_00229
50,3,GF_00244
50,3,GF_00250
50,3,GF_00251
50,3,GF_00262
50,3,GF_00281
50,3,GF_00290
50,3,GF_00296
50,3,GF_00300
50,3,GF_00302
50,3,GF_00303
50,3,GF_00305
50,3,GF_00309
50,3,GF_00311
50,3,GF_00312
50,3,GF_00313
50,3,GF_00314
50,3,GF_00315
50,3,GF_00316
50,3,GF_00317
50,3,GF_00318
50,3,GF_00319
50,3,GF_00320
50,3,GF_00321
50,3,GF_00323
50,3,GF_00324
50,3,GF_00325
50,3,GF_00326
50,3,GF_00327
50,3,GF_00329
50,3,GF_00330
50,3,GF_00331
50,3,GF_00332
50,3,GF_00333
50,3,GF_00335
50,3,GF_00336
50,3,GF_00338
50,3,GF_00340
50,3,GF_00341
50,3,GF_00342
50,3,GF_00343
50,3,GF_00344
50,3,GF_00346
50,3,GF_00347
50,3,GF_00348
50,3,GF_00349
50,3,GF_00350
50,3,GF_00352
50,3,GF_00353
50,3,GF_00358
50,3,GF_00360
50,3,GF_00362
50,3,GF_00363
50,3,GF_00364
50,3,GF_00365
50,3,GF_00369
50,3,GF_00381
50,3,GF_00384
50,3,GF_00385
50,3,GF_00386
50,3,GF_00387
50,3,GF_00388
50,3,GF_00389
50,3,GF_00390
50,3,GF_00391
50,3,GF_00393
50,3,GF_00394
50,3,GF_00395
50,3,GF_00396
50,3,GF_00400
50,3,GF_00401
50,3,GF_00402
50,3,GF_00404
50,3,GF_00405
50,3,GF_00406
50,3,GF_00407
50,3,GF_00408
50,3,GF_00409
50,3,GF_00410
50,3,GF_00413
50,3,GF_00414
50,3,GF_00415
50,3,GF_00417
50,3,GF_00418
50,3,GF_00421
50,3,GF_00422
50,3,GF_00424
50,3,GF_00426
50,3,GF_00427
50,3,GF_00428
50,3,GF_00429
50,3,GF_00430
50,3,GF_00431
50,3,GF_00432
50,3,GF_00433
50,3,GF_00434
50,3,GF_00435
50,3,GF_00436
50,3,GF_00437
50,3,GF_00438
50,3,GF_00440
50,3,GF_00441
50,3,GF_00455
50,3,GF_00457
50,3,GF_00458
50,3,GF_00471
50,3,GF_00472
50,3,GF_00477
50,3,GF_00480
50,3,GF_00482
50,3,GF_00488
50,3,GF_00489
50,3,GF_00503
50,3,GF_00522
50,3,GF_00523
50,3,GF_00524
50,3,GF_00525
50,3,GF_00527
50,3,GF_00528
50,3,GF_00529
50,3,GF_00530
50,3,GF_00531
50,3,GF_00536
50,3,GF_00538
50,3,GF_00546
50,3,GF_00547
50,3,GF_00548
50,3,GF_00549
50,3,GF_00564
50,3,GF_00565
50,3,GF_00566
50,3,GF_00569
50,3,GF_00570
50,3,GF_00572
50,3,GF_00574
50,3,GF_00578
50,3,GF_00580
50,3,GF_00588
50,3,GF_00594
50,3,GF_00595
50,3,GF_00599
50,3,GF_00600
50,3,GF_00601
50,3,GF_00602
50,3,GF_00603
50,3,GF_00604
50,3,GF_00605
50,3,GF_00606
50,3,GF_00607
50,3,GF_00608
50,3,GF_00609
50,3,GF_00611
50,3,GF_00612
50,3,GF_00613
50,3,GF_00614
50,3,GF_00615
50,3,GF_00617
50,3,GF_00618
50,3,GF_00619
50,3,GF_00620
50,3,GF_00621
50,3,GF_00622
50,3,GF_00623
50,3,GF_00624
50,3,GF_00632
50,3,GF_00633
50,3,GF_00635
50,3,GF_00636
50,3,GF_00637
50,3,GF_00638
50,3,GF_00640
50,3,GF_00641
50,3,GF_00642
50,3,GF_00643
50,3,GF_00655
50,3,GF_00658
50,3,GF_00659
50,3,GF_00661
50,3,GF_00669
50,3,GF_00676
50,3,GF_00684
50,3,GF_00687
50,3,GF_00688
50,3,GF_00695
50,3,GF_00699
50,3,GF_00702
50,3,GF_00709
50,3,GF_00722
50,3,GF_00723
50,3,GF_00724
50,3,GF_00725
50,3,GF_00726
50,3,GF_00727
50,3,GF_00728
50,3,GF_00729
50,3,GF_00732
50,3,GF_00736
50,3,GF_00740
50,3,GF_00741
50,3,GF_00744
50,3,GF_00751
50,3,GF_00755
50,3,GF_00756
50,3,GF_00761
50,3,GF_00771
50,3,GF_00773
50,3,GF_00776
50,3,GF_00777
50,3,GF_00785
50,3,GF_00796
50,3,GF_00810
50,3,GF_00811
50,3,GF_00813
50,3,GF_00814
50,3,GF_00816
50,3,GF_00819
50,3,GF_00828
50,3,GF_00843
50,3,GF_00845
50,3,GF_00856
50,3,GF_00857
50,3,GF_00860
50,3,GF_00864
50,3,GF_00866
50,3,GF_00867
50,3,GF_00868
50,3,GF_00869
50,3,GF_00870
50,3,GF_00873
50,3,GF_00874
50,3,GF_00895
50,3,GF_00916
50,3,GF_00927
50,3,GF_00931
50,3,GF_00933
50,3,GF_00946
50,3,GF_00947
50,3,GF_00949
50,3,GF_00957
50,3,GF_00958
50,3,GF_00960
50,3,GF_00963
50,3,GF_00966
50,3,GF_00968
50,3,GF_00969
50,3,GF_00970
50,3,GF_00971
50,3,GF_00972
50,3,GF_00982
50,3,GF_01004
50,3,GF_01005
50,3,GF_01012
50,3,GF_01026
50,3,GF_01027
50,3,GF_01028
50,3,GF_01054
50,3,GF_01230
50,3,GF_01231
50,3,GF_01233
50,3,GF_01234
50,3,GF_01235
50,3,GF_01236
50,3,GF_01237
50,3,GF_01239
50,3,GF_01240
50,3,GF_01241
50,3,GF_01242
50,3,GF_01244
50,3,GF_01245
50,3,GF_01246
50,3,GF_01247
50,3,GF_01248
50,3,GF_01266
50,3,GF_01287
50,3,GF_01290
50,3,GF_01292
50,3,GF_01293
50,3,GF_01297
50,3,GF_01306
50,3,GF_01314
50,3,GF_01315
50,3,GF_01327
50,3,GF_01328
50,3,GF_01329
50,3,GF_01330
50,3,GF_01331
50,3,GF_01332
50,3,GF_01333
50,3,GF_01334
50,3,GF_01336
50,3,GF_01337
50,3,GF_01338
50,3,GF_01357
50,3,GF_01359
50,3,GF_01372
50,3,GF_01373
50,3,GF_01374
50,3,GF_01375
50,3,GF_01376
50,3,GF_01377
50,3,GF_01379
50,3,GF_01381
50,3,GF_01382
50,3,GF_01383
50,3,GF_01385
50,3,GF_01386
50,3,GF_01387
50,3,GF_01390
50,3,GF_01391
50,3,GF_01393
50,3,GF_01394
50,3,GF_01395
50,3,GF_01396
50,3,GF_01397
50,3,GF_01399
50,3,GF_01400
50,3,GF_01401
50,3,GF_01404
50,3,GF_01409
50,3,GF_01425
50,3,GF_01426
50,3,GF_01428
50,3,GF_01439
50,3,GF_01445
50,3,GF_01446
50,3,GF_01447
50,3,GF_01448
50,3,GF_01449
50,3,GF_01456
50,3,GF_01458
50,3,GF_01460
50,3,GF_01461
50,3,GF_01466
50,3,GF_01477
50,3,GF_01479
50,3,GF_01480
50,3,GF_01481
50,3,GF_01487
50,3,GF_01502
50,3,GF_01504
50,3,GF_01512
50,3,GF_01527
50,3,GF_01534
50,3,GF_01535
50,3,GF_01536
50,3,GF_01537
50,3,GF_01538
50,3,GF_01539
50,3,GF_01540
50,3,GF_01541
50,3,GF_01542
50,3,GF_01543
50,3,GF_01544
50,3,GF_01547
50,3,GF_01549
50,3,GF_01550
50,3,GF_01552
50,3,GF_01553
50,3,GF_01579
50,3,GF_01580
50,3,GF_01583
50,3,GF_01584
50,3,GF_01591
50,3,GF_01592
50,3,GF_01616
50,3,GF_01617
50,3,GF_01618
50,3,GF_01619
50,3,GF_01620
50,3,GF_01621
50,3,GF_01623
50,3,GF_01625
50,3,GF_01626
50,3,GF_01627
50,3,GF_01628
50,3,GF_01629
50,3,GF_01634
50,3,GF_01635
50,3,GF_01636
50,3,GF_01637
50,3,GF_01638
50,3,GF_01641
50,3,GF_01643
50,3,GF_01648
50,3,GF_01661
50,3,GF_01672
50,3,GF_01673
50,3,GF_01674
50,3,GF_01675
50,3,GF_01676
50,3,GF_01677
50,3,GF_01678
50,3,GF_01679
50,3,GF_01680
50,3,GF_01681
50,3,GF_01683
50,3,GF_01684
50,3,GF_01685
50,3,GF_01688
50,3,GF_01689
50,3,GF_01690
50,3,GF_01691
50,3,GF_01692
50,3,GF_01693
50,3,GF_01732
50,3,GF_01733
50,3,GF_01734
50,3,GF_01735
50,3,GF_01736
50,3,GF_01740
50,3,GF_01741
50,3,GF_01742
50,3,GF_01745
50,3,GF_01763
50,3,GF_01783
50,3,GF_01799
50,3,GF_01802
50,3,GF_01803
50,3,GF_01805
50,3,GF_01806
50,3,GF_01807
50,3,GF_01808
50,3,GF_01809
50,3,GF_01810
50,3,GF_01811
50,3,GF_01812
50,3,GF_01813
50,3,GF_01815
50,3,GF_01816
50,3,GF_01818
50,3,GF_01819
50,3,GF_01822
50,3,GF_01823
50,3,GF_01834
50,3,GF_01836
50,3,GF_01837
50,3,GF_01840
50,3,GF_01841
50,3,GF_01844
50,3,GF_01856
50,3,GF_01860
50,3,GF_01866
50,3,GF_01870
50,3,GF_01872
50,3,GF_01885
50,3,GF_01897
50,3,GF_01898
50,3,GF_01899
50,3,GF_01900
50,3,GF_01902
50,3,GF_01904
50,3,GF_01919
50,3,GF_01921
50,3,GF_01926
50,3,GF_01927
50,3,GF_01928
50,3,GF_01930
50,3,GF_01945
50,3,GF_02041
50,3,GF_02059
50,3,GF_02060
50,3,GF_02069
50,3,GF_02070
50,3,GF_02071
50,3,GF_02072
50,3,GF_02075
50,3,GF_02076
50,3,GF_02084
50,3,GF_02085
50,3,GF_02088
50,3,GF_02089
50,3,GF_02091
50,3,GF_02092
50,3,GF_02093
50,3,GF_02094
50,3,GF_02101
50,3,GF_02109
50,3,GF_02110
50,3,GF_02113
50,3,GF_02122
50,3,GF_02130
50,3,GF_02131
50,3,GF_02132
50,3,GF_02136
50,3,GF_02137
50,3,GF_02138
50,3,GF_02139
50,3,GF_02140
50,3,GF_02141
50,3,GF_02142
50,3,GF_02143
50,3,GF_02145
50,3,GF_02152
50,3,GF_02157
50,3,GF_02158
50,3,GF_02159
50,3,GF_02172
50,3,GF_02178
50,3,GF_02180
50,3,GF_02184
50,3,GF_02194
50,3,GF_02215
50,3,GF_02216
50,3,GF_02217
50,3,GF_02218
50,3,GF_02219
50,3,GF_02220
50,3,GF_02222
50,3,GF_02223
50,3,GF_02224
50,3,GF_02225
50,3,GF_02226
50,3,GF_02227
50,3,GF_02228
50,3,GF_02229
50,3,GF_02230
50,3,GF_02260
50,3,GF_02261
50,3,GF_02262
50,3,GF_02263
50,3,GF_02264
50,3,GF_02266
50,4,GF_00002
50,4,GF_00008
50,4,GF_00011
50,4,GF_00012
50,4,GF_00013
50,4,GF_00014
50,4,GF_00015
50,4,GF_00017
50,4,GF_00018
50,4,GF_00036
50,4,GF_00043
50,4,GF_00044
50,4,GF_00046
50,4,GF_00047
50,4,GF_00048
50,4,GF_00049
50,4,GF_00051
50,4,GF_00052
50,4,GF_00071
50,4,GF_00072
50,4,GF_00073
50,4,GF_00074
50,4,GF_00075
50,4,GF_00076
50,4,GF_00077
50,4,GF_00078
50,4,GF_00079
50,4,GF_00080
50,4,GF_00081
50,4,GF_00082
50,4,GF_00083
50,4,GF_00084
50,4,GF_00085
50,4,GF_00087
50,4,GF_00088
50,4,GF_00093
50,4,GF_00094
50,4,GF_00104
50,4,GF_00105
50,4,GF_00106
50,4,GF_00107
50,4,GF_00108
50,4,GF_00109
50,4,GF_00110
50,4,GF_00111
50,4,GF_00112
50,4,GF_00113
50,4,GF_00114
50,4,GF_00115
50,4,GF_00116
50,4,GF_00117
50,4,GF_00119
50,4,GF_00120
50,4,GF_00121
50,4,GF_00122
50,4,GF_00123
50,4,GF_00124
50,4,GF_00125
50,4,GF_00136
50,4,GF_00137
50,4,GF_00138
50,4,GF_00139
50,4,GF_00141
50,4,GF_00142
50,4,GF_00143
50,4,GF_00155
50,4,GF_00164
50,4,GF_00170
50,4,GF_00175
50,4,GF_00178
50,4,GF_00179
50,4,GF_00180
50,4,GF_00181
50,4,GF_00185
50,4,GF_00208
50,4,GF_00220
50,4,GF_00228
50,4,GF_00229
50,4,GF_00235
50,4,GF_00244
50,4,GF_00251
50,4,GF_00262
50,4,GF_00281
50,4,GF_00290
50,4,GF_00296
50,4,GF_00300
50,4,GF_00302
50,4,GF_00303
50,4,GF_00305
50,4,GF_00309
50,4,GF_00311
50,4,GF_00312
50,4,GF_00313
50,4,GF_00314
50,4,GF_00315
50,4,GF_00316
50,4,GF_00317
50,4,GF_00318
50,4,GF_00319
50,4,GF_00320
50,4,GF_00321
50,4,GF_00322
50,4,GF_00323
50,4,GF_00324
50,4,GF_00325
50,4,GF_00326
50,4,GF_00327
50,4,GF_00329
50,4,GF_00330
50,4,GF_00331
50,4,GF_00332
50,4,GF_00333
50,4,GF_00335
50,4,GF_00336
50,4,GF_00338
50,4,GF_00339
50,4,GF_00340
50,4,GF_00341
50,4,GF_00342
50,4,GF_00343
50,4,GF_00344
50,4,GF_00346
50,4,GF_00347
50,4,GF_00348
50,4,GF_00349
50,4,GF_00350
50,4,GF_00351
50,4,GF_00352
50,4,GF_00353
50,4,GF_00358
50,4,GF_00360
50,4,GF_00362
50,4,GF_00363
50,4,GF_00364
50,4,GF_00365
50,4,GF_00369
50,4,GF_00378
50,4,GF_00381
50,4,GF_00384
50,4,GF_00385
50,4,GF_00386
50,4,GF_00387
50,4,GF_00389
50,4,GF_00390
50,4,GF_00391
50,4,GF_00393
50,4,GF_00394
50,4,GF_00395
50,4,GF_00396
50,4,GF_00400
50,4,GF_00401
50,4,GF_00402
50,4,GF_00403
50,4,GF_00404
50,4,GF_00405
50,4,GF_00406
50,4,GF_00407
50,4,GF_00408
50,4,GF_00409
50,4,GF_00410
50,4,GF_00413
50,4,GF_00414
50,4,GF_00415
50,4,GF_00417
50,4,GF_00418
50,4,GF_00419
50,4,GF_00421
50,4,GF_00422
50,4,GF_00424
50,4,GF_00426
50,4,GF_00427
50,4,GF_00428
50,4,GF_00429
50,4,GF_00430
50,4,GF_00431
50,4,GF_00432
50,4,GF_00433
50,4,GF_00434
50,4,GF_00435
50,4,GF_00436
50,4,GF_00437
50,4,GF_00438
50,4,GF_00440
50,4,GF_00441
50,4,GF_00455
50,4,GF_00456
50,4,GF_00457
50,4,GF_00458
50,4,GF_00459
50,4,GF_00460
50,4,GF_00471
50,4,GF_00472
50,4,GF_00480
50,4,GF_00482
50,4,GF_00488
50,4,GF_00489
50,4,GF_00491
50,4,GF_00503
50,4,GF_00522
50,4,GF_00523
50,4,GF_00524
50,4,GF_00525
50,4,GF_00527
50,4,GF_00528
50,4,GF_00529
50,4,GF_00530
50,4,GF_00531
50,4,GF_00536
50,4,GF_00538
50,4,GF_00546
50,4,GF_00547
50,4,GF_00548
50,4,GF_00549
50,4,GF_00564
50,4,GF_00565
50,4,GF_00566
50,4,GF_00569
50,4,GF_00570
50,4,GF_00572
50,4,GF_00574
50,4,GF_00578
50,4,GF_00580
50,4,GF_00593
50,4,GF_00594
50,4,GF_00595
50,4,GF_00599
50,4,GF_00600
50,4,GF_00601
50,4,GF_00602
50,4,GF_00603
50,4,GF_00604
50,4,GF_00605
50,4,GF_00606
50,4,GF_00607
50,4,GF_00608
50,4,GF_00609
50,4,GF_00611
50,4,GF_00612
50,4,GF_00613
50,4,GF_00614
50,4,GF_00615
50,4,GF_00616
50,4,GF_00617
50,4,GF_00618
50,4,GF_00619
50,4,GF_00620
50,4,GF_00621
50,4,GF_00622
50,4,GF_00623
50,4,GF_00624
50,4,GF_00632
50,4,GF_00633
50,4,GF_00634
50,4,GF_00635
50,4,GF_00636
50,4,GF_00637
50,4,GF_00638
50,4,GF_00639
50,4,GF_00640
50,4,GF_00641
50,4,GF_00642
50,4,GF_00643
50,4,GF_00655
50,4,GF_00658
50,4,GF_00661
50,4,GF_00669
50,4,GF_00676
50,4,GF_00680
50,4,GF_00681
50,4,GF_00682
50,4,GF_00683
50,4,GF_00684
50,4,GF_00688
50,4,GF_00695
50,4,GF_00699
50,4,GF_00702
50,4,GF_00709
50,4,GF_00722
50,4,GF_00723
50,4,GF_00724
50,4,GF_00725
50,4,GF_00726
50,4,GF_00727
50,4,GF_00728
50,4,GF_00729
50,4,GF_00732
50,4,GF_00736
50,4,GF_00740
50,4,GF_00741
50,4,GF_00744
50,4,GF_00749
50,4,GF_00751
50,4,GF_00755
50,4,GF_00756
50,4,GF_00761
50,4,GF_00771
50,4,GF_00773
50,4,GF_00776
50,4,GF_00777
50,4,GF_00785
50,4,GF_00796
50,4,GF_00810
50,4,GF_00811
50,4,GF_00813
50,4,GF_00814
50,4,GF_00815
50,4,GF_00816
50,4,GF_00819
50,4,GF_00828
50,4,GF_00845
50,4,GF_00857
50,4,GF_00860
50,4,GF_00864
50,4,GF_00866
50,4,GF_00867
50,4,GF_00868
50,4,GF_00869
50,4,GF_00870
50,4,GF_00871
50,4,GF_00872
50,4,GF_00873
50,4,GF_00874
50,4,GF_00887
50,4,GF_00888
50,4,GF_00895
50,4,GF_00916
50,4,GF_00931
50,4,GF_00932
50,4,GF_00933
50,4,GF_00946
50,4,GF_00947
50,4,GF_00949
50,4,GF_00957
50,4,GF_00958
50,4,GF_00959
50,4,GF_00960
50,4,GF_00963
50,4,GF_00966
50,4,GF_00968
50,4,GF_00969
50,4,GF_00970
50,4,GF_00971
50,4,GF_00972
50,4,GF_00982
50,4,GF_01005
50,4,GF_01012
50,4,GF_01026
50,4,GF_01027
50,4,GF_01028
50,4,GF_01054
50,4,GF_01230
50,4,GF_01231
50,4,GF_01232
50,4,GF_01233
50,4,GF_01234
50,4,GF_01235
50,4,GF_01236
50,4,GF_01237
50,4,GF_01239
50,4,GF_01240
50,4,GF_01241
50,4,GF_01242
50,4,GF_01244
50,4,GF_01245
50,4,GF_01246
50,4,GF_01247
50,4,GF_01248
50,4,GF_01266
50,4,GF_01279
50,4,GF_01287
50,4,GF_01290
50,4,GF_01291
50,4,GF_01292
50,4,GF_01293
50,4,GF_01297
50,4,GF_01306
50,4,GF_01314
50,4,GF_01315
50,4,GF_01327
50,4,GF_01328
50,4,GF_01329
50,4,GF_01330
50,4,GF_01331
50,4,GF_01332
50,4,GF_01333
50,4,GF_01334
50,4,GF_01336
50,4,GF_01337
50,4,GF_01338
50,4,GF_01357
50,4,GF_01372
50,4,GF_01374
50,4,GF_01375
50,4,GF_01376
50,4,GF_01377
50,4,GF_01379
50,4,GF_01381
50,4,GF_01382
50,4,GF_01383
50,4,GF_01385
50,4,GF_01387
50,4,GF_01390
50,4,GF_01391
50,4,GF_01392
50,4,GF_01393
50,4,GF_01394
50,4,GF_01395
50,4,GF_01396
50,4,GF_01397
50,4,GF_01399
50,4,GF_01400
50,4,GF_01401
50,4,GF_01404
50,4,GF_01409
50,4,GF_01425
50,4,GF_01426
50,4,GF_01428
50,4,GF_01439
50,4,GF_01445
50,4,GF_01446
50,4,GF_01447
50,4,GF_01448
50,4,GF_01449
50,4,GF_01456
50,4,GF_01458
50,4,GF_01460
50,4,GF_01461
50,4,GF_01462
50,4,GF_01466
50,4,GF_01476
50,4,GF_01477
50,4,GF_01479
50,4,GF_01480
50,4,GF_01481
50,4,GF_01487
50,4,GF_01502
50,4,GF_01512
50,4,GF_01527
50,4,GF_01533
50,4,GF_01534
50,4,GF_01536
50,4,GF_01537
50,4,GF_01538
50,4,GF_01539
50,4,GF_01540
50,4,GF_01541
50,4,GF_01542
50,4,GF_01544
50,4,GF_01547
50,4,GF_01549
50,4,GF_01552
50,4,GF_01553
50,4,GF_01579
50,4,GF_01580
50,4,GF_01583
50,4,GF_01584
50,4,GF_01591
50,4,GF_01592
50,4,GF_01616
50,4,GF_01618
50,4,GF_01619
50,4,GF_01621
50,4,GF_01622
50,4,GF_01623
50,4,GF_01626
50,4,GF_01627
50,4,GF_01628
50,4,GF_01629
50,4,GF_01634
50,4,GF_01636
50,4,GF_01637
50,4,GF_01638
50,4,GF_01639
50,4,GF_01641
50,4,GF_01648
50,4,GF_01661
50,4,GF_01672
50,4,GF_01673
50,4,GF_01674
50,4,GF_01675
50,4,GF_01676
50,4,GF_01677
50,4,GF_01678
50,4,GF_01679
50,4,GF_01680
50,4,GF_01681
50,4,GF_01683
50,4,GF_01684
50,4,GF_01685
50,4,GF_01688
50,4,GF_01689
50,4,GF_01690
50,4,GF_01691
50,4,GF_01692
50,4,GF_01693
50,4,GF_01732
50,4,GF_01733
50,4,GF_01734
50,4,GF_01735
50,4,GF_01736
50,4,GF_01737
50,4,GF_01740
50,4,GF_01741
50,4,GF_01742
50,4,GF_01745
50,4,GF_01763
50,4,GF_01783
50,4,GF_01798
50,4,GF_01799
50,4,GF_01801
50,4,GF_01802
50,4,GF_01803
50,4,GF_01805
50,4,GF_01806
50,4,GF_01807
50,4,GF_01808
50,4,GF_01809
50,4,GF_01810
50,4,GF_01811
50,4,GF_01812
50,4,GF_01813
50,4,GF_01814
50,4,GF_01815
50,4,GF_01816
50,4,GF_01818
50,4,GF_01819
50,4,GF_01822
50,4,GF_01823
50,4,GF_01834
50,4,GF_01836
50,4,GF_01837
50,4,GF_01840
50,4,GF_01841
50,4,GF_01842
50,4,GF_01844
50,4,GF_01856
50,4,GF_01860
50,4,GF_01866
50,4,GF_01870
50,4,GF_01874
50,4,GF_01885
50,4,GF_01898
50,4,GF_01899
50,4,GF_01900
50,4,GF_01901
50,4,GF_01902
50,4,GF_01904
50,4,GF_01919
50,4,GF_01921
50,4,GF_01923
50,4,GF_01925
50,4,GF_01926
50,4,GF_01927
50,4,GF_01928
50,4,GF_01929
50,4,GF_01930
50,4,GF_01945
50,4,GF_02041
50,4,GF_02060
50,4,GF_02069
50,4,GF_02070
50,4,GF_02071
50,4,GF_02072
50,4,GF_02074
50,4,GF_02075
50,4,GF_02076
50,4,GF_02084
50,4,GF_02085
50,4,GF_02086
50,4,GF_02088
50,4,GF_02089
50,4,GF_02091
50,4,GF_02092
50,4,GF_02093
50,4,GF_02094
50,4,GF_02101
50,4,GF_02110
50,4,GF_02113
50,4,GF_02122
50,4,GF_02130
50,4,GF_02131
50,4,GF_02134
50,4,GF_02136
50,4,GF_02137
50,4,GF_02138
50,4,GF_02139
50,4,GF_02140
50,4,GF_02141
50,4,GF_02142
50,4,GF_02145
50,4,GF_02152
50,4,GF_02157
50,4,GF_02158
50,4,GF_02159
50,4,GF_02172
50,4,GF_02178
50,4,GF_02180
50,4,GF_02184
50,4,GF_02194
50,4,GF_02215
50,4,GF_02216
50,4,GF_02217
50,4,GF_02218
50,4,GF_02219
50,4,GF_02220
50,4,GF_02222
50,4,GF_02223
50,4,GF_02224
50,4,GF_02225
50,4,GF_02226
50,4,GF_02227
50,4,GF_02228
50,4,GF_02229
50,4,GF_02230
50,4,GF_02260
50,4,GF_02261
50,4,GF_02262
50,4,GF_02263
50,4,GF_02264
50,4,GF_02266
50,5,GF_00002
50,5,GF_00008
50,5,GF_00011
50,5,GF_00013
50,5,GF_00014
50,5,GF_00015
50,5,GF_00016
50,5,GF_00017
50,5,GF_00018
50,5,GF_00036
50,5,GF_00043
50,5,GF_00044
50,5,GF_00046
50,5,GF_00047
50,5,GF_00048
50,5,GF_00049
50,5,GF_00051
50,5,GF_00052
50,5,GF_00071
50,5,GF_00072
50,5,GF_00073
50,5,GF_00074
50,5,GF_00075
50,5,GF_00077
50,5,GF_00078
50,5,GF_00079
50,5,GF_00080
50,5,GF_00081
50,5,GF_00082
50,5,GF_00083
50,5,GF_00084
50,5,GF_00085
50,5,GF_00087
50,5,GF_00088
50,5,GF_00093
50,5,GF_00094
50,5,GF_00104
50,5,GF_00105
50,5,GF_00106
50,5,GF_00107
50,5,GF_00108
50,5,GF_00109
50,5,GF_00111
50,5,GF_00112
50,5,GF_00113
50,5,GF_00114
50,5,GF_00115
50,5,GF_00116
50,5,GF_00117
50,5,GF_00120
50,5,GF_00121
50,5,GF_00122
50,5,GF_00123
50,5,GF_00124
50,5,GF_00125
50,5,GF_00136
50,5,GF_00137
50,5,GF_00138
50,5,GF_00139
50,5,GF_00141
50,5,GF_00142
50,5,GF_00143
50,5,GF_00155
50,5,GF_00164
50,5,GF_00170
50,5,GF_00175
50,5,GF_00178
50,5,GF_00179
50,5,GF_00180
50,5,GF_00185
50,5,GF_00208
50,5,GF_00220
50,5,GF_00228
50,5,GF_00229
50,5,GF_00235
50,5,GF_00244
50,5,GF_00250
50,5,GF_00251
50,5,GF_00262
50,5,GF_00281
50,5,GF_00290
50,5,GF_00296
50,5,GF_00300
50,5,GF_00302
50,5,GF_00303
50,5,GF_00305
50,5,GF_00309
50,5,GF_00310
50,5,GF_00311
50,5,GF_00312
50,5,GF_00313
50,5,GF_00314
50,5,GF_00315
50,5,GF_00316
50,5,GF_00317
50,5,GF_00318
50,5,GF_00319
50,5,GF_00320
50,5,GF_00321
50,5,GF_00323
50,5,GF_00324
50,5,GF_00325
50,5,GF_00326
50,5,GF_00327
50,5,GF_00329
50,5,GF_00330
50,5,GF_00331
50,5,GF_00332
50,5,GF_00333
50,5,GF_00335
50,5,GF_00336
50,5,GF_00338
50,5,GF_00339
50,5,GF_00340
50,5,GF_00341
50,5,GF_00342
50,5,GF_00343
50,5,GF_00344
50,5,GF_00346
50,5,GF_00347
50,5,GF_00348
50,5,GF_00349
50,5,GF_00350
50,5,GF_00351
50,5,GF_00352
50,5,GF_00353
50,5,GF_00355
50,5,GF_00358
50,5,GF_00359
50,5,GF_00360
50,5,GF_00362
50,5,GF_00363
50,5,GF_00364
50,5,GF_00365
50,5,GF_00369
50,5,GF_00378
50,5,GF_00381
50,5,GF_00384
50,5,GF_00385
50,5,GF_00386
50,5,GF_00387
50,5,GF_00388
50,5,GF_00389
50,5,GF_00390
50,5,GF_00391
50,5,GF_00393
50,5,GF_00394
50,5,GF_00395
50,5,GF_00396
50,5,GF_00400
50,5,GF_00401
50,5,GF_00402
50,5,GF_00403
50,5,GF_00404
50,5,GF_00405
50,5,GF_00406
50,5,GF_00407
50,5,GF_00408
50,5,GF_00409
50,5,GF_00410
50,5,GF_00413
50,5,GF_00414
50,5,GF_00415
50,5,GF_00417
50,5,GF_00418
50,5,GF_00419
50,5,GF_00421
50,5,GF_00422
50,5,GF_00424
50,5,GF_00426
50,5,GF_00427
50,5,GF_00428
50,5,GF_00429
50,5,GF_00430
50,5,GF_00431
50,5,GF_00432
50,5,GF_00433
50,5,GF_00434
50,5,GF_00435
50,5,GF_00436
50,5,GF_00437
50,5,GF_00438
50,5,GF_00440
50,5,GF_00441
50,5,GF_00455
50,5,GF_00457
50,5,GF_00471
50,5,GF_00472
50,5,GF_00477
50,5,GF_00480
50,5,GF_00488
50,5,GF_00489
50,5,GF_00491
50,5,GF_00503
50,5,GF_00522
50,5,GF_00523
50,5,GF_00524
50,5,GF_00525
50,5,GF_00527
50,5,GF_00528
50,5,GF_00529
50,5,GF_00530
50,5,GF_00531
50,5,GF_00536
50,5,GF_00538
50,5,GF_00546
50,5,GF_00547
50,5,GF_00548
50,5,GF_00549
50,5,GF_00564
50,5,GF_00565
50,5,GF_00566
50,5,GF_00569
50,5,GF_00570
50,5,GF_00572
50,5,GF_00574
50,5,GF_00578
50,5,GF_00580
50,5,GF_00588
50,5,GF_00593
50,5,GF_00594
50,5,GF_00595
50,5,GF_00596
50,5,GF_00599
50,5,GF_00600
50,5,GF_00601
50,5,GF_00602
50,5,GF_00603
50,5,GF_00604
50,5,GF_00605
50,5,GF_00606
50,5,GF_00607
50,5,GF_00608
50,5,GF_00609
50,5,GF_00610
50,5,GF_00611
50,5,GF_00612
50,5,GF_00613
50,5,GF_00614
50,5,GF_00615
50,5,GF_00616
50,5,GF_00617
50,5,GF_00618
50,5,GF_00619
50,5,GF_00620
50,5,GF_00621
50,5,GF_00622
50,5,GF_00623
50,5,GF_00624
50,5,GF_00632
50,5,GF_00633
50,5,GF_00634
50,5,GF_00635
50,5,GF_00636
50,5,GF_00637
50,5,GF_00638
50,5,GF_00640
50,5,GF_00641
50,5,GF_00642
50,5,GF_00643
50,5,GF_00655
50,5,GF_00658
50,5,GF_00659
50,5,GF_00661
50,5,GF_00669
50,5,GF_00676
50,5,GF_00680
50,5,GF_00681
50,5,GF_00682
50,5,GF_00683
50,5,GF_00684
50,5,GF_00686
50,5,GF_00687
50,5,GF_00688
50,5,GF_00695
50,5,GF_00699
50,5,GF_00702
50,5,GF_00709
50,5,GF_00722
50,5,GF_00723
50,5,GF_00724
50,5,GF_00725
50,5,GF_00726
50,5,GF_00727
50,5,GF_00728
50,5,GF_00729
50,5,GF_00732
50,5,GF_00736
50,5,GF_00740
50,5,GF_00741
50,5,GF_00744
50,5,GF_00749
50,5,GF_00751
50,5,GF_00755
50,5,GF_00756
50,5,GF_00761
50,5,GF_00771
50,5,GF_00773
50,5,GF_00776
50,5,GF_00777
50,5,GF_00796
50,5,GF_00810
50,5,GF_00811
50,5,GF_00813
50,5,GF_00814
50,5,GF_00815
50,5,GF_00816
50,5,GF_00819
50,5,GF_00828
50,5,GF_00843
50,5,GF_00845
50,5,GF_00856
50,5,GF_00857
50,5,GF_00864
50,5,GF_00865
50,5,GF_00866
50,5,GF_00868
50,5,GF_00869
50,5,GF_00870
50,5,GF_00871
50,5,GF_00872
50,5,GF_00873
50,5,GF_00874
50,5,GF_00887
50,5,GF_00888
50,5,GF_00895
50,5,GF_00916
50,5,GF_00927
50,5,GF_00931
50,5,GF_00932
50,5,GF_00933
50,5,GF_00946
50,5,GF_00947
50,5,GF_00949
50,5,GF_00957
50,5,GF_00958
50,5,GF_00959
50,5,GF_00960
50,5,GF_00963
50,5,GF_00966
50,5,GF_00967
50,5,GF_00968
50,5,GF_00969
50,5,GF_00970
50,5,GF_00971
50,5,GF_00982
50,5,GF_01004
50,5,GF_01005
50,5,GF_01026
50,5,GF_01027
50,5,GF_01028
50,5,GF_01054
50,5,GF_01230
50,5,GF_01231
50,5,GF_01232
50,5,GF_01233
50,5,GF_01234
50,5,GF_01235
50,5,GF_01236
50,5,GF_01237
50,5,GF_01239
50,5,GF_01240
50,5,GF_01241
50,5,GF_01242
50,5,GF_01244
50,5,GF_01245
50,5,GF_01246
50,5,GF_01247
50,5,GF_01248
50,5,GF_01266
50,5,GF_01279
50,5,GF_01282
50,5,GF_01287
50,5,GF_01290
50,5,GF_01291
50,5,GF_01292
50,5,GF_01293
50,5,GF_01297
50,5,GF_01306
50,5,GF_01314
50,5,GF_01315
50,5,GF_01327
50,5,GF_01328
50,5,GF_01329
50,5,GF_01330
50,5,GF_01331
50,5,GF_01332
50,5,GF_01333
50,5,GF_01334
50,5,GF_01335
50,5,GF_01336
50,5,GF_01337
50,5,GF_01338
50,5,GF_01359
50,5,GF_01365
50,5,GF_01372
50,5,GF_01373
50,5,GF_01374
50,5,GF_01375
50,5,GF_01376
50,5,GF_01377
50,5,GF_01378
50,5,GF_01379
50,5,GF_01381
50,5,GF_01382
50,5,GF_01383
50,5,GF_01384
50,5,GF_01385
50,5,GF_01386
50,5,GF_01387
50,5,GF_01390
50,5,GF_01391
50,5,GF_01393
50,5,GF_01394
50,5,GF_01395
50,5,GF_01396
50,5,GF_01397
50,5,GF_01398
50,5,GF_01399
50,5,GF_01400
50,5,GF_01401
50,5,GF_01409
50,5,GF_01425
50,5,GF_01426
50,5,GF_01428
50,5,GF_01439
50,5,GF_01445
50,5,GF_01446
50,5,GF_01447
50,5,GF_01448
50,5,GF_01449
50,5,GF_01456
50,5,GF_01458
50,5,GF_01460
50,5,GF_01461
50,5,GF_01462
50,5,GF_01464
50,5,GF_01466
50,5,GF_01476
50,5,GF_01477
50,5,GF_01478
50,5,GF_01479
50,5,GF_01480
50,5,GF_01481
50,5,GF_01487
50,5,GF_01502
50,5,GF_01504
50,5,GF_01512
50,5,GF_01514
50,5,GF_01527
50,5,GF_01534
50,5,GF_01535
50,5,GF_01536
50,5,GF_01537
50,5,GF_01538
50,5,GF_01539
50,5,GF_01540
50,5,GF_01541
50,5,GF_01542
50,5,GF_01543
50,5,GF_01544
50,5,GF_01547
50,5,GF_01549
50,5,GF_01550
50,5,GF_01552
50,5,GF_01553
50,5,GF_01579
50,5,GF_01580
50,5,GF_01583
50,5,GF_01584
50,5,GF_01591
50,5,GF_01592
50,5,GF_01616
50,5,GF_01617
50,5,GF_01618
50,5,GF_01619
50,5,GF_01620
50,5,GF_01621
50,5,GF_01623
50,5,GF_01625
50,5,GF_01626
50,5,GF_01627
50,5,GF_01628
50,5,GF_01629
50,5,GF_01630
50,5,GF_01634
50,5,GF_01635
50,5,GF_01636
50,5,GF_01637
50,5,GF_01638
50,5,GF_01639
50,5,GF_01641
50,5,GF_01643
50,5,GF_01645
50,5,GF_01648
50,5,GF_01659
50,5,GF_01661
50,5,GF_01672
50,5,GF_01673
50,5,GF_01674
50,5,GF_01675
50,5,GF_01676
50,5,GF_01677
50,5,GF_01678
50,5,GF_01679
50,5,GF_01680
50,5,GF_01681
50,5,GF_01683
50,5,GF_01684
50,5,GF_01685
50,5,GF_01689
50,5,GF_01690
50,5,GF_01691
50,5,GF_01692
50,5,GF_01693
50,5,GF_01732
50,5,GF_01733
50,5,GF_01734
50,5,GF_01735
50,5,GF_01736
50,5,GF_01737
50,5,GF_01740
50,5,GF_01741
50,5,GF_01742
50,5,GF_01745
50,5,GF_01763
50,5,GF_01770
50,5,GF_01783
50,5,GF_01799
50,5,GF_01802
50,5,GF_01803
50,5,GF_01805
50,5,GF_01806
50,5,GF_01807
50,5,GF_01808
50,5,GF_01809
50,5,GF_01810
50,5,GF_01811
50,5,GF_01812
50,5,GF_01813
50,5,GF_01814
50,5,GF_01815
50,5,GF_01816
50,5,GF_01817
50,5,GF_01818
50,5,GF_01819
50,5,GF_01822
50,5,GF_01823
50,5,GF_01834
50,5,GF_01836
50,5,GF_01837
50,5,GF_01840
50,5,GF_01841
50,5,GF_01842
50,5,GF_01844
50,5,GF_01856
50,5,GF_01860
50,5,GF_01866
50,5,GF_01870
50,5,GF_01872
50,5,GF_01874
50,5,GF_01885
50,5,GF_01896
50,5,GF_01897
50,5,GF_01898
50,5,GF_01899
50,5,GF_01900
50,5,GF_01901
50,5,GF_01902
50,5,GF_01904
50,5,GF_01919
50,5,GF_01921
50,5,GF_01923
50,5,GF_01925
50,5,GF_01926
50,5,GF_01927
50,5,GF_01928
50,5,GF_01929
50,5,GF_01930
50,5,GF_01945
50,5,GF_02059
50,5,GF_02060
50,5,GF_02069
50,5,GF_02070
50,5,GF_02071
50,5,GF_02072
50,5,GF_02074
50,5,GF_02075
50,5,GF_02076
50,5,GF_02081
50,5,GF_02084
50,5,GF_02085
50,5,GF_02088
50,5,GF_02089
50,5,GF_02091
50,5,GF_02092
50,5,GF_02093
50,5,GF_02094
50,5,GF_02101
50,5,GF_02109
50,5,GF_02110
50,5,GF_02113
50,5,GF_02122
50,5,GF_02130
50,5,GF_02131
50,5,GF_02136
50,5,GF_02137
50,5,GF_02138
50,5,GF_02139
50,5,GF_02140
50,5,GF_02141
50,5,GF_02142
50,5,GF_02143
50,5,GF_02145
50,5,GF_02152
50,5,GF_02157
50,5,GF_02158
50,5,GF_02159
50,5,GF_02168
50,5,GF_02172
50,5,GF_02178
50,5,GF_02180
50,5,GF_02184
50,5,GF_02192
50,5,GF_02194
50,5,GF_02216
50,5,GF_02217
50,5,GF_02218
50,5,GF_02219
50,5,GF_02220
50,5,GF_02223
50,5,GF_02224
50,5,GF_02225
50,5,GF_02226
50,5,GF_02227
50,5,GF_02228
50,5,GF_02229
50,5,GF_02230
50,5,GF_02260
50,5,GF_02261
50,5,GF_02262
50,5,GF_02263
50,5,GF_02264
50,5,GF_02265
50,5,GF_02266
51,1,GF_00002
51,1,GF_00011
51,1,GF_00012
51,1,GF_00013
51,1,GF_00014
51,1,GF_00015
51,1,GF_00017
51,1,GF_00018
51,1,GF_00036
51,1,GF_00043
51,1,GF_00044
51,1,GF_00046
51,1,GF_00047
51,1,GF_00048
51,1,GF_00049
51,1,GF_00051
51,1,GF_00052
51,1,GF_00072
51,1,GF_00073
51,1,GF_00074
51,1,GF_00075
51,1,GF_00077
51,1,GF_00078
51,1,GF_00079
51,1,GF_00080
51,1,GF_00081
51,1,GF_00082
51,1,GF_00083
51,1,GF_00084
51,1,GF_00085
51,1,GF_00087
51,1,GF_00088
51,1,GF_00093
51,1,GF_00094
51,1,GF_00104
51,1,GF_00105
51,1,GF_00107
51,1,GF_00108
51,1,GF_00111
51,1,GF_00112
51,1,GF_00114
51,1,GF_00115
51,1,GF_00116
51,1,GF_00117
51,1,GF_00120
51,1,GF_00121
51,1,GF_00122
51,1,GF_00123
51,1,GF_00124
51,1,GF_00125
51,1,GF_00136
51,1,GF_00137
51,1,GF_00138
51,1,GF_00141
51,1,GF_00143
51,1,GF_00155
51,1,GF_00164
51,1,GF_00170
51,1,GF_00175
51,1,GF_00178
51,1,GF_00179
51,1,GF_00180
51,1,GF_00185
51,1,GF_00208
51,1,GF_00220
51,1,GF_00228
51,1,GF_00229
51,1,GF_00235
51,1,GF_00244
51,1,GF_00251
51,1,GF_00262
51,1,GF_00281
51,1,GF_00290
51,1,GF_00296
51,1,GF_00300
51,1,GF_00302
51,1,GF_00303
51,1,GF_00305
51,1,GF_00309
51,1,GF_00311
51,1,GF_00312
51,1,GF_00313
51,1,GF_00314
51,1,GF_00315
51,1,GF_00316
51,1,GF_00317
51,1,GF_00318
51,1,GF_00319
51,1,GF_00320
51,1,GF_00321
51,1,GF_00323
51,1,GF_00324
51,1,GF_00325
51,1,GF_00326
51,1,GF_00327
51,1,GF_00329
51,1,GF_00330
51,1,GF_00331
51,1,GF_00332
51,1,GF_00333
51,1,GF_00335
51,1,GF_00336
51,1,GF_00338
51,1,GF_00339
51,1,GF_00340
51,1,GF_00341
51,1,GF_00342
51,1,GF_00343
51,1,GF_00344
51,1,GF_00346
51,1,GF_00347
51,1,GF_00348
51,1,GF_00349
51,1,GF_00350
51,1,GF_00352
51,1,GF_00353
51,1,GF_00355
51,1,GF_00358
51,1,GF_00360
51,1,GF_00362
51,1,GF_00363
51,1,GF_00364
51,1,GF_00365
51,1,GF_00369
51,1,GF_00378
51,1,GF_00381
51,1,GF_00384
51,1,GF_00385
51,1,GF_00386
51,1,GF_00387
51,1,GF_00388
51,1,GF_00389
51,1,GF_00390
51,1,GF_00391
51,1,GF_00393
51,1,GF_00394
51,1,GF_00395
51,1,GF_00396
51,1,GF_00400
51,1,GF_00401
51,1,GF_00402
51,1,GF_00404
51,1,GF_00405
51,1,GF_00406
51,1,GF_00407
51,1,GF_00408
51,1,GF_00409
51,1,GF_00410
51,1,GF_00413
51,1,GF_00414
51,1,GF_00415
51,1,GF_00417
51,1,GF_00418
51,1,GF_00419
51,1,GF_00421
51,1,GF_00422
51,1,GF_00424
51,1,GF_00426
51,1,GF_00427
51,1,GF_00428
51,1,GF_00429
51,1,GF_00430
51,1,GF_00431
51,1,GF_00432
51,1,GF_00433
51,1,GF_00434
51,1,GF_00435
51,1,GF_00436
51,1,GF_00437
51,1,GF_00438
51,1,GF_00440
51,1,GF_00455
51,1,GF_00457
51,1,GF_00471
51,1,GF_00472
51,1,GF_00477
51,1,GF_00480
51,1,GF_00482
51,1,GF_00488
51,1,GF_00489
51,1,GF_00491
51,1,GF_00503
51,1,GF_00522
51,1,GF_00523
51,1,GF_00524
51,1,GF_00525
51,1,GF_00527
51,1,GF_00528
51,1,GF_00529
51,1,GF_00531
51,1,GF_00536
51,1,GF_00538
51,1,GF_00546
51,1,GF_00547
51,1,GF_00548
51,1,GF_00549
51,1,GF_00564
51,1,GF_00565
51,1,GF_00566
51,1,GF_00569
51,1,GF_00570
51,1,GF_00572
51,1,GF_00574
51,1,GF_00578
51,1,GF_00580
51,1,GF_00588
51,1,GF_00593
51,1,GF_00594
51,1,GF_00595
51,1,GF_00599
51,1,GF_00600
51,1,GF_00601
51,1,GF_00602
51,1,GF_00603
51,1,GF_00604
51,1,GF_00605
51,1,GF_00606
51,1,GF_00607
51,1,GF_00608
51,1,GF_00609
51,1,GF_00611
51,1,GF_00612
51,1,GF_00613
51,1,GF_00614
51,1,GF_00615
51,1,GF_00616
51,1,GF_00617
51,1,GF_00618
51,1,GF_00619
51,1,GF_00621
51,1,GF_00622
51,1,GF_00623
51,1,GF_00624
51,1,GF_00632
51,1,GF_00633
51,1,GF_00635
51,1,GF_00636
51,1,GF_00637
51,1,GF_00640
51,1,GF_00641
51,1,GF_00642
51,1,GF_00643
51,1,GF_00655
51,1,GF_00658
51,1,GF_00659
51,1,GF_00661
51,1,GF_00669
51,1,GF_00676
51,1,GF_00681
51,1,GF_00684
51,1,GF_00687
51,1,GF_00688
51,1,GF_00695
51,1,GF_00699
51,1,GF_00702
51,1,GF_00709
51,1,GF_00722
51,1,GF_00723
51,1,GF_00724
51,1,GF_00725
51,1,GF_00726
51,1,GF_00727
51,1,GF_00728
51,1,GF_00729
51,1,GF_00732
51,1,GF_00736
51,1,GF_00740
51,1,GF_00741
51,1,GF_00744
51,1,GF_00749
51,1,GF_00751
51,1,GF_00755
51,1,GF_00756
51,1,GF_00761
51,1,GF_00771
51,1,GF_00773
51,1,GF_00776
51,1,GF_00777
51,1,GF_00785
51,1,GF_00796
51,1,GF_00810
51,1,GF_00811
51,1,GF_00813
51,1,GF_00814
51,1,GF_00816
51,1,GF_00819
51,1,GF_00828
51,1,GF_00843
51,1,GF_00845
51,1,GF_00856
51,1,GF_00857
51,1,GF_00860
51,1,GF_00864
51,1,GF_00866
51,1,GF_00868
51,1,GF_00869
51,1,GF_00870
51,1,GF_00872
51,1,GF_00873
51,1,GF_00874
51,1,GF_00895
51,1,GF_00916
51,1,GF_00927
51,1,GF_00931
51,1,GF_00933
51,1,GF_00946
51,1,GF_00947
51,1,GF_00949
51,1,GF_00957
51,1,GF_00958
51,1,GF_00959
51,1,GF_00960
51,1,GF_00963
51,1,GF_00966
51,1,GF_00968
51,1,GF_00969
51,1,GF_00970
51,1,GF_00971
51,1,GF_00972
51,1,GF_00982
51,1,GF_01004
51,1,GF_01005
51,1,GF_01012
51,1,GF_01026
51,1,GF_01027
51,1,GF_01028
51,1,GF_01054
51,1,GF_01230
51,1,GF_01231
51,1,GF_01232
51,1,GF_01233
51,1,GF_01234
51,1,GF_01235
51,1,GF_01236
51,1,GF_01237
51,1,GF_01239
51,1,GF_01240
51,1,GF_01241
51,1,GF_01242
51,1,GF_01244
51,1,GF_01245
51,1,GF_01246
51,1,GF_01247
51,1,GF_01248
51,1,GF_01253
51,1,GF_01266
51,1,GF_01279
51,1,GF_01287
51,1,GF_01290
51,1,GF_01291
51,1,GF_01292
51,1,GF_01293
51,1,GF_01297
51,1,GF_01306
51,1,GF_01314
51,1,GF_01315
51,1,GF_01327
51,1,GF_01328
51,1,GF_01329
51,1,GF_01330
51,1,GF_01331
51,1,GF_01332
51,1,GF_01333
51,1,GF_01334
51,1,GF_01336
51,1,GF_01337
51,1,GF_01338
51,1,GF_01359
51,1,GF_01372
51,1,GF_01373
51,1,GF_01374
51,1,GF_01375
51,1,GF_01376
51,1,GF_01377
51,1,GF_01379
51,1,GF_01381
51,1,GF_01382
51,1,GF_01383
51,1,GF_01384
51,1,GF_01385
51,1,GF_01386
51,1,GF_01387
51,1,GF_01390
51,1,GF_01391
51,1,GF_01393
51,1,GF_01394
51,1,GF_01395
51,1,GF_01396
51,1,GF_01397
51,1,GF_01399
51,1,GF_01400
51,1,GF_01401
51,1,GF_01404
51,1,GF_01409
51,1,GF_01425
51,1,GF_01426
51,1,GF_01428
51,1,GF_01439
51,1,GF_01445
51,1,GF_01446
51,1,GF_01447
51,1,GF_01448
51,1,GF_01449
51,1,GF_01456
51,1,GF_01458
51,1,GF_01460
51,1,GF_01461
51,1,GF_01462
51,1,GF_01464
51,1,GF_01466
51,1,GF_01477
51,1,GF_01479
51,1,GF_01480
51,1,GF_01481
51,1,GF_01487
51,1,GF_01502
51,1,GF_01504
51,1,GF_01512
51,1,GF_01514
51,1,GF_01527
51,1,GF_01534
51,1,GF_01535
51,1,GF_01536
51,1,GF_01537
51,1,GF_01538
51,1,GF_01539
51,1,GF_01540
51,1,GF_01541
51,1,GF_01542
51,1,GF_01543
51,1,GF_01544
51,1,GF_01547
51,1,GF_01549
51,1,GF_01550
51,1,GF_01552
51,1,GF_01553
51,1,GF_01579
51,1,GF_01580
51,1,GF_01583
51,1,GF_01584
51,1,GF_01591
51,1,GF_01592
51,1,GF_01616
51,1,GF_01617
51,1,GF_01618
51,1,GF_01619
51,1,GF_01620
51,1,GF_01621
51,1,GF_01623
51,1,GF_01625
51,1,GF_01626
51,1,GF_01627
51,1,GF_01628
51,1,GF_01629
51,1,GF_01630
51,1,GF_01634
51,1,GF_01635
51,1,GF_01636
51,1,GF_01637
51,1,GF_01638
51,1,GF_01639
51,1,GF_01641
51,1,GF_01643
51,1,GF_01645
51,1,GF_01648
51,1,GF_01659
51,1,GF_01661
51,1,GF_01672
51,1,GF_01673
51,1,GF_01674
51,1,GF_01675
51,1,GF_01676
51,1,GF_01677
51,1,GF_01678
51,1,GF_01679
51,1,GF_01680
51,1,GF_01681
51,1,GF_01683
51,1,GF_01684
51,1,GF_01685
51,1,GF_01688
51,1,GF_01689
51,1,GF_01690
51,1,GF_01692
51,1,GF_01693
51,1,GF_01732
51,1,GF_01733
51,1,GF_01734
51,1,GF_01735
51,1,GF_01736
51,1,GF_01740
51,1,GF_01741
51,1,GF_01742
51,1,GF_01745
51,1,GF_01763
51,1,GF_01783
51,1,GF_01799
51,1,GF_01802
51,1,GF_01803
51,1,GF_01805
51,1,GF_01806
51,1,GF_01807
51,1,GF_01808
51,1,GF_01809
51,1,GF_01810
51,1,GF_01811
51,1,GF_01812
51,1,GF_01813
51,1,GF_01815
51,1,GF_01816
51,1,GF_01818
51,1,GF_01819
51,1,GF_01822
51,1,GF_01823
51,1,GF_01834
51,1,GF_01836
51,1,GF_01837
51,1,GF_01840
51,1,GF_01841
51,1,GF_01842
51,1,GF_01844
51,1,GF_01856
51,1,GF_01860
51,1,GF_01866
51,1,GF_01870
51,1,GF_01872
51,1,GF_01885
51,1,GF_01897
51,1,GF_01898
51,1,GF_01899
51,1,GF_01900
51,1,GF_01901
51,1,GF_01902
51,1,GF_01904
51,1,GF_01919
51,1,GF_01921
51,1,GF_01923
51,1,GF_01925
51,1,GF_01926
51,1,GF_01927
51,1,GF_01928
51,1,GF_01929
51,1,GF_01930
51,1,GF_01945
51,1,GF_02041
51,1,GF_02059
51,1,GF_02060
51,1,GF_02069
51,1,GF_02070
51,1,GF_02071
51,1,GF_02072
51,1,GF_02074
51,1,GF_02075
51,1,GF_02081
51,1,GF_02084
51,1,GF_02085
51,1,GF_02088
51,1,GF_02089
51,1,GF_02091
51,1,GF_02092
51,1,GF_02093
51,1,GF_02094
51,1,GF_02101
51,1,GF_02109
51,1,GF_02110
51,1,GF_02113
51,1,GF_02122
51,1,GF_02130
51,1,GF_02131
51,1,GF_02132
51,1,GF_02136
51,1,GF_02137
51,1,GF_02138
51,1,GF_02139
51,1,GF_02140
51,1,GF_02141
51,1,GF_02142
51,1,GF_02143
51,1,GF_02145
51,1,GF_02152
51,1,GF_02157
51,1,GF_02158
51,1,GF_02159
51,1,GF_02172
51,1,GF_02178
51,1,GF_02180
51,1,GF_02184
51,1,GF_02194
51,1,GF_02215
51,1,GF_02216
51,1,GF_02217
51,1,GF_02218
51,1,GF_02219
51,1,GF_02220
51,1,GF_02222
51,1,GF_02223
51,1,GF_02224
51,1,GF_02225
51,1,GF_02226
51,1,GF_02227
51,1,GF_02228
51,1,GF_02230
51,1,GF_02260
51,1,GF_02261
51,1,GF_02262
51,1,GF_02263
51,1,GF_02264
51,1,GF_02266
51,2,GF_00002
51,2,GF_00008
51,2,GF_00011
51,2,GF_00013
51,2,GF_00014
51,2,GF_00015
51,2,GF_00017
51,2,GF_00018
51,2,GF_00036
51,2,GF_00043
51,2,GF_00044
51,2,GF_00046
51,2,GF_00047
51,2,GF_00048
51,2,GF_00049
51,2,GF_00050
51,2,GF_00051
51,2,GF_00052
51,2,GF_00071
51,2,GF_00072
51,2,GF_00073
51,2,GF_00074
51,2,GF_00075
51,2,GF_00076
51,2,GF_00077
51,2,GF_00078
51,2,GF_00079
51,2,GF_00080
51,2,GF_00081
51,2,GF_00082
51,2,GF_00083
51,2,GF_00084
51,2,GF_00085
51,2,GF_00087
51,2,GF_00088
51,2,GF_00093
51,2,GF_00094
51,2,GF_00104
51,2,GF_00105
51,2,GF_00106
51,2,GF_00107
51,2,GF_00108
51,2,GF_00109
51,2,GF_00110
51,2,GF_00111
51,2,GF_00112
51,2,GF_00113
51,2,GF_00114
51,2,GF_00115
51,2,GF_00116
51,2,GF_00117
51,2,GF_00120
51,2,GF_00121
51,2,GF_00122
51,2,GF_00123
51,2,GF_00124
51,2,GF_00125
51,2,GF_00136
51,2,GF_00137
51,2,GF_00138
51,2,GF_00139
51,2,GF_00141
51,2,GF_00142
51,2,GF_00143
51,2,GF_00155
51,2,GF_00164
51,2,GF_00170
51,2,GF_00175
51,2,GF_00178
51,2,GF_00179
51,2,GF_00180
51,2,GF_00185
51,2,GF_00205
51,2,GF_00208
51,2,GF_00220
51,2,GF_00228
51,2,GF_00229
51,2,GF_00235
51,2,GF_00244
51,2,GF_00250
51,2,GF_00251
51,2,GF_00262
51,2,GF_00281
51,2,GF_00290
51,2,GF_00296
51,2,GF_00300
51,2,GF_00302
51,2,GF_00303
51,2,GF_00309
51,2,GF_00311
51,2,GF_00312
51,2,GF_00313
51,2,GF_00314
51,2,GF_00315
51,2,GF_00316
51,2,GF_00317
51,2,GF_00318
51,2,GF_00319
51,2,GF_00320
51,2,GF_00321
51,2,GF_00323
51,2,GF_00324
51,2,GF_00325
51,2,GF_00326
51,2,GF_00327
51,2,GF_00329
51,2,GF_00330
51,2,GF_00331
51,2,GF_00332
51,2,GF_00333
51,2,GF_00335
51,2,GF_00336
51,2,GF_00338
51,2,GF_00339
51,2,GF_00340
51,2,GF_00341
51,2,GF_00342
51,2,GF_00343
51,2,GF_00344
51,2,GF_00346
51,2,GF_00347
51,2,GF_00348
51,2,GF_00349
51,2,GF_00350
51,2,GF_00351
51,2,GF_00352
51,2,GF_00353
51,2,GF_00358
51,2,GF_00360
51,2,GF_00362
51,2,GF_00363
51,2,GF_00364
51,2,GF_00365
51,2,GF_00369
51,2,GF_00377
51,2,GF_00378
51,2,GF_00381
51,2,GF_00384
51,2,GF_00385
51,2,GF_00386
51,2,GF_00387
51,2,GF_00388
51,2,GF_00389
51,2,GF_00390
51,2,GF_00391
51,2,GF_00392
51,2,GF_00393
51,2,GF_00394
51,2,GF_00395
51,2,GF_00396
51,2,GF_00400
51,2,GF_00401
51,2,GF_00402
51,2,GF_00403
51,2,GF_00404
51,2,GF_00405
51,2,GF_00406
51,2,GF_00407
51,2,GF_00408
51,2,GF_00409
51,2,GF_00410
51,2,GF_00411
51,2,GF_00413
51,2,GF_00414
51,2,GF_00415
51,2,GF_00417
51,2,GF_00418
51,2,GF_00419
51,2,GF_00420
51,2,GF_00421
51,2,GF_00422
51,2,GF_00424
51,2,GF_00426
51,2,GF_00427
51,2,GF_00428
51,2,GF_00429
51,2,GF_00430
51,2,GF_00431
51,2,GF_00432
51,2,GF_00433
51,2,GF_00434
51,2,GF_00435
51,2,GF_00436
51,2,GF_00437
51,2,GF_00438
51,2,GF_00440
51,2,GF_00441
51,2,GF_00455
51,2,GF_00457
51,2,GF_00458
51,2,GF_00471
51,2,GF_00472
51,2,GF_00477
51,2,GF_00480
51,2,GF_00482
51,2,GF_00484
51,2,GF_00488
51,2,GF_00489
51,2,GF_00491
51,2,GF_00503
51,2,GF_00522
51,2,GF_00523
51,2,GF_00524
51,2,GF_00525
51,2,GF_00527
51,2,GF_00528
51,2,GF_00529
51,2,GF_00530
51,2,GF_00531
51,2,GF_00536
51,2,GF_00538
51,2,GF_00546
51,2,GF_00547
51,2,GF_00548
51,2,GF_00549
51,2,GF_00564
51,2,GF_00565
51,2,GF_00566
51,2,GF_00569
51,2,GF_00570
51,2,GF_00572
51,2,GF_00574
51,2,GF_00578
51,2,GF_00580
51,2,GF_00588
51,2,GF_00591
51,2,GF_00593
51,2,GF_00594
51,2,GF_00595
51,2,GF_00599
51,2,GF_00600
51,2,GF_00601
51,2,GF_00602
51,2,GF_00603
51,2,GF_00604
51,2,GF_00605
51,2,GF_00606
51,2,GF_00607
51,2,GF_00608
51,2,GF_00609
51,2,GF_00611
51,2,GF_00612
51,2,GF_00613
51,2,GF_00614
51,2,GF_00615
51,2,GF_00616
51,2,GF_00617
51,2,GF_00618
51,2,GF_00619
51,2,GF_00620
51,2,GF_00621
51,2,GF_00622
51,2,GF_00623
51,2,GF_00624
51,2,GF_00632
51,2,GF_00633
51,2,GF_00635
51,2,GF_00636
51,2,GF_00637
51,2,GF_00638
51,2,GF_00640
51,2,GF_00641
51,2,GF_00642
51,2,GF_00643
51,2,GF_00655
51,2,GF_00658
51,2,GF_00659
51,2,GF_00661
51,2,GF_00669
51,2,GF_00675
51,2,GF_00676
51,2,GF_00680
51,2,GF_00681
51,2,GF_00683
51,2,GF_00684
51,2,GF_00687
51,2,GF_00688
51,2,GF_00695
51,2,GF_00699
51,2,GF_00702
51,2,GF_00709
51,2,GF_00717
51,2,GF_00722
51,2,GF_00723
51,2,GF_00724
51,2,GF_00725
51,2,GF_00726
51,2,GF_00727
51,2,GF_00728
51,2,GF_00729
51,2,GF_00732
51,2,GF_00736
51,2,GF_00740
51,2,GF_00741
51,2,GF_00744
51,2,GF_00749
51,2,GF_00751
51,2,GF_00755
51,2,GF_00756
51,2,GF_00761
51,2,GF_00770
51,2,GF_00771
51,2,GF_00773
51,2,GF_00776
51,2,GF_00777
51,2,GF_00785
51,2,GF_00791
51,2,GF_00793
51,2,GF_00796
51,2,GF_00798
51,2,GF_00810
51,2,GF_00811
51,2,GF_00813
51,2,GF_00814
51,2,GF_00816
51,2,GF_00819
51,2,GF_00828
51,2,GF_00843
51,2,GF_00845
51,2,GF_00856
51,2,GF_00857
51,2,GF_00860
51,2,GF_00864
51,2,GF_00866
51,2,GF_00867
51,2,GF_00868
51,2,GF_00869
51,2,GF_00870
51,2,GF_00872
51,2,GF_00873
51,2,GF_00874
51,2,GF_00887
51,2,GF_00888
51,2,GF_00895
51,2,GF_00916
51,2,GF_00917
51,2,GF_00918
51,2,GF_00927
51,2,GF_00930
51,2,GF_00931
51,2,GF_00932
51,2,GF_00933
51,2,GF_00946
51,2,GF_00947
51,2,GF_00949
51,2,GF_00952
51,2,GF_00957
51,2,GF_00958
51,2,GF_00959
51,2,GF_00960
51,2,GF_00963
51,2,GF_00966
51,2,GF_00968
51,2,GF_00969
51,2,GF_00970
51,2,GF_00971
51,2,GF_00972
51,2,GF_00982
51,2,GF_00992
51,2,GF_01004
51,2,GF_01005
51,2,GF_01012
51,2,GF_01016
51,2,GF_01026
51,2,GF_01027
51,2,GF_01028
51,2,GF_01054
51,2,GF_01230
51,2,GF_01231
51,2,GF_01232
51,2,GF_01233
51,2,GF_01234
51,2,GF_01235
51,2,GF_01236
51,2,GF_01237
51,2,GF_01238
51,2,GF_01239
51,2,GF_01240
51,2,GF_01241
51,2,GF_01242
51,2,GF_01244
51,2,GF_01245
51,2,GF_01246
51,2,GF_01247
51,2,GF_01248
51,2,GF_01253
51,2,GF_01266
51,2,GF_01279
51,2,GF_01287
51,2,GF_01290
51,2,GF_01291
51,2,GF_01292
51,2,GF_01293
51,2,GF_01297
51,2,GF_01303
51,2,GF_01306
51,2,GF_01308
51,2,GF_01314
51,2,GF_01315
51,2,GF_01324
51,2,GF_01327
51,2,GF_01328
51,2,GF_01329
51,2,GF_01330
51,2,GF_01331
51,2,GF_01332
51,2,GF_01333
51,2,GF_01334
51,2,GF_01336
51,2,GF_01337
51,2,GF_01338
51,2,GF_01356
51,2,GF_01359
51,2,GF_01365
51,2,GF_01372
51,2,GF_01373
51,2,GF_01374
51,2,GF_01375
51,2,GF_01376
51,2,GF_01377
51,2,GF_01378
51,2,GF_01379
51,2,GF_01380
51,2,GF_01381
51,2,GF_01382
51,2,GF_01383
51,2,GF_01384
51,2,GF_01385
51,2,GF_01386
51,2,GF_01387
51,2,GF_01390
51,2,GF_01391
51,2,GF_01393
51,2,GF_01394
51,2,GF_01395
51,2,GF_01396
51,2,GF_01397
51,2,GF_01399
51,2,GF_01400
51,2,GF_01401
51,2,GF_01404
51,2,GF_01405
51,2,GF_01409
51,2,GF_01425
51,2,GF_01426
51,2,GF_01428
51,2,GF_01439
51,2,GF_01445
51,2,GF_01446
51,2,GF_01447
51,2,GF_01448
51,2,GF_01449
51,2,GF_01456
51,2,GF_01458
51,2,GF_01460
51,2,GF_01461
51,2,GF_01462
51,2,GF_01464
51,2,GF_01466
51,2,GF_01477
51,2,GF_01479
51,2,GF_01480
51,2,GF_01487
51,2,GF_01488
51,2,GF_01502
51,2,GF_01504
51,2,GF_01512
51,2,GF_01527
51,2,GF_01534
51,2,GF_01535
51,2,GF_01536
51,2,GF_01537
51,2,GF_01538
51,2,GF_01539
51,2,GF_01540
51,2,GF_01541
51,2,GF_01542
51,2,GF_01543
51,2,GF_01544
51,2,GF_01546
51,2,GF_01547
51,2,GF_01548
51,2,GF_01549
51,2,GF_01550
51,2,GF_01552
51,2,GF_01553
51,2,GF_01579
51,2,GF_01580
51,2,GF_01583
51,2,GF_01584
51,2,GF_01587
51,2,GF_01591
51,2,GF_01592
51,2,GF_01598
51,2,GF_01616
51,2,GF_01617
51,2,GF_01618
51,2,GF_01619
51,2,GF_01620
51,2,GF_01621
51,2,GF_01623
51,2,GF_01625
51,2,GF_01626
51,2,GF_01627
51,2,GF_01628
51,2,GF_01629
51,2,GF_01633
51,2,GF_01634
51,2,GF_01635
51,2,GF_01636
51,2,GF_01637
51,2,GF_01638
51,2,GF_01639
51,2,GF_01641
51,2,GF_01643
51,2,GF_01644
51,2,GF_01648
51,2,GF_01659
51,2,GF_01661
51,2,GF_01672
51,2,GF_01673
51,2,GF_01674
51,2,GF_01675
51,2,GF_01676
51,2,GF_01677
51,2,GF_01678
51,2,GF_01679
51,2,GF_01680
51,2,GF_01681
51,2,GF_01682
51,2,GF_01683
51,2,GF_01684
51,2,GF_01685
51,2,GF_01688
51,2,GF_01689
51,2,GF_01690
51,2,GF_01691
51,2,GF_01692
51,2,GF_01693
51,2,GF_01732
51,2,GF_01733
51,2,GF_01734
51,2,GF_01735
51,2,GF_01736
51,2,GF_01737
51,2,GF_01740
51,2,GF_01741
51,2,GF_01742
51,2,GF_01745
51,2,GF_01763
51,2,GF_01770
51,2,GF_01783
51,2,GF_01799
51,2,GF_01801
51,2,GF_01802
51,2,GF_01803
51,2,GF_01805
51,2,GF_01806
51,2,GF_01807
51,2,GF_01808
51,2,GF_01809
51,2,GF_01810
51,2,GF_01811
51,2,GF_01812
51,2,GF_01813
51,2,GF_01814
51,2,GF_01815
51,2,GF_01816
51,2,GF_01817
51,2,GF_01818
51,2,GF_01819
51,2,GF_01822
51,2,GF_01823
51,2,GF_01834
51,2,GF_01836
51,2,GF_01837
51,2,GF_01840
51,2,GF_01841
51,2,GF_01842
51,2,GF_01844
51,2,GF_01856
51,2,GF_01857
51,2,GF_01860
51,2,GF_01866
51,2,GF_01868
51,2,GF_01870
51,2,GF_01872
51,2,GF_01885
51,2,GF_01897
51,2,GF_01898
51,2,GF_01899
51,2,GF_01900
51,2,GF_01901
51,2,GF_01902
51,2,GF_01904
51,2,GF_01919
51,2,GF_01921
51,2,GF_01923
51,2,GF_01925
51,2,GF_01926
51,2,GF_01927
51,2,GF_01928
51,2,GF_01929
51,2,GF_01930
51,2,GF_01945
51,2,GF_02041
51,2,GF_02059
51,2,GF_02060
51,2,GF_02069
51,2,GF_02070
51,2,GF_02071
51,2,GF_02072
51,2,GF_02074
51,2,GF_02075
51,2,GF_02076
51,2,GF_02081
51,2,GF_02084
51,2,GF_02085
51,2,GF_02086
51,2,GF_02089
51,2,GF_02091
51,2,GF_02092
51,2,GF_02093
51,2,GF_02094
51,2,GF_02101
51,2,GF_02109
51,2,GF_02110
51,2,GF_02113
51,2,GF_02122
51,2,GF_02130
51,2,GF_02131
51,2,GF_02136
51,2,GF_02137
51,2,GF_02138
51,2,GF_02139
51,2,GF_02140
51,2,GF_02141
51,2,GF_02142
51,2,GF_02143
51,2,GF_02145
51,2,GF_02152
51,2,GF_02157
51,2,GF_02158
51,2,GF_02159
51,2,GF_02172
51,2,GF_02178
51,2,GF_02180
51,2,GF_02184
51,2,GF_02192
51,2,GF_02194
51,2,GF_02215
51,2,GF_02216
51,2,GF_02217
51,2,GF_02218
51,2,GF_02219
51,2,GF_02220
51,2,GF_02222
51,2,GF_02223
51,2,GF_02224
51,2,GF_02225
51,2,GF_02226
51,2,GF_02227
51,2,GF_02228
51,2,GF_02229
51,2,GF_02230
51,2,GF_02260
51,2,GF_02261
51,2,GF_02262
51,2,GF_02263
51,2,GF_02264
51,2,GF_02266
51,3,GF_00002
51,3,GF_00008
51,3,GF_00012
51,3,GF_00013
51,3,GF_00014
51,3,GF_00015
51,3,GF_00016
51,3,GF_00017
51,3,GF_00018
51,3,GF_00036
51,3,GF_00043
51,3,GF_00044
51,3,GF_00046
51,3,GF_00047
51,3,GF_00048
51,3,GF_00049
51,3,GF_00051
51,3,GF_00052
51,3,GF_00071
51,3,GF_00072
51,3,GF_00073
51,3,GF_00074
51,3,GF_00075
51,3,GF_00076
51,3,GF_00077
51,3,GF_00078
51,3,GF_00079
51,3,GF_00080
51,3,GF_00081
51,3,GF_00082
51,3,GF_00083
51,3,GF_00084
51,3,GF_00085
51,3,GF_00087
51,3,GF_00088
51,3,GF_00093
51,3,GF_00094
51,3,GF_00104
51,3,GF_00105
51,3,GF_00106
51,3,GF_00107
51,3,GF_00108
51,3,GF_00109
51,3,GF_00111
51,3,GF_00112
51,3,GF_00113
51,3,GF_00114
51,3,GF_00115
51,3,GF_00116
51,3,GF_00117
51,3,GF_00120
51,3,GF_00121
51,3,GF_00122
51,3,GF_00123
51,3,GF_00124
51,3,GF_00125
51,3,GF_00136
51,3,GF_00137
51,3,GF_00138
51,3,GF_00139
51,3,GF_00141
51,3,GF_00142
51,3,GF_00143
51,3,GF_00155
51,3,GF_00164
51,3,GF_00170
51,3,GF_00175
51,3,GF_00178
51,3,GF_00179
51,3,GF_00180
51,3,GF_00185
51,3,GF_00208
51,3,GF_00220
51,3,GF_00228
51,3,GF_00229
51,3,GF_00235
51,3,GF_00244
51,3,GF_00250
51,3,GF_00251
51,3,GF_00262
51,3,GF_00281
51,3,GF_00290
51,3,GF_00296
51,3,GF_00300
51,3,GF_00302
51,3,GF_00303
51,3,GF_00305
51,3,GF_00309
51,3,GF_00310
51,3,GF_00311
51,3,GF_00312
51,3,GF_00313
51,3,GF_00314
51,3,GF_00315
51,3,GF_00316
51,3,GF_00317
51,3,GF_00318
51,3,GF_00319
51,3,GF_00320
51,3,GF_00321
51,3,GF_00323
51,3,GF_00324
51,3,GF_00325
51,3,GF_00326
51,3,GF_00327
51,3,GF_00329
51,3,GF_00330
51,3,GF_00331
51,3,GF_00332
51,3,GF_00333
51,3,GF_00335
51,3,GF_00336
51,3,GF_00337
51,3,GF_00338
51,3,GF_00340
51,3,GF_00341
51,3,GF_00342
51,3,GF_00343
51,3,GF_00344
51,3,GF_00346
51,3,GF_00347
51,3,GF_00348
51,3,GF_00349
51,3,GF_00350
51,3,GF_00351
51,3,GF_00352
51,3,GF_00353
51,3,GF_00358
51,3,GF_00360
51,3,GF_00362
51,3,GF_00363
51,3,GF_00364
51,3,GF_00365
51,3,GF_00369
51,3,GF_00381
51,3,GF_00384
51,3,GF_00385
51,3,GF_00386
51,3,GF_00387
51,3,GF_00388
51,3,GF_00390
51,3,GF_00391
51,3,GF_00393
51,3,GF_00394
51,3,GF_00395
51,3,GF_00396
51,3,GF_00400
51,3,GF_00401
51,3,GF_00402
51,3,GF_00403
51,3,GF_00404
51,3,GF_00405
51,3,GF_00406
51,3,GF_00407
51,3,GF_00408
51,3,GF_00409
51,3,GF_00410
51,3,GF_00413
51,3,GF_00414
51,3,GF_00415
51,3,GF_00417
51,3,GF_00418
51,3,GF_00422
51,3,GF_00424
51,3,GF_00426
51,3,GF_00427
51,3,GF_00428
51,3,GF_00429
51,3,GF_00430
51,3,GF_00431
51,3,GF_00432
51,3,GF_00433
51,3,GF_00434
51,3,GF_00435
51,3,GF_00436
51,3,GF_00437
51,3,GF_00438
51,3,GF_00440
51,3,GF_00441
51,3,GF_00455
51,3,GF_00457
51,3,GF_00458
51,3,GF_00471
51,3,GF_00477
51,3,GF_00480
51,3,GF_00482
51,3,GF_00488
51,3,GF_00489
51,3,GF_00503
51,3,GF_00522
51,3,GF_00523
51,3,GF_00524
51,3,GF_00525
51,3,GF_00527
51,3,GF_00528
51,3,GF_00529
51,3,GF_00530
51,3,GF_00531
51,3,GF_00536
51,3,GF_00538
51,3,GF_00546
51,3,GF_00547
51,3,GF_00548
51,3,GF_00549
51,3,GF_00564
51,3,GF_00565
51,3,GF_00566
51,3,GF_00569
51,3,GF_00570
51,3,GF_00578
51,3,GF_00580
51,3,GF_00588
51,3,GF_00594
51,3,GF_00595
51,3,GF_00596
51,3,GF_00599
51,3,GF_00600
51,3,GF_00601
51,3,GF_00603
51,3,GF_00604
51,3,GF_00605
51,3,GF_00606
51,3,GF_00607
51,3,GF_00608
51,3,GF_00609
51,3,GF_00610
51,3,GF_00611
51,3,GF_00612
51,3,GF_00613
51,3,GF_00614
51,3,GF_00615
51,3,GF_00616
51,3,GF_00617
51,3,GF_00618
51,3,GF_00619
51,3,GF_00620
51,3,GF_00621
51,3,GF_00622
51,3,GF_00623
51,3,GF_00624
51,3,GF_00632
51,3,GF_00633
51,3,GF_00635
51,3,GF_00636
51,3,GF_00637
51,3,GF_00638
51,3,GF_00640
51,3,GF_00641
51,3,GF_00642
51,3,GF_00643
51,3,GF_00655
51,3,GF_00658
51,3,GF_00661
51,3,GF_00669
51,3,GF_00676
51,3,GF_00680
51,3,GF_00683
51,3,GF_00684
51,3,GF_00686
51,3,GF_00688
51,3,GF_00695
51,3,GF_00699
51,3,GF_00702
51,3,GF_00709
51,3,GF_00722
51,3,GF_00723
51,3,GF_00724
51,3,GF_00725
51,3,GF_00726
51,3,GF_00727
51,3,GF_00728
51,3,GF_00729
51,3,GF_00732
51,3,GF_00736
51,3,GF_00740
51,3,GF_00741
51,3,GF_00744
51,3,GF_00751
51,3,GF_00755
51,3,GF_00756
51,3,GF_00761
51,3,GF_00771
51,3,GF_00773
51,3,GF_00776
51,3,GF_00777
51,3,GF_00785
51,3,GF_00796
51,3,GF_00810
51,3,GF_00811
51,3,GF_00813
51,3,GF_00814
51,3,GF_00815
51,3,GF_00816
51,3,GF_00819
51,3,GF_00828
51,3,GF_00843
51,3,GF_00845
51,3,GF_00856
51,3,GF_00857
51,3,GF_00864
51,3,GF_00865
51,3,GF_00866
51,3,GF_00867
51,3,GF_00868
51,3,GF_00869
51,3,GF_00870
51,3,GF_00871
51,3,GF_00873
51,3,GF_00874
51,3,GF_00887
51,3,GF_00888
51,3,GF_00895
51,3,GF_00916
51,3,GF_00927
51,3,GF_00931
51,3,GF_00932
51,3,GF_00933
51,3,GF_00946
51,3,GF_00947
51,3,GF_00949
51,3,GF_00957
51,3,GF_00958
51,3,GF_00959
51,3,GF_00960
51,3,GF_00963
51,3,GF_00966
51,3,GF_00967
51,3,GF_00968
51,3,GF_00969
51,3,GF_00970
51,3,GF_00971
51,3,GF_00972
51,3,GF_00982
51,3,GF_01004
51,3,GF_01005
51,3,GF_01012
51,3,GF_01026
51,3,GF_01027
51,3,GF_01028
51,3,GF_01054
51,3,GF_01230
51,3,GF_01231
51,3,GF_01233
51,3,GF_01234
51,3,GF_01235
51,3,GF_01236
51,3,GF_01237
51,3,GF_01239
51,3,GF_01240
51,3,GF_01241
51,3,GF_01242
51,3,GF_01244
51,3,GF_01245
51,3,GF_01246
51,3,GF_01247
51,3,GF_01248
51,3,GF_01266
51,3,GF_01287
51,3,GF_01290
51,3,GF_01292
51,3,GF_01293
51,3,GF_01297
51,3,GF_01306
51,3,GF_01314
51,3,GF_01315
51,3,GF_01327
51,3,GF_01328
51,3,GF_01329
51,3,GF_01330
51,3,GF_01331
51,3,GF_01332
51,3,GF_01333
51,3,GF_01334
51,3,GF_01336
51,3,GF_01337
51,3,GF_01338
51,3,GF_01357
51,3,GF_01359
51,3,GF_01372
51,3,GF_01374
51,3,GF_01375
51,3,GF_01376
51,3,GF_01377
51,3,GF_01379
51,3,GF_01381
51,3,GF_01382
51,3,GF_01383
51,3,GF_01385
51,3,GF_01387
51,3,GF_01390
51,3,GF_01391
51,3,GF_01393
51,3,GF_01394
51,3,GF_01395
51,3,GF_01396
51,3,GF_01397
51,3,GF_01398
51,3,GF_01399
51,3,GF_01400
51,3,GF_01401
51,3,GF_01404
51,3,GF_01409
51,3,GF_01425
51,3,GF_01426
51,3,GF_01428
51,3,GF_01439
51,3,GF_01445
51,3,GF_01446
51,3,GF_01447
51,3,GF_01448
51,3,GF_01449
51,3,GF_01456
51,3,GF_01458
51,3,GF_01460
51,3,GF_01461
51,3,GF_01462
51,3,GF_01466
51,3,GF_01476
51,3,GF_01477
51,3,GF_01479
51,3,GF_01480
51,3,GF_01487
51,3,GF_01502
51,3,GF_01504
51,3,GF_01512
51,3,GF_01527
51,3,GF_01534
51,3,GF_01535
51,3,GF_01536
51,3,GF_01537
51,3,GF_01538
51,3,GF_01539
51,3,GF_01540
51,3,GF_01541
51,3,GF_01542
51,3,GF_01543
51,3,GF_01544
51,3,GF_01547
51,3,GF_01549
51,3,GF_01552
51,3,GF_01553
51,3,GF_01579
51,3,GF_01580
51,3,GF_01583
51,3,GF_01584
51,3,GF_01591
51,3,GF_01592
51,3,GF_01616
51,3,GF_01617
51,3,GF_01618
51,3,GF_01619
51,3,GF_01620
51,3,GF_01621
51,3,GF_01622
51,3,GF_01623
51,3,GF_01625
51,3,GF_01626
51,3,GF_01627
51,3,GF_01628
51,3,GF_01629
51,3,GF_01634
51,3,GF_01635
51,3,GF_01636
51,3,GF_01637
51,3,GF_01638
51,3,GF_01641
51,3,GF_01648
51,3,GF_01659
51,3,GF_01661
51,3,GF_01673
51,3,GF_01674
51,3,GF_01675
51,3,GF_01676
51,3,GF_01677
51,3,GF_01678
51,3,GF_01679
51,3,GF_01680
51,3,GF_01681
51,3,GF_01683
51,3,GF_01684
51,3,GF_01685
51,3,GF_01688
51,3,GF_01689
51,3,GF_01690
51,3,GF_01691
51,3,GF_01692
51,3,GF_01693
51,3,GF_01732
51,3,GF_01733
51,3,GF_01734
51,3,GF_01735
51,3,GF_01736
51,3,GF_01737
51,3,GF_01741
51,3,GF_01742
51,3,GF_01745
51,3,GF_01763
51,3,GF_01783
51,3,GF_01799
51,3,GF_01801
51,3,GF_01802
51,3,GF_01803
51,3,GF_01805
51,3,GF_01806
51,3,GF_01807
51,3,GF_01808
51,3,GF_01809
51,3,GF_01810
51,3,GF_01811
51,3,GF_01812
51,3,GF_01813
51,3,GF_01814
51,3,GF_01815
51,3,GF_01816
51,3,GF_01818
51,3,GF_01819
51,3,GF_01822
51,3,GF_01834
51,3,GF_01836
51,3,GF_01837
51,3,GF_01840
51,3,GF_01841
51,3,GF_01844
51,3,GF_01856
51,3,GF_01860
51,3,GF_01866
51,3,GF_01870
51,3,GF_01872
51,3,GF_01874
51,3,GF_01885
51,3,GF_01896
51,3,GF_01897
51,3,GF_01898
51,3,GF_01899
51,3,GF_01900
51,3,GF_01901
51,3,GF_01902
51,3,GF_01904
51,3,GF_01919
51,3,GF_01921
51,3,GF_01925
51,3,GF_01926
51,3,GF_01927
51,3,GF_01928
51,3,GF_01929
51,3,GF_01930
51,3,GF_01945
51,3,GF_02041
51,3,GF_02059
51,3,GF_02060
51,3,GF_02069
51,3,GF_02070
51,3,GF_02071
51,3,GF_02072
51,3,GF_02074
51,3,GF_02075
51,3,GF_02076
51,3,GF_02084
51,3,GF_02085
51,3,GF_02088
51,3,GF_02089
51,3,GF_02091
51,3,GF_02092
51,3,GF_02093
51,3,GF_02094
51,3,GF_02101
51,3,GF_02109
51,3,GF_02110
51,3,GF_02113
51,3,GF_02122
51,3,GF_02130
51,3,GF_02131
51,3,GF_02132
51,3,GF_02136
51,3,GF_02137
51,3,GF_02138
51,3,GF_02139
51,3,GF_02140
51,3,GF_02141
51,3,GF_02142
51,3,GF_02143
51,3,GF_02145
51,3,GF_02152
51,3,GF_02157
51,3,GF_02158
51,3,GF_02159
51,3,GF_02168
51,3,GF_02172
51,3,GF_02178
51,3,GF_02180
51,3,GF_02184
51,3,GF_02215
51,3,GF_02216
51,3,GF_02217
51,3,GF_02218
51,3,GF_02219
51,3,GF_02220
51,3,GF_02222
51,3,GF_02223
51,3,GF_02224
51,3,GF_02225
51,3,GF_02226
51,3,GF_02227
51,3,GF_02228
51,3,GF_02229
51,3,GF_02230
51,3,GF_02260
51,3,GF_02261
51,3,GF_02262
51,3,GF_02263
51,3,GF_02264
51,3,GF_02265
51,3,GF_02266
51,4,GF_00002
51,4,GF_00008
51,4,GF_00011
51,4,GF_00012
51,4,GF_00013
51,4,GF_00014
51,4,GF_00015
51,4,GF_00017
51,4,GF_00018
51,4,GF_00043
51,4,GF_00044
51,4,GF_00045
51,4,GF_00046
51,4,GF_00047
51,4,GF_00048
51,4,GF_00049
51,4,GF_00051
51,4,GF_00052
51,4,GF_00071
51,4,GF_00072
51,4,GF_00073
51,4,GF_00074
51,4,GF_00075
51,4,GF_00076
51,4,GF_00077
51,4,GF_00078
51,4,GF_00079
51,4,GF_00080
51,4,GF_00081
51,4,GF_00082
51,4,GF_00083
51,4,GF_00084
51,4,GF_00085
51,4,GF_00087
51,4,GF_00088
51,4,GF_00093
51,4,GF_00094
51,4,GF_00104
51,4,GF_00105
51,4,GF_00106
51,4,GF_00107
51,4,GF_00108
51,4,GF_00109
51,4,GF_00110
51,4,GF_00111
51,4,GF_00112
51,4,GF_00113
51,4,GF_00114
51,4,GF_00115
51,4,GF_00116
51,4,GF_00117
51,4,GF_00119
51,4,GF_00120
51,4,GF_00121
51,4,GF_00122
51,4,GF_00123
51,4,GF_00124
51,4,GF_00125
51,4,GF_00136
51,4,GF_00137
51,4,GF_00138
51,4,GF_00139
51,4,GF_00141
51,4,GF_00142
51,4,GF_00143
51,4,GF_00155
51,4,GF_00164
51,4,GF_00170
51,4,GF_00175
51,4,GF_00178
51,4,GF_00179
51,4,GF_00180
51,4,GF_00185
51,4,GF_00220
51,4,GF_00228
51,4,GF_00229
51,4,GF_00244
51,4,GF_00250
51,4,GF_00251
51,4,GF_00262
51,4,GF_00281
51,4,GF_00290
51,4,GF_00296
51,4,GF_00300
51,4,GF_00302
51,4,GF_00303
51,4,GF_00305
51,4,GF_00309
51,4,GF_00310
51,4,GF_00311
51,4,GF_00312
51,4,GF_00313
51,4,GF_00314
51,4,GF_00315
51,4,GF_00316
51,4,GF_00317
51,4,GF_00318
51,4,GF_00319
51,4,GF_00320
51,4,GF_00321
51,4,GF_00322
51,4,GF_00323
51,4,GF_00324
51,4,GF_00325
51,4,GF_00326
51,4,GF_00327
51,4,GF_00329
51,4,GF_00330
51,4,GF_00331
51,4,GF_00332
51,4,GF_00333
51,4,GF_00335
51,4,GF_00336
51,4,GF_00338
51,4,GF_00339
51,4,GF_00340
51,4,GF_00341
51,4,GF_00342
51,4,GF_00343
51,4,GF_00344
51,4,GF_00346
51,4,GF_00347
51,4,GF_00348
51,4,GF_00349
51,4,GF_00350
51,4,GF_00351
51,4,GF_00352
51,4,GF_00353
51,4,GF_00355
51,4,GF_00358
51,4,GF_00360
51,4,GF_00362
51,4,GF_00363
51,4,GF_00364
51,4,GF_00365
51,4,GF_00369
51,4,GF_00381
51,4,GF_00384
51,4,GF_00385
51,4,GF_00386
51,4,GF_00387
51,4,GF_00388
51,4,GF_00389
51,4,GF_00390
51,4,GF_00391
51,4,GF_00393
51,4,GF_00394
51,4,GF_00395
51,4,GF_00396
51,4,GF_00400
51,4,GF_00401
51,4,GF_00402
51,4,GF_00403
51,4,GF_00404
51,4,GF_00405
51,4,GF_00407
51,4,GF_00408
51,4,GF_00409
51,4,GF_00410
51,4,GF_00413
51,4,GF_00414
51,4,GF_00415
51,4,GF_00417
51,4,GF_00418
51,4,GF_00419
51,4,GF_00421
51,4,GF_00422
51,4,GF_00424
51,4,GF_00426
51,4,GF_00427
51,4,GF_00428
51,4,GF_00429
51,4,GF_00430
51,4,GF_00431
51,4,GF_00432
51,4,GF_00433
51,4,GF_00434
51,4,GF_00435
51,4,GF_00436
51,4,GF_00437
51,4,GF_00438
51,4,GF_00440
51,4,GF_00441
51,4,GF_00455
51,4,GF_00457
51,4,GF_00458
51,4,GF_00459
51,4,GF_00460
51,4,GF_00471
51,4,GF_00480
51,4,GF_00488
51,4,GF_00489
51,4,GF_00503
51,4,GF_00522
51,4,GF_00523
51,4,GF_00524
51,4,GF_00525
51,4,GF_00527
51,4,GF_00528
51,4,GF_00529
51,4,GF_00530
51,4,GF_00531
51,4,GF_00536
51,4,GF_00538
51,4,GF_00546
51,4,GF_00547
51,4,GF_00548
51,4,GF_00549
51,4,GF_00564
51,4,GF_00565
51,4,GF_00566
51,4,GF_00569
51,4,GF_00570
51,4,GF_00572
51,4,GF_00574
51,4,GF_00578
51,4,GF_00580
51,4,GF_00594
51,4,GF_00595
51,4,GF_00599
51,4,GF_00600
51,4,GF_00601
51,4,GF_00603
51,4,GF_00604
51,4,GF_00605
51,4,GF_00606
51,4,GF_00607
51,4,GF_00608
51,4,GF_00609
51,4,GF_00611
51,4,GF_00612
51,4,GF_00613
51,4,GF_00614
51,4,GF_00615
51,4,GF_00616
51,4,GF_00617
51,4,GF_00618
51,4,GF_00619
51,4,GF_00620
51,4,GF_00621
51,4,GF_00622
51,4,GF_00623
51,4,GF_00624
51,4,GF_00632
51,4,GF_00633
51,4,GF_00634
51,4,GF_00635
51,4,GF_00636
51,4,GF_00637
51,4,GF_00638
51,4,GF_00639
51,4,GF_00640
51,4,GF_00641
51,4,GF_00642
51,4,GF_00643
51,4,GF_00655
51,4,GF_00658
51,4,GF_00661
51,4,GF_00669
51,4,GF_00676
51,4,GF_00680
51,4,GF_00681
51,4,GF_00682
51,4,GF_00683
51,4,GF_00684
51,4,GF_00687
51,4,GF_00688
51,4,GF_00695
51,4,GF_00699
51,4,GF_00702
51,4,GF_00709
51,4,GF_00722
51,4,GF_00723
51,4,GF_00724
51,4,GF_00725
51,4,GF_00726
51,4,GF_00727
51,4,GF_00728
51,4,GF_00729
51,4,GF_00732
51,4,GF_00736
51,4,GF_00740
51,4,GF_00741
51,4,GF_00744
51,4,GF_00751
51,4,GF_00755
51,4,GF_00756
51,4,GF_00761
51,4,GF_00771
51,4,GF_00773
51,4,GF_00776
51,4,GF_00777
51,4,GF_00796
51,4,GF_00810
51,4,GF_00811
51,4,GF_00813
51,4,GF_00814
51,4,GF_00815
51,4,GF_00819
51,4,GF_00828
51,4,GF_00845
51,4,GF_00856
51,4,GF_00857
51,4,GF_00860
51,4,GF_00864
51,4,GF_00866
51,4,GF_00867
51,4,GF_00868
51,4,GF_00869
51,4,GF_00870
51,4,GF_00871
51,4,GF_00873
51,4,GF_00874
51,4,GF_00888
51,4,GF_00895
51,4,GF_00916
51,4,GF_00931
51,4,GF_00932
51,4,GF_00933
51,4,GF_00946
51,4,GF_00947
51,4,GF_00949
51,4,GF_00957
51,4,GF_00958
51,4,GF_00959
51,4,GF_00960
51,4,GF_00963
51,4,GF_00966
51,4,GF_00967
51,4,GF_00968
51,4,GF_00969
51,4,GF_00970
51,4,GF_00971
51,4,GF_00982
51,4,GF_01005
51,4,GF_01026
51,4,GF_01027
51,4,GF_01028
51,4,GF_01054
51,4,GF_01147
51,4,GF_01230
51,4,GF_01231
51,4,GF_01232
51,4,GF_01233
51,4,GF_01234
51,4,GF_01235
51,4,GF_01236
51,4,GF_01237
51,4,GF_01239
51,4,GF_01240
51,4,GF_01242
51,4,GF_01244
51,4,GF_01245
51,4,GF_01246
51,4,GF_01247
51,4,GF_01248
51,4,GF_01266
51,4,GF_01287
51,4,GF_01290
51,4,GF_01292
51,4,GF_01293
51,4,GF_01297
51,4,GF_01306
51,4,GF_01314
51,4,GF_01315
51,4,GF_01327
51,4,GF_01328
51,4,GF_01329
51,4,GF_01330
51,4,GF_01331
51,4,GF_01332
51,4,GF_01333
51,4,GF_01334
51,4,GF_01336
51,4,GF_01337
51,4,GF_01338
51,4,GF_01372
51,4,GF_01373
51,4,GF_01374
51,4,GF_01375
51,4,GF_01376
51,4,GF_01377
51,4,GF_01379
51,4,GF_01381
51,4,GF_01382
51,4,GF_01383
51,4,GF_01385
51,4,GF_01386
51,4,GF_01387
51,4,GF_01390
51,4,GF_01391
51,4,GF_01392
51,4,GF_01393
51,4,GF_01394
51,4,GF_01395
51,4,GF_01396
51,4,GF_01397
51,4,GF_01398
51,4,GF_01399
51,4,GF_01400
51,4,GF_01401
51,4,GF_01409
51,4,GF_01425
51,4,GF_01426
51,4,GF_01428
51,4,GF_01439
51,4,GF_01445
51,4,GF_01446
51,4,GF_01447
51,4,GF_01448
51,4,GF_01449
51,4,GF_01456
51,4,GF_01458
51,4,GF_01460
51,4,GF_01461
51,4,GF_01462
51,4,GF_01466
51,4,GF_01476
51,4,GF_01477
51,4,GF_01479
51,4,GF_01480
51,4,GF_01481
51,4,GF_01487
51,4,GF_01502
51,4,GF_01504
51,4,GF_01512
51,4,GF_01514
51,4,GF_01527
51,4,GF_01533
51,4,GF_01534
51,4,GF_01536
51,4,GF_01538
51,4,GF_01539
51,4,GF_01540
51,4,GF_01541
51,4,GF_01542
51,4,GF_01543
51,4,GF_01544
51,4,GF_01547
51,4,GF_01549
51,4,GF_01552
51,4,GF_01553
51,4,GF_01579
51,4,GF_01580
51,4,GF_01583
51,4,GF_01584
51,4,GF_01591
51,4,GF_01592
51,4,GF_01616
51,4,GF_01617
51,4,GF_01618
51,4,GF_01619
51,4,GF_01620
51,4,GF_01621
51,4,GF_01623
51,4,GF_01626
51,4,GF_01627
51,4,GF_01628
51,4,GF_01629
51,4,GF_01630
51,4,GF_01634
51,4,GF_01635
51,4,GF_01636
51,4,GF_01637
51,4,GF_01638
51,4,GF_01639
51,4,GF_01641
51,4,GF_01648
51,4,GF_01659
51,4,GF_01661
51,4,GF_01672
51,4,GF_01673
51,4,GF_01674
51,4,GF_01675
51,4,GF_01676
51,4,GF_01677
51,4,GF_01678
51,4,GF_01679
51,4,GF_01680
51,4,GF_01681
51,4,GF_01683
51,4,GF_01684
51,4,GF_01685
51,4,GF_01688
51,4,GF_01689
51,4,GF_01690
51,4,GF_01691
51,4,GF_01692
51,4,GF_01693
51,4,GF_01732
51,4,GF_01733
51,4,GF_01734
51,4,GF_01735
51,4,GF_01736
51,4,GF_01737
51,4,GF_01740
51,4,GF_01741
51,4,GF_01742
51,4,GF_01745
51,4,GF_01763
51,4,GF_01783
51,4,GF_01797
51,4,GF_01799
51,4,GF_01801
51,4,GF_01802
51,4,GF_01803
51,4,GF_01805
51,4,GF_01806
51,4,GF_01807
51,4,GF_01808
51,4,GF_01809
51,4,GF_01811
51,4,GF_01812
51,4,GF_01813
51,4,GF_01814
51,4,GF_01815
51,4,GF_01816
51,4,GF_01818
51,4,GF_01819
51,4,GF_01822
51,4,GF_01823
51,4,GF_01834
51,4,GF_01836
51,4,GF_01837
51,4,GF_01840
51,4,GF_01841
51,4,GF_01842
51,4,GF_01844
51,4,GF_01856
51,4,GF_01860
51,4,GF_01866
51,4,GF_01870
51,4,GF_01898
51,4,GF_01899
51,4,GF_01900
51,4,GF_01901
51,4,GF_01902
51,4,GF_01904
51,4,GF_01919
51,4,GF_01921
51,4,GF_01923
51,4,GF_01925
51,4,GF_01926
51,4,GF_01927
51,4,GF_01928
51,4,GF_01929
51,4,GF_01930
51,4,GF_01945
51,4,GF_02041
51,4,GF_02059
51,4,GF_02060
51,4,GF_02070
51,4,GF_02071
51,4,GF_02072
51,4,GF_02073
51,4,GF_02075
51,4,GF_02076
51,4,GF_02084
51,4,GF_02085
51,4,GF_02086
51,4,GF_02088
51,4,GF_02089
51,4,GF_02091
51,4,GF_02092
51,4,GF_02093
51,4,GF_02094
51,4,GF_02101
51,4,GF_02109
51,4,GF_02110
51,4,GF_02122
51,4,GF_02130
51,4,GF_02131
51,4,GF_02132
51,4,GF_02136
51,4,GF_02137
51,4,GF_02138
51,4,GF_02139
51,4,GF_02140
51,4,GF_02141
51,4,GF_02142
51,4,GF_02145
51,4,GF_02152
51,4,GF_02157
51,4,GF_02158
51,4,GF_02159
51,4,GF_02172
51,4,GF_02178
51,4,GF_02180
51,4,GF_02184
51,4,GF_02194
51,4,GF_02216
51,4,GF_02217
51,4,GF_02218
51,4,GF_02219
51,4,GF_02220
51,4,GF_02223
51,4,GF_02224
51,4,GF_02225
51,4,GF_02226
51,4,GF_02227
51,4,GF_02228
51,4,GF_02229
51,4,GF_02230
51,4,GF_02239
51,4,GF_02260
51,4,GF_02261
51,4,GF_02262
51,4,GF_02263
51,4,GF_02264
51,4,GF_02266
51,5,GF_00002
51,5,GF_00008
51,5,GF_00011
51,5,GF_00012
51,5,GF_00013
51,5,GF_00014
51,5,GF_00015
51,5,GF_00017
51,5,GF_00018
51,5,GF_00036
51,5,GF_00043
51,5,GF_00044
51,5,GF_00046
51,5,GF_00047
51,5,GF_00048
51,5,GF_00049
51,5,GF_00051
51,5,GF_00052
51,5,GF_00071
51,5,GF_00072
51,5,GF_00073
51,5,GF_00074
51,5,GF_00075
51,5,GF_00076
51,5,GF_00077
51,5,GF_00078
51,5,GF_00079
51,5,GF_00080
51,5,GF_00081
51,5,GF_00082
51,5,GF_00083
51,5,GF_00084
51,5,GF_00085
51,5,GF_00087
51,5,GF_00088
51,5,GF_00093
51,5,GF_00094
51,5,GF_00104
51,5,GF_00105
51,5,GF_00106
51,5,GF_00107
51,5,GF_00108
51,5,GF_00109
51,5,GF_00111
51,5,GF_00112
51,5,GF_00113
51,5,GF_00114
51,5,GF_00115
51,5,GF_00116
51,5,GF_00117
51,5,GF_00119
51,5,GF_00120
51,5,GF_00121
51,5,GF_00122
51,5,GF_00123
51,5,GF_00124
51,5,GF_00125
51,5,GF_00136
51,5,GF_00137
51,5,GF_00138
51,5,GF_00139
51,5,GF_00141
51,5,GF_00142
51,5,GF_00143
51,5,GF_00155
51,5,GF_00164
51,5,GF_00170
51,5,GF_00175
51,5,GF_00178
51,5,GF_00179
51,5,GF_00180
51,5,GF_00181
51,5,GF_00185
51,5,GF_00208
51,5,GF_00220
51,5,GF_00228
51,5,GF_00229
51,5,GF_00235
51,5,GF_00244
51,5,GF_00250
51,5,GF_00251
51,5,GF_00262
51,5,GF_00281
51,5,GF_00290
51,5,GF_00296
51,5,GF_00300
51,5,GF_00302
51,5,GF_00303
51,5,GF_00305
51,5,GF_00309
51,5,GF_00311
51,5,GF_00312
51,5,GF_00313
51,5,GF_00314
51,5,GF_00315
51,5,GF_00316
51,5,GF_00317
51,5,GF_00318
51,5,GF_00319
51,5,GF_00320
51,5,GF_00321
51,5,GF_00322
51,5,GF_00323
51,5,GF_00324
51,5,GF_00325
51,5,GF_00326
51,5,GF_00327
51,5,GF_00329
51,5,GF_00330
51,5,GF_00331
51,5,GF_00333
51,5,GF_00335
51,5,GF_00336
51,5,GF_00339
51,5,GF_00340
51,5,GF_00341
51,5,GF_00342
51,5,GF_00343
51,5,GF_00344
51,5,GF_00346
51,5,GF_00347
51,5,GF_00348
51,5,GF_00349
51,5,GF_00350
51,5,GF_00351
51,5,GF_00352
51,5,GF_00353
51,5,GF_00355
51,5,GF_00358
51,5,GF_00360
51,5,GF_00362
51,5,GF_00363
51,5,GF_00364
51,5,GF_00365
51,5,GF_00369
51,5,GF_00381
51,5,GF_00384
51,5,GF_00385
51,5,GF_00386
51,5,GF_00387
51,5,GF_00388
51,5,GF_00390
51,5,GF_00391
51,5,GF_00393
51,5,GF_00395
51,5,GF_00396
51,5,GF_00400
51,5,GF_00401
51,5,GF_00402
51,5,GF_00403
51,5,GF_00404
51,5,GF_00405
51,5,GF_00406
51,5,GF_00407
51,5,GF_00408
51,5,GF_00409
51,5,GF_00410
51,5,GF_00413
51,5,GF_00414
51,5,GF_00415
51,5,GF_00418
51,5,GF_00422
51,5,GF_00424
51,5,GF_00426
51,5,GF_00427
51,5,GF_00428
51,5,GF_00429
51,5,GF_00430
51,5,GF_00431
51,5,GF_00432
51,5,GF_00433
51,5,GF_00434
51,5,GF_00435
51,5,GF_00436
51,5,GF_00437
51,5,GF_00438
51,5,GF_00440
51,5,GF_00441
51,5,GF_00455
51,5,GF_00456
51,5,GF_00457
51,5,GF_00458
51,5,GF_00460
51,5,GF_00471
51,5,GF_00477
51,5,GF_00482
51,5,GF_00488
51,5,GF_00489
51,5,GF_00503
51,5,GF_00522
51,5,GF_00523
51,5,GF_00524
51,5,GF_00525
51,5,GF_00527
51,5,GF_00528
51,5,GF_00529
51,5,GF_00530
51,5,GF_00531
51,5,GF_00536
51,5,GF_00538
51,5,GF_00546
51,5,GF_00547
51,5,GF_00548
51,5,GF_00549
51,5,GF_00564
51,5,GF_00565
51,5,GF_00566
51,5,GF_00569
51,5,GF_00570
51,5,GF_00580
51,5,GF_00588
51,5,GF_00594
51,5,GF_00595
51,5,GF_00599
51,5,GF_00600
51,5,GF_00601
51,5,GF_00603
51,5,GF_00604
51,5,GF_00605
51,5,GF_00606
51,5,GF_00607
51,5,GF_00608
51,5,GF_00609
51,5,GF_00611
51,5,GF_00612
51,5,GF_00613
51,5,GF_00614
51,5,GF_00615
51,5,GF_00616
51,5,GF_00617
51,5,GF_00618
51,5,GF_00619
51,5,GF_00620
51,5,GF_00621
51,5,GF_00622
51,5,GF_00623
51,5,GF_00624
51,5,GF_00632
51,5,GF_00633
51,5,GF_00635
51,5,GF_00636
51,5,GF_00637
51,5,GF_00638
51,5,GF_00640
51,5,GF_00642
51,5,GF_00643
51,5,GF_00655
51,5,GF_00658
51,5,GF_00659
51,5,GF_00661
51,5,GF_00669
51,5,GF_00680
51,5,GF_00681
51,5,GF_00682
51,5,GF_00683
51,5,GF_00684
51,5,GF_00686
51,5,GF_00687
51,5,GF_00688
51,5,GF_00699
51,5,GF_00702
51,5,GF_00709
51,5,GF_00723
51,5,GF_00725
51,5,GF_00726
51,5,GF_00727
51,5,GF_00728
51,5,GF_00729
51,5,GF_00736
51,5,GF_00740
51,5,GF_00741
51,5,GF_00744
51,5,GF_00751
51,5,GF_00755
51,5,GF_00756
51,5,GF_00761
51,5,GF_00771
51,5,GF_00773
51,5,GF_00776
51,5,GF_00777
51,5,GF_00785
51,5,GF_00796
51,5,GF_00810
51,5,GF_00811
51,5,GF_00813
51,5,GF_00814
51,5,GF_00816
51,5,GF_00819
51,5,GF_00828
51,5,GF_00843
51,5,GF_00845
51,5,GF_00857
51,5,GF_00860
51,5,GF_00864
51,5,GF_00866
51,5,GF_00868
51,5,GF_00869
51,5,GF_00870
51,5,GF_00871
51,5,GF_00872
51,5,GF_00873
51,5,GF_00874
51,5,GF_00887
51,5,GF_00888
51,5,GF_00895
51,5,GF_00916
51,5,GF_00927
51,5,GF_00931
51,5,GF_00932
51,5,GF_00933
51,5,GF_00946
51,5,GF_00947
51,5,GF_00949
51,5,GF_00957
51,5,GF_00958
51,5,GF_00959
51,5,GF_00960
51,5,GF_00966
51,5,GF_00968
51,5,GF_00969
51,5,GF_00970
51,5,GF_00971
51,5,GF_00972
51,5,GF_00982
51,5,GF_01004
51,5,GF_01005
51,5,GF_01012
51,5,GF_01026
51,5,GF_01027
51,5,GF_01028
51,5,GF_01054
51,5,GF_01230
51,5,GF_01231
51,5,GF_01232
51,5,GF_01233
51,5,GF_01234
51,5,GF_01235
51,5,GF_01236
51,5,GF_01237
51,5,GF_01239
51,5,GF_01240
51,5,GF_01241
51,5,GF_01244
51,5,GF_01245
51,5,GF_01246
51,5,GF_01247
51,5,GF_01248
51,5,GF_01266
51,5,GF_01287
51,5,GF_01290
51,5,GF_01291
51,5,GF_01292
51,5,GF_01293
51,5,GF_01297
51,5,GF_01306
51,5,GF_01314
51,5,GF_01315
51,5,GF_01327
51,5,GF_01329
51,5,GF_01330
51,5,GF_01331
51,5,GF_01332
51,5,GF_01333
51,5,GF_01334
51,5,GF_01336
51,5,GF_01337
51,5,GF_01338
51,5,GF_01357
51,5,GF_01359
51,5,GF_01374
51,5,GF_01375
51,5,GF_01376
51,5,GF_01377
51,5,GF_01379
51,5,GF_01381
51,5,GF_01382
51,5,GF_01383
51,5,GF_01385
51,5,GF_01386
51,5,GF_01387
51,5,GF_01390
51,5,GF_01391
51,5,GF_01393
51,5,GF_01394
51,5,GF_01395
51,5,GF_01396
51,5,GF_01397
51,5,GF_01399
51,5,GF_01400
51,5,GF_01401
51,5,GF_01404
51,5,GF_01409
51,5,GF_01425
51,5,GF_01426
51,5,GF_01428
51,5,GF_01439
51,5,GF_01445
51,5,GF_01446
51,5,GF_01448
51,5,GF_01449
51,5,GF_01456
51,5,GF_01458
51,5,GF_01460
51,5,GF_01461
51,5,GF_01462
51,5,GF_01466
51,5,GF_01476
51,5,GF_01477
51,5,GF_01479
51,5,GF_01481
51,5,GF_01487
51,5,GF_01502
51,5,GF_01512
51,5,GF_01514
51,5,GF_01527
51,5,GF_01534
51,5,GF_01536
51,5,GF_01538
51,5,GF_01539
51,5,GF_01540
51,5,GF_01541
51,5,GF_01542
51,5,GF_01543
51,5,GF_01544
51,5,GF_01547
51,5,GF_01549
51,5,GF_01552
51,5,GF_01553
51,5,GF_01579
51,5,GF_01580
51,5,GF_01583
51,5,GF_01584
51,5,GF_01591
51,5,GF_01592
51,5,GF_01618
51,5,GF_01619
51,5,GF_01620
51,5,GF_01621
51,5,GF_01623
51,5,GF_01625
51,5,GF_01626
51,5,GF_01627
51,5,GF_01628
51,5,GF_01629
51,5,GF_01635
51,5,GF_01636
51,5,GF_01637
51,5,GF_01638
51,5,GF_01641
51,5,GF_01648
51,5,GF_01661
51,5,GF_01673
51,5,GF_01674
51,5,GF_01675
51,5,GF_01676
51,5,GF_01677
51,5,GF_01678
51,5,GF_01679
51,5,GF_01680
51,5,GF_01681
51,5,GF_01683
51,5,GF_01684
51,5,GF_01685
51,5,GF_01688
51,5,GF_01689
51,5,GF_01690
51,5,GF_01691
51,5,GF_01692
51,5,GF_01693
51,5,GF_01732
51,5,GF_01733
51,5,GF_01734
51,5,GF_01735
51,5,GF_01736
51,5,GF_01737
51,5,GF_01741
51,5,GF_01742
51,5,GF_01763
51,5,GF_01783
51,5,GF_01798
51,5,GF_01799
51,5,GF_01801
51,5,GF_01802
51,5,GF_01803
51,5,GF_01805
51,5,GF_01806
51,5,GF_01807
51,5,GF_01808
51,5,GF_01809
51,5,GF_01810
51,5,GF_01811
51,5,GF_01812
51,5,GF_01813
51,5,GF_01814
51,5,GF_01815
51,5,GF_01816
51,5,GF_01818
51,5,GF_01819
51,5,GF_01822
51,5,GF_01834
51,5,GF_01836
51,5,GF_01837
51,5,GF_01840
51,5,GF_01841
51,5,GF_01842
51,5,GF_01844
51,5,GF_01856
51,5,GF_01860
51,5,GF_01870
51,5,GF_01872
51,5,GF_01885
51,5,GF_01897
51,5,GF_01898
51,5,GF_01899
51,5,GF_01900
51,5,GF_01901
51,5,GF_01902
51,5,GF_01903
51,5,GF_01904
51,5,GF_01919
51,5,GF_01921
51,5,GF_01925
51,5,GF_01926
51,5,GF_01927
51,5,GF_01928
51,5,GF_01929
51,5,GF_01930
51,5,GF_01945
51,5,GF_02041
51,5,GF_02060
51,5,GF_02069
51,5,GF_02070
51,5,GF_02071
51,5,GF_02072
51,5,GF_02074
51,5,GF_02075
51,5,GF_02076
51,5,GF_02084
51,5,GF_02085
51,5,GF_02088
51,5,GF_02089
51,5,GF_02091
51,5,GF_02092
51,5,GF_02093
51,5,GF_02094
51,5,GF_02101
51,5,GF_02110
51,5,GF_02113
51,5,GF_02122
51,5,GF_02130
51,5,GF_02131
51,5,GF_02132
51,5,GF_02136
51,5,GF_02137
51,5,GF_02138
51,5,GF_02139
51,5,GF_02140
51,5,GF_02142
51,5,GF_02143
51,5,GF_02145
51,5,GF_02152
51,5,GF_02157
51,5,GF_02158
51,5,GF_02168
51,5,GF_02172
51,5,GF_02178
51,5,GF_02180
51,5,GF_02184
51,5,GF_02215
51,5,GF_02216
51,5,GF_02217
51,5,GF_02218
51,5,GF_02219
51,5,GF_02220
51,5,GF_02222
51,5,GF_02223
51,5,GF_02224
51,5,GF_02225
51,5,GF_02226
51,5,GF_02227
51,5,GF_02228
51,5,GF_02229
51,5,GF_02230
51,5,GF_02260
51,5,GF_02262
51,5,GF_02263
51,5,GF_02264
51,5,GF_02266
