gene_family,product,priority_tier,candidate_set,model_score,consensus_rank_pct_mean,scope_adjusted_story_score,released_consensus_rank_within476,released_LR_rank_within476,selected_of50,positive_coefficient_fits,negative_coefficient_fits,zero_coefficient_fits,positive_fraction_when_selected,mean_signed_coefficient_including_unselected_zero,min_selected_coefficient,max_selected_coefficient,median_rank_within476,min_rank_within476,max_rank_within476,top50_partitions,top100_partitions,old_rank,new_rank,coefficient_has_both_signs,rank_shift
GF_00658,ATP-dependent protease ATP-binding subunit ClpX,Tier A: story-leading accessory,Model-Supported,2,0.6088516746411483,7.65,159.0,347.0,50,46,4,0,0.92,0.0383179613504223,-0.0064438022942913,0.1149852853038739,322.5,281.0,352.0,0,0,159.0,97.0,True,-62.0
GF_00623,peptide chain release factor 3,Tier A: story-leading accessory,Model-Supported,2,0.5454545454545454,7.55,208.0,266.0,50,44,6,0,0.88,0.050116964786406,-0.0441239322973903,0.1190013931708019,236.0,189.0,281.0,0,0,208.0,262.0,True,54.0
GF_01387,2-isopropylmalate synthase,Tier A: story-leading accessory,Model-Supported,2,0.3827751196172249,7.45,339.0,466.0,50,27,23,0,0.54,-0.0010906157953113,-0.0859526961877211,0.0814391680701572,393.5,350.0,472.0,0,0,339.0,382.0,True,43.0
GF_00051,threonine synthase,Tier A: story-leading accessory,Model-Supported,2,0.3323365231259968,7.25,383.0,409.0,50,12,38,0,0.24,-0.0116852350126929,-0.0463118083223423,0.0490485709040672,426.0,357.0,464.0,0,0,383.0,328.0,True,-55.0
GF_00122,S-(hydroxymethyl)glutathione dehydrogenase/class III alcohol dehydrogenase,Tier A: story-leading accessory,Model-Supported,2,0.5526315789473684,7.25,203.0,234.0,50,42,8,0,0.84,0.0758477489567439,-0.1134594595883029,0.1798379237003463,111.0,67.0,209.0,0,5,203.0,104.5,True,-98.5
GF_00143,ketol-acid reductoisomerase,Tier A: story-leading accessory,Model-Supported,2,0.3074162679425837,7.25,398.0,196.0,50,43,7,0,0.86,0.0660301358221765,-0.0555704025366428,0.1211530977929669,174.0,140.0,185.0,0,0,398.0,430.0,True,32.0
GF_00303,glycosyltransferase family 2 protein,Tier A: story-leading accessory,Model-Supported,2,0.5542264752791068,7.25,198.0,223.0,50,48,2,0,0.96,0.0434343930136535,-0.0490051790883494,0.1217591900736821,294.5,210.0,319.0,0,0,198.0,339.0,True,141.0
GF_00771,NYN domain-containing protein,Tier A: story-leading accessory,Model-Supported,2,0.8460925039872409,7.25,35.0,122.0,50,50,0,0,1.0,0.0940945231078388,0.0205875028142887,0.1937205853574231,111.5,95.0,121.0,0,1,35.0,32.0,False,-3.0
GF_01233,glutamate-1-semialdehyde 2%2C1-aminomutase,Tier A: story-leading accessory,Model-Supported,2,0.5446570972886763,7.25,210.0,191.0,50,41,9,0,0.82,0.0537839225205047,-0.0812308136142913,0.1303821116835866,197.0,140.0,242.0,0,0,210.0,258.0,True,48.0
GF_01542,tRNA (N6-isopentenyl adenosine(37)-C2)-methylthiotransferase MiaB,Tier A: story-leading accessory,Model-Supported,2,0.6232057416267942,7.25,146.0,465.0,50,31,19,0,0.62,0.0099181775106053,-0.0556208711501835,0.0988431413889754,431.5,287.0,466.0,0,0,146.0,156.5,True,10.5
GF_01689,ATP-dependent Clp protease proteolytic subunit,Tier A: story-leading accessory,Model-Supported,2,0.4011164274322168,7.25,329.0,431.0,50,30,20,0,0.6,0.0128644835080965,-0.0812990555894018,0.0739688041085309,402.5,265.0,461.0,0,0,329.0,199.5,True,-129.5
GF_00343,translation initiation factor IF-1,De-emphasize: housekeeping/lineage,Model-Supported,2,0.5833333333333334,6.45,179.0,86.0,50,50,0,0,1.0,0.1105777588123131,0.0335565073422046,0.1587990855757001,79.5,61.0,86.0,0,10,179.0,180.0,False,1.0
GF_02140,elongation factor G,De-emphasize: housekeeping/lineage,Model-Supported,2,0.6200159489633174,6.25,149.5,372.0,50,19,31,0,0.38,-0.0117509643739655,-0.1217679374844283,0.0872298120180867,315.5,216.0,357.0,0,0,149.5,302.0,True,152.5
GF_00614,molecular chaperone DnaK,Tier A: story-leading accessory,Model-Supported,2,0.2368421052631578,6.25,435.0,436.0,50,33,17,0,0.66,0.0146991659098669,-0.0450737646989913,0.0711612384347331,432.0,369.0,449.0,0,0,435.0,378.0,True,-57.0
GF_01799,chaperonin GroEL,Tier A: story-leading accessory,Model-Supported,2,0.3438995215311005,6.25,377.0,30.0,50,50,0,0,1.0,0.1545449244524611,0.0225342138549997,0.2623206405950378,31.5,27.0,46.0,10,10,377.0,377.0,False,0.0
GF_00290,ATP-dependent Clp protease ATP-binding subunit,Tier A: story-leading accessory,Model-Supported,2,0.3165869218500797,6.15,392.0,139.0,50,50,0,0,1.0,0.0878233960037907,0.0246460624274589,0.1285210260580511,132.0,115.0,135.0,0,0,392.0,405.0,False,13.0
GF_00300,magnesium-protoporphyrin IX monomethyl ester (oxidative) cyclase,Tier A: story-leading accessory,Model-Supported,2,0.9505582137161084,6.15,7.0,62.0,50,50,0,0,1.0,0.1152324396641953,0.0183018422239332,0.1948042020713657,71.5,53.0,79.0,0,10,7.0,3.0,False,-4.0
GF_00536,gas vesicle structural protein GvpA,Tier A: story-leading accessory,Model-Supported,2,0.79585326953748,6.15,49.0,58.0,50,48,2,0,0.96,0.1017123452058912,-0.0328526398994205,0.2522400732973224,97.0,57.0,118.0,0,6,49.0,73.0,True,24.0
GF_00916,NAD(P)H-quinone oxidoreductase subunit H,Tier A: story-leading accessory,Model-Supported,2,0.492822966507177,6.15,253.0,344.0,50,40,10,0,0.8,0.040457827813323,-0.0363027014657204,0.1347183337502501,264.5,217.0,355.0,0,0,253.0,354.0,True,101.0
GF_02262,co-chaperone GroES,Tier A: story-leading accessory,Model-Supported,2,0.775518341307815,6.15,58.0,49.0,50,44,6,0,0.88,0.122241628021811,-0.0494656898606024,0.2681694745234178,50.0,41.0,60.0,5,10,58.0,86.0,True,28.0
GF_00741,3-isopropylmalate dehydrogenase,Tier A: story-leading accessory,Model-Supported,2,0.4665071770334928,6.05,268.5,416.0,50,32,18,0,0.64,0.0114521194280746,-0.0473183900192279,0.0759973620139197,416.0,333.0,458.0,0,0,268.5,158.0,True,-110.5
GF_01376,3-isopropylmalate dehydratase large subunit,Tier A: story-leading accessory,Model-Supported,2,0.636762360446571,6.05,136.0,218.0,50,43,7,0,0.86,0.0585130703984455,-0.1037221181771678,0.1397171864605372,205.5,103.0,237.0,0,0,136.0,102.0,True,-34.0
GF_01449,(E)-4-hydroxy-3-methylbut-2-enyl-diphosphate synthase,Tier A: story-leading accessory,Model-Supported,2,0.1218102073365231,6.05,466.0,341.0,50,10,40,0,0.2,-0.0090940683590107,-0.0674047787373578,0.1007051041859232,348.0,308.0,409.0,0,0,466.0,428.0,True,-38.0
GF_01479,translational GTPase TypA,Tier A: story-leading accessory,Model-Supported,2,0.242822966507177,6.05,431.0,403.0,50,44,6,0,0.88,0.030006225945681,-0.0294028757465128,0.1204550921701461,361.0,294.0,395.0,0,0,431.0,375.5,True,-55.5
GF_00081,sugar phosphate nucleotidyltransferase,Tier B: strong cross-evidence accessory,Model-Supported,2,0.5944976076555024,5.95,169.5,41.0,50,50,0,0,1.0,0.1519331371647041,0.0681608019201688,0.2598254080415653,32.5,30.0,39.0,10,10,169.5,124.0,False,-45.5
GF_00726,circadian clock protein KaiC,Tier B: strong cross-evidence accessory,Model-Supported,2,0.5717703349282297,5.95,186.0,240.0,50,0,50,0,0.0,-0.0499570057484196,-0.1046263177883738,-0.0046923904235438,266.0,233.0,283.0,0,0,186.0,420.0,False,234.0
GF_01383,magnesium chelatase ATPase subunit I,Tier B: strong cross-evidence accessory,Model-Supported,2,0.8205741626794258,5.95,44.0,174.0,50,46,4,0,0.92,0.0680188229604072,-0.0445486423234776,0.139608854146642,167.0,140.0,219.0,0,0,44.0,45.0,True,1.0
GF_01446,LL-diaminopimelate aminotransferase,Tier B: strong cross-evidence accessory,Model-Supported,2,0.6483253588516746,5.95,124.0,143.0,50,0,50,0,0.0,-0.086099196719957,-0.1383615726455976,-0.0171231541262695,133.0,121.0,153.0,0,0,124.0,167.0,False,43.0
GF_01930,response regulator transcription factor,Tier B: strong cross-evidence accessory,Model-Supported,2,0.7723285486443381,5.75,59.0,34.0,50,49,1,0,0.98,0.1459373179855416,-0.0226795670651391,0.2402314279990179,38.0,29.0,43.0,10,10,59.0,23.0,True,-36.0
GF_00043,alpha-ketoacid dehydrogenase subunit beta,Tier B: strong cross-evidence accessory,Model-Supported,2,0.6427432216905902,5.75,129.0,148.0,50,42,8,0,0.84,0.0551899761675375,-0.0953627594103528,0.1611142120312581,208.5,127.0,251.0,0,0,129.0,178.0,True,49.0
GF_00044,chlorophyll a/b-binding protein,Tier B: strong cross-evidence accessory,Model-Supported,2,0.7711323763955343,5.75,60.0,46.0,50,45,5,0,0.9,0.121611814280356,-0.0515271548198538,0.2843889334545392,51.0,36.0,85.0,4,10,60.0,43.0,True,-17.0
GF_00072,TRC40/GET3/ArsA family transport-energizing ATPase,Tier B: strong cross-evidence accessory,Model-Supported,2,0.2635566188197767,5.75,423.0,425.0,50,44,6,0,0.88,0.0274685119012422,-0.0157917800185132,0.086098691946465,382.0,359.0,401.0,0,0,423.0,419.0,True,-4.0
GF_00079,ATP-dependent Clp protease proteolytic subunit,Tier B: strong cross-evidence accessory,Model-Supported,2,0.7196969696969697,5.75,78.0,126.0,50,49,1,0,0.98,0.0931357450174014,-0.0017964347760265,0.1777921151594584,109.0,99.0,141.0,0,1,78.0,52.0,True,-26.0
GF_00085,adenylosuccinate lyase,Tier B: strong cross-evidence accessory,Model-Supported,2,0.6319776714513556,5.75,139.0,296.0,50,19,31,0,0.38,-0.0199333358415632,-0.1331528240950489,0.0670223253603105,301.0,240.0,452.0,0,0,139.0,117.0,True,-22.0
GF_00093,global nitrogen regulator NtcA,Tier B: strong cross-evidence accessory,Model-Supported,2,0.2994417862838915,5.75,404.0,410.0,50,38,12,0,0.76,0.0152561573786694,-0.0438154237416471,0.05888943972574,436.0,361.0,456.0,0,0,404.0,332.0,True,-72.0
GF_00104,15-cis-phytoene desaturase,Tier B: strong cross-evidence accessory,Model-Supported,2,0.6008771929824561,5.75,165.0,290.0,50,25,25,0,0.5,0.0066999752778652,-0.118546373853451,0.1119092536879861,373.5,214.0,466.0,0,0,165.0,183.0,True,18.0
GF_00136,ferredoxin:protochlorophyllide reductase (ATP-dependent) subunit B,Tier B: strong cross-evidence accessory,Model-Supported,2,0.1770334928229665,5.75,453.0,411.0,50,9,41,0,0.18,-0.0275245155484428,-0.0967561284922781,0.0565090623716753,311.5,280.0,385.0,0,0,453.0,435.0,True,-18.0
GF_00164,tRNA uridine-5-carboxymethylaminomethyl(34) synthesis enzyme MnmG,Tier B: strong cross-evidence accessory,Model-Supported,2,0.7906698564593302,5.75,51.0,141.0,50,50,0,0,1.0,0.0910666435364169,0.0041558607789943,0.1439392248714282,123.5,102.0,135.0,0,0,51.0,74.0,False,23.0
GF_00281,carbon dioxide-concentrating mechanism protein CcmK,Tier B: strong cross-evidence accessory,Model-Supported,2,0.1664673046251993,5.75,458.0,306.0,50,40,10,0,0.8,0.0233751590930457,-0.1147018968500966,0.088800167216548,313.0,186.0,343.0,0,0,458.0,453.0,True,-5.0
GF_00318,NAD(P)H-quinone oxidoreductase subunit N,Tier B: strong cross-evidence accessory,Model-Supported,2,0.5765550239234449,5.75,184.0,132.0,50,50,0,0,1.0,0.0926018775060757,0.0188549094825799,0.1832910527559283,120.5,89.0,137.0,0,1,184.0,222.0,False,38.0
GF_00340,DUF3155 domain-containing protein,Tier B: strong cross-evidence accessory,Model-Supported,2,0.6798245614035088,5.75,99.0,205.0,50,50,0,0,1.0,0.0631680521776485,0.0046578664138819,0.1513124958903816,210.0,171.0,222.0,0,0,99.0,87.0,False,-12.0
GF_00350,ribulose-phosphate 3-epimerase,Tier B: strong cross-evidence accessory,Model-Supported,2,0.458133971291866,5.75,280.0,161.0,50,48,2,0,0.96,0.0743668614584874,-0.0935649725640655,0.1744538289623691,159.0,98.0,172.0,0,1,280.0,349.5,True,69.5
GF_00352,thioredoxin,Tier B: strong cross-evidence accessory,Model-Supported,2,0.7256778309409888,5.75,74.0,170.0,50,45,5,0,0.9,0.0627648334976381,-0.0452443674550816,0.1597835619713279,202.0,133.0,237.0,0,0,74.0,46.0,True,-28.0
GF_00360,inorganic diphosphatase,Tier B: strong cross-evidence accessory,Model-Supported,2,0.2986443381180223,5.75,405.0,332.0,50,30,20,0,0.6,0.0159823158281976,-0.0483601363153156,0.1127640986652578,374.5,304.0,412.0,0,0,405.0,155.0,True,-250.0
GF_00436,adenylosuccinate synthase,Tier B: strong cross-evidence accessory,Model-Supported,2,0.3791866028708134,5.75,340.0,376.0,50,31,19,0,0.62,0.0164900292430229,-0.0816630219941907,0.1224763690427791,305.5,233.0,386.0,0,0,340.0,319.0,True,-21.0
GF_00622,amino acid ABC transporter ATP-binding protein,Tier B: strong cross-evidence accessory,Model-Supported,2,0.8943381180223285,5.75,14.0,135.0,50,49,1,0,0.98,0.0822406910215438,-0.0288226281190499,0.2056838583688018,145.0,119.0,155.0,0,0,14.0,16.0,True,2.0
GF_00624,NADP-dependent isocitrate dehydrogenase,Tier B: strong cross-evidence accessory,Model-Supported,2,0.4242424242424242,5.75,304.0,382.0,50,10,40,0,0.2,-0.0194516648567163,-0.0692974881933015,0.0608595534584186,397.0,313.0,429.0,0,0,304.0,321.0,True,17.0
GF_00751,ribose-phosphate pyrophosphokinase,Tier B: strong cross-evidence accessory,Model-Supported,2,0.3572567783094099,5.75,366.5,201.0,50,0,50,0,0.0,-0.0730989696516992,-0.1130453298785033,-0.0040266734810295,168.5,153.0,196.0,0,0,366.5,240.0,False,-126.5
GF_00816,excinuclease ABC subunit UvrB,Tier B: strong cross-evidence accessory,Model-Supported,2,0.5801435406698565,5.75,183.0,169.0,46,41,5,0,0.8913043478260869,0.0614812643437956,-0.0344074460227928,0.1627638340723331,185.5,112.0,309.0,0,0,183.0,188.0,True,5.0
GF_00845,circadian clock protein KaiB,Tier B: strong cross-evidence accessory,Model-Supported,2,0.1658692185007974,5.75,459.0,422.0,50,41,9,0,0.82,0.0188607177923955,-0.0857561530502774,0.0783930373517797,389.5,270.0,442.0,0,0,459.0,431.5,True,-27.5
GF_00968,Fe-S cluster assembly protein SufB,Tier B: strong cross-evidence accessory,Model-Supported,2,0.6862041467304625,5.75,97.0,115.0,50,44,6,0,0.88,0.0925737801074862,-0.0191301905138925,0.165623388048283,113.0,92.0,123.0,0,2,97.0,92.0,True,-5.0
GF_01235,1%2C4-dihydroxy-2-naphthoyl-CoA synthase,Tier B: strong cross-evidence accessory,Model-Supported,2,0.3999202551834131,5.75,330.0,119.0,50,49,1,0,0.98,0.0895578966875648,-0.0174328417053043,0.1298510956511169,119.5,116.0,133.0,0,0,330.0,368.0,True,38.0
GF_01297,cytochrome b6,Ubiquitous control: no presence/absence contrast,Model-Supported,2,0.0466507177033492,5.75,475.0,475.0,50,0,0,50,0.0,0.0,0.0,0.0,475.0,475.0,475.0,0,0,475.0,475.0,False,0.0
GF_01395,P-II family nitrogen regulator,Tier B: strong cross-evidence accessory,Model-Supported,2,0.2751196172248804,5.75,417.0,237.0,50,41,9,0,0.82,0.0551948815477992,-0.0521032073172759,0.1186680235325949,226.0,155.0,251.0,0,0,417.0,442.0,True,25.0
GF_01527,tryptophan synthase subunit beta,Tier B: strong cross-evidence accessory,Model-Supported,2,0.303030303030303,5.75,401.0,369.0,50,7,43,0,0.14,-0.0215411286156047,-0.0530853297864055,0.0355355146833865,399.5,334.0,445.0,0,0,401.0,459.0,True,58.0
GF_01541,acetyl-CoA carboxylase biotin carboxylase subunit,Tier B: strong cross-evidence accessory,Model-Supported,2,0.5944976076555024,5.75,169.5,258.0,50,50,0,0,1.0,0.0533620565317622,0.0143569470077751,0.1185142280766647,244.0,225.0,284.0,0,0,169.5,248.0,False,78.5
GF_01690,CTP synthase,Tier B: strong cross-evidence accessory,Model-Supported,2,0.4936204146730462,5.75,252.0,208.0,50,7,43,0,0.14,-0.0641434255115444,-0.1581887928367261,0.0970230761443507,185.0,97.0,212.0,0,1,252.0,243.0,True,-9.0
GF_01816,photosynthetic/respiratory NAD(P)H-quinone oxidoreductase subunit K,Tier B: strong cross-evidence accessory,Model-Supported,2,0.6614832535885167,5.75,112.0,134.0,50,0,50,0,0.0,-0.091078509614751,-0.1617214479296308,-0.0285568986432807,125.5,99.0,134.0,0,2,112.0,204.0,False,92.0
GF_01818,glucose-6-phosphate dehydrogenase,Tier B: strong cross-evidence accessory,Model-Supported,2,0.5227272727272727,5.75,226.0,305.0,50,42,8,0,0.84,0.0385184603600234,-0.0776087613034437,0.1127501383425739,272.0,185.0,343.0,0,0,226.0,360.0,True,134.0
GF_01860,hypothetical protein,Tier B: strong cross-evidence accessory,Model-Supported,2,0.6582934609250399,5.75,115.0,423.0,50,21,29,0,0.42,-0.0002024848139404,-0.0594972958905602,0.065342618559685,413.5,383.0,454.0,0,0,115.0,236.0,True,121.0
GF_02130,NYN domain-containing protein,Tier B: strong cross-evidence accessory,Model-Supported,2,0.6124401913875598,5.75,156.5,76.0,50,48,2,0,0.96,0.1177166266708769,-0.0048518102994498,0.1798790075312333,64.0,57.0,74.0,0,10,156.5,121.0,True,-35.5
GF_02172,GTP cyclohydrolase I FolE,Tier B: strong cross-evidence accessory,Model-Supported,2,0.5247208931419458,5.75,224.0,112.0,50,5,45,0,0.1,-0.0998968784694594,-0.2119471975590049,0.0489296845418122,91.0,47.0,128.0,1,6,224.0,238.5,True,14.5
GF_01397,form I ribulose bisphosphate carboxylase large subunit,Tier B: strong cross-evidence accessory,Model-Supported,2,0.2188995215311004,5.25,443.0,367.0,50,38,12,0,0.76,0.0163226965624134,-0.1181478897875653,0.0797752370089842,349.0,216.0,379.0,0,0,443.0,359.0,True,-84.0
GF_00349,elongation factor Tu,De-emphasize: housekeeping/lineage,Model-Supported,2,0.6168261562998405,5.15,151.0,50.0,50,50,0,0,1.0,0.1282045385503633,0.0851958385286417,0.1798676924448273,52.5,39.0,59.0,4,10,151.0,257.0,False,106.0
GF_00353,30S ribosomal protein S5,De-emphasize: housekeeping/lineage,Model-Supported,2,0.3281499202551834,5.15,387.0,469.0,50,20,30,0,0.4,-0.0051989636591934,-0.0572564769322528,0.0509921800152714,445.0,374.0,464.0,0,0,387.0,277.0,True,-110.0
GF_00393,DNA-directed RNA polymerase subunit beta,De-emphasize: housekeeping/lineage,Model-Supported,2,0.4497607655502392,5.15,286.0,79.0,50,50,0,0,1.0,0.1174511438276394,0.0431119645869988,0.1557481255607057,69.0,54.0,77.0,0,10,286.0,250.5,False,-35.5
GF_00688,30S ribosomal protein S13,De-emphasize: housekeeping/lineage,Model-Supported,2,0.414274322169059,5.15,313.5,374.0,50,11,39,0,0.22,-0.0397251618764416,-0.2156795169026684,0.0979870939333976,246.5,122.0,366.0,0,0,313.5,203.0,True,-110.5
GF_00323,peptide chain release factor 1,Tier B: strong cross-evidence accessory,Model-Supported,2,0.6463317384370015,5.15,125.5,163.0,50,48,2,0,0.96,0.0723001159388435,-0.019298701385766,0.1488836037869348,163.5,141.0,215.0,0,0,125.0,139.0,True,14.0
GF_00435,rod shape-determining protein,Tier B: strong cross-evidence accessory,Model-Supported,2,0.534688995215311,5.15,215.0,45.0,50,50,0,0,1.0,0.1444145814203284,0.0423695874451611,0.1957846389997544,37.0,33.0,43.0,10,10,215.0,267.0,False,52.0
GF_00455,chorismate synthase,Tier B: strong cross-evidence accessory,Model-Supported,2,0.8740031897926634,5.15,19.5,35.0,50,48,2,0,0.96,0.1528439473944076,-0.014346232114126,0.2460247655748347,32.5,29.0,36.0,10,10,19.5,36.0,True,16.5
GF_02071,methionine adenosyltransferase,Tier B: strong cross-evidence accessory,Model-Supported,2,0.8991228070175439,5.15,13.0,168.0,50,49,1,0,0.98,0.0873176116101443,-0.0390024718491839,0.1654299816894558,128.5,92.0,162.0,0,1,13.0,9.0,True,-4.0
GF_00727,ATP-dependent zinc metalloprotease FtsH3,De-emphasize: housekeeping/lineage,Model-Supported,2,0.2200956937799043,5.05,442.0,464.0,50,21,29,0,0.42,0.0027485595265638,-0.0376801463772058,0.0572550743076984,449.0,419.0,462.0,0,0,442.0,454.0,True,12.0
GF_00796,50S ribosomal protein L11,De-emphasize: housekeeping/lineage,Model-Supported,2,0.868421052631579,5.05,25.0,69.0,50,50,0,0,1.0,0.1259726259962768,0.055192547766294,0.2170526744535418,55.0,44.0,64.0,3,10,25.0,31.0,False,6.0
GF_00857,F0F1 ATP synthase subunit alpha,De-emphasize: housekeeping/lineage,Model-Supported,2,0.6606858054226475,5.05,113.0,82.0,50,50,0,0,1.0,0.110151001716724,0.0250353745977347,0.2583089870204289,81.0,61.0,90.0,0,10,113.5,37.0,False,-76.5
GF_01399,30S ribosomal protein S1,De-emphasize: housekeeping/lineage,Model-Supported,2,0.8831738437001595,5.05,16.0,47.0,50,48,2,0,0.96,0.1324461078560942,-0.0667653126573047,0.2785731456105996,45.0,34.0,53.0,8,10,16.0,20.0,True,4.0
GF_01926,DNA-directed RNA polymerase subunit gamma,De-emphasize: housekeeping/lineage,Model-Supported,2,0.3684210526315789,5.05,357.0,217.0,50,35,15,0,0.7,0.0286384548478523,-0.0865350876028467,0.1385808712496697,247.5,166.0,351.0,0,0,357.0,433.0,True,76.0
GF_00094,class II fructose-bisphosphatase,Tier B: strong cross-evidence accessory,Model-Supported,2,0.5538277511961722,5.05,199.0,297.0,50,44,6,0,0.88,0.0439170110940567,-0.0293261719664089,0.1322568938978824,273.0,232.0,312.0,0,0,199.0,282.0,True,83.0
GF_00124,urease subunit gamma,Tier B: strong cross-evidence accessory,Model-Supported,2,0.5805422647527911,5.05,182.0,226.0,50,3,47,0,0.06,-0.0616144396223225,-0.1618350850871092,0.0465916438566088,200.0,133.0,269.0,0,0,182.0,145.5,True,-36.5
GF_00434,GuaB3 family IMP dehydrogenase-related protein,Tier B: strong cross-evidence accessory,Model-Supported,2,0.6156299840510367,5.05,154.0,88.0,50,0,50,0,0.0,-0.1133461448672411,-0.1947011319459466,-0.0269420775577938,71.5,61.0,90.0,0,10,154.0,129.0,False,-25.0
GF_00488,dihydroxy-acid dehydratase,Tier B: strong cross-evidence accessory,Model-Supported,2,0.7236842105263158,5.05,75.5,123.0,50,0,50,0,0.0,-0.1002896816731406,-0.1783782677388933,-0.0182729995401513,98.5,76.0,114.0,0,5,75.5,210.0,False,134.5
GF_00895,allophycocyanin subunit alpha,Tier B: strong cross-evidence accessory,Model-Supported,2,0.4441786283891547,5.05,292.0,138.0,50,48,2,0,0.96,0.0795160236973929,-0.025830534890342,0.148521803110714,151.5,122.0,162.0,0,0,292.0,231.0,True,-61.0
GF_01393,HU family DNA-binding protein,Tier B: strong cross-evidence accessory,Model-Supported,2,0.3309409888357256,5.05,385.0,324.0,50,46,4,0,0.92,0.047284003669885,-0.0455174151516396,0.1401749670912426,263.0,178.0,309.0,0,0,385.0,163.0,True,-222.0
GF_02136,NAD(P)H-quinone oxidoreductase subunit I,Tier B: strong cross-evidence accessory,Model-Supported,2,0.0996810207336523,5.05,469.0,460.0,50,41,9,0,0.82,0.0182613913132009,-0.0215074637687935,0.0716518137283307,421.0,402.0,448.0,0,0,469.0,425.0,True,-44.0
GF_00309,photosystem I core protein PsaA,De-emphasize: housekeeping/lineage,Model-Supported,2,0.3090111642743222,4.95,396.0,104.0,50,50,0,0,1.0,0.0992355671686262,0.0347747342285366,0.1499193502939113,101.5,89.0,113.0,0,4,396.0,418.0,False,22.0
GF_00958,50S ribosomal protein L14,De-emphasize: housekeeping/lineage,Model-Supported,2,0.511164274322169,4.95,237.0,171.0,50,2,48,0,0.04,-0.0888956907635583,-0.1805701914842696,0.0132718186058906,122.5,90.0,167.0,0,1,237.5,209.0,True,-28.5
GF_01580,F0F1 ATP synthase subunit beta,De-emphasize: housekeeping/lineage,Model-Supported,2,0.8600478468899522,4.95,27.0,33.0,50,50,0,0,1.0,0.1643971008315944,0.0668137408410578,0.2970836168988704,26.0,24.0,32.0,10,10,27.0,38.0,False,11.0
GF_01900,photosystem II reaction center protein CP43,De-emphasize: housekeeping/lineage,Model-Supported,2,0.2400318979266348,4.95,433.0,396.0,50,39,11,0,0.78,0.022531103646129,-0.0559444971863028,0.0838376007269822,336.5,293.0,411.0,0,0,433.0,399.0,True,-34.0
GF_00314,glycolate oxidase subunit GlcD,Tier B: strong cross-evidence accessory,Model-Supported,2,0.481658692185008,4.95,258.0,300.0,50,0,50,0,0.0,-0.0508239487480945,-0.1054891235496391,-0.0012299613444032,258.5,238.0,272.0,0,0,258.0,250.5,False,-7.5
GF_00405,acetylglutamate kinase,Tier B: strong cross-evidence accessory,Model-Supported,2,0.5462519936204147,4.95,207.0,291.0,50,7,43,0,0.14,-0.0403805941025356,-0.126134327485331,0.0455765905591717,293.0,234.0,320.0,0,0,207.0,79.0,True,-128.0
GF_00655,ABC-F family ATP-binding cassette domain-containing protein,Tier B: strong cross-evidence accessory,Model-Supported,2,0.4043062200956938,4.95,323.5,287.0,50,15,35,0,0.3,-0.0184240193077793,-0.0908188664738877,0.0525179501992581,380.5,234.0,446.0,0,0,323.5,185.5,True,-138.0
GF_01328,Lin0512 family protein,Tier B: strong cross-evidence accessory,Model-Supported,2,0.9728867623604466,4.95,2.0,4.0,34,34,0,0,1.0,0.2259095748102634,0.2137037645594693,0.4171121652474516,12.5,4.0,20.0,10,10,2.0,1.0,False,-1.0
GF_01338,Mrp/NBP35 family ATP-binding protein,Tier B: strong cross-evidence accessory,Model-Supported,2,0.6439393939393939,4.95,128.0,313.0,50,13,37,0,0.26,-0.0218983591423036,-0.0882893020686581,0.064005620651129,348.5,288.0,431.0,0,0,128.0,218.0,True,90.0
GF_01381,cysteine synthase A,Tier B: strong cross-evidence accessory,Model-Supported,2,0.7045454545454546,4.95,85.5,137.0,50,46,4,0,0.92,0.095322540285601,-0.059599935126495,0.1613952889031328,101.0,63.0,120.0,0,5,85.5,148.0,True,62.5
GF_01477,urease subunit alpha,Tier B: strong cross-evidence accessory,Model-Supported,2,0.5211323763955342,4.95,229.0,454.0,50,14,36,0,0.28,-0.0147563945628259,-0.0829306468982532,0.0633775596770165,404.0,281.0,457.0,0,0,228.5,409.0,True,180.5
GF_01945,response regulator transcription factor RpaB,Ubiquitous control: no presence/absence contrast,Model-Supported,2,0.0466507177033492,4.95,475.0,475.0,50,0,0,50,0.0,0.0,0.0,0.0,475.0,475.0,475.0,0,0,475.0,475.0,False,0.0
GF_02141,transketolase,Tier B: strong cross-evidence accessory,Model-Supported,2,0.9792663476874004,4.95,1.0,16.0,40,40,0,0,1.0,0.1648201545106078,0.1258836199397426,0.2826688640427018,28.0,23.0,32.0,10,10,1.0,47.0,False,46.0
GF_02143,iron-sulfur cluster assembly accessory protein,Tier B: strong cross-evidence accessory,Model-Supported,2,0.6140350877192983,4.95,155.0,93.0,40,39,1,0,0.975,0.0768572053055399,-0.0361496968140865,0.1733298671784489,158.0,113.0,205.0,0,0,155.0,83.0,True,-72.0
GF_02227,class II fructose-bisphosphate aldolase,Tier B: strong cross-evidence accessory,Model-Supported,2,0.3576555023923445,4.95,364.5,346.0,50,33,17,0,0.66,0.0208292393740391,-0.0414562446967269,0.1109466157858871,332.0,272.0,466.0,0,0,365.0,415.0,True,50.0
GF_00404,threonine--tRNA ligase,De-emphasize: housekeeping/lineage,Model-Supported,2,0.4433811802232855,4.75,293.0,397.0,50,11,39,0,0.22,-0.0233699895161894,-0.1234009187143617,0.0365655886781253,360.5,327.0,445.0,0,0,293.0,205.0,True,-88.0
GF_00531,30S ribosomal protein S19,De-emphasize: housekeeping/lineage,Model-Supported,2,0.4661084529505582,4.75,270.5,316.0,50,2,48,0,0.04,-0.0471718679135354,-0.0977602554034904,0.0070500552087202,272.0,232.0,319.0,0,0,271.0,234.0,True,-37.0
GF_00755,50S ribosomal protein L16,De-emphasize: housekeeping/lineage,Model-Supported,2,0.416267942583732,4.75,307.0,243.0,50,9,41,0,0.18,-0.0568849245602075,-0.1208794188610169,0.0840121756245609,199.5,136.0,222.0,0,0,307.0,318.0,True,11.0
GF_01460,50S ribosomal protein L7/L12,De-emphasize: housekeeping/lineage,Model-Supported,2,0.5677830940988836,4.75,193.0,220.0,50,10,40,0,0.2,-0.0349624736957842,-0.1108149827358604,0.0650860654137311,285.5,205.0,379.0,0,0,193.0,100.0,True,-93.0
GF_01904,photosystem I core protein PsaB,De-emphasize: housekeeping/lineage,Model-Supported,2,0.6535087719298246,4.75,118.5,44.0,50,50,0,0,1.0,0.1426356331312681,0.0690405442188466,0.2056135010346345,38.0,28.0,45.0,10,10,118.0,99.0,False,-19.0
GF_00015,stress-responsive protein Ycf46,Tier B: strong cross-evidence accessory,Model-Supported,2,0.25,4.75,428.5,468.0,50,21,29,0,0.42,-0.0038576412343315,-0.0489003605340245,0.0304905970359991,452.5,394.0,468.0,0,0,428.5,345.0,True,-83.5
GF_00017,DUF1257 domain-containing protein,Tier B: strong cross-evidence accessory,Model-Supported,2,0.2814992025518341,4.75,413.0,195.0,50,47,3,0,0.94,0.0674899222026681,-0.015858031628818,0.1166166767581664,179.0,167.0,198.0,0,0,413.0,400.0,True,-13.0
GF_00047,NAD-dependent epimerase/dehydratase family protein,Tier B: strong cross-evidence accessory,Model-Supported,2,0.6056618819776715,4.75,164.0,325.0,50,34,16,0,0.68,0.0250053229852853,-0.0832922467348672,0.1340424002265298,343.0,249.0,383.0,0,0,164.0,271.5,True,107.5
GF_00075,Hsp33 family molecular chaperone HslO,Tier B: strong cross-evidence accessory,Model-Supported,2,0.2551834130781499,4.75,426.0,189.0,50,45,5,0,0.9,0.0700650062431784,-0.0317088556115298,0.1485485572716819,172.5,145.0,198.0,0,0,426.0,165.5,True,-260.5
GF_00083,DUF6679 family protein,Tier B: strong cross-evidence accessory,Model-Supported,2,0.8050239234449761,4.75,46.0,38.0,50,49,1,0,0.98,0.1398929481249619,-0.0020546140637228,0.2903977617038984,41.0,32.0,49.0,10,10,46.0,28.0,True,-18.0
GF_00088,NADH-quinone oxidoreductase subunit NuoK,Tier B: strong cross-evidence accessory,Model-Supported,2,0.1164274322169059,4.75,467.0,388.0,50,14,36,0,0.28,-0.0096248025888587,-0.0467090275392353,0.0863781037142834,384.0,301.0,412.0,0,0,467.0,456.0,True,-11.0
GF_00112,lactoylglutathione lyase,Tier B: strong cross-evidence accessory,Model-Supported,2,0.527511961722488,4.75,222.0,239.0,50,9,41,0,0.18,-0.0490255335417526,-0.2045117278564378,0.034640960386785,244.0,197.0,297.0,0,0,222.0,160.0,True,-62.0
GF_00175,DUF433 domain-containing protein,Tier B: strong cross-evidence accessory,Model-Supported,2,0.7763157894736842,4.75,57.0,1.0,50,50,0,0,1.0,0.4584554971215412,0.0745781684218814,0.6150412539353114,1.0,1.0,1.0,10,10,57.0,22.0,False,-35.0
GF_00235,response regulator transcription factor,Tier B: strong cross-evidence accessory,Model-Supported,2,0.7121212121212122,4.75,83.0,84.0,39,39,0,0,1.0,0.0856777612382057,0.0233435535675447,0.2038687695094601,137.5,59.0,197.0,0,2,83.0,78.0,False,-5.0
GF_00244,type II toxin-antitoxin system HicB family antitoxin,Tier B: strong cross-evidence accessory,Model-Supported,2,0.4286283891547049,4.75,302.0,179.0,50,37,13,0,0.74,0.0324717476274119,-0.0919250874335927,0.1657862268213732,286.5,151.0,360.0,0,0,302.0,311.0,True,9.0
GF_00296,ACR3 family arsenite efflux transporter,Tier B: strong cross-evidence accessory,Model-Supported,2,0.6889952153110048,4.75,95.0,145.0,50,49,1,0,0.98,0.0906796424794231,-0.0351299158277799,0.1895432436224073,121.0,84.0,159.0,0,2,95.0,197.0,True,102.0
GF_00313,4-hydroxy-3-methylbut-2-enyl diphosphate reductase,Tier B: strong cross-evidence accessory,Model-Supported,2,0.5550239234449761,4.75,197.0,328.0,50,41,9,0,0.82,0.0292643178705906,-0.0262559915904136,0.0831171299190004,349.5,316.0,418.0,0,0,197.0,253.0,True,56.0
GF_00316,UDP-glucose/GDP-mannose dehydrogenase family protein,Tier B: strong cross-evidence accessory,Model-Supported,2,0.687799043062201,4.75,96.0,185.0,50,38,12,0,0.76,0.0350224517066751,-0.1275124721881856,0.1350215964325214,253.5,137.0,336.0,0,0,96.0,151.0,True,55.0
GF_00320,transketolase,Tier B: strong cross-evidence accessory,Model-Supported,2,0.5657894736842105,4.75,194.0,284.0,50,39,11,0,0.78,0.0515017960117568,-0.1390103870838411,0.1827115513646684,192.0,92.0,252.0,0,1,194.0,230.0,True,36.0
GF_00324,ATP-dependent sacrificial sulfur transferase LarE,Tier B: strong cross-evidence accessory,Model-Supported,2,0.5011961722488039,4.75,245.5,192.0,49,44,5,0,0.8979591836734694,0.0687257581695632,-0.0580327002296148,0.1906053569110356,151.0,127.0,356.0,0,0,245.5,119.5,True,-126.0
GF_00326,ferredoxin:protochlorophyllide reductase (ATP-dependent) iron-sulfur ATP-binding protein,Tier B: strong cross-evidence accessory,Model-Supported,2,0.6638755980861244,4.75,109.0,68.0,50,50,0,0,1.0,0.1187554020756871,0.0047899770240347,0.1795899313617379,67.0,46.0,78.0,1,10,109.0,132.5,False,23.5
GF_00330,3-deoxy-7-phosphoheptulonate synthase,Tier B: strong cross-evidence accessory,Model-Supported,2,0.8720095693779905,4.75,22.0,87.0,50,50,0,0,1.0,0.1216987363725118,0.0179420539085914,0.1909142301555944,61.5,43.0,74.0,2,10,22.0,15.0,False,-7.0
GF_00335,LysR family transcriptional regulator,Tier B: strong cross-evidence accessory,Model-Supported,2,0.6004784688995215,4.75,166.0,380.0,50,23,27,0,0.46,-0.0029330424941784,-0.0744361786021791,0.0936825531910063,386.0,290.0,459.0,0,0,166.0,181.5,True,15.5
GF_00395,glutamate synthase large subunit,Tier B: strong cross-evidence accessory,Model-Supported,2,0.4820574162679426,4.75,257.0,303.0,50,44,6,0,0.88,0.0389703728802909,-0.0811207038223313,0.1255137463806355,289.0,216.0,351.0,0,0,257.0,141.0,True,-116.0
GF_00396,CO2 hydration protein,Tier B: strong cross-evidence accessory,Model-Supported,2,0.7496012759170654,4.75,67.0,70.0,50,0,50,0,0.0,-0.1144082115279571,-0.2245691961508708,-0.0598800667662816,70.5,60.0,82.0,0,10,67.0,191.0,False,124.0
GF_00400,cytochrome b6-f complex subunit V,Tier B: strong cross-evidence accessory,Model-Supported,2,0.6750398724082934,4.75,102.0,263.0,50,30,20,0,0.6,0.0094549531586622,-0.1438815900014804,0.1203521105229129,305.0,176.0,378.0,0,0,102.0,227.0,True,125.0
GF_00414,cytochrome b559 subunit beta,Tier B: strong cross-evidence accessory,Model-Supported,2,0.5821371610845295,4.75,180.0,221.0,50,24,26,0,0.48,-0.0162952084264473,-0.1647946616051046,0.0875562225762461,212.0,115.0,369.0,0,0,180.0,168.0,True,-12.0
GF_00415,GDP-mannose 4%2C6-dehydratase,Tier B: strong cross-evidence accessory,Model-Supported,2,0.4988038277511961,4.75,248.0,314.0,50,49,1,0,0.98,0.04535118296877,-0.0045824953822873,0.0921740099674812,284.5,252.0,300.0,0,0,248.0,349.5,True,101.5
GF_00422,hypothetical protein,Tier B: strong cross-evidence accessory,Model-Supported,2,0.6307814992025518,4.75,143.0,393.0,50,47,3,0,0.94,0.0351468678827617,-0.0033514870383434,0.0971502406133242,348.0,307.0,364.0,0,0,143.0,109.0,True,-34.0
GF_00426,nitrate ABC transporter ATP-binding protein,Tier B: strong cross-evidence accessory,Model-Supported,2,0.7137161084529505,4.75,79.0,7.0,50,40,10,0,0.8,0.24160399076927,-0.1085288467441836,0.3846269231384817,7.0,5.0,8.0,10,10,79.0,50.0,True,-29.0
GF_00427,9%2C9'-di-cis-zeta-carotene desaturase,Tier B: strong cross-evidence accessory,Model-Supported,2,0.3006379585326953,4.75,403.0,455.0,50,12,38,0,0.24,-0.0262098827751671,-0.0990191971599803,0.0478232756745414,355.5,288.0,413.0,0,0,403.0,427.0,True,24.0
GF_00430,GDP-L-fucose synthase family protein,Tier B: strong cross-evidence accessory,Model-Supported,2,0.5211323763955343,4.75,228.0,94.0,50,0,50,0,0.0,-0.1066351144354447,-0.1810854470538981,-0.0014714538425392,87.0,68.0,106.0,0,9,228.5,195.0,False,-33.5
GF_00437,STAS domain-containing protein,Tier B: strong cross-evidence accessory,Model-Supported,2,0.9441786283891548,4.75,8.0,75.0,42,41,1,0,0.9761904761904762,0.109092742777022,-0.0174980652881419,0.2667345374791816,83.0,43.0,110.0,1,9,8.0,6.0,True,-2.0
GF_00438,NADH dehydrogenase subunit H,Tier B: strong cross-evidence accessory,Model-Supported,2,0.3277511961722488,4.75,388.0,414.0,50,40,10,0,0.8,0.0251821936559349,-0.0432634303113189,0.0753234746931397,370.0,307.0,428.0,0,0,388.0,269.0,True,-119.0
GF_00457,porphobilinogen synthase,Tier B: strong cross-evidence accessory,Model-Supported,2,0.3759968102073365,4.75,344.5,398.0,50,12,38,0,0.24,-0.0190404782714433,-0.0736207731903041,0.0361263866054198,418.0,309.0,453.0,0,0,344.5,443.0,True,98.5
GF_00477,chlorophyll a/b-binding protein,Tier B: strong cross-evidence accessory,Model-Supported,2,0.828548644338118,4.75,41.0,71.0,41,35,6,0,0.8536585365853658,0.0952510338626143,-0.0632207887254584,0.1927307175410257,89.5,65.0,149.0,0,6,41.0,185.5,True,144.5
GF_00503,allophycocyanin subunit beta,Tier B: strong cross-evidence accessory,Model-Supported,2,0.4350079744816587,4.75,298.0,329.0,50,38,12,0,0.76,0.0167739546149766,-0.0637164856471091,0.0837850030123957,370.5,285.0,441.0,0,0,298.0,193.0,True,-105.0
GF_00523,adenosylhomocysteinase,Tier B: strong cross-evidence accessory,Model-Supported,2,0.6706539074960127,4.75,105.0,65.0,50,50,0,0,1.0,0.1153170518387055,0.030366149944802,0.1884448294117759,70.0,58.0,82.0,0,10,105.0,147.0,False,42.0
GF_00524,extracellular matrix/biofilm regulator RemA,Tier B: strong cross-evidence accessory,Model-Supported,2,0.8544657097288677,4.75,32.0,118.0,50,49,1,0,0.98,0.0980907345832034,-0.0002696281523549,0.2082438412636852,103.5,82.0,121.0,0,5,32.0,29.0,True,-3.0
GF_00538,porphobilinogen synthase,Tier B: strong cross-evidence accessory,Model-Supported,2,0.7236842105263158,4.75,75.5,246.0,46,46,0,0,1.0,0.0486123789384752,0.0012021337570382,0.1238612638635307,248.5,214.0,371.0,0,0,75.5,107.0,False,31.5
GF_00546,type II toxin-antitoxin system HicB family antitoxin,Tier B: strong cross-evidence accessory,Model-Supported,2,0.6311802232854864,4.75,141.5,153.0,50,1,49,0,0.02,-0.0762606490043375,-0.1663624974060024,0.0085117597456014,154.0,126.0,189.0,0,0,141.5,313.0,True,171.5
GF_00566,bifunctional phosphoribosyl-AMP cyclohydrolase/phosphoribosyl-ATP diphosphatase HisIE,Tier B: strong cross-evidence accessory,Model-Supported,2,0.6311802232854864,4.75,141.5,315.0,50,43,7,0,0.86,0.0313269237943919,-0.0631638829170712,0.0963834169618216,331.0,247.0,374.0,0,0,141.5,69.0,True,-72.5
GF_00580,Na(+)/H(+) antiporter subunit B,Tier B: strong cross-evidence accessory,Model-Supported,2,0.7117224880382775,4.75,84.0,177.0,50,50,0,0,1.0,0.0763019146522093,0.0209074662178688,0.1384449983246135,160.5,140.0,175.0,0,0,84.0,80.0,False,-4.0
GF_00608,glutamate synthase small subunit,Tier B: strong cross-evidence accessory,Model-Supported,2,0.9366028708133972,4.75,9.0,18.0,50,50,0,0,1.0,0.2076079076235621,0.0540660916003481,0.3342654220642612,14.0,11.0,18.0,10,10,9.0,8.0,False,-1.0
GF_00613,molybdopterin-synthase adenylyltransferase MoeB,Tier B: strong cross-evidence accessory,Model-Supported,2,0.3492822966507177,4.75,370.5,203.0,50,1,49,0,0.02,-0.0665680506992479,-0.1307248708702684,0.0046461551007673,190.0,162.0,211.0,0,0,370.5,289.5,True,-81.0
GF_00636,chorismate synthase,Tier B: strong cross-evidence accessory,Model-Supported,2,0.6399521531100478,4.75,132.0,147.0,50,50,0,0,1.0,0.0962507009127783,0.0142508682774379,0.1991837543830952,107.5,82.0,139.0,0,3,132.0,64.0,False,-68.0
GF_00637,phosphomethylpyrimidine synthase,Tier B: strong cross-evidence accessory,Model-Supported,2,0.4445773524720893,4.75,291.0,375.0,50,28,22,0,0.56,0.0040543251029303,-0.0763693408631852,0.1047309419372501,365.5,259.0,440.0,0,0,291.0,206.5,True,-84.5
GF_00642,UbiX family flavin prenyltransferase,Tier B: strong cross-evidence accessory,Model-Supported,2,0.638755980861244,4.75,133.0,273.0,50,15,35,0,0.3,-0.0248115246060608,-0.108804398534184,0.0672819477352384,265.5,211.0,421.0,0,0,133.0,138.0,True,5.0
GF_00723,serine hydroxymethyltransferase,Tier B: strong cross-evidence accessory,Model-Supported,2,0.5414673046251993,4.75,212.0,72.0,50,50,0,0,1.0,0.1218075617202923,0.0180632889008408,0.2087641632897244,58.5,49.0,72.0,1,10,212.0,94.0,False,-118.0
GF_00740,UMP kinase,Tier B: strong cross-evidence accessory,Model-Supported,2,0.4154704944178628,4.75,308.5,471.0,50,24,26,0,0.48,-0.0068369901956212,-0.0679905721087731,0.043488405279379,421.0,368.0,467.0,0,0,308.5,281.0,True,-27.5
GF_00744,UbiD family decarboxylase,Tier B: strong cross-evidence accessory,Model-Supported,2,0.4078947368421052,4.75,321.0,379.0,50,31,19,0,0.62,0.0117078279083371,-0.0605603866399797,0.0768972446122576,398.5,269.0,435.0,0,0,321.0,325.0,True,4.0
GF_00776,NAD(P)-dependent oxidoreductase,Tier B: strong cross-evidence accessory,Model-Supported,2,0.8588516746411483,4.75,30.0,48.0,50,50,0,0,1.0,0.1307379287975635,0.0269379144780964,0.2496687259005519,49.0,41.0,63.0,6,10,30.0,26.0,False,-4.0
GF_00960,photosynthetic/respiratory NAD(P)H-quinone oxidoreductase subunit C,Tier B: strong cross-evidence accessory,Model-Supported,2,0.4385964912280702,4.75,295.5,282.0,50,1,49,0,0.02,-0.0593147109389457,-0.121806546288502,0.0014615424664285,227.0,175.0,246.0,0,0,295.0,228.0,True,-67.0
GF_00971,photosynthetic/respiratory NAD(P)H-quinone oxidoreductase subunit C,Tier B: strong cross-evidence accessory,Model-Supported,2,0.7232854864433811,4.75,77.0,17.0,50,50,0,0,1.0,0.214652138251454,0.0297298150088096,0.3680606294925564,13.0,10.0,14.0,10,10,77.0,57.0,False,-20.0
GF_01005,arsenical resistance protein ArsH,Tier B: strong cross-evidence accessory,Model-Supported,2,0.6064593301435407,4.75,162.0,167.0,50,27,23,0,0.54,0.0046394282299197,-0.1067906644783375,0.122270010719996,251.5,158.0,411.0,0,0,162.0,108.0,True,-54.0
GF_01028,acetate--CoA ligase,Tier B: strong cross-evidence accessory,Model-Supported,2,0.414274322169059,4.75,313.5,378.0,50,27,23,0,0.54,0.0040281444585755,-0.0463964451196428,0.0685181920703485,417.5,312.0,454.0,0,0,313.5,373.5,True,60.0
GF_01230,cytochrome b559 subunit beta,Tier B: strong cross-evidence accessory,Model-Supported,2,0.5685805422647527,4.75,192.0,312.0,50,28,22,0,0.56,0.0131390743113484,-0.0796088629997671,0.1025212853360765,329.5,235.0,416.0,0,0,192.0,179.0,True,-13.0
GF_01234,Grx4 family monothiol glutaredoxin,Tier B: strong cross-evidence accessory,Model-Supported,2,0.5514354066985646,4.75,204.0,53.0,50,1,49,0,0.02,-0.1246349650243055,-0.2311426125306176,0.0115631300430605,54.0,47.0,62.0,4,10,204.0,96.0,True,-108.0
GF_01314,1-deoxy-D-xylulose-5-phosphate reductoisomerase,Tier B: strong cross-evidence accessory,Model-Supported,2,0.4633173843700159,4.75,274.0,392.0,50,33,17,0,0.66,0.0086307392969219,-0.0911166208023233,0.0851767056531575,370.5,268.0,428.0,0,0,274.0,389.0,True,115.0
GF_01329,UDP-glucuronic acid decarboxylase family protein,Tier B: strong cross-evidence accessory,Model-Supported,2,0.4294258373205741,4.75,300.0,248.0,50,19,31,0,0.38,-0.0224905047685884,-0.1433737077913921,0.0712938221944006,291.5,229.0,391.0,0,0,300.0,279.0,True,-21.0
GF_01502,phycobilisome linker polypeptide,Tier B: strong cross-evidence accessory,Model-Supported,2,0.2117224880382775,4.75,448.0,457.0,50,24,26,0,0.48,-0.0004817041991971,-0.0409436034474099,0.0496431072713405,444.0,392.0,463.0,0,0,448.0,404.0,True,-44.0
GF_01547,imidazoleglycerol-phosphate dehydratase HisB,Tier B: strong cross-evidence accessory,Model-Supported,2,0.6104465709728868,4.75,158.0,166.0,50,7,43,0,0.14,-0.0616574019656163,-0.181016016167945,0.1199738794252687,155.0,81.0,256.0,0,3,158.0,237.0,True,79.0
GF_01549,1-deoxy-D-xylulose-5-phosphate synthase,Tier B: strong cross-evidence accessory,Model-Supported,2,0.6630781499202552,4.75,111.0,224.0,50,50,0,0,1.0,0.0600437669303947,0.0138238611650162,0.1032371387502292,216.0,205.0,228.0,0,0,111.0,256.0,False,145.0
GF_01621,glutamine-hydrolyzing GMP synthase,Tier B: strong cross-evidence accessory,Model-Supported,2,0.2492025518341308,4.75,430.0,363.0,50,47,3,0,0.94,0.0346522950722658,-0.0154664840018942,0.1137444218112425,340.0,302.0,383.0,0,0,430.0,372.0,True,-58.0
GF_01623,ferredoxin:protochlorophyllide reductase (ATP-dependent) subunit N,Tier B: strong cross-evidence accessory,Model-Supported,2,0.6559011164274322,4.75,117.0,204.0,50,16,34,0,0.32,-0.0309093671186047,-0.1910233737427311,0.0739894848177438,263.0,138.0,351.0,0,0,117.0,184.0,True,67.0
GF_01641,allophycocyanin subunit alpha-B,Tier B: strong cross-evidence accessory,Model-Supported,2,0.4677033492822966,4.75,267.0,413.0,49,40,9,0,0.8163265306122449,0.0294308631968275,-0.0391986630986438,0.1296638719922321,347.0,262.0,393.0,0,0,267.0,429.0,True,162.0
GF_01693,recombination mediator RecR,Tier B: strong cross-evidence accessory,Model-Supported,2,0.3712121212121212,4.75,351.5,269.0,50,40,10,0,0.8,0.0424789751678155,-0.0607463537954077,0.1315396265705981,252.5,197.0,288.0,0,0,351.0,181.5,True,-169.5
GF_01741,formamidase,Tier B: strong cross-evidence accessory,Model-Supported,2,0.4118819776714513,4.75,316.0,418.0,50,19,31,0,0.38,-0.010001689582803,-0.0917176663410856,0.1018977051487129,337.5,231.0,439.0,0,0,316.0,312.0,True,-4.0
GF_01763,peroxiredoxin,Tier B: strong cross-evidence accessory,Model-Supported,2,0.6200159489633174,4.75,149.5,120.0,50,43,7,0,0.86,0.0697404840353859,-0.0525244226124378,0.1400942176148898,157.5,124.0,181.0,0,0,149.5,156.5,True,7.0
GF_01809,imidazoleglycerol-phosphate dehydratase HisB,Tier B: strong cross-evidence accessory,Model-Supported,2,0.629585326953748,4.75,144.0,109.0,50,47,3,0,0.94,0.0981353964284377,-0.0155255425986292,0.1909083502647383,100.0,84.0,119.0,0,5,144.0,116.0,True,-28.0
GF_01840,hydrogenase nickel incorporation protein HypB,Tier B: strong cross-evidence accessory,Model-Supported,2,0.6084529505582137,4.75,160.5,193.0,50,47,3,0,0.94,0.0758871017968169,-0.0434535288678708,0.1921991169303732,148.5,111.0,196.0,0,0,161.0,142.0,True,-19.0
GF_01856,lipoyl synthase,Tier B: strong cross-evidence accessory,Model-Supported,2,0.5035885167464115,4.75,242.5,326.0,50,40,10,0,0.8,0.0315758045520859,-0.0548153311173723,0.1080876390378528,333.5,271.0,397.0,0,0,243.0,307.0,True,64.0
GF_02072,potassium-transporting ATPase subunit KdpB,Tier B: strong cross-evidence accessory,Model-Supported,2,0.6463317384370015,4.75,125.5,146.0,50,6,44,0,0.12,-0.0763389981523945,-0.2088807289567134,0.0735694639426686,141.5,82.0,174.0,0,1,126.0,128.0,True,2.0
GF_02089,photosynthetic/respiratory NAD(P)H-quinone oxidoreductase subunit D1,Tier B: strong cross-evidence accessory,Model-Supported,2,0.4449760765550239,4.75,290.0,283.0,50,21,29,0,0.42,-0.0179898531507388,-0.1171567777398543,0.0731673623671738,322.0,237.0,422.0,0,0,290.0,219.0,True,-71.0
GF_02092,chlorophyll synthase ChlG,Tier B: strong cross-evidence accessory,Model-Supported,2,0.4525518341307815,4.75,284.0,336.0,50,24,26,0,0.48,0.0019628691892367,-0.0835828579026407,0.0957327694915874,324.0,224.0,434.0,0,0,284.0,280.0,True,-4.0
GF_02139,TIGR02652 family protein,Tier B: strong cross-evidence accessory,Model-Supported,2,0.631578947368421,4.75,140.0,213.0,50,44,6,0,0.88,0.0635838260382887,-0.0795574930696585,0.2060532009231875,174.0,96.0,258.0,0,2,140.0,58.0,True,-82.0
GF_02142,cytochrome b6-f complex subunit V,Tier B: strong cross-evidence accessory,Model-Supported,2,0.6794258373205742,4.75,100.0,64.0,48,48,0,0,1.0,0.107640932893935,0.0227108883028532,0.2386945665607709,67.5,56.0,179.0,0,8,100.0,68.0,False,-32.0
GF_02145,indolepyruvate ferredoxin oxidoreductase subunit alpha,Tier B: strong cross-evidence accessory,Model-Supported,2,0.7954545454545454,4.75,50.0,9.0,50,50,0,0,1.0,0.2381934352586557,0.0336222039651104,0.3649968812548613,8.5,8.0,11.0,10,10,50.0,95.0,False,45.0
GF_02223,geranylgeranyl reductase,Tier B: strong cross-evidence accessory,Model-Supported,2,0.4210526315789473,4.75,305.0,438.0,50,31,19,0,0.62,0.0125382148132565,-0.0641574854269833,0.0906736090313128,360.5,286.0,460.0,0,0,305.0,293.0,True,-12.0
GF_02260,NIL domain-containing protein,Tier B: strong cross-evidence accessory,Model-Supported,2,0.8696172248803827,4.75,24.0,24.0,50,50,0,0,1.0,0.1892133506734848,0.1371980547749713,0.308821363699744,19.0,13.0,22.0,10,10,24.0,54.0,False,30.0
GF_02263,cytochrome b6-f complex subunit PetN,Tier B: strong cross-evidence accessory,Model-Supported,2,0.7551834130781498,4.75,65.0,8.0,50,2,48,0,0.04,-0.2576095405524977,-0.3954171994192774,0.0051748390174482,7.0,4.0,8.0,10,10,65.0,34.0,True,-31.0
GF_02264,DUF1815 family protein,Tier B: strong cross-evidence accessory,Model-Supported,2,0.6060606060606061,4.75,163.0,66.0,50,0,50,0,0.0,-0.1198447709135851,-0.2004969848993494,-0.0551363622541091,61.5,50.0,69.0,1,10,163.0,145.5,False,-17.5
GF_02266,Coenzyme F420 hydrogenase/dehydrogenase%2C beta subunit C-terminal domain,Tier B: strong cross-evidence accessory,Model-Supported,2,0.6124401913875598,4.75,156.5,150.0,50,48,2,0,0.96,0.0957852242610222,-0.0114874442443584,0.1842154653024034,103.0,92.0,124.0,0,2,156.5,56.0,True,-100.5
GF_01536,transcription termination factor NusA,Tier B: strong cross-evidence accessory,Model-Supported,2,0.3106060606060606,4.65,395.0,394.0,50,26,24,0,0.52,0.0006532232594111,-0.0693807393416904,0.0703824617202251,389.5,247.0,469.0,0,0,395.0,261.0,True,-134.0
GF_02093,polyribonucleotide nucleotidyltransferase,Tier B: strong cross-evidence accessory,Model-Supported,2,0.7468102073365231,4.65,69.0,178.0,50,16,34,0,0.32,-0.0271309000284032,-0.1041230133675078,0.0775693543307825,288.5,153.0,394.0,0,0,69.0,63.0,True,-6.0
GF_02157,acetolactate synthase small subunit,Tier B: strong cross-evidence accessory,Model-Supported,2,0.4661084529505582,4.55,270.5,235.0,50,45,5,0,0.9,0.0580994179525733,-0.0503596068239964,0.1557941726778569,217.5,130.0,273.0,0,0,270.0,342.0,True,72.0
GF_00346,phosphopyruvate hydratase,Tier E: lower current evidence,Model-Supported,2,0.3748006379585327,4.45,347.0,442.0,49,39,10,0,0.7959183673469388,0.0173592458559779,-0.0372300892327657,0.0670799705508167,422.0,385.0,460.0,0,0,347.0,303.0,True,-44.0
GF_01248,ATP-dependent Clp endopeptidase proteolytic subunit ClpP,Tier E: lower current evidence,Model-Supported,2,0.7033492822966507,4.45,89.0,83.0,50,49,1,0,0.98,0.120044328478752,-0.0010218736489304,0.220798372818391,63.0,51.0,83.0,0,10,89.0,27.0,True,-62.0
GF_00362,ATP-dependent chaperone ClpB,Tier E: lower current evidence,Model-Supported,2,0.5689792663476874,4.25,190.5,440.0,50,39,11,0,0.78,0.0221722947899028,-0.0566305568893942,0.1275013568780086,402.5,267.0,433.0,0,0,190.5,245.0,True,54.5
GF_00409,class 1 fructose-bisphosphatase,Tier E: lower current evidence,Model-Supported,2,0.549043062200957,4.25,205.0,321.0,50,48,2,0,0.96,0.0536574710485055,-0.0170888468926504,0.1348362977601213,242.5,222.0,266.0,0,0,205.0,51.0,True,-154.0
GF_00417,heme oxygenase (biliverdin-producing),Tier E: lower current evidence,Model-Supported,2,0.1527113237639553,4.25,461.0,399.0,46,29,17,0,0.6304347826086957,0.0085210227138391,-0.0674116991526785,0.0953796191781627,427.5,330.0,457.0,0,0,461.0,365.0,True,-96.0
GF_00609,ATP-dependent Clp protease adapter ClpS,Tier E: lower current evidence,Model-Supported,2,0.4043062200956938,4.25,323.5,448.0,50,31,19,0,0.62,0.0068614624909489,-0.0518511000273486,0.0637724621107284,436.5,359.0,465.0,0,0,323.5,336.0,True,12.5
GF_00641,tRNA dihydrouridine synthase DusB,Tier E: lower current evidence,Model-Supported,2,0.2679425837320574,4.25,419.0,429.0,44,27,17,0,0.6136363636363636,0.013397767784662,-0.0454595394477504,0.0756501829199983,412.0,336.0,461.0,0,0,419.0,391.5,True,-27.5
GF_00699,aldehyde oxygenase (deformylating),Tier E: lower current evidence,Model-Supported,2,0.2521929824561403,4.25,427.0,361.0,49,15,34,0,0.3061224489795918,-0.0068512447167627,-0.0723283780343002,0.0670953865299805,384.5,350.0,462.0,0,0,427.0,274.0,True,-153.0
GF_00866,adenosylhomocysteinase,Tier E: lower current evidence,Model-Supported,2,0.6674641148325359,4.25,107.0,31.0,50,0,50,0,0.0,-0.169776415995685,-0.2568037198776043,-0.0803223789588357,24.5,22.0,27.0,10,10,107.0,71.0,False,-36.0
GF_00949,ChuX/HutX family heme-like substrate-binding protein,Tier E: lower current evidence,Model-Supported,2,0.4015151515151515,4.25,328.0,254.0,50,6,44,0,0.12,-0.0466870504367515,-0.1414102875137551,0.0451002790445522,252.5,190.0,287.0,0,0,328.0,408.0,True,80.0
GF_00969,phosphoribulokinase,Tier E: lower current evidence,Model-Supported,2,0.465311004784689,4.25,273.0,301.0,50,14,36,0,0.28,-0.0186343074279559,-0.1066484416937909,0.0567297561786359,363.5,297.0,428.0,0,0,273.0,211.5,True,-61.5
GF_01315,excinuclease ABC subunit UvrB,Tier E: lower current evidence,Model-Supported,2,0.3668261562998405,4.25,360.0,199.0,49,47,2,0,0.9591836734693876,0.0666368712075549,-0.0047404978575724,0.1502714419496309,177.0,161.0,361.0,0,0,360.0,249.0,True,-111.0
GF_01635,acetyl-CoA carboxylase carboxyltransferase subunit alpha,Tier E: lower current evidence,Model-Supported,2,0.2946570972886763,4.25,406.0,470.0,32,25,7,0,0.78125,0.0075511323913244,-0.02472957875874,0.0458802385695128,467.0,448.0,473.0,0,0,406.0,412.0,True,6.0
GF_01675,signal peptide peptidase SppA,Tier E: lower current evidence,Model-Supported,2,0.164274322169059,4.25,460.0,408.0,50,44,6,0,0.88,0.0290163822739529,-0.01435850439037,0.0740821452986563,368.5,330.0,420.0,0,0,460.0,455.0,True,-5.0
GF_01812,peptide chain release factor 2,Tier E: lower current evidence,Model-Supported,2,0.4146730462519936,4.25,311.5,426.0,50,30,20,0,0.6,0.0112904292938886,-0.0425058405668357,0.0933972499639827,416.5,263.0,457.0,0,0,311.5,223.0,True,-88.5
GF_01819,threonine synthase,Tier E: lower current evidence,Model-Supported,2,0.70414673046252,4.25,87.0,299.0,50,45,5,0,0.9,0.041886454691044,-0.0417836563580218,0.124670269758869,272.5,228.0,358.0,0,0,87.0,246.0,True,159.0
GF_01927,cytochrome b559 subunit alpha,Tier E: lower current evidence,Model-Supported,2,0.6945773524720893,4.25,91.0,5.0,50,6,44,0,0.12,-0.2753962279621161,-0.4146174438743471,0.0537968839576195,5.0,4.0,6.0,10,10,91.0,88.0,True,-3.0
GF_02230,carbon dioxide-concentrating mechanism protein CcmK,Tier E: lower current evidence,Model-Supported,2,0.5143540669856459,4.25,234.0,253.0,50,18,32,0,0.36,-0.0115173004930723,-0.101487556380547,0.1233015583380839,289.0,214.0,433.0,0,0,234.0,165.5,True,-68.5
GF_00087,30S ribosomal protein S11,De-emphasize: housekeeping/lineage,Model-Supported,2,0.0474481658692185,4.15,473.0,473.0,50,40,0,10,0.8,0.0042379955450563,0.0,0.0078413248521211,472.0,471.0,473.0,0,0,473.0,473.0,False,0.0
GF_00178,50S ribosomal protein L36,De-emphasize: housekeeping/lineage,Model-Supported,2,0.2862838915470495,4.15,409.0,419.0,50,34,16,0,0.68,0.0082718595865309,-0.0517571155553376,0.0516576204966973,442.5,381.0,460.0,0,0,409.0,440.0,True,31.0
GF_00603,50S ribosomal protein L32,De-emphasize: housekeeping/lineage,Model-Supported,2,0.7651515151515151,4.15,61.0,73.0,50,0,50,0,0.0,-0.1133427724121391,-0.2059574119033883,-0.0422148238368139,75.0,51.0,88.0,0,10,61.0,144.0,False,83.0
GF_00729,translation elongation factor 4,De-emphasize: housekeeping/lineage,Model-Supported,2,0.388755980861244,4.15,335.0,412.0,50,42,8,0,0.84,0.0208103602434001,-0.0233807259035089,0.0859598977541452,428.0,360.0,434.0,0,0,335.0,346.0,True,11.0
GF_01231,50S ribosomal protein L33,De-emphasize: housekeeping/lineage,Model-Supported,2,0.1762360446570973,4.15,454.0,444.0,50,27,23,0,0.54,-0.007879274572498,-0.2416179624287666,0.0643630242584058,423.0,182.0,466.0,0,0,454.0,447.5,True,-6.5
GF_00814,NifU family protein,Core/diagnostic control,Model-Supported,2,0.507177033492823,4.05,240.0,129.0,50,47,3,0,0.94,0.0848244195221923,-0.0332867246088374,0.2061821781525445,134.5,98.0,156.0,0,1,240.0,224.5,True,-15.5
GF_00141,30S ribosomal protein S17,De-emphasize: housekeeping/lineage,Model-Supported,2,0.5913078149920254,3.95,172.0,78.0,50,5,45,0,0.1,-0.1053537183878045,-0.1885507483744115,0.0408647263684869,79.0,53.0,104.0,0,9,172.0,154.0,True,-18.0
GF_00612,50S ribosomal protein L27,De-emphasize: housekeeping/lineage,Model-Supported,2,0.6371610845295056,3.95,135.0,131.0,50,2,48,0,0.04,-0.0788826998724144,-0.2002320387687828,0.0222534428320392,149.5,105.0,172.0,0,0,135.0,238.5,True,103.5
GF_00618,50S ribosomal protein L28,De-emphasize: housekeeping/lineage,Model-Supported,2,0.553030303030303,3.95,201.0,74.0,50,50,0,0,1.0,0.1140018934676678,0.0166200757764159,0.2154788649408815,70.0,64.0,88.0,0,10,201.5,152.0,False,-49.5
GF_00819,photosystem II chlorophyll-binding protein CP47,De-emphasize: housekeeping/lineage,Model-Supported,2,0.8596491228070176,3.95,28.5,22.0,50,0,50,0,0.0,-0.1785876329218571,-0.3561601710035343,-0.0330148812655241,21.5,17.0,27.0,10,10,29.0,18.0,False,-11.0
GF_01579,30S ribosomal protein S12,De-emphasize: housekeeping/lineage,Model-Supported,2,0.0478468899521531,3.95,472.0,472.0,50,9,31,10,0.18,-0.0050728883618404,-0.0160315380422301,0.0139934295999482,469.5,467.0,473.0,0,0,472.0,472.0,True,0.0
GF_01899,30S ribosomal protein S10,Ubiquitous control: no presence/absence contrast,Model-Supported,2,0.0466507177033492,3.95,475.0,475.0,50,0,0,50,0.0,0.0,0.0,0.0,475.0,475.0,475.0,0,0,475.0,475.0,False,0.0
GF_02075,30S ribosomal protein S4,De-emphasize: housekeeping/lineage,Model-Supported,2,0.7982456140350878,3.95,48.0,12.0,50,0,50,0,0.0,-0.2303659187175271,-0.4165255401972246,-0.0511741570246556,10.0,8.0,12.0,10,10,48.0,62.0,False,14.0
GF_02218,RNA polymerase sigma factor RpoD,De-emphasize: housekeeping/lineage,Model-Supported,2,0.4150717703349282,3.95,310.0,463.0,50,26,24,0,0.52,-0.0039498639066675,-0.1005051599677422,0.0608997101839437,374.0,287.0,459.0,0,0,310.0,317.0,True,7.0
GF_00155,photosystem II reaction center X protein,De-emphasize: housekeeping/lineage,Model-Supported,2,0.5079744816586922,3.75,239.0,259.0,48,38,10,0,0.7916666666666666,0.0453679651160806,-0.0339365397857236,0.1446911059018207,249.5,199.0,431.0,0,0,239.0,198.0,True,-41.0
GF_00229,50S ribosomal protein L19,De-emphasize: housekeeping/lineage,Model-Supported,2,0.4146730462519936,3.75,311.5,391.0,50,37,13,0,0.74,0.0249423486854511,-0.0612262379733335,0.1392663608851075,347.0,231.0,410.0,0,0,311.5,304.0,True,-7.5
GF_00390,50S ribosomal protein L24,De-emphasize: housekeeping/lineage,Model-Supported,2,0.3779904306220095,3.75,343.0,446.0,48,32,16,0,0.6666666666666666,0.0161700392562523,-0.0591568635946033,0.0795530256118376,405.0,345.0,442.0,0,0,343.0,232.0,True,-111.0
GF_00401,photosystem I reaction center subunit VIII,De-emphasize: housekeeping/lineage,Model-Supported,2,0.5877192982456141,3.75,175.0,100.0,50,48,2,0,0.96,0.1045212176533838,-0.0263956066998059,0.1965884786465629,84.5,64.0,129.0,0,8,175.0,150.0,True,-25.0
GF_00433,photosystem II reaction center protein K,De-emphasize: housekeeping/lineage,Model-Supported,2,0.1070574162679425,3.75,468.0,443.0,50,18,32,0,0.36,-0.0092954032641524,-0.0544258613626349,0.0511552690254503,436.0,380.0,458.0,0,0,468.0,461.0,True,-7.0
GF_00957,50S ribosomal protein L31,De-emphasize: housekeeping/lineage,Model-Supported,2,0.8237639553429027,3.75,43.0,25.0,50,50,0,0,1.0,0.1776134629211137,0.0278104283793203,0.2942563927880389,22.5,18.0,27.0,10,10,43.0,14.0,False,-29.0
GF_01374,50S ribosomal protein L20,De-emphasize: housekeeping/lineage,Model-Supported,2,0.6491228070175439,3.75,122.5,184.0,50,3,47,0,0.06,-0.0502574889490822,-0.1387420914638716,0.0461329537881572,250.0,182.0,291.0,0,0,122.5,177.0,True,54.5
GF_01396,ATP synthase F0 subunit C,De-emphasize: housekeeping/lineage,Model-Supported,2,0.4114832535885168,3.75,317.0,212.0,50,1,49,0,0.02,-0.0636258909137628,-0.1469703142002232,0.0112175655017461,199.0,164.0,230.0,0,0,317.0,285.0,True,-32.0
GF_01456,30S ribosomal protein S17,De-emphasize: housekeeping/lineage,Model-Supported,2,0.7045454545454546,3.75,85.5,63.0,50,0,50,0,0.0,-0.1231004259008535,-0.2301521425313986,-0.041379879827904,57.5,47.0,67.0,3,10,85.5,161.0,False,75.5
GF_01512,photosystem II q(b) protein,De-emphasize: housekeeping/lineage,Model-Supported,2,0.713317384370016,3.75,80.0,55.0,50,48,2,0,0.96,0.11678560639656,-0.0700931408909895,0.2597478342724329,71.5,37.0,84.0,3,10,80.0,131.0,True,51.0
GF_01552,glycine--tRNA ligase subunit alpha,De-emphasize: housekeeping/lineage,Model-Supported,2,0.2105263157894736,3.75,449.0,462.0,50,33,17,0,0.66,0.0077600481341175,-0.037402170055383,0.0620803499969989,438.5,413.0,465.0,0,0,449.0,434.0,True,-15.0
GF_01676,photosystem II reaction center protein T,De-emphasize: housekeeping/lineage,Model-Supported,2,0.3141945773524721,3.75,393.0,331.0,50,38,12,0,0.76,0.0226759163017064,-0.0905898708552334,0.0994185939535849,308.5,219.0,391.0,0,0,393.0,323.5,True,-69.5
GF_01677,photosystem II reaction center protein L,De-emphasize: housekeeping/lineage,Model-Supported,2,0.3381180223285486,3.75,380.0,247.0,50,40,10,0,0.8,0.0429263075839892,-0.0727011368252934,0.1228846960447563,229.5,185.0,303.0,0,0,380.0,380.0,True,0.0
GF_02220,30S ribosomal protein S16,De-emphasize: housekeeping/lineage,Model-Supported,2,0.3787878787878788,3.75,341.0,400.0,50,32,18,0,0.64,0.0084901477184323,-0.0774178968215954,0.084361769369445,356.0,274.0,436.0,0,0,341.0,187.0,True,-154.0
GF_00363,30S ribosomal protein S7,De-emphasize: housekeeping/lineage,Model-Supported,2,0.8253588516746412,3.65,42.0,57.0,50,50,0,0,1.0,0.1327508492729062,0.010084883050649,0.1967440283847784,46.5,38.0,52.0,8,10,42.0,67.0,False,25.0
GF_00588,signal recognition particle protein,Tier E: lower current evidence,Model-Supported,2,0.5861244019138756,3.65,176.5,156.0,42,42,0,0,1.0,0.0733032596496915,0.0357889070255333,0.1317852695519264,181.0,120.0,193.0,0,0,176.5,153.0,False,-23.5
GF_00659,DUF4912 domain-containing protein,Tier E: lower current evidence,Model-Supported,2,0.3931419457735247,3.65,334.0,461.0,25,13,12,0,0.52,0.0007630905644895,-0.031344319106668,0.0444447749993985,467.5,452.0,473.0,0,0,334.0,437.0,True,103.0
GF_01616,fasciclin domain-containing protein,Tier E: lower current evidence,Model-Supported,2,0.4342105263157895,3.65,299.0,339.0,45,14,31,0,0.3111111111111111,-0.017046052110928,-0.119310739865663,0.0688696548484879,362.0,252.0,455.0,0,0,299.0,364.0,True,65.0
GF_01813,phosphoglycerate kinase,Tier E: lower current evidence,Model-Supported,2,0.4094896331738437,3.65,318.0,370.0,50,13,37,0,0.26,-0.0196759739578947,-0.0807338333427205,0.0602484781083361,378.0,259.0,440.0,0,0,318.0,299.0,True,-19.0
GF_00385,microcompartments protein,Tier E: lower current evidence,Model-Supported,2,0.4477671451355661,3.55,288.0,435.0,50,17,33,0,0.34,-0.0134079335688362,-0.080958357720323,0.041794136057548,421.5,295.0,449.0,0,0,288.0,390.0,True,102.0
GF_00387,YifB family Mg chelatase-like AAA ATPase,Tier E: lower current evidence,Model-Supported,2,0.5151515151515151,3.55,233.0,354.0,50,22,28,0,0.44,-0.0076620352487737,-0.0947478171422605,0.064625213709905,398.0,329.0,470.0,0,0,233.0,361.0,True,128.0
GF_00864,type IV pilus twitching motility protein PilT,Tier E: lower current evidence,Model-Supported,2,0.4421850079744816,3.55,294.0,417.0,50,26,24,0,0.52,0.0021075196917039,-0.0595259761070431,0.0676210734842371,397.5,369.0,456.0,0,0,294.0,394.0,True,100.0
GF_00970,redox-regulated ATPase YchF,Tier E: lower current evidence,Model-Supported,2,0.2141148325358851,3.55,447.0,274.0,50,45,5,0,0.9,0.0397593827055624,-0.0467851612754576,0.100658944050762,302.0,240.0,361.0,0,0,447.0,362.5,True,-84.5
GF_01337,sulfate adenylyltransferase,Tier E: lower current evidence,Model-Supported,2,0.9222488038277512,3.55,11.0,114.0,49,47,2,0,0.9591836734693876,0.0935500954316995,-0.0138027059104612,0.1907327816156055,105.5,87.0,189.0,0,3,11.0,5.0,True,-6.0
GF_01841,bifunctional aconitate hydratase 2/2-methylisocitrate dehydratase,Tier E: lower current evidence,Model-Supported,2,0.777511961722488,3.55,56.0,142.0,50,50,0,0,1.0,0.0896415453922634,0.0011231437008298,0.1713084032710987,127.0,98.0,150.0,0,1,56.0,81.0,False,25.0
GF_01921,RtcB family protein,Tier E: lower current evidence,Model-Supported,2,0.3492822966507177,3.55,370.5,228.0,50,44,6,0,0.88,0.0558521683148515,-0.0269101527955636,0.1625587917206334,218.5,192.0,276.0,0,0,370.5,320.0,True,-50.5
GF_00082,elongation factor P,De-emphasize: housekeeping/lineage,Model-Supported,2,0.8568580542264752,3.5,31.0,42.0,50,50,0,0,1.0,0.1278041332840837,0.0049195571830219,0.2335967689051586,49.5,40.0,74.0,5,10,31.0,33.0,False,2.0
GF_00046,acetolactate synthase large subunit,Tier E: lower current evidence,Model-Supported,2,0.4804625199362041,3.45,260.0,281.0,50,38,12,0,0.76,0.021378560464513,-0.1286260751337812,0.1162388075412538,223.0,168.0,365.0,0,0,260.0,331.0,True,71.0
GF_00251,Ycf34 family protein,Tier E: lower current evidence,Model-Supported,2,0.6403508771929824,3.45,131.0,182.0,50,8,42,0,0.16,-0.0493376626034165,-0.1819127836357361,0.0683431741962802,230.0,161.0,304.0,0,0,131.0,115.0,True,-16.0
GF_00344,glycoside hydrolase family 57 protein,Tier E: lower current evidence,Model-Supported,2,0.6244019138755981,3.45,145.0,54.0,50,0,50,0,0.0,-0.1325674365636002,-0.2241180066022441,-0.002539478959554,47.5,29.0,54.0,7,10,145.0,215.0,False,70.0
GF_00355,histidinol dehydrogenase,Tier E: lower current evidence,Model-Supported,2,0.3732057416267942,3.45,349.5,357.0,32,26,6,0,0.8125,0.0057805132864244,-0.0505323773111678,0.0711183072876934,462.0,406.0,473.0,0,0,350.0,421.0,True,71.0
GF_00408,deoxyhypusine synthase,Tier E: lower current evidence,Model-Supported,2,0.293859649122807,3.45,407.0,433.0,42,10,32,0,0.238095238095238,-0.0129634264491582,-0.0660370600475845,0.0332475700542397,449.0,344.0,470.0,0,0,407.0,413.0,True,6.0
GF_00431,aspartate ammonia-lyase,Tier E: lower current evidence,Model-Supported,2,0.6802232854864434,3.45,98.0,197.0,50,1,49,0,0.02,-0.0651267299662184,-0.1187277445780594,0.0024451750208263,193.0,177.0,229.0,0,0,98.0,295.0,True,197.0
GF_00480,9%2C9'-di-cis-zeta-carotene desaturase,Tier E: lower current evidence,Model-Supported,2,0.483652312599681,3.45,255.0,294.0,49,38,11,0,0.7755102040816326,0.0208478794579832,-0.0486022435495848,0.094728642401403,380.5,274.0,431.0,0,0,255.0,334.0,True,79.0
GF_00756,DUF1825 family protein,Tier E: lower current evidence,Model-Supported,2,0.7547846889952152,3.45,66.0,155.0,50,50,0,0,1.0,0.0839675118572717,0.0096389783552996,0.1599332695490685,134.5,114.0,159.0,0,0,66.0,44.0,False,-22.0
GF_00887,preQ(1) synthase,Tier E: lower current evidence,Model-Supported,2,0.8405103668261563,3.45,36.0,222.0,33,32,1,0,0.9696969696969696,0.0422427071922137,-0.0007544585975231,0.1890936679966386,286.5,202.0,430.0,0,0,36.0,35.0,True,-1.0
GF_01026,DUF561 domain-containing protein,Tier E: lower current evidence,Model-Supported,2,0.5303030303030303,3.45,219.0,157.0,49,0,49,0,0.0,-0.0649893094779774,-0.1102909925318212,-0.002753664124842,189.5,170.0,255.0,0,0,219.0,291.0,False,72.0
GF_01027,aminotransferase class I/II-fold pyridoxal phosphate-dependent enzyme,Tier E: lower current evidence,Model-Supported,2,0.8090111642743222,3.45,45.0,229.0,48,48,0,0,1.0,0.0578710967189684,0.0061689529368344,0.1077665701169761,211.0,190.0,337.0,0,0,45.0,132.5,False,87.5
GF_01240,response regulator transcription factor,Tier E: lower current evidence,Model-Supported,2,0.3740031897926634,3.45,348.0,421.0,50,31,19,0,0.62,0.0124045931971022,-0.0515396103739757,0.1118149529173364,407.0,302.0,455.0,0,0,348.0,192.0,True,-156.0
GF_01306,1%2C4-alpha-glucan branching enzyme,Tier E: lower current evidence,Model-Supported,2,0.553030303030303,3.45,201.0,262.0,50,4,46,0,0.08,-0.0455302821939682,-0.1162642663640441,0.0239003454898203,273.0,235.0,328.0,0,0,201.5,114.0,True,-87.5
GF_01377,beta-ketoacyl-ACP synthase II,Tier E: lower current evidence,Model-Supported,2,0.3086124401913875,3.45,397.0,125.0,50,0,50,0,0.0,-0.0995561715222556,-0.1749502956543856,-0.0478420876435474,101.0,87.0,108.0,0,5,397.0,244.0,False,-153.0
GF_02224,fasciclin domain-containing protein,Tier E: lower current evidence,Model-Supported,2,0.4290271132376395,3.45,301.0,350.0,49,11,38,0,0.2244897959183673,-0.025583145317425,-0.1040484095171527,0.0427209288094679,368.5,242.0,440.0,0,0,301.0,447.5,True,146.5
GF_01842,magnesium chelatase ATPase subunit D,Tier E: lower current evidence,Model-Supported,2,0.3712121212121212,3.4,351.5,395.0,36,28,8,0,0.7777777777777778,0.0131319500017717,-0.0233018314406906,0.0827734431322553,449.0,390.0,468.0,0,0,352.0,384.0,True,32.0
GF_00386,30S ribosomal protein S8,De-emphasize: housekeeping/lineage,Model-Supported,2,0.4130781499202551,3.25,315.0,439.0,50,16,34,0,0.32,-0.0134113447654034,-0.069765274912019,0.0490563744937745,433.5,365.0,458.0,0,0,315.0,385.0,True,70.0
GF_00002,NIL domain-containing protein,Tier E: lower current evidence,Model-Supported,2,0.5023923444976076,3.25,244.0,371.0,47,46,1,0,0.9787234042553192,0.0382447684327111,-0.0166726477581249,0.1407204298699437,303.0,280.0,417.0,0,0,244.0,300.5,True,56.5
GF_00018,transketolase C-terminal domain-containing protein,Tier E: lower current evidence,Model-Supported,2,0.7280701754385965,3.25,72.0,188.0,50,47,3,0,0.94,0.0760297206685556,-0.0302716733645348,0.2007525259211302,151.5,140.0,172.0,0,0,72.0,202.0,True,130.0
GF_00080,CobW family GTP-binding protein,Tier E: lower current evidence,Model-Supported,2,0.9681020733652312,3.25,3.0,20.0,47,47,0,0,1.0,0.1823196063992912,0.0555857192351811,0.2737501027310519,20.5,14.0,33.0,10,10,3.0,4.0,False,1.0
GF_00170,sodium:solute symporter family protein,Tier E: lower current evidence,Model-Supported,2,0.5283094098883573,3.25,221.0,172.0,49,49,0,0,1.0,0.066835687065285,0.0069274419914349,0.1540280431059337,180.5,165.0,281.0,0,0,221.0,308.5,False,87.5
GF_00185,5-(carboxyamino)imidazole ribonucleotide mutase,Tier E: lower current evidence,Model-Supported,2,0.3516746411483253,3.25,368.0,415.0,49,31,18,0,0.6326530612244898,0.0096394713129402,-0.0444989548856233,0.1087326369891527,408.5,269.0,463.0,0,0,368.0,306.0,True,-62.0
GF_00220,B12-binding domain-containing radical SAM protein,Tier E: lower current evidence,Model-Supported,2,0.3484848484848485,3.25,372.5,175.0,50,2,48,0,0.04,-0.0685103421312253,-0.1421714848085738,0.0102947580258193,179.5,161.0,201.0,0,0,372.5,411.0,True,38.5
GF_00262,CRISPR-associated endonuclease Cas2,Tier E: lower current evidence,Model-Supported,2,0.3014354066985646,3.25,402.0,210.0,50,40,10,0,0.8,0.0724306781294224,-0.1348605936597378,0.2339008091494809,95.0,60.0,162.0,0,6,402.0,273.0,True,-129.0
GF_00302,cation:proton antiporter subunit C,Tier E: lower current evidence,Model-Supported,2,0.7811004784688995,3.25,52.0,37.0,50,50,0,0,1.0,0.1492333587430621,0.0467851620339596,0.2872562996967431,34.0,27.0,44.0,10,10,52.0,53.0,False,1.0
GF_00305,ferredoxin thioredoxin reductase catalytic beta subunit,Tier E: lower current evidence,Model-Supported,2,0.5314992025518341,3.25,217.0,276.0,43,36,7,0,0.8372093023255814,0.0357809967580272,-0.0229186683559452,0.0933171099009868,305.5,256.0,451.0,0,0,217.0,175.0,True,-42.0
GF_00315,GDP-mannose 4%2C6-dehydratase,Tier E: lower current evidence,Model-Supported,2,0.8361244019138756,3.25,37.0,13.0,50,0,50,0,0.0,-0.2259886883423519,-0.3041147300102473,-0.1166722416197576,11.0,9.0,12.0,10,10,37.0,61.0,False,24.0
GF_00331,aminodeoxychorismate/anthranilate synthase component II,Tier E: lower current evidence,Model-Supported,2,0.511164274322169,3.25,237.0,335.0,50,4,46,0,0.08,-0.0363713270682298,-0.096262015880843,0.0484167338901249,310.5,254.0,351.0,0,0,236.0,260.0,True,24.0
GF_00332,CPBP family intramembrane glutamic endopeptidase,Tier E: lower current evidence,Model-Supported,2,0.4892344497607656,3.25,254.0,352.0,48,33,15,0,0.6875,0.0221618221841108,-0.0914125949659151,0.1325080584288958,323.5,205.0,414.0,0,0,254.0,352.0,True,98.0
GF_00336,DUF2811 domain-containing protein,Tier E: lower current evidence,Model-Supported,2,0.3484848484848485,3.25,372.5,302.0,50,9,41,0,0.18,-0.0369086157370823,-0.0983371770285214,0.0273645074422564,294.5,260.0,356.0,0,0,372.5,395.0,True,22.5
GF_00338,nitrate ABC transporter permease,Tier E: lower current evidence,Model-Supported,2,0.2643540669856459,3.25,422.0,437.0,41,23,18,0,0.5609756097560976,-0.0010553778780357,-0.0745524622192048,0.0879287430416579,430.5,310.0,465.0,0,0,422.0,451.0,True,29.0
GF_00339,dihydrolipoyl dehydrogenase,Tier E: lower current evidence,Model-Supported,2,0.3783891547049441,3.25,342.0,362.0,37,12,25,0,0.3243243243243243,-0.0206473980086805,-0.1061592506564761,0.0643855063022953,345.0,271.0,403.0,0,0,342.0,268.0,True,-74.0
GF_00341,ATP-dependent Clp protease proteolytic subunit,Tier E: lower current evidence,Model-Supported,2,0.474481658692185,3.25,265.0,430.0,50,30,20,0,0.6,0.0052470109701232,-0.1142039414038005,0.0888951945645066,311.0,181.0,413.0,0,0,265.0,341.0,True,76.0
GF_00347,phycocyanin subunit beta,Tier E: lower current evidence,Model-Supported,2,0.4465709728867623,3.25,289.0,275.0,50,8,42,0,0.16,-0.0360053020049787,-0.1314466198998216,0.0706261543594578,293.0,195.0,382.0,0,0,289.0,247.0,True,-42.0
GF_00358,2-C-methyl-D-erythritol 2%2C4-cyclodiphosphate synthase,Tier E: lower current evidence,Model-Supported,2,0.6351674641148326,3.25,137.0,128.0,50,0,50,0,0.0,-0.0866703625358638,-0.1340539430318768,-0.0371288517696876,132.5,117.0,146.0,0,0,137.0,174.0,False,37.0
GF_00364,dihydroorotase,Tier E: lower current evidence,Model-Supported,2,0.2870813397129186,3.25,408.0,402.0,50,30,20,0,0.6,0.0121835828750515,-0.0706870247589734,0.0995742873613799,394.5,268.0,461.0,0,0,408.0,329.0,True,-79.0
GF_00369,LON peptidase substrate-binding domain-containing protein,Tier E: lower current evidence,Model-Supported,2,0.2579744816586922,3.25,425.0,387.0,50,33,17,0,0.66,0.0102226575501471,-0.0521733382647467,0.0789603330949583,404.5,325.0,470.0,0,0,425.0,355.5,True,-69.5
GF_00381,magnesium chelatase subunit H,Tier E: lower current evidence,Model-Supported,2,0.25,3.25,428.5,358.0,50,13,37,0,0.26,-0.0195246421771892,-0.0916692288122882,0.0864876020695102,341.0,266.0,415.0,0,0,428.5,417.0,True,-11.5
GF_00388,bifunctional arginine dihydrolase/ornithine cyclodeaminase,Tier E: lower current evidence,Model-Supported,2,0.2416267942583732,3.25,432.0,257.0,47,1,46,0,0.0212765957446808,-0.0589212584289686,-0.1537952035064737,0.0042587881290474,233.0,175.0,247.0,0,0,432.0,367.0,True,-65.0
GF_00389,energy-coupling factor ABC transporter ATP-binding protein,Tier E: lower current evidence,Model-Supported,2,0.235645933014354,3.25,437.5,227.0,44,1,43,0,0.0227272727272727,-0.0528267571625674,-0.121724403213219,0.0119018475153631,251.5,204.0,286.0,0,0,437.0,410.0,True,-27.0
GF_00402,glycogen synthase GlgA,Tier E: lower current evidence,Model-Supported,2,0.8927432216905902,3.25,15.0,61.0,50,40,10,0,0.8,0.1231261019702663,-0.1083407644970648,0.2315428241988627,41.5,25.0,55.0,8,10,15.0,30.0,True,15.0
GF_00406,nucleoside-diphosphate kinase,Tier E: lower current evidence,Model-Supported,2,0.7779106858054227,3.25,55.0,113.0,45,45,0,0,1.0,0.0918379480190757,0.0073574062907778,0.1702640088287015,117.0,73.0,195.0,0,4,55.0,10.0,False,-45.0
GF_00407,GTP 3'%2C8-cyclase MoaA,Tier E: lower current evidence,Model-Supported,2,0.1473285486443381,3.25,464.0,401.0,49,17,32,0,0.3469387755102041,-0.012415764177291,-0.0843045879531936,0.0358072125308862,425.5,406.0,457.0,0,0,464.0,463.0,True,-1.0
GF_00419,6-carboxytetrahydropterin synthase,Tier E: lower current evidence,Model-Supported,2,0.460127591706539,3.25,276.0,366.0,28,19,9,0,0.6785714285714286,0.0075755666324303,-0.0584627405694003,0.0922661729884517,447.0,386.0,471.0,0,0,276.0,235.0,True,-41.0
GF_00471,NUDIX hydrolase,Tier E: lower current evidence,Model-Supported,2,0.5011961722488039,3.25,245.5,292.0,50,36,14,0,0.72,0.0144920263355561,-0.1046124680894855,0.1081698946756906,292.5,225.0,410.0,0,0,245.5,220.0,True,-25.5
GF_00472,LPS export ABC transporter ATP-binding protein,Tier E: lower current evidence,Model-Supported,2,0.4784688995215311,3.25,262.0,451.0,28,24,4,0,0.8571428571428571,0.0089388307464046,-0.0303432070224529,0.0494430070818545,463.0,430.0,473.0,0,0,262.0,396.0,True,134.0
GF_00482,glutaredoxin 3,Tier E: lower current evidence,Model-Supported,2,0.4752791068580542,3.25,264.0,186.0,40,40,0,0,1.0,0.0525784922148414,0.0093502496082854,0.1081579574193289,243.5,212.0,317.0,0,0,264.0,401.0,False,137.0
GF_00489,YciI family protein,Tier E: lower current evidence,Model-Supported,2,0.2667464114832536,3.25,420.0,165.0,44,2,42,0,0.0454545454545454,-0.0546517360337674,-0.1262893969632872,0.0430019049255428,230.0,154.0,333.0,0,0,420.0,315.0,True,-105.0
GF_00569,NDP-sugar synthase,Tier E: lower current evidence,Model-Supported,2,0.2364433811802233,3.25,436.0,368.0,48,8,40,0,0.1666666666666666,-0.0274168657504084,-0.0849326922546715,0.0274593263219717,358.5,311.0,402.0,0,0,436.0,436.0,True,0.0
GF_00574,triose-phosphate isomerase,Tier E: lower current evidence,Model-Supported,2,0.553030303030303,3.25,201.0,319.0,39,36,3,0,0.9230769230769232,0.0330206817690588,-0.0120299586905984,0.1065639303169659,347.0,254.0,455.0,0,0,200.0,340.0,True,140.0
GF_00594,membrane protein,Tier E: lower current evidence,Model-Supported,2,0.6495215311004785,3.25,121.0,80.0,49,44,5,0,0.8979591836734694,0.0987522246217645,-0.0197284847657579,0.2261734193991869,99.5,68.0,122.0,0,5,121.0,189.0,True,68.0
GF_00600,glutaredoxin 3,Tier E: lower current evidence,Model-Supported,2,0.4812599681020733,3.25,259.0,152.0,49,1,48,0,0.0204081632653061,-0.0669028988005036,-0.1628135568610124,0.0237508537762099,184.0,153.0,218.0,0,0,259.0,357.0,True,98.0
GF_00601,NAD(P)H-quinone oxidoreductase subunit O,Tier E: lower current evidence,Model-Supported,2,0.3189792663476874,3.25,391.0,107.0,50,0,50,0,0.0,-0.1095583232635389,-0.1557754872391045,-0.0422383398366147,79.5,62.0,108.0,0,9,391.0,371.0,False,-20.0
GF_00605,Fe-S cluster assembly ATPase SufC,Tier E: lower current evidence,Model-Supported,2,0.8341307814992025,3.25,38.0,249.0,48,46,2,0,0.9583333333333334,0.051863277600403,-0.0115866404913646,0.1498328401334971,229.5,201.0,419.0,0,0,38.0,333.0,True,295.0
GF_00611,cysteine synthase A,Tier E: lower current evidence,Model-Supported,2,0.6690590111642742,3.25,106.0,60.0,50,2,48,0,0.04,-0.1045569949439422,-0.2205196829149179,0.0578474222293408,87.5,55.0,106.0,0,9,106.0,162.0,True,56.0
GF_00616,CpeR family transcriptional regulator,Tier E: lower current evidence,Model-Supported,2,0.4182615629984051,3.25,306.0,101.0,45,45,0,0,1.0,0.0953777927740092,0.0031146796850656,0.1628195448360571,104.0,70.0,176.0,0,5,306.0,194.0,False,-112.0
GF_00617,aspartate aminotransferase,Tier E: lower current evidence,Model-Supported,2,0.6921850079744817,3.25,92.0,340.0,50,32,18,0,0.64,0.0091081062371543,-0.1016839972417964,0.1100304765847469,324.5,220.0,455.0,0,0,92.0,106.0,True,14.0
GF_00619,Rrf2 family transcriptional regulator,Tier E: lower current evidence,Model-Supported,2,0.2647527910685805,3.25,421.0,405.0,50,28,22,0,0.56,0.0094899434712162,-0.0951342403257732,0.0864765717822324,348.5,234.0,446.0,0,0,421.0,276.0,True,-145.0
GF_00633,peptide-methionine (S)-S-oxide reductase MsrA,Tier E: lower current evidence,Model-Supported,2,0.3313397129186602,3.25,384.0,236.0,50,38,12,0,0.76,0.0435660932548519,-0.0688697241470152,0.2095514891291087,251.5,177.0,317.0,0,0,384.0,288.0,True,-96.0
GF_00635,pyridoxine 5'-phosphate synthase,Tier E: lower current evidence,Model-Supported,2,0.2811004784688995,3.25,414.0,311.0,50,4,46,0,0.08,-0.0366464526239605,-0.0874413979155209,0.0205647066504582,312.5,289.0,370.0,0,0,414.0,314.0,True,-100.0
GF_00640,sulfate/molybdate ABC transporter ATP-binding protein,Tier E: lower current evidence,Model-Supported,2,0.3935406698564593,3.25,333.0,206.0,43,41,2,0,0.9534883720930232,0.0589383178525198,-0.0201684933904941,0.1246206321978615,219.0,163.0,269.0,0,0,333.0,122.0,True,-211.0
GF_00643,protochlorophyllide reductase,Tier E: lower current evidence,Model-Supported,2,0.5956937799043062,3.25,168.0,183.0,50,42,8,0,0.84,0.0619003250265274,-0.0372494527733442,0.1559129662325871,201.0,158.0,235.0,0,0,168.0,217.0,True,49.0
GF_00661,ABC transporter permease,Tier E: lower current evidence,Model-Supported,2,0.80103668261563,3.25,47.0,27.0,50,50,0,0,1.0,0.1980580108611773,0.0915330206511542,0.3382594205130614,16.0,14.0,18.0,10,10,47.0,98.0,False,51.0
GF_00669,twin-arginine translocase subunit TatC,Tier E: lower current evidence,Model-Supported,2,0.4657097288676236,3.25,272.0,144.0,50,4,46,0,0.08,-0.0822435868009657,-0.1732313408836672,0.0328179440565036,138.0,103.0,157.0,0,0,272.0,379.0,True,107.0
GF_00695,glutathione-dependent formaldehyde dehydrogenase,Tier E: lower current evidence,Model-Supported,2,0.4019138755980861,3.25,327.0,318.0,42,39,3,0,0.9285714285714286,0.0369830136329467,-0.0751081709497284,0.1144696174222053,329.5,150.0,397.0,0,0,327.0,391.5,True,64.5
GF_00702,type II toxin-antitoxin system Phd/YefM family antitoxin,Tier E: lower current evidence,Model-Supported,2,0.6220095693779905,3.25,147.0,3.0,50,2,48,0,0.04,-0.3517910907940761,-0.5641457950615264,0.0248174070500549,3.0,3.0,3.0,10,10,147.0,111.0,True,-36.0
GF_00722,VOC family protein,Tier E: lower current evidence,Model-Supported,2,0.5287081339712918,3.25,220.0,320.0,41,3,38,0,0.073170731707317,-0.0297655541914551,-0.0765815659183183,0.0128076723985192,380.5,319.0,409.0,0,0,220.0,208.0,True,-12.0
GF_00725,adenylosuccinate lyase,Tier E: lower current evidence,Model-Supported,2,0.5350877192982456,3.25,214.0,338.0,50,46,4,0,0.92,0.0458959619489309,-0.0208592380378171,0.1632744033258732,279.5,243.0,299.0,0,0,214.0,252.0,True,38.0
GF_00732,class I fructose-bisphosphate aldolase,Tier E: lower current evidence,Model-Supported,2,0.4996012759170654,3.25,247.0,230.0,41,40,1,0,0.975609756097561,0.0512232840601826,-0.0052448890023341,0.1143759749955771,258.5,163.0,328.0,0,0,247.0,159.0,True,-88.0
GF_00736,NUDIX hydrolase,Tier E: lower current evidence,Model-Supported,2,0.6917862838915471,3.25,93.0,51.0,50,10,40,0,0.2,-0.1111996188148418,-0.2034569381218383,0.0976456478282852,57.0,39.0,71.0,4,10,93.0,42.0,True,-51.0
GF_00761,DJ-1/PfpI family protein,Tier E: lower current evidence,Model-Supported,2,0.6327751196172249,3.25,138.0,116.0,50,49,1,0,0.98,0.0892834481746252,-0.0095786320175211,0.2058628547699678,123.5,104.0,154.0,0,0,138.0,93.0,True,-45.0
GF_00773,formyltetrahydrofolate deformylase,Tier E: lower current evidence,Model-Supported,2,0.5972886762360446,3.25,167.0,308.0,50,27,23,0,0.54,0.0079656220205575,-0.0774384292929519,0.0884163670823881,335.0,266.0,450.0,0,0,167.0,90.0,True,-77.0
GF_00777,3-oxoacyl-[acyl-carrier-protein] reductase,Tier E: lower current evidence,Model-Supported,2,0.4952153110047847,3.25,250.0,289.0,50,7,43,0,0.14,-0.0330849236491435,-0.1074847840312493,0.1061825904379275,310.5,165.0,390.0,0,0,250.0,201.0,True,-49.0
GF_00810,urea ABC transporter ATP-binding subunit UrtE,Tier E: lower current evidence,Model-Supported,2,0.4549441786283891,3.25,282.5,136.0,50,0,50,0,0.0,-0.0810784664257225,-0.1672759038306153,-0.0063288077333325,144.0,118.0,190.0,0,0,282.5,263.0,False,-19.5
GF_00856,ArsJ-associated glyceraldehyde-3-phosphate dehydrogenase,Tier E: lower current evidence,Model-Supported,2,0.9533492822966508,3.25,6.0,11.0,33,33,0,0,1.0,0.1396047119223833,0.1102023168928168,0.2801014648572865,49.5,24.0,173.0,5,9,6.0,13.0,False,7.0
GF_00870,cation:proton antiporter,Tier E: lower current evidence,Model-Supported,2,0.3991228070175439,3.25,331.0,295.0,50,38,12,0,0.76,0.0285995194611684,-0.084729912508891,0.1223723127912535,268.5,191.0,384.0,0,0,331.0,169.5,True,-161.5
GF_00874,cysteine synthase A,Tier E: lower current evidence,Model-Supported,2,0.6491228070175439,3.25,122.5,216.0,50,10,40,0,0.2,-0.0535477937288019,-0.1829226600001357,0.0908510967133301,206.5,121.0,300.0,0,0,122.5,149.0,True,26.5
GF_00927,cyanase,Tier E: lower current evidence,Model-Supported,2,0.1756379585326953,3.25,455.0,353.0,40,0,40,0,0.0,-0.0335324080540678,-0.0819914674724526,-0.007526009525776,344.0,318.0,401.0,0,0,455.0,446.0,False,-9.0
GF_00946,methyltransferase domain-containing protein,Tier E: lower current evidence,Model-Supported,2,0.326555023923445,3.25,389.0,233.0,49,47,2,0,0.9591836734693876,0.0669934124699003,-0.0264931331432069,0.1715642382877327,179.5,143.0,269.0,0,0,389.0,275.0,True,-114.0
GF_00972,peroxiredoxin,Tier E: lower current evidence,Model-Supported,2,0.5055821371610845,3.25,241.0,364.0,40,39,1,0,0.975,0.0193027662842646,-0.0087307134951728,0.0598501168079666,446.5,402.0,455.0,0,0,241.0,300.5,True,59.5
GF_00982,DUF433 domain-containing protein,Tier E: lower current evidence,Model-Supported,2,0.8528708133971292,3.25,34.0,2.0,50,0,50,0,0.0,-0.4017812361241791,-0.5601318237144928,-0.1402359366255315,2.0,2.0,2.0,10,10,34.0,66.0,False,32.0
GF_01239,urease accessory protein UreG,Tier E: lower current evidence,Model-Supported,2,0.7783094098883573,3.25,54.0,28.0,50,0,50,0,0.0,-0.1928012662245817,-0.3173986154152884,-0.016763853228298,18.5,14.0,22.0,10,10,54.0,39.0,False,-15.0
GF_01242,sulfite oxidase-like oxidoreductase,Tier E: lower current evidence,Model-Supported,2,0.3572567783094099,3.25,366.5,309.0,47,46,1,0,0.9787234042553192,0.0450981424874957,-0.0165377442638275,0.1324442410832254,279.0,214.0,367.0,0,0,366.5,426.0,True,59.5
GF_01246,MSMEG_0572/Sll0783 family nitrogen starvation response protein,Tier E: lower current evidence,Model-Supported,2,0.6634768740031898,3.25,110.0,110.0,50,4,46,0,0.08,-0.0913787489577924,-0.2287600832120311,0.0543528877328728,104.5,75.0,147.0,0,4,110.0,135.5,True,25.5
GF_01266,metal ABC transporter permease,Tier E: lower current evidence,Model-Supported,2,0.3706140350877193,3.25,353.0,121.0,50,0,50,0,0.0,-0.0860420577119346,-0.1579105128461802,-0.0003582100391848,133.5,121.0,167.0,0,0,353.0,171.0,False,-182.0
GF_01287,response regulator,Tier E: lower current evidence,Model-Supported,2,0.5402711323763956,3.25,213.0,209.0,50,47,3,0,0.94,0.0667670901357022,-0.0321548818810798,0.1755079433397505,186.0,128.0,216.0,0,0,213.0,25.0,True,-188.0
GF_01291,adenylosuccinate synthase,Tier E: lower current evidence,Model-Supported,2,0.3066188197767145,3.25,399.0,360.0,38,5,33,0,0.131578947368421,-0.025512084887485,-0.0737175213062307,0.0071890627405132,392.5,343.0,464.0,0,0,399.0,462.0,True,63.0
GF_01330,late competence development ComFB family protein,Tier E: lower current evidence,Model-Supported,2,0.3759968102073365,3.25,344.5,187.0,50,2,48,0,0.04,-0.0643439378366394,-0.1622669688002331,0.0203153982015946,195.5,163.0,217.0,0,0,344.5,140.0,True,-204.5
GF_01333,long-chain acyl-[acyl-carrier-protein] reductase,Tier E: lower current evidence,Model-Supported,2,0.4792663476874003,3.25,261.0,232.0,50,49,1,0,0.98,0.0629485698708897,-0.0335664276576467,0.1195804993686528,199.5,176.0,222.0,0,0,261.0,59.0,True,-202.0
GF_01359,phosphate ABC transporter ATP-binding protein PstB,Tier E: lower current evidence,Model-Supported,2,0.1463317384370016,3.25,465.0,356.0,40,37,3,0,0.925,0.0297569508389838,-0.0228215720523489,0.0775387568310026,371.5,329.0,403.0,0,0,465.0,466.0,True,1.0
GF_01372,phosphomannose isomerase type II C-terminal cupin domain,Tier E: lower current evidence,Model-Supported,2,0.6893939393939394,3.25,94.0,268.0,48,15,33,0,0.3125,-0.0238748838505606,-0.1488266313775321,0.1019758032721961,278.5,188.0,408.0,0,0,94.0,206.5,True,112.5
GF_01379,cyclic pyranopterin monophosphate synthase MoaC,Tier E: lower current evidence,Model-Supported,2,0.5614035087719298,3.25,196.0,40.0,50,0,50,0,0.0,-0.1439704299576192,-0.2515479007630442,-0.0552636450529453,37.5,34.0,46.0,10,10,196.0,266.0,False,70.0
GF_01382,formate C-acetyltransferase,Tier E: lower current evidence,Model-Supported,2,0.7125199362041468,3.25,82.0,111.0,50,40,10,0,0.8,0.0856290502045087,-0.0877590143528718,0.2491778462949266,87.0,59.0,136.0,0,9,82.0,82.0,True,0.0
GF_01386,type I glyceraldehyde-3-phosphate dehydrogenase,Tier E: lower current evidence,Model-Supported,2,0.7803030303030303,3.25,53.0,424.0,32,30,2,0,0.9375,0.0167461919689208,-0.0207876711090994,0.0581614242456849,453.5,397.0,468.0,0,0,53.0,76.0,True,23.0
GF_01400,threonine ammonia-lyase%2C biosynthetic,Tier E: lower current evidence,Model-Supported,2,0.620414673046252,3.25,148.0,272.0,50,13,37,0,0.26,-0.0241320731340934,-0.1136785934978309,0.0399214382928826,334.0,302.0,379.0,0,0,148.0,104.5,True,-43.5
GF_01401,sodium-dependent bicarbonate transport family permease,Tier E: lower current evidence,Model-Supported,2,0.4154704944178628,3.25,308.5,384.0,50,43,7,0,0.86,0.0382806617795362,-0.0573337377884729,0.13848637818165,300.5,182.0,357.0,0,0,308.5,213.0,True,-95.5
GF_01404,aspartate aminotransferase,Tier E: lower current evidence,Model-Supported,2,0.5689792663476874,3.25,190.5,271.0,40,37,3,0,0.925,0.0289022484139009,-0.0438017923405344,0.1157833636085722,355.5,292.0,460.0,0,0,190.5,316.0,True,125.5
GF_01409,DUF433 domain-containing protein,Tier E: lower current evidence,Model-Supported,2,0.3616427432216905,3.25,362.0,215.0,50,34,16,0,0.68,0.0151869890615429,-0.1319165902467704,0.1616867554459828,261.0,164.0,406.0,0,0,362.0,326.0,True,-36.0
GF_01425,HNH endonuclease,Tier E: lower current evidence,Model-Supported,2,0.6160287081339713,3.25,153.0,32.0,50,0,50,0,0.0,-0.1628594177601676,-0.2344109204688892,-0.0615869120959415,29.0,24.0,31.0,10,10,153.0,91.0,False,-62.0
GF_01426,response regulator transcription factor,Tier E: lower current evidence,Model-Supported,2,0.8732057416267942,3.25,21.0,231.0,46,46,0,0,1.0,0.0561071147306755,0.0077525298492633,0.125140486671618,224.0,177.0,298.0,0,0,21.0,12.0,False,-9.0
GF_01428,DUF2499 domain-containing protein,Tier E: lower current evidence,Model-Supported,2,0.3508771929824561,3.25,369.0,434.0,50,19,31,0,0.38,-0.0100899224072254,-0.1075462337338074,0.0587426428722244,395.0,309.0,459.0,0,0,369.0,402.0,True,33.0
GF_01439,3-phosphoshikimate 1-carboxyvinyltransferase,Tier E: lower current evidence,Model-Supported,2,0.3114035087719298,3.25,394.0,383.0,50,18,32,0,0.36,-0.0116361984283522,-0.0684990977164155,0.0579033130685133,402.5,278.0,449.0,0,0,394.0,398.0,True,4.0
GF_01448,DUF4327 family protein,Tier E: lower current evidence,Model-Supported,2,0.6164274322169059,3.25,152.0,207.0,47,42,5,0,0.8936170212765957,0.0524105476271231,-0.0333605422202838,0.1593258637957308,221.5,159.0,399.0,0,0,152.0,214.0,True,62.0
GF_01458,bacterioferritin,Tier E: lower current evidence,Model-Supported,2,0.5885167464114832,3.25,174.0,154.0,50,50,0,0,1.0,0.07583407486803,0.002853849851539,0.1379698402032702,159.0,127.0,179.0,0,0,173.5,196.0,False,22.5
GF_01461,TldD/PmbA family protein,Tier E: lower current evidence,Model-Supported,2,0.4059011164274322,3.25,322.0,351.0,50,36,14,0,0.72,0.022174976004678,-0.0725730464149485,0.0937024957605819,318.0,270.0,447.0,0,0,322.0,241.0,True,-81.0
GF_01462,manganese catalase family protein,Tier E: lower current evidence,Model-Supported,2,0.9114832535885168,3.25,12.0,23.0,43,43,0,0,1.0,0.15348128063586,0.047893865832973,0.2835172373155714,36.5,16.0,128.0,7,9,12.0,24.0,False,12.0
GF_01466,argininosuccinate synthase,Tier E: lower current evidence,Model-Supported,2,0.3349282296650718,3.25,381.5,428.0,50,25,25,0,0.5,0.0032336576600246,-0.0436501328268396,0.0529645188697125,435.0,349.0,468.0,0,0,381.0,375.5,True,-5.5
GF_01480,TIGR02652 family protein,Tier E: lower current evidence,Model-Supported,2,0.7039473684210527,3.25,88.0,19.0,41,41,0,0,1.0,0.1368538658716967,0.082337373707228,0.2538237406079592,47.5,25.0,68.0,7,10,88.0,103.0,False,15.0
GF_01487,S-methyl-5'-thioadenosine phosphorylase,Tier E: lower current evidence,Model-Supported,2,0.511164274322169,3.25,237.0,277.0,50,5,45,0,0.1,-0.0408084203335562,-0.0929421038190407,0.0411072386566171,297.0,229.0,327.0,0,0,237.5,101.0,True,-136.5
GF_01537,GuaB3 family IMP dehydrogenase-related protein,Tier E: lower current evidence,Model-Supported,2,0.3987240829346092,3.25,332.0,56.0,31,31,0,0,1.0,0.078839588263727,0.0499467799573218,0.2043889056255603,161.5,74.0,333.0,0,4,332.0,310.0,False,-22.0
GF_01550,ATP-dependent Clp endopeptidase proteolytic subunit ClpP,Tier E: lower current evidence,Model-Supported,2,0.8740031897926634,3.25,19.5,59.0,27,27,0,0,1.0,0.0610805903601107,0.0490211772486486,0.1746658826020363,219.5,135.0,307.0,0,0,19.5,89.0,False,69.5
GF_01584,hypothetical protein,Tier E: lower current evidence,Model-Supported,2,0.870414673046252,3.25,23.0,39.0,50,19,31,0,0.38,-0.0177084372356314,-0.2845500762746424,0.313594861917186,102.5,28.0,292.0,3,4,23.0,72.0,True,49.0
GF_01591,imidazole glycerol phosphate synthase subunit HisF,Tier E: lower current evidence,Model-Supported,2,0.6606858054226474,3.25,114.0,322.0,50,40,10,0,0.8,0.0238930495743303,-0.0455954985163761,0.1327774746060295,365.5,283.0,438.0,0,0,113.5,119.5,True,6.0
GF_01629,zinc-dependent dehydrogenase,Tier E: lower current evidence,Model-Supported,2,0.3584529505582137,3.25,363.0,298.0,50,24,26,0,0.48,0.0111379819030773,-0.0784683720716937,0.1304232158889197,296.5,215.0,380.0,0,0,363.0,397.0,True,34.0
GF_01634,asparaginase,Tier E: lower current evidence,Model-Supported,2,0.3751993620414673,3.25,346.0,385.0,41,7,34,0,0.1707317073170731,-0.0224496590300965,-0.0594829709915766,0.0153363373913862,414.5,384.0,447.0,0,0,346.0,362.5,True,16.5
GF_01637,uroporphyrinogen decarboxylase,Tier E: lower current evidence,Model-Supported,2,0.8748006379585327,3.25,18.0,164.0,48,47,1,0,0.9791666666666666,0.0739032905492312,-0.0086505466266691,0.1755402979803957,149.5,107.0,297.0,0,0,18.0,190.0,True,172.0
GF_01638,DUF3593 domain-containing protein,Tier E: lower current evidence,Model-Supported,2,0.7017543859649122,3.25,90.0,43.0,50,0,50,0,0.0,-0.138724817011362,-0.1987226528713039,-0.0796011059240064,41.5,36.0,54.0,9,10,90.0,17.0,False,-73.0
GF_01639,chlorophyll a/b-binding protein,Tier E: lower current evidence,Model-Supported,2,0.284688995215311,3.25,411.0,452.0,30,4,26,0,0.1333333333333333,-0.0150296681344108,-0.0714325485741718,0.0546560221495802,451.0,355.0,472.0,0,0,411.0,469.0,True,58.0
GF_01661,homocysteine biosynthesis protein,Tier E: lower current evidence,Model-Supported,2,0.328548644338118,3.25,386.0,265.0,50,31,19,0,0.62,0.0124339838901167,-0.0731898129766129,0.1191462417321903,341.0,240.0,460.0,0,0,386.0,286.0,True,-100.0
GF_01672,beta-carotene ketolase CrtO,Tier E: lower current evidence,Model-Supported,2,0.3680223285486443,3.25,358.5,427.0,29,9,20,0,0.3103448275862069,-0.0060127142187273,-0.0523190350301139,0.0368035496236008,466.5,443.0,472.0,0,0,359.0,406.0,True,47.0
GF_01673,cytochrome b559 subunit alpha,Tier E: lower current evidence,Model-Supported,2,0.6503189792663477,3.25,120.0,10.0,50,45,5,0,0.9,0.2240488963684152,-0.0559522126446806,0.3919895585790622,9.5,8.0,12.0,10,10,120.0,60.0,True,-60.0
GF_01674,peroxiredoxin,Tier E: lower current evidence,Model-Supported,2,0.6646730462519936,3.25,108.0,194.0,50,5,45,0,0.1,-0.0642148496981545,-0.1523336180136499,0.0443456244929176,194.0,137.0,212.0,0,0,108.0,84.0,True,-24.0
GF_01679,argininosuccinate lyase,Tier E: lower current evidence,Model-Supported,2,0.5729665071770335,3.25,185.0,288.0,50,46,4,0,0.92,0.0480189290364969,-0.0177982827428098,0.1108016726171481,268.0,238.0,301.0,0,0,185.0,55.0,True,-130.0
GF_01680,pyruvate kinase,Tier E: lower current evidence,Model-Supported,2,0.4593301435406698,3.25,278.0,245.0,50,47,3,0,0.94,0.0608307629762277,-0.0248141624861599,0.1341843567193666,202.0,173.0,260.0,0,0,277.5,259.0,True,-18.5
GF_01684,TldD/PmbA family protein,Tier E: lower current evidence,Model-Supported,2,0.3688197767145135,3.25,355.5,190.0,50,0,50,0,0.0,-0.0728704196073097,-0.1303822385431199,-0.01292497013941,170.5,148.0,187.0,0,0,355.5,305.0,False,-50.5
GF_01685,phosphoglycerate dehydrogenase,Tier E: lower current evidence,Model-Supported,2,0.5243221690590112,3.25,225.0,176.0,50,4,46,0,0.08,-0.0691889885385698,-0.1619263126652156,0.0536180457194267,186.5,117.0,216.0,0,0,225.0,135.5,True,-89.5
GF_01688,sulfurtransferase TusA family protein,Tier E: lower current evidence,Model-Supported,2,0.3692185007974481,3.25,354.0,377.0,46,39,7,0,0.8478260869565217,0.0300499579154777,-0.0398111328648915,0.1125001781085716,322.5,265.0,453.0,0,0,354.0,292.0,True,-62.0
GF_01692,uroporphyrinogen-III C-methyltransferase,Tier E: lower current evidence,Model-Supported,2,0.569377990430622,3.25,189.0,261.0,50,7,43,0,0.14,-0.04070815148428,-0.1405848736334227,0.0595850306683199,267.5,233.0,323.0,0,0,189.0,370.0,True,181.0
GF_01742,enoyl-ACP reductase FabI,Tier E: lower current evidence,Model-Supported,2,0.6722488038277512,3.25,103.0,279.0,50,44,6,0,0.88,0.0407812131977032,-0.0479408686051964,0.1143721466850173,295.5,200.0,339.0,0,0,103.0,169.5,True,66.5
GF_01802,urease accessory protein UreG,Tier E: lower current evidence,Model-Supported,2,0.3732057416267942,3.25,349.5,214.0,50,41,9,0,0.82,0.036450067470055,-0.0722295638643859,0.1424024781397752,278.5,221.0,366.0,0,0,349.0,338.0,True,-11.0
GF_01806,flavin reductase family protein,Tier E: lower current evidence,Model-Supported,2,0.5450558213716108,3.25,209.0,108.0,50,1,49,0,0.02,-0.0895364268224102,-0.2047635939367279,0.0618405462353946,124.5,90.0,145.0,0,2,209.0,173.0,True,-36.0
GF_01810,glycosyltransferase family 2 protein,Tier E: lower current evidence,Model-Supported,2,0.3444976076555024,3.25,375.0,406.0,46,24,22,0,0.5217391304347826,0.0075883543210747,-0.0483005755680913,0.0942805449559616,439.0,311.0,467.0,0,0,375.0,439.0,True,64.0
GF_01811,pyruvate dehydrogenase (acetyl-transferring) E1 component subunit alpha,Tier E: lower current evidence,Model-Supported,2,0.476475279106858,3.25,263.0,450.0,50,14,36,0,0.28,-0.0187425270355163,-0.0953061548057782,0.0577131437885493,357.0,304.0,427.0,0,0,263.0,255.0,True,-8.0
GF_01823,cysteine hydrolase family protein,Tier E: lower current evidence,Model-Supported,2,0.5167464114832536,3.25,231.5,304.0,40,8,32,0,0.2,-0.033255139315639,-0.1006168008207236,0.047254608802418,312.0,237.0,370.0,0,0,231.5,373.5,True,142.0
GF_01834,type I glyceraldehyde-3-phosphate dehydrogenase,Tier E: lower current evidence,Model-Supported,2,0.9629186602870814,3.25,4.0,21.0,50,50,0,0,1.0,0.1999979193214641,0.0965065483342389,0.260190821618272,15.5,13.0,19.0,10,10,4.0,2.0,False,-2.0
GF_01836,DUF2256 domain-containing protein,Tier E: lower current evidence,Model-Supported,2,0.4493620414673046,3.25,287.0,449.0,50,20,30,0,0.4,-0.0113637703783629,-0.1236457017080132,0.1173089408193078,265.0,213.0,446.0,0,0,287.0,254.0,True,-33.0
GF_01837,phycocyanin subunit alpha,Tier E: lower current evidence,Model-Supported,2,0.2145135566188198,3.25,446.0,293.0,50,5,45,0,0.1,-0.0429878762729326,-0.1060657811911733,0.0545311164139871,285.5,200.0,319.0,0,0,446.0,422.0,True,-24.0
GF_01844,AAA family ATPase,Tier E: lower current evidence,Model-Supported,2,0.4593301435406698,3.25,278.0,250.0,50,0,50,0,0.0,-0.0550406969305438,-0.1048323851037757,-0.0074742338035678,238.5,225.0,253.0,0,0,277.5,265.0,False,-12.5
GF_01885,potassium channel family protein,Tier E: lower current evidence,Model-Supported,2,0.1694577352472089,3.25,456.0,323.0,44,36,8,0,0.8181818181818182,0.0217358387057044,-0.0596694733897756,0.0893325498587429,378.0,290.0,448.0,0,0,456.0,449.0,True,-7.0
GF_01897,potassium-transporting ATPase subunit KdpB,Tier E: lower current evidence,Model-Supported,2,0.6443381180223285,3.25,127.0,124.0,43,5,38,0,0.1162790697674418,-0.0835816130601594,-0.1966589704828282,0.0398162076156203,125.0,105.0,147.0,0,0,127.0,127.0,True,0.0
GF_01902,sodium-dependent bicarbonate transport family permease,Tier E: lower current evidence,Model-Supported,2,0.5809409888357256,3.25,181.0,160.0,50,46,4,0,0.92,0.0638519915510748,-0.0934398575898605,0.1827123566337025,175.0,128.0,214.0,0,0,181.0,112.0,True,-69.0
GF_02060,response regulator,Tier E: lower current evidence,Model-Supported,2,0.3233652312599681,3.25,390.0,278.0,50,11,39,0,0.22,-0.0356183591747535,-0.1328044874028978,0.0525820976095532,292.0,221.0,342.0,0,0,390.0,386.0,True,-4.0
GF_02091,Fur family transcriptional regulator,Tier E: lower current evidence,Model-Supported,2,0.5474481658692185,3.25,206.0,407.0,50,11,39,0,0.22,-0.022406410061813,-0.0708331667626607,0.0383804296756373,395.5,335.0,433.0,0,0,206.0,297.0,True,91.0
GF_02101,DUF6679 family protein,Tier E: lower current evidence,Model-Supported,2,0.2799043062200957,3.25,415.0,458.0,50,19,31,0,0.38,-0.0085896518130867,-0.0584959749660855,0.0481148201889566,434.5,402.0,448.0,0,0,415.0,369.0,True,-46.0
GF_02109,phycocyanin subunit alpha,Tier E: lower current evidence,Model-Supported,2,0.7384370015948963,3.25,70.0,106.0,40,38,2,0,0.95,0.0798168834282865,-0.0092988771925217,0.1998494672420393,146.5,106.0,175.0,0,0,70.0,143.0,True,73.0
GF_02110,GTP cyclohydrolase I FolE,Tier E: lower current evidence,Model-Supported,2,0.4972089314194577,3.25,249.0,97.0,47,47,0,0,1.0,0.0979607184291235,0.0324851743564322,0.1761043554391429,87.5,85.0,166.0,0,7,249.0,264.0,False,15.0
GF_02113,cytochrome b6-f complex iron-sulfur subunit,Tier E: lower current evidence,Model-Supported,2,0.3389154704944178,3.25,379.0,359.0,40,38,2,0,0.95,0.0287795505540061,-0.0038759559615058,0.0711039889293388,388.0,359.0,402.0,0,0,379.0,423.0,True,44.0
GF_02131,cob(I)yrinic acid a%2Cc-diamide adenosyltransferase,Tier E: lower current evidence,Model-Supported,2,0.2703349282296651,3.25,418.0,386.0,50,12,38,0,0.24,-0.0221494792353482,-0.0968499342755864,0.0235493449595109,378.5,353.0,444.0,0,0,418.0,347.0,True,-71.0
GF_02159,histone deacetylase family protein,Tier E: lower current evidence,Model-Supported,2,0.2149122807017544,3.25,445.0,373.0,42,3,39,0,0.0714285714285714,-0.0269609095894849,-0.096254177534602,0.0142757820305538,389.5,348.0,417.0,0,0,445.0,464.0,True,19.0
GF_02184,GDP-L-fucose synthase family protein,Tier E: lower current evidence,Model-Supported,2,0.3440988835725678,3.25,376.0,453.0,50,32,18,0,0.64,0.0222932555093718,-0.0978492162347348,0.1132343864610419,348.0,242.0,410.0,0,0,376.0,327.0,True,-49.0
GF_02194,alpha-amylase family glycosyl hydrolase,Tier E: lower current evidence,Model-Supported,2,0.0992822966507177,3.25,470.0,467.0,26,14,12,0,0.5384615384615384,-0.0015219810760834,-0.0353057963079634,0.0351918409518464,468.5,462.0,473.0,0,0,470.0,467.0,True,-3.0
GF_02216,DUF433 domain-containing protein,Tier E: lower current evidence,Model-Supported,2,0.7587719298245614,3.25,64.0,105.0,50,46,4,0,0.92,0.1071660403027555,-0.0635500443937942,0.2111900066713524,76.0,55.0,101.0,0,9,64.0,123.0,True,59.0
GF_02217,Asp-tRNA(Asn)/Glu-tRNA(Gln) amidotransferase subunit GatA,Tier E: lower current evidence,Model-Supported,2,0.2224880382775119,3.25,441.0,349.0,50,10,40,0,0.2,-0.0225852606306196,-0.0924832686407183,0.0408025917304426,386.5,302.0,423.0,0,0,441.0,393.0,True,-48.0
GF_02226,type II toxin-antitoxin system HicB family antitoxin,Tier E: lower current evidence,Model-Supported,2,0.671451355661882,3.25,104.0,89.0,50,43,7,0,0.86,0.0843672976151575,-0.075871840958447,0.2317672048573329,121.0,79.0,158.0,0,3,104.0,125.5,True,21.5
GF_00384,bifunctional nuclease family protein,Tier E: lower current evidence,Model-Supported,2,0.2854864433811802,3.2,410.0,334.0,50,45,5,0,0.9,0.0351669374829571,-0.0127199482918214,0.0916099976699148,334.0,285.0,383.0,0,0,410.0,366.0,True,-44.0
GF_00048,anti-sigma factor antagonist,Tier E: lower current evidence,Model-Supported,2,0.6570972886762361,3.0,116.0,211.0,50,47,3,0,0.94,0.0657278165936478,-0.0190929020800083,0.1785057255510041,191.0,147.0,221.0,0,0,116.0,134.0,True,18.0
GF_00049,cytochrome c oxidase subunit I,Tier E: lower current evidence,Model-Supported,2,0.5171451355661882,3.0,230.0,140.0,46,46,0,0,1.0,0.0884766363299943,0.0251036828753331,0.1831159768930781,112.0,81.0,204.0,0,5,230.0,353.0,False,123.0
GF_02261,citrate synthase,Tier E: lower current evidence,Model-Supported,2,0.7312599681020734,3.0,71.0,77.0,45,45,0,0,1.0,0.1122714451485082,0.0301980403960097,0.2109899680914819,71.5,49.0,126.0,1,8,71.0,49.0,False,-22.0
GF_00615,F0F1 ATP synthase subunit gamma,De-emphasize: housekeeping/lineage,Model-Supported,2,0.3680223285486443,2.65,358.5,252.0,50,5,45,0,0.1,-0.0474782572897845,-0.1440377943902224,0.0511874686157144,255.5,197.0,331.0,0,0,358.0,294.0,True,-64.0
GF_02069,elongation factor G,De-emphasize: housekeeping/lineage,Model-Supported,2,0.8596491228070176,2.65,28.5,81.0,46,46,0,0,1.0,0.094915514034326,0.0302166184636923,0.1941195555675309,94.0,70.0,176.0,0,6,28.0,19.0,False,-9.0
GF_01540,50S ribosomal protein L1,De-emphasize: housekeeping/lineage,Model-Supported,2,0.409090909090909,2.55,319.0,286.0,50,40,10,0,0.8,0.0273388403851066,-0.0875704927884117,0.0878914760706519,246.5,200.0,323.0,0,0,319.0,233.0,True,-86.0
GF_02178,DNA topoisomerase (ATP-hydrolyzing) subunit B,De-emphasize: housekeeping/lineage,Model-Supported,2,0.6084529505582137,2.55,160.5,251.0,50,49,1,0,0.98,0.0568961440180408,-0.0074159019310643,0.1494040583916385,229.5,204.0,260.0,0,0,160.0,113.0,True,-47.0
GF_00125,ATP-dependent zinc metalloprotease FtsH2,De-emphasize: housekeeping/lineage,Model-Supported,2,0.7627591706539075,2.5,62.0,159.0,50,47,3,0,0.94,0.081092183049031,-0.0121867899604359,0.2363708250844091,143.0,113.0,179.0,0,0,62.0,41.0,True,-21.0
GF_00036,translation initiation factor IF-3,De-emphasize: housekeeping/lineage,Model-Supported,2,0.4362041467304625,2.45,297.0,173.0,44,44,0,0,1.0,0.0634281625948304,0.0120454082662648,0.1400093730013706,204.0,154.0,264.0,0,0,297.0,278.0,False,-19.0
GF_00365,50S ribosomal protein L19,De-emphasize: housekeeping/lineage,Model-Supported,2,0.1670653907496012,2.45,457.0,445.0,50,24,26,0,0.48,-0.0002532818833549,-0.0396980126766323,0.0613050483859651,428.5,360.0,466.0,0,0,457.0,460.0,True,3.0
GF_00413,ATP-dependent zinc metalloprotease FtsH2,De-emphasize: housekeeping/lineage,Model-Supported,2,0.233652312599681,2.45,439.0,389.0,50,19,31,0,0.38,-0.0089351151706117,-0.0815245940905044,0.0699998285579748,387.0,318.0,465.0,0,0,439.0,270.0,True,-169.0
GF_00604,30S ribosomal protein S21,De-emphasize: housekeeping/lineage,Model-Supported,2,0.865231259968102,2.45,26.0,99.0,50,41,9,0,0.82,0.0877370027420372,-0.0950073819968494,0.1775727377363735,102.5,53.0,117.0,0,5,26.0,11.0,True,-15.0
GF_01745,30S ribosomal protein S14,De-emphasize: housekeeping/lineage,Model-Supported,2,0.5217304625199362,2.45,227.0,133.0,40,40,0,0,1.0,0.0662441297395191,0.0217826649654347,0.1846998661622628,183.0,161.0,272.0,0,0,227.0,226.0,False,-1.0
GF_02152,elongation factor P,De-emphasize: housekeeping/lineage,Model-Supported,2,0.7623604465709728,2.45,63.0,36.0,50,0,50,0,0.0,-0.1568785753618793,-0.228415039058056,-0.0814489934798414,30.0,29.0,33.0,10,10,63.0,65.0,False,2.0
GF_00394,RNA recognition motif domain-containing protein,Tier E: lower current evidence,Model-Supported,2,0.4549441786283891,2.4,282.5,96.0,44,44,0,0,1.0,0.0966876974718853,0.0429700669259674,0.1819657380616906,115.5,58.0,149.0,0,4,282.5,110.0,False,-172.5
GF_01617,Dps family protein,Tier E: lower current evidence,Model-Supported,2,0.532695374800638,2.4,216.0,345.0,48,19,29,0,0.3958333333333333,-0.0126549206281168,-0.1033095080244994,0.0597256874106488,364.5,276.0,410.0,0,0,216.0,330.0,True,114.0
GF_00963,small RNA NsiR4-regulated ssr1528 family protein,Tier E: lower current evidence,Model-Supported,2,0.3843700159489633,2.3,337.0,280.0,40,9,31,0,0.225,-0.0221859705685114,-0.0669694958334867,0.0238655285965978,406.0,364.0,444.0,0,0,337.0,445.0,True,108.0
GF_00410,photosystem II reaction center protein PsbX,De-emphasize: housekeeping/lineage,Model-Supported,2,0.3576555023923445,2.25,364.5,255.0,50,1,49,0,0.02,-0.055692286377498,-0.1450851243691915,0.0019395494647191,235.5,208.0,269.0,0,0,364.0,414.0,True,50.0
GF_00424,type I methionyl aminopeptidase,De-emphasize: housekeeping/lineage,Model-Supported,2,0.5705741626794258,2.25,188.0,267.0,50,3,47,0,0.06,-0.0466185477852017,-0.1256110060925866,0.0211234415955828,270.5,225.0,296.0,0,0,188.0,130.0,True,-58.0
GF_00432,photosystem II reaction center phosphoprotein PsbH,De-emphasize: housekeeping/lineage,Model-Supported,2,0.5925039872408293,2.25,171.0,117.0,50,50,0,0,1.0,0.095549073948383,0.0271337406728561,0.1770763222289796,109.0,95.0,134.0,0,1,171.0,118.0,False,-53.0
GF_00565,photosystem II high light acclimation radical SAM protein,De-emphasize: housekeeping/lineage,Model-Supported,2,0.6762360446570972,2.25,101.0,198.0,50,46,4,0,0.92,0.065470360466701,-0.0364971766287592,0.1674905811541592,191.0,144.0,216.0,0,0,101.0,164.0,True,63.0
GF_00578,asparagine--tRNA ligase,De-emphasize: housekeeping/lineage,Model-Supported,2,0.5861244019138756,2.25,176.5,260.0,41,41,0,0,1.0,0.0427314606550253,0.0004022988176269,0.098004331105741,307.0,220.0,337.0,0,0,176.5,348.0,False,171.5
GF_00724,F0F1 ATP synthase subunit gamma,De-emphasize: housekeeping/lineage,Model-Supported,2,0.5853269537480064,2.25,178.0,264.0,47,46,1,0,0.9787234042553192,0.060981264608289,-0.007403591367739,0.1644661643163601,195.5,169.0,319.0,0,0,178.0,176.0,True,-2.0
GF_01390,30S ribosomal protein PSRP-3,De-emphasize: housekeeping/lineage,Model-Supported,2,0.4665071770334928,2.25,268.5,348.0,50,24,26,0,0.48,0.0016103682281443,-0.0542191095021193,0.0877868824468865,426.0,291.0,469.0,0,0,268.5,172.0,True,-96.5
GF_01394,30S ribosomal protein S12 methylthiotransferase RimO,De-emphasize: housekeeping/lineage,Model-Supported,2,0.5629984051036683,2.25,195.0,90.0,50,0,50,0,0.0,-0.0975645169195324,-0.1709589872128481,-0.0301367882829261,106.5,93.0,119.0,0,3,195.0,216.0,False,21.0
GF_01543,photosystem I biogenesis protein BtpA,De-emphasize: housekeeping/lineage,Model-Supported,2,0.8767942583732058,2.25,17.0,130.0,36,36,0,0,1.0,0.0625294134511462,0.0159957485369906,0.1831095187736231,224.0,95.0,304.0,0,1,17.0,85.0,False,68.0
GF_01583,photosystem II reaction center protein PsbM,De-emphasize: housekeeping/lineage,Model-Supported,2,0.6535087719298246,2.25,118.5,52.0,50,0,50,0,0.0,-0.1346416132577492,-0.2369089131054483,-0.0425862114689931,44.5,37.0,56.0,8,10,119.0,125.5,False,6.5
GF_01648,30S ribosomal protein S1,De-emphasize: housekeeping/lineage,Model-Supported,2,0.4692982456140351,2.25,266.0,242.0,50,40,10,0,0.8,0.0393458838411298,-0.0686916728863174,0.1340552117903848,242.0,188.0,320.0,0,0,266.0,296.0,True,30.0
GF_01681,ATP-dependent zinc metalloprotease FtsH4,De-emphasize: housekeeping/lineage,Model-Supported,2,0.2587719298245614,2.25,424.0,355.0,50,15,35,0,0.3,-0.0259295303887146,-0.1694818739644536,0.1061981938204213,270.5,179.0,368.0,0,0,424.0,221.0,True,-203.0
GF_01872,photosystem II reaction center protein I,De-emphasize: housekeeping/lineage,Model-Supported,2,0.3879585326953748,2.25,336.0,256.0,40,1,39,0,0.025,-0.0522961877853054,-0.1110360802667642,0.0014360940338165,257.5,188.0,276.0,0,0,336.0,407.0,True,71.0
GF_01898,F0F1 ATP synthase subunit A,De-emphasize: housekeeping/lineage,Model-Supported,2,0.4250398724082934,2.25,303.0,330.0,50,11,39,0,0.22,-0.0270969089021973,-0.117615123899913,0.0414124820883193,355.5,293.0,411.0,0,0,303.0,287.0,True,-16.0
GF_02180,50S ribosomal protein L5,De-emphasize: housekeeping/lineage,Model-Supported,2,0.9557416267942584,2.25,5.0,6.0,50,46,4,0,0.92,0.2796846165954996,-0.0381391968532624,0.4188292315141567,5.0,4.0,5.0,10,10,5.0,7.0,True,2.0
GF_01012,hypothetical protein,Tier E: lower current evidence,Model-Supported,2,0.4593301435406698,2.2,278.0,149.0,40,40,0,0,1.0,0.0537010398872366,0.0227323646973454,0.1147807173515134,238.5,202.0,329.0,0,0,279.0,344.0,False,65.0
GF_02222,phosphoglycerate dehydrogenase,Tier E: lower current evidence,Model-Supported,2,0.8536682615629985,2.2,33.0,91.0,39,39,0,0,1.0,0.0780138622163636,0.0255680651536601,0.1507893653667989,146.0,138.0,273.0,0,0,33.0,298.0,False,265.0
GF_00250,CPXCG motif-containing cysteine-rich protein,Tier E: lower current evidence,Model-Supported,2,0.5885167464114833,2.0,173.0,200.0,30,26,4,0,0.8666666666666667,0.0404619884068292,-0.0576516610151545,0.1412025466156609,270.0,177.0,471.0,0,0,173.5,289.5,True,116.0
GF_00311,sulfate/molybdate ABC transporter ATP-binding protein,Tier E: lower current evidence,Model-Supported,2,0.3405103668261563,2.0,378.0,92.0,50,0,50,0,0.0,-0.0983531247548261,-0.1671647602558319,-0.0134055001732774,101.0,97.0,111.0,0,5,378.0,381.0,False,3.0
GF_00418,NAD(P)H-binding protein,Tier E: lower current evidence,Model-Supported,2,0.4936204146730463,2.0,251.0,151.0,46,0,46,0,0.0,-0.0737349274418881,-0.1326191672587926,-0.0256170029983361,163.5,138.0,211.0,0,0,251.0,431.5,False,180.5
GF_00421,branched-chain amino acid ABC transporter permease,Tier E: lower current evidence,Model-Supported,2,0.217304625199362,2.0,444.0,365.0,41,4,37,0,0.0975609756097561,-0.0257218671123231,-0.076414007221775,0.0347688087724551,385.0,317.0,442.0,0,0,444.0,424.0,True,-20.0
GF_00564,CoB--CoM heterodisulfide reductase iron-sulfur subunit B family protein,Tier E: lower current evidence,Model-Supported,2,0.235645933014354,2.0,437.5,390.0,50,30,20,0,0.6,0.0060529206506299,-0.0582257337820807,0.0696253778900034,397.5,326.0,445.0,0,0,438.0,450.0,True,12.0
GF_00570,carbamoyl-phosphate synthase large subunit,Tier E: lower current evidence,Model-Supported,2,0.4082934609250399,2.0,320.0,420.0,50,35,15,0,0.7,0.0211874439223071,-0.0895473139416686,0.1207214762314147,331.5,197.0,403.0,0,0,320.0,323.5,True,3.5
GF_00572,AAA family ATPase,Tier E: lower current evidence,Model-Supported,2,0.4609250398724083,2.0,275.0,307.0,38,0,38,0,0.0,-0.0287904413967723,-0.0765668778553058,-0.0045661998577371,391.5,340.0,421.0,0,0,275.0,457.0,False,182.0
GF_00621,Hsp33 family molecular chaperone HslO,Tier E: lower current evidence,Model-Supported,2,0.4385964912280702,2.0,295.5,225.0,47,0,47,0,0.0,-0.0607470455678541,-0.1254082190277115,-0.0174312956106621,211.5,184.0,288.0,0,0,296.0,358.0,False,62.0
GF_00676,sugar transferase,Tier E: lower current evidence,Model-Supported,2,0.1798245614035087,2.0,452.0,441.0,40,28,12,0,0.7,0.0070236219128311,-0.0525152682294505,0.0589874251245537,455.0,399.0,469.0,0,0,452.0,470.0,True,18.0
GF_00709,prohibitin family protein,Tier E: lower current evidence,Model-Supported,2,0.2368421052631579,2.0,434.0,310.0,49,45,4,0,0.9183673469387756,0.0410315483520795,-0.0129505585818717,0.1204727274856171,298.0,239.0,357.0,0,0,434.0,211.5,True,-222.5
GF_00785,glutathione S-transferase family protein,Tier E: lower current evidence,Model-Supported,2,0.3054226475279107,2.0,400.0,447.0,40,8,32,0,0.2,-0.0162832374431399,-0.0961934603289426,0.0587660260061894,423.5,306.0,463.0,0,0,400.0,458.0,True,58.0
GF_00811,UPF0175 family protein,Tier E: lower current evidence,Model-Supported,2,0.5035885167464115,2.0,242.5,85.0,49,0,49,0,0.0,-0.1064110535218885,-0.1807815403801691,-0.010286826196272,89.0,56.0,105.0,0,9,242.0,283.0,False,41.0
GF_00843,ATP-binding protein,Tier E: lower current evidence,Model-Supported,2,0.4577352472089314,2.0,281.0,158.0,40,0,40,0,0.0,-0.083139146666433,-0.194099034014741,-0.0291306979895943,142.5,109.0,182.0,0,0,281.0,242.0,False,-39.0
GF_00860,thioredoxin family protein,Tier E: lower current evidence,Model-Supported,2,0.14792663476874,2.0,463.0,317.0,40,37,3,0,0.925,0.0262467261392597,-0.0207936917045363,0.0891836375697493,398.0,316.0,441.0,0,0,463.0,465.0,True,2.0
GF_00966,magnesium chelatase subunit H,Tier E: lower current evidence,Model-Supported,2,0.3349282296650718,2.0,381.5,202.0,49,4,45,0,0.0816326530612244,-0.0562778646840036,-0.1555591039507455,0.0529518654809916,218.5,161.0,250.0,0,0,382.0,335.0,True,-47.0
GF_01004,phosphate ABC transporter permease PstA,Tier E: lower current evidence,Model-Supported,2,0.0962918660287081,2.0,471.0,404.0,40,26,14,0,0.65,0.004014642566232,-0.04536356006489,0.0374308164306581,456.5,443.0,471.0,0,0,471.0,471.0,True,0.0
GF_01236,hypothetical protein,Tier E: lower current evidence,Model-Supported,2,0.5267145135566188,2.0,223.0,342.0,50,27,23,0,0.54,0.0152099442273531,-0.0846254873742156,0.1049064694507622,309.0,279.0,400.0,0,0,223.0,229.0,True,6.0
GF_01241,DNA-processing protein DprA,Tier E: lower current evidence,Model-Supported,2,0.4828548644338118,2.0,256.0,270.0,44,38,6,0,0.8636363636363636,0.0415559993034748,-0.0207906011729785,0.131431061087129,294.5,224.0,387.0,0,0,256.0,271.5,True,15.5
GF_01332,DUF433 domain-containing protein,Tier E: lower current evidence,Model-Supported,2,0.7488038277511961,2.0,68.0,26.0,50,47,3,0,0.94,0.1753461417236453,-0.0429858657830484,0.3755469714325175,22.5,18.0,28.0,10,10,68.0,75.0,True,7.0
GF_01334,quinolinate synthase NadA,Tier E: lower current evidence,Model-Supported,2,0.3688197767145135,2.0,355.5,432.0,45,25,20,0,0.5555555555555556,-0.0004002666901366,-0.0709461798586989,0.0650116764581727,420.5,295.0,464.0,0,0,355.5,343.0,True,-12.5
GF_01336,dTDP-glucose 4%2C6-dehydratase,Tier E: lower current evidence,Model-Supported,2,0.363237639553429,2.0,361.0,244.0,50,42,8,0,0.84,0.0537832822221797,-0.0933850750730771,0.1576552610241301,210.5,130.0,259.0,0,0,361.0,322.0,True,-39.0
GF_01375,ATP-dependent Clp protease adapter ClpS,Tier E: lower current evidence,Model-Supported,2,0.4501594896331738,2.0,285.0,333.0,50,18,32,0,0.36,-0.0104948208645897,-0.102505038933838,0.0814351414885362,348.5,289.0,449.0,0,0,285.0,284.0,True,-1.0
GF_01447,response regulator,Tier E: lower current evidence,Model-Supported,2,0.2057416267942583,2.0,450.0,241.0,45,4,41,0,0.0888888888888888,-0.0400836611874458,-0.1150390399542288,0.0165346774905311,301.5,262.0,398.0,0,0,450.0,452.0,True,2.0
GF_01504,organoarsenical effux MFS transporter ArsJ,Tier E: lower current evidence,Model-Supported,2,0.7129186602870814,2.0,81.0,98.0,32,32,0,0,1.0,0.0615303428804718,0.0282219693331201,0.1611647187969892,205.0,149.0,347.0,0,0,81.0,199.5,False,118.5
GF_01514,ABC transporter ATP-binding protein,Tier E: lower current evidence,Model-Supported,2,0.6379585326953748,2.0,134.0,162.0,34,26,8,0,0.7647058823529411,0.0235619411424138,-0.0707972617873497,0.1394974789694342,378.0,260.0,470.0,0,0,134.0,337.0,True,203.0
GF_01535,septum site-determining protein MinD,Tier E: lower current evidence,Model-Supported,2,0.5709728867623605,2.0,187.0,238.0,30,28,2,0,0.9333333333333332,0.0293458301420513,-0.0220932234440792,0.0959214630081827,391.0,280.0,451.0,0,0,187.0,403.0,True,216.0
GF_01619,DUF433 domain-containing protein,Tier E: lower current evidence,Model-Supported,2,0.6423444976076556,2.0,130.0,29.0,50,50,0,0,1.0,0.1891345959778925,0.0014749301534195,0.3545773423379958,19.0,13.0,24.0,10,10,130.0,77.0,False,-53.0
GF_01620,O-acetylhomoserine aminocarboxypropyltransferase/cysteine synthase family protein,Tier E: lower current evidence,Model-Supported,2,0.5442583732057417,2.0,211.0,95.0,49,0,49,0,0.0,-0.0985058942620541,-0.2623137021254786,-0.0031578888367551,103.5,71.0,127.0,0,5,211.0,308.5,False,97.5
GF_01659,fumarate reductase/succinate dehydrogenase flavoprotein subunit,Tier E: lower current evidence,Model-Supported,2,0.9242424242424242,2.0,10.0,14.0,27,26,1,0,0.9629629629629628,0.105451958167846,-0.010137071621738,0.3094752875067657,107.5,25.0,270.0,4,5,10.0,40.0,True,30.0
GF_01683,transaldolase,Tier E: lower current evidence,Model-Supported,2,0.5311004784688995,2.0,218.0,285.0,45,32,13,0,0.7111111111111111,0.0127535379336336,-0.0740590176628209,0.0672137439100459,420.0,316.0,452.0,0,0,218.0,383.0,True,165.0
GF_01807,Npun_R2479 family HD domain-containing metalloprotein,Tier E: lower current evidence,Model-Supported,2,0.7268740031897927,2.0,73.0,102.0,50,50,0,0,1.0,0.1112448227085749,0.021292696740904,0.1787640190937821,78.0,63.0,93.0,0,10,73.0,48.0,False,-25.0
GF_01822,aspartate carbamoyltransferase catalytic subunit,Tier E: lower current evidence,Model-Supported,2,0.5127591706539075,2.0,235.0,180.0,50,0,50,0,0.0,-0.0766338348960131,-0.1617720157301822,-0.0298703404792842,156.5,137.0,180.0,0,0,235.0,137.0,False,-98.0
GF_01866,phosphoglucomutase/phosphomannomutase family protein,Tier E: lower current evidence,Model-Supported,2,0.40311004784689,2.0,326.0,127.0,47,0,47,0,0.0,-0.0835509605099572,-0.1497736257052756,-0.0197429938568441,132.0,117.0,175.0,0,0,326.0,387.5,False,61.5
GF_02059,4Fe-4S dicluster domain-containing protein,Tier E: lower current evidence,Model-Supported,2,0.833732057416268,2.0,39.0,15.0,37,36,1,0,0.972972972972973,0.1513947658773175,-0.0073145580620904,0.3882711960727896,27.5,14.0,126.0,7,8,39.0,70.0,True,31.0
GF_02074,thioredoxin family protein,Tier E: lower current evidence,Model-Supported,2,0.2759170653907496,2.0,416.0,219.0,43,39,4,0,0.9069767441860463,0.0524370639958624,-0.0142818268964978,0.1306398331105857,251.0,178.0,303.0,0,0,416.0,416.0,True,0.0
GF_02094,adenosyl-hopene transferase HpnH,Tier E: lower current evidence,Model-Supported,2,0.1487240829346092,2.0,462.0,459.0,50,36,14,0,0.72,0.0142161476043105,-0.0625950095398307,0.0987131570136783,373.0,240.0,431.0,0,0,462.0,355.5,True,-106.5
GF_02122,DUF433 domain-containing protein,Tier E: lower current evidence,Model-Supported,2,0.5167464114832536,2.0,231.5,181.0,50,36,14,0,0.72,0.0451326378767909,-0.0694154476757061,0.1718497774739999,218.0,147.0,254.0,0,0,231.5,224.5,True,-7.0
GF_02158,precorrin-8X methylmutase,Tier E: lower current evidence,Model-Supported,2,0.4039074960127591,2.0,325.0,337.0,43,36,7,0,0.8372093023255814,0.0267413589439871,-0.0560815429095973,0.1093946007882716,345.5,240.0,427.0,0,0,325.0,351.0,True,26.0
GF_02215,helix-turn-helix domain-containing protein,Tier E: lower current evidence,Model-Supported,2,0.3458931419457735,2.0,374.0,103.0,40,40,0,0,1.0,0.0733074355792917,0.0349764858867332,0.1405237170580466,168.0,126.0,206.0,0,0,374.0,444.0,False,70.0
GF_00208,30S ribosome-binding factor RbfA,De-emphasize: housekeeping/lineage,Model-Supported,2,0.3831738437001595,1.3,338.0,343.0,35,2,33,0,0.0571428571428571,-0.0244995002298194,-0.0936187497524621,0.0293516403782019,409.5,306.0,454.0,0,0,338.0,468.0,True,130.0
GF_01293,30S ribosomal protein S21,De-emphasize: housekeeping/lineage,Model-Supported,2,0.2248803827751196,1.2,440.0,327.0,50,12,38,0,0.24,-0.0258855044312757,-0.0893533306605791,0.0365480142850039,370.5,279.0,435.0,0,0,440.0,387.5,True,-52.5
GF_00869,F0F1 ATP synthase subunit A,De-emphasize: housekeeping/lineage,Model-Supported,2,0.2029505582137161,1.0,451.0,381.0,50,9,41,0,0.18,-0.0309941670470085,-0.104665908327204,0.0501085570698796,318.5,251.0,376.0,0,0,451.0,441.0,True,-10.0
GF_01054,30S ribosomal protein S18,De-emphasize: housekeeping/lineage,Model-Supported,2,0.8313397129186603,1.0,40.0,67.0,50,0,50,0,0.0,-0.1078122691768645,-0.186712952743722,-0.0202974957494712,84.5,72.0,92.0,0,10,40.0,21.0,False,-19.0
GF_01919,tryptophan--tRNA ligase,De-emphasize: housekeeping/lineage,Model-Supported,2,0.2838915470494417,1.0,412.0,456.0,50,28,22,0,0.56,0.0020942317539456,-0.0683189583796815,0.0663804288365877,406.0,347.0,455.0,0,0,412.0,438.0,True,26.0
