model,gene_family,fold,importance
Random Forest,GF_00002,1,0.0121142642622744
Random Forest,GF_00008,1,0.0
Random Forest,GF_00011,1,0.0006605852974236
Random Forest,GF_00012,1,0.0
Random Forest,GF_00013,1,0.0011149683884703
Random Forest,GF_00014,1,0.0007689023505878
Random Forest,GF_00015,1,0.0014134411080204
Random Forest,GF_00017,1,7.000459709423139e-05
Random Forest,GF_00018,1,0.0003019023229971
Random Forest,GF_00036,1,0.0
Random Forest,GF_00043,1,0.0002692041419433
Random Forest,GF_00044,1,0.005427290888061
Random Forest,GF_00046,1,4.784632784309129e-06
Random Forest,GF_00047,1,0.0001617202136636
Random Forest,GF_00048,1,0.0
Random Forest,GF_00049,1,0.0015036415632428
Random Forest,GF_00051,1,0.0
Random Forest,GF_00052,1,0.0009577414971481
Random Forest,GF_00071,1,0.0
Random Forest,GF_00072,1,0.000197395834774
Random Forest,GF_00073,1,0.0007828413716168
Random Forest,GF_00074,1,0.0
Random Forest,GF_00075,1,0.0
Random Forest,GF_00076,1,0.0011595404331658
Random Forest,GF_00077,1,0.0003318031448939
Random Forest,GF_00078,1,0.0
Random Forest,GF_00079,1,0.0004343213528944
Random Forest,GF_00080,1,0.0284214070047729
Random Forest,GF_00081,1,0.0003500639764953
Random Forest,GF_00082,1,0.0006019781739505
Random Forest,GF_00083,1,0.0012715567705703
Random Forest,GF_00084,1,0.0
Random Forest,GF_00085,1,0.0038444096412786
Random Forest,GF_00087,1,0.0
Random Forest,GF_00088,1,0.0
Random Forest,GF_00093,1,0.0001742222235274
Random Forest,GF_00094,1,0.0014446619877639
Random Forest,GF_00104,1,0.0011283054916293
Random Forest,GF_00105,1,0.0005743418118482
Random Forest,GF_00106,1,0.0003574124745591
Random Forest,GF_00107,1,0.0011866469432703
Random Forest,GF_00108,1,4.753783714725627e-06
Random Forest,GF_00109,1,0.0
Random Forest,GF_00110,1,0.000480960279857
Random Forest,GF_00111,1,0.0
Random Forest,GF_00112,1,8.761007080339727e-05
Random Forest,GF_00113,1,0.0
Random Forest,GF_00114,1,0.0
Random Forest,GF_00115,1,0.0002628869250228
Random Forest,GF_00116,1,0.0
Random Forest,GF_00117,1,7.346177926814737e-05
Random Forest,GF_00120,1,0.0
Random Forest,GF_00121,1,0.0
Random Forest,GF_00122,1,0.0004462683231034
Random Forest,GF_00123,1,0.0
Random Forest,GF_00124,1,0.0
Random Forest,GF_00125,1,0.0024003328582031
Random Forest,GF_00136,1,5.770259751526005e-06
Random Forest,GF_00137,1,0.0
Random Forest,GF_00138,1,0.0
Random Forest,GF_00139,1,0.0
Random Forest,GF_00141,1,9.47711790402882e-05
Random Forest,GF_00142,1,0.0
Random Forest,GF_00143,1,7.23913446660362e-05
Random Forest,GF_00155,1,0.0
Random Forest,GF_00164,1,0.0003217677935522
Random Forest,GF_00170,1,0.0
Random Forest,GF_00175,1,0.0002056149922008
Random Forest,GF_00178,1,1.9499552507420437e-06
Random Forest,GF_00179,1,0.0
Random Forest,GF_00180,1,0.0001810734940943
Random Forest,GF_00185,1,0.0013885751314938
Random Forest,GF_00208,1,0.0
Random Forest,GF_00220,1,0.0001176249553427
Random Forest,GF_00228,1,0.0023657305501616
Random Forest,GF_00229,1,0.0011234044794659
Random Forest,GF_00235,1,0.0032405344815133
Random Forest,GF_00244,1,7.881601453097739e-05
Random Forest,GF_00250,1,4.82365417173668e-05
Random Forest,GF_00251,1,0.000263095863717
Random Forest,GF_00262,1,0.0
Random Forest,GF_00281,1,0.000180796178141
Random Forest,GF_00290,1,0.0
Random Forest,GF_00296,1,0.0001069353078295
Random Forest,GF_00300,1,0.0181182255769178
Random Forest,GF_00302,1,0.0035643686073599
Random Forest,GF_00303,1,7.451035598478405e-05
Random Forest,GF_00305,1,0.0098190704333998
Random Forest,GF_00309,1,0.0
Random Forest,GF_00310,1,0.0
Random Forest,GF_00311,1,0.0
Random Forest,GF_00312,1,0.0004154314774445
Random Forest,GF_00313,1,0.0014656930515424
Random Forest,GF_00314,1,0.0003078671721093
Random Forest,GF_00315,1,0.0014446354078867
Random Forest,GF_00316,1,0.0057686517720772
Random Forest,GF_00317,1,0.0005128400726893
Random Forest,GF_00318,1,0.0016370367962943
Random Forest,GF_00319,1,0.0
Random Forest,GF_00320,1,0.001556285668055
Random Forest,GF_00321,1,0.0004144551322929
Random Forest,GF_00323,1,0.0005806746763391
Random Forest,GF_00324,1,3.984474988670937e-05
Random Forest,GF_00325,1,0.0003592099867475
Random Forest,GF_00326,1,0.0005044594569155
Random Forest,GF_00327,1,0.0002230166491025
Random Forest,GF_00329,1,0.0003549459280336
Random Forest,GF_00330,1,0.0014387240100496
Random Forest,GF_00331,1,0.000834454071843
Random Forest,GF_00332,1,0.0013085828209538
Random Forest,GF_00333,1,0.0
Random Forest,GF_00335,1,0.0004973844174407
Random Forest,GF_00336,1,3.3991500820109843e-06
Random Forest,GF_00338,1,0.0
Random Forest,GF_00339,1,0.0
Random Forest,GF_00340,1,0.0
Random Forest,GF_00341,1,0.0004809284244407
Random Forest,GF_00342,1,0.0021205346144776
Random Forest,GF_00343,1,0.0004521645092073
Random Forest,GF_00344,1,0.0004779039817773
Random Forest,GF_00346,1,0.0044545664929436
Random Forest,GF_00347,1,0.0014672931518607
Random Forest,GF_00348,1,0.0015306770734519
Random Forest,GF_00349,1,8.675450680795353e-05
Random Forest,GF_00350,1,4.016075372535244e-06
Random Forest,GF_00351,1,0.0011533949306184
Random Forest,GF_00352,1,0.0056456252983178
Random Forest,GF_00353,1,0.0002459615540296
Random Forest,GF_00355,1,0.0058395903118315
Random Forest,GF_00358,1,0.0004799570272884
Random Forest,GF_00360,1,5.038226997451804e-05
Random Forest,GF_00362,1,0.0033338555969119
Random Forest,GF_00363,1,0.0076685183917862
Random Forest,GF_00364,1,0.0
Random Forest,GF_00365,1,2.4198799104744e-05
Random Forest,GF_00369,1,0.0010184308122887
Random Forest,GF_00381,1,0.0003255116598015
Random Forest,GF_00384,1,0.0010802462387082
Random Forest,GF_00385,1,0.0
Random Forest,GF_00386,1,0.000102552967542
Random Forest,GF_00387,1,0.0004104911196685
Random Forest,GF_00388,1,0.0003726136230983
Random Forest,GF_00389,1,0.0
Random Forest,GF_00390,1,0.0004248935662804
Random Forest,GF_00391,1,0.0002725263296401
Random Forest,GF_00393,1,0.0006833819611088
Random Forest,GF_00394,1,0.0
Random Forest,GF_00395,1,0.00037982211225
Random Forest,GF_00396,1,0.0012881786348652
Random Forest,GF_00400,1,0.0001388877092019
Random Forest,GF_00401,1,0.0003501143357723
Random Forest,GF_00402,1,0.0066706399715156
Random Forest,GF_00403,1,0.0011083609967254
Random Forest,GF_00404,1,0.0
Random Forest,GF_00405,1,0.0
Random Forest,GF_00406,1,0.0136483019959151
Random Forest,GF_00407,1,0.0
Random Forest,GF_00408,1,0.0007639860377307
Random Forest,GF_00409,1,0.0009768561838805
Random Forest,GF_00410,1,0.0005198431236155
Random Forest,GF_00413,1,0.0004456054488254
Random Forest,GF_00414,1,0.0003223436585527
Random Forest,GF_00415,1,0.0012733724167008
Random Forest,GF_00417,1,0.0
Random Forest,GF_00418,1,5.3994087001610245e-06
Random Forest,GF_00419,1,0.000995882963707
Random Forest,GF_00421,1,8.687731778939059e-06
Random Forest,GF_00422,1,0.0004208240164258
Random Forest,GF_00424,1,0.0
Random Forest,GF_00426,1,0.0011661951927969
Random Forest,GF_00427,1,0.0003372169114319
Random Forest,GF_00428,1,0.0
Random Forest,GF_00429,1,0.0007223955376906
Random Forest,GF_00430,1,7.740434653190549e-05
Random Forest,GF_00431,1,0.0001127685478069
Random Forest,GF_00432,1,0.0017617571439879
Random Forest,GF_00433,1,0.0
Random Forest,GF_00434,1,0.0016582618247744
Random Forest,GF_00435,1,0.0015661471433127
Random Forest,GF_00436,1,9.226271128814838e-05
Random Forest,GF_00437,1,0.01636570173009
Random Forest,GF_00438,1,0.0004232361261622
Random Forest,GF_00440,1,0.0001551051897642
Random Forest,GF_00441,1,0.0007288933389489
Random Forest,GF_00455,1,0.001602501575778
Random Forest,GF_00457,1,0.0003953752246873
Random Forest,GF_00458,1,0.0012898076354244
Random Forest,GF_00471,1,0.0
Random Forest,GF_00472,1,0.0094785594840973
Random Forest,GF_00477,1,0.0005223261588941
Random Forest,GF_00480,1,0.0
Random Forest,GF_00482,1,0.0001916299884218
Random Forest,GF_00488,1,0.0015031127879632
Random Forest,GF_00489,1,7.502522303676784e-05
Random Forest,GF_00503,1,0.000535630801398
Random Forest,GF_00522,1,0.0001032105605825
Random Forest,GF_00523,1,0.0015581230143974
Random Forest,GF_00524,1,0.0022195221177436
Random Forest,GF_00525,1,0.0
Random Forest,GF_00527,1,0.0001555181240593
Random Forest,GF_00528,1,0.0
Random Forest,GF_00529,1,0.0001262440182207
Random Forest,GF_00530,1,0.0
Random Forest,GF_00531,1,0.0008126484515227
Random Forest,GF_00536,1,0.0024823110494479
Random Forest,GF_00538,1,0.0031415938267991
Random Forest,GF_00546,1,0.0004869506325981
Random Forest,GF_00547,1,0.0004576247995102
Random Forest,GF_00548,1,0.0019672647277617
Random Forest,GF_00549,1,0.000153213581661
Random Forest,GF_00564,1,0.0004147325294583
Random Forest,GF_00565,1,0.0001713412507841
Random Forest,GF_00566,1,0.0052049333080771
Random Forest,GF_00569,1,0.0002367062989057
Random Forest,GF_00570,1,0.0
Random Forest,GF_00572,1,0.0
Random Forest,GF_00574,1,0.0061947677820903
Random Forest,GF_00578,1,0.010029185417395
Random Forest,GF_00580,1,0.0140615453667537
Random Forest,GF_00588,1,0.0019559235209636
Random Forest,GF_00594,1,0.0001984763342446
Random Forest,GF_00595,1,0.0002855468646888
Random Forest,GF_00599,1,0.0
Random Forest,GF_00600,1,0.0
Random Forest,GF_00601,1,0.0011121173499557
Random Forest,GF_00603,1,0.000217477344481
Random Forest,GF_00604,1,0.0132348295677464
Random Forest,GF_00605,1,0.004911760400257
Random Forest,GF_00606,1,0.0007731367716344
Random Forest,GF_00607,1,0.0009118585276634
Random Forest,GF_00608,1,0.0026140131178493
Random Forest,GF_00609,1,0.0014818030660874
Random Forest,GF_00611,1,6.304030595294063e-05
Random Forest,GF_00612,1,0.0007199157454321
Random Forest,GF_00613,1,0.0
Random Forest,GF_00614,1,0.0
Random Forest,GF_00615,1,3.399463876081348e-05
Random Forest,GF_00616,1,0.0
Random Forest,GF_00617,1,0.0030032879383869
Random Forest,GF_00618,1,0.0001706881943366
Random Forest,GF_00619,1,0.0006773076712918
Random Forest,GF_00620,1,0.0005240125553983
Random Forest,GF_00621,1,8.054666760873298e-05
Random Forest,GF_00622,1,0.0081266963836591
Random Forest,GF_00623,1,0.0162202132379999
Random Forest,GF_00624,1,0.0045556400695341
Random Forest,GF_00632,1,0.0
Random Forest,GF_00633,1,0.0008115531950558
Random Forest,GF_00635,1,1.3155370864665707e-05
Random Forest,GF_00636,1,0.0004973972353224
Random Forest,GF_00637,1,0.0011841445473806
Random Forest,GF_00638,1,0.0
Random Forest,GF_00640,1,0.0016058658653738
Random Forest,GF_00641,1,0.0002937871256748
Random Forest,GF_00642,1,0.0050171974456287
Random Forest,GF_00643,1,8.835643655324422e-05
Random Forest,GF_00655,1,4.404059165407058e-05
Random Forest,GF_00658,1,0.0006110161473542
Random Forest,GF_00659,1,0.0062425822647857
Random Forest,GF_00661,1,0.000735711295737
Random Forest,GF_00669,1,0.0001868094926384
Random Forest,GF_00676,1,0.0
Random Forest,GF_00680,1,0.0
Random Forest,GF_00681,1,0.0007526310505473
Random Forest,GF_00682,1,0.0
Random Forest,GF_00683,1,0.0001891388946399
Random Forest,GF_00684,1,0.0
Random Forest,GF_00687,1,0.0026181477644268
Random Forest,GF_00688,1,0.0024119659024159
Random Forest,GF_00695,1,0.0025433846150138
Random Forest,GF_00699,1,0.0
Random Forest,GF_00702,1,5.636360205232516e-05
Random Forest,GF_00709,1,7.44504190128155e-05
Random Forest,GF_00722,1,0.000380107003917
Random Forest,GF_00723,1,0.0011728533042415
Random Forest,GF_00724,1,0.0007823568014532
Random Forest,GF_00725,1,0.0020074534993246
Random Forest,GF_00726,1,0.0006644229252413
Random Forest,GF_00727,1,0.0006865232207792
Random Forest,GF_00728,1,0.0010081149601126
Random Forest,GF_00729,1,0.0006063286462047
Random Forest,GF_00732,1,0.0041033709126155
Random Forest,GF_00736,1,0.0063040522703132
Random Forest,GF_00740,1,0.0003693758233712
Random Forest,GF_00741,1,0.0003001054948556
Random Forest,GF_00744,1,0.0008304218760803
Random Forest,GF_00751,1,9.975804703377263e-06
Random Forest,GF_00755,1,0.0004766907673247
Random Forest,GF_00756,1,0.002752257362982
Random Forest,GF_00761,1,0.0019990523259772
Random Forest,GF_00771,1,0.0018973974718897
Random Forest,GF_00773,1,1.31216392937675e-05
Random Forest,GF_00776,1,0.0014439244897942
Random Forest,GF_00777,1,0.0003840369961627
Random Forest,GF_00785,1,0.0
Random Forest,GF_00796,1,0.0021669496388176
Random Forest,GF_00810,1,0.0002579335858504
Random Forest,GF_00811,1,6.743731546244468e-05
Random Forest,GF_00813,1,3.144751887357024e-05
Random Forest,GF_00814,1,0.000110587347739
Random Forest,GF_00816,1,0.0003985652665048
Random Forest,GF_00819,1,0.0018565140183853
Random Forest,GF_00828,1,0.0009826122375858
Random Forest,GF_00843,1,0.0
Random Forest,GF_00845,1,0.0010418189793829
Random Forest,GF_00856,1,0.0084260492589175
Random Forest,GF_00857,1,0.0004132076576387
Random Forest,GF_00860,1,0.0
Random Forest,GF_00864,1,0.0001180047762255
Random Forest,GF_00866,1,0.0002657793902619
Random Forest,GF_00867,1,0.0004826523645093
Random Forest,GF_00868,1,0.0006289214212043
Random Forest,GF_00869,1,0.0
Random Forest,GF_00870,1,0.0003745732619972
Random Forest,GF_00871,1,0.0
Random Forest,GF_00872,1,0.0003275496059445
Random Forest,GF_00873,1,0.0003660777775828
Random Forest,GF_00874,1,0.0007735617298696
Random Forest,GF_00887,1,0.0014300480211851
Random Forest,GF_00888,1,0.0
Random Forest,GF_00895,1,0.0004815276417799
Random Forest,GF_00916,1,6.180901597478843e-05
Random Forest,GF_00927,1,0.0008976045528539
Random Forest,GF_00931,1,0.0013623037437972
Random Forest,GF_00932,1,0.0002496351745407
Random Forest,GF_00933,1,0.0001100439063669
Random Forest,GF_00946,1,2.220019771906009e-05
Random Forest,GF_00947,1,0.0
Random Forest,GF_00949,1,9.643640334469489e-06
Random Forest,GF_00957,1,0.0009351608604778
Random Forest,GF_00958,1,0.0
Random Forest,GF_00959,1,0.0
Random Forest,GF_00960,1,0.0006249235981853
Random Forest,GF_00963,1,0.001265687867331
Random Forest,GF_00966,1,0.0
Random Forest,GF_00968,1,0.0003557917010455
Random Forest,GF_00969,1,0.0
Random Forest,GF_00970,1,0.0003615905986345
Random Forest,GF_00971,1,0.0001685791452818
Random Forest,GF_00972,1,0.0
Random Forest,GF_00982,1,0.0002967926226784
Random Forest,GF_01004,1,0.0
Random Forest,GF_01005,1,0.0012949564486239
Random Forest,GF_01012,1,0.0
Random Forest,GF_01026,1,0.0001863449310018
Random Forest,GF_01027,1,0.0273261853942612
Random Forest,GF_01028,1,0.0007279024809275
Random Forest,GF_01054,1,0.0010110629313382
Random Forest,GF_01230,1,0.0002615181592447
Random Forest,GF_01231,1,0.0
Random Forest,GF_01232,1,0.0001461950015065
Random Forest,GF_01233,1,0.0007496398137181
Random Forest,GF_01234,1,0.0005938964593262
Random Forest,GF_01235,1,0.0
Random Forest,GF_01236,1,0.0011979122127018
Random Forest,GF_01237,1,2.951069438740769e-05
Random Forest,GF_01239,1,0.0003424594721782
Random Forest,GF_01240,1,0.0054186180580901
Random Forest,GF_01241,1,0.0006966268149363
Random Forest,GF_01242,1,0.0
Random Forest,GF_01244,1,0.0005014882709206
Random Forest,GF_01245,1,0.0004836030050284
Random Forest,GF_01246,1,0.0005872863316633
Random Forest,GF_01247,1,0.0007095437107129
Random Forest,GF_01248,1,0.0021633344769538
Random Forest,GF_01266,1,5.3348003909283966e-05
Random Forest,GF_01287,1,0.0204172080750578
Random Forest,GF_01290,1,0.0
Random Forest,GF_01291,1,0.0
Random Forest,GF_01292,1,0.0015342453213125
Random Forest,GF_01293,1,0.0
Random Forest,GF_01297,1,0.0
Random Forest,GF_01306,1,5.295892869823232e-05
Random Forest,GF_01314,1,0.0
Random Forest,GF_01315,1,0.000231488191879
Random Forest,GF_01327,1,0.00050110028107
Random Forest,GF_01328,1,0.0088691677392779
Random Forest,GF_01329,1,0.0
Random Forest,GF_01330,1,0.0
Random Forest,GF_01331,1,0.0020429754010511
Random Forest,GF_01332,1,0.0001162500007457
Random Forest,GF_01333,1,0.0080607264917706
Random Forest,GF_01334,1,0.0059910494283776
Random Forest,GF_01336,1,0.0013242193985706
Random Forest,GF_01337,1,0.0161643447700649
Random Forest,GF_01338,1,0.0006746949630808
Random Forest,GF_01359,1,1.5383238054118296e-05
Random Forest,GF_01372,1,0.0062383422298367
Random Forest,GF_01374,1,0.0001064589600803
Random Forest,GF_01375,1,3.893112091769469e-05
Random Forest,GF_01376,1,3.799444479719376e-05
Random Forest,GF_01377,1,0.0
Random Forest,GF_01379,1,0.0
Random Forest,GF_01381,1,0.0011721645864449
Random Forest,GF_01382,1,5.547250965401854e-06
Random Forest,GF_01383,1,0.0
Random Forest,GF_01385,1,0.000772795832778
Random Forest,GF_01386,1,0.0336291163514125
Random Forest,GF_01387,1,0.0
Random Forest,GF_01390,1,0.0064013005875748
Random Forest,GF_01391,1,0.0016520908207937
Random Forest,GF_01393,1,2.787113433325329e-05
Random Forest,GF_01394,1,1.9394473585422595e-05
Random Forest,GF_01395,1,4.141474258143775e-05
Random Forest,GF_01396,1,0.0
Random Forest,GF_01397,1,0.0
Random Forest,GF_01399,1,0.0048571373336837
Random Forest,GF_01400,1,0.0021292092367242
Random Forest,GF_01401,1,0.0002196326797082
Random Forest,GF_01404,1,0.0043570362909921
Random Forest,GF_01409,1,1.2798598400381969e-05
Random Forest,GF_01425,1,0.0003220739468071
Random Forest,GF_01426,1,0.0267566110672395
Random Forest,GF_01428,1,0.0
Random Forest,GF_01439,1,0.006873370669599
Random Forest,GF_01445,1,0.0001826274049955
Random Forest,GF_01446,1,6.160072620319302e-05
Random Forest,GF_01447,1,0.0
Random Forest,GF_01448,1,0.0
Random Forest,GF_01449,1,8.879501210461199e-06
Random Forest,GF_01456,1,0.0017781604808425
Random Forest,GF_01458,1,0.0120501256543991
Random Forest,GF_01460,1,0.0016288853350368
Random Forest,GF_01461,1,0.0
Random Forest,GF_01462,1,0.0017700644165282
Random Forest,GF_01466,1,0.0050848986389256
Random Forest,GF_01476,1,0.0
Random Forest,GF_01477,1,0.0030750204338814
Random Forest,GF_01479,1,2.388073686417494e-05
Random Forest,GF_01480,1,0.0
Random Forest,GF_01481,1,0.0
Random Forest,GF_01487,1,0.0009552119200672
Random Forest,GF_01502,1,0.0
Random Forest,GF_01504,1,0.0
Random Forest,GF_01512,1,0.0012538157076544
Random Forest,GF_01514,1,0.0004810777390252
Random Forest,GF_01527,1,0.0
Random Forest,GF_01534,1,0.0
Random Forest,GF_01535,1,0.03076497098342
Random Forest,GF_01536,1,2.0334527211979916e-05
Random Forest,GF_01537,1,0.0
Random Forest,GF_01538,1,0.0
Random Forest,GF_01539,1,2.741629564445932e-05
Random Forest,GF_01540,1,0.0
Random Forest,GF_01541,1,0.0
Random Forest,GF_01542,1,0.0015686707643248
Random Forest,GF_01543,1,0.0167577267718244
Random Forest,GF_01544,1,0.0
Random Forest,GF_01547,1,0.0010345829287128
Random Forest,GF_01549,1,0.0024400046912688
Random Forest,GF_01550,1,0.0159618588448265
Random Forest,GF_01552,1,0.0
Random Forest,GF_01553,1,0.0004909854219788
Random Forest,GF_01579,1,0.0
Random Forest,GF_01580,1,0.0009213638889633
Random Forest,GF_01583,1,0.0006730730801138
Random Forest,GF_01584,1,0.0002541545079091
Random Forest,GF_01591,1,0.011014683818576
Random Forest,GF_01592,1,0.0
Random Forest,GF_01616,1,0.0035975177339704
Random Forest,GF_01617,1,0.0001088446000128
Random Forest,GF_01618,1,0.0012755230533946
Random Forest,GF_01619,1,0.0006670532600969
Random Forest,GF_01620,1,0.0006703764892853
Random Forest,GF_01621,1,0.0
Random Forest,GF_01623,1,0.0019286534985668
Random Forest,GF_01625,1,7.175347575804628e-05
Random Forest,GF_01626,1,0.0030606963377554
Random Forest,GF_01627,1,0.0001971212700058
Random Forest,GF_01628,1,0.0
Random Forest,GF_01629,1,0.0003491890431962
Random Forest,GF_01630,1,0.0011207046435851
Random Forest,GF_01634,1,0.0
Random Forest,GF_01635,1,0.0
Random Forest,GF_01636,1,0.0008860739090589
Random Forest,GF_01637,1,0.007994609529958
Random Forest,GF_01638,1,0.0006211346693531
Random Forest,GF_01639,1,4.856561584469792e-05
Random Forest,GF_01641,1,0.0
Random Forest,GF_01648,1,0.000756600785828
Random Forest,GF_01659,1,0.0093806479886515
Random Forest,GF_01661,1,0.000124511441369
Random Forest,GF_01672,1,0.0043131817427461
Random Forest,GF_01673,1,0.0001312252714983
Random Forest,GF_01674,1,0.0012732463489708
Random Forest,GF_01675,1,0.0007006634022638
Random Forest,GF_01676,1,0.0012312463471885
Random Forest,GF_01677,1,3.190737848941503e-06
Random Forest,GF_01678,1,0.0
Random Forest,GF_01679,1,0.0331906607980655
Random Forest,GF_01680,1,3.205870090195062e-05
Random Forest,GF_01681,1,0.0003765895319665
Random Forest,GF_01683,1,5.246642283771912e-05
Random Forest,GF_01684,1,0.0
Random Forest,GF_01685,1,0.0003010556024798
Random Forest,GF_01688,1,0.0003113043117966
Random Forest,GF_01689,1,0.0008240048065633
Random Forest,GF_01690,1,0.0011360851349542
Random Forest,GF_01691,1,0.0
Random Forest,GF_01692,1,0.0
Random Forest,GF_01693,1,4.402322979555841e-05
Random Forest,GF_01732,1,6.054240691976779e-05
Random Forest,GF_01733,1,0.0009186052862962
Random Forest,GF_01734,1,0.0013290305285068
Random Forest,GF_01735,1,0.0003241718000141
Random Forest,GF_01736,1,5.132205002606055e-05
Random Forest,GF_01737,1,0.0016100805187945
Random Forest,GF_01741,1,0.0007046557212663
Random Forest,GF_01742,1,0.0048402524310344
Random Forest,GF_01745,1,0.0054007197727847
Random Forest,GF_01763,1,0.0007343497176038
Random Forest,GF_01783,1,0.0101854886925653
Random Forest,GF_01799,1,0.0
Random Forest,GF_01801,1,0.0
Random Forest,GF_01802,1,2.259237079239345e-05
Random Forest,GF_01803,1,0.0
Random Forest,GF_01805,1,0.0
Random Forest,GF_01806,1,0.0021598743381597
Random Forest,GF_01807,1,0.0116708100987619
Random Forest,GF_01808,1,0.0012550861674969
Random Forest,GF_01809,1,0.000182771385438
Random Forest,GF_01810,1,0.0013225206268113
Random Forest,GF_01811,1,0.0
Random Forest,GF_01812,1,0.0259791024748242
Random Forest,GF_01813,1,0.0038320349989246
Random Forest,GF_01814,1,0.0002477257528977
Random Forest,GF_01815,1,2.066324001010404e-05
Random Forest,GF_01816,1,0.0009579472678518
Random Forest,GF_01818,1,0.0003890983631198
Random Forest,GF_01819,1,0.004785917474444
Random Forest,GF_01822,1,0.0029653082512457
Random Forest,GF_01823,1,0.0
Random Forest,GF_01834,1,0.0069180336782982
Random Forest,GF_01836,1,0.0002442364953643
Random Forest,GF_01837,1,0.000278270292041
Random Forest,GF_01840,1,0.0017871242353743
Random Forest,GF_01841,1,5.076445543666104e-05
Random Forest,GF_01842,1,0.0073458223999686
Random Forest,GF_01844,1,0.0062324691709117
Random Forest,GF_01856,1,0.0
Random Forest,GF_01860,1,1.566265892147517e-05
Random Forest,GF_01866,1,0.0
Random Forest,GF_01870,1,0.0
Random Forest,GF_01872,1,0.0
Random Forest,GF_01885,1,1.9812490956234406e-05
Random Forest,GF_01897,1,6.054033518574886e-05
Random Forest,GF_01898,1,0.0003327743502668
Random Forest,GF_01899,1,0.0
Random Forest,GF_01900,1,0.0009414898661218
Random Forest,GF_01901,1,0.0
Random Forest,GF_01902,1,0.0017359662547634
Random Forest,GF_01904,1,2.821303798472949e-05
Random Forest,GF_01919,1,0.0
Random Forest,GF_01921,1,2.989174672888975e-05
Random Forest,GF_01923,1,0.0002000906280022
Random Forest,GF_01925,1,7.709816624561956e-05
Random Forest,GF_01926,1,2.5294984189716868e-05
Random Forest,GF_01927,1,0.0
Random Forest,GF_01928,1,0.0029130515481117
Random Forest,GF_01929,1,0.0
Random Forest,GF_01930,1,0.0012394824345124
Random Forest,GF_01945,1,0.0
Random Forest,GF_02041,1,0.0001191329474508
Random Forest,GF_02059,1,0.0017192774599141
Random Forest,GF_02060,1,0.0004814609606586
Random Forest,GF_02069,1,0.0002443043783346
Random Forest,GF_02070,1,0.0011776989762596
Random Forest,GF_02071,1,0.0112528616761053
Random Forest,GF_02072,1,0.0
Random Forest,GF_02074,1,0.0
Random Forest,GF_02075,1,0.001863126466339
Random Forest,GF_02076,1,0.0002783814793319
Random Forest,GF_02084,1,0.0
Random Forest,GF_02085,1,0.0
Random Forest,GF_02088,1,4.47312891241301e-05
Random Forest,GF_02089,1,0.0
Random Forest,GF_02091,1,0.0
Random Forest,GF_02092,1,0.0004338222783275
Random Forest,GF_02093,1,0.0
Random Forest,GF_02094,1,0.0
Random Forest,GF_02101,1,1.2971334975185365e-05
Random Forest,GF_02109,1,9.157770067047236e-05
Random Forest,GF_02110,1,0.0001758969052153
Random Forest,GF_02113,1,0.0011915182983235
Random Forest,GF_02122,1,9.045838596847609e-05
Random Forest,GF_02130,1,0.0010193795557628
Random Forest,GF_02131,1,0.0
Random Forest,GF_02132,1,2.093599597889677e-06
Random Forest,GF_02136,1,0.0
Random Forest,GF_02137,1,0.0006614207541599
Random Forest,GF_02138,1,0.0002638123822734
Random Forest,GF_02139,1,0.0
Random Forest,GF_02140,1,0.0017105350766196
Random Forest,GF_02141,1,0.004614065872966
Random Forest,GF_02142,1,0.0006643576232376
Random Forest,GF_02143,1,0.0006301818407661
Random Forest,GF_02145,1,0.0
Random Forest,GF_02152,1,0.0006585962642938
Random Forest,GF_02157,1,0.0008488854088037
Random Forest,GF_02158,1,0.0003952047229995
Random Forest,GF_02159,1,0.0003260137055724
Random Forest,GF_02172,1,0.0002430449231995
Random Forest,GF_02178,1,5.603543867141689e-05
Random Forest,GF_02180,1,0.0014920427069099
Random Forest,GF_02184,1,0.002150137015182
Random Forest,GF_02194,1,0.0
Random Forest,GF_02215,1,0.0001034558491053
Random Forest,GF_02216,1,0.0002340016159111
Random Forest,GF_02217,1,0.0001259870284487
Random Forest,GF_02218,1,9.66639073717231e-06
Random Forest,GF_02219,1,0.0008542490319505
Random Forest,GF_02220,1,0.0003227792295016
Random Forest,GF_02222,1,0.0128595435931248
Random Forest,GF_02223,1,0.0
Random Forest,GF_02224,1,0.0005235911496862
Random Forest,GF_02225,1,4.969303083363254e-06
Random Forest,GF_02226,1,0.0008069762478391
Random Forest,GF_02227,1,4.776618048356884e-05
Random Forest,GF_02228,1,0.0
Random Forest,GF_02229,1,0.001165053661589
Random Forest,GF_02230,1,0.0002031656449948
Random Forest,GF_02260,1,0.0016001974731568
Random Forest,GF_02261,1,0.0040275691611532
Random Forest,GF_02262,1,7.989177057542077e-05
Random Forest,GF_02263,1,0.0006080092922199
Random Forest,GF_02264,1,0.0
Random Forest,GF_02266,1,1.5312791946820675e-05
Random Forest,GF_00002,2,0.0134729733901633
Random Forest,GF_00008,2,8.340205852661314e-06
Random Forest,GF_00011,2,0.0
Random Forest,GF_00012,2,0.0006925950858543
Random Forest,GF_00013,2,0.0028293332625373
Random Forest,GF_00014,2,0.000356160999937
Random Forest,GF_00015,2,1.6151365225082672e-05
Random Forest,GF_00017,2,0.0
Random Forest,GF_00018,2,5.29509668049704e-05
Random Forest,GF_00036,2,0.0
Random Forest,GF_00043,2,0.0003894350136805
Random Forest,GF_00044,2,0.0026232767520061
Random Forest,GF_00046,2,3.9337945873989626e-05
Random Forest,GF_00047,2,0.0002072803659232
Random Forest,GF_00048,2,0.000620579284082
Random Forest,GF_00049,2,0.0
Random Forest,GF_00051,2,0.0
Random Forest,GF_00052,2,0.0
Random Forest,GF_00071,2,0.0001821887853643
Random Forest,GF_00072,2,0.0
Random Forest,GF_00073,2,0.0019261209110855
Random Forest,GF_00074,2,1.6348980867923982e-05
Random Forest,GF_00075,2,0.0003707020341134
Random Forest,GF_00076,2,0.0003073720564571
Random Forest,GF_00077,2,0.0011517789429373
Random Forest,GF_00078,2,0.0008567869520928
Random Forest,GF_00079,2,0.0015886955108161
Random Forest,GF_00080,2,0.0109260538459622
Random Forest,GF_00081,2,0.0005212105347861
Random Forest,GF_00082,2,0.0019708403252168
Random Forest,GF_00083,2,0.0007417592490456
Random Forest,GF_00084,2,6.667201829603857e-05
Random Forest,GF_00085,2,0.0042421124431018
Random Forest,GF_00087,2,0.0
Random Forest,GF_00088,2,0.0
Random Forest,GF_00093,2,1.3654140332015975e-06
Random Forest,GF_00094,2,0.000123144992343
Random Forest,GF_00104,2,0.0010679602899653
Random Forest,GF_00105,2,0.0004847425093924
Random Forest,GF_00106,2,0.0
Random Forest,GF_00107,2,0.0015413032175483
Random Forest,GF_00108,2,0.0
Random Forest,GF_00109,2,0.0
Random Forest,GF_00110,2,0.0012720504539286
Random Forest,GF_00111,2,0.0
Random Forest,GF_00112,2,7.651216442397917e-05
Random Forest,GF_00113,2,0.0002155022493101
Random Forest,GF_00114,2,1.630818257350715e-05
Random Forest,GF_00115,2,0.0
Random Forest,GF_00116,2,4.624329409433879e-06
Random Forest,GF_00117,2,0.0
Random Forest,GF_00120,2,0.0003755078256405
Random Forest,GF_00121,2,0.0
Random Forest,GF_00122,2,7.094821178601623e-05
Random Forest,GF_00123,2,0.0005396124450605
Random Forest,GF_00124,2,0.0017163673408914
Random Forest,GF_00125,2,0.0017923364204359
Random Forest,GF_00136,2,1.5816716739973415e-05
Random Forest,GF_00137,2,0.0004301896573343
Random Forest,GF_00138,2,0.0
Random Forest,GF_00139,2,0.0024084626958505
Random Forest,GF_00141,2,0.0001217649098305
Random Forest,GF_00142,2,0.0003970961137915
Random Forest,GF_00143,2,1.3489046670378088e-05
Random Forest,GF_00155,2,5.3179207043652487e-05
Random Forest,GF_00164,2,0.0036266842628468
Random Forest,GF_00170,2,3.6252141800800927e-06
Random Forest,GF_00175,2,0.0
Random Forest,GF_00178,2,0.0
Random Forest,GF_00179,2,0.0
Random Forest,GF_00180,2,0.0003261063710643
Random Forest,GF_00185,2,1.2344537665541244e-05
Random Forest,GF_00208,2,0.0042737542906409
Random Forest,GF_00220,2,6.1392570083785e-05
Random Forest,GF_00228,2,1.865374746452201e-05
Random Forest,GF_00229,2,0.0022165873063608
Random Forest,GF_00235,2,8.444690896867634e-06
Random Forest,GF_00244,2,0.0001880143024234
Random Forest,GF_00250,2,2.8526884283484783e-05
Random Forest,GF_00251,2,0.0027886642168331
Random Forest,GF_00262,2,0.0001903671755188
Random Forest,GF_00281,2,9.438404514771948e-05
Random Forest,GF_00290,2,0.0010680662142733
Random Forest,GF_00296,2,8.037420201834431e-05
Random Forest,GF_00300,2,0.0319750371527162
Random Forest,GF_00302,2,0.0003839085149552
Random Forest,GF_00303,2,0.0009252373771353
Random Forest,GF_00305,2,0.0144102313970907
Random Forest,GF_00309,2,0.0
Random Forest,GF_00310,2,0.0
Random Forest,GF_00311,2,0.0
Random Forest,GF_00312,2,0.0
Random Forest,GF_00313,2,0.0014312955716457
Random Forest,GF_00314,2,0.0
Random Forest,GF_00315,2,0.0013668530168325
Random Forest,GF_00316,2,0.0005965890097967
Random Forest,GF_00317,2,0.0003226803819626
Random Forest,GF_00318,2,0.0016628735372495
Random Forest,GF_00319,2,0.0004079550395984
Random Forest,GF_00320,2,0.0008614068134634
Random Forest,GF_00321,2,0.0
Random Forest,GF_00323,2,0.0005127330304391
Random Forest,GF_00324,2,0.000256639000896
Random Forest,GF_00325,2,0.0016466161446331
Random Forest,GF_00326,2,0.0
Random Forest,GF_00327,2,0.000903665542354
Random Forest,GF_00329,2,2.814871426173453e-05
Random Forest,GF_00330,2,2.2879986494143903e-05
Random Forest,GF_00331,2,0.0070370103949631
Random Forest,GF_00332,2,0.0007371529544875
Random Forest,GF_00333,2,0.0
Random Forest,GF_00335,2,0.0
Random Forest,GF_00336,2,0.0001544403198478
Random Forest,GF_00338,2,0.0016446608876866
Random Forest,GF_00339,2,0.0005326607287572
Random Forest,GF_00340,2,0.0007990588404724
Random Forest,GF_00341,2,0.0004682127338068
Random Forest,GF_00342,2,0.0005923539504539
Random Forest,GF_00343,2,0.0010344111338628
Random Forest,GF_00344,2,0.0001059610751818
Random Forest,GF_00346,2,0.0026911731297417
Random Forest,GF_00347,2,0.0
Random Forest,GF_00348,2,0.0
Random Forest,GF_00349,2,1.3441219654596703e-06
Random Forest,GF_00350,2,0.0
Random Forest,GF_00351,2,0.0
Random Forest,GF_00352,2,0.0040169819000578
Random Forest,GF_00353,2,0.0001288255897296
Random Forest,GF_00355,2,0.0
Random Forest,GF_00358,2,0.0
Random Forest,GF_00360,2,2.149786211444272e-05
Random Forest,GF_00362,2,7.19374641141294e-05
Random Forest,GF_00363,2,0.007447228812189
Random Forest,GF_00364,2,0.0001250364727696
Random Forest,GF_00365,2,0.0
Random Forest,GF_00369,2,0.0
Random Forest,GF_00381,2,0.0
Random Forest,GF_00384,2,0.000410269590897
Random Forest,GF_00385,2,0.0128517831255879
Random Forest,GF_00386,2,0.0
Random Forest,GF_00387,2,0.0049392904259556
Random Forest,GF_00388,2,0.000465967035106
Random Forest,GF_00389,2,0.0
Random Forest,GF_00390,2,0.0084000531112304
Random Forest,GF_00391,2,0.0
Random Forest,GF_00393,2,0.0001098319007607
Random Forest,GF_00394,2,0.0
Random Forest,GF_00395,2,0.0004466336753257
Random Forest,GF_00396,2,0.0026732739655814
Random Forest,GF_00400,2,0.0
Random Forest,GF_00401,2,0.0004276387248806
Random Forest,GF_00402,2,0.0001516007657531
Random Forest,GF_00403,2,0.0003048770192316
Random Forest,GF_00404,2,0.0025242173782556
Random Forest,GF_00405,2,0.0
Random Forest,GF_00406,2,0.0178136968639483
Random Forest,GF_00407,2,0.0
Random Forest,GF_00408,2,0.0002738894119899
Random Forest,GF_00409,2,0.000358369538284
Random Forest,GF_00410,2,0.0
Random Forest,GF_00413,2,0.0
Random Forest,GF_00414,2,0.0002345541075305
Random Forest,GF_00415,2,0.0004977457806973
Random Forest,GF_00417,2,0.0
Random Forest,GF_00418,2,0.0
Random Forest,GF_00419,2,0.0001449116803591
Random Forest,GF_00421,2,8.108878168191845e-06
Random Forest,GF_00422,2,0.0019816273295005
Random Forest,GF_00424,2,1.5214483446607535e-05
Random Forest,GF_00426,2,9.34424676843895e-05
Random Forest,GF_00427,2,0.000111597322579
Random Forest,GF_00428,2,0.0
Random Forest,GF_00429,2,0.0006717813983697
Random Forest,GF_00430,2,0.0012494864909161
Random Forest,GF_00431,2,0.0053037780734103
Random Forest,GF_00432,2,0.0006629407321428
Random Forest,GF_00433,2,0.0
Random Forest,GF_00434,2,1.977492001969079e-05
Random Forest,GF_00435,2,1.8467049743119178e-05
Random Forest,GF_00436,2,0.0
Random Forest,GF_00437,2,0.0039157279417973
Random Forest,GF_00438,2,0.0
Random Forest,GF_00440,2,0.0005488297313315
Random Forest,GF_00441,2,0.0
Random Forest,GF_00455,2,0.0010753921297532
Random Forest,GF_00457,2,0.0004606722027814
Random Forest,GF_00458,2,0.0
Random Forest,GF_00471,2,0.0
Random Forest,GF_00472,2,0.0147001394462344
Random Forest,GF_00477,2,0.0062604961582884
Random Forest,GF_00480,2,0.0059870680573358
Random Forest,GF_00482,2,0.0002087492449519
Random Forest,GF_00488,2,0.0008551838754575
Random Forest,GF_00489,2,1.510722694679993e-05
Random Forest,GF_00503,2,0.001553827062055
Random Forest,GF_00522,2,0.0
Random Forest,GF_00523,2,0.000115800205086
Random Forest,GF_00524,2,0.0009217678699829
Random Forest,GF_00525,2,0.0017757365485104
Random Forest,GF_00527,2,0.0
Random Forest,GF_00528,2,0.0005248822159443
Random Forest,GF_00529,2,2.949627825281059e-05
Random Forest,GF_00530,2,2.3989716864594423e-05
Random Forest,GF_00531,2,4.545731820317975e-06
Random Forest,GF_00536,2,0.0018677606148926
Random Forest,GF_00538,2,3.675890503400072e-05
Random Forest,GF_00546,2,0.0005637977711017
Random Forest,GF_00547,2,0.0002156867525963
Random Forest,GF_00548,2,0.0013457215946071
Random Forest,GF_00549,2,0.0015868845044846
Random Forest,GF_00564,2,0.0002440398199098
Random Forest,GF_00565,2,0.0
Random Forest,GF_00566,2,0.0155502900006146
Random Forest,GF_00569,2,0.0
Random Forest,GF_00570,2,0.0
Random Forest,GF_00572,2,0.0
Random Forest,GF_00574,2,0.0075942243982682
Random Forest,GF_00578,2,0.0139777772605518
Random Forest,GF_00580,2,0.0024952672816725
Random Forest,GF_00588,2,0.0
Random Forest,GF_00594,2,0.0
Random Forest,GF_00595,2,0.0005425133646448
Random Forest,GF_00599,2,0.0003223469302707
Random Forest,GF_00600,2,0.0
Random Forest,GF_00601,2,0.0
Random Forest,GF_00603,2,0.0
Random Forest,GF_00604,2,0.0067040483866734
Random Forest,GF_00605,2,0.0281986415930746
Random Forest,GF_00606,2,0.0004457877979224
Random Forest,GF_00607,2,0.0004797063768866
Random Forest,GF_00608,2,0.0024763468791181
Random Forest,GF_00609,2,8.528174172127676e-05
Random Forest,GF_00611,2,0.0
Random Forest,GF_00612,2,0.001105163470606
Random Forest,GF_00613,2,0.000407098885293
Random Forest,GF_00614,2,2.721128372973655e-05
Random Forest,GF_00615,2,2.4427657171680503e-05
Random Forest,GF_00616,2,0.0
Random Forest,GF_00617,2,0.000988898557973
Random Forest,GF_00618,2,0.0002762968788863
Random Forest,GF_00619,2,0.0007743027587367
Random Forest,GF_00620,2,0.0003252029241113
Random Forest,GF_00621,2,1.4091584856556089e-06
Random Forest,GF_00622,2,0.0047468536926331
Random Forest,GF_00623,2,0.0051641458572678
Random Forest,GF_00624,2,7.472832128098988e-05
Random Forest,GF_00632,2,0.0007978573987042
Random Forest,GF_00633,2,0.0005319397340853
Random Forest,GF_00635,2,0.0002706834474243
Random Forest,GF_00636,2,0.0018891903299873
Random Forest,GF_00637,2,1.8375237699683863e-05
Random Forest,GF_00638,2,0.0
Random Forest,GF_00640,2,0.0004663209274818
Random Forest,GF_00641,2,0.0
Random Forest,GF_00642,2,0.0056163125277035
Random Forest,GF_00643,2,0.0067905539228675
Random Forest,GF_00655,2,0.0
Random Forest,GF_00658,2,0.0030169417559386
Random Forest,GF_00659,2,0.0006641425296449
Random Forest,GF_00661,2,0.004895268076312
Random Forest,GF_00669,2,0.0011019215316977
Random Forest,GF_00676,2,0.0
Random Forest,GF_00680,2,0.0
Random Forest,GF_00681,2,0.0005427658282626
Random Forest,GF_00682,2,2.4856022095314554e-06
Random Forest,GF_00683,2,0.0
Random Forest,GF_00684,2,0.0
Random Forest,GF_00687,2,0.0013189906217725
Random Forest,GF_00688,2,0.0016608280613128
Random Forest,GF_00695,2,0.0001604516063954
Random Forest,GF_00699,2,0.0
Random Forest,GF_00702,2,9.261329951840928e-05
Random Forest,GF_00709,2,0.0001512981893668
Random Forest,GF_00722,2,0.0
Random Forest,GF_00723,2,0.0007482832708238
Random Forest,GF_00724,2,0.0008903615667079
Random Forest,GF_00725,2,0.0
Random Forest,GF_00726,2,0.0001867027761421
Random Forest,GF_00727,2,0.0
Random Forest,GF_00728,2,0.000512174475795
Random Forest,GF_00729,2,0.0
Random Forest,GF_00732,2,0.0202183904675813
Random Forest,GF_00736,2,7.85229263854833e-05
Random Forest,GF_00740,2,0.0001319374181969
Random Forest,GF_00741,2,0.0023901120469013
Random Forest,GF_00744,2,0.0004530043414028
Random Forest,GF_00751,2,3.568322551100434e-06
Random Forest,GF_00755,2,1.510125642513197e-05
Random Forest,GF_00756,2,0.0079204887440062
Random Forest,GF_00761,2,0.0003113270868108
Random Forest,GF_00771,2,0.0006480429506038
Random Forest,GF_00773,2,0.0011044974483506
Random Forest,GF_00776,2,0.0012923016641093
Random Forest,GF_00777,2,0.0010463758628402
Random Forest,GF_00785,2,0.0
Random Forest,GF_00796,2,0.0021287244500215
Random Forest,GF_00810,2,0.000347404434505
Random Forest,GF_00811,2,0.0004467761245307
Random Forest,GF_00813,2,3.2381366316821976e-05
Random Forest,GF_00814,2,4.369948247050158e-05
Random Forest,GF_00816,2,0.0015425848603864
Random Forest,GF_00819,2,0.0024109097227479
Random Forest,GF_00828,2,0.0007954668925995
Random Forest,GF_00843,2,0.0011576082429681
Random Forest,GF_00845,2,0.0
Random Forest,GF_00856,2,0.0
Random Forest,GF_00857,2,0.0004965486626866
Random Forest,GF_00860,2,0.0
Random Forest,GF_00864,2,0.0
Random Forest,GF_00866,2,0.0030961203254471
Random Forest,GF_00867,2,0.0004900064582607
Random Forest,GF_00868,2,0.0
Random Forest,GF_00869,2,0.0
Random Forest,GF_00870,2,0.0
Random Forest,GF_00871,2,0.0
Random Forest,GF_00872,2,1.0074665457653644e-05
Random Forest,GF_00873,2,0.0004893894238899
Random Forest,GF_00874,2,0.0008699411527916
Random Forest,GF_00887,2,0.0016693079582954
Random Forest,GF_00888,2,0.0
Random Forest,GF_00895,2,9.423466993565e-05
Random Forest,GF_00916,2,9.120977504454196e-05
Random Forest,GF_00927,2,0.0
Random Forest,GF_00931,2,0.002256621603092
Random Forest,GF_00932,2,0.0
Random Forest,GF_00933,2,0.0
Random Forest,GF_00946,2,0.0
Random Forest,GF_00947,2,0.0
Random Forest,GF_00949,2,0.0058906505926913
Random Forest,GF_00957,2,0.0011862623229265
Random Forest,GF_00958,2,0.0001198964195366
Random Forest,GF_00959,2,0.0
Random Forest,GF_00960,2,0.001187066042867
Random Forest,GF_00963,2,0.001875385619459
Random Forest,GF_00966,2,0.0
Random Forest,GF_00968,2,0.0004867943536785
Random Forest,GF_00969,2,0.0
Random Forest,GF_00970,2,0.0
Random Forest,GF_00971,2,0.0023143716247727
Random Forest,GF_00972,2,0.0206965725331677
Random Forest,GF_00982,2,0.0012698399991254
Random Forest,GF_01004,2,0.0
Random Forest,GF_01005,2,0.0018161482513477
Random Forest,GF_01012,2,0.0001956348142766
Random Forest,GF_01026,2,0.0054265229145879
Random Forest,GF_01027,2,0.0078851417482355
Random Forest,GF_01028,2,0.0009822391984943
Random Forest,GF_01054,2,0.0006608818548346
Random Forest,GF_01230,2,0.0009080011689085
Random Forest,GF_01231,2,0.0
Random Forest,GF_01232,2,0.0
Random Forest,GF_01233,2,0.0003367310937636
Random Forest,GF_01234,2,0.000256285872847
Random Forest,GF_01235,2,0.0
Random Forest,GF_01236,2,0.0001426923928882
Random Forest,GF_01237,2,0.0009959588966276
Random Forest,GF_01239,2,0.0013396319709973
Random Forest,GF_01240,2,0.0002689946949099
Random Forest,GF_01241,2,0.0001086417992353
Random Forest,GF_01242,2,0.0
Random Forest,GF_01244,2,0.0006523096157821
Random Forest,GF_01245,2,0.0014921762985212
Random Forest,GF_01246,2,5.0094756449528415e-05
Random Forest,GF_01247,2,3.2144130954208824e-05
Random Forest,GF_01248,2,0.0012457958250746
Random Forest,GF_01266,2,0.0001018343322499
Random Forest,GF_01287,2,0.016842984786859
Random Forest,GF_01290,2,0.0010266630329515
Random Forest,GF_01291,2,0.0062548680528121
Random Forest,GF_01292,2,7.442759028864308e-05
Random Forest,GF_01293,2,0.0
Random Forest,GF_01297,2,0.0
Random Forest,GF_01306,2,0.0003806863890941
Random Forest,GF_01314,2,0.0
Random Forest,GF_01315,2,0.0
Random Forest,GF_01327,2,0.0011818079969011
Random Forest,GF_01328,2,0.0151445936557532
Random Forest,GF_01329,2,0.0
Random Forest,GF_01330,2,0.0003384881174499
Random Forest,GF_01331,2,0.0048760998862809
Random Forest,GF_01332,2,0.0008922091115257
Random Forest,GF_01333,2,0.009004182755771
Random Forest,GF_01334,2,0.0004788232132845
Random Forest,GF_01336,2,0.0
Random Forest,GF_01337,2,0.0214163803078884
Random Forest,GF_01338,2,0.0
Random Forest,GF_01359,2,0.0002508453086263
Random Forest,GF_01372,2,0.014271309602862
Random Forest,GF_01374,2,0.0005561924692354
Random Forest,GF_01375,2,0.0001099465018688
Random Forest,GF_01376,2,0.000822307520233
Random Forest,GF_01377,2,0.0
Random Forest,GF_01379,2,0.0002138627555312
Random Forest,GF_01381,2,0.0006435618030144
Random Forest,GF_01382,2,0.0002507028930513
Random Forest,GF_01383,2,0.0001489759899619
Random Forest,GF_01385,2,9.090576962236331e-05
Random Forest,GF_01386,2,0.0129766298607335
Random Forest,GF_01387,2,0.0
Random Forest,GF_01390,2,0.0070246178705096
Random Forest,GF_01391,2,0.0001755341739834
Random Forest,GF_01393,2,7.271544747580448e-06
Random Forest,GF_01394,2,0.0006727112984636
Random Forest,GF_01395,2,0.0001978099332341
Random Forest,GF_01396,2,3.880050188416119e-05
Random Forest,GF_01397,2,0.0011113705540319
Random Forest,GF_01399,2,0.0005407253892144
Random Forest,GF_01400,2,0.0029369538099557
Random Forest,GF_01401,2,0.0012804100187616
Random Forest,GF_01404,2,0.0
Random Forest,GF_01409,2,0.0
Random Forest,GF_01425,2,0.0
Random Forest,GF_01426,2,0.0088506022756522
Random Forest,GF_01428,2,0.0
Random Forest,GF_01439,2,0.0004853072996427
Random Forest,GF_01445,2,0.0010648043362054
Random Forest,GF_01446,2,0.0012229917368628
Random Forest,GF_01447,2,8.186891554700728e-05
Random Forest,GF_01448,2,0.0153011400895228
Random Forest,GF_01449,2,1.5199577360982057e-06
Random Forest,GF_01456,2,0.0003446514771746
Random Forest,GF_01458,2,0.015711652079884
Random Forest,GF_01460,2,0.0001259474077924
Random Forest,GF_01461,2,0.0006661628076686
Random Forest,GF_01462,2,0.0075715066308291
Random Forest,GF_01466,2,0.021181372964939
Random Forest,GF_01476,2,0.0
Random Forest,GF_01477,2,0.0028233111574544
Random Forest,GF_01479,2,0.0
Random Forest,GF_01480,2,0.0
Random Forest,GF_01481,2,0.0009187935218114
Random Forest,GF_01487,2,0.0003302454846858
Random Forest,GF_01502,2,0.0
Random Forest,GF_01504,2,0.0009762657724414
Random Forest,GF_01512,2,0.0001136515592379
Random Forest,GF_01514,2,8.917591910968181e-06
Random Forest,GF_01527,2,0.0004660606720458
Random Forest,GF_01534,2,0.0006203063058372
Random Forest,GF_01535,2,0.0
Random Forest,GF_01536,2,0.0
Random Forest,GF_01537,2,0.0
Random Forest,GF_01538,2,6.561909903343195e-05
Random Forest,GF_01539,2,1.679853394612826e-05
Random Forest,GF_01540,2,0.0
Random Forest,GF_01541,2,5.458936310591838e-05
Random Forest,GF_01542,2,0.0009110756800538
Random Forest,GF_01543,2,0.018137478457432
Random Forest,GF_01544,2,0.0028419325428206
Random Forest,GF_01547,2,0.0013536127678283
Random Forest,GF_01549,2,0.0015264332389931
Random Forest,GF_01550,2,0.014190518105865
Random Forest,GF_01552,2,0.0
Random Forest,GF_01553,2,0.000167698825772
Random Forest,GF_01579,2,0.0
Random Forest,GF_01580,2,0.0033887724946813
Random Forest,GF_01583,2,0.0008574302974711
Random Forest,GF_01584,2,0.0001602483910647
Random Forest,GF_01591,2,0.0010717940678879
Random Forest,GF_01592,2,0.0005448821077885
Random Forest,GF_01616,2,0.0
Random Forest,GF_01617,2,0.000710069853416
Random Forest,GF_01618,2,0.0004656149985409
Random Forest,GF_01619,2,6.758835032444978e-05
Random Forest,GF_01620,2,0.0001577672447168
Random Forest,GF_01621,2,2.865528390315012e-05
Random Forest,GF_01623,2,4.221466800641051e-06
Random Forest,GF_01625,2,0.0005809101205476
Random Forest,GF_01626,2,0.0015438994316239
Random Forest,GF_01627,2,0.0
Random Forest,GF_01628,2,0.0007139156340079
Random Forest,GF_01629,2,0.0001068979657216
Random Forest,GF_01630,2,1.594550318131457e-05
Random Forest,GF_01634,2,0.0117861327559478
Random Forest,GF_01635,2,0.0140732479805223
Random Forest,GF_01636,2,9.806315639665604e-05
Random Forest,GF_01637,2,0.0176674725935948
Random Forest,GF_01638,2,2.61552154581003e-05
Random Forest,GF_01639,2,1.5949978664537616e-05
Random Forest,GF_01641,2,0.0015233166860596
Random Forest,GF_01648,2,0.0015270501239456
Random Forest,GF_01659,2,5.354306266449467e-05
Random Forest,GF_01661,2,0.0001964211684933
Random Forest,GF_01672,2,0.0088218141348982
Random Forest,GF_01673,2,0.0
Random Forest,GF_01674,2,0.0010390362975185
Random Forest,GF_01675,2,0.0
Random Forest,GF_01676,2,0.0005465985182313
Random Forest,GF_01677,2,2.2930753407006672e-05
Random Forest,GF_01678,2,3.747999678119212e-06
Random Forest,GF_01679,2,0.0165169851731243
Random Forest,GF_01680,2,0.0012009179689758
Random Forest,GF_01681,2,7.000315350423714e-06
Random Forest,GF_01683,2,0.0008688563581455
Random Forest,GF_01684,2,0.0
Random Forest,GF_01685,2,0.0019470681370315
Random Forest,GF_01688,2,0.0006343643524087
Random Forest,GF_01689,2,0.0
Random Forest,GF_01690,2,4.280091580352524e-06
Random Forest,GF_01691,2,0.0001979002453071
Random Forest,GF_01692,2,0.0
Random Forest,GF_01693,2,0.0002225714565295
Random Forest,GF_01732,2,0.0
Random Forest,GF_01733,2,0.0023911222665235
Random Forest,GF_01734,2,0.0
Random Forest,GF_01735,2,0.0
Random Forest,GF_01736,2,0.0009692818083483
Random Forest,GF_01737,2,0.0
Random Forest,GF_01741,2,0.0006964551251517
Random Forest,GF_01742,2,0.000161916627697
Random Forest,GF_01745,2,3.362644647850646e-05
Random Forest,GF_01763,2,2.1719751703829303e-05
Random Forest,GF_01783,2,0.0027051330882815
Random Forest,GF_01799,2,0.0
Random Forest,GF_01801,2,0.0001062649982354
Random Forest,GF_01802,2,0.0
Random Forest,GF_01803,2,0.0001619380078442
Random Forest,GF_01805,2,0.001121952549215
Random Forest,GF_01806,2,0.0001874555242385
Random Forest,GF_01807,2,0.000851029935889
Random Forest,GF_01808,2,0.0
Random Forest,GF_01809,2,0.0013723681265205
Random Forest,GF_01810,2,0.0004154518008963
Random Forest,GF_01811,2,3.784822144714852e-05
Random Forest,GF_01812,2,0.0120196245941443
Random Forest,GF_01813,2,0.0001508145860977
Random Forest,GF_01814,2,0.0
Random Forest,GF_01815,2,0.0002718300468483
Random Forest,GF_01816,2,0.0009472161831761
Random Forest,GF_01818,2,0.0009142507451729
Random Forest,GF_01819,2,0.0056959259651584
Random Forest,GF_01822,2,0.0001135133176401
Random Forest,GF_01823,2,0.0046855759814294
Random Forest,GF_01834,2,0.0088943958079437
Random Forest,GF_01836,2,0.0025162523208288
Random Forest,GF_01837,2,1.1374899494827689e-05
Random Forest,GF_01840,2,0.0005627398033835
Random Forest,GF_01841,2,0.0001757691017962
Random Forest,GF_01842,2,0.0016762644162681
Random Forest,GF_01844,2,0.0012192217651048
Random Forest,GF_01856,2,0.0006936067538838
Random Forest,GF_01860,2,0.0
Random Forest,GF_01866,2,0.0
Random Forest,GF_01870,2,0.0
Random Forest,GF_01872,2,0.0003985212241088
Random Forest,GF_01885,2,0.0001038864987957
Random Forest,GF_01897,2,7.19140264237938e-05
Random Forest,GF_01898,2,0.0010917822231073
Random Forest,GF_01899,2,0.0
Random Forest,GF_01900,2,0.0018127432141262
Random Forest,GF_01901,2,0.0
Random Forest,GF_01902,2,6.069215877042073e-05
Random Forest,GF_01904,2,5.105259668015271e-05
Random Forest,GF_01919,2,0.0002110827440648
Random Forest,GF_01921,2,0.0
Random Forest,GF_01923,2,0.0001901556093113
Random Forest,GF_01925,2,0.0003478185919663
Random Forest,GF_01926,2,0.0001390345652166
Random Forest,GF_01927,2,0.0004818338890017
Random Forest,GF_01928,2,0.0001827388836464
Random Forest,GF_01929,2,3.212583759869709e-05
Random Forest,GF_01930,2,0.00065568813069
Random Forest,GF_01945,2,0.0
Random Forest,GF_02041,2,4.786099162910231e-05
Random Forest,GF_02059,2,0.0005730463075543
Random Forest,GF_02060,2,7.403042454791391e-05
Random Forest,GF_02069,2,0.005848743044466
Random Forest,GF_02070,2,0.0004445069862576
Random Forest,GF_02071,2,0.0042448394527931
Random Forest,GF_02072,2,0.0
Random Forest,GF_02074,2,1.1780378358456787e-05
Random Forest,GF_02075,2,8.537353630559775e-06
Random Forest,GF_02076,2,0.0
Random Forest,GF_02084,2,2.298924409012972e-05
Random Forest,GF_02085,2,0.0
Random Forest,GF_02088,2,0.0
Random Forest,GF_02089,2,0.0003502838376464
Random Forest,GF_02091,2,0.0
Random Forest,GF_02092,2,0.0001694549326022
Random Forest,GF_02093,2,0.0146793238293977
Random Forest,GF_02094,2,0.0
Random Forest,GF_02101,2,0.0
Random Forest,GF_02109,2,0.0
Random Forest,GF_02110,2,0.0094185676093643
Random Forest,GF_02113,2,0.0055049237049682
Random Forest,GF_02122,2,0.000361383402673
Random Forest,GF_02130,2,0.0017761775240765
Random Forest,GF_02131,2,0.0001071469102562
Random Forest,GF_02132,2,4.258245453296068e-05
Random Forest,GF_02136,2,3.625491121739081e-05
Random Forest,GF_02137,2,0.0009634917322306
Random Forest,GF_02138,2,7.3652500800535e-05
Random Forest,GF_02139,2,0.0
Random Forest,GF_02140,2,0.0007329774123724
Random Forest,GF_02141,2,0.0130797503023543
Random Forest,GF_02142,2,0.0006286939817284
Random Forest,GF_02143,2,0.001052875128077
Random Forest,GF_02145,2,5.878924494264526e-05
Random Forest,GF_02152,2,3.1919308440669324e-05
Random Forest,GF_02157,2,2.324804456347137e-06
Random Forest,GF_02158,2,0.0003638617721526
Random Forest,GF_02159,2,0.000367747293809
Random Forest,GF_02172,2,0.0005702520030437
Random Forest,GF_02178,2,7.946034276139785e-05
Random Forest,GF_02180,2,0.0020374982399739
Random Forest,GF_02184,2,0.0
Random Forest,GF_02194,2,1.3472481198525773e-05
Random Forest,GF_02215,2,0.0001037202742221
Random Forest,GF_02216,2,0.0006156492452532
Random Forest,GF_02217,2,0.0
Random Forest,GF_02218,2,0.0022598918360599
Random Forest,GF_02219,2,0.0007265472128368
Random Forest,GF_02220,2,0.0016532596403044
Random Forest,GF_02222,2,0.0323921707351322
Random Forest,GF_02223,2,0.0010791960629099
Random Forest,GF_02224,2,0.0
Random Forest,GF_02225,2,0.0003824539677275
Random Forest,GF_02226,2,0.0
Random Forest,GF_02227,2,0.0
Random Forest,GF_02228,2,0.0
Random Forest,GF_02229,2,0.0
Random Forest,GF_02230,2,0.0008359755239105
Random Forest,GF_02260,2,0.0011628753730656
Random Forest,GF_02261,2,1.708871472335696e-05
Random Forest,GF_02262,2,0.0001456065827389
Random Forest,GF_02263,2,0.0007188686810638
Random Forest,GF_02264,2,0.0
Random Forest,GF_02266,2,0.0003772194463904
Random Forest,GF_00002,3,0.0150008835689883
Random Forest,GF_00008,3,0.0
Random Forest,GF_00011,3,0.0003327543891239
Random Forest,GF_00012,3,1.2979269134341246e-05
Random Forest,GF_00013,3,0.0003612520157854
Random Forest,GF_00014,3,0.0
Random Forest,GF_00015,3,0.0003834455065861
Random Forest,GF_00017,3,1.065237332741942e-05
Random Forest,GF_00018,3,0.0007810502344246
Random Forest,GF_00036,3,0.0005013610683133
Random Forest,GF_00043,3,0.0002998294629037
Random Forest,GF_00044,3,0.0009337920580538
Random Forest,GF_00046,3,0.0005862816524723
Random Forest,GF_00047,3,1.1714706525544876e-05
Random Forest,GF_00048,3,3.979352110223824e-05
Random Forest,GF_00049,3,0.0012313193249356
Random Forest,GF_00051,3,0.0
Random Forest,GF_00052,3,0.0
Random Forest,GF_00071,3,0.0
Random Forest,GF_00072,3,0.000109539116412
Random Forest,GF_00073,3,0.0
Random Forest,GF_00074,3,0.0
Random Forest,GF_00075,3,9.081976496821898e-05
Random Forest,GF_00076,3,0.0008174875271281
Random Forest,GF_00077,3,0.0005009597784135
Random Forest,GF_00078,3,0.0
Random Forest,GF_00079,3,0.0033217969063255
Random Forest,GF_00080,3,0.0120946051613889
Random Forest,GF_00081,3,0.0010267083296228
Random Forest,GF_00082,3,0.0009599931199582
Random Forest,GF_00083,3,0.0006186277816157
Random Forest,GF_00084,3,0.0005472553300788
Random Forest,GF_00085,3,0.0034613232944284
Random Forest,GF_00087,3,0.0
Random Forest,GF_00088,3,3.323975160077225e-07
Random Forest,GF_00093,3,0.0
Random Forest,GF_00094,3,1.606520725596617e-05
Random Forest,GF_00104,3,4.754539089414263e-05
Random Forest,GF_00105,3,0.001549351788313
Random Forest,GF_00106,3,4.314741789084413e-05
Random Forest,GF_00107,3,0.0002946116005061
Random Forest,GF_00108,3,0.0
Random Forest,GF_00109,3,0.0
Random Forest,GF_00110,3,2.3908791695518183e-05
Random Forest,GF_00111,3,0.0
Random Forest,GF_00112,3,0.0004803921254519
Random Forest,GF_00113,3,0.0
Random Forest,GF_00114,3,0.0
Random Forest,GF_00115,3,0.0003369621361938
Random Forest,GF_00116,3,0.0001626599001844
Random Forest,GF_00117,3,0.0002744709763906
Random Forest,GF_00120,3,0.0023287055218353
Random Forest,GF_00121,3,0.0003333297939507
Random Forest,GF_00122,3,0.0004736705485958
Random Forest,GF_00123,3,0.0001471441087474
Random Forest,GF_00124,3,0.0005306545047749
Random Forest,GF_00125,3,0.0020784321930114
Random Forest,GF_00136,3,6.383077265485674e-05
Random Forest,GF_00137,3,0.0
Random Forest,GF_00138,3,0.0
Random Forest,GF_00139,3,0.0
Random Forest,GF_00141,3,0.0
Random Forest,GF_00142,3,0.0004616338113829
Random Forest,GF_00143,3,0.0003217932429903
Random Forest,GF_00155,3,0.0001783574630874
Random Forest,GF_00164,3,0.0006684657371908
Random Forest,GF_00170,3,0.0002144580542519
Random Forest,GF_00175,3,0.0010526927192292
Random Forest,GF_00178,3,0.0001118664516116
Random Forest,GF_00179,3,0.0002252359854661
Random Forest,GF_00180,3,0.0001960880055219
Random Forest,GF_00185,3,0.0002199636744965
Random Forest,GF_00208,3,0.0095570389570944
Random Forest,GF_00220,3,0.0
Random Forest,GF_00228,3,7.146045726043489e-05
Random Forest,GF_00229,3,0.0004636051279626
Random Forest,GF_00235,3,0.0021542263794428
Random Forest,GF_00244,3,0.0
Random Forest,GF_00250,3,0.0
Random Forest,GF_00251,3,0.0003919924255522
Random Forest,GF_00262,3,1.4432826855977776e-05
Random Forest,GF_00281,3,0.0001204816999722
Random Forest,GF_00290,3,1.2431201706891315e-06
Random Forest,GF_00296,3,0.0
Random Forest,GF_00300,3,0.0115254407800586
Random Forest,GF_00302,3,0.0
Random Forest,GF_00303,3,0.0001871559998074
Random Forest,GF_00305,3,0.0177088396700388
Random Forest,GF_00309,3,6.765214207852096e-07
Random Forest,GF_00310,3,0.0
Random Forest,GF_00311,3,0.0
Random Forest,GF_00312,3,0.0
Random Forest,GF_00313,3,0.000198800853812
Random Forest,GF_00314,3,4.252572407852468e-05
Random Forest,GF_00315,3,0.000195209529774
Random Forest,GF_00316,3,0.0011336168914953
Random Forest,GF_00317,3,0.003670086865819
Random Forest,GF_00318,3,0.0002552817181526
Random Forest,GF_00319,3,0.0
Random Forest,GF_00320,3,0.0003314909033178
Random Forest,GF_00321,3,0.0
Random Forest,GF_00323,3,1.5687147692567226e-05
Random Forest,GF_00324,3,0.0008526618737064
Random Forest,GF_00325,3,1.4292754701215487e-05
Random Forest,GF_00326,3,0.0
Random Forest,GF_00327,3,0.0005529378363607
Random Forest,GF_00329,3,0.0001432850531843
Random Forest,GF_00330,3,0.0017813964307236
Random Forest,GF_00331,3,0.0
Random Forest,GF_00332,3,0.0005807979978744
Random Forest,GF_00333,3,0.0003630389020491
Random Forest,GF_00335,3,0.000409083344397
Random Forest,GF_00336,3,0.0003083195980061
Random Forest,GF_00338,3,0.0
Random Forest,GF_00339,3,0.0
Random Forest,GF_00340,3,0.0006089438905001
Random Forest,GF_00341,3,0.0
Random Forest,GF_00342,3,1.3034684318525998e-05
Random Forest,GF_00343,3,0.0001474014925744
Random Forest,GF_00344,3,0.0018917290909002
Random Forest,GF_00346,3,0.0170432270929081
Random Forest,GF_00347,3,0.0
Random Forest,GF_00348,3,0.0022640301037206
Random Forest,GF_00349,3,0.0
Random Forest,GF_00350,3,0.0
Random Forest,GF_00351,3,0.0010206279680321
Random Forest,GF_00352,3,0.0009352481846079
Random Forest,GF_00353,3,0.0005209338563548
Random Forest,GF_00355,3,0.0003198783715683
Random Forest,GF_00358,3,0.0010294791280306
Random Forest,GF_00360,3,0.0005267542203224
Random Forest,GF_00362,3,0.0004838512346797
Random Forest,GF_00363,3,0.0093333895092347
Random Forest,GF_00364,3,0.0
Random Forest,GF_00365,3,8.500461552652554e-05
Random Forest,GF_00369,3,0.0
Random Forest,GF_00381,3,0.0002571099328138
Random Forest,GF_00384,3,0.0
Random Forest,GF_00385,3,0.0074877927998912
Random Forest,GF_00386,3,0.0023174391505695
Random Forest,GF_00387,3,0.0043159763093845
Random Forest,GF_00388,3,0.0
Random Forest,GF_00389,3,0.0
Random Forest,GF_00390,3,0.0069845315966264
Random Forest,GF_00391,3,0.0
Random Forest,GF_00393,3,5.790921860658484e-05
Random Forest,GF_00394,3,3.822756476702881e-05
Random Forest,GF_00395,3,0.0008587255136741
Random Forest,GF_00396,3,0.0008620591605144
Random Forest,GF_00400,3,0.000316238945285
Random Forest,GF_00401,3,0.0003578252883499
Random Forest,GF_00402,3,0.0013238135718004
Random Forest,GF_00403,3,0.0013869614111458
Random Forest,GF_00404,3,1.725987219350458e-05
Random Forest,GF_00405,3,0.0005350135342016
Random Forest,GF_00406,3,0.0241640548227144
Random Forest,GF_00407,3,0.0
Random Forest,GF_00408,3,0.001059907581075
Random Forest,GF_00409,3,0.0005668382250477
Random Forest,GF_00410,3,2.5443190746763877e-05
Random Forest,GF_00413,3,0.0001338542628339
Random Forest,GF_00414,3,0.0002044691698797
Random Forest,GF_00415,3,0.0005453229106792
Random Forest,GF_00417,3,0.0005471091966364
Random Forest,GF_00418,3,0.0
Random Forest,GF_00419,3,0.008088491817128
Random Forest,GF_00421,3,0.0
Random Forest,GF_00422,3,0.0024435184539016
Random Forest,GF_00424,3,2.5007301796675127e-05
Random Forest,GF_00426,3,0.0005444730461756
Random Forest,GF_00427,3,0.0001135626137109
Random Forest,GF_00428,3,0.0001138631026493
Random Forest,GF_00429,3,0.0004305268206014
Random Forest,GF_00430,3,0.0005485727934988
Random Forest,GF_00431,3,0.00134616442187
Random Forest,GF_00432,3,0.000697667484506
Random Forest,GF_00433,3,0.0003740092354326
Random Forest,GF_00434,3,0.0007041264778187
Random Forest,GF_00435,3,4.67665488377613e-05
Random Forest,GF_00436,3,0.0
Random Forest,GF_00437,3,0.0108388475113973
Random Forest,GF_00438,3,0.0
Random Forest,GF_00440,3,0.0008527985833434
Random Forest,GF_00441,3,0.0003592718046212
Random Forest,GF_00455,3,0.0004792254439725
Random Forest,GF_00457,3,1.8711665865688e-05
Random Forest,GF_00458,3,0.0
Random Forest,GF_00471,3,0.0
Random Forest,GF_00472,3,0.0146302782440447
Random Forest,GF_00477,3,0.000114819455012
Random Forest,GF_00480,3,0.0
Random Forest,GF_00482,3,0.0
Random Forest,GF_00488,3,0.0002943524307541
Random Forest,GF_00489,3,4.106587315309711e-05
Random Forest,GF_00503,3,0.0002086730275611
Random Forest,GF_00522,3,0.0010325656879725
Random Forest,GF_00523,3,0.0004919930595054
Random Forest,GF_00524,3,0.0019262554908594
Random Forest,GF_00525,3,0.0007078427057872
Random Forest,GF_00527,3,0.0
Random Forest,GF_00528,3,0.0006473335332192
Random Forest,GF_00529,3,0.0004153988152513
Random Forest,GF_00530,3,0.0
Random Forest,GF_00531,3,0.0002958196419356
Random Forest,GF_00536,3,0.0016619771674982
Random Forest,GF_00538,3,0.000674367057194
Random Forest,GF_00546,3,0.0006368589729044
Random Forest,GF_00547,3,0.0007065346420253
Random Forest,GF_00548,3,0.0002147914758498
Random Forest,GF_00549,3,0.0024470106146067
Random Forest,GF_00564,3,0.0
Random Forest,GF_00565,3,0.0050950624168085
Random Forest,GF_00566,3,0.0004525088231601
Random Forest,GF_00569,3,6.349137693288977e-05
Random Forest,GF_00570,3,0.0
Random Forest,GF_00572,3,0.0
Random Forest,GF_00574,3,0.0142027145683997
Random Forest,GF_00578,3,0.006280891943639
Random Forest,GF_00580,3,0.0063984853825002
Random Forest,GF_00588,3,0.0001118226226767
Random Forest,GF_00594,3,0.0001227118547479
Random Forest,GF_00595,3,0.0
Random Forest,GF_00599,3,6.052395342863556e-05
Random Forest,GF_00600,3,6.049397252292399e-05
Random Forest,GF_00601,3,0.0
Random Forest,GF_00603,3,0.0
Random Forest,GF_00604,3,0.0084571643794938
Random Forest,GF_00605,3,0.0022951650933057
Random Forest,GF_00606,3,0.0001546426995554
Random Forest,GF_00607,3,0.0007683997539182
Random Forest,GF_00608,3,0.0027735913981595
Random Forest,GF_00609,3,0.0014609299267718
Random Forest,GF_00611,3,0.0008125211566372
Random Forest,GF_00612,3,0.0002420764777874
Random Forest,GF_00613,3,7.523072823219178e-05
Random Forest,GF_00614,3,0.0
Random Forest,GF_00615,3,0.0
Random Forest,GF_00616,3,0.0
Random Forest,GF_00617,3,0.0026950894833247
Random Forest,GF_00618,3,5.495940679025059e-05
Random Forest,GF_00619,3,0.0
Random Forest,GF_00620,3,1.7897423484722467e-05
Random Forest,GF_00621,3,0.0001608669181525
Random Forest,GF_00622,3,0.0056523356766199
Random Forest,GF_00623,3,0.0009595404333523
Random Forest,GF_00624,3,0.0
Random Forest,GF_00632,3,0.0006193975449696
Random Forest,GF_00633,3,4.339872768228495e-05
Random Forest,GF_00635,3,4.413280583084533e-05
Random Forest,GF_00636,3,0.0009236904782401
Random Forest,GF_00637,3,0.0010604879002094
Random Forest,GF_00638,3,0.0
Random Forest,GF_00640,3,0.0006493453721125
Random Forest,GF_00641,3,0.003277515661537
Random Forest,GF_00642,3,0.000152819767075
Random Forest,GF_00643,3,0.0005004448662862
Random Forest,GF_00655,3,0.0
Random Forest,GF_00658,3,5.567207126224981e-05
Random Forest,GF_00659,3,0.0065120694389496
Random Forest,GF_00661,3,0.0
Random Forest,GF_00669,3,0.0003345981631512
Random Forest,GF_00676,3,0.0
Random Forest,GF_00680,3,0.0
Random Forest,GF_00681,3,0.0
Random Forest,GF_00682,3,0.0002832648738781
Random Forest,GF_00683,3,0.0004051950339193
Random Forest,GF_00684,3,0.0
Random Forest,GF_00687,3,0.0
Random Forest,GF_00688,3,0.0
Random Forest,GF_00695,3,0.0
Random Forest,GF_00699,3,0.0
Random Forest,GF_00702,3,0.0
Random Forest,GF_00709,3,6.069926802575815e-05
Random Forest,GF_00722,3,0.0
Random Forest,GF_00723,3,0.0003054530417438
Random Forest,GF_00724,3,2.434368545723616e-05
Random Forest,GF_00725,3,0.0005952643689933
Random Forest,GF_00726,3,0.0001952793697736
Random Forest,GF_00727,3,0.0005542376492582
Random Forest,GF_00728,3,0.0018874802779462
Random Forest,GF_00729,3,0.0002030705992169
Random Forest,GF_00732,3,0.0062496071899444
Random Forest,GF_00736,3,0.0058644420636099
Random Forest,GF_00740,3,3.810453192533828e-05
Random Forest,GF_00741,3,0.0017410979697953
Random Forest,GF_00744,3,0.0
Random Forest,GF_00751,3,0.0
Random Forest,GF_00755,3,0.0
Random Forest,GF_00756,3,0.00205785869733
Random Forest,GF_00761,3,0.0
Random Forest,GF_00771,3,0.0013867282244666
Random Forest,GF_00773,3,0.0009681953151846
Random Forest,GF_00776,3,0.003388543168178
Random Forest,GF_00777,3,0.0011870377537468
Random Forest,GF_00785,3,0.0
Random Forest,GF_00796,3,0.0011600668055947
Random Forest,GF_00810,3,0.000104501294096
Random Forest,GF_00811,3,0.0003626990127588
Random Forest,GF_00813,3,0.0
Random Forest,GF_00814,3,5.312286068887294e-05
Random Forest,GF_00816,3,0.000420370254012
Random Forest,GF_00819,3,2.505848654947784e-06
Random Forest,GF_00828,3,0.0024969499712804
Random Forest,GF_00843,3,0.0
Random Forest,GF_00845,3,8.692580356598765e-07
Random Forest,GF_00856,3,0.0028527424232116
Random Forest,GF_00857,3,1.457947836232818e-05
Random Forest,GF_00860,3,0.0
Random Forest,GF_00864,3,0.000924699520803
Random Forest,GF_00866,3,4.995300422707997e-05
Random Forest,GF_00867,3,1.0993286776757345e-05
Random Forest,GF_00868,3,0.001231880742796
Random Forest,GF_00869,3,0.0
Random Forest,GF_00870,3,2.5034382595867285e-05
Random Forest,GF_00871,3,2.0352712564785657e-05
Random Forest,GF_00872,3,0.0009156615377522
Random Forest,GF_00873,3,0.0012435301684728
Random Forest,GF_00874,3,0.0002436447415401
Random Forest,GF_00887,3,0.0090870988310347
Random Forest,GF_00888,3,0.0004187389299776
Random Forest,GF_00895,3,0.0002845651110579
Random Forest,GF_00916,3,0.0012166074230508
Random Forest,GF_00927,3,0.0
Random Forest,GF_00931,3,0.0
Random Forest,GF_00932,3,0.0002267559676184
Random Forest,GF_00933,3,0.0013429899890518
Random Forest,GF_00946,3,5.832348723006699e-05
Random Forest,GF_00947,3,0.0
Random Forest,GF_00949,3,0.0048878030855693
Random Forest,GF_00957,3,0.0030237542363149
Random Forest,GF_00958,3,0.0
Random Forest,GF_00959,3,5.661554492768891e-05
Random Forest,GF_00960,3,0.0011152489103546
Random Forest,GF_00963,3,0.0001581020880605
Random Forest,GF_00966,3,0.0
Random Forest,GF_00968,3,8.732876151965757e-05
Random Forest,GF_00969,3,3.357568509075245e-05
Random Forest,GF_00970,3,8.506214336350178e-06
Random Forest,GF_00971,3,0.0002326397542231
Random Forest,GF_00972,3,0.0120652614657516
Random Forest,GF_00982,3,0.0
Random Forest,GF_01004,3,3.436782614266329e-05
Random Forest,GF_01005,3,0.0002298162999178
Random Forest,GF_01012,3,0.0
Random Forest,GF_01026,3,0.0
Random Forest,GF_01027,3,0.0322829525783921
Random Forest,GF_01028,3,0.0007380122741706
Random Forest,GF_01054,3,0.0018841867879032
Random Forest,GF_01230,3,0.0011354099738742
Random Forest,GF_01231,3,7.476588851209746e-06
Random Forest,GF_01232,3,0.0008508804555208
Random Forest,GF_01233,3,1.1350213115783774e-06
Random Forest,GF_01234,3,0.0
Random Forest,GF_01235,3,6.049987324450413e-05
Random Forest,GF_01236,3,0.0021138925441307
Random Forest,GF_01237,3,0.0001238293931037
Random Forest,GF_01239,3,0.0003994213859459
Random Forest,GF_01240,3,0.0114631525937837
Random Forest,GF_01241,3,6.51516945568168e-06
Random Forest,GF_01242,3,0.0101388407589245
Random Forest,GF_01244,3,0.0001929786346843
Random Forest,GF_01245,3,0.0001252381478108
Random Forest,GF_01246,3,0.0002681889020695
Random Forest,GF_01247,3,6.407000912823917e-06
Random Forest,GF_01248,3,0.0009941131951392
Random Forest,GF_01266,3,0.000211103466712
Random Forest,GF_01287,3,0.0159243604182039
Random Forest,GF_01290,3,0.0003784477278346
Random Forest,GF_01291,3,1.4923113047855386e-05
Random Forest,GF_01292,3,0.0003310631128424
Random Forest,GF_01293,3,0.0
Random Forest,GF_01297,3,0.0
Random Forest,GF_01306,3,0.0012234037417137
Random Forest,GF_01314,3,0.0
Random Forest,GF_01315,3,0.0
Random Forest,GF_01327,3,0.0
Random Forest,GF_01328,3,0.0134067280915597
Random Forest,GF_01329,3,0.0
Random Forest,GF_01330,3,0.0004038515218592
Random Forest,GF_01331,3,0.0034378081414772
Random Forest,GF_01332,3,0.0003496740550357
Random Forest,GF_01333,3,0.003712996889573
Random Forest,GF_01334,3,0.0007307117398135
Random Forest,GF_01336,3,0.0014340083035468
Random Forest,GF_01337,3,0.017446177863628
Random Forest,GF_01338,3,4.995005869352942e-05
Random Forest,GF_01359,3,0.0
Random Forest,GF_01372,3,1.4808420357174202e-05
Random Forest,GF_01374,3,0.0001555232601499
Random Forest,GF_01375,3,0.0079378859003598
Random Forest,GF_01376,3,0.0004293812844879
Random Forest,GF_01377,3,0.0
Random Forest,GF_01379,3,8.874935813963741e-05
Random Forest,GF_01381,3,0.0005181988567333
Random Forest,GF_01382,3,0.0010945471092712
Random Forest,GF_01383,3,0.0008101689448069
Random Forest,GF_01385,3,0.0015392611976395
Random Forest,GF_01386,3,0.029454879474076
Random Forest,GF_01387,3,0.0005689232706201
Random Forest,GF_01390,3,0.00508502919653
Random Forest,GF_01391,3,0.002089551283311
Random Forest,GF_01393,3,0.0
Random Forest,GF_01394,3,1.4840519578489391e-05
Random Forest,GF_01395,3,0.0
Random Forest,GF_01396,3,0.0001834303908147
Random Forest,GF_01397,3,3.179854598978715e-05
Random Forest,GF_01399,3,0.0023019945900245
Random Forest,GF_01400,3,1.980205472358742e-05
Random Forest,GF_01401,3,0.0020339551162545
Random Forest,GF_01404,3,0.0
Random Forest,GF_01409,3,1.643972154318807e-05
Random Forest,GF_01425,3,0.0001860824499473
Random Forest,GF_01426,3,0.0253781911418836
Random Forest,GF_01428,3,0.0
Random Forest,GF_01439,3,0.0
Random Forest,GF_01445,3,0.0017847839746074
Random Forest,GF_01446,3,0.0018060393615881
Random Forest,GF_01447,3,2.5156473136886408e-05
Random Forest,GF_01448,3,0.001583536942087
Random Forest,GF_01449,3,0.0
Random Forest,GF_01456,3,0.0008432161718216
Random Forest,GF_01458,3,0.0002934603136183
Random Forest,GF_01460,3,0.0001563817256915
Random Forest,GF_01461,3,0.0001455614759002
Random Forest,GF_01462,3,0.0111831079770483
Random Forest,GF_01466,3,0.0065023930181848
Random Forest,GF_01476,3,0.0012046568525413
Random Forest,GF_01477,3,0.0009238319630258
Random Forest,GF_01479,3,0.000119231940524
Random Forest,GF_01480,3,0.0
Random Forest,GF_01481,3,0.0004483193301442
Random Forest,GF_01487,3,0.0
Random Forest,GF_01502,3,0.000265604075053
Random Forest,GF_01504,3,0.0002870139520083
Random Forest,GF_01512,3,0.0006073497203827
Random Forest,GF_01514,3,0.0
Random Forest,GF_01527,3,7.672368414071477e-06
Random Forest,GF_01534,3,0.0
Random Forest,GF_01535,3,0.0253994190640764
Random Forest,GF_01536,3,0.0008762039287212
Random Forest,GF_01537,3,0.0
Random Forest,GF_01538,3,1.013620834050149e-05
Random Forest,GF_01539,3,0.0
Random Forest,GF_01540,3,0.0
Random Forest,GF_01541,3,0.0004925319578002
Random Forest,GF_01542,3,0.0013960260365397
Random Forest,GF_01543,3,0.0233926329387746
Random Forest,GF_01544,3,0.0
Random Forest,GF_01547,3,0.0002598883252665
Random Forest,GF_01549,3,0.0010066738571557
Random Forest,GF_01550,3,0.0233208476072639
Random Forest,GF_01552,3,0.0
Random Forest,GF_01553,3,3.200669387922081e-05
Random Forest,GF_01579,3,0.0
Random Forest,GF_01580,3,0.0008330520293455
Random Forest,GF_01583,3,0.000495970807526
Random Forest,GF_01584,3,0.0007462310792459
Random Forest,GF_01591,3,0.0126364656999991
Random Forest,GF_01592,3,0.0
Random Forest,GF_01616,3,0.0001067526582744
Random Forest,GF_01617,3,0.0003818562389926
Random Forest,GF_01618,3,0.0009467624869964
Random Forest,GF_01619,3,0.0004906090879331
Random Forest,GF_01620,3,0.0
Random Forest,GF_01621,3,0.0
Random Forest,GF_01623,3,0.0002176745570372
Random Forest,GF_01625,3,1.803160075144582e-05
Random Forest,GF_01626,3,0.0015544343056337
Random Forest,GF_01627,3,0.0
Random Forest,GF_01628,3,0.0
Random Forest,GF_01629,3,8.248433133766934e-05
Random Forest,GF_01630,3,0.0
Random Forest,GF_01634,3,0.0
Random Forest,GF_01635,3,0.0098270042082712
Random Forest,GF_01636,3,2.671217325067654e-05
Random Forest,GF_01637,3,0.015198147757288
Random Forest,GF_01638,3,0.0
Random Forest,GF_01639,3,0.0
Random Forest,GF_01641,3,6.261986172411392e-05
Random Forest,GF_01648,3,0.0002519508159889
Random Forest,GF_01659,3,0.0018723592028604
Random Forest,GF_01661,3,2.309468684767591e-05
Random Forest,GF_01672,3,0.007786680221112
Random Forest,GF_01673,3,0.0010429576012649
Random Forest,GF_01674,3,0.0008247441621943
Random Forest,GF_01675,3,6.92048390240342e-05
Random Forest,GF_01676,3,0.0001419153070885
Random Forest,GF_01677,3,0.0003616438470254
Random Forest,GF_01678,3,0.0001359530337816
Random Forest,GF_01679,3,0.0140158210685147
Random Forest,GF_01680,3,0.0001852436817071
Random Forest,GF_01681,3,0.0016824534474661
Random Forest,GF_01683,3,0.0017124599691611
Random Forest,GF_01684,3,0.0
Random Forest,GF_01685,3,0.0
Random Forest,GF_01688,3,0.0
Random Forest,GF_01689,3,0.0001178535884839
Random Forest,GF_01690,3,0.001157928365543
Random Forest,GF_01691,3,0.0
Random Forest,GF_01692,3,0.0005272417858429
Random Forest,GF_01693,3,0.0007933196427876
Random Forest,GF_01732,3,7.91633513393169e-05
Random Forest,GF_01733,3,0.0015539790462897
Random Forest,GF_01734,3,0.0007324063725315
Random Forest,GF_01735,3,0.0
Random Forest,GF_01736,3,6.621138693447246e-06
Random Forest,GF_01737,3,0.0
Random Forest,GF_01741,3,0.0013103462660363
Random Forest,GF_01742,3,4.563511835631634e-05
Random Forest,GF_01745,3,0.0058266952402606
Random Forest,GF_01763,3,3.814893237239007e-05
Random Forest,GF_01783,3,0.0091587365733285
Random Forest,GF_01799,3,0.0
Random Forest,GF_01801,3,3.0889190796076246e-05
Random Forest,GF_01802,3,1.826068393458921e-05
Random Forest,GF_01803,3,0.0016498440367894
Random Forest,GF_01805,3,3.8090530234176345e-05
Random Forest,GF_01806,3,3.3634399799295e-05
Random Forest,GF_01807,3,0.0087870571673665
Random Forest,GF_01808,3,0.0005197498242969
Random Forest,GF_01809,3,0.0024557295625527
Random Forest,GF_01810,3,0.0
Random Forest,GF_01811,3,0.0001375220758625
Random Forest,GF_01812,3,0.0340161612545887
Random Forest,GF_01813,3,0.0012687651408884
Random Forest,GF_01814,3,0.0
Random Forest,GF_01815,3,0.0
Random Forest,GF_01816,3,0.0
Random Forest,GF_01818,3,0.0013399343710217
Random Forest,GF_01819,3,0.0121900936534541
Random Forest,GF_01822,3,0.0004280627096885
Random Forest,GF_01823,3,0.0
Random Forest,GF_01834,3,0.0024481450510648
Random Forest,GF_01836,3,0.0004511910830355
Random Forest,GF_01837,3,0.0
Random Forest,GF_01840,3,4.071706680762681e-05
Random Forest,GF_01841,3,0.0
Random Forest,GF_01842,3,0.0
Random Forest,GF_01844,3,0.0066250896785406
Random Forest,GF_01856,3,0.0
Random Forest,GF_01860,3,4.037536315614022e-05
Random Forest,GF_01866,3,0.0
Random Forest,GF_01870,3,0.0
Random Forest,GF_01872,3,0.0
Random Forest,GF_01885,3,1.6660843950116144e-06
Random Forest,GF_01897,3,0.0010365420180708
Random Forest,GF_01898,3,0.0002583458892309
Random Forest,GF_01899,3,0.0
Random Forest,GF_01900,3,0.0
Random Forest,GF_01901,3,0.0
Random Forest,GF_01902,3,0.0
Random Forest,GF_01904,3,6.56152773525698e-05
Random Forest,GF_01919,3,0.0103725063761807
Random Forest,GF_01921,3,8.668607245338422e-06
Random Forest,GF_01923,3,0.0013338281853469
Random Forest,GF_01925,3,4.622629194962177e-06
Random Forest,GF_01926,3,8.169036545915628e-05
Random Forest,GF_01927,3,0.0
Random Forest,GF_01928,3,0.0001898997964016
Random Forest,GF_01929,3,0.00105558998494
Random Forest,GF_01930,3,0.0018611369362783
Random Forest,GF_01945,3,0.0
Random Forest,GF_02041,3,0.0001196033405445
Random Forest,GF_02059,3,0.0007136423684611
Random Forest,GF_02060,3,0.0
Random Forest,GF_02069,3,0.0009637351800429
Random Forest,GF_02070,3,0.0002680576929282
Random Forest,GF_02071,3,0.0187676888379187
Random Forest,GF_02072,3,0.0009922880798825
Random Forest,GF_02074,3,0.0004213337304253
Random Forest,GF_02075,3,0.0004626113033014
Random Forest,GF_02076,3,2.2641304787580867e-05
Random Forest,GF_02084,3,0.0
Random Forest,GF_02085,3,0.0001642266934658
Random Forest,GF_02088,3,0.0039598043878349
Random Forest,GF_02089,3,0.0
Random Forest,GF_02091,3,0.013598403894868
Random Forest,GF_02092,3,0.0009898400929324
Random Forest,GF_02093,3,0.0088126133146632
Random Forest,GF_02094,3,0.0
Random Forest,GF_02101,3,0.0064601524899413
Random Forest,GF_02109,3,0.0027813754400367
Random Forest,GF_02110,3,0.0064286601098707
Random Forest,GF_02113,3,0.000600636276726
Random Forest,GF_02122,3,0.0
Random Forest,GF_02130,3,0.0002546898226315
Random Forest,GF_02131,3,3.2862048705209995e-05
Random Forest,GF_02132,3,0.0
Random Forest,GF_02136,3,1.5116082379816433e-05
Random Forest,GF_02137,3,0.0001185592267389
Random Forest,GF_02138,3,0.0005619926424595
Random Forest,GF_02139,3,0.0004354648724297
Random Forest,GF_02140,3,0.0006657358093142
Random Forest,GF_02141,3,0.0063069870381926
Random Forest,GF_02142,3,8.535147603367399e-05
Random Forest,GF_02143,3,0.0018677298401405
Random Forest,GF_02145,3,0.0008544100598387
Random Forest,GF_02152,3,0.0008239428913625
Random Forest,GF_02157,3,0.0
Random Forest,GF_02158,3,0.0014926256397068
Random Forest,GF_02159,3,0.0
Random Forest,GF_02172,3,0.0003241744068242
Random Forest,GF_02178,3,0.004797556727126
Random Forest,GF_02180,3,0.0008239296219547
Random Forest,GF_02184,3,0.0027220768255835
Random Forest,GF_02194,3,0.0
Random Forest,GF_02215,3,0.0006223651786468
Random Forest,GF_02216,3,0.0009155966837099
Random Forest,GF_02217,3,1.7133295101061473e-05
Random Forest,GF_02218,3,0.000114510868137
Random Forest,GF_02219,3,0.0007144733168463
Random Forest,GF_02220,3,0.0010358244434451
Random Forest,GF_02222,3,0.0072243230013058
Random Forest,GF_02223,3,0.0019518735948327
Random Forest,GF_02224,3,0.0004914598818431
Random Forest,GF_02225,3,0.0002188173952065
Random Forest,GF_02226,3,1.522461299391896e-05
Random Forest,GF_02227,3,0.0
Random Forest,GF_02228,3,0.0008843262692572
Random Forest,GF_02229,3,0.0002912067205665
Random Forest,GF_02230,3,0.0002145192294339
Random Forest,GF_02260,3,0.0003587629812697
Random Forest,GF_02261,3,0.0026178391736998
Random Forest,GF_02262,3,2.3676568348281885e-05
Random Forest,GF_02263,3,0.0
Random Forest,GF_02264,3,0.0001543768317724
Random Forest,GF_02266,3,0.0
Random Forest,GF_00002,4,0.0035869155137303
Random Forest,GF_00008,4,4.194753757800259e-05
Random Forest,GF_00011,4,0.0001769048834149
Random Forest,GF_00012,4,0.0
Random Forest,GF_00013,4,0.0004366278414666
Random Forest,GF_00014,4,0.0046188413927384
Random Forest,GF_00015,4,0.0
Random Forest,GF_00017,4,0.0
Random Forest,GF_00018,4,0.0013588658564987
Random Forest,GF_00036,4,0.0121296015481035
Random Forest,GF_00043,4,0.0
Random Forest,GF_00044,4,0.0005990292209035
Random Forest,GF_00046,4,0.0003294427054517
Random Forest,GF_00047,4,7.893590518822101e-07
Random Forest,GF_00048,4,0.000811074777353
Random Forest,GF_00049,4,0.0
Random Forest,GF_00051,4,0.0
Random Forest,GF_00052,4,0.004904443165764
Random Forest,GF_00071,4,9.134544297688284e-05
Random Forest,GF_00072,4,0.0001381515064658
Random Forest,GF_00073,4,0.0
Random Forest,GF_00074,4,0.0
Random Forest,GF_00075,4,0.0
Random Forest,GF_00076,4,0.0
Random Forest,GF_00077,4,0.0
Random Forest,GF_00078,4,0.0005911653776061
Random Forest,GF_00079,4,0.00104242438193
Random Forest,GF_00080,4,0.0170901976118545
Random Forest,GF_00081,4,0.0022527260079774
Random Forest,GF_00082,4,0.0002754538560396
Random Forest,GF_00083,4,3.7909504862157694e-05
Random Forest,GF_00084,4,0.0001805540244172
Random Forest,GF_00085,4,0.0039824864032652
Random Forest,GF_00087,4,0.0
Random Forest,GF_00088,4,0.0
Random Forest,GF_00093,4,0.0
Random Forest,GF_00094,4,0.0009334094420477
Random Forest,GF_00104,4,0.000969904460629
Random Forest,GF_00105,4,0.0002139799942374
Random Forest,GF_00106,4,0.0005846582944445
Random Forest,GF_00107,4,0.0003486811150332
Random Forest,GF_00108,4,0.0
Random Forest,GF_00109,4,0.0
Random Forest,GF_00110,4,0.0024953023187511
Random Forest,GF_00111,4,0.0
Random Forest,GF_00112,4,9.426430253670794e-05
Random Forest,GF_00113,4,0.0
Random Forest,GF_00114,4,0.0004848997700067
Random Forest,GF_00115,4,0.0
Random Forest,GF_00116,4,0.0
Random Forest,GF_00117,4,0.0
Random Forest,GF_00120,4,0.0007689963573591
Random Forest,GF_00121,4,0.0
Random Forest,GF_00122,4,9.526812915320556e-05
Random Forest,GF_00123,4,0.000603260450032
Random Forest,GF_00124,4,1.1790431083574704e-05
Random Forest,GF_00125,4,0.0050804413986593
Random Forest,GF_00136,4,0.0
Random Forest,GF_00137,4,0.0002232664482531
Random Forest,GF_00138,4,0.0
Random Forest,GF_00139,4,0.0
Random Forest,GF_00141,4,0.0
Random Forest,GF_00142,4,0.0
Random Forest,GF_00143,4,0.0
Random Forest,GF_00155,4,0.0008075426003552
Random Forest,GF_00164,4,0.0
Random Forest,GF_00170,4,0.0004808486459156
Random Forest,GF_00175,4,0.0
Random Forest,GF_00178,4,4.5263285774634246e-05
Random Forest,GF_00179,4,0.0002501785348778
Random Forest,GF_00180,4,0.0005381983045205
Random Forest,GF_00185,4,2.7134265609288464e-05
Random Forest,GF_00208,4,0.0034173030574022
Random Forest,GF_00220,4,0.0001168596506982
Random Forest,GF_00228,4,0.0006556430214484
Random Forest,GF_00229,4,0.0007256703107385
Random Forest,GF_00235,4,0.0093122582895074
Random Forest,GF_00244,4,8.509297332729697e-05
Random Forest,GF_00250,4,0.0085290924829729
Random Forest,GF_00251,4,0.0045409884146446
Random Forest,GF_00262,4,0.0
Random Forest,GF_00281,4,0.0
Random Forest,GF_00290,4,0.0001199302054106
Random Forest,GF_00296,4,0.0004374930687237
Random Forest,GF_00300,4,0.0070716800833901
Random Forest,GF_00302,4,0.0011528678562186
Random Forest,GF_00303,4,0.0002653815046024
Random Forest,GF_00305,4,0.0060780858217403
Random Forest,GF_00309,4,0.0001446278518845
Random Forest,GF_00310,4,0.0
Random Forest,GF_00311,4,5.4585741043896914e-05
Random Forest,GF_00312,4,0.0013239465274082
Random Forest,GF_00313,4,0.0012658850652002
Random Forest,GF_00314,4,0.0001422419164966
Random Forest,GF_00315,4,9.736243739441228e-05
Random Forest,GF_00316,4,6.849387256172482e-05
Random Forest,GF_00317,4,0.0008432917279529
Random Forest,GF_00318,4,8.130292516179246e-05
Random Forest,GF_00319,4,0.0003269548706623
Random Forest,GF_00320,4,0.0020833756081103
Random Forest,GF_00321,4,9.934276076516047e-05
Random Forest,GF_00323,4,0.0040713498018195
Random Forest,GF_00324,4,0.0003002494699532
Random Forest,GF_00325,4,0.0005379390061212
Random Forest,GF_00326,4,0.0001749781754352
Random Forest,GF_00327,4,0.0004628802430283
Random Forest,GF_00329,4,5.586047674377194e-05
Random Forest,GF_00330,4,0.0024654648487622
Random Forest,GF_00331,4,0.0002194918985011
Random Forest,GF_00332,4,0.0010399334513282
Random Forest,GF_00333,4,0.0001273805753482
Random Forest,GF_00335,4,0.000904303863801
Random Forest,GF_00336,4,0.0002047448350962
Random Forest,GF_00338,4,1.064072979386998e-05
Random Forest,GF_00339,4,0.0
Random Forest,GF_00340,4,2.806974385439266e-06
Random Forest,GF_00341,4,0.000280828948081
Random Forest,GF_00342,4,0.0002434745247297
Random Forest,GF_00343,4,0.0001021329554433
Random Forest,GF_00344,4,1.3147508855240796e-05
Random Forest,GF_00346,4,0.0007484778291041
Random Forest,GF_00347,4,0.0
Random Forest,GF_00348,4,0.0
Random Forest,GF_00349,4,2.000643738039029e-05
Random Forest,GF_00350,4,0.0
Random Forest,GF_00351,4,0.0
Random Forest,GF_00352,4,0.0058998830032762
Random Forest,GF_00353,4,0.0004441918240673
Random Forest,GF_00355,4,0.0005165893894099
Random Forest,GF_00358,4,0.0010992891369839
Random Forest,GF_00360,4,0.0001097185325738
Random Forest,GF_00362,4,0.0
Random Forest,GF_00363,4,0.0064670502479589
Random Forest,GF_00364,4,0.0002354401634897
Random Forest,GF_00365,4,0.0001821358388249
Random Forest,GF_00369,4,1.9297611719032266e-05
Random Forest,GF_00381,4,8.216296112249465e-05
Random Forest,GF_00384,4,0.0001930131092814
Random Forest,GF_00385,4,0.000113139171343
Random Forest,GF_00386,4,0.0
Random Forest,GF_00387,4,0.0
Random Forest,GF_00388,4,0.0
Random Forest,GF_00389,4,7.946296560859818e-06
Random Forest,GF_00390,4,0.0058228717462443
Random Forest,GF_00391,4,0.0
Random Forest,GF_00393,4,0.0
Random Forest,GF_00394,4,0.0024938772104492
Random Forest,GF_00395,4,0.0009181632439902
Random Forest,GF_00396,4,0.0006466623981484
Random Forest,GF_00400,4,0.0015708476116104
Random Forest,GF_00401,4,0.0
Random Forest,GF_00402,4,0.0
Random Forest,GF_00403,4,0.0001239729963059
Random Forest,GF_00404,4,0.000393840053922
Random Forest,GF_00405,4,0.0009357475456414
Random Forest,GF_00406,4,0.0276896330432025
Random Forest,GF_00407,4,0.0
Random Forest,GF_00408,4,0.007030455508008
Random Forest,GF_00409,4,0.0009442947451353
Random Forest,GF_00410,4,0.0
Random Forest,GF_00413,4,0.0
Random Forest,GF_00414,4,0.0
Random Forest,GF_00415,4,2.651491513475943e-05
Random Forest,GF_00417,4,0.0
Random Forest,GF_00418,4,0.0001373982734056
Random Forest,GF_00419,4,0.0025834700562272
Random Forest,GF_00421,4,8.673044495370675e-06
Random Forest,GF_00422,4,0.0023488260473947
Random Forest,GF_00424,4,0.0001486907359583
Random Forest,GF_00426,4,8.973635567344478e-05
Random Forest,GF_00427,4,0.0001767238234623
Random Forest,GF_00428,4,0.0
Random Forest,GF_00429,4,0.0002590474470002
Random Forest,GF_00430,4,1.6804139686475383e-05
Random Forest,GF_00431,4,0.0041415975429463
Random Forest,GF_00432,4,0.0009616836680666
Random Forest,GF_00433,4,1.6623457585648548e-05
Random Forest,GF_00434,4,0.0
Random Forest,GF_00435,4,0.0002290288896623
Random Forest,GF_00436,4,0.0008217594899355
Random Forest,GF_00437,4,0.0099246229232946
Random Forest,GF_00438,4,4.4200062087899584e-05
Random Forest,GF_00440,4,0.0
Random Forest,GF_00441,4,0.0
Random Forest,GF_00455,4,0.0013010909383609
Random Forest,GF_00457,4,0.0003616953348622
Random Forest,GF_00458,4,0.0
Random Forest,GF_00471,4,0.000457457192778
Random Forest,GF_00472,4,0.0080327779557698
Random Forest,GF_00477,4,0.0
Random Forest,GF_00480,4,0.0058930659828937
Random Forest,GF_00482,4,0.0001654740893335
Random Forest,GF_00488,4,0.0005111434530484
Random Forest,GF_00489,4,0.0001802577983629
Random Forest,GF_00503,4,0.0
Random Forest,GF_00522,4,0.0
Random Forest,GF_00523,4,0.0006286558363628
Random Forest,GF_00524,4,0.0010718809875805
Random Forest,GF_00525,4,0.0021350821736636
Random Forest,GF_00527,4,0.0006255878257535
Random Forest,GF_00528,4,0.0011250480886196
Random Forest,GF_00529,4,0.0
Random Forest,GF_00530,4,0.0
Random Forest,GF_00531,4,0.0002181832012211
Random Forest,GF_00536,4,0.0012949294535686
Random Forest,GF_00538,4,0.0011172678590206
Random Forest,GF_00546,4,1.969331133916757e-05
Random Forest,GF_00547,4,0.0021031951007321
Random Forest,GF_00548,4,0.0003331604490244
Random Forest,GF_00549,4,0.0003849243692121
Random Forest,GF_00564,4,0.0001140415828915
Random Forest,GF_00565,4,0.0012726121089605
Random Forest,GF_00566,4,0.0071054317052836
Random Forest,GF_00569,4,0.0004961065999147
Random Forest,GF_00570,4,0.0002406738412379
Random Forest,GF_00572,4,0.0044881103239824
Random Forest,GF_00574,4,9.158885299202122e-05
Random Forest,GF_00578,4,0.0057305222681907
Random Forest,GF_00580,4,0.0023449457802739
Random Forest,GF_00588,4,9.779807186749945e-06
Random Forest,GF_00594,4,0.0014595534109213
Random Forest,GF_00595,4,0.0
Random Forest,GF_00599,4,0.0001707481037672
Random Forest,GF_00600,4,0.0
Random Forest,GF_00601,4,0.0
Random Forest,GF_00603,4,0.0003559906742189
Random Forest,GF_00604,4,0.0001032755548841
Random Forest,GF_00605,4,0.0
Random Forest,GF_00606,4,0.0
Random Forest,GF_00607,4,7.161892868139823e-05
Random Forest,GF_00608,4,0.0029381171601823
Random Forest,GF_00609,4,0.0008230705439066
Random Forest,GF_00611,4,0.0003369722627865
Random Forest,GF_00612,4,0.0003471149688815
Random Forest,GF_00613,4,0.0001322383144806
Random Forest,GF_00614,4,0.0
Random Forest,GF_00615,4,1.893703092075696e-05
Random Forest,GF_00616,4,0.0008515398075416
Random Forest,GF_00617,4,0.0029067502293146
Random Forest,GF_00618,4,0.0002478225654021
Random Forest,GF_00619,4,0.0001647476513006
Random Forest,GF_00620,4,0.0
Random Forest,GF_00621,4,0.0071522592704936
Random Forest,GF_00622,4,0.0006623520626627
Random Forest,GF_00623,4,0.004300552702097
Random Forest,GF_00624,4,2.0653432910077574e-05
Random Forest,GF_00632,4,1.7068180866052207e-05
Random Forest,GF_00633,4,0.0006513596993774
Random Forest,GF_00635,4,0.0001215566756643
Random Forest,GF_00636,4,0.0012387325791613
Random Forest,GF_00637,4,2.010301745585661e-05
Random Forest,GF_00638,4,1.3943980420915889e-05
Random Forest,GF_00640,4,0.0006747637004139
Random Forest,GF_00641,4,0.0005038941829082
Random Forest,GF_00642,4,0.0023113435637515
Random Forest,GF_00643,4,0.0004326997899756
Random Forest,GF_00655,4,1.809838292808069e-05
Random Forest,GF_00658,4,0.0
Random Forest,GF_00659,4,0.0
Random Forest,GF_00661,4,0.0002052243352644
Random Forest,GF_00669,4,0.0
Random Forest,GF_00676,4,1.5778859939219358e-05
Random Forest,GF_00680,4,0.0
Random Forest,GF_00681,4,0.0002634049138166
Random Forest,GF_00682,4,0.0001267049378237
Random Forest,GF_00683,4,0.0
Random Forest,GF_00684,4,0.0001874900603673
Random Forest,GF_00687,4,0.0008109550551509
Random Forest,GF_00688,4,0.0022662916214175
Random Forest,GF_00695,4,0.0014774373115629
Random Forest,GF_00699,4,0.0
Random Forest,GF_00702,4,0.0001047857950266
Random Forest,GF_00709,4,1.453421994283813e-05
Random Forest,GF_00722,4,0.0041005089114356
Random Forest,GF_00723,4,0.0
Random Forest,GF_00724,4,0.0029190420699189
Random Forest,GF_00725,4,0.0024132361802294
Random Forest,GF_00726,4,0.0003074811414755
Random Forest,GF_00727,4,0.0
Random Forest,GF_00728,4,0.002227341671468
Random Forest,GF_00729,4,0.0003815516486392
Random Forest,GF_00732,4,0.0104768523055962
Random Forest,GF_00736,4,0.0015009510123568
Random Forest,GF_00740,4,0.0011309437851799
Random Forest,GF_00741,4,0.0004901640681482
Random Forest,GF_00744,4,0.0008687967338092
Random Forest,GF_00751,4,0.0
Random Forest,GF_00755,4,0.0
Random Forest,GF_00756,4,0.0015156506050818
Random Forest,GF_00761,4,0.0
Random Forest,GF_00771,4,0.0058532943428163
Random Forest,GF_00773,4,0.0036987306444473
Random Forest,GF_00776,4,0.0062062898594765
Random Forest,GF_00777,4,0.0001068660592238
Random Forest,GF_00785,4,0.0004888117360058
Random Forest,GF_00796,4,0.0038845685534625
Random Forest,GF_00810,4,2.848808731696638e-05
Random Forest,GF_00811,4,0.0
Random Forest,GF_00813,4,0.0
Random Forest,GF_00814,4,0.0003212504873558
Random Forest,GF_00816,4,0.0
Random Forest,GF_00819,4,0.0008875797158469
Random Forest,GF_00828,4,0.001883205868795
Random Forest,GF_00843,4,0.0001961885314203
Random Forest,GF_00845,4,0.0
Random Forest,GF_00856,4,0.0066931739791771
Random Forest,GF_00857,4,0.0
Random Forest,GF_00860,4,0.0001094432625418
Random Forest,GF_00864,4,0.001515504079587
Random Forest,GF_00866,4,0.0001576327623465
Random Forest,GF_00867,4,0.0
Random Forest,GF_00868,4,0.0
Random Forest,GF_00869,4,0.0
Random Forest,GF_00870,4,7.276074120625951e-05
Random Forest,GF_00871,4,0.0
Random Forest,GF_00872,4,0.0
Random Forest,GF_00873,4,0.0003137086138113
Random Forest,GF_00874,4,0.0005095776317413
Random Forest,GF_00887,4,0.0100039234257878
Random Forest,GF_00888,4,0.0001043127989211
Random Forest,GF_00895,4,0.0
Random Forest,GF_00916,4,6.178819507553965e-05
Random Forest,GF_00927,4,6.912964813410772e-06
Random Forest,GF_00931,4,0.0039808735065984
Random Forest,GF_00932,4,0.0
Random Forest,GF_00933,4,0.0006224447833007
Random Forest,GF_00946,4,0.0
Random Forest,GF_00947,4,0.0
Random Forest,GF_00949,4,9.316203287111336e-05
Random Forest,GF_00957,4,0.0050956205897087
Random Forest,GF_00958,4,0.0
Random Forest,GF_00959,4,0.0020663504998596
Random Forest,GF_00960,4,6.959686118611307e-05
Random Forest,GF_00963,4,0.0062380311052105
Random Forest,GF_00966,4,2.4568010277822195e-05
Random Forest,GF_00968,4,0.0
Random Forest,GF_00969,4,0.0
Random Forest,GF_00970,4,0.0001068749940834
Random Forest,GF_00971,4,0.0011746619481469
Random Forest,GF_00972,4,0.0062249019541262
Random Forest,GF_00982,4,0.0024345528230134
Random Forest,GF_01004,4,8.374827686238483e-06
Random Forest,GF_01005,4,0.0
Random Forest,GF_01012,4,0.0001845673883678
Random Forest,GF_01026,4,6.558802802519878e-05
Random Forest,GF_01027,4,0.0257235305959485
Random Forest,GF_01028,4,0.0
Random Forest,GF_01054,4,0.0001565836679568
Random Forest,GF_01230,4,0.0001290295073197
Random Forest,GF_01231,4,0.0
Random Forest,GF_01232,4,0.0006017605357814
Random Forest,GF_01233,4,0.0
Random Forest,GF_01234,4,0.0001171014051675
Random Forest,GF_01235,4,2.388185226759716e-06
Random Forest,GF_01236,4,0.0039747227847628
Random Forest,GF_01237,4,0.0001386715707095
Random Forest,GF_01239,4,6.955872461205977e-05
Random Forest,GF_01240,4,0.0
Random Forest,GF_01241,4,0.0073523523796022
Random Forest,GF_01242,4,0.0
Random Forest,GF_01244,4,0.0007090255080567
Random Forest,GF_01245,4,0.0
Random Forest,GF_01246,4,5.226455727402499e-05
Random Forest,GF_01247,4,0.0
Random Forest,GF_01248,4,0.0016565127379301
Random Forest,GF_01266,4,0.0001937727174747
Random Forest,GF_01287,4,0.0211649715002201
Random Forest,GF_01290,4,0.0001988342042514
Random Forest,GF_01291,4,7.618056315886044e-05
Random Forest,GF_01292,4,5.990519352577522e-05
Random Forest,GF_01293,4,0.0003747864969381
Random Forest,GF_01297,4,0.0
Random Forest,GF_01306,4,0.0014058826582899
Random Forest,GF_01314,4,0.0008758769399154
Random Forest,GF_01315,4,7.503460229807703e-05
Random Forest,GF_01327,4,0.0
Random Forest,GF_01328,4,0.0201568173043173
Random Forest,GF_01329,4,0.0
Random Forest,GF_01330,4,0.0
Random Forest,GF_01331,4,0.0035583458947423
Random Forest,GF_01332,4,0.0002990456853693
Random Forest,GF_01333,4,0.0067577409229133
Random Forest,GF_01334,4,0.0133099102976467
Random Forest,GF_01336,4,0.0
Random Forest,GF_01337,4,0.023487224697534
Random Forest,GF_01338,4,0.0069370710428805
Random Forest,GF_01359,4,9.863259364016995e-05
Random Forest,GF_01372,4,0.0059242614930733
Random Forest,GF_01374,4,0.0020177895470236
Random Forest,GF_01375,4,0.0130415644046954
Random Forest,GF_01376,4,0.0
Random Forest,GF_01377,4,0.0002175570082528
Random Forest,GF_01379,4,0.0
Random Forest,GF_01381,4,1.7172909936004083e-05
Random Forest,GF_01382,4,0.0
Random Forest,GF_01383,4,8.312146946011349e-05
Random Forest,GF_01385,4,0.0001298335379495
Random Forest,GF_01386,4,0.0342403252780694
Random Forest,GF_01387,4,0.0005651022096403
Random Forest,GF_01390,4,0.0058325113420089
Random Forest,GF_01391,4,0.0018529247346883
Random Forest,GF_01393,4,7.332392454553098e-05
Random Forest,GF_01394,4,0.0
Random Forest,GF_01395,4,0.0
Random Forest,GF_01396,4,0.000300661679523
Random Forest,GF_01397,4,0.0
Random Forest,GF_01399,4,0.0021596564999564
Random Forest,GF_01400,4,9.853249398045712e-05
Random Forest,GF_01401,4,7.402609369235532e-05
Random Forest,GF_01404,4,0.0043546121302811
Random Forest,GF_01409,4,0.0
Random Forest,GF_01425,4,5.7700977384973424e-05
Random Forest,GF_01426,4,0.0216844981314932
Random Forest,GF_01428,4,6.6836846123606376e-06
Random Forest,GF_01439,4,1.1144316553648644e-05
Random Forest,GF_01445,4,0.0005965467510583
Random Forest,GF_01446,4,0.0019558057440954
Random Forest,GF_01447,4,0.0
Random Forest,GF_01448,4,0.0065427127861015
Random Forest,GF_01449,4,0.0
Random Forest,GF_01456,4,0.0002669227116677
Random Forest,GF_01458,4,0.0014294435468505
Random Forest,GF_01460,4,0.0
Random Forest,GF_01461,4,0.0007436298192574
Random Forest,GF_01462,4,0.0064291982106445
Random Forest,GF_01466,4,0.0
Random Forest,GF_01476,4,0.0
Random Forest,GF_01477,4,0.001961808622774
Random Forest,GF_01479,4,0.0
Random Forest,GF_01480,4,0.0
Random Forest,GF_01481,4,4.410946157075025e-05
Random Forest,GF_01487,4,0.0030246634712878
Random Forest,GF_01502,4,0.0
Random Forest,GF_01504,4,0.0004039383199812
Random Forest,GF_01512,4,0.0011025042401588
Random Forest,GF_01514,4,0.0003650484725019
Random Forest,GF_01527,4,0.0
Random Forest,GF_01534,4,0.0003470861203501
Random Forest,GF_01535,4,0.0170360124152297
Random Forest,GF_01536,4,0.0019828607481409
Random Forest,GF_01537,4,1.072121014465537e-05
Random Forest,GF_01538,4,1.0443257206813295e-05
Random Forest,GF_01539,4,9.284419728533884e-05
Random Forest,GF_01540,4,2.194818980758025e-05
Random Forest,GF_01541,4,0.0005409167387506
Random Forest,GF_01542,4,0.0036848809658665
Random Forest,GF_01543,4,0.0135768494785668
Random Forest,GF_01544,4,0.0
Random Forest,GF_01547,4,0.0021707443316045
Random Forest,GF_01549,4,0.0015977793979095
Random Forest,GF_01550,4,0.0208196455393727
Random Forest,GF_01552,4,0.0
Random Forest,GF_01553,4,0.0001226750235133
Random Forest,GF_01579,4,0.0
Random Forest,GF_01580,4,0.0019284733635694
Random Forest,GF_01583,4,0.0006958824543453
Random Forest,GF_01584,4,0.0012908899777856
Random Forest,GF_01591,4,0.0018386992986729
Random Forest,GF_01592,4,0.0007561067658991
Random Forest,GF_01616,4,0.0042210498760023
Random Forest,GF_01617,4,0.00028327973285
Random Forest,GF_01618,4,0.0008617540784215
Random Forest,GF_01619,4,0.0006131953672599
Random Forest,GF_01620,4,9.400171878683994e-06
Random Forest,GF_01621,4,1.4943928963762062e-06
Random Forest,GF_01623,4,0.0
Random Forest,GF_01625,4,0.0
Random Forest,GF_01626,4,0.0009315346238785
Random Forest,GF_01627,4,0.0
Random Forest,GF_01628,4,0.0
Random Forest,GF_01629,4,7.013240743669876e-05
Random Forest,GF_01630,4,0.0
Random Forest,GF_01634,4,0.0
Random Forest,GF_01635,4,0.0057369989178687
Random Forest,GF_01636,4,0.0002592222806206
Random Forest,GF_01637,4,0.0127861082555771
Random Forest,GF_01638,4,9.871829071143104e-05
Random Forest,GF_01639,4,3.4506602555036504e-05
Random Forest,GF_01641,4,0.0058976679717468
Random Forest,GF_01648,4,0.0011398496943951
Random Forest,GF_01659,4,0.0027136044297063
Random Forest,GF_01661,4,3.869974109723472e-05
Random Forest,GF_01672,4,0.0062429401042845
Random Forest,GF_01673,4,0.0
Random Forest,GF_01674,4,0.0005490835011466
Random Forest,GF_01675,4,0.0
Random Forest,GF_01676,4,0.0011802268981076
Random Forest,GF_01677,4,0.0003861409312268
Random Forest,GF_01678,4,0.0009169495126371
Random Forest,GF_01679,4,0.000147670789826
Random Forest,GF_01680,4,9.452789442800493e-05
Random Forest,GF_01681,4,0.0
Random Forest,GF_01683,4,0.0018642594012115
Random Forest,GF_01684,4,0.0
Random Forest,GF_01685,4,0.0016384624404605
Random Forest,GF_01688,4,0.0020256405739002
Random Forest,GF_01689,4,0.0
Random Forest,GF_01690,4,0.0015208007410476
Random Forest,GF_01691,4,0.0
Random Forest,GF_01692,4,0.0011892513324569
Random Forest,GF_01693,4,0.0003664798812408
Random Forest,GF_01732,4,0.0
Random Forest,GF_01733,4,0.0029044887406267
Random Forest,GF_01734,4,1.280026886062973e-05
Random Forest,GF_01735,4,1.570751593731705e-05
Random Forest,GF_01736,4,0.0001034411561811
Random Forest,GF_01737,4,0.000461098495768
Random Forest,GF_01741,4,0.0002449616498252
Random Forest,GF_01742,4,0.0053420341016554
Random Forest,GF_01745,4,0.0369495651988635
Random Forest,GF_01763,4,0.0
Random Forest,GF_01783,4,0.0106943307483551
Random Forest,GF_01799,4,0.0
Random Forest,GF_01801,4,0.0
Random Forest,GF_01802,4,0.0
Random Forest,GF_01803,4,0.0
Random Forest,GF_01805,4,0.0004086116942526
Random Forest,GF_01806,4,0.0013822859643478
Random Forest,GF_01807,4,0.0122026566239823
Random Forest,GF_01808,4,0.0018811757375809
Random Forest,GF_01809,4,0.0001568314143333
Random Forest,GF_01810,4,0.0018507093845133
Random Forest,GF_01811,4,0.0021716670452992
Random Forest,GF_01812,4,0.0115163796868166
Random Forest,GF_01813,4,4.819897809613119e-05
Random Forest,GF_01814,4,0.0006505041650577
Random Forest,GF_01815,4,0.0008963874740588
Random Forest,GF_01816,4,0.0004942508355105
Random Forest,GF_01818,4,9.234465584362856e-05
Random Forest,GF_01819,4,0.0009264241516616
Random Forest,GF_01822,4,0.0
Random Forest,GF_01823,4,0.0
Random Forest,GF_01834,4,0.00784214506878
Random Forest,GF_01836,4,0.0006367166291378
Random Forest,GF_01837,4,5.1649351728945726e-05
Random Forest,GF_01840,4,0.0022731110008542
Random Forest,GF_01841,4,0.0
Random Forest,GF_01842,4,0.0
Random Forest,GF_01844,4,7.018071533851523e-06
Random Forest,GF_01856,4,0.0004921773758393
Random Forest,GF_01860,4,1.74866491172855e-05
Random Forest,GF_01866,4,0.0004831305857494
Random Forest,GF_01870,4,0.0
Random Forest,GF_01872,4,0.0
Random Forest,GF_01885,4,0.0
Random Forest,GF_01897,4,0.0004581511956348
Random Forest,GF_01898,4,0.0
Random Forest,GF_01899,4,0.0
Random Forest,GF_01900,4,0.0
Random Forest,GF_01901,4,0.0
Random Forest,GF_01902,4,0.0001382552087065
Random Forest,GF_01904,4,0.0
Random Forest,GF_01919,4,0.0
Random Forest,GF_01921,4,0.0001582836653447
Random Forest,GF_01923,4,0.002535229133881
Random Forest,GF_01925,4,0.0001817038420676
Random Forest,GF_01926,4,0.0004014657060549
Random Forest,GF_01927,4,0.0002330211031399
Random Forest,GF_01928,4,0.0018632983333166
Random Forest,GF_01929,4,0.0004205502479039
Random Forest,GF_01930,4,0.0
Random Forest,GF_01945,4,0.0
Random Forest,GF_02041,4,0.0001043586123434
Random Forest,GF_02059,4,0.0009909041837463
Random Forest,GF_02060,4,0.0007030250583352
Random Forest,GF_02069,4,1.6509471935435464e-05
Random Forest,GF_02070,4,0.0046166858432307
Random Forest,GF_02071,4,0.0085059676668256
Random Forest,GF_02072,4,0.0
Random Forest,GF_02074,4,0.0002290431900793
Random Forest,GF_02075,4,0.0003778721964756
Random Forest,GF_02076,4,0.0
Random Forest,GF_02084,4,0.0002914601629033
Random Forest,GF_02085,4,0.0003671956205504
Random Forest,GF_02088,4,0.0012074873693239
Random Forest,GF_02089,4,0.0
Random Forest,GF_02091,4,0.0221367235617814
Random Forest,GF_02092,4,0.0009170231542125
Random Forest,GF_02093,4,0.0001838835295011
Random Forest,GF_02094,4,9.524386241106028e-06
Random Forest,GF_02101,4,0.0006266575224901
Random Forest,GF_02109,4,0.0011558937216838
Random Forest,GF_02110,4,0.0047612077682048
Random Forest,GF_02113,4,0.0128335276698855
Random Forest,GF_02122,4,0.0003314548558611
Random Forest,GF_02130,4,0.0
Random Forest,GF_02131,4,0.0011298660557377
Random Forest,GF_02132,4,0.0
Random Forest,GF_02136,4,0.0
Random Forest,GF_02137,4,0.0003628900922505
Random Forest,GF_02138,4,0.0
Random Forest,GF_02139,4,0.0001639601414415
Random Forest,GF_02140,4,0.0010261220557964
Random Forest,GF_02141,4,0.021590475255892
Random Forest,GF_02142,4,0.001296475389699
Random Forest,GF_02143,4,0.0010827496039423
Random Forest,GF_02145,4,0.0007699043972427
Random Forest,GF_02152,4,0.0009298182330105
Random Forest,GF_02157,4,0.0004321927796638
Random Forest,GF_02158,4,0.0
Random Forest,GF_02159,4,0.000863664674938
Random Forest,GF_02172,4,0.0
Random Forest,GF_02178,4,0.0002127299126947
Random Forest,GF_02180,4,7.404155344874769e-06
Random Forest,GF_02184,4,0.000465088958881
Random Forest,GF_02194,4,0.0004712470638684
Random Forest,GF_02215,4,0.0003923624470792
Random Forest,GF_02216,4,0.0007663552439074
Random Forest,GF_02217,4,0.0003955890600231
Random Forest,GF_02218,4,0.0001029890844963
Random Forest,GF_02219,4,0.0
Random Forest,GF_02220,4,0.0004410750853437
Random Forest,GF_02222,4,0.0124664450321406
Random Forest,GF_02223,4,0.0002230075342468
Random Forest,GF_02224,4,0.0008223173053257
Random Forest,GF_02225,4,0.0
Random Forest,GF_02226,4,0.0
Random Forest,GF_02227,4,7.473804687417237e-06
Random Forest,GF_02228,4,0.000507979267134
Random Forest,GF_02229,4,0.0002507826649525
Random Forest,GF_02230,4,0.0004402422653266
Random Forest,GF_02260,4,0.0001406649190697
Random Forest,GF_02261,4,0.0008681031836417
Random Forest,GF_02262,4,0.0002159544722248
Random Forest,GF_02263,4,0.0006622006798379
Random Forest,GF_02264,4,0.0
Random Forest,GF_02266,4,0.0
Random Forest,GF_00002,5,0.0168415506622084
Random Forest,GF_00008,5,0.0
Random Forest,GF_00011,5,0.0004566999328432
Random Forest,GF_00012,5,8.321357395799615e-05
Random Forest,GF_00013,5,0.0002565589237877
Random Forest,GF_00014,5,7.56494608585183e-06
Random Forest,GF_00015,5,0.0
Random Forest,GF_00017,5,0.0002846422440781
Random Forest,GF_00018,5,0.0027114527603251
Random Forest,GF_00036,5,0.0003858541892165
Random Forest,GF_00043,5,2.912711259933056e-05
Random Forest,GF_00044,5,0.0005467908591795
Random Forest,GF_00046,5,0.0130058597415264
Random Forest,GF_00047,5,0.0065647575219498
Random Forest,GF_00048,5,0.0004160908886025
Random Forest,GF_00049,5,0.0012912439770491
Random Forest,GF_00051,5,0.0
Random Forest,GF_00052,5,0.0
Random Forest,GF_00071,5,3.65505898145279e-05
Random Forest,GF_00072,5,3.350938327535438e-05
Random Forest,GF_00073,5,0.0
Random Forest,GF_00074,5,0.0
Random Forest,GF_00075,5,0.0
Random Forest,GF_00076,5,0.0008394266223156
Random Forest,GF_00077,5,0.0002327284220034
Random Forest,GF_00078,5,0.0
Random Forest,GF_00079,5,0.0001475481323263
Random Forest,GF_00080,5,0.0107211528128704
Random Forest,GF_00081,5,6.327520209456448e-05
Random Forest,GF_00082,5,0.0
Random Forest,GF_00083,5,0.0
Random Forest,GF_00084,5,6.343682822501103e-05
Random Forest,GF_00085,5,0.0
Random Forest,GF_00087,5,0.0
Random Forest,GF_00088,5,9.885625111716144e-08
Random Forest,GF_00093,5,0.0
Random Forest,GF_00094,5,0.0
Random Forest,GF_00104,5,0.0001873246259633
Random Forest,GF_00105,5,0.0
Random Forest,GF_00106,5,0.0
Random Forest,GF_00107,5,0.0
Random Forest,GF_00108,5,0.0
Random Forest,GF_00109,5,9.118339917584018e-06
Random Forest,GF_00110,5,8.87143966030828e-05
Random Forest,GF_00111,5,0.0
Random Forest,GF_00112,5,0.0001811530956102
Random Forest,GF_00113,5,0.0
Random Forest,GF_00114,5,0.0
Random Forest,GF_00115,5,0.0003266412723401
Random Forest,GF_00116,5,0.0
Random Forest,GF_00117,5,0.0
Random Forest,GF_00120,5,0.0004496111765128
Random Forest,GF_00121,5,0.0
Random Forest,GF_00122,5,0.0005027607999393
Random Forest,GF_00123,5,0.0006647504935092
Random Forest,GF_00124,5,0.0001270267814586
Random Forest,GF_00125,5,6.352031266868974e-06
Random Forest,GF_00136,5,0.0005284708167712
Random Forest,GF_00137,5,1.695381698007001e-05
Random Forest,GF_00138,5,0.0
Random Forest,GF_00139,5,8.87931672074198e-05
Random Forest,GF_00141,5,0.0003090742982444
Random Forest,GF_00142,5,0.0
Random Forest,GF_00143,5,0.0004627401275071
Random Forest,GF_00155,5,3.413420670499428e-05
Random Forest,GF_00164,5,0.0
Random Forest,GF_00170,5,0.0006400007566473
Random Forest,GF_00175,5,0.0
Random Forest,GF_00178,5,0.0
Random Forest,GF_00179,5,0.0
Random Forest,GF_00180,5,0.0001049181482095
Random Forest,GF_00185,5,0.0002424261269763
Random Forest,GF_00208,5,0.0
Random Forest,GF_00220,5,0.0
Random Forest,GF_00228,5,0.0
Random Forest,GF_00229,5,0.000473438276088
Random Forest,GF_00235,5,0.0001147408969673
Random Forest,GF_00244,5,0.0
Random Forest,GF_00250,5,0.0003521000446154
Random Forest,GF_00251,5,0.0010262905183441
Random Forest,GF_00262,5,5.995296388632239e-05
Random Forest,GF_00281,5,4.878340640720505e-05
Random Forest,GF_00290,5,9.815471239238118e-05
Random Forest,GF_00296,5,0.0009292037809497
Random Forest,GF_00300,5,0.0007399140849996
Random Forest,GF_00302,5,0.0004653461499714
Random Forest,GF_00303,5,0.0002260300012389
Random Forest,GF_00305,5,0.0
Random Forest,GF_00309,5,2.5461489467209664e-06
Random Forest,GF_00310,5,0.0
Random Forest,GF_00311,5,0.0009207610251821
Random Forest,GF_00312,5,9.087301627256882e-05
Random Forest,GF_00313,5,0.002137191323328
Random Forest,GF_00314,5,0.0006106493317669
Random Forest,GF_00315,5,0.0001621119643266
Random Forest,GF_00316,5,0.0104594205618632
Random Forest,GF_00317,5,0.0
Random Forest,GF_00318,5,0.0
Random Forest,GF_00319,5,0.0
Random Forest,GF_00320,5,2.9263845797848897e-05
Random Forest,GF_00321,5,0.0001975140071874
Random Forest,GF_00323,5,0.0010567006011725
Random Forest,GF_00324,5,1.2835072058789984e-05
Random Forest,GF_00325,5,4.396434335980936e-05
Random Forest,GF_00326,5,6.528412109087595e-05
Random Forest,GF_00327,5,0.000388284377115
Random Forest,GF_00329,5,0.0003665181386399
Random Forest,GF_00330,5,0.0006751056198879
Random Forest,GF_00331,5,0.0
Random Forest,GF_00332,5,0.0001292154905967
Random Forest,GF_00333,5,0.0006613567112241
Random Forest,GF_00335,5,7.601189656999968e-06
Random Forest,GF_00336,5,0.0
Random Forest,GF_00338,5,0.0
Random Forest,GF_00339,5,1.6968508554997983e-05
Random Forest,GF_00340,5,0.0001002090908945
Random Forest,GF_00341,5,0.0
Random Forest,GF_00342,5,0.0
Random Forest,GF_00343,5,4.942310545396525e-05
Random Forest,GF_00344,5,0.0003421524569359
Random Forest,GF_00346,5,0.0
Random Forest,GF_00347,5,0.0009327138949444
Random Forest,GF_00348,5,0.0001407747805031
Random Forest,GF_00349,5,0.0
Random Forest,GF_00350,5,0.0
Random Forest,GF_00351,5,0.0025935109109521
Random Forest,GF_00352,5,0.0010864100130799
Random Forest,GF_00353,5,8.279882311422098e-05
Random Forest,GF_00355,5,0.0
Random Forest,GF_00358,5,0.0002218926649247
Random Forest,GF_00360,5,0.0004652027281927
Random Forest,GF_00362,5,0.0211439213629796
Random Forest,GF_00363,5,0.0078328818545885
Random Forest,GF_00364,5,0.0003949080325032
Random Forest,GF_00365,5,0.0
Random Forest,GF_00369,5,6.937140924594664e-05
Random Forest,GF_00381,5,3.84307753341737e-05
Random Forest,GF_00384,5,0.0005053807981473
Random Forest,GF_00385,5,0.0
Random Forest,GF_00386,5,0.0064788929983735
Random Forest,GF_00387,5,0.0
Random Forest,GF_00388,5,0.0
Random Forest,GF_00389,5,2.520510425393573e-05
Random Forest,GF_00390,5,0.0077784887866896
Random Forest,GF_00391,5,0.0016248333353368
Random Forest,GF_00393,5,2.2988013314177805e-05
Random Forest,GF_00394,5,0.0009115656788491
Random Forest,GF_00395,5,0.0003376854269539
Random Forest,GF_00396,5,3.668783495751673e-07
Random Forest,GF_00400,5,0.0001685240088411
Random Forest,GF_00401,5,1.7189077307620836e-05
Random Forest,GF_00402,5,0.0009450862069056
Random Forest,GF_00403,5,0.0
Random Forest,GF_00404,5,0.000141728959999
Random Forest,GF_00405,5,0.0070474064127684
Random Forest,GF_00406,5,0.0232093735346693
Random Forest,GF_00407,5,0.0
Random Forest,GF_00408,5,0.0008609743412731
Random Forest,GF_00409,5,0.0176980921338627
Random Forest,GF_00410,5,0.0
Random Forest,GF_00413,5,6.139919772600596e-05
Random Forest,GF_00414,5,0.0015695718384031
Random Forest,GF_00415,5,0.0004469501777908
Random Forest,GF_00417,5,0.0002462350089471
Random Forest,GF_00418,5,0.0
Random Forest,GF_00419,5,3.606757827139556e-05
Random Forest,GF_00421,5,0.0
Random Forest,GF_00422,5,0.0017642924505158
Random Forest,GF_00424,5,0.0
Random Forest,GF_00426,5,1.7658793904035875e-05
Random Forest,GF_00427,5,0.000465622787198
Random Forest,GF_00428,5,0.0
Random Forest,GF_00429,5,0.000494263126114
Random Forest,GF_00430,5,0.0004528425820014
Random Forest,GF_00431,5,7.365809964762433e-05
Random Forest,GF_00432,5,0.0
Random Forest,GF_00433,5,0.0001155026897063
Random Forest,GF_00434,5,0.0012638259189078
Random Forest,GF_00435,5,0.0003205421939973
Random Forest,GF_00436,5,7.882501640383209e-06
Random Forest,GF_00437,5,0.0018791956567333
Random Forest,GF_00438,5,0.0
Random Forest,GF_00440,5,0.0003059744140628
Random Forest,GF_00441,5,0.000187088389086
Random Forest,GF_00455,5,0.0006921682446777
Random Forest,GF_00457,5,0.0
Random Forest,GF_00458,5,0.0
Random Forest,GF_00471,5,0.0012957889865503
Random Forest,GF_00472,5,0.0075629438264921
Random Forest,GF_00477,5,0.014585376382064
Random Forest,GF_00480,5,0.0
Random Forest,GF_00482,5,0.0001815403335533
Random Forest,GF_00488,5,0.0
Random Forest,GF_00489,5,0.0
Random Forest,GF_00503,5,0.0
Random Forest,GF_00522,5,0.0002457287612977
Random Forest,GF_00523,5,0.0001979565955938
Random Forest,GF_00524,5,0.0019923387077708
Random Forest,GF_00525,5,9.78025508531222e-05
Random Forest,GF_00527,5,6.375845940078282e-05
Random Forest,GF_00528,5,0.0
Random Forest,GF_00529,5,0.0
Random Forest,GF_00530,5,7.904386846502591e-05
Random Forest,GF_00531,5,0.0001199824004747
Random Forest,GF_00536,5,0.0041371005522618
Random Forest,GF_00538,5,0.0
Random Forest,GF_00546,5,0.0
Random Forest,GF_00547,5,0.000192242202678
Random Forest,GF_00548,5,0.0
Random Forest,GF_00549,5,0.0001640490682259
Random Forest,GF_00564,5,0.0007804348324346
Random Forest,GF_00565,5,0.0
Random Forest,GF_00566,5,0.0068910350416888
Random Forest,GF_00569,5,0.0004686067169864
Random Forest,GF_00570,5,0.0
Random Forest,GF_00572,5,1.4589589674895376e-05
Random Forest,GF_00574,5,0.0078514623378909
Random Forest,GF_00578,5,0.0067555998968279
Random Forest,GF_00580,5,0.0005471842452542
Random Forest,GF_00588,5,0.003461321996765
Random Forest,GF_00594,5,0.0003662593728201
Random Forest,GF_00595,5,0.0
Random Forest,GF_00599,5,0.0
Random Forest,GF_00600,5,8.914363740235951e-06
Random Forest,GF_00601,5,0.0
Random Forest,GF_00603,5,0.0009100072648099
Random Forest,GF_00604,5,0.0009471322043273
Random Forest,GF_00605,5,0.0016287514951772
Random Forest,GF_00606,5,0.0005547488115099
Random Forest,GF_00607,5,0.0
Random Forest,GF_00608,5,0.0036909949391193
Random Forest,GF_00609,5,0.0011374087356675
Random Forest,GF_00611,5,0.0
Random Forest,GF_00612,5,0.0005166344796281
Random Forest,GF_00613,5,4.952099139802033e-05
Random Forest,GF_00614,5,7.01649710447343e-05
Random Forest,GF_00615,5,0.0
Random Forest,GF_00616,5,0.0007149045469812
Random Forest,GF_00617,5,0.0005049072767132
Random Forest,GF_00618,5,0.0
Random Forest,GF_00619,5,9.559625591858346e-05
Random Forest,GF_00620,5,0.0
Random Forest,GF_00621,5,0.0002893309190975
Random Forest,GF_00622,5,0.0002029000798749
Random Forest,GF_00623,5,0.0091900995876463
Random Forest,GF_00624,5,0.000793357689626
Random Forest,GF_00632,5,7.310227870499583e-05
Random Forest,GF_00633,5,0.000147130081854
Random Forest,GF_00635,5,0.0
Random Forest,GF_00636,5,0.0006710951666926
Random Forest,GF_00637,5,0.0002355033739146
Random Forest,GF_00638,5,0.0
Random Forest,GF_00640,5,0.0
Random Forest,GF_00641,5,0.0
Random Forest,GF_00642,5,0.0002968493676832
Random Forest,GF_00643,5,0.0135142357098118
Random Forest,GF_00655,5,0.0219570925195187
Random Forest,GF_00658,5,0.0
Random Forest,GF_00659,5,0.0002496936715483
Random Forest,GF_00661,5,0.0001981193213395
Random Forest,GF_00669,5,0.0004728870128296
Random Forest,GF_00676,5,5.202324335345179e-05
Random Forest,GF_00680,5,0.0
Random Forest,GF_00681,5,0.0002052457791895
Random Forest,GF_00682,5,0.0002734590429964
Random Forest,GF_00683,5,0.0
Random Forest,GF_00684,5,0.0
Random Forest,GF_00687,5,0.0007302895516985
Random Forest,GF_00688,5,0.0002465614727925
Random Forest,GF_00695,5,0.0007147371972836
Random Forest,GF_00699,5,0.0
Random Forest,GF_00702,5,0.0004325468236239
Random Forest,GF_00709,5,0.0006985596699947
Random Forest,GF_00722,5,5.564327709821264e-05
Random Forest,GF_00723,5,0.0059961951066639
Random Forest,GF_00724,5,0.0004425665421121
Random Forest,GF_00725,5,0.0102187780340148
Random Forest,GF_00726,5,0.0
Random Forest,GF_00727,5,9.042116243712998e-05
Random Forest,GF_00728,5,0.0001323181264475
Random Forest,GF_00729,5,0.0
Random Forest,GF_00732,5,0.0015933987868848
Random Forest,GF_00736,5,4.856680297390195e-05
Random Forest,GF_00740,5,0.0003735095568081
Random Forest,GF_00741,5,0.0068956001539439
Random Forest,GF_00744,5,0.0
Random Forest,GF_00751,5,0.0
Random Forest,GF_00755,5,0.0
Random Forest,GF_00756,5,0.0001428759611489
Random Forest,GF_00761,5,0.0020601025159692
Random Forest,GF_00771,5,0.0
Random Forest,GF_00773,5,0.0064939721999624
Random Forest,GF_00776,5,0.0
Random Forest,GF_00777,5,0.008328972291846
Random Forest,GF_00785,5,0.0
Random Forest,GF_00796,5,0.0025780897032815
Random Forest,GF_00810,5,0.0
Random Forest,GF_00811,5,1.0141007255545316e-05
Random Forest,GF_00813,5,0.0
Random Forest,GF_00814,5,0.000392123292099
Random Forest,GF_00816,5,0.0
Random Forest,GF_00819,5,1.453568498220893e-06
Random Forest,GF_00828,5,0.0001008101406954
Random Forest,GF_00843,5,0.0
Random Forest,GF_00845,5,0.0
Random Forest,GF_00856,5,0.0016616606009534
Random Forest,GF_00857,5,0.0001872803090049
Random Forest,GF_00860,5,0.0
Random Forest,GF_00864,5,0.0001070717355881
Random Forest,GF_00866,5,0.0006415176514906
Random Forest,GF_00867,5,0.0
Random Forest,GF_00868,5,0.0
Random Forest,GF_00869,5,5.016125731580099e-05
Random Forest,GF_00870,5,0.0
Random Forest,GF_00871,5,0.0
Random Forest,GF_00872,5,0.0
Random Forest,GF_00873,5,0.0008048183701451
Random Forest,GF_00874,5,0.0006130277453023
Random Forest,GF_00887,5,0.0
Random Forest,GF_00888,5,8.884649844355151e-05
Random Forest,GF_00895,5,0.0006739175191681
Random Forest,GF_00916,5,0.0005273042560226
Random Forest,GF_00927,5,0.0
Random Forest,GF_00931,5,0.0
Random Forest,GF_00932,5,0.0
Random Forest,GF_00933,5,0.0005083121867949
Random Forest,GF_00946,5,0.0005209032315927
Random Forest,GF_00947,5,0.0
Random Forest,GF_00949,5,0.0
Random Forest,GF_00957,5,0.0005924893435022
Random Forest,GF_00958,5,0.0
Random Forest,GF_00959,5,0.0010977994932654
Random Forest,GF_00960,5,0.0
Random Forest,GF_00963,5,0.0
Random Forest,GF_00966,5,0.0005370057831754
Random Forest,GF_00968,5,0.0004895138535275
Random Forest,GF_00969,5,0.0246148621161782
Random Forest,GF_00970,5,0.0
Random Forest,GF_00971,5,0.0005349418183896
Random Forest,GF_00972,5,0.0070642061716326
Random Forest,GF_00982,5,0.0001562626978766
Random Forest,GF_01004,5,0.0
Random Forest,GF_01005,5,0.0007291273024908
Random Forest,GF_01012,5,1.743991757012518e-05
Random Forest,GF_01026,5,5.762653108542072e-06
Random Forest,GF_01027,5,0.0180841968679847
Random Forest,GF_01028,5,8.865973391833625e-05
Random Forest,GF_01054,5,0.0009393289192555
Random Forest,GF_01230,5,8.519875532577313e-05
Random Forest,GF_01231,5,0.0
Random Forest,GF_01232,5,0.0
Random Forest,GF_01233,5,3.055016869006172e-05
Random Forest,GF_01234,5,0.0002337561846481
Random Forest,GF_01235,5,6.684298748362424e-05
Random Forest,GF_01236,5,0.0
Random Forest,GF_01237,5,0.0001891183168329
Random Forest,GF_01239,5,2.8124429093064253e-05
Random Forest,GF_01240,5,0.000226941183235
Random Forest,GF_01241,5,0.0006977619681013
Random Forest,GF_01242,5,0.0
Random Forest,GF_01244,5,0.0001867480770918
Random Forest,GF_01245,5,0.0007542159719785
Random Forest,GF_01246,5,0.0
Random Forest,GF_01247,5,0.0
Random Forest,GF_01248,5,0.0232063847191729
Random Forest,GF_01266,5,0.0
Random Forest,GF_01287,5,0.0179926221503348
Random Forest,GF_01290,5,6.302296230757468e-05
Random Forest,GF_01291,5,0.0
Random Forest,GF_01292,5,0.0005341485384053
Random Forest,GF_01293,5,0.0
Random Forest,GF_01297,5,0.0
Random Forest,GF_01306,5,0.0077609324588019
Random Forest,GF_01314,5,2.4799857705351588e-05
Random Forest,GF_01315,5,0.0001016059833862
Random Forest,GF_01327,5,7.983951451123493e-05
Random Forest,GF_01328,5,0.0112798115496362
Random Forest,GF_01329,5,0.0004625217452595
Random Forest,GF_01330,5,3.3907813569771914e-05
Random Forest,GF_01331,5,0.0013452761371948
Random Forest,GF_01332,5,0.0
Random Forest,GF_01333,5,0.0089777244418978
Random Forest,GF_01334,5,0.0008721649495525
Random Forest,GF_01336,5,0.0006698900000356
Random Forest,GF_01337,5,0.0319426949986785
Random Forest,GF_01338,5,5.4596002826743206e-06
Random Forest,GF_01359,5,0.0
Random Forest,GF_01372,5,0.0075202988659995
Random Forest,GF_01374,5,0.0006096360300199
Random Forest,GF_01375,5,0.00187164729321
Random Forest,GF_01376,5,0.0
Random Forest,GF_01377,5,0.0
Random Forest,GF_01379,5,1.2572533658398256e-05
Random Forest,GF_01381,5,0.0
Random Forest,GF_01382,5,0.0
Random Forest,GF_01383,5,0.0092663580085723
Random Forest,GF_01385,5,0.0
Random Forest,GF_01386,5,0.0416288429481886
Random Forest,GF_01387,5,0.0004693771850636
Random Forest,GF_01390,5,0.0
Random Forest,GF_01391,5,0.0004445218078191
Random Forest,GF_01393,5,0.0004988495966429
Random Forest,GF_01394,5,0.000706977997599
Random Forest,GF_01395,5,0.0002099675951588
Random Forest,GF_01396,5,0.0002775389414641
Random Forest,GF_01397,5,0.0
Random Forest,GF_01399,5,0.0007461346617398
Random Forest,GF_01400,5,0.0003471681484751
Random Forest,GF_01401,5,0.0002289772825711
Random Forest,GF_01404,5,0.0001278894782286
Random Forest,GF_01409,5,0.0
Random Forest,GF_01425,5,0.0011638712008652
Random Forest,GF_01426,5,0.028532952318061
Random Forest,GF_01428,5,0.0
Random Forest,GF_01439,5,0.0015557252956585
Random Forest,GF_01445,5,0.0
Random Forest,GF_01446,5,0.0003504013420184
Random Forest,GF_01447,5,0.0
Random Forest,GF_01448,5,0.0008653310958156
Random Forest,GF_01449,5,0.0
Random Forest,GF_01456,5,0.0004783393676754
Random Forest,GF_01458,5,0.0010568625846054
Random Forest,GF_01460,5,0.0002017627641124
Random Forest,GF_01461,5,0.0
Random Forest,GF_01462,5,0.0083131247427083
Random Forest,GF_01466,5,0.0004319898880582
Random Forest,GF_01476,5,0.0
Random Forest,GF_01477,5,0.0001763568652056
Random Forest,GF_01479,5,0.0
Random Forest,GF_01480,5,0.0
Random Forest,GF_01481,5,0.0
Random Forest,GF_01487,5,0.0138668814424437
Random Forest,GF_01502,5,0.0
Random Forest,GF_01504,5,0.0
Random Forest,GF_01512,5,8.258366725770405e-05
Random Forest,GF_01514,5,0.0002768776567899
Random Forest,GF_01527,5,0.0001330994708658
Random Forest,GF_01534,5,9.925667066056647e-06
Random Forest,GF_01535,5,0.0196362042205958
Random Forest,GF_01536,5,0.0016480254443424
Random Forest,GF_01537,5,6.965925268881684e-05
Random Forest,GF_01538,5,5.615858630118745e-05
Random Forest,GF_01539,5,0.0
Random Forest,GF_01540,5,0.0
Random Forest,GF_01541,5,0.0007820158991592
Random Forest,GF_01542,5,0.0015416531986935
Random Forest,GF_01543,5,0.0269093917205698
Random Forest,GF_01544,5,0.0001374444111307
Random Forest,GF_01547,5,0.0001555300967395
Random Forest,GF_01549,5,0.0001373722646486
Random Forest,GF_01550,5,0.0026116997763614
Random Forest,GF_01552,5,6.724022719679258e-05
Random Forest,GF_01553,5,6.946739236920487e-05
Random Forest,GF_01579,5,0.0
Random Forest,GF_01580,5,0.0009902809362842
Random Forest,GF_01583,5,0.0009147912543632
Random Forest,GF_01584,5,0.0026452374804636
Random Forest,GF_01591,5,0.0059987724444055
Random Forest,GF_01592,5,0.001027550776154
Random Forest,GF_01616,5,0.0
Random Forest,GF_01617,5,0.0001675246892991
Random Forest,GF_01618,5,0.0007428008298888
Random Forest,GF_01619,5,0.0002251965830061
Random Forest,GF_01620,5,0.0005329007773501
Random Forest,GF_01621,5,1.9163089255838857e-05
Random Forest,GF_01623,5,0.0
Random Forest,GF_01625,5,9.81217592334798e-05
Random Forest,GF_01626,5,0.0007402542737691
Random Forest,GF_01627,5,0.0
Random Forest,GF_01628,5,0.0001873259828488
Random Forest,GF_01629,5,0.0007748208792402
Random Forest,GF_01630,5,0.0
Random Forest,GF_01634,5,0.0
Random Forest,GF_01635,5,0.0
Random Forest,GF_01636,5,0.000868400140062
Random Forest,GF_01637,5,0.0008616186832132
Random Forest,GF_01638,5,0.0008563526484655
Random Forest,GF_01639,5,4.28634593027893e-05
Random Forest,GF_01641,5,0.0
Random Forest,GF_01648,5,0.0
Random Forest,GF_01659,5,0.0012537883633553
Random Forest,GF_01661,5,0.0
Random Forest,GF_01672,5,0.0068389353855514
Random Forest,GF_01673,5,0.0010520571448162
Random Forest,GF_01674,5,0.0
Random Forest,GF_01675,5,4.404664360885721e-05
Random Forest,GF_01676,5,0.0002492956060794
Random Forest,GF_01677,5,5.463951147447418e-06
Random Forest,GF_01678,5,0.000216320139404
Random Forest,GF_01679,5,0.0281934305061398
Random Forest,GF_01680,5,0.0010117789969941
Random Forest,GF_01681,5,0.0003042252473395
Random Forest,GF_01683,5,0.0070960687235785
Random Forest,GF_01684,5,6.8416960708091126e-06
Random Forest,GF_01685,5,0.0003693249937222
Random Forest,GF_01688,5,0.0003566035483755
Random Forest,GF_01689,5,0.0002630815900553
Random Forest,GF_01690,5,0.0001050523184781
Random Forest,GF_01691,5,0.0009558680466049
Random Forest,GF_01692,5,0.000224174342154
Random Forest,GF_01693,5,0.0095624750655416
Random Forest,GF_01732,5,0.0018096456696469
Random Forest,GF_01733,5,0.0027056440180405
Random Forest,GF_01734,5,7.514650625177402e-05
Random Forest,GF_01735,5,0.0
Random Forest,GF_01736,5,0.0001090640019098
Random Forest,GF_01737,5,0.0
Random Forest,GF_01741,5,0.0
Random Forest,GF_01742,5,0.0005976100268182
Random Forest,GF_01745,5,0.0001337527539911
Random Forest,GF_01763,5,0.0005865654297698
Random Forest,GF_01783,5,0.0002133369139853
Random Forest,GF_01799,5,0.0
Random Forest,GF_01801,5,0.0
Random Forest,GF_01802,5,0.0
Random Forest,GF_01803,5,0.0
Random Forest,GF_01805,5,0.0
Random Forest,GF_01806,5,0.0001804869193357
Random Forest,GF_01807,5,0.009023408392134
Random Forest,GF_01808,5,0.0014550604316655
Random Forest,GF_01809,5,0.0005492831034558
Random Forest,GF_01810,5,0.0006015572522997
Random Forest,GF_01811,5,0.0062056078541392
Random Forest,GF_01812,5,0.0078285424280928
Random Forest,GF_01813,5,0.0010497176831284
Random Forest,GF_01814,5,0.0
Random Forest,GF_01815,5,0.0
Random Forest,GF_01816,5,3.691661470099322e-05
Random Forest,GF_01818,5,0.0
Random Forest,GF_01819,5,0.0003818553903321
Random Forest,GF_01822,5,0.0002032798200179
Random Forest,GF_01823,5,0.0
Random Forest,GF_01834,5,0.007290955470354
Random Forest,GF_01836,5,6.362560708772238e-05
Random Forest,GF_01837,5,1.2601615670084337e-05
Random Forest,GF_01840,5,0.0010799620538108
Random Forest,GF_01841,5,0.0252339102443706
Random Forest,GF_01842,5,0.0007152207385702
Random Forest,GF_01844,5,0.007559287189316
Random Forest,GF_01856,5,0.0020372185058568
Random Forest,GF_01860,5,0.0079995761783479
Random Forest,GF_01866,5,0.0003565395315973
Random Forest,GF_01870,5,0.0
Random Forest,GF_01872,5,0.0005665821160814
Random Forest,GF_01885,5,6.600480629224694e-05
Random Forest,GF_01897,5,0.0
Random Forest,GF_01898,5,0.0001552589260451
Random Forest,GF_01899,5,0.0
Random Forest,GF_01900,5,0.0
Random Forest,GF_01901,5,6.755669937268779e-05
Random Forest,GF_01902,5,0.0018824377857514
Random Forest,GF_01904,5,3.214974664431326e-05
Random Forest,GF_01919,5,0.0
Random Forest,GF_01921,5,0.0
Random Forest,GF_01923,5,0.0
Random Forest,GF_01925,5,0.0002272529620264
Random Forest,GF_01926,5,0.0001375722053472
Random Forest,GF_01927,5,0.0
Random Forest,GF_01928,5,0.0015658000567215
Random Forest,GF_01929,5,0.0001623158223284
Random Forest,GF_01930,5,0.0041720043716479
Random Forest,GF_01945,5,0.0
Random Forest,GF_02041,5,0.0001890110700869
Random Forest,GF_02059,5,5.349624370511018e-05
Random Forest,GF_02060,5,6.147882659896969e-05
Random Forest,GF_02069,5,0.0134529471254664
Random Forest,GF_02070,5,0.0005035807547626
Random Forest,GF_02071,5,0.0104678587320722
Random Forest,GF_02072,5,0.0004252429329064
Random Forest,GF_02074,5,1.0124113166719985e-05
Random Forest,GF_02075,5,6.313013647229107e-05
Random Forest,GF_02076,5,1.085168392601158e-05
Random Forest,GF_02084,5,0.0005307879917372
Random Forest,GF_02085,5,0.0
Random Forest,GF_02088,5,0.0029027465208968
Random Forest,GF_02089,5,7.874950837651952e-06
Random Forest,GF_02091,5,1.5469345002767075e-05
Random Forest,GF_02092,5,6.121306239664571e-05
Random Forest,GF_02093,5,0.0087786433928214
Random Forest,GF_02094,5,0.0
Random Forest,GF_02101,5,0.0065898076512029
Random Forest,GF_02109,5,5.2530886215506334e-05
Random Forest,GF_02110,5,5.524522962823188e-05
Random Forest,GF_02113,5,0.0
Random Forest,GF_02122,5,0.0
Random Forest,GF_02130,5,0.0009111276209976
Random Forest,GF_02131,5,0.0005278837943971
Random Forest,GF_02132,5,0.000223604513601
Random Forest,GF_02136,5,0.0
Random Forest,GF_02137,5,0.0003529195949901
Random Forest,GF_02138,5,0.0
Random Forest,GF_02139,5,0.0024349697590836
Random Forest,GF_02140,5,0.0026985997421035
Random Forest,GF_02141,5,0.0039199839792582
Random Forest,GF_02142,5,1.184902456598694e-05
Random Forest,GF_02143,5,0.0165682643354419
Random Forest,GF_02145,5,0.000337233305367
Random Forest,GF_02152,5,0.0020618881221649
Random Forest,GF_02157,5,0.0006939982260743
Random Forest,GF_02158,5,0.0
Random Forest,GF_02159,5,0.0003250049173462
Random Forest,GF_02172,5,0.0001569575509104
Random Forest,GF_02178,5,0.0019344167956849
Random Forest,GF_02180,5,0.0213044863044881
Random Forest,GF_02184,5,0.0001393486007926
Random Forest,GF_02194,5,2.0931272435475756e-05
Random Forest,GF_02215,5,0.0006256667366136
Random Forest,GF_02216,5,4.077158906621607e-05
Random Forest,GF_02217,5,0.0001899995029707
Random Forest,GF_02218,5,0.0
Random Forest,GF_02219,5,0.0
Random Forest,GF_02220,5,0.0019603993556059
Random Forest,GF_02222,5,0.0067737777370556
Random Forest,GF_02223,5,0.0
Random Forest,GF_02224,5,0.0004206649526526
Random Forest,GF_02225,5,0.0001315761253157
Random Forest,GF_02226,5,0.0004223792762495
Random Forest,GF_02227,5,0.0001401783459068
Random Forest,GF_02228,5,0.0002615669192708
Random Forest,GF_02229,5,0.0010246280828714
Random Forest,GF_02230,5,0.0001052638343782
Random Forest,GF_02260,5,0.0016034011366385
Random Forest,GF_02261,5,0.0041635056815507
Random Forest,GF_02262,5,0.0024638648211692
Random Forest,GF_02263,5,0.0001357070040624
Random Forest,GF_02264,5,1.8979770810631e-07
Random Forest,GF_02266,5,0.0015651034243975
Gradient Boosting,GF_00002,1,2.75564479839722e-06
Gradient Boosting,GF_00008,1,9.71710230585639e-08
Gradient Boosting,GF_00011,1,0.0031109388386811
Gradient Boosting,GF_00012,1,0.0
Gradient Boosting,GF_00013,1,0.0
Gradient Boosting,GF_00014,1,1.9126811235726973e-05
Gradient Boosting,GF_00015,1,0.0
Gradient Boosting,GF_00017,1,1.6270738817245914e-07
Gradient Boosting,GF_00018,1,3.327850525010276e-06
Gradient Boosting,GF_00036,1,5.180925218524574e-10
Gradient Boosting,GF_00043,1,0.0011981439179946
Gradient Boosting,GF_00044,1,2.5008213342139485e-05
Gradient Boosting,GF_00046,1,1.6887984115518395e-06
Gradient Boosting,GF_00047,1,8.884997053464521e-05
Gradient Boosting,GF_00048,1,1.5421872537670487e-10
Gradient Boosting,GF_00049,1,3.915026494121998e-06
Gradient Boosting,GF_00051,1,0.0012805546094537
Gradient Boosting,GF_00052,1,0.0
Gradient Boosting,GF_00071,1,0.0
Gradient Boosting,GF_00072,1,0.0003002126855609
Gradient Boosting,GF_00073,1,0.0
Gradient Boosting,GF_00074,1,0.0
Gradient Boosting,GF_00075,1,4.6226639757879734e-08
Gradient Boosting,GF_00076,1,0.0
Gradient Boosting,GF_00077,1,0.0
Gradient Boosting,GF_00078,1,0.0
Gradient Boosting,GF_00079,1,2.239199527065502e-06
Gradient Boosting,GF_00080,1,0.0014167203701621
Gradient Boosting,GF_00081,1,0.0
Gradient Boosting,GF_00082,1,0.0
Gradient Boosting,GF_00083,1,7.61202344610865e-08
Gradient Boosting,GF_00084,1,1.0069152247246051e-06
Gradient Boosting,GF_00085,1,6.616402138734533e-07
Gradient Boosting,GF_00087,1,0.0
Gradient Boosting,GF_00088,1,0.0
Gradient Boosting,GF_00093,1,6.995591727579894e-05
Gradient Boosting,GF_00094,1,4.816006709089279e-07
Gradient Boosting,GF_00104,1,0.0017365855597616
Gradient Boosting,GF_00105,1,1.6498869311337765e-05
Gradient Boosting,GF_00106,1,0.0
Gradient Boosting,GF_00107,1,0.0057606176771367
Gradient Boosting,GF_00108,1,0.0007834887622812
Gradient Boosting,GF_00109,1,0.0
Gradient Boosting,GF_00110,1,2.2572286729169187e-06
Gradient Boosting,GF_00111,1,0.0
Gradient Boosting,GF_00112,1,0.0
Gradient Boosting,GF_00113,1,0.0
Gradient Boosting,GF_00114,1,7.950188522328812e-06
Gradient Boosting,GF_00115,1,4.1444105717395985e-09
Gradient Boosting,GF_00116,1,0.0
Gradient Boosting,GF_00117,1,0.0
Gradient Boosting,GF_00120,1,1.382568414303442e-06
Gradient Boosting,GF_00121,1,0.0
Gradient Boosting,GF_00122,1,1.2800369384383588e-06
Gradient Boosting,GF_00123,1,0.0
Gradient Boosting,GF_00124,1,0.0002550223998518
Gradient Boosting,GF_00125,1,0.0
Gradient Boosting,GF_00136,1,0.0
Gradient Boosting,GF_00137,1,1.6474381874104444e-11
Gradient Boosting,GF_00138,1,0.0
Gradient Boosting,GF_00139,1,0.0
Gradient Boosting,GF_00141,1,2.850171454532664e-07
Gradient Boosting,GF_00142,1,0.0
Gradient Boosting,GF_00143,1,0.0
Gradient Boosting,GF_00155,1,6.016868199257342e-06
Gradient Boosting,GF_00164,1,0.0002134030917518
Gradient Boosting,GF_00170,1,5.1906364867734405e-06
Gradient Boosting,GF_00175,1,0.0020349187120926
Gradient Boosting,GF_00178,1,4.5357092962055866e-05
Gradient Boosting,GF_00179,1,2.0217404571834802e-07
Gradient Boosting,GF_00180,1,1.1982853328567242e-10
Gradient Boosting,GF_00185,1,0.0
Gradient Boosting,GF_00208,1,0.0
Gradient Boosting,GF_00220,1,0.0
Gradient Boosting,GF_00228,1,1.1771092948354825e-07
Gradient Boosting,GF_00229,1,1.4520993124365657e-07
Gradient Boosting,GF_00235,1,2.556161217149924e-07
Gradient Boosting,GF_00244,1,0.0023268310697411
Gradient Boosting,GF_00250,1,0.0
Gradient Boosting,GF_00251,1,1.2166574336942883e-06
Gradient Boosting,GF_00262,1,4.420125079605685e-07
Gradient Boosting,GF_00281,1,0.0
Gradient Boosting,GF_00290,1,0.0
Gradient Boosting,GF_00296,1,0.0021828280301642
Gradient Boosting,GF_00300,1,0.0
Gradient Boosting,GF_00302,1,5.157259054107401e-07
Gradient Boosting,GF_00303,1,6.831858370487038e-08
Gradient Boosting,GF_00305,1,2.704947994232128e-06
Gradient Boosting,GF_00309,1,0.0
Gradient Boosting,GF_00310,1,0.0
Gradient Boosting,GF_00311,1,0.0
Gradient Boosting,GF_00312,1,5.436562335415748e-05
Gradient Boosting,GF_00313,1,2.3525846255817747e-05
Gradient Boosting,GF_00314,1,2.536276354234584e-06
Gradient Boosting,GF_00315,1,1.5105029679243037e-05
Gradient Boosting,GF_00316,1,0.000215842441698
Gradient Boosting,GF_00317,1,4.594719232214207e-05
Gradient Boosting,GF_00318,1,0.0001231932156442
Gradient Boosting,GF_00319,1,0.0
Gradient Boosting,GF_00320,1,2.998622478402642e-05
Gradient Boosting,GF_00321,1,4.668304719000996e-06
Gradient Boosting,GF_00323,1,5.91271699256769e-05
Gradient Boosting,GF_00324,1,9.088276330019349e-08
Gradient Boosting,GF_00325,1,2.560560746053204e-07
Gradient Boosting,GF_00326,1,1.3475385864786457e-05
Gradient Boosting,GF_00327,1,7.111914020582029e-06
Gradient Boosting,GF_00329,1,3.100133426133216e-06
Gradient Boosting,GF_00330,1,0.0019794876955626
Gradient Boosting,GF_00331,1,1.8750701615366326e-07
Gradient Boosting,GF_00332,1,3.942768029793605e-05
Gradient Boosting,GF_00333,1,0.0
Gradient Boosting,GF_00335,1,0.0048788400339242
Gradient Boosting,GF_00336,1,0.0008674780499282
Gradient Boosting,GF_00338,1,2.5882747634737008e-05
Gradient Boosting,GF_00339,1,5.220118034622195e-06
Gradient Boosting,GF_00340,1,0.0032058764326303
Gradient Boosting,GF_00341,1,3.251794758597528e-05
Gradient Boosting,GF_00342,1,1.3160066123500126e-05
Gradient Boosting,GF_00343,1,0.0
Gradient Boosting,GF_00344,1,1.8330355974153648e-06
Gradient Boosting,GF_00346,1,3.489498293152112e-06
Gradient Boosting,GF_00347,1,5.053605798158588e-09
Gradient Boosting,GF_00348,1,4.0080787234631245e-05
Gradient Boosting,GF_00349,1,0.0006586936835701
Gradient Boosting,GF_00350,1,5.141109013894702e-07
Gradient Boosting,GF_00351,1,6.38148131381006e-08
Gradient Boosting,GF_00352,1,2.99580234854847e-05
Gradient Boosting,GF_00353,1,1.6705086069443525e-07
Gradient Boosting,GF_00355,1,1.187790342318025e-05
Gradient Boosting,GF_00358,1,5.0511765326540754e-08
Gradient Boosting,GF_00360,1,2.4485890401389013e-05
Gradient Boosting,GF_00362,1,0.0080060871986204
Gradient Boosting,GF_00363,1,1.5537943279328017e-07
Gradient Boosting,GF_00364,1,0.0
Gradient Boosting,GF_00365,1,4.0593965246865436e-11
Gradient Boosting,GF_00369,1,1.4263236180177795e-08
Gradient Boosting,GF_00381,1,2.175030836389476e-05
Gradient Boosting,GF_00384,1,0.0
Gradient Boosting,GF_00385,1,5.6616306602762436e-08
Gradient Boosting,GF_00386,1,1.628271274200026e-09
Gradient Boosting,GF_00387,1,1.0456276641842968e-05
Gradient Boosting,GF_00388,1,0.0
Gradient Boosting,GF_00389,1,6.165435804347744e-08
Gradient Boosting,GF_00390,1,8.555233355075367e-07
Gradient Boosting,GF_00391,1,6.669556435929505e-06
Gradient Boosting,GF_00393,1,9.521775181502778e-07
Gradient Boosting,GF_00394,1,1.1475823417445437e-06
Gradient Boosting,GF_00395,1,1.73877645927261e-07
Gradient Boosting,GF_00396,1,0.0
Gradient Boosting,GF_00400,1,6.916727035683607e-06
Gradient Boosting,GF_00401,1,0.0006210674265416
Gradient Boosting,GF_00402,1,0.0217797999139121
Gradient Boosting,GF_00403,1,0.0
Gradient Boosting,GF_00404,1,0.0005753258639846
Gradient Boosting,GF_00405,1,0.0001319797613486
Gradient Boosting,GF_00406,1,1.957097479142643e-05
Gradient Boosting,GF_00407,1,0.0
Gradient Boosting,GF_00408,1,0.0
Gradient Boosting,GF_00409,1,3.9369252174749404e-14
Gradient Boosting,GF_00410,1,7.905077415249378e-11
Gradient Boosting,GF_00413,1,0.0
Gradient Boosting,GF_00414,1,7.849816912817181e-05
Gradient Boosting,GF_00415,1,3.6159270481915065e-07
Gradient Boosting,GF_00417,1,0.0
Gradient Boosting,GF_00418,1,0.0
Gradient Boosting,GF_00419,1,4.5699522880216044e-06
Gradient Boosting,GF_00421,1,1.3440511737402767e-06
Gradient Boosting,GF_00422,1,4.041045699240072e-07
Gradient Boosting,GF_00424,1,0.0107391719702217
Gradient Boosting,GF_00426,1,0.0014456644315398
Gradient Boosting,GF_00427,1,0.0
Gradient Boosting,GF_00428,1,0.0
Gradient Boosting,GF_00429,1,0.0
Gradient Boosting,GF_00430,1,5.877348410582614e-07
Gradient Boosting,GF_00431,1,0.0003699140824686
Gradient Boosting,GF_00432,1,0.0
Gradient Boosting,GF_00433,1,0.0
Gradient Boosting,GF_00434,1,6.4898397187353936e-06
Gradient Boosting,GF_00435,1,0.0
Gradient Boosting,GF_00436,1,0.0
Gradient Boosting,GF_00437,1,0.0023495123545976
Gradient Boosting,GF_00438,1,7.224614876393437e-05
Gradient Boosting,GF_00440,1,7.1129362882857945e-06
Gradient Boosting,GF_00441,1,0.0
Gradient Boosting,GF_00455,1,0.0135931796395833
Gradient Boosting,GF_00457,1,1.8023435851325585e-05
Gradient Boosting,GF_00458,1,2.219134560763619e-05
Gradient Boosting,GF_00471,1,3.9745240857769655e-05
Gradient Boosting,GF_00472,1,7.058305654131258e-06
Gradient Boosting,GF_00477,1,1.4910626932829044e-05
Gradient Boosting,GF_00480,1,0.0
Gradient Boosting,GF_00482,1,0.0
Gradient Boosting,GF_00488,1,2.8695839539620504e-06
Gradient Boosting,GF_00489,1,2.3267955728887878e-07
Gradient Boosting,GF_00503,1,3.8262221079036273e-07
Gradient Boosting,GF_00522,1,0.0
Gradient Boosting,GF_00523,1,2.927008509303324e-05
Gradient Boosting,GF_00524,1,8.61216011337304e-06
Gradient Boosting,GF_00525,1,7.95745222005859e-06
Gradient Boosting,GF_00527,1,0.0
Gradient Boosting,GF_00528,1,5.1765982788919795e-09
Gradient Boosting,GF_00529,1,6.865764012654127e-09
Gradient Boosting,GF_00530,1,0.0
Gradient Boosting,GF_00531,1,0.0015109425308799
Gradient Boosting,GF_00536,1,5.338792760439897e-07
Gradient Boosting,GF_00538,1,0.0014927255816794
Gradient Boosting,GF_00546,1,0.0010643383969781
Gradient Boosting,GF_00547,1,2.721090145295136e-05
Gradient Boosting,GF_00548,1,0.0
Gradient Boosting,GF_00549,1,1.252012521344886e-05
Gradient Boosting,GF_00564,1,5.960314882680396e-07
Gradient Boosting,GF_00565,1,2.030172569680221e-05
Gradient Boosting,GF_00566,1,0.00018934588573
Gradient Boosting,GF_00569,1,1.5634371576864689e-06
Gradient Boosting,GF_00570,1,8.790814767345939e-08
Gradient Boosting,GF_00572,1,0.0001473566955097
Gradient Boosting,GF_00574,1,1.2231095992724024e-07
Gradient Boosting,GF_00578,1,0.0
Gradient Boosting,GF_00580,1,2.691590026302928e-05
Gradient Boosting,GF_00588,1,0.0
Gradient Boosting,GF_00594,1,0.0013461265427741
Gradient Boosting,GF_00595,1,0.0028371340748278
Gradient Boosting,GF_00599,1,0.0011605733328439
Gradient Boosting,GF_00600,1,4.78691202433929e-07
Gradient Boosting,GF_00601,1,0.0
Gradient Boosting,GF_00603,1,1.4600693698227044e-05
Gradient Boosting,GF_00604,1,0.0015159761282569
Gradient Boosting,GF_00605,1,6.018225921988612e-05
Gradient Boosting,GF_00606,1,1.453570164722739e-07
Gradient Boosting,GF_00607,1,9.071569331348457e-08
Gradient Boosting,GF_00608,1,0.0002050805267101
Gradient Boosting,GF_00609,1,0.0
Gradient Boosting,GF_00611,1,1.0216105921992386e-05
Gradient Boosting,GF_00612,1,1.7507531123606086e-06
Gradient Boosting,GF_00613,1,4.824811251571094e-05
Gradient Boosting,GF_00614,1,0.000271064258335
Gradient Boosting,GF_00615,1,1.959193229866859e-05
Gradient Boosting,GF_00616,1,1.73445932177457e-06
Gradient Boosting,GF_00617,1,0.0012916971040228
Gradient Boosting,GF_00618,1,1.0781071045569789e-08
Gradient Boosting,GF_00619,1,1.0481781021488128e-05
Gradient Boosting,GF_00620,1,0.0
Gradient Boosting,GF_00621,1,0.0
Gradient Boosting,GF_00622,1,0.0988857841825355
Gradient Boosting,GF_00623,1,7.183722092065564e-09
Gradient Boosting,GF_00624,1,0.0
Gradient Boosting,GF_00632,1,4.396245217254637e-05
Gradient Boosting,GF_00633,1,7.506579387709668e-09
Gradient Boosting,GF_00635,1,3.005579885713337e-09
Gradient Boosting,GF_00636,1,0.0
Gradient Boosting,GF_00637,1,5.3108933991877146e-05
Gradient Boosting,GF_00638,1,0.0
Gradient Boosting,GF_00640,1,3.400875602101968e-07
Gradient Boosting,GF_00641,1,0.0
Gradient Boosting,GF_00642,1,5.874048439375762e-07
Gradient Boosting,GF_00643,1,7.834203851115063e-07
Gradient Boosting,GF_00655,1,2.9869892116025145e-08
Gradient Boosting,GF_00658,1,8.678737547114827e-06
Gradient Boosting,GF_00659,1,7.354500697024774e-05
Gradient Boosting,GF_00661,1,3.824474615602368e-08
Gradient Boosting,GF_00669,1,0.0
Gradient Boosting,GF_00676,1,3.053875701389004e-05
Gradient Boosting,GF_00680,1,0.0
Gradient Boosting,GF_00681,1,5.453295652830007e-05
Gradient Boosting,GF_00682,1,5.287169150212962e-06
Gradient Boosting,GF_00683,1,5.104257849603245e-08
Gradient Boosting,GF_00684,1,1.1440288017827577e-06
Gradient Boosting,GF_00687,1,6.326587758962122e-08
Gradient Boosting,GF_00688,1,7.618132958368428e-06
Gradient Boosting,GF_00695,1,2.5771462238817652e-08
Gradient Boosting,GF_00699,1,0.0
Gradient Boosting,GF_00702,1,2.559279209957279e-05
Gradient Boosting,GF_00709,1,3.166523920778961e-07
Gradient Boosting,GF_00722,1,0.0278552698881463
Gradient Boosting,GF_00723,1,0.0
Gradient Boosting,GF_00724,1,9.105882791034492e-06
Gradient Boosting,GF_00725,1,2.3618618441644446e-07
Gradient Boosting,GF_00726,1,2.7247884476347104e-06
Gradient Boosting,GF_00727,1,3.351296169132676e-06
Gradient Boosting,GF_00728,1,1.4915128114098253e-06
Gradient Boosting,GF_00729,1,0.0008497246831325
Gradient Boosting,GF_00732,1,1.6790401207688488e-06
Gradient Boosting,GF_00736,1,0.0
Gradient Boosting,GF_00740,1,5.370688306270648e-06
Gradient Boosting,GF_00741,1,0.0
Gradient Boosting,GF_00744,1,1.508975620529447e-06
Gradient Boosting,GF_00751,1,1.50958673508202e-05
Gradient Boosting,GF_00755,1,0.0002357794626548
Gradient Boosting,GF_00756,1,3.9189576107948456e-05
Gradient Boosting,GF_00761,1,0.0
Gradient Boosting,GF_00771,1,0.0001476522125769
Gradient Boosting,GF_00773,1,5.708374642993699e-10
Gradient Boosting,GF_00776,1,4.2217368278006413e-07
Gradient Boosting,GF_00777,1,0.0
Gradient Boosting,GF_00785,1,0.0
Gradient Boosting,GF_00796,1,0.0002108278634873
Gradient Boosting,GF_00810,1,1.6997655155561184e-06
Gradient Boosting,GF_00811,1,7.55586954550912e-05
Gradient Boosting,GF_00813,1,1.6828151472439208e-05
Gradient Boosting,GF_00814,1,0.0
Gradient Boosting,GF_00816,1,0.0
Gradient Boosting,GF_00819,1,2.461416240620936e-10
Gradient Boosting,GF_00828,1,9.084515993445132e-05
Gradient Boosting,GF_00843,1,6.7099365488593775e-06
Gradient Boosting,GF_00845,1,0.0
Gradient Boosting,GF_00856,1,2.1147373472405128e-05
Gradient Boosting,GF_00857,1,0.0006717342691607
Gradient Boosting,GF_00860,1,0.0
Gradient Boosting,GF_00864,1,5.766351506108127e-07
Gradient Boosting,GF_00866,1,0.0
Gradient Boosting,GF_00867,1,0.0
Gradient Boosting,GF_00868,1,0.0
Gradient Boosting,GF_00869,1,4.7254924805376685e-09
Gradient Boosting,GF_00870,1,0.0
Gradient Boosting,GF_00871,1,0.0002501032027379
Gradient Boosting,GF_00872,1,0.0
Gradient Boosting,GF_00873,1,3.922066520787245e-05
Gradient Boosting,GF_00874,1,0.0003730727255055
Gradient Boosting,GF_00887,1,0.0182455897091978
Gradient Boosting,GF_00888,1,0.0020757727087924
Gradient Boosting,GF_00895,1,9.810563593435196e-11
Gradient Boosting,GF_00916,1,1.2984152777474369e-06
Gradient Boosting,GF_00927,1,0.0
Gradient Boosting,GF_00931,1,0.002968746575994
Gradient Boosting,GF_00932,1,0.0
Gradient Boosting,GF_00933,1,5.238850839849208e-05
Gradient Boosting,GF_00946,1,3.712340453030592e-05
Gradient Boosting,GF_00947,1,0.0
Gradient Boosting,GF_00949,1,2.3571289356368361e-07
Gradient Boosting,GF_00957,1,0.0004443218723847
Gradient Boosting,GF_00958,1,1.105340061201626e-05
Gradient Boosting,GF_00959,1,1.0546446573455963e-08
Gradient Boosting,GF_00960,1,3.748793935524335e-06
Gradient Boosting,GF_00963,1,0.0
Gradient Boosting,GF_00966,1,0.0
Gradient Boosting,GF_00968,1,4.272244012520008e-09
Gradient Boosting,GF_00969,1,1.552304463796746e-08
Gradient Boosting,GF_00970,1,2.030912998427566e-09
Gradient Boosting,GF_00971,1,4.263505984155585e-07
Gradient Boosting,GF_00972,1,8.47460362426919e-05
Gradient Boosting,GF_00982,1,0.0002213853899203
Gradient Boosting,GF_01004,1,0.0
Gradient Boosting,GF_01005,1,3.3926790952414563e-06
Gradient Boosting,GF_01012,1,8.893421786325923e-10
Gradient Boosting,GF_01026,1,0.0
Gradient Boosting,GF_01027,1,0.0013224251526473
Gradient Boosting,GF_01028,1,1.7857795346349395e-06
Gradient Boosting,GF_01054,1,0.0383308526734591
Gradient Boosting,GF_01230,1,2.540256706582335e-05
Gradient Boosting,GF_01231,1,3.866227832565177e-05
Gradient Boosting,GF_01232,1,1.4305496851225684e-05
Gradient Boosting,GF_01233,1,0.00463911297993
Gradient Boosting,GF_01234,1,2.186490077232232e-08
Gradient Boosting,GF_01235,1,0.0
Gradient Boosting,GF_01236,1,5.728703064561405e-05
Gradient Boosting,GF_01237,1,5.458434931029103e-07
Gradient Boosting,GF_01239,1,1.6598476654967577e-05
Gradient Boosting,GF_01240,1,0.0
Gradient Boosting,GF_01241,1,3.4438460625371514e-06
Gradient Boosting,GF_01242,1,0.0
Gradient Boosting,GF_01244,1,8.54583672408439e-05
Gradient Boosting,GF_01245,1,7.59885880997151e-05
Gradient Boosting,GF_01246,1,2.310724677835648e-06
Gradient Boosting,GF_01247,1,0.0
Gradient Boosting,GF_01248,1,0.0
Gradient Boosting,GF_01266,1,0.0
Gradient Boosting,GF_01287,1,1.354881450060649e-06
Gradient Boosting,GF_01290,1,0.0
Gradient Boosting,GF_01291,1,0.0
Gradient Boosting,GF_01292,1,1.1039095418459149e-05
Gradient Boosting,GF_01293,1,0.0
Gradient Boosting,GF_01297,1,0.0
Gradient Boosting,GF_01306,1,0.0001209325982113
Gradient Boosting,GF_01314,1,0.0033244170994047
Gradient Boosting,GF_01315,1,0.0
Gradient Boosting,GF_01327,1,2.1329933137143201e-07
Gradient Boosting,GF_01328,1,0.0064179480689078
Gradient Boosting,GF_01329,1,0.0008153550041474
Gradient Boosting,GF_01330,1,2.309675472000491e-08
Gradient Boosting,GF_01331,1,0.0018933896086039
Gradient Boosting,GF_01332,1,9.519288663761228e-05
Gradient Boosting,GF_01333,1,1.0485177774114512e-07
Gradient Boosting,GF_01334,1,0.0
Gradient Boosting,GF_01336,1,6.213397750510795e-07
Gradient Boosting,GF_01337,1,0.0001251408251722
Gradient Boosting,GF_01338,1,4.692622254941999e-07
Gradient Boosting,GF_01359,1,0.0
Gradient Boosting,GF_01372,1,0.0023450813863407
Gradient Boosting,GF_01374,1,5.8560396419789254e-08
Gradient Boosting,GF_01375,1,1.0820999656901541e-07
Gradient Boosting,GF_01376,1,9.291855759715333e-08
Gradient Boosting,GF_01377,1,2.1140850210127322e-15
Gradient Boosting,GF_01379,1,5.37655166053802e-05
Gradient Boosting,GF_01381,1,0.0004102507464378
Gradient Boosting,GF_01382,1,0.0003683966154889
Gradient Boosting,GF_01383,1,0.0002471352898324
Gradient Boosting,GF_01385,1,0.0
Gradient Boosting,GF_01386,1,0.0002809986659032
Gradient Boosting,GF_01387,1,0.0002263165860263
Gradient Boosting,GF_01390,1,9.708973548426033e-09
Gradient Boosting,GF_01391,1,1.1319831817425936e-06
Gradient Boosting,GF_01393,1,0.0
Gradient Boosting,GF_01394,1,1.9054024156653416e-06
Gradient Boosting,GF_01395,1,7.479294312402494e-06
Gradient Boosting,GF_01396,1,9.519415936944697e-06
Gradient Boosting,GF_01397,1,3.6946599159166405e-09
Gradient Boosting,GF_01399,1,1.491046182162438e-06
Gradient Boosting,GF_01400,1,5.546179179881409e-05
Gradient Boosting,GF_01401,1,6.515794486766728e-06
Gradient Boosting,GF_01404,1,4.3989834254153777e-08
Gradient Boosting,GF_01409,1,7.70722833755001e-08
Gradient Boosting,GF_01425,1,3.4649858788217703e-06
Gradient Boosting,GF_01426,1,0.5083163810029635
Gradient Boosting,GF_01428,1,0.0009111442339482
Gradient Boosting,GF_01439,1,0.0
Gradient Boosting,GF_01445,1,9.310304962365904e-07
Gradient Boosting,GF_01446,1,3.5863802039006734e-05
Gradient Boosting,GF_01447,1,8.498214760581922e-08
Gradient Boosting,GF_01448,1,3.467080811525464e-07
Gradient Boosting,GF_01449,1,0.0
Gradient Boosting,GF_01456,1,3.793977136938389e-06
Gradient Boosting,GF_01458,1,0.0
Gradient Boosting,GF_01460,1,1.510736135442862e-06
Gradient Boosting,GF_01461,1,6.779696545577564e-07
Gradient Boosting,GF_01462,1,0.0271791165691986
Gradient Boosting,GF_01466,1,1.653506838237462e-07
Gradient Boosting,GF_01476,1,1.5677731588175498e-07
Gradient Boosting,GF_01477,1,0.0
Gradient Boosting,GF_01479,1,5.386801268633334e-07
Gradient Boosting,GF_01480,1,0.0081989498183945
Gradient Boosting,GF_01481,1,1.4012173619901465e-08
Gradient Boosting,GF_01487,1,1.5657884277268434e-06
Gradient Boosting,GF_01502,1,0.0
Gradient Boosting,GF_01504,1,7.621930551733453e-06
Gradient Boosting,GF_01512,1,0.0006331099247058
Gradient Boosting,GF_01514,1,0.0003166229433982
Gradient Boosting,GF_01527,1,0.0004562051881977
Gradient Boosting,GF_01534,1,0.0
Gradient Boosting,GF_01535,1,3.3701197209865656e-06
Gradient Boosting,GF_01536,1,0.0
Gradient Boosting,GF_01537,1,5.178867273493778e-07
Gradient Boosting,GF_01538,1,5.52006516460749e-09
Gradient Boosting,GF_01539,1,1.14960310684566e-06
Gradient Boosting,GF_01540,1,0.000636756920355
Gradient Boosting,GF_01541,1,0.0008520362479167
Gradient Boosting,GF_01542,1,7.939442020726371e-05
Gradient Boosting,GF_01543,1,0.0
Gradient Boosting,GF_01544,1,1.7979919924401843e-06
Gradient Boosting,GF_01547,1,0.0
Gradient Boosting,GF_01549,1,0.0
Gradient Boosting,GF_01550,1,0.000137427507567
Gradient Boosting,GF_01552,1,0.0001850551423228
Gradient Boosting,GF_01553,1,3.107453702534896e-05
Gradient Boosting,GF_01579,1,0.0
Gradient Boosting,GF_01580,1,0.0014814057067378
Gradient Boosting,GF_01583,1,0.0002030537551609
Gradient Boosting,GF_01584,1,0.0183881936877622
Gradient Boosting,GF_01591,1,7.732946529101465e-07
Gradient Boosting,GF_01592,1,1.888578612231872e-05
Gradient Boosting,GF_01616,1,5.910080489752862e-08
Gradient Boosting,GF_01617,1,1.2805766039899498e-07
Gradient Boosting,GF_01618,1,0.0003664305955721
Gradient Boosting,GF_01619,1,6.929236335337036e-06
Gradient Boosting,GF_01620,1,0.0
Gradient Boosting,GF_01621,1,0.0
Gradient Boosting,GF_01623,1,0.0
Gradient Boosting,GF_01625,1,0.0
Gradient Boosting,GF_01626,1,1.74517173164848e-05
Gradient Boosting,GF_01627,1,0.0016312944686143
Gradient Boosting,GF_01628,1,7.509282901820957e-05
Gradient Boosting,GF_01629,1,0.0
Gradient Boosting,GF_01630,1,0.0012965892575563
Gradient Boosting,GF_01634,1,0.0
Gradient Boosting,GF_01635,1,0.0
Gradient Boosting,GF_01636,1,1.6824824553663788e-06
Gradient Boosting,GF_01637,1,1.6501985725507031e-06
Gradient Boosting,GF_01638,1,4.0278527965640935e-09
Gradient Boosting,GF_01639,1,0.0
Gradient Boosting,GF_01641,1,0.0003442715524706
Gradient Boosting,GF_01648,1,1.18307127106334e-07
Gradient Boosting,GF_01659,1,0.0085869456625391
Gradient Boosting,GF_01661,1,1.9913468158266114e-06
Gradient Boosting,GF_01672,1,2.598628772143896e-06
Gradient Boosting,GF_01673,1,3.019245959432673e-05
Gradient Boosting,GF_01674,1,0.0001468322801873
Gradient Boosting,GF_01675,1,7.395628550419475e-08
Gradient Boosting,GF_01676,1,2.8324401986845135e-07
Gradient Boosting,GF_01677,1,3.3958929240337334e-08
Gradient Boosting,GF_01678,1,1.0887665149576613e-07
Gradient Boosting,GF_01679,1,0.0
Gradient Boosting,GF_01680,1,1.2345941196236324e-05
Gradient Boosting,GF_01681,1,0.0
Gradient Boosting,GF_01683,1,0.0
Gradient Boosting,GF_01684,1,0.0010669974809145
Gradient Boosting,GF_01685,1,0.0
Gradient Boosting,GF_01688,1,6.917000628807129e-05
Gradient Boosting,GF_01689,1,1.6036593420273617e-08
Gradient Boosting,GF_01690,1,1.4973090096106384e-07
Gradient Boosting,GF_01691,1,2.5983000384547437e-06
Gradient Boosting,GF_01692,1,0.0
Gradient Boosting,GF_01693,1,5.4857916230866e-08
Gradient Boosting,GF_01732,1,0.0009656533779436
Gradient Boosting,GF_01733,1,0.0001240928299786
Gradient Boosting,GF_01734,1,1.5995451023389543e-05
Gradient Boosting,GF_01735,1,7.464361314463401e-10
Gradient Boosting,GF_01736,1,1.2340050343578682e-05
Gradient Boosting,GF_01737,1,0.0
Gradient Boosting,GF_01741,1,4.820779717208527e-06
Gradient Boosting,GF_01742,1,0.0010436826061843
Gradient Boosting,GF_01745,1,0.0
Gradient Boosting,GF_01763,1,6.2669563654032735e-06
Gradient Boosting,GF_01783,1,0.0143081474887088
Gradient Boosting,GF_01799,1,3.550852069887904e-06
Gradient Boosting,GF_01801,1,0.0
Gradient Boosting,GF_01802,1,1.5704741286930205e-07
Gradient Boosting,GF_01803,1,0.0
Gradient Boosting,GF_01805,1,0.0
Gradient Boosting,GF_01806,1,8.513868782380965e-07
Gradient Boosting,GF_01807,1,1.4560057284728284e-05
Gradient Boosting,GF_01808,1,1.0535670028876858e-06
Gradient Boosting,GF_01809,1,1.1386592064220442e-05
Gradient Boosting,GF_01810,1,2.3034390546040154e-10
Gradient Boosting,GF_01811,1,0.0
Gradient Boosting,GF_01812,1,4.662077943444931e-07
Gradient Boosting,GF_01813,1,0.0
Gradient Boosting,GF_01814,1,0.0
Gradient Boosting,GF_01815,1,0.0
Gradient Boosting,GF_01816,1,5.275338395674095e-06
Gradient Boosting,GF_01818,1,1.7763258704962843e-05
Gradient Boosting,GF_01819,1,0.0
Gradient Boosting,GF_01822,1,8.076764071782203e-07
Gradient Boosting,GF_01823,1,7.863641202240791e-06
Gradient Boosting,GF_01834,1,0.0122624692902445
Gradient Boosting,GF_01836,1,1.1967738092736214e-05
Gradient Boosting,GF_01837,1,2.221022261745566e-07
Gradient Boosting,GF_01840,1,0.0
Gradient Boosting,GF_01841,1,0.0
Gradient Boosting,GF_01842,1,0.0
Gradient Boosting,GF_01844,1,0.0
Gradient Boosting,GF_01856,1,0.0002486138105589
Gradient Boosting,GF_01860,1,0.000187413003495
Gradient Boosting,GF_01866,1,0.0
Gradient Boosting,GF_01870,1,7.002643013928607e-07
Gradient Boosting,GF_01872,1,0.0
Gradient Boosting,GF_01885,1,0.0
Gradient Boosting,GF_01897,1,9.918488953884467e-05
Gradient Boosting,GF_01898,1,1.1023930598478672e-06
Gradient Boosting,GF_01899,1,0.0
Gradient Boosting,GF_01900,1,2.422024348583801e-11
Gradient Boosting,GF_01901,1,0.0
Gradient Boosting,GF_01902,1,4.719548903578397e-12
Gradient Boosting,GF_01904,1,0.0027721872054613
Gradient Boosting,GF_01919,1,5.5136773849016146e-08
Gradient Boosting,GF_01921,1,1.858591754989482e-08
Gradient Boosting,GF_01923,1,0.0
Gradient Boosting,GF_01925,1,4.990993093054615e-06
Gradient Boosting,GF_01926,1,1.153824243038169e-07
Gradient Boosting,GF_01927,1,1.4202512911004846e-05
Gradient Boosting,GF_01928,1,5.369719337963438e-07
Gradient Boosting,GF_01929,1,0.0021272110969275
Gradient Boosting,GF_01930,1,0.0
Gradient Boosting,GF_01945,1,0.0
Gradient Boosting,GF_02041,1,0.0003915784055092
Gradient Boosting,GF_02059,1,1.5494511539469584e-07
Gradient Boosting,GF_02060,1,0.0
Gradient Boosting,GF_02069,1,4.794500414861899e-07
Gradient Boosting,GF_02070,1,1.5974203424282076e-06
Gradient Boosting,GF_02071,1,0.0014629154354309
Gradient Boosting,GF_02072,1,6.796342563688678e-07
Gradient Boosting,GF_02074,1,2.386379284274237e-08
Gradient Boosting,GF_02075,1,1.6725736215891023e-06
Gradient Boosting,GF_02076,1,1.57717465686225e-06
Gradient Boosting,GF_02084,1,4.779016528059772e-06
Gradient Boosting,GF_02085,1,3.738669152474751e-09
Gradient Boosting,GF_02088,1,2.587166506548862e-07
Gradient Boosting,GF_02089,1,5.403372058414966e-06
Gradient Boosting,GF_02091,1,0.0011763551038232
Gradient Boosting,GF_02092,1,0.0003456394389102
Gradient Boosting,GF_02093,1,9.662458162874033e-07
Gradient Boosting,GF_02094,1,0.0
Gradient Boosting,GF_02101,1,0.0
Gradient Boosting,GF_02109,1,0.0015341142377936
Gradient Boosting,GF_02110,1,2.0689793372799677e-08
Gradient Boosting,GF_02113,1,4.1525488918038903e-10
Gradient Boosting,GF_02122,1,0.0007753000284406
Gradient Boosting,GF_02130,1,0.0
Gradient Boosting,GF_02131,1,7.0437088796785154e-06
Gradient Boosting,GF_02132,1,0.0001792395308065
Gradient Boosting,GF_02136,1,0.0
Gradient Boosting,GF_02137,1,6.568736035266937e-07
Gradient Boosting,GF_02138,1,4.881408792645344e-05
Gradient Boosting,GF_02139,1,1.8974495193881295e-06
Gradient Boosting,GF_02140,1,1.5429453725002216e-07
Gradient Boosting,GF_02141,1,3.556620551880688e-06
Gradient Boosting,GF_02142,1,2.0104906806995937e-05
Gradient Boosting,GF_02143,1,4.8277229498114725e-08
Gradient Boosting,GF_02145,1,0.0045341956189963
Gradient Boosting,GF_02152,1,0.0
Gradient Boosting,GF_02157,1,3.155526525948225e-07
Gradient Boosting,GF_02158,1,0.0
Gradient Boosting,GF_02159,1,0.0
Gradient Boosting,GF_02172,1,0.0
Gradient Boosting,GF_02178,1,8.025686646156875e-06
Gradient Boosting,GF_02180,1,0.0379746979057856
Gradient Boosting,GF_02184,1,5.872824997469967e-10
Gradient Boosting,GF_02194,1,2.1647490205378667e-10
Gradient Boosting,GF_02215,1,0.0
Gradient Boosting,GF_02216,1,0.0029160091650345
Gradient Boosting,GF_02217,1,3.0382623822870043e-06
Gradient Boosting,GF_02218,1,2.9385341721030352e-05
Gradient Boosting,GF_02219,1,0.0011702352907245
Gradient Boosting,GF_02220,1,4.186732250416587e-08
Gradient Boosting,GF_02222,1,0.0
Gradient Boosting,GF_02223,1,3.3778655917025576e-08
Gradient Boosting,GF_02224,1,0.0
Gradient Boosting,GF_02225,1,1.4029967063596493e-08
Gradient Boosting,GF_02226,1,1.0893983721713043e-05
Gradient Boosting,GF_02227,1,3.556130394154432e-05
Gradient Boosting,GF_02228,1,5.396354086785816e-06
Gradient Boosting,GF_02229,1,8.347866822056055e-06
Gradient Boosting,GF_02230,1,0.000215114731403
Gradient Boosting,GF_02260,1,1.47395810515354e-05
Gradient Boosting,GF_02261,1,5.374387144684382e-05
Gradient Boosting,GF_02262,1,0.0009229090428516
Gradient Boosting,GF_02263,1,0.0057630988853125
Gradient Boosting,GF_02264,1,1.438987165287708e-05
Gradient Boosting,GF_02266,1,2.791505157920267e-09
Gradient Boosting,GF_00002,2,5.358385036523395e-10
Gradient Boosting,GF_00008,2,2.0743971733410076e-08
Gradient Boosting,GF_00011,2,0.0005386515801708
Gradient Boosting,GF_00012,2,3.6553704296761834e-08
Gradient Boosting,GF_00013,2,1.874949981723612e-06
Gradient Boosting,GF_00014,2,0.0
Gradient Boosting,GF_00015,2,0.0
Gradient Boosting,GF_00017,2,0.0
Gradient Boosting,GF_00018,2,4.360472458565793e-08
Gradient Boosting,GF_00036,2,9.59437532682451e-08
Gradient Boosting,GF_00043,2,0.0008193723482358
Gradient Boosting,GF_00044,2,1.6383932917031352e-05
Gradient Boosting,GF_00046,2,2.49459393404063e-07
Gradient Boosting,GF_00047,2,1.1457654285119716e-05
Gradient Boosting,GF_00048,2,3.1009286020308073e-09
Gradient Boosting,GF_00049,2,2.963443541956152e-07
Gradient Boosting,GF_00051,2,2.283495893501184e-09
Gradient Boosting,GF_00052,2,0.0
Gradient Boosting,GF_00071,2,6.942163935971385e-05
Gradient Boosting,GF_00072,2,9.712994439285158e-10
Gradient Boosting,GF_00073,2,6.25007574407979e-08
Gradient Boosting,GF_00074,2,0.0
Gradient Boosting,GF_00075,2,0.0
Gradient Boosting,GF_00076,2,1.1233808597489464e-05
Gradient Boosting,GF_00077,2,0.0
Gradient Boosting,GF_00078,2,1.2792560294348726e-08
Gradient Boosting,GF_00079,2,0.0001499960293127
Gradient Boosting,GF_00080,2,0.0127129697327886
Gradient Boosting,GF_00081,2,1.1556613043911432e-09
Gradient Boosting,GF_00082,2,1.087936663990407e-07
Gradient Boosting,GF_00083,2,0.0
Gradient Boosting,GF_00084,2,0.0
Gradient Boosting,GF_00085,2,2.452913042053324e-05
Gradient Boosting,GF_00087,2,0.0
Gradient Boosting,GF_00088,2,6.626640738619484e-08
Gradient Boosting,GF_00093,2,2.5579345789088508e-05
Gradient Boosting,GF_00094,2,1.1142875750517591e-09
Gradient Boosting,GF_00104,2,6.959259031593949e-07
Gradient Boosting,GF_00105,2,0.0
Gradient Boosting,GF_00106,2,3.572239606344689e-06
Gradient Boosting,GF_00107,2,0.0036256090985795
Gradient Boosting,GF_00108,2,0.0
Gradient Boosting,GF_00109,2,0.0
Gradient Boosting,GF_00110,2,0.0
Gradient Boosting,GF_00111,2,0.0
Gradient Boosting,GF_00112,2,3.884946004672552e-05
Gradient Boosting,GF_00113,2,0.0
Gradient Boosting,GF_00114,2,7.05894889716807e-08
Gradient Boosting,GF_00115,2,2.4306745883272707e-06
Gradient Boosting,GF_00116,2,2.5462569897002183e-08
Gradient Boosting,GF_00117,2,6.825311899161787e-08
Gradient Boosting,GF_00120,2,8.022225332279204e-07
Gradient Boosting,GF_00121,2,4.555146343464667e-06
Gradient Boosting,GF_00122,2,0.0001001180874585
Gradient Boosting,GF_00123,2,4.02241322920018e-08
Gradient Boosting,GF_00124,2,1.391961123927259e-05
Gradient Boosting,GF_00125,2,1.2600172332261532e-05
Gradient Boosting,GF_00136,2,4.072238377435157e-09
Gradient Boosting,GF_00137,2,2.453617332272215e-07
Gradient Boosting,GF_00138,2,3.545814703644844e-07
Gradient Boosting,GF_00139,2,0.0
Gradient Boosting,GF_00141,2,0.0006754978733819
Gradient Boosting,GF_00142,2,4.0762784450875065e-08
Gradient Boosting,GF_00143,2,0.0
Gradient Boosting,GF_00155,2,7.34276060419323e-06
Gradient Boosting,GF_00164,2,0.0025798565220107
Gradient Boosting,GF_00170,2,6.670248590848525e-07
Gradient Boosting,GF_00175,2,0.0028451771453568
Gradient Boosting,GF_00178,2,1.498684090000903e-07
Gradient Boosting,GF_00179,2,2.4724458346946544e-09
Gradient Boosting,GF_00180,2,0.0001973155396616
Gradient Boosting,GF_00185,2,3.351693700502824e-07
Gradient Boosting,GF_00208,2,2.141793949535789e-07
Gradient Boosting,GF_00220,2,6.0664206545828334e-05
Gradient Boosting,GF_00228,2,1.0023549834912234e-06
Gradient Boosting,GF_00229,2,1.4464468295433605e-07
Gradient Boosting,GF_00235,2,6.042569415282067e-07
Gradient Boosting,GF_00244,2,0.0
Gradient Boosting,GF_00250,2,0.0002261863524965
Gradient Boosting,GF_00251,2,1.204186751921127e-11
Gradient Boosting,GF_00262,2,1.6363834849000117e-05
Gradient Boosting,GF_00281,2,0.0
Gradient Boosting,GF_00290,2,2.6764384952070648e-08
Gradient Boosting,GF_00296,2,0.0
Gradient Boosting,GF_00300,2,0.0742869963161798
Gradient Boosting,GF_00302,2,0.0
Gradient Boosting,GF_00303,2,0.0
Gradient Boosting,GF_00305,2,1.3485727856632742e-06
Gradient Boosting,GF_00309,2,1.294418993967057e-06
Gradient Boosting,GF_00310,2,5.932785238185371e-09
Gradient Boosting,GF_00311,2,2.2773355714348865e-08
Gradient Boosting,GF_00312,2,6.103819375314815e-07
Gradient Boosting,GF_00313,2,0.0
Gradient Boosting,GF_00314,2,0.0
Gradient Boosting,GF_00315,2,0.0011255722309033
Gradient Boosting,GF_00316,2,3.279269336554764e-05
Gradient Boosting,GF_00317,2,0.0003049789229776
Gradient Boosting,GF_00318,2,3.255480763107183e-05
Gradient Boosting,GF_00319,2,1.775925249826946e-09
Gradient Boosting,GF_00320,2,5.5292120423762154e-09
Gradient Boosting,GF_00321,2,0.0
Gradient Boosting,GF_00323,2,4.091361676823091e-07
Gradient Boosting,GF_00324,2,0.0063896059022289
Gradient Boosting,GF_00325,2,2.976844857730786e-08
Gradient Boosting,GF_00326,2,0.0074820704545094
Gradient Boosting,GF_00327,2,6.45793375671605e-05
Gradient Boosting,GF_00329,2,7.490580568703397e-08
Gradient Boosting,GF_00330,2,0.0002177523357893
Gradient Boosting,GF_00331,2,8.367979518118553e-07
Gradient Boosting,GF_00332,2,0.0
Gradient Boosting,GF_00333,2,1.5391134790073451e-06
Gradient Boosting,GF_00335,2,1.6106595618745042e-07
Gradient Boosting,GF_00336,2,1.295786906750567e-09
Gradient Boosting,GF_00338,2,9.580959895496328e-07
Gradient Boosting,GF_00339,2,1.6006763382091216e-07
Gradient Boosting,GF_00340,2,0.000232306902363
Gradient Boosting,GF_00341,2,0.0008196507491328
Gradient Boosting,GF_00342,2,0.0004086986074132
Gradient Boosting,GF_00343,2,0.0
Gradient Boosting,GF_00344,2,2.189268772426678e-06
Gradient Boosting,GF_00346,2,1.654818314665159e-07
Gradient Boosting,GF_00347,2,1.6340242573278002e-05
Gradient Boosting,GF_00348,2,1.8601623667524723e-07
Gradient Boosting,GF_00349,2,2.2851626255076136e-10
Gradient Boosting,GF_00350,2,0.0011912090016419
Gradient Boosting,GF_00351,2,0.0
Gradient Boosting,GF_00352,2,2.257346716457499e-06
Gradient Boosting,GF_00353,2,1.430857668669304e-05
Gradient Boosting,GF_00355,2,2.9512868806909624e-09
Gradient Boosting,GF_00358,2,0.0
Gradient Boosting,GF_00360,2,1.1008830317026772e-05
Gradient Boosting,GF_00362,2,1.5965123751914247e-09
Gradient Boosting,GF_00363,2,0.0006552194000441
Gradient Boosting,GF_00364,2,0.0
Gradient Boosting,GF_00365,2,1.1578198682960205e-07
Gradient Boosting,GF_00369,2,1.525011170738862e-05
Gradient Boosting,GF_00381,2,0.0
Gradient Boosting,GF_00384,2,0.0
Gradient Boosting,GF_00385,2,0.0005898472239281
Gradient Boosting,GF_00386,2,0.0
Gradient Boosting,GF_00387,2,6.6159386376690075e-09
Gradient Boosting,GF_00388,2,7.186685640037446e-08
Gradient Boosting,GF_00389,2,0.0
Gradient Boosting,GF_00390,2,0.0
Gradient Boosting,GF_00391,2,6.481576718926762e-06
Gradient Boosting,GF_00393,2,6.030148374320911e-09
Gradient Boosting,GF_00394,2,0.0
Gradient Boosting,GF_00395,2,1.0690999931595318e-05
Gradient Boosting,GF_00396,2,4.4904338120460397e-07
Gradient Boosting,GF_00400,2,1.0201622905840716e-06
Gradient Boosting,GF_00401,2,0.0001820088975287
Gradient Boosting,GF_00402,2,0.0173934046094155
Gradient Boosting,GF_00403,2,0.0
Gradient Boosting,GF_00404,2,5.620784309069955e-07
Gradient Boosting,GF_00405,2,0.000969081104774
Gradient Boosting,GF_00406,2,8.485923514586357e-08
Gradient Boosting,GF_00407,2,0.0
Gradient Boosting,GF_00408,2,8.759860991530188e-08
Gradient Boosting,GF_00409,2,0.0
Gradient Boosting,GF_00410,2,1.614036533108417e-07
Gradient Boosting,GF_00413,2,2.568578140179162e-09
Gradient Boosting,GF_00414,2,1.2378197132443948e-08
Gradient Boosting,GF_00415,2,2.5101805138172196e-05
Gradient Boosting,GF_00417,2,2.9846347379747977e-10
Gradient Boosting,GF_00418,2,0.0
Gradient Boosting,GF_00419,2,0.0002772152517565
Gradient Boosting,GF_00421,2,0.0
Gradient Boosting,GF_00422,2,0.0004300941607951
Gradient Boosting,GF_00424,2,5.303686380921097e-07
Gradient Boosting,GF_00426,2,0.0022278220829156
Gradient Boosting,GF_00427,2,4.997360183590916e-07
Gradient Boosting,GF_00428,2,4.826947332726625e-09
Gradient Boosting,GF_00429,2,0.0
Gradient Boosting,GF_00430,2,2.652494202223997e-06
Gradient Boosting,GF_00431,2,0.0
Gradient Boosting,GF_00432,2,5.248439684910339e-06
Gradient Boosting,GF_00433,2,0.0
Gradient Boosting,GF_00434,2,2.442046806830933e-06
Gradient Boosting,GF_00435,2,4.76575887799994e-07
Gradient Boosting,GF_00436,2,4.5449407866430825e-06
Gradient Boosting,GF_00437,2,0.0197104025756131
Gradient Boosting,GF_00438,2,0.0006141405363757
Gradient Boosting,GF_00440,2,3.745937579635064e-05
Gradient Boosting,GF_00441,2,5.359037866110149e-07
Gradient Boosting,GF_00455,2,0.000713544405455
Gradient Boosting,GF_00457,2,0.0008537830270708
Gradient Boosting,GF_00458,2,1.4225747721758321e-08
Gradient Boosting,GF_00471,2,0.0001339847145263
Gradient Boosting,GF_00472,2,6.260924714599536e-08
Gradient Boosting,GF_00477,2,1.1273638783086078e-06
Gradient Boosting,GF_00480,2,0.0
Gradient Boosting,GF_00482,2,4.529700736606252e-05
Gradient Boosting,GF_00488,2,1.6670477255403726e-06
Gradient Boosting,GF_00489,2,0.0
Gradient Boosting,GF_00503,2,0.0
Gradient Boosting,GF_00522,2,0.0024742177639465
Gradient Boosting,GF_00523,2,2.23296645288485e-10
Gradient Boosting,GF_00524,2,0.0005256289276359
Gradient Boosting,GF_00525,2,0.0019740918379079
Gradient Boosting,GF_00527,2,4.969058675160996e-07
Gradient Boosting,GF_00528,2,0.0
Gradient Boosting,GF_00529,2,0.0015807733554451
Gradient Boosting,GF_00530,2,2.6257231253313607e-05
Gradient Boosting,GF_00531,2,2.512573601052895e-07
Gradient Boosting,GF_00536,2,0.0005460793424755
Gradient Boosting,GF_00538,2,0.0006122367988923
Gradient Boosting,GF_00546,2,0.0001505430827898
Gradient Boosting,GF_00547,2,1.4338831245492513e-08
Gradient Boosting,GF_00548,2,2.409738163168103e-05
Gradient Boosting,GF_00549,2,0.0008843250490481
Gradient Boosting,GF_00564,2,2.141422192887811e-07
Gradient Boosting,GF_00565,2,4.1351258867762944e-05
Gradient Boosting,GF_00566,2,0.0041289562740598
Gradient Boosting,GF_00569,2,1.923527248250575e-07
Gradient Boosting,GF_00570,2,4.111896127364672e-06
Gradient Boosting,GF_00572,2,1.7960184810732845e-07
Gradient Boosting,GF_00574,2,0.0019652905824273
Gradient Boosting,GF_00578,2,0.0
Gradient Boosting,GF_00580,2,0.0001188940088353
Gradient Boosting,GF_00588,2,2.6046076348318456e-06
Gradient Boosting,GF_00594,2,0.0
Gradient Boosting,GF_00595,2,0.0
Gradient Boosting,GF_00599,2,0.0
Gradient Boosting,GF_00600,2,3.432585576208398e-07
Gradient Boosting,GF_00601,2,4.6109262388192676e-10
Gradient Boosting,GF_00603,2,1.00498617337056e-07
Gradient Boosting,GF_00604,2,0.0013820788714377
Gradient Boosting,GF_00605,2,0.0131571243805216
Gradient Boosting,GF_00606,2,7.14798137232762e-08
Gradient Boosting,GF_00607,2,0.0
Gradient Boosting,GF_00608,2,0.0054125216651568
Gradient Boosting,GF_00609,2,6.920427251542499e-05
Gradient Boosting,GF_00611,2,0.0002773205657477
Gradient Boosting,GF_00612,2,0.0010999724645701
Gradient Boosting,GF_00613,2,1.4498349758927026e-06
Gradient Boosting,GF_00614,2,7.338150384180757e-05
Gradient Boosting,GF_00615,2,0.0
Gradient Boosting,GF_00616,2,1.2493028155022083e-05
Gradient Boosting,GF_00617,2,4.539631941414718e-09
Gradient Boosting,GF_00618,2,4.83878316326516e-06
Gradient Boosting,GF_00619,2,4.464070166347931e-09
Gradient Boosting,GF_00620,2,0.0
Gradient Boosting,GF_00621,2,0.0
Gradient Boosting,GF_00622,2,4.398895984150251e-07
Gradient Boosting,GF_00623,2,4.16074987645845e-08
Gradient Boosting,GF_00624,2,3.568782271085912e-09
Gradient Boosting,GF_00632,2,0.0015946753007018
Gradient Boosting,GF_00633,2,7.663873254888503e-07
Gradient Boosting,GF_00635,2,0.0
Gradient Boosting,GF_00636,2,4.693006087039017e-05
Gradient Boosting,GF_00637,2,2.107072853796153e-06
Gradient Boosting,GF_00638,2,1.1411576326298789e-07
Gradient Boosting,GF_00640,2,0.0
Gradient Boosting,GF_00641,2,2.720658540260266e-07
Gradient Boosting,GF_00642,2,0.0005265229658823
Gradient Boosting,GF_00643,2,1.263203267033437e-10
Gradient Boosting,GF_00655,2,4.9617206082037e-07
Gradient Boosting,GF_00658,2,0.0024892134339617
Gradient Boosting,GF_00659,2,4.351435061079653e-09
Gradient Boosting,GF_00661,2,0.0020508047156969
Gradient Boosting,GF_00669,2,0.0
Gradient Boosting,GF_00676,2,0.0
Gradient Boosting,GF_00680,2,0.0
Gradient Boosting,GF_00681,2,3.417354546704536e-08
Gradient Boosting,GF_00682,2,4.46209191792743e-07
Gradient Boosting,GF_00683,2,4.913218785006213e-12
Gradient Boosting,GF_00684,2,0.0002834018450206
Gradient Boosting,GF_00687,2,0.0002153903271901
Gradient Boosting,GF_00688,2,9.880389713458943e-08
Gradient Boosting,GF_00695,2,7.038567142708336e-08
Gradient Boosting,GF_00699,2,5.869541470656977e-07
Gradient Boosting,GF_00702,2,0.0001436070949235
Gradient Boosting,GF_00709,2,3.1310964967703455e-08
Gradient Boosting,GF_00722,2,6.906903615307384e-10
Gradient Boosting,GF_00723,2,2.1997047006472993e-08
Gradient Boosting,GF_00724,2,1.3700855280642057e-07
Gradient Boosting,GF_00725,2,6.487900632954001e-07
Gradient Boosting,GF_00726,2,2.889112405099361e-07
Gradient Boosting,GF_00727,2,1.0296132108173916e-05
Gradient Boosting,GF_00728,2,8.312808068490974e-08
Gradient Boosting,GF_00729,2,4.692727800195071e-06
Gradient Boosting,GF_00732,2,8.589327686404796e-09
Gradient Boosting,GF_00736,2,2.4787876367252445e-07
Gradient Boosting,GF_00740,2,5.636672161360121e-06
Gradient Boosting,GF_00741,2,5.0283375568935386e-08
Gradient Boosting,GF_00744,2,1.3893680348120126e-08
Gradient Boosting,GF_00751,2,3.919743155208883e-07
Gradient Boosting,GF_00755,2,0.0007390906073582
Gradient Boosting,GF_00756,2,0.0007784723865538
Gradient Boosting,GF_00761,2,5.64467490258646e-13
Gradient Boosting,GF_00771,2,0.0047671553985637
Gradient Boosting,GF_00773,2,0.0
Gradient Boosting,GF_00776,2,1.9935845998834346e-06
Gradient Boosting,GF_00777,2,1.2856867954838754e-07
Gradient Boosting,GF_00785,2,0.0
Gradient Boosting,GF_00796,2,0.0014685774572647
Gradient Boosting,GF_00810,2,0.000956805180421
Gradient Boosting,GF_00811,2,0.0
Gradient Boosting,GF_00813,2,0.0
Gradient Boosting,GF_00814,2,7.432137133410662e-05
Gradient Boosting,GF_00816,2,0.0
Gradient Boosting,GF_00819,2,0.0055728383387722
Gradient Boosting,GF_00828,2,6.549323983326968e-05
Gradient Boosting,GF_00843,2,3.680401098548672e-08
Gradient Boosting,GF_00845,2,5.905428652010296e-08
Gradient Boosting,GF_00856,2,0.0017918807415918
Gradient Boosting,GF_00857,2,0.0017991335169123
Gradient Boosting,GF_00860,2,0.0
Gradient Boosting,GF_00864,2,6.782188598555982e-05
Gradient Boosting,GF_00866,2,0.0
Gradient Boosting,GF_00867,2,1.2945531343877048e-05
Gradient Boosting,GF_00868,2,8.179844129700009e-11
Gradient Boosting,GF_00869,2,4.706986415320706e-07
Gradient Boosting,GF_00870,2,1.1966301501631148e-07
Gradient Boosting,GF_00871,2,0.0011021801003398
Gradient Boosting,GF_00872,2,0.0
Gradient Boosting,GF_00873,2,2.636020977454827e-07
Gradient Boosting,GF_00874,2,7.356655283803021e-07
Gradient Boosting,GF_00887,2,7.615891063651984e-06
Gradient Boosting,GF_00888,2,0.0016880251617571
Gradient Boosting,GF_00895,2,5.355032228169015e-07
Gradient Boosting,GF_00916,2,3.906773251175415e-05
Gradient Boosting,GF_00927,2,0.0
Gradient Boosting,GF_00931,2,0.041450319973352
Gradient Boosting,GF_00932,2,1.281688984329237e-07
Gradient Boosting,GF_00933,2,6.008378143387158e-08
Gradient Boosting,GF_00946,2,1.2742918687053518e-07
Gradient Boosting,GF_00947,2,5.971766823759738e-08
Gradient Boosting,GF_00949,2,8.82693431049476e-09
Gradient Boosting,GF_00957,2,0.0006724458513524
Gradient Boosting,GF_00958,2,0.0012694705142774
Gradient Boosting,GF_00959,2,5.1339172468805376e-08
Gradient Boosting,GF_00960,2,4.176075458852975e-05
Gradient Boosting,GF_00963,2,2.0448202103698026e-08
Gradient Boosting,GF_00966,2,0.0
Gradient Boosting,GF_00968,2,0.0009479337615835
Gradient Boosting,GF_00969,2,0.0
Gradient Boosting,GF_00970,2,2.4026832909540157e-08
Gradient Boosting,GF_00971,2,5.064311448677084e-10
Gradient Boosting,GF_00972,2,0.0006309479368036
Gradient Boosting,GF_00982,2,0.0017162647278607
Gradient Boosting,GF_01004,2,0.0
Gradient Boosting,GF_01005,2,0.0014739880527076
Gradient Boosting,GF_01012,2,0.0
Gradient Boosting,GF_01026,2,5.06959530097907e-06
Gradient Boosting,GF_01027,2,3.648906402775906e-08
Gradient Boosting,GF_01028,2,4.731753792558405e-05
Gradient Boosting,GF_01054,2,0.0007718843351675
Gradient Boosting,GF_01230,2,1.657211861966347e-07
Gradient Boosting,GF_01231,2,1.503525852486467e-10
Gradient Boosting,GF_01232,2,0.0
Gradient Boosting,GF_01233,2,1.7743888378248595e-05
Gradient Boosting,GF_01234,2,3.283825118455382e-06
Gradient Boosting,GF_01235,2,1.4301342711511194e-05
Gradient Boosting,GF_01236,2,0.0001471726936921
Gradient Boosting,GF_01237,2,0.0005747116642841
Gradient Boosting,GF_01239,2,0.0416074863245512
Gradient Boosting,GF_01240,2,5.281805482171141e-09
Gradient Boosting,GF_01241,2,0.0
Gradient Boosting,GF_01242,2,1.092473320477243e-07
Gradient Boosting,GF_01244,2,0.0043009163002244
Gradient Boosting,GF_01245,2,7.956747142936268e-07
Gradient Boosting,GF_01246,2,0.0007557547286531
Gradient Boosting,GF_01247,2,1.5009555540661149e-05
Gradient Boosting,GF_01248,2,1.1049186513628345e-07
Gradient Boosting,GF_01266,2,0.0
Gradient Boosting,GF_01287,2,2.491410458544559e-06
Gradient Boosting,GF_01290,2,0.0
Gradient Boosting,GF_01291,2,0.0
Gradient Boosting,GF_01292,2,0.00069830469498
Gradient Boosting,GF_01293,2,7.1503712134566854e-09
Gradient Boosting,GF_01297,2,0.0
Gradient Boosting,GF_01306,2,5.253028258506573e-09
Gradient Boosting,GF_01314,2,1.4843927378442345e-05
Gradient Boosting,GF_01315,2,0.0
Gradient Boosting,GF_01327,2,3.771425750703708e-08
Gradient Boosting,GF_01328,2,0.0010570921270624
Gradient Boosting,GF_01329,2,1.157749518519143e-06
Gradient Boosting,GF_01330,2,5.4663527722146446e-08
Gradient Boosting,GF_01331,2,0.0002143810800653
Gradient Boosting,GF_01332,2,0.0004812933911202
Gradient Boosting,GF_01333,2,6.5217780773623025e-09
Gradient Boosting,GF_01334,2,2.213338817278739e-07
Gradient Boosting,GF_01336,2,0.0
Gradient Boosting,GF_01337,2,0.0
Gradient Boosting,GF_01338,2,3.551563524078455e-05
Gradient Boosting,GF_01359,2,5.6189217063848975e-11
Gradient Boosting,GF_01372,2,2.285483813332748e-05
Gradient Boosting,GF_01374,2,0.0001069658124734
Gradient Boosting,GF_01375,2,2.2641865521314198e-12
Gradient Boosting,GF_01376,2,3.3910500161360977e-07
Gradient Boosting,GF_01377,2,0.0
Gradient Boosting,GF_01379,2,2.821972534954368e-07
Gradient Boosting,GF_01381,2,3.3701415606191465e-05
Gradient Boosting,GF_01382,2,6.79363705561716e-08
Gradient Boosting,GF_01383,2,0.0002279587358356
Gradient Boosting,GF_01385,2,9.837496499781018e-07
Gradient Boosting,GF_01386,2,0.0002261863524965
Gradient Boosting,GF_01387,2,0.0013573548028193
Gradient Boosting,GF_01390,2,0.0
Gradient Boosting,GF_01391,2,3.347939681946596e-05
Gradient Boosting,GF_01393,2,6.515888060734939e-07
Gradient Boosting,GF_01394,2,0.0003399343061338
Gradient Boosting,GF_01395,2,1.158713779542757e-09
Gradient Boosting,GF_01396,2,5.781828252260119e-07
Gradient Boosting,GF_01397,2,0.0
Gradient Boosting,GF_01399,2,0.0079219661580636
Gradient Boosting,GF_01400,2,1.155650506797944e-09
Gradient Boosting,GF_01401,2,2.875508106713942e-07
Gradient Boosting,GF_01404,2,3.215997663603292e-08
Gradient Boosting,GF_01409,2,8.239891810052152e-09
Gradient Boosting,GF_01425,2,0.0
Gradient Boosting,GF_01426,2,1.4282369749396748e-05
Gradient Boosting,GF_01428,2,0.0
Gradient Boosting,GF_01439,2,6.353355545552527e-08
Gradient Boosting,GF_01445,2,6.248276380963579e-06
Gradient Boosting,GF_01446,2,2.921629989165828e-07
Gradient Boosting,GF_01447,2,0.0
Gradient Boosting,GF_01448,2,3.266960527105824e-05
Gradient Boosting,GF_01449,2,0.0
Gradient Boosting,GF_01456,2,0.0003114281456399
Gradient Boosting,GF_01458,2,6.079765996554338e-09
Gradient Boosting,GF_01460,2,2.3065049984510336e-06
Gradient Boosting,GF_01461,2,3.782807406372304e-05
Gradient Boosting,GF_01462,2,0.0003483357915368
Gradient Boosting,GF_01466,2,0.0
Gradient Boosting,GF_01476,2,0.0016003818497751
Gradient Boosting,GF_01477,2,4.381380143733488e-05
Gradient Boosting,GF_01479,2,3.081739530823763e-05
Gradient Boosting,GF_01480,2,0.0027252054617775
Gradient Boosting,GF_01481,2,1.1860919457697956e-08
Gradient Boosting,GF_01487,2,3.972357040785237e-06
Gradient Boosting,GF_01502,2,0.0
Gradient Boosting,GF_01504,2,0.0012991266426924
Gradient Boosting,GF_01512,2,8.698379107965732e-07
Gradient Boosting,GF_01514,2,0.0150978133720533
Gradient Boosting,GF_01527,2,0.0
Gradient Boosting,GF_01534,2,4.0226201800819325e-10
Gradient Boosting,GF_01535,2,1.685603398241065e-09
Gradient Boosting,GF_01536,2,0.0
Gradient Boosting,GF_01537,2,0.0
Gradient Boosting,GF_01538,2,0.0
Gradient Boosting,GF_01539,2,4.390831024622128e-06
Gradient Boosting,GF_01540,2,0.0005536461634963
Gradient Boosting,GF_01541,2,6.206600093129387e-09
Gradient Boosting,GF_01542,2,2.606711042408633e-05
Gradient Boosting,GF_01543,2,0.0
Gradient Boosting,GF_01544,2,0.0002219428516008
Gradient Boosting,GF_01547,2,6.894458170099687e-07
Gradient Boosting,GF_01549,2,0.0
Gradient Boosting,GF_01550,2,0.0001265478887967
Gradient Boosting,GF_01552,2,8.823943450659844e-06
Gradient Boosting,GF_01553,2,2.678931760532099e-06
Gradient Boosting,GF_01579,2,0.0
Gradient Boosting,GF_01580,2,0.0004371504293171
Gradient Boosting,GF_01583,2,2.545757913516112e-05
Gradient Boosting,GF_01584,2,0.0009188022030259
Gradient Boosting,GF_01591,2,0.0006707362999626
Gradient Boosting,GF_01592,2,5.478477206155077e-07
Gradient Boosting,GF_01616,2,0.0
Gradient Boosting,GF_01617,2,1.3772669614160995e-09
Gradient Boosting,GF_01618,2,3.997604773246555e-06
Gradient Boosting,GF_01619,2,6.920824502376395e-07
Gradient Boosting,GF_01620,2,6.59003030757775e-05
Gradient Boosting,GF_01621,2,0.0001101517068773
Gradient Boosting,GF_01623,2,2.696362440008536e-05
Gradient Boosting,GF_01625,2,0.0
Gradient Boosting,GF_01626,2,3.512283876762815e-07
Gradient Boosting,GF_01627,2,0.0
Gradient Boosting,GF_01628,2,5.845433917824836e-06
Gradient Boosting,GF_01629,2,8.884523702677562e-07
Gradient Boosting,GF_01630,2,4.0884673339952286e-11
Gradient Boosting,GF_01634,2,0.0
Gradient Boosting,GF_01635,2,0.0
Gradient Boosting,GF_01636,2,0.0010503791004219
Gradient Boosting,GF_01637,2,0.0185607260174704
Gradient Boosting,GF_01638,2,0.0
Gradient Boosting,GF_01639,2,9.10462928461183e-07
Gradient Boosting,GF_01641,2,8.019329608294414e-05
Gradient Boosting,GF_01648,2,1.8279493661065563e-08
Gradient Boosting,GF_01659,2,0.0045522406636193
Gradient Boosting,GF_01661,2,2.7015294682698783e-11
Gradient Boosting,GF_01672,2,0.0
Gradient Boosting,GF_01673,2,4.61653757327296e-05
Gradient Boosting,GF_01674,2,0.0
Gradient Boosting,GF_01675,2,0.0
Gradient Boosting,GF_01676,2,5.388057203531392e-07
Gradient Boosting,GF_01677,2,0.0
Gradient Boosting,GF_01678,2,0.0009907943489071
Gradient Boosting,GF_01679,2,0.0
Gradient Boosting,GF_01680,2,2.039530176465771e-06
Gradient Boosting,GF_01681,2,7.370236249264055e-08
Gradient Boosting,GF_01683,2,1.7582334918230289e-06
Gradient Boosting,GF_01684,2,4.054494564566032e-07
Gradient Boosting,GF_01685,2,0.0
Gradient Boosting,GF_01688,2,6.959049349649781e-07
Gradient Boosting,GF_01689,2,2.1124441991636526e-07
Gradient Boosting,GF_01690,2,1.4052212737904424e-05
Gradient Boosting,GF_01691,2,6.976419633316406e-08
Gradient Boosting,GF_01692,2,0.0
Gradient Boosting,GF_01693,2,8.142620934595071e-09
Gradient Boosting,GF_01732,2,0.0
Gradient Boosting,GF_01733,2,2.0908653758370405e-06
Gradient Boosting,GF_01734,2,0.0
Gradient Boosting,GF_01735,2,1.4241457508006707e-05
Gradient Boosting,GF_01736,2,8.696592537317665e-06
Gradient Boosting,GF_01737,2,1.1520961886189069e-08
Gradient Boosting,GF_01741,2,3.05409367653417e-08
Gradient Boosting,GF_01742,2,2.479436889088018e-07
Gradient Boosting,GF_01745,2,0.0
Gradient Boosting,GF_01763,2,3.0610341223665344e-05
Gradient Boosting,GF_01783,2,0.0032478032710106
Gradient Boosting,GF_01799,2,0.0
Gradient Boosting,GF_01801,2,1.2321279091802885e-07
Gradient Boosting,GF_01802,2,3.189323786841831e-05
Gradient Boosting,GF_01803,2,2.181083368105588e-09
Gradient Boosting,GF_01805,2,0.0
Gradient Boosting,GF_01806,2,0.0
Gradient Boosting,GF_01807,2,0.0
Gradient Boosting,GF_01808,2,1.172904951901871e-10
Gradient Boosting,GF_01809,2,2.491347267645178e-06
Gradient Boosting,GF_01810,2,4.138032615993202e-12
Gradient Boosting,GF_01811,2,4.50121573342061e-07
Gradient Boosting,GF_01812,2,1.3212266737259071e-11
Gradient Boosting,GF_01813,2,0.0
Gradient Boosting,GF_01814,2,0.0
Gradient Boosting,GF_01815,2,3.638182050761488e-06
Gradient Boosting,GF_01816,2,3.22638221196473e-10
Gradient Boosting,GF_01818,2,5.731607418944013e-05
Gradient Boosting,GF_01819,2,0.0
Gradient Boosting,GF_01822,2,0.0
Gradient Boosting,GF_01823,2,6.131195374279646e-10
Gradient Boosting,GF_01834,2,0.0018504968004393
Gradient Boosting,GF_01836,2,2.294842069058054e-09
Gradient Boosting,GF_01837,2,1.053270726006e-07
Gradient Boosting,GF_01840,2,1.488049196532211e-05
Gradient Boosting,GF_01841,2,3.656024822928729e-08
Gradient Boosting,GF_01842,2,2.4023485294557664e-06
Gradient Boosting,GF_01844,2,6.191844304641176e-06
Gradient Boosting,GF_01856,2,3.581692456412217e-05
Gradient Boosting,GF_01860,2,0.0011940055203315
Gradient Boosting,GF_01866,2,3.716884361371193e-08
Gradient Boosting,GF_01870,2,2.3967338530900658e-08
Gradient Boosting,GF_01872,2,0.0007207808003288
Gradient Boosting,GF_01885,2,0.0
Gradient Boosting,GF_01897,2,0.0016867433781176
Gradient Boosting,GF_01898,2,0.0005730254699079
Gradient Boosting,GF_01899,2,0.0
Gradient Boosting,GF_01900,2,3.26069846190382e-08
Gradient Boosting,GF_01901,2,0.0004851167040797
Gradient Boosting,GF_01902,2,1.448594383598981e-06
Gradient Boosting,GF_01904,2,3.0730383950417764e-05
Gradient Boosting,GF_01919,2,2.00991689894916e-08
Gradient Boosting,GF_01921,2,2.714469957539257e-08
Gradient Boosting,GF_01923,2,1.235432384854619e-05
Gradient Boosting,GF_01925,2,0.0
Gradient Boosting,GF_01926,2,0.000110729534302
Gradient Boosting,GF_01927,2,9.356373197850863e-05
Gradient Boosting,GF_01928,2,0.0
Gradient Boosting,GF_01929,2,5.842342842612445e-06
Gradient Boosting,GF_01930,2,0.0006040962574267
Gradient Boosting,GF_01945,2,0.0
Gradient Boosting,GF_02041,2,0.0007763334781654
Gradient Boosting,GF_02059,2,0.0020979816106839
Gradient Boosting,GF_02060,2,3.939379498899106e-09
Gradient Boosting,GF_02069,2,0.0519018283559493
Gradient Boosting,GF_02070,2,6.2087892682815164e-09
Gradient Boosting,GF_02071,2,0.5115169051768673
Gradient Boosting,GF_02072,2,3.797047953343291e-07
Gradient Boosting,GF_02074,2,0.0
Gradient Boosting,GF_02075,2,0.0027147159588914
Gradient Boosting,GF_02076,2,1.6982038007819717e-08
Gradient Boosting,GF_02084,2,2.991890112795599e-07
Gradient Boosting,GF_02085,2,1.2053318585759511e-06
Gradient Boosting,GF_02088,2,9.130242348880114e-06
Gradient Boosting,GF_02089,2,0.0
Gradient Boosting,GF_02091,2,4.15885961540292e-05
Gradient Boosting,GF_02092,2,3.583086589923628e-08
Gradient Boosting,GF_02093,2,0.0001606336749515
Gradient Boosting,GF_02094,2,1.1609852877886456e-07
Gradient Boosting,GF_02101,2,0.0
Gradient Boosting,GF_02109,2,2.1112931038205947e-05
Gradient Boosting,GF_02110,2,0.0
Gradient Boosting,GF_02113,2,0.0
Gradient Boosting,GF_02122,2,0.0004890623312813
Gradient Boosting,GF_02130,2,9.239788065581072e-06
Gradient Boosting,GF_02131,2,4.2955149197222974e-08
Gradient Boosting,GF_02132,2,3.593192856803812e-07
Gradient Boosting,GF_02136,2,1.8511175067916514e-07
Gradient Boosting,GF_02137,2,0.0012924721898696
Gradient Boosting,GF_02138,2,3.735023149551016e-07
Gradient Boosting,GF_02139,2,4.840153526858359e-05
Gradient Boosting,GF_02140,2,0.0024795972016544
Gradient Boosting,GF_02141,2,6.353776345607592e-07
Gradient Boosting,GF_02142,2,3.640436551876439e-05
Gradient Boosting,GF_02143,2,1.1402760374414829e-07
Gradient Boosting,GF_02145,2,7.892187639120222e-05
Gradient Boosting,GF_02152,2,0.0001296265934302
Gradient Boosting,GF_02157,2,3.088296535643801e-05
Gradient Boosting,GF_02158,2,4.822675071777403e-08
Gradient Boosting,GF_02159,2,0.0
Gradient Boosting,GF_02172,2,1.2756822240753875e-05
Gradient Boosting,GF_02178,2,0.0004672758120909
Gradient Boosting,GF_02180,2,0.0068664093387995
Gradient Boosting,GF_02184,2,1.0324920857439976e-11
Gradient Boosting,GF_02194,2,0.0
Gradient Boosting,GF_02215,2,0.0
Gradient Boosting,GF_02216,2,0.0037882256430672
Gradient Boosting,GF_02217,2,6.750981072525897e-13
Gradient Boosting,GF_02218,2,2.322530042057046e-06
Gradient Boosting,GF_02219,2,6.018780009229336e-06
Gradient Boosting,GF_02220,2,9.530458787598567e-10
Gradient Boosting,GF_02222,2,0.0005528499206776
Gradient Boosting,GF_02223,2,0.0024231671828882
Gradient Boosting,GF_02224,2,2.1561116359465352e-08
Gradient Boosting,GF_02225,2,1.8337788909933585e-07
Gradient Boosting,GF_02226,2,5.7947131100125754e-08
Gradient Boosting,GF_02227,2,0.0006943296935339
Gradient Boosting,GF_02228,2,1.1623144639820654e-05
Gradient Boosting,GF_02229,2,2.617825478803434e-06
Gradient Boosting,GF_02230,2,3.216526760185371e-07
Gradient Boosting,GF_02260,2,0.0007702852200339
Gradient Boosting,GF_02261,2,1.5851227927144553e-05
Gradient Boosting,GF_02262,2,0.0064108834210024
Gradient Boosting,GF_02263,2,0.0038517709520372
Gradient Boosting,GF_02264,2,0.0029207950718891
Gradient Boosting,GF_02266,2,1.849278221969806e-06
Gradient Boosting,GF_00002,3,9.651548893428362e-06
Gradient Boosting,GF_00008,3,1.0680849999105472e-07
Gradient Boosting,GF_00011,3,0.0038313357127459
Gradient Boosting,GF_00012,3,0.0
Gradient Boosting,GF_00013,3,2.9148661826207254e-06
Gradient Boosting,GF_00014,3,2.9323825936966085e-11
Gradient Boosting,GF_00015,3,5.279481127567415e-07
Gradient Boosting,GF_00017,3,2.755096759785017e-06
Gradient Boosting,GF_00018,3,0.0006033425999387
Gradient Boosting,GF_00036,3,0.0
Gradient Boosting,GF_00043,3,0.0
Gradient Boosting,GF_00044,3,2.352376454672695e-09
Gradient Boosting,GF_00046,3,0.0
Gradient Boosting,GF_00047,3,0.0
Gradient Boosting,GF_00048,3,0.0026093936310149
Gradient Boosting,GF_00049,3,9.315482877967915e-06
Gradient Boosting,GF_00051,3,1.1292132023470914e-05
Gradient Boosting,GF_00052,3,6.419616572167824e-09
Gradient Boosting,GF_00071,3,0.0
Gradient Boosting,GF_00072,3,0.0
Gradient Boosting,GF_00073,3,5.87499270910218e-05
Gradient Boosting,GF_00074,3,0.0
Gradient Boosting,GF_00075,3,3.9286476043662376e-08
Gradient Boosting,GF_00076,3,6.577136166481686e-06
Gradient Boosting,GF_00077,3,0.0
Gradient Boosting,GF_00078,3,1.3108589679235516e-09
Gradient Boosting,GF_00079,3,2.869341570798777e-05
Gradient Boosting,GF_00080,3,0.0011770307257051
Gradient Boosting,GF_00081,3,0.0
Gradient Boosting,GF_00082,3,0.0
Gradient Boosting,GF_00083,3,1.3796099077359972e-05
Gradient Boosting,GF_00084,3,0.0006434562034415
Gradient Boosting,GF_00085,3,8.052931492715462e-06
Gradient Boosting,GF_00087,3,0.0
Gradient Boosting,GF_00088,3,0.0
Gradient Boosting,GF_00093,3,2.4999082940167367e-05
Gradient Boosting,GF_00094,3,9.968071380319631e-05
Gradient Boosting,GF_00104,3,3.5273158682138614e-11
Gradient Boosting,GF_00105,3,1.3840396026147156e-05
Gradient Boosting,GF_00106,3,0.0
Gradient Boosting,GF_00107,3,0.0015681901376357
Gradient Boosting,GF_00108,3,0.0003416583752395
Gradient Boosting,GF_00109,3,0.0
Gradient Boosting,GF_00110,3,0.0
Gradient Boosting,GF_00111,3,3.771008010876319e-05
Gradient Boosting,GF_00112,3,1.696978693546386e-05
Gradient Boosting,GF_00113,3,0.0
Gradient Boosting,GF_00114,3,1.1415894034490048e-06
Gradient Boosting,GF_00115,3,0.0001565617375886
Gradient Boosting,GF_00116,3,1.7585858793277248e-06
Gradient Boosting,GF_00117,3,1.4497943267835925e-07
Gradient Boosting,GF_00120,3,0.0
Gradient Boosting,GF_00121,3,0.0
Gradient Boosting,GF_00122,3,0.0
Gradient Boosting,GF_00123,3,1.3849743885208212e-08
Gradient Boosting,GF_00124,3,2.8879197130501435e-11
Gradient Boosting,GF_00125,3,0.0001594195250124
Gradient Boosting,GF_00136,3,1.1607991867502448e-06
Gradient Boosting,GF_00137,3,2.0767313382366925e-07
Gradient Boosting,GF_00138,3,8.754143689689261e-08
Gradient Boosting,GF_00139,3,0.0
Gradient Boosting,GF_00141,3,1.6016183321929705e-06
Gradient Boosting,GF_00142,3,1.765114308944103e-08
Gradient Boosting,GF_00143,3,0.0
Gradient Boosting,GF_00155,3,0.0014150838329034
Gradient Boosting,GF_00164,3,0.0
Gradient Boosting,GF_00170,3,0.0
Gradient Boosting,GF_00175,3,0.004109064056628
Gradient Boosting,GF_00178,3,0.0
Gradient Boosting,GF_00179,3,9.647234025028905e-07
Gradient Boosting,GF_00180,3,8.653680169705357e-10
Gradient Boosting,GF_00185,3,0.0
Gradient Boosting,GF_00208,3,0.0
Gradient Boosting,GF_00220,3,9.650884420514236e-17
Gradient Boosting,GF_00228,3,0.0
Gradient Boosting,GF_00229,3,0.0
Gradient Boosting,GF_00235,3,0.0
Gradient Boosting,GF_00244,3,0.0
Gradient Boosting,GF_00250,3,0.0
Gradient Boosting,GF_00251,3,1.138040314516475e-06
Gradient Boosting,GF_00262,3,3.2174714945268395e-06
Gradient Boosting,GF_00281,3,0.0
Gradient Boosting,GF_00290,3,0.0
Gradient Boosting,GF_00296,3,2.3416643955656162e-07
Gradient Boosting,GF_00300,3,6.567294036408123e-06
Gradient Boosting,GF_00302,3,0.0
Gradient Boosting,GF_00303,3,0.0001817095998589
Gradient Boosting,GF_00305,3,0.0
Gradient Boosting,GF_00309,3,2.325532097983436e-07
Gradient Boosting,GF_00310,3,0.0001742288303446
Gradient Boosting,GF_00311,3,0.0
Gradient Boosting,GF_00312,3,0.0
Gradient Boosting,GF_00313,3,7.946805802081098e-13
Gradient Boosting,GF_00314,3,6.760123618388348e-05
Gradient Boosting,GF_00315,3,7.61112395495572e-09
Gradient Boosting,GF_00316,3,0.0
Gradient Boosting,GF_00317,3,2.6043640762961477e-05
Gradient Boosting,GF_00318,3,1.603389350339835e-07
Gradient Boosting,GF_00319,3,1.504030897851182e-08
Gradient Boosting,GF_00320,3,1.6012923912366992e-08
Gradient Boosting,GF_00321,3,8.604216055861316e-05
Gradient Boosting,GF_00323,3,0.0
Gradient Boosting,GF_00324,3,0.0
Gradient Boosting,GF_00325,3,0.0
Gradient Boosting,GF_00326,3,2.1764165509153605e-07
Gradient Boosting,GF_00327,3,0.0
Gradient Boosting,GF_00329,3,0.0
Gradient Boosting,GF_00330,3,0.0003518564432705
Gradient Boosting,GF_00331,3,0.0006778394792146
Gradient Boosting,GF_00332,3,1.6910413949250846e-05
Gradient Boosting,GF_00333,3,0.0
Gradient Boosting,GF_00335,3,0.0001044814880115
Gradient Boosting,GF_00336,3,0.0
Gradient Boosting,GF_00338,3,0.0
Gradient Boosting,GF_00339,3,0.0
Gradient Boosting,GF_00340,3,0.003209229050172
Gradient Boosting,GF_00341,3,2.840692921295728e-09
Gradient Boosting,GF_00342,3,2.836798991826183e-06
Gradient Boosting,GF_00343,3,0.0
Gradient Boosting,GF_00344,3,1.0519435262707404e-07
Gradient Boosting,GF_00346,3,4.5671680477478055e-08
Gradient Boosting,GF_00347,3,0.0
Gradient Boosting,GF_00348,3,1.1412393156750696e-10
Gradient Boosting,GF_00349,3,0.0
Gradient Boosting,GF_00350,3,1.1595362102916048e-08
Gradient Boosting,GF_00351,3,0.0
Gradient Boosting,GF_00352,3,4.352363057668932e-09
Gradient Boosting,GF_00353,3,0.0001094010843618
Gradient Boosting,GF_00355,3,0.0
Gradient Boosting,GF_00358,3,0.0047024324293411
Gradient Boosting,GF_00360,3,4.902751486540927e-07
Gradient Boosting,GF_00362,3,1.5892879309656964e-09
Gradient Boosting,GF_00363,3,0.0
Gradient Boosting,GF_00364,3,0.0002502332673801
Gradient Boosting,GF_00365,3,0.0
Gradient Boosting,GF_00369,3,5.608626906041112e-06
Gradient Boosting,GF_00381,3,7.649940209211703e-11
Gradient Boosting,GF_00384,3,1.1155150111166418e-06
Gradient Boosting,GF_00385,3,0.0
Gradient Boosting,GF_00386,3,1.165235856674018e-08
Gradient Boosting,GF_00387,3,0.0
Gradient Boosting,GF_00388,3,0.0
Gradient Boosting,GF_00389,3,2.005739391048133e-06
Gradient Boosting,GF_00390,3,0.0
Gradient Boosting,GF_00391,3,0.0
Gradient Boosting,GF_00393,3,0.0
Gradient Boosting,GF_00394,3,0.0
Gradient Boosting,GF_00395,3,3.066238014784692e-07
Gradient Boosting,GF_00396,3,0.0003226730718353
Gradient Boosting,GF_00400,3,0.0046806503936359
Gradient Boosting,GF_00401,3,1.7696575624517002e-10
Gradient Boosting,GF_00402,3,0.0254564166218998
Gradient Boosting,GF_00403,3,1.4301901623145678e-07
Gradient Boosting,GF_00404,3,1.1711180427357851e-10
Gradient Boosting,GF_00405,3,0.0020879721951307
Gradient Boosting,GF_00406,3,0.0
Gradient Boosting,GF_00407,3,0.0
Gradient Boosting,GF_00408,3,0.0
Gradient Boosting,GF_00409,3,0.0
Gradient Boosting,GF_00410,3,3.318787943235831e-05
Gradient Boosting,GF_00413,3,7.778932910492168e-07
Gradient Boosting,GF_00414,3,0.0001186567908943
Gradient Boosting,GF_00415,3,6.5694123524590995e-09
Gradient Boosting,GF_00417,3,1.348817820513577e-10
Gradient Boosting,GF_00418,3,1.1381662004016904e-05
Gradient Boosting,GF_00419,3,4.952215539205756e-07
Gradient Boosting,GF_00421,3,3.5190955203543785e-05
Gradient Boosting,GF_00422,3,0.0007215385565795
Gradient Boosting,GF_00424,3,2.802208079132521e-07
Gradient Boosting,GF_00426,3,0.0015957383233016
Gradient Boosting,GF_00427,3,0.0
Gradient Boosting,GF_00428,3,3.580446091070375e-10
Gradient Boosting,GF_00429,3,0.0
Gradient Boosting,GF_00430,3,1.4947155317452274e-10
Gradient Boosting,GF_00431,3,0.0
Gradient Boosting,GF_00432,3,6.347136917214954e-06
Gradient Boosting,GF_00433,3,0.0
Gradient Boosting,GF_00434,3,2.3489693398853023e-05
Gradient Boosting,GF_00435,3,3.8882968242165134e-10
Gradient Boosting,GF_00436,3,4.749190130463374e-10
Gradient Boosting,GF_00437,3,3.618177957952481e-08
Gradient Boosting,GF_00438,3,0.0
Gradient Boosting,GF_00440,3,0.0
Gradient Boosting,GF_00441,3,9.695514037667064e-08
Gradient Boosting,GF_00455,3,7.193375560807916e-07
Gradient Boosting,GF_00457,3,2.2474598533103013e-07
Gradient Boosting,GF_00458,3,0.0
Gradient Boosting,GF_00471,3,4.4290536430123033e-07
Gradient Boosting,GF_00472,3,0.0011990864828128
Gradient Boosting,GF_00477,3,0.0
Gradient Boosting,GF_00480,3,4.807674409700285e-12
Gradient Boosting,GF_00482,3,8.37811532025423e-10
Gradient Boosting,GF_00488,3,6.003278940615924e-06
Gradient Boosting,GF_00489,3,0.0
Gradient Boosting,GF_00503,3,2.116240329415186e-06
Gradient Boosting,GF_00522,3,0.0129406644240685
Gradient Boosting,GF_00523,3,8.082229428047285e-10
Gradient Boosting,GF_00524,3,0.0186076992756679
Gradient Boosting,GF_00525,3,0.0
Gradient Boosting,GF_00527,3,0.0
Gradient Boosting,GF_00528,3,0.0002306066648841
Gradient Boosting,GF_00529,3,0.0
Gradient Boosting,GF_00530,3,0.000207327750709
Gradient Boosting,GF_00531,3,5.209995524042823e-07
Gradient Boosting,GF_00536,3,3.646968436625424e-06
Gradient Boosting,GF_00538,3,0.0023771106806303
Gradient Boosting,GF_00546,3,0.0
Gradient Boosting,GF_00547,3,0.0
Gradient Boosting,GF_00548,3,0.0
Gradient Boosting,GF_00549,3,0.0001209741667992
Gradient Boosting,GF_00564,3,0.0
Gradient Boosting,GF_00565,3,0.0
Gradient Boosting,GF_00566,3,0.0
Gradient Boosting,GF_00569,3,2.0031531995185217e-12
Gradient Boosting,GF_00570,3,4.286410327799189e-09
Gradient Boosting,GF_00572,3,7.256524967631708e-17
Gradient Boosting,GF_00574,3,0.0
Gradient Boosting,GF_00578,3,7.582833922682491e-10
Gradient Boosting,GF_00580,3,8.14416409466364e-07
Gradient Boosting,GF_00588,3,4.527235039548457e-05
Gradient Boosting,GF_00594,3,0.0
Gradient Boosting,GF_00595,3,4.2987156490300793e-05
Gradient Boosting,GF_00599,3,8.720212012732388e-10
Gradient Boosting,GF_00600,3,0.0
Gradient Boosting,GF_00601,3,0.0
Gradient Boosting,GF_00603,3,9.658088692943293e-11
Gradient Boosting,GF_00604,3,0.0
Gradient Boosting,GF_00605,3,2.4640717497262197e-05
Gradient Boosting,GF_00606,3,1.4738414131046343e-09
Gradient Boosting,GF_00607,3,0.0
Gradient Boosting,GF_00608,3,0.0002228235190628
Gradient Boosting,GF_00609,3,7.364830525392054e-06
Gradient Boosting,GF_00611,3,1.8311850355163413e-06
Gradient Boosting,GF_00612,3,0.0007550809307715
Gradient Boosting,GF_00613,3,0.0
Gradient Boosting,GF_00614,3,0.0
Gradient Boosting,GF_00615,3,5.849971448449658e-10
Gradient Boosting,GF_00616,3,0.0
Gradient Boosting,GF_00617,3,0.0012903936090559
Gradient Boosting,GF_00618,3,7.14335923785212e-06
Gradient Boosting,GF_00619,3,0.0
Gradient Boosting,GF_00620,3,0.0
Gradient Boosting,GF_00621,3,9.082278506235147e-06
Gradient Boosting,GF_00622,3,0.0620542272262836
Gradient Boosting,GF_00623,3,2.931035057083552e-10
Gradient Boosting,GF_00624,3,3.624636193396636e-05
Gradient Boosting,GF_00632,3,5.292857399207891e-07
Gradient Boosting,GF_00633,3,1.773001140876816e-16
Gradient Boosting,GF_00635,3,5.235600114425049e-05
Gradient Boosting,GF_00636,3,0.0005606539041445
Gradient Boosting,GF_00637,3,1.3130086424265874e-07
Gradient Boosting,GF_00638,3,0.0
Gradient Boosting,GF_00640,3,5.209510405460193e-09
Gradient Boosting,GF_00641,3,3.1364079141477407e-10
Gradient Boosting,GF_00642,3,0.0
Gradient Boosting,GF_00643,3,0.0
Gradient Boosting,GF_00655,3,6.448612268806314e-17
Gradient Boosting,GF_00658,3,3.479457974757564e-05
Gradient Boosting,GF_00659,3,1.4408863189667372e-10
Gradient Boosting,GF_00661,3,2.0120539500916013e-06
Gradient Boosting,GF_00669,3,7.407063510247005e-08
Gradient Boosting,GF_00676,3,0.0
Gradient Boosting,GF_00680,3,0.0
Gradient Boosting,GF_00681,3,0.0
Gradient Boosting,GF_00682,3,0.0001323776421021
Gradient Boosting,GF_00683,3,0.0
Gradient Boosting,GF_00684,3,0.0021691713239015
Gradient Boosting,GF_00687,3,4.817217945707375e-06
Gradient Boosting,GF_00688,3,1.7018942065002532e-08
Gradient Boosting,GF_00695,3,6.307501509638437e-08
Gradient Boosting,GF_00699,3,0.0
Gradient Boosting,GF_00702,3,0.0007539934191001
Gradient Boosting,GF_00709,3,8.547544265577433e-08
Gradient Boosting,GF_00722,3,0.0
Gradient Boosting,GF_00723,3,9.588289872834856e-11
Gradient Boosting,GF_00724,3,5.161183614093706e-08
Gradient Boosting,GF_00725,3,0.0
Gradient Boosting,GF_00726,3,2.240684825204792e-05
Gradient Boosting,GF_00727,3,0.0
Gradient Boosting,GF_00728,3,0.0080746819480249
Gradient Boosting,GF_00729,3,0.0
Gradient Boosting,GF_00732,3,5.395952761067384e-08
Gradient Boosting,GF_00736,3,4.267800886845625e-07
Gradient Boosting,GF_00740,3,4.401863887427458e-07
Gradient Boosting,GF_00741,3,9.606945313549614e-05
Gradient Boosting,GF_00744,3,0.0
Gradient Boosting,GF_00751,3,0.0
Gradient Boosting,GF_00755,3,0.0006004664333643
Gradient Boosting,GF_00756,3,7.210720810740399e-06
Gradient Boosting,GF_00761,3,2.344469250323313e-07
Gradient Boosting,GF_00771,3,0.0
Gradient Boosting,GF_00773,3,0.0
Gradient Boosting,GF_00776,3,9.557326057265026e-05
Gradient Boosting,GF_00777,3,0.0
Gradient Boosting,GF_00785,3,0.0
Gradient Boosting,GF_00796,3,0.0116623608745153
Gradient Boosting,GF_00810,3,0.0
Gradient Boosting,GF_00811,3,0.0
Gradient Boosting,GF_00813,3,0.0
Gradient Boosting,GF_00814,3,3.899898360401298e-06
Gradient Boosting,GF_00816,3,0.0006083981048259
Gradient Boosting,GF_00819,3,0.0
Gradient Boosting,GF_00828,3,0.0124920301512258
Gradient Boosting,GF_00843,3,0.0
Gradient Boosting,GF_00845,3,0.0
Gradient Boosting,GF_00856,3,0.0036211741179853
Gradient Boosting,GF_00857,3,0.0
Gradient Boosting,GF_00860,3,2.2447184292630597e-11
Gradient Boosting,GF_00864,3,4.123349120719568e-09
Gradient Boosting,GF_00866,3,1.668960193121256e-05
Gradient Boosting,GF_00867,3,2.388577670927876e-09
Gradient Boosting,GF_00868,3,5.343161795536383e-11
Gradient Boosting,GF_00869,3,0.0
Gradient Boosting,GF_00870,3,0.0015529901321348
Gradient Boosting,GF_00871,3,4.540160498109515e-05
Gradient Boosting,GF_00872,3,0.0
Gradient Boosting,GF_00873,3,0.0
Gradient Boosting,GF_00874,3,0.0006035634773503
Gradient Boosting,GF_00887,3,0.0
Gradient Boosting,GF_00888,3,4.7222083696767286e-05
Gradient Boosting,GF_00895,3,5.26214652681295e-11
Gradient Boosting,GF_00916,3,0.0
Gradient Boosting,GF_00927,3,0.0
Gradient Boosting,GF_00931,3,0.0049939617258519
Gradient Boosting,GF_00932,3,1.9464501114995802e-07
Gradient Boosting,GF_00933,3,0.0
Gradient Boosting,GF_00946,3,0.0
Gradient Boosting,GF_00947,3,1.9555909020409943e-09
Gradient Boosting,GF_00949,3,0.0
Gradient Boosting,GF_00957,3,0.0001257238189815
Gradient Boosting,GF_00958,3,0.0
Gradient Boosting,GF_00959,3,0.0
Gradient Boosting,GF_00960,3,1.747581172209766e-06
Gradient Boosting,GF_00963,3,0.0
Gradient Boosting,GF_00966,3,0.0
Gradient Boosting,GF_00968,3,0.0
Gradient Boosting,GF_00969,3,1.1855292422554097e-12
Gradient Boosting,GF_00970,3,0.0
Gradient Boosting,GF_00971,3,3.843748834353144e-06
Gradient Boosting,GF_00972,3,1.8331135735290789e-06
Gradient Boosting,GF_00982,3,1.7681956786207648e-05
Gradient Boosting,GF_01004,3,0.0
Gradient Boosting,GF_01005,3,0.0
Gradient Boosting,GF_01012,3,0.0
Gradient Boosting,GF_01026,3,0.0
Gradient Boosting,GF_01027,3,1.5962671745918696e-11
Gradient Boosting,GF_01028,3,2.382767818323593e-07
Gradient Boosting,GF_01054,3,0.0069012634003247
Gradient Boosting,GF_01230,3,4.711783208191877e-05
Gradient Boosting,GF_01231,3,0.0
Gradient Boosting,GF_01232,3,1.7383610142852408e-08
Gradient Boosting,GF_01233,3,0.0
Gradient Boosting,GF_01234,3,9.982232309958229e-08
Gradient Boosting,GF_01235,3,1.1378270624140778e-06
Gradient Boosting,GF_01236,3,1.303723751161915e-07
Gradient Boosting,GF_01237,3,1.941340192109137e-09
Gradient Boosting,GF_01239,3,8.371885847709292e-06
Gradient Boosting,GF_01240,3,1.2037879982298416e-05
Gradient Boosting,GF_01241,3,0.0
Gradient Boosting,GF_01242,3,0.0
Gradient Boosting,GF_01244,3,0.0
Gradient Boosting,GF_01245,3,3.2319192152077796e-09
Gradient Boosting,GF_01246,3,2.997108429536941e-08
Gradient Boosting,GF_01247,3,0.0
Gradient Boosting,GF_01248,3,7.954568957667489e-08
Gradient Boosting,GF_01266,3,0.0
Gradient Boosting,GF_01287,3,2.898764469704868e-07
Gradient Boosting,GF_01290,3,0.0
Gradient Boosting,GF_01291,3,1.9982550132683434e-10
Gradient Boosting,GF_01292,3,1.178465775667598e-06
Gradient Boosting,GF_01293,3,0.0
Gradient Boosting,GF_01297,3,0.0
Gradient Boosting,GF_01306,3,0.0
Gradient Boosting,GF_01314,3,0.0003105844416895
Gradient Boosting,GF_01315,3,0.0002252767281344
Gradient Boosting,GF_01327,3,0.0
Gradient Boosting,GF_01328,3,0.0057090027866278
Gradient Boosting,GF_01329,3,0.0
Gradient Boosting,GF_01330,3,0.0
Gradient Boosting,GF_01331,3,3.593066452692128e-05
Gradient Boosting,GF_01332,3,7.3112276552047e-05
Gradient Boosting,GF_01333,3,0.0
Gradient Boosting,GF_01334,3,4.308277063205134e-11
Gradient Boosting,GF_01336,3,7.128027762731497e-07
Gradient Boosting,GF_01337,3,0.0190503110651596
Gradient Boosting,GF_01338,3,3.5385574776728673e-09
Gradient Boosting,GF_01359,3,0.0
Gradient Boosting,GF_01372,3,0.0
Gradient Boosting,GF_01374,3,0.0020573753240463
Gradient Boosting,GF_01375,3,0.0
Gradient Boosting,GF_01376,3,0.0001961518790674
Gradient Boosting,GF_01377,3,0.0
Gradient Boosting,GF_01379,3,1.3784809102960865e-05
Gradient Boosting,GF_01381,3,0.0
Gradient Boosting,GF_01382,3,3.158503247151717e-06
Gradient Boosting,GF_01383,3,0.005156250416065
Gradient Boosting,GF_01385,3,5.751504179985441e-05
Gradient Boosting,GF_01386,3,2.2090578518438157e-09
Gradient Boosting,GF_01387,3,2.90867755223202e-11
Gradient Boosting,GF_01390,3,0.0
Gradient Boosting,GF_01391,3,3.285228398307055e-05
Gradient Boosting,GF_01393,3,5.316033240692222e-09
Gradient Boosting,GF_01394,3,6.4267370448123425e-09
Gradient Boosting,GF_01395,3,0.0
Gradient Boosting,GF_01396,3,1.7740059692841944e-10
Gradient Boosting,GF_01397,3,0.0
Gradient Boosting,GF_01399,3,0.0022746435225203
Gradient Boosting,GF_01400,3,1.5864467540571345e-17
Gradient Boosting,GF_01401,3,0.0
Gradient Boosting,GF_01404,3,2.9137804891553563e-05
Gradient Boosting,GF_01409,3,2.972871192701154e-07
Gradient Boosting,GF_01425,3,0.0
Gradient Boosting,GF_01426,3,0.5561319095227307
Gradient Boosting,GF_01428,3,0.0042953879301256
Gradient Boosting,GF_01439,3,1.0758618621921414e-09
Gradient Boosting,GF_01445,3,0.0
Gradient Boosting,GF_01446,3,0.0004284787938523
Gradient Boosting,GF_01447,3,0.0
Gradient Boosting,GF_01448,3,2.486414028694744e-08
Gradient Boosting,GF_01449,3,0.0
Gradient Boosting,GF_01456,3,0.0
Gradient Boosting,GF_01458,3,9.177651467356452e-06
Gradient Boosting,GF_01460,3,0.0020385451265786
Gradient Boosting,GF_01461,3,3.2164305105625026e-08
Gradient Boosting,GF_01462,3,0.0166168032274416
Gradient Boosting,GF_01466,3,0.0
Gradient Boosting,GF_01476,3,1.284907807997767e-07
Gradient Boosting,GF_01477,3,1.1831567254280444e-08
Gradient Boosting,GF_01479,3,9.975727858034847e-05
Gradient Boosting,GF_01480,3,0.0082279515871724
Gradient Boosting,GF_01481,3,0.0
Gradient Boosting,GF_01487,3,0.0
Gradient Boosting,GF_01502,3,3.703201319996175e-06
Gradient Boosting,GF_01504,3,0.0
Gradient Boosting,GF_01512,3,5.32210392553392e-05
Gradient Boosting,GF_01514,3,0.0
Gradient Boosting,GF_01527,3,0.0
Gradient Boosting,GF_01534,3,0.0
Gradient Boosting,GF_01535,3,1.1084530262451437e-08
Gradient Boosting,GF_01536,3,8.115701302501326e-08
Gradient Boosting,GF_01537,3,1.9902064006519918e-07
Gradient Boosting,GF_01538,3,1.649547608607727e-09
Gradient Boosting,GF_01539,3,0.0003325087177023
Gradient Boosting,GF_01540,3,1.6499493482216418e-06
Gradient Boosting,GF_01541,3,0.0
Gradient Boosting,GF_01542,3,0.0001612068189041
Gradient Boosting,GF_01543,3,0.0
Gradient Boosting,GF_01544,3,5.927651146856378e-05
Gradient Boosting,GF_01547,3,0.0
Gradient Boosting,GF_01549,3,0.0001539247396285
Gradient Boosting,GF_01550,3,0.0005139618307987
Gradient Boosting,GF_01552,3,0.0
Gradient Boosting,GF_01553,3,5.760285337136538e-06
Gradient Boosting,GF_01579,3,0.0
Gradient Boosting,GF_01580,3,2.0368566406510228e-05
Gradient Boosting,GF_01583,3,7.238862659832672e-09
Gradient Boosting,GF_01584,3,0.0001005499288293
Gradient Boosting,GF_01591,3,5.8697853838978495e-05
Gradient Boosting,GF_01592,3,2.0452103741148145e-05
Gradient Boosting,GF_01616,3,1.3358872384386262e-10
Gradient Boosting,GF_01617,3,7.082554229417541e-07
Gradient Boosting,GF_01618,3,0.0005246415199327
Gradient Boosting,GF_01619,3,1.2686377156297537e-06
Gradient Boosting,GF_01620,3,7.187194377815143e-05
Gradient Boosting,GF_01621,3,0.0
Gradient Boosting,GF_01623,3,0.0009782483339033
Gradient Boosting,GF_01625,3,0.0
Gradient Boosting,GF_01626,3,0.0001906114646877
Gradient Boosting,GF_01627,3,0.0
Gradient Boosting,GF_01628,3,0.0
Gradient Boosting,GF_01629,3,0.0
Gradient Boosting,GF_01630,3,0.0002642181048705
Gradient Boosting,GF_01634,3,7.431622492849171e-06
Gradient Boosting,GF_01635,3,0.0
Gradient Boosting,GF_01636,3,7.034127032719034e-05
Gradient Boosting,GF_01637,3,0.0
Gradient Boosting,GF_01638,3,0.0
Gradient Boosting,GF_01639,3,4.1559197066795057e-07
Gradient Boosting,GF_01641,3,0.0
Gradient Boosting,GF_01648,3,4.409249751357237e-07
Gradient Boosting,GF_01659,3,0.0060748717566126
Gradient Boosting,GF_01661,3,0.0
Gradient Boosting,GF_01672,3,0.0
Gradient Boosting,GF_01673,3,0.0
Gradient Boosting,GF_01674,3,0.0
Gradient Boosting,GF_01675,3,1.5718079562455464e-08
Gradient Boosting,GF_01676,3,1.2566048970916433e-07
Gradient Boosting,GF_01677,3,1.611196102430495e-10
Gradient Boosting,GF_01678,3,0.0
Gradient Boosting,GF_01679,3,0.0001854686925714
Gradient Boosting,GF_01680,3,7.810623776596057e-09
Gradient Boosting,GF_01681,3,1.9837300511641964e-08
Gradient Boosting,GF_01683,3,0.0002380468550063
Gradient Boosting,GF_01684,3,0.0
Gradient Boosting,GF_01685,3,4.261582005087895e-08
Gradient Boosting,GF_01688,3,0.0
Gradient Boosting,GF_01689,3,5.156270557794516e-05
Gradient Boosting,GF_01690,3,0.0
Gradient Boosting,GF_01691,3,0.0
Gradient Boosting,GF_01692,3,0.0009773680189778
Gradient Boosting,GF_01693,3,1.1255464010710741e-08
Gradient Boosting,GF_01732,3,0.0
Gradient Boosting,GF_01733,3,0.0513013412054522
Gradient Boosting,GF_01734,3,5.174225836959473e-05
Gradient Boosting,GF_01735,3,1.6100667236755077e-05
Gradient Boosting,GF_01736,3,0.0
Gradient Boosting,GF_01737,3,0.0
Gradient Boosting,GF_01741,3,0.0
Gradient Boosting,GF_01742,3,2.793102108625714e-10
Gradient Boosting,GF_01745,3,0.0
Gradient Boosting,GF_01763,3,0.0
Gradient Boosting,GF_01783,3,0.0251470392252252
Gradient Boosting,GF_01799,3,0.0
Gradient Boosting,GF_01801,3,0.0
Gradient Boosting,GF_01802,3,4.12701200515467e-06
Gradient Boosting,GF_01803,3,3.4312877591814407e-09
Gradient Boosting,GF_01805,3,0.0001096758664676
Gradient Boosting,GF_01806,3,0.0
Gradient Boosting,GF_01807,3,0.0
Gradient Boosting,GF_01808,3,0.0003774293628485
Gradient Boosting,GF_01809,3,6.959478236535364e-05
Gradient Boosting,GF_01810,3,0.0
Gradient Boosting,GF_01811,3,0.0
Gradient Boosting,GF_01812,3,1.8128302712000957e-06
Gradient Boosting,GF_01813,3,4.883884529901526e-06
Gradient Boosting,GF_01814,3,0.0
Gradient Boosting,GF_01815,3,3.4616939785559725e-05
Gradient Boosting,GF_01816,3,1.7004123521558757e-05
Gradient Boosting,GF_01818,3,8.805197107301298e-14
Gradient Boosting,GF_01819,3,4.8581414625354295e-05
Gradient Boosting,GF_01822,3,4.769350623260021e-06
Gradient Boosting,GF_01823,3,0.0
Gradient Boosting,GF_01834,3,0.0012494813441828
Gradient Boosting,GF_01836,3,3.516498959395853e-05
Gradient Boosting,GF_01837,3,4.328214852699331e-07
Gradient Boosting,GF_01840,3,2.781888296205994e-06
Gradient Boosting,GF_01841,3,2.5843796567248176e-06
Gradient Boosting,GF_01842,3,1.068046328809224e-05
Gradient Boosting,GF_01844,3,2.8501823902584904e-06
Gradient Boosting,GF_01856,3,3.9481526880758245e-10
Gradient Boosting,GF_01860,3,0.0
Gradient Boosting,GF_01866,3,5.412454273399398e-05
Gradient Boosting,GF_01870,3,2.5704819875387183e-08
Gradient Boosting,GF_01872,3,3.917405003617756e-10
Gradient Boosting,GF_01885,3,0.0
Gradient Boosting,GF_01897,3,1.2240013797239316e-06
Gradient Boosting,GF_01898,3,0.0
Gradient Boosting,GF_01899,3,0.0
Gradient Boosting,GF_01900,3,0.0
Gradient Boosting,GF_01901,3,4.892778479970825e-09
Gradient Boosting,GF_01902,3,7.058562427372504e-05
Gradient Boosting,GF_01904,3,0.0010145851786458
Gradient Boosting,GF_01919,3,2.939265565115124e-09
Gradient Boosting,GF_01921,3,1.4232447360863708e-08
Gradient Boosting,GF_01923,3,0.001807791322605
Gradient Boosting,GF_01925,3,1.9541772035529944e-12
Gradient Boosting,GF_01926,3,0.0
Gradient Boosting,GF_01927,3,1.69396389202748e-08
Gradient Boosting,GF_01928,3,1.529228581576902e-07
Gradient Boosting,GF_01929,3,0.000130195988066
Gradient Boosting,GF_01930,3,1.7004997172053264e-07
Gradient Boosting,GF_01945,3,0.0
Gradient Boosting,GF_02041,3,7.897578749831603e-07
Gradient Boosting,GF_02059,3,0.0134769731094814
Gradient Boosting,GF_02060,3,2.276702484690649e-05
Gradient Boosting,GF_02069,3,0.0
Gradient Boosting,GF_02070,3,3.1834598992126995e-10
Gradient Boosting,GF_02071,3,0.0335230655316731
Gradient Boosting,GF_02072,3,0.0008205164005383
Gradient Boosting,GF_02074,3,1.4310215980446009e-06
Gradient Boosting,GF_02075,3,0.0006384368291838
Gradient Boosting,GF_02076,3,0.0
Gradient Boosting,GF_02084,3,0.0
Gradient Boosting,GF_02085,3,8.722530520355091e-05
Gradient Boosting,GF_02088,3,2.5218543683350973e-05
Gradient Boosting,GF_02089,3,0.0
Gradient Boosting,GF_02091,3,0.000336697248297
Gradient Boosting,GF_02092,3,1.76861114389752e-12
Gradient Boosting,GF_02093,3,3.106662986779133e-06
Gradient Boosting,GF_02094,3,0.0
Gradient Boosting,GF_02101,3,3.0814646240590903e-06
Gradient Boosting,GF_02109,3,7.058661182973934e-08
Gradient Boosting,GF_02110,3,0.0
Gradient Boosting,GF_02113,3,0.0
Gradient Boosting,GF_02122,3,0.0001065669370418
Gradient Boosting,GF_02130,3,0.0
Gradient Boosting,GF_02131,3,1.2909890480076511e-09
Gradient Boosting,GF_02132,3,2.575534422465959e-07
Gradient Boosting,GF_02136,3,0.0
Gradient Boosting,GF_02137,3,1.0227302814119785e-05
Gradient Boosting,GF_02138,3,1.487244245307055e-06
Gradient Boosting,GF_02139,3,1.342086274861094e-05
Gradient Boosting,GF_02140,3,0.0001067855447834
Gradient Boosting,GF_02141,3,2.450327591837989e-05
Gradient Boosting,GF_02142,3,6.365084405342259e-05
Gradient Boosting,GF_02143,3,0.0
Gradient Boosting,GF_02145,3,0.0004676931277043
Gradient Boosting,GF_02152,3,0.0011240344377212
Gradient Boosting,GF_02157,3,3.5093856022652067e-09
Gradient Boosting,GF_02158,3,2.1496752093586687e-10
Gradient Boosting,GF_02159,3,4.198305123536778e-09
Gradient Boosting,GF_02172,3,0.0
Gradient Boosting,GF_02178,3,0.0
Gradient Boosting,GF_02180,3,0.0039882455566461
Gradient Boosting,GF_02184,3,1.1891477386330443e-10
Gradient Boosting,GF_02194,3,1.9596389192033458e-13
Gradient Boosting,GF_02215,3,0.0
Gradient Boosting,GF_02216,3,0.0003404920517053
Gradient Boosting,GF_02217,3,0.0
Gradient Boosting,GF_02218,3,1.1934963867811274e-07
Gradient Boosting,GF_02219,3,4.1793099146497787e-07
Gradient Boosting,GF_02220,3,0.0
Gradient Boosting,GF_02222,3,0.0
Gradient Boosting,GF_02223,3,0.0005303931956324
Gradient Boosting,GF_02224,3,0.0
Gradient Boosting,GF_02225,3,2.8519487178417963e-08
Gradient Boosting,GF_02226,3,0.0010053406535019
Gradient Boosting,GF_02227,3,0.0059369713999173
Gradient Boosting,GF_02228,3,3.49387590343984e-07
Gradient Boosting,GF_02229,3,1.3884420812866217e-07
Gradient Boosting,GF_02230,3,0.0004718254786108
Gradient Boosting,GF_02260,3,0.0008167892407645
Gradient Boosting,GF_02261,3,0.0001090279847481
Gradient Boosting,GF_02262,3,0.0001280757013854
Gradient Boosting,GF_02263,3,0.0024249273818699
Gradient Boosting,GF_02264,3,1.3989216178017282e-09
Gradient Boosting,GF_02266,3,3.550566756993963e-07
Gradient Boosting,GF_00002,4,1.1822138609862843e-05
Gradient Boosting,GF_00008,4,0.0
Gradient Boosting,GF_00011,4,3.4602275522376e-06
Gradient Boosting,GF_00012,4,0.0
Gradient Boosting,GF_00013,4,0.0
Gradient Boosting,GF_00014,4,0.0
Gradient Boosting,GF_00015,4,1.7272363664135197e-11
Gradient Boosting,GF_00017,4,2.7464449681678668e-11
Gradient Boosting,GF_00018,4,6.92540918518388e-05
Gradient Boosting,GF_00036,4,0.0
Gradient Boosting,GF_00043,4,4.78349768302845e-07
Gradient Boosting,GF_00044,4,1.2637353614444858e-07
Gradient Boosting,GF_00046,4,0.0
Gradient Boosting,GF_00047,4,4.511764567976593e-12
Gradient Boosting,GF_00048,4,9.90680672708631e-08
Gradient Boosting,GF_00049,4,4.042197545921912e-06
Gradient Boosting,GF_00051,4,0.0
Gradient Boosting,GF_00052,4,2.9176909441930966e-06
Gradient Boosting,GF_00071,4,4.187543586886953e-06
Gradient Boosting,GF_00072,4,0.0
Gradient Boosting,GF_00073,4,8.739079673811985e-09
Gradient Boosting,GF_00074,4,0.0
Gradient Boosting,GF_00075,4,2.9437072332229345e-08
Gradient Boosting,GF_00076,4,1.2473193697243252e-10
Gradient Boosting,GF_00077,4,2.2770126059148536e-05
Gradient Boosting,GF_00078,4,4.076449262592697e-05
Gradient Boosting,GF_00079,4,3.9856853371764434e-05
Gradient Boosting,GF_00080,4,4.317409947937736e-11
Gradient Boosting,GF_00081,4,2.0843127479235253e-07
Gradient Boosting,GF_00082,4,0.0
Gradient Boosting,GF_00083,4,2.0317277553646366e-06
Gradient Boosting,GF_00084,4,0.0
Gradient Boosting,GF_00085,4,1.3744590029245669e-08
Gradient Boosting,GF_00087,4,0.0
Gradient Boosting,GF_00088,4,0.0
Gradient Boosting,GF_00093,4,1.1984290176825058e-06
Gradient Boosting,GF_00094,4,2.375874126507637e-07
Gradient Boosting,GF_00104,4,2.1896800704304443e-05
Gradient Boosting,GF_00105,4,1.6077243591597707e-05
Gradient Boosting,GF_00106,4,0.0
Gradient Boosting,GF_00107,4,1.3701981299871611e-06
Gradient Boosting,GF_00108,4,0.0
Gradient Boosting,GF_00109,4,3.388969415124858e-05
Gradient Boosting,GF_00110,4,0.0
Gradient Boosting,GF_00111,4,4.265857685617048e-06
Gradient Boosting,GF_00112,4,2.0040940889445513e-08
Gradient Boosting,GF_00113,4,7.670557042751143e-09
Gradient Boosting,GF_00114,4,6.12030253682045e-09
Gradient Boosting,GF_00115,4,0.0
Gradient Boosting,GF_00116,4,0.0
Gradient Boosting,GF_00117,4,2.787758703040052e-10
Gradient Boosting,GF_00120,4,1.5909497113408136e-09
Gradient Boosting,GF_00121,4,0.0
Gradient Boosting,GF_00122,4,1.987797853407541e-07
Gradient Boosting,GF_00123,4,2.5460083708649225e-08
Gradient Boosting,GF_00124,4,5.75022707559329e-07
Gradient Boosting,GF_00125,4,0.0001926262450981
Gradient Boosting,GF_00136,4,1.6752232586515322e-12
Gradient Boosting,GF_00137,4,0.0
Gradient Boosting,GF_00138,4,0.0
Gradient Boosting,GF_00139,4,0.0
Gradient Boosting,GF_00141,4,4.035099581740624e-05
Gradient Boosting,GF_00142,4,0.0
Gradient Boosting,GF_00143,4,4.4770067798730346e-10
Gradient Boosting,GF_00155,4,0.0003463884965129
Gradient Boosting,GF_00164,4,0.0
Gradient Boosting,GF_00170,4,0.0
Gradient Boosting,GF_00175,4,0.0056045866624421
Gradient Boosting,GF_00178,4,0.0
Gradient Boosting,GF_00179,4,1.4189326143086914e-08
Gradient Boosting,GF_00180,4,3.4201779114219484e-08
Gradient Boosting,GF_00185,4,0.0
Gradient Boosting,GF_00208,4,1.5575637826461036e-06
Gradient Boosting,GF_00220,4,8.545240076868722e-07
Gradient Boosting,GF_00228,4,0.0
Gradient Boosting,GF_00229,4,0.0
Gradient Boosting,GF_00235,4,1.6322790633058127e-09
Gradient Boosting,GF_00244,4,4.5822793326511116e-07
Gradient Boosting,GF_00250,4,0.0015626710136952
Gradient Boosting,GF_00251,4,0.0
Gradient Boosting,GF_00262,4,8.022697398985797e-07
Gradient Boosting,GF_00281,4,0.0
Gradient Boosting,GF_00290,4,0.0
Gradient Boosting,GF_00296,4,1.2437442864566365e-06
Gradient Boosting,GF_00300,4,0.0
Gradient Boosting,GF_00302,4,0.0008368606182775
Gradient Boosting,GF_00303,4,0.0009539415248218
Gradient Boosting,GF_00305,4,8.191471289040723e-07
Gradient Boosting,GF_00309,4,5.646308403161501e-12
Gradient Boosting,GF_00310,4,0.0
Gradient Boosting,GF_00311,4,8.975205371134547e-08
Gradient Boosting,GF_00312,4,7.73245410669301e-06
Gradient Boosting,GF_00313,4,7.509519100009225e-08
Gradient Boosting,GF_00314,4,0.0
Gradient Boosting,GF_00315,4,0.0032177880218024
Gradient Boosting,GF_00316,4,0.0
Gradient Boosting,GF_00317,4,0.0001757817064761
Gradient Boosting,GF_00318,4,3.25909443870342e-07
Gradient Boosting,GF_00319,4,1.5111725466513372e-05
Gradient Boosting,GF_00320,4,5.843431854541389e-08
Gradient Boosting,GF_00321,4,0.0
Gradient Boosting,GF_00323,4,6.125905110420627e-05
Gradient Boosting,GF_00324,4,3.911759420238766e-07
Gradient Boosting,GF_00325,4,4.207470295301491e-10
Gradient Boosting,GF_00326,4,0.0007687375912496
Gradient Boosting,GF_00327,4,0.0
Gradient Boosting,GF_00329,4,3.956381627420272e-11
Gradient Boosting,GF_00330,4,0.0001362072292677
Gradient Boosting,GF_00331,4,1.47454043554851e-07
Gradient Boosting,GF_00332,4,4.1394035965491545e-14
Gradient Boosting,GF_00333,4,4.8950952806397816e-08
Gradient Boosting,GF_00335,4,1.2720994553247736e-07
Gradient Boosting,GF_00336,4,0.0
Gradient Boosting,GF_00338,4,0.0
Gradient Boosting,GF_00339,4,7.604332643515049e-08
Gradient Boosting,GF_00340,4,1.01320762604178e-05
Gradient Boosting,GF_00341,4,0.0
Gradient Boosting,GF_00342,4,0.0001306900395006
Gradient Boosting,GF_00343,4,6.968639379113568e-07
Gradient Boosting,GF_00344,4,9.555028827774976e-09
Gradient Boosting,GF_00346,4,1.2317307107352663e-05
Gradient Boosting,GF_00347,4,6.460737069305537e-07
Gradient Boosting,GF_00348,4,5.0496307096919377e-11
Gradient Boosting,GF_00349,4,0.0314087048941897
Gradient Boosting,GF_00350,4,0.0
Gradient Boosting,GF_00351,4,1.596431730892537e-11
Gradient Boosting,GF_00352,4,6.988853814898114e-06
Gradient Boosting,GF_00353,4,8.244594264365083e-05
Gradient Boosting,GF_00355,4,0.0
Gradient Boosting,GF_00358,4,6.198070560307534e-07
Gradient Boosting,GF_00360,4,9.403008643529981e-11
Gradient Boosting,GF_00362,4,0.0
Gradient Boosting,GF_00363,4,8.728048695290025e-06
Gradient Boosting,GF_00364,4,6.784907652428696e-06
Gradient Boosting,GF_00365,4,8.548190250194027e-06
Gradient Boosting,GF_00369,4,0.0
Gradient Boosting,GF_00381,4,7.906782358714256e-17
Gradient Boosting,GF_00384,4,0.0
Gradient Boosting,GF_00385,4,1.314179696971728e-09
Gradient Boosting,GF_00386,4,0.0
Gradient Boosting,GF_00387,4,7.100673104120464e-09
Gradient Boosting,GF_00388,4,4.164567739510048e-08
Gradient Boosting,GF_00389,4,1.4066780322648655e-09
Gradient Boosting,GF_00390,4,1.3837106685712387e-10
Gradient Boosting,GF_00391,4,9.730631970089045e-11
Gradient Boosting,GF_00393,4,1.5801375666214465e-06
Gradient Boosting,GF_00394,4,2.17675051179282e-06
Gradient Boosting,GF_00395,4,1.3520535771015084e-05
Gradient Boosting,GF_00396,4,1.4292737707971138e-10
Gradient Boosting,GF_00400,4,2.3911658375672043e-05
Gradient Boosting,GF_00401,4,3.009258398919929e-07
Gradient Boosting,GF_00402,4,0.0
Gradient Boosting,GF_00403,4,1.6179827811976818e-10
Gradient Boosting,GF_00404,4,3.064221619320987e-08
Gradient Boosting,GF_00405,4,2.7568296137030294e-07
Gradient Boosting,GF_00406,4,0.0
Gradient Boosting,GF_00407,4,0.0
Gradient Boosting,GF_00408,4,0.0
Gradient Boosting,GF_00409,4,3.227723619678229e-05
Gradient Boosting,GF_00410,4,1.3890293332876394e-17
Gradient Boosting,GF_00413,4,0.0
Gradient Boosting,GF_00414,4,1.5695590536737184e-05
Gradient Boosting,GF_00415,4,4.265797105113029e-06
Gradient Boosting,GF_00417,4,3.697918907425317e-11
Gradient Boosting,GF_00418,4,0.0
Gradient Boosting,GF_00419,4,3.525532081600345e-07
Gradient Boosting,GF_00421,4,0.0
Gradient Boosting,GF_00422,4,0.0
Gradient Boosting,GF_00424,4,2.551914259752518e-05
Gradient Boosting,GF_00426,4,0.0013946000168238
Gradient Boosting,GF_00427,4,0.000708969004809
Gradient Boosting,GF_00428,4,0.0
Gradient Boosting,GF_00429,4,6.033649444954114e-05
Gradient Boosting,GF_00430,4,2.759758068951529e-05
Gradient Boosting,GF_00431,4,0.0064066089064102
Gradient Boosting,GF_00432,4,1.1533164223750784e-06
Gradient Boosting,GF_00433,4,0.0
Gradient Boosting,GF_00434,4,0.0
Gradient Boosting,GF_00435,4,6.995957667550917e-07
Gradient Boosting,GF_00436,4,1.488204412566981e-07
Gradient Boosting,GF_00437,4,0.1021496555783824
Gradient Boosting,GF_00438,4,7.363928861277671e-09
Gradient Boosting,GF_00440,4,0.0
Gradient Boosting,GF_00441,4,1.252781622066158e-13
Gradient Boosting,GF_00455,4,6.195574806888238e-05
Gradient Boosting,GF_00457,4,8.041296265529785e-09
Gradient Boosting,GF_00458,4,0.0
Gradient Boosting,GF_00471,4,3.676136718670123e-08
Gradient Boosting,GF_00472,4,1.6659783681418102e-10
Gradient Boosting,GF_00477,4,4.5151428094119863e-10
Gradient Boosting,GF_00480,4,1.691301430982388e-05
Gradient Boosting,GF_00482,4,5.666009998695148e-05
Gradient Boosting,GF_00488,4,4.6876657758327055e-08
Gradient Boosting,GF_00489,4,3.043960575926575e-09
Gradient Boosting,GF_00503,4,2.576756200210284e-11
Gradient Boosting,GF_00522,4,0.0
Gradient Boosting,GF_00523,4,0.0
Gradient Boosting,GF_00524,4,0.0052932330989054
Gradient Boosting,GF_00525,4,0.0
Gradient Boosting,GF_00527,4,0.0
Gradient Boosting,GF_00528,4,1.0400090176516857e-05
Gradient Boosting,GF_00529,4,1.6991634697183118e-11
Gradient Boosting,GF_00530,4,5.592573285934101e-10
Gradient Boosting,GF_00531,4,3.5803350325434196e-09
Gradient Boosting,GF_00536,4,1.688381306623581e-05
Gradient Boosting,GF_00538,4,0.0021224477818514
Gradient Boosting,GF_00546,4,4.1613724822419214e-10
Gradient Boosting,GF_00547,4,2.258701586715376e-07
Gradient Boosting,GF_00548,4,1.2776676747788838e-05
Gradient Boosting,GF_00549,4,5.04128324785912e-05
Gradient Boosting,GF_00564,4,5.207676127908555e-07
Gradient Boosting,GF_00565,4,4.685150869676534e-06
Gradient Boosting,GF_00566,4,0.0010352102958657
Gradient Boosting,GF_00569,4,0.0
Gradient Boosting,GF_00570,4,0.0
Gradient Boosting,GF_00572,4,6.324557586411687e-06
Gradient Boosting,GF_00574,4,2.518074552538521e-08
Gradient Boosting,GF_00578,4,2.4334796345418976e-10
Gradient Boosting,GF_00580,4,8.913855211780512e-11
Gradient Boosting,GF_00588,4,0.0
Gradient Boosting,GF_00594,4,5.196972271631724e-09
Gradient Boosting,GF_00595,4,0.0
Gradient Boosting,GF_00599,4,1.5035424797646266e-09
Gradient Boosting,GF_00600,4,8.491584515177517e-10
Gradient Boosting,GF_00601,4,5.551534377332518e-09
Gradient Boosting,GF_00603,4,0.0329359612935054
Gradient Boosting,GF_00604,4,2.91401216378291e-07
Gradient Boosting,GF_00605,4,4.403180292450848e-07
Gradient Boosting,GF_00606,4,1.689014439423362e-12
Gradient Boosting,GF_00607,4,0.0
Gradient Boosting,GF_00608,4,2.2177687366324745e-05
Gradient Boosting,GF_00609,4,4.335168602420997e-10
Gradient Boosting,GF_00611,4,2.4312527740207675e-05
Gradient Boosting,GF_00612,4,3.0112482823119645e-08
Gradient Boosting,GF_00613,4,9.122196333798248e-11
Gradient Boosting,GF_00614,4,1.411326298624268e-05
Gradient Boosting,GF_00615,4,8.801639297847174e-13
Gradient Boosting,GF_00616,4,0.0
Gradient Boosting,GF_00617,4,5.805131693592124e-06
Gradient Boosting,GF_00618,4,4.764963280416429e-06
Gradient Boosting,GF_00619,4,0.0
Gradient Boosting,GF_00620,4,2.414830559937591e-12
Gradient Boosting,GF_00621,4,5.963610615271231e-09
Gradient Boosting,GF_00622,4,0.0
Gradient Boosting,GF_00623,4,8.113005814783865e-09
Gradient Boosting,GF_00624,4,4.938303880346673e-08
Gradient Boosting,GF_00632,4,1.5569664123085782e-05
Gradient Boosting,GF_00633,4,5.64459295841471e-09
Gradient Boosting,GF_00635,4,0.0
Gradient Boosting,GF_00636,4,5.622093415121001e-15
Gradient Boosting,GF_00637,4,3.0402421377661526e-08
Gradient Boosting,GF_00638,4,5.076916406633015e-05
Gradient Boosting,GF_00640,4,2.808748296594564e-06
Gradient Boosting,GF_00641,4,0.0
Gradient Boosting,GF_00642,4,1.044141119881227e-05
Gradient Boosting,GF_00643,4,7.288508842756922e-09
Gradient Boosting,GF_00655,4,0.0
Gradient Boosting,GF_00658,4,1.4561034832399114e-07
Gradient Boosting,GF_00659,4,0.0
Gradient Boosting,GF_00661,4,7.409754753677865e-11
Gradient Boosting,GF_00669,4,4.567316708455976e-09
Gradient Boosting,GF_00676,4,3.455931860207061e-07
Gradient Boosting,GF_00680,4,0.0
Gradient Boosting,GF_00681,4,5.6359488192363176e-05
Gradient Boosting,GF_00682,4,0.0001363828978665
Gradient Boosting,GF_00683,4,0.0
Gradient Boosting,GF_00684,4,2.2484941916350516e-11
Gradient Boosting,GF_00687,4,1.6632988018908733e-06
Gradient Boosting,GF_00688,4,5.139507853998238e-09
Gradient Boosting,GF_00695,4,5.508165222142256e-08
Gradient Boosting,GF_00699,4,0.0
Gradient Boosting,GF_00702,4,9.593800690804672e-06
Gradient Boosting,GF_00709,4,0.0
Gradient Boosting,GF_00722,4,0.0
Gradient Boosting,GF_00723,4,3.9633984332652736e-09
Gradient Boosting,GF_00724,4,4.6812689944487984e-14
Gradient Boosting,GF_00725,4,3.629893403331093e-06
Gradient Boosting,GF_00726,4,1.2543093210612763e-09
Gradient Boosting,GF_00727,4,0.0
Gradient Boosting,GF_00728,4,1.1761474427171623e-08
Gradient Boosting,GF_00729,4,0.0
Gradient Boosting,GF_00732,4,1.1508638993776743e-09
Gradient Boosting,GF_00736,4,1.771135789564305e-09
Gradient Boosting,GF_00740,4,1.2389696023355177e-05
Gradient Boosting,GF_00741,4,0.0
Gradient Boosting,GF_00744,4,4.543048287660007e-08
Gradient Boosting,GF_00751,4,0.0
Gradient Boosting,GF_00755,4,0.0027104144268538
Gradient Boosting,GF_00756,4,0.0006614487739798
Gradient Boosting,GF_00761,4,5.546144639028442e-06
Gradient Boosting,GF_00771,4,2.1336269336727383e-08
Gradient Boosting,GF_00773,4,2.0954508807774795e-06
Gradient Boosting,GF_00776,4,0.0011587478788347
Gradient Boosting,GF_00777,4,5.660911504523204e-06
Gradient Boosting,GF_00785,4,0.0
Gradient Boosting,GF_00796,4,2.835970745309156e-07
Gradient Boosting,GF_00810,4,0.0003016844260245
Gradient Boosting,GF_00811,4,2.5261922134720034e-09
Gradient Boosting,GF_00813,4,0.0
Gradient Boosting,GF_00814,4,0.0
Gradient Boosting,GF_00816,4,8.329180823643088e-10
Gradient Boosting,GF_00819,4,0.0
Gradient Boosting,GF_00828,4,0.0
Gradient Boosting,GF_00843,4,4.913279096737881e-05
Gradient Boosting,GF_00845,4,0.0
Gradient Boosting,GF_00856,4,0.1253499851140377
Gradient Boosting,GF_00857,4,3.545692179639451e-05
Gradient Boosting,GF_00860,4,0.0
Gradient Boosting,GF_00864,4,0.0
Gradient Boosting,GF_00866,4,0.0
Gradient Boosting,GF_00867,4,0.0
Gradient Boosting,GF_00868,4,4.141836252100092e-05
Gradient Boosting,GF_00869,4,1.371845084126564e-06
Gradient Boosting,GF_00870,4,0.0088460703415318
Gradient Boosting,GF_00871,4,0.0
Gradient Boosting,GF_00872,4,0.0
Gradient Boosting,GF_00873,4,3.2178864264284326e-09
Gradient Boosting,GF_00874,4,0.0019964310133198
Gradient Boosting,GF_00887,4,0.0008327754418773
Gradient Boosting,GF_00888,4,0.0011115797645383
Gradient Boosting,GF_00895,4,5.714890338093085e-06
Gradient Boosting,GF_00916,4,1.0109004705949213e-07
Gradient Boosting,GF_00927,4,0.0
Gradient Boosting,GF_00931,4,0.0
Gradient Boosting,GF_00932,4,2.084461514152522e-08
Gradient Boosting,GF_00933,4,6.88070631947426e-09
Gradient Boosting,GF_00946,4,7.59794496500154e-09
Gradient Boosting,GF_00947,4,0.0
Gradient Boosting,GF_00949,4,7.348062013243444e-08
Gradient Boosting,GF_00957,4,6.7388389114308195e-12
Gradient Boosting,GF_00958,4,6.641247177319744e-09
Gradient Boosting,GF_00959,4,4.679528196248654e-10
Gradient Boosting,GF_00960,4,6.312901423006401e-09
Gradient Boosting,GF_00963,4,5.509741390420365e-07
Gradient Boosting,GF_00966,4,0.0
Gradient Boosting,GF_00968,4,0.0
Gradient Boosting,GF_00969,4,0.0
Gradient Boosting,GF_00970,4,0.0
Gradient Boosting,GF_00971,4,3.5657041507139455e-07
Gradient Boosting,GF_00972,4,0.0
Gradient Boosting,GF_00982,4,0.0056423671596791
Gradient Boosting,GF_01004,4,0.0
Gradient Boosting,GF_01005,4,0.0
Gradient Boosting,GF_01012,4,0.0040728537845383
Gradient Boosting,GF_01026,4,0.0
Gradient Boosting,GF_01027,4,0.0
Gradient Boosting,GF_01028,4,0.0
Gradient Boosting,GF_01054,4,0.0023516103222379
Gradient Boosting,GF_01230,4,2.5807217961164328e-08
Gradient Boosting,GF_01231,4,0.0
Gradient Boosting,GF_01232,4,0.007866701325938
Gradient Boosting,GF_01233,4,5.104206506892226e-09
Gradient Boosting,GF_01234,4,1.5419254280272934e-08
Gradient Boosting,GF_01235,4,0.0
Gradient Boosting,GF_01236,4,0.0011022793062244
Gradient Boosting,GF_01237,4,2.83544531316547e-07
Gradient Boosting,GF_01239,4,2.585098919823319e-06
Gradient Boosting,GF_01240,4,0.0
Gradient Boosting,GF_01241,4,0.0001549065504935
Gradient Boosting,GF_01242,4,2.7110966727338745e-14
Gradient Boosting,GF_01244,4,1.77675552810176e-05
Gradient Boosting,GF_01245,4,1.6932387002266691e-06
Gradient Boosting,GF_01246,4,1.5637953254089012e-08
Gradient Boosting,GF_01247,4,0.0
Gradient Boosting,GF_01248,4,5.478914913763739e-08
Gradient Boosting,GF_01266,4,0.0
Gradient Boosting,GF_01287,4,0.0
Gradient Boosting,GF_01290,4,7.760022570474615e-06
Gradient Boosting,GF_01291,4,0.0
Gradient Boosting,GF_01292,4,8.947042071195825e-06
Gradient Boosting,GF_01293,4,3.0159773800234333e-14
Gradient Boosting,GF_01297,4,0.0
Gradient Boosting,GF_01306,4,2.179011477413902e-08
Gradient Boosting,GF_01314,4,2.2513814586835966e-08
Gradient Boosting,GF_01315,4,0.0
Gradient Boosting,GF_01327,4,6.300923740757795e-08
Gradient Boosting,GF_01328,4,0.0033131384436396
Gradient Boosting,GF_01329,4,4.363851707117031e-09
Gradient Boosting,GF_01330,4,0.0
Gradient Boosting,GF_01331,4,7.882252738338296e-06
Gradient Boosting,GF_01332,4,0.0031038640022543
Gradient Boosting,GF_01333,4,0.0
Gradient Boosting,GF_01334,4,4.5057117443885813e-10
Gradient Boosting,GF_01336,4,0.0
Gradient Boosting,GF_01337,4,1.7719725617858146e-08
Gradient Boosting,GF_01338,4,0.0026330851430614
Gradient Boosting,GF_01359,4,0.0
Gradient Boosting,GF_01372,4,5.4365310161436046e-08
Gradient Boosting,GF_01374,4,8.559873928667245e-10
Gradient Boosting,GF_01375,4,3.957928862843672e-06
Gradient Boosting,GF_01376,4,0.0019128213934807
Gradient Boosting,GF_01377,4,0.0
Gradient Boosting,GF_01379,4,0.0
Gradient Boosting,GF_01381,4,0.0114102394655427
Gradient Boosting,GF_01382,4,0.0
Gradient Boosting,GF_01383,4,5.457940000370464e-06
Gradient Boosting,GF_01385,4,2.6529989416148908e-08
Gradient Boosting,GF_01386,4,2.765683449369852e-08
Gradient Boosting,GF_01387,4,7.3048863340261e-08
Gradient Boosting,GF_01390,4,0.0
Gradient Boosting,GF_01391,4,0.0
Gradient Boosting,GF_01393,4,4.275197899178002e-07
Gradient Boosting,GF_01394,4,3.350260187517467e-06
Gradient Boosting,GF_01395,4,0.0
Gradient Boosting,GF_01396,4,2.649752064800245e-07
Gradient Boosting,GF_01397,4,5.723940690202451e-07
Gradient Boosting,GF_01399,4,0.000335138452943
Gradient Boosting,GF_01400,4,3.691353312821551e-08
Gradient Boosting,GF_01401,4,0.0
Gradient Boosting,GF_01404,4,0.0005188870991091
Gradient Boosting,GF_01409,4,5.174009981086776e-07
Gradient Boosting,GF_01425,4,2.2018806767935787e-05
Gradient Boosting,GF_01426,4,3.8760031375957963e-07
Gradient Boosting,GF_01428,4,3.422354575274925e-08
Gradient Boosting,GF_01439,4,9.93578861160985e-10
Gradient Boosting,GF_01445,4,2.3248332368741147e-06
Gradient Boosting,GF_01446,4,6.438544193990571e-09
Gradient Boosting,GF_01447,4,3.991837194370775e-09
Gradient Boosting,GF_01448,4,0.0001343952828584
Gradient Boosting,GF_01449,4,0.0
Gradient Boosting,GF_01456,4,0.0
Gradient Boosting,GF_01458,4,3.212387694968656e-07
Gradient Boosting,GF_01460,4,1.7547104195276104e-07
Gradient Boosting,GF_01461,4,9.766339248640479e-08
Gradient Boosting,GF_01462,4,0.0019979043917238
Gradient Boosting,GF_01466,4,0.0
Gradient Boosting,GF_01476,4,3.586901434417479e-06
Gradient Boosting,GF_01477,4,2.596132417667237e-07
Gradient Boosting,GF_01479,4,6.22423249490681e-07
Gradient Boosting,GF_01480,4,0.0203760343879122
Gradient Boosting,GF_01481,4,0.0
Gradient Boosting,GF_01487,4,1.3767813422673452e-05
Gradient Boosting,GF_01502,4,7.184292775630527e-05
Gradient Boosting,GF_01504,4,4.5362543352728e-11
Gradient Boosting,GF_01512,4,1.2603529445565102e-05
Gradient Boosting,GF_01514,4,3.5643874190853e-06
Gradient Boosting,GF_01527,4,0.0
Gradient Boosting,GF_01534,4,1.746338583649433e-08
Gradient Boosting,GF_01535,4,0.0006354086309656
Gradient Boosting,GF_01536,4,1.8823199183681351e-06
Gradient Boosting,GF_01537,4,9.399833144623897e-08
Gradient Boosting,GF_01538,4,0.0
Gradient Boosting,GF_01539,4,3.836802597203899e-05
Gradient Boosting,GF_01540,4,0.00024636570761
Gradient Boosting,GF_01541,4,0.0
Gradient Boosting,GF_01542,4,0.0006197282405286
Gradient Boosting,GF_01543,4,0.0034645577869794
Gradient Boosting,GF_01544,4,0.0
Gradient Boosting,GF_01547,4,4.0027196742642095e-12
Gradient Boosting,GF_01549,4,0.0
Gradient Boosting,GF_01550,4,9.40202259188807e-05
Gradient Boosting,GF_01552,4,2.0589874398440282e-08
Gradient Boosting,GF_01553,4,2.2454451438501674e-09
Gradient Boosting,GF_01579,4,0.0
Gradient Boosting,GF_01580,4,2.233126543738393e-06
Gradient Boosting,GF_01583,4,0.0004296211967034
Gradient Boosting,GF_01584,4,1.1596181121669369e-07
Gradient Boosting,GF_01591,4,1.132923108481194e-05
Gradient Boosting,GF_01592,4,0.0064708605369662
Gradient Boosting,GF_01616,4,0.0
Gradient Boosting,GF_01617,4,0.0004554269297845
Gradient Boosting,GF_01618,4,3.041979270900546e-06
Gradient Boosting,GF_01619,4,2.3720668232741195e-05
Gradient Boosting,GF_01620,4,1.369224928320296e-05
Gradient Boosting,GF_01621,4,0.0
Gradient Boosting,GF_01623,4,1.763206657636956e-07
Gradient Boosting,GF_01625,4,0.0
Gradient Boosting,GF_01626,4,0.0
Gradient Boosting,GF_01627,4,0.0017626377232101
Gradient Boosting,GF_01628,4,1.456579245329753e-07
Gradient Boosting,GF_01629,4,2.3506577364114805e-08
Gradient Boosting,GF_01630,4,9.06037713913734e-08
Gradient Boosting,GF_01634,4,0.0
Gradient Boosting,GF_01635,4,3.7429647656329125e-08
Gradient Boosting,GF_01636,4,0.0
Gradient Boosting,GF_01637,4,4.697456470134811e-05
Gradient Boosting,GF_01638,4,0.0012693969971018
Gradient Boosting,GF_01639,4,0.0
Gradient Boosting,GF_01641,4,1.0678398530384126e-11
Gradient Boosting,GF_01648,4,0.0
Gradient Boosting,GF_01659,4,2.3657549018700898e-05
Gradient Boosting,GF_01661,4,5.380016827548058e-07
Gradient Boosting,GF_01672,4,7.018891335142431e-07
Gradient Boosting,GF_01673,4,9.7066622004229e-08
Gradient Boosting,GF_01674,4,0.0
Gradient Boosting,GF_01675,4,0.0
Gradient Boosting,GF_01676,4,5.274322975667394e-09
Gradient Boosting,GF_01677,4,0.0
Gradient Boosting,GF_01678,4,0.0
Gradient Boosting,GF_01679,4,3.3993570392305283e-14
Gradient Boosting,GF_01680,4,0.0
Gradient Boosting,GF_01681,4,1.9644378369407892e-10
Gradient Boosting,GF_01683,4,6.250478329260521e-08
Gradient Boosting,GF_01684,4,1.501502979796093e-06
Gradient Boosting,GF_01685,4,1.317297986988563e-12
Gradient Boosting,GF_01688,4,0.0
Gradient Boosting,GF_01689,4,6.447753196848273e-09
Gradient Boosting,GF_01690,4,3.36895253922388e-07
Gradient Boosting,GF_01691,4,3.051527275351214e-06
Gradient Boosting,GF_01692,4,0.0016601812961976
Gradient Boosting,GF_01693,4,0.0
Gradient Boosting,GF_01732,4,2.333614946996557e-09
Gradient Boosting,GF_01733,4,1.8193288863565167e-10
Gradient Boosting,GF_01734,4,0.0
Gradient Boosting,GF_01735,4,3.281866738274998e-07
Gradient Boosting,GF_01736,4,4.216971545891185e-06
Gradient Boosting,GF_01737,4,1.5527063940504972e-05
Gradient Boosting,GF_01741,4,1.2362734803317492e-08
Gradient Boosting,GF_01742,4,4.756987415896104e-05
Gradient Boosting,GF_01745,4,0.0
Gradient Boosting,GF_01763,4,0.0
Gradient Boosting,GF_01783,4,2.7571909179305776e-05
Gradient Boosting,GF_01799,4,0.0
Gradient Boosting,GF_01801,4,0.0
Gradient Boosting,GF_01802,4,6.439530737632115e-10
Gradient Boosting,GF_01803,4,0.0
Gradient Boosting,GF_01805,4,9.416524712806671e-06
Gradient Boosting,GF_01806,4,5.199260680681221e-09
Gradient Boosting,GF_01807,4,0.0001892862322246
Gradient Boosting,GF_01808,4,3.149518349812319e-06
Gradient Boosting,GF_01809,4,2.4522973438775443e-08
Gradient Boosting,GF_01810,4,0.0
Gradient Boosting,GF_01811,4,0.0
Gradient Boosting,GF_01812,4,3.282493317943574e-09
Gradient Boosting,GF_01813,4,1.338330064421719e-08
Gradient Boosting,GF_01814,4,9.020219785868069e-09
Gradient Boosting,GF_01815,4,1.2587319033876276e-07
Gradient Boosting,GF_01816,4,0.0
Gradient Boosting,GF_01818,4,0.0
Gradient Boosting,GF_01819,4,0.0
Gradient Boosting,GF_01822,4,2.007767191326439e-05
Gradient Boosting,GF_01823,4,0.0024061109665789
Gradient Boosting,GF_01834,4,0.013263260888811
Gradient Boosting,GF_01836,4,1.5785187860535948e-08
Gradient Boosting,GF_01837,4,5.5172851636056895e-12
Gradient Boosting,GF_01840,4,0.000120188707799
Gradient Boosting,GF_01841,4,0.0003863773770412
Gradient Boosting,GF_01842,4,0.0
Gradient Boosting,GF_01844,4,7.041508660924898e-08
Gradient Boosting,GF_01856,4,1.8463258467858027e-05
Gradient Boosting,GF_01860,4,1.0828328756555994e-05
Gradient Boosting,GF_01866,4,0.0
Gradient Boosting,GF_01870,4,2.100870451611009e-07
Gradient Boosting,GF_01872,4,0.0
Gradient Boosting,GF_01885,4,0.0
Gradient Boosting,GF_01897,4,0.0004355918904089
Gradient Boosting,GF_01898,4,1.626216178169315e-09
Gradient Boosting,GF_01899,4,0.0
Gradient Boosting,GF_01900,4,2.582362899317604e-10
Gradient Boosting,GF_01901,4,1.865477627648129e-09
Gradient Boosting,GF_01902,4,1.8500819812575504e-05
Gradient Boosting,GF_01904,4,0.0
Gradient Boosting,GF_01919,4,0.0
Gradient Boosting,GF_01921,4,2.6822330423866053e-08
Gradient Boosting,GF_01923,4,0.0002225420497229
Gradient Boosting,GF_01925,4,0.0
Gradient Boosting,GF_01926,4,6.519713537203352e-07
Gradient Boosting,GF_01927,4,0.0155793268197459
Gradient Boosting,GF_01928,4,3.621237940442847e-09
Gradient Boosting,GF_01929,4,7.187674928946007e-06
Gradient Boosting,GF_01930,4,0.0006325672003438
Gradient Boosting,GF_01945,4,0.0
Gradient Boosting,GF_02041,4,1.974204026786024e-10
Gradient Boosting,GF_02059,4,5.970271635412995e-05
Gradient Boosting,GF_02060,4,0.0
Gradient Boosting,GF_02069,4,0.0024500287246974
Gradient Boosting,GF_02070,4,1.6614953044263852e-08
Gradient Boosting,GF_02071,4,0.0
Gradient Boosting,GF_02072,4,9.674436059120028e-06
Gradient Boosting,GF_02074,4,0.0
Gradient Boosting,GF_02075,4,1.07005419413933e-05
Gradient Boosting,GF_02076,4,2.7478145925415198e-06
Gradient Boosting,GF_02084,4,4.3563082257431394e-11
Gradient Boosting,GF_02085,4,1.8220160136479486e-10
Gradient Boosting,GF_02088,4,1.1250546066705268e-08
Gradient Boosting,GF_02089,4,8.457609074279034e-05
Gradient Boosting,GF_02091,4,7.19470822400782e-08
Gradient Boosting,GF_02092,4,2.183056452264595e-09
Gradient Boosting,GF_02093,4,1.2690616847385137e-07
Gradient Boosting,GF_02094,4,0.0
Gradient Boosting,GF_02101,4,0.0
Gradient Boosting,GF_02109,4,4.464769934885727e-12
Gradient Boosting,GF_02110,4,2.578118479581992e-07
Gradient Boosting,GF_02113,4,1.2917922564817742e-08
Gradient Boosting,GF_02122,4,4.900753427768882e-09
Gradient Boosting,GF_02130,4,0.0
Gradient Boosting,GF_02131,4,4.027923088323034e-07
Gradient Boosting,GF_02132,4,0.001079104664152
Gradient Boosting,GF_02136,4,0.0
Gradient Boosting,GF_02137,4,0.0
Gradient Boosting,GF_02138,4,0.0
Gradient Boosting,GF_02139,4,0.0
Gradient Boosting,GF_02140,4,5.452950175737138e-10
Gradient Boosting,GF_02141,4,0.5206816682127244
Gradient Boosting,GF_02142,4,2.0535607986730875e-06
Gradient Boosting,GF_02143,4,0.0
Gradient Boosting,GF_02145,4,0.0040595895749694
Gradient Boosting,GF_02152,4,2.224442722827868e-08
Gradient Boosting,GF_02157,4,2.698919709125909e-07
Gradient Boosting,GF_02158,4,8.846473426237067e-11
Gradient Boosting,GF_02159,4,0.0
Gradient Boosting,GF_02172,4,4.010106826115021e-06
Gradient Boosting,GF_02178,4,0.0
Gradient Boosting,GF_02180,4,7.393731174606057e-05
Gradient Boosting,GF_02184,4,1.2189882107338348e-10
Gradient Boosting,GF_02194,4,0.0
Gradient Boosting,GF_02215,4,0.0
Gradient Boosting,GF_02216,4,1.1026134458444203e-05
Gradient Boosting,GF_02217,4,5.872922062484782e-10
Gradient Boosting,GF_02218,4,0.0
Gradient Boosting,GF_02219,4,3.0383599756330625e-05
Gradient Boosting,GF_02220,4,0.0
Gradient Boosting,GF_02222,4,0.0
Gradient Boosting,GF_02223,4,0.0
Gradient Boosting,GF_02224,4,1.3858586473342851e-06
Gradient Boosting,GF_02225,4,0.0
Gradient Boosting,GF_02226,4,0.0094684657990664
Gradient Boosting,GF_02227,4,1.049228909357515e-06
Gradient Boosting,GF_02228,4,0.0
Gradient Boosting,GF_02229,4,0.0
Gradient Boosting,GF_02230,4,3.325596934187573e-05
Gradient Boosting,GF_02260,4,7.092682725646345e-08
Gradient Boosting,GF_02261,4,0.0001040420626079
Gradient Boosting,GF_02262,4,7.522467172771818e-09
Gradient Boosting,GF_02263,4,0.0021420812320107
Gradient Boosting,GF_02264,4,0.0
Gradient Boosting,GF_02266,4,0.0
Gradient Boosting,GF_00002,5,0.0
Gradient Boosting,GF_00008,5,0.0
Gradient Boosting,GF_00011,5,0.0
Gradient Boosting,GF_00012,5,1.2192894121588808e-07
Gradient Boosting,GF_00013,5,0.0
Gradient Boosting,GF_00014,5,0.0
Gradient Boosting,GF_00015,5,2.8620275516594023e-11
Gradient Boosting,GF_00017,5,0.0
Gradient Boosting,GF_00018,5,0.0221784929341275
Gradient Boosting,GF_00036,5,0.0
Gradient Boosting,GF_00043,5,9.71132421910153e-05
Gradient Boosting,GF_00044,5,0.0
Gradient Boosting,GF_00046,5,2.1999183683792897e-11
Gradient Boosting,GF_00047,5,2.2855878549202897e-05
Gradient Boosting,GF_00048,5,1.4771696254712318e-11
Gradient Boosting,GF_00049,5,0.0
Gradient Boosting,GF_00051,5,0.0
Gradient Boosting,GF_00052,5,0.0
Gradient Boosting,GF_00071,5,0.0
Gradient Boosting,GF_00072,5,0.0
Gradient Boosting,GF_00073,5,0.0
Gradient Boosting,GF_00074,5,0.0
Gradient Boosting,GF_00075,5,0.0
Gradient Boosting,GF_00076,5,0.0
Gradient Boosting,GF_00077,5,0.0
Gradient Boosting,GF_00078,5,0.0
Gradient Boosting,GF_00079,5,0.0
Gradient Boosting,GF_00080,5,0.0
Gradient Boosting,GF_00081,5,0.0
Gradient Boosting,GF_00082,5,0.0215273300697156
Gradient Boosting,GF_00083,5,0.0050882822220743
Gradient Boosting,GF_00084,5,8.579472915105796e-10
Gradient Boosting,GF_00085,5,0.0
Gradient Boosting,GF_00087,5,0.0
Gradient Boosting,GF_00088,5,0.0
Gradient Boosting,GF_00093,5,0.0
Gradient Boosting,GF_00094,5,3.2932137199433535e-07
Gradient Boosting,GF_00104,5,0.0
Gradient Boosting,GF_00105,5,0.0
Gradient Boosting,GF_00106,5,0.0
Gradient Boosting,GF_00107,5,0.0
Gradient Boosting,GF_00108,5,0.0
Gradient Boosting,GF_00109,5,0.0
Gradient Boosting,GF_00110,5,0.0
Gradient Boosting,GF_00111,5,0.0
Gradient Boosting,GF_00112,5,0.0016419029505011
Gradient Boosting,GF_00113,5,0.0
Gradient Boosting,GF_00114,5,0.0
Gradient Boosting,GF_00115,5,0.0001825158571216
Gradient Boosting,GF_00116,5,0.0
Gradient Boosting,GF_00117,5,0.0
Gradient Boosting,GF_00120,5,9.215088867488336e-09
Gradient Boosting,GF_00121,5,0.0
Gradient Boosting,GF_00122,5,1.492432481894789e-07
Gradient Boosting,GF_00123,5,0.0
Gradient Boosting,GF_00124,5,0.0
Gradient Boosting,GF_00125,5,0.0
Gradient Boosting,GF_00136,5,3.387427791463749e-09
Gradient Boosting,GF_00137,5,0.0
Gradient Boosting,GF_00138,5,0.0
Gradient Boosting,GF_00139,5,0.0
Gradient Boosting,GF_00141,5,0.0017247639594251
Gradient Boosting,GF_00142,5,0.0
Gradient Boosting,GF_00143,5,2.218618832028468e-06
Gradient Boosting,GF_00155,5,0.0
Gradient Boosting,GF_00164,5,0.0
Gradient Boosting,GF_00170,5,1.7166117643517962e-05
Gradient Boosting,GF_00175,5,4.365209772087159e-07
Gradient Boosting,GF_00178,5,0.0
Gradient Boosting,GF_00179,5,0.0
Gradient Boosting,GF_00180,5,0.0
Gradient Boosting,GF_00185,5,0.0
Gradient Boosting,GF_00208,5,2.6442666546043633e-09
Gradient Boosting,GF_00220,5,3.305453054655007e-08
Gradient Boosting,GF_00228,5,0.0
Gradient Boosting,GF_00229,5,8.981376102690799e-13
Gradient Boosting,GF_00235,5,1.1963030127712548e-10
Gradient Boosting,GF_00244,5,5.967696930420294e-09
Gradient Boosting,GF_00250,5,0.0008784493577942
Gradient Boosting,GF_00251,5,3.155561962793804e-10
Gradient Boosting,GF_00262,5,0.0
Gradient Boosting,GF_00281,5,0.0
Gradient Boosting,GF_00290,5,0.0
Gradient Boosting,GF_00296,5,0.0039922514833254
Gradient Boosting,GF_00300,5,0.0011810249315767
Gradient Boosting,GF_00302,5,4.308529089176996e-06
Gradient Boosting,GF_00303,5,6.657338854521081e-08
Gradient Boosting,GF_00305,5,0.0
Gradient Boosting,GF_00309,5,0.0
Gradient Boosting,GF_00310,5,0.0
Gradient Boosting,GF_00311,5,1.8132612328067186e-13
Gradient Boosting,GF_00312,5,0.0
Gradient Boosting,GF_00313,5,0.0
Gradient Boosting,GF_00314,5,3.338349374990119e-05
Gradient Boosting,GF_00315,5,1.077124999728862e-09
Gradient Boosting,GF_00316,5,1.3152717264976363e-05
Gradient Boosting,GF_00317,5,0.0016419029505011
Gradient Boosting,GF_00318,5,0.0
Gradient Boosting,GF_00319,5,0.0
Gradient Boosting,GF_00320,5,0.0
Gradient Boosting,GF_00321,5,0.0
Gradient Boosting,GF_00323,5,0.0
Gradient Boosting,GF_00324,5,0.0
Gradient Boosting,GF_00325,5,0.0
Gradient Boosting,GF_00326,5,0.0009418019046215
Gradient Boosting,GF_00327,5,6.590007772636885e-07
Gradient Boosting,GF_00329,5,0.0277645599292454
Gradient Boosting,GF_00330,5,0.0210466222154977
Gradient Boosting,GF_00331,5,0.0016952158202305
Gradient Boosting,GF_00332,5,0.0
Gradient Boosting,GF_00333,5,0.0017065957799561
Gradient Boosting,GF_00335,5,0.0
Gradient Boosting,GF_00336,5,0.0
Gradient Boosting,GF_00338,5,0.0
Gradient Boosting,GF_00339,5,0.0
Gradient Boosting,GF_00340,5,0.0
Gradient Boosting,GF_00341,5,0.006356845239606
Gradient Boosting,GF_00342,5,0.0
Gradient Boosting,GF_00343,5,0.0
Gradient Boosting,GF_00344,5,0.0
Gradient Boosting,GF_00346,5,0.0
Gradient Boosting,GF_00347,5,0.0
Gradient Boosting,GF_00348,5,8.619890624728075e-12
Gradient Boosting,GF_00349,5,3.5639602693814455e-07
Gradient Boosting,GF_00350,5,0.0
Gradient Boosting,GF_00351,5,0.0
Gradient Boosting,GF_00352,5,0.0
Gradient Boosting,GF_00353,5,4.2313251033240994e-05
Gradient Boosting,GF_00355,5,0.0
Gradient Boosting,GF_00358,5,0.0
Gradient Boosting,GF_00360,5,0.0
Gradient Boosting,GF_00362,5,0.0
Gradient Boosting,GF_00363,5,0.0
Gradient Boosting,GF_00364,5,0.0
Gradient Boosting,GF_00365,5,3.3826593734927047e-08
Gradient Boosting,GF_00369,5,0.0
Gradient Boosting,GF_00381,5,4.2914165019167227e-13
Gradient Boosting,GF_00384,5,0.0
Gradient Boosting,GF_00385,5,0.0
Gradient Boosting,GF_00386,5,0.0
Gradient Boosting,GF_00387,5,0.0
Gradient Boosting,GF_00388,5,0.0
Gradient Boosting,GF_00389,5,0.0
Gradient Boosting,GF_00390,5,0.0
Gradient Boosting,GF_00391,5,7.080730660993342e-08
Gradient Boosting,GF_00393,5,0.0
Gradient Boosting,GF_00394,5,5.231238269893473e-07
Gradient Boosting,GF_00395,5,5.194260194221988e-09
Gradient Boosting,GF_00396,5,0.0026222126115273
Gradient Boosting,GF_00400,5,0.0003134369016807
Gradient Boosting,GF_00401,5,0.0
Gradient Boosting,GF_00402,5,0.0064759585837063
Gradient Boosting,GF_00403,5,0.0
Gradient Boosting,GF_00404,5,0.0
Gradient Boosting,GF_00405,5,0.0013263157717417
Gradient Boosting,GF_00406,5,2.091280969119876e-08
Gradient Boosting,GF_00407,5,3.2377382886326573e-06
Gradient Boosting,GF_00408,5,0.0
Gradient Boosting,GF_00409,5,0.0
Gradient Boosting,GF_00410,5,0.0
Gradient Boosting,GF_00413,5,0.0
Gradient Boosting,GF_00414,5,0.0
Gradient Boosting,GF_00415,5,0.0
Gradient Boosting,GF_00417,5,0.0
Gradient Boosting,GF_00418,5,0.001104100878761
Gradient Boosting,GF_00419,5,0.0
Gradient Boosting,GF_00421,5,0.0
Gradient Boosting,GF_00422,5,0.0
Gradient Boosting,GF_00424,5,2.237811987220332e-07
Gradient Boosting,GF_00426,5,0.0
Gradient Boosting,GF_00427,5,0.0
Gradient Boosting,GF_00428,5,0.0
Gradient Boosting,GF_00429,5,0.0
Gradient Boosting,GF_00430,5,8.077923675834758e-10
Gradient Boosting,GF_00431,5,0.0
Gradient Boosting,GF_00432,5,0.0
Gradient Boosting,GF_00433,5,0.0
Gradient Boosting,GF_00434,5,3.350372696235048e-09
Gradient Boosting,GF_00435,5,0.0
Gradient Boosting,GF_00436,5,0.0
Gradient Boosting,GF_00437,5,2.982038110966062e-12
Gradient Boosting,GF_00438,5,0.0
Gradient Boosting,GF_00440,5,1.0063993779464145e-07
Gradient Boosting,GF_00441,5,0.0
Gradient Boosting,GF_00455,5,0.0
Gradient Boosting,GF_00457,5,0.0
Gradient Boosting,GF_00458,5,0.0
Gradient Boosting,GF_00471,5,0.0
Gradient Boosting,GF_00472,5,0.0
Gradient Boosting,GF_00477,5,0.0011670940241875
Gradient Boosting,GF_00480,5,3.702920846437096e-09
Gradient Boosting,GF_00482,5,0.0
Gradient Boosting,GF_00488,5,0.0107407959728053
Gradient Boosting,GF_00489,5,0.0
Gradient Boosting,GF_00503,5,0.0
Gradient Boosting,GF_00522,5,0.0
Gradient Boosting,GF_00523,5,1.3829017630427076e-05
Gradient Boosting,GF_00524,5,0.0013940494702972
Gradient Boosting,GF_00525,5,0.0
Gradient Boosting,GF_00527,5,0.0
Gradient Boosting,GF_00528,5,0.0
Gradient Boosting,GF_00529,5,5.4613854073504274e-14
Gradient Boosting,GF_00530,5,0.0
Gradient Boosting,GF_00531,5,0.0
Gradient Boosting,GF_00536,5,0.0
Gradient Boosting,GF_00538,5,4.179519037445997e-11
Gradient Boosting,GF_00546,5,3.0415908627921055e-07
Gradient Boosting,GF_00547,5,3.2286165600460987e-06
Gradient Boosting,GF_00548,5,0.0
Gradient Boosting,GF_00549,5,0.0
Gradient Boosting,GF_00564,5,0.0
Gradient Boosting,GF_00565,5,0.0
Gradient Boosting,GF_00566,5,9.29428393780961e-06
Gradient Boosting,GF_00569,5,1.3906461354050714e-10
Gradient Boosting,GF_00570,5,0.0010435733947876
Gradient Boosting,GF_00572,5,0.0006112167867476
Gradient Boosting,GF_00574,5,0.0
Gradient Boosting,GF_00578,5,0.0020833717503512
Gradient Boosting,GF_00580,5,3.287812786355301e-11
Gradient Boosting,GF_00588,5,0.0
Gradient Boosting,GF_00594,5,2.43564666227068e-08
Gradient Boosting,GF_00595,5,0.0
Gradient Boosting,GF_00599,5,1.1192906824255947e-05
Gradient Boosting,GF_00600,5,4.115929018053056e-05
Gradient Boosting,GF_00601,5,0.0
Gradient Boosting,GF_00603,5,0.0
Gradient Boosting,GF_00604,5,0.0
Gradient Boosting,GF_00605,5,1.1838938119709842e-09
Gradient Boosting,GF_00606,5,0.0
Gradient Boosting,GF_00607,5,0.0
Gradient Boosting,GF_00608,5,0.0289433990622184
Gradient Boosting,GF_00609,5,0.0
Gradient Boosting,GF_00611,5,0.0
Gradient Boosting,GF_00612,5,7.780278754841645e-11
Gradient Boosting,GF_00613,5,0.0
Gradient Boosting,GF_00614,5,3.144309425355602e-05
Gradient Boosting,GF_00615,5,1.1900307336793375e-11
Gradient Boosting,GF_00616,5,8.320041362536746e-08
Gradient Boosting,GF_00617,5,1.992568989164004e-08
Gradient Boosting,GF_00618,5,0.0
Gradient Boosting,GF_00619,5,2.1970800456780397e-09
Gradient Boosting,GF_00620,5,0.0
Gradient Boosting,GF_00621,5,0.0
Gradient Boosting,GF_00622,5,5.0912119889273194e-09
Gradient Boosting,GF_00623,5,2.403071731011148e-07
Gradient Boosting,GF_00624,5,1.1084892729506142e-06
Gradient Boosting,GF_00632,5,0.0
Gradient Boosting,GF_00633,5,0.0
Gradient Boosting,GF_00635,5,0.0
Gradient Boosting,GF_00636,5,0.0
Gradient Boosting,GF_00637,5,7.626946257405248e-07
Gradient Boosting,GF_00638,5,0.0
Gradient Boosting,GF_00640,5,0.0
Gradient Boosting,GF_00641,5,0.0
Gradient Boosting,GF_00642,5,1.629038743652365e-10
Gradient Boosting,GF_00643,5,0.0
Gradient Boosting,GF_00655,5,9.683052495446898e-18
Gradient Boosting,GF_00658,5,2.4766249503023557e-10
Gradient Boosting,GF_00659,5,0.0
Gradient Boosting,GF_00661,5,0.0
Gradient Boosting,GF_00669,5,0.0
Gradient Boosting,GF_00676,5,2.8309751731677257e-07
Gradient Boosting,GF_00680,5,0.0
Gradient Boosting,GF_00681,5,2.460298435142399e-09
Gradient Boosting,GF_00682,5,0.0
Gradient Boosting,GF_00683,5,0.0
Gradient Boosting,GF_00684,5,0.0
Gradient Boosting,GF_00687,5,0.0020441527317329
Gradient Boosting,GF_00688,5,0.0
Gradient Boosting,GF_00695,5,4.3858336851206285e-07
Gradient Boosting,GF_00699,5,0.0
Gradient Boosting,GF_00702,5,0.0
Gradient Boosting,GF_00709,5,0.0
Gradient Boosting,GF_00722,5,0.0
Gradient Boosting,GF_00723,5,0.0
Gradient Boosting,GF_00724,5,4.607424290848436e-09
Gradient Boosting,GF_00725,5,0.0
Gradient Boosting,GF_00726,5,0.0074501484124116
Gradient Boosting,GF_00727,5,0.0
Gradient Boosting,GF_00728,5,0.0
Gradient Boosting,GF_00729,5,1.961218792978904e-07
Gradient Boosting,GF_00732,5,0.0
Gradient Boosting,GF_00736,5,0.0
Gradient Boosting,GF_00740,5,0.0
Gradient Boosting,GF_00741,5,1.6264901863179968e-08
Gradient Boosting,GF_00744,5,0.0
Gradient Boosting,GF_00751,5,0.0
Gradient Boosting,GF_00755,5,0.0
Gradient Boosting,GF_00756,5,0.0
Gradient Boosting,GF_00761,5,0.0
Gradient Boosting,GF_00771,5,0.0
Gradient Boosting,GF_00773,5,0.0
Gradient Boosting,GF_00776,5,0.0
Gradient Boosting,GF_00777,5,4.975466955448216e-11
Gradient Boosting,GF_00785,5,0.0002203414225898
Gradient Boosting,GF_00796,5,0.0
Gradient Boosting,GF_00810,5,0.0
Gradient Boosting,GF_00811,5,0.0
Gradient Boosting,GF_00813,5,0.0
Gradient Boosting,GF_00814,5,0.0
Gradient Boosting,GF_00816,5,5.055703966597083e-07
Gradient Boosting,GF_00819,5,0.0
Gradient Boosting,GF_00828,5,0.0
Gradient Boosting,GF_00843,5,0.0
Gradient Boosting,GF_00845,5,0.0
Gradient Boosting,GF_00856,5,0.0002455234668684
Gradient Boosting,GF_00857,5,2.0249131260318343e-06
Gradient Boosting,GF_00860,5,0.0
Gradient Boosting,GF_00864,5,2.3329360888306997e-09
Gradient Boosting,GF_00866,5,2.2147272313073577e-13
Gradient Boosting,GF_00867,5,0.0
Gradient Boosting,GF_00868,5,0.0
Gradient Boosting,GF_00869,5,0.0
Gradient Boosting,GF_00870,5,0.0
Gradient Boosting,GF_00871,5,0.0
Gradient Boosting,GF_00872,5,9.224333736075856e-05
Gradient Boosting,GF_00873,5,4.5818240780382384e-08
Gradient Boosting,GF_00874,5,0.0
Gradient Boosting,GF_00887,5,0.0015422506325145
Gradient Boosting,GF_00888,5,0.0
Gradient Boosting,GF_00895,5,2.156161472433161e-06
Gradient Boosting,GF_00916,5,0.0014441734430994
Gradient Boosting,GF_00927,5,0.0
Gradient Boosting,GF_00931,5,0.0
Gradient Boosting,GF_00932,5,0.0
Gradient Boosting,GF_00933,5,0.0
Gradient Boosting,GF_00946,5,9.077737526217412e-06
Gradient Boosting,GF_00947,5,0.0
Gradient Boosting,GF_00949,5,1.8007232217017392e-07
Gradient Boosting,GF_00957,5,0.0
Gradient Boosting,GF_00958,5,6.611937771221188e-06
Gradient Boosting,GF_00959,5,0.0
Gradient Boosting,GF_00960,5,0.0
Gradient Boosting,GF_00963,5,0.0
Gradient Boosting,GF_00966,5,1.7402757874962514e-12
Gradient Boosting,GF_00968,5,0.0
Gradient Boosting,GF_00969,5,0.0
Gradient Boosting,GF_00970,5,1.36293926749547e-07
Gradient Boosting,GF_00971,5,2.583477673080594e-10
Gradient Boosting,GF_00972,5,0.0
Gradient Boosting,GF_00982,5,0.0014546223829065
Gradient Boosting,GF_01004,5,0.0
Gradient Boosting,GF_01005,5,6.207279669583948e-07
Gradient Boosting,GF_01012,5,0.0
Gradient Boosting,GF_01026,5,0.0
Gradient Boosting,GF_01027,5,0.0
Gradient Boosting,GF_01028,5,5.241554382781227e-13
Gradient Boosting,GF_01054,5,0.0
Gradient Boosting,GF_01230,5,1.724793725751479e-17
Gradient Boosting,GF_01231,5,0.0
Gradient Boosting,GF_01232,5,0.0
Gradient Boosting,GF_01233,5,4.093602018989869e-11
Gradient Boosting,GF_01234,5,0.0
Gradient Boosting,GF_01235,5,0.0
Gradient Boosting,GF_01236,5,3.640293723994108e-08
Gradient Boosting,GF_01237,5,0.0
Gradient Boosting,GF_01239,5,0.0028275266721378
Gradient Boosting,GF_01240,5,0.0
Gradient Boosting,GF_01241,5,0.0
Gradient Boosting,GF_01242,5,4.0355293559928825e-13
Gradient Boosting,GF_01244,5,5.917491419234289e-09
Gradient Boosting,GF_01245,5,0.0006839774638672
Gradient Boosting,GF_01246,5,0.0
Gradient Boosting,GF_01247,5,0.0
Gradient Boosting,GF_01248,5,0.0
Gradient Boosting,GF_01266,5,0.0
Gradient Boosting,GF_01287,5,4.368403081609901e-09
Gradient Boosting,GF_01290,5,0.0
Gradient Boosting,GF_01291,5,5.3977590746383136e-08
Gradient Boosting,GF_01292,5,0.0
Gradient Boosting,GF_01293,5,5.894059043408538e-06
Gradient Boosting,GF_01297,5,0.0
Gradient Boosting,GF_01306,5,4.151449033599637e-09
Gradient Boosting,GF_01314,5,0.0
Gradient Boosting,GF_01315,5,0.0
Gradient Boosting,GF_01327,5,0.0
Gradient Boosting,GF_01328,5,0.0017946019222597
Gradient Boosting,GF_01329,5,2.1727839568699025e-08
Gradient Boosting,GF_01330,5,4.120594840818103e-07
Gradient Boosting,GF_01331,5,0.0
Gradient Boosting,GF_01332,5,4.023819053154526e-06
Gradient Boosting,GF_01333,5,6.62930733421575e-08
Gradient Boosting,GF_01334,5,0.0
Gradient Boosting,GF_01336,5,0.0
Gradient Boosting,GF_01337,5,0.0
Gradient Boosting,GF_01338,5,0.0010796116282378
Gradient Boosting,GF_01359,5,0.0
Gradient Boosting,GF_01372,5,0.0
Gradient Boosting,GF_01374,5,0.0
Gradient Boosting,GF_01375,5,1.5954275183541188e-10
Gradient Boosting,GF_01376,5,0.0
Gradient Boosting,GF_01377,5,8.075115441003981e-10
Gradient Boosting,GF_01379,5,0.0
Gradient Boosting,GF_01381,5,0.0
Gradient Boosting,GF_01382,5,0.0200716958432973
Gradient Boosting,GF_01383,5,0.0
Gradient Boosting,GF_01385,5,0.0
Gradient Boosting,GF_01386,5,0.6431582723607336
Gradient Boosting,GF_01387,5,1.6751736254782583e-06
Gradient Boosting,GF_01390,5,8.921222320373091e-05
Gradient Boosting,GF_01391,5,0.0
Gradient Boosting,GF_01393,5,0.0
Gradient Boosting,GF_01394,5,7.946009487207324e-10
Gradient Boosting,GF_01395,5,0.0
Gradient Boosting,GF_01396,5,0.0
Gradient Boosting,GF_01397,5,0.0
Gradient Boosting,GF_01399,5,9.316676989801888e-05
Gradient Boosting,GF_01400,5,0.0
Gradient Boosting,GF_01401,5,1.3336627362755796e-10
Gradient Boosting,GF_01404,5,1.0918504402343992e-10
Gradient Boosting,GF_01409,5,0.0010748522420898
Gradient Boosting,GF_01425,5,5.0570085576634566e-08
Gradient Boosting,GF_01426,5,2.6560229581732603e-10
Gradient Boosting,GF_01428,5,7.37079322631897e-06
Gradient Boosting,GF_01439,5,0.0
Gradient Boosting,GF_01445,5,0.0
Gradient Boosting,GF_01446,5,7.495152233818457e-07
Gradient Boosting,GF_01447,5,6.247338339923796e-09
Gradient Boosting,GF_01448,5,0.0
Gradient Boosting,GF_01449,5,0.0
Gradient Boosting,GF_01456,5,8.147450714766385e-14
Gradient Boosting,GF_01458,5,2.6419389413668146e-06
Gradient Boosting,GF_01460,5,4.958815535627747e-10
Gradient Boosting,GF_01461,5,0.0
Gradient Boosting,GF_01462,5,2.684194107822166e-09
Gradient Boosting,GF_01466,5,0.0
Gradient Boosting,GF_01476,5,0.0
Gradient Boosting,GF_01477,5,0.0
Gradient Boosting,GF_01479,5,0.0
Gradient Boosting,GF_01480,5,0.002666346568223
Gradient Boosting,GF_01481,5,0.0
Gradient Boosting,GF_01487,5,1.1737018352967562e-06
Gradient Boosting,GF_01502,5,0.0
Gradient Boosting,GF_01504,5,0.0048852110269152
Gradient Boosting,GF_01512,5,0.0002226255572437
Gradient Boosting,GF_01514,5,2.345973792573952e-09
Gradient Boosting,GF_01527,5,2.2568626477361874e-09
Gradient Boosting,GF_01534,5,0.0
Gradient Boosting,GF_01535,5,0.0
Gradient Boosting,GF_01536,5,0.0
Gradient Boosting,GF_01537,5,2.662142152276501e-06
Gradient Boosting,GF_01538,5,0.0
Gradient Boosting,GF_01539,5,0.0
Gradient Boosting,GF_01540,5,0.0
Gradient Boosting,GF_01541,5,0.0008944795763116
Gradient Boosting,GF_01542,5,3.444953718331047e-05
Gradient Boosting,GF_01543,5,0.0
Gradient Boosting,GF_01544,5,0.0
Gradient Boosting,GF_01547,5,3.3532276981742277e-06
Gradient Boosting,GF_01549,5,0.0
Gradient Boosting,GF_01550,5,0.0
Gradient Boosting,GF_01552,5,0.0
Gradient Boosting,GF_01553,5,0.0
Gradient Boosting,GF_01579,5,0.0
Gradient Boosting,GF_01580,5,1.9184412903517763e-11
Gradient Boosting,GF_01583,5,1.2050392190362056e-09
Gradient Boosting,GF_01584,5,6.611933091282126e-07
Gradient Boosting,GF_01591,5,4.912963581517788e-06
Gradient Boosting,GF_01592,5,0.0001776117171049
Gradient Boosting,GF_01616,5,0.0
Gradient Boosting,GF_01617,5,3.3040019991726e-13
Gradient Boosting,GF_01618,5,0.0013263157717417
Gradient Boosting,GF_01619,5,1.138356946121377e-05
Gradient Boosting,GF_01620,5,0.0
Gradient Boosting,GF_01621,5,0.0
Gradient Boosting,GF_01623,5,0.000120978367043
Gradient Boosting,GF_01625,5,0.0
Gradient Boosting,GF_01626,5,0.0
Gradient Boosting,GF_01627,5,5.871566519927976e-11
Gradient Boosting,GF_01628,5,0.0
Gradient Boosting,GF_01629,5,4.835866450582616e-09
Gradient Boosting,GF_01630,5,0.0
Gradient Boosting,GF_01634,5,0.0
Gradient Boosting,GF_01635,5,0.0
Gradient Boosting,GF_01636,5,1.1731804213919587e-09
Gradient Boosting,GF_01637,5,4.738698350358169e-08
Gradient Boosting,GF_01638,5,3.594423428997026e-11
Gradient Boosting,GF_01639,5,0.0027918390899903
Gradient Boosting,GF_01641,5,3.9586836532126396e-08
Gradient Boosting,GF_01648,5,0.0
Gradient Boosting,GF_01659,5,0.0003643553496393
Gradient Boosting,GF_01661,5,0.0
Gradient Boosting,GF_01672,5,0.0
Gradient Boosting,GF_01673,5,0.0
Gradient Boosting,GF_01674,5,0.0030111938544701
Gradient Boosting,GF_01675,5,0.0
Gradient Boosting,GF_01676,5,0.0
Gradient Boosting,GF_01677,5,0.0
Gradient Boosting,GF_01678,5,0.0
Gradient Boosting,GF_01679,5,0.0
Gradient Boosting,GF_01680,5,0.0
Gradient Boosting,GF_01681,5,0.0
Gradient Boosting,GF_01683,5,0.0
Gradient Boosting,GF_01684,5,1.4721108069735115e-09
Gradient Boosting,GF_01685,5,0.0
Gradient Boosting,GF_01688,5,4.011245422262626e-09
Gradient Boosting,GF_01689,5,0.0
Gradient Boosting,GF_01690,5,0.0
Gradient Boosting,GF_01691,5,0.0
Gradient Boosting,GF_01692,5,0.0
Gradient Boosting,GF_01693,5,2.9945361169426985e-08
Gradient Boosting,GF_01732,5,0.0
Gradient Boosting,GF_01733,5,0.0
Gradient Boosting,GF_01734,5,0.0
Gradient Boosting,GF_01735,5,0.0
Gradient Boosting,GF_01736,5,0.0
Gradient Boosting,GF_01737,5,0.0
Gradient Boosting,GF_01741,5,3.4957276164676815e-11
Gradient Boosting,GF_01742,5,0.0
Gradient Boosting,GF_01745,5,0.0
Gradient Boosting,GF_01763,5,0.0
Gradient Boosting,GF_01783,5,0.0
Gradient Boosting,GF_01799,5,0.0
Gradient Boosting,GF_01801,5,0.0
Gradient Boosting,GF_01802,5,0.0
Gradient Boosting,GF_01803,5,0.0
Gradient Boosting,GF_01805,5,0.0
Gradient Boosting,GF_01806,5,0.0003442221775535
Gradient Boosting,GF_01807,5,0.0
Gradient Boosting,GF_01808,5,2.1282479477890955e-05
Gradient Boosting,GF_01809,5,0.0002033774378388
Gradient Boosting,GF_01810,5,5.443322673531e-08
Gradient Boosting,GF_01811,5,0.0
Gradient Boosting,GF_01812,5,0.0
Gradient Boosting,GF_01813,5,1.4029587550086772e-08
Gradient Boosting,GF_01814,5,0.0
Gradient Boosting,GF_01815,5,0.0
Gradient Boosting,GF_01816,5,5.506319407939084e-05
Gradient Boosting,GF_01818,5,0.0
Gradient Boosting,GF_01819,5,0.0002769730893104
Gradient Boosting,GF_01822,5,1.7710846706337644e-06
Gradient Boosting,GF_01823,5,0.0032927734792041
Gradient Boosting,GF_01834,5,0.0021321093442327
Gradient Boosting,GF_01836,5,0.0
Gradient Boosting,GF_01837,5,1.0969932235989432e-12
Gradient Boosting,GF_01840,5,0.0008025191230087
Gradient Boosting,GF_01841,5,7.83221267404808e-06
Gradient Boosting,GF_01842,5,0.0
Gradient Boosting,GF_01844,5,3.233349362657668e-09
Gradient Boosting,GF_01856,5,0.0
Gradient Boosting,GF_01860,5,0.0
Gradient Boosting,GF_01866,5,0.0
Gradient Boosting,GF_01870,5,0.0
Gradient Boosting,GF_01872,5,0.0
Gradient Boosting,GF_01885,5,8.323459188653875e-08
Gradient Boosting,GF_01897,5,0.0
Gradient Boosting,GF_01898,5,0.001686367411586
Gradient Boosting,GF_01899,5,0.0
Gradient Boosting,GF_01900,5,0.0
Gradient Boosting,GF_01901,5,2.671327186512164e-13
Gradient Boosting,GF_01902,5,1.342407209059207e-05
Gradient Boosting,GF_01904,5,0.0
Gradient Boosting,GF_01919,5,0.0
Gradient Boosting,GF_01921,5,2.203772051665654e-11
Gradient Boosting,GF_01923,5,3.544698050526844e-09
Gradient Boosting,GF_01925,5,0.0
Gradient Boosting,GF_01926,5,0.0
Gradient Boosting,GF_01927,5,0.0
Gradient Boosting,GF_01928,5,0.0
Gradient Boosting,GF_01929,5,9.580404225524362e-07
Gradient Boosting,GF_01930,5,0.0
Gradient Boosting,GF_01945,5,0.0
Gradient Boosting,GF_02041,5,0.0009152931516059
Gradient Boosting,GF_02059,5,0.0011464906762307
Gradient Boosting,GF_02060,5,0.0
Gradient Boosting,GF_02069,5,0.001906700699959
Gradient Boosting,GF_02070,5,2.779481091342344e-06
Gradient Boosting,GF_02071,5,7.261874986205458e-13
Gradient Boosting,GF_02072,5,0.0
Gradient Boosting,GF_02074,5,5.644123338612854e-11
Gradient Boosting,GF_02075,5,2.95509298980872e-07
Gradient Boosting,GF_02076,5,0.0
Gradient Boosting,GF_02084,5,0.0
Gradient Boosting,GF_02085,5,0.0
Gradient Boosting,GF_02088,5,0.0
Gradient Boosting,GF_02089,5,5.993017090572229e-06
Gradient Boosting,GF_02091,5,0.0
Gradient Boosting,GF_02092,5,0.0
Gradient Boosting,GF_02093,5,0.0
Gradient Boosting,GF_02094,5,9.020232879344133e-08
Gradient Boosting,GF_02101,5,0.0
Gradient Boosting,GF_02109,5,4.648190171748075e-09
Gradient Boosting,GF_02110,5,0.0
Gradient Boosting,GF_02113,5,0.0
Gradient Boosting,GF_02122,5,0.0004219667895872
Gradient Boosting,GF_02130,5,0.0
Gradient Boosting,GF_02131,5,0.0
Gradient Boosting,GF_02132,5,0.0
Gradient Boosting,GF_02136,5,0.0
Gradient Boosting,GF_02137,5,0.0
Gradient Boosting,GF_02138,5,0.0
Gradient Boosting,GF_02139,5,0.0
Gradient Boosting,GF_02140,5,2.9535343686281912e-08
Gradient Boosting,GF_02141,5,1.7583797061171282e-06
Gradient Boosting,GF_02142,5,0.0
Gradient Boosting,GF_02143,5,0.0
Gradient Boosting,GF_02145,5,0.0053483910439088
Gradient Boosting,GF_02152,5,0.0
Gradient Boosting,GF_02157,5,0.0
Gradient Boosting,GF_02158,5,0.0
Gradient Boosting,GF_02159,5,7.318196692413013e-11
Gradient Boosting,GF_02172,5,6.670559398459574e-14
Gradient Boosting,GF_02178,5,0.000896654935813
Gradient Boosting,GF_02180,5,0.0382264320612811
Gradient Boosting,GF_02184,5,0.0
Gradient Boosting,GF_02194,5,0.0
Gradient Boosting,GF_02215,5,0.0
Gradient Boosting,GF_02216,5,0.0
Gradient Boosting,GF_02217,5,0.0
Gradient Boosting,GF_02218,5,0.0
Gradient Boosting,GF_02219,5,0.0
Gradient Boosting,GF_02220,5,0.0
Gradient Boosting,GF_02222,5,0.0
Gradient Boosting,GF_02223,5,0.0
Gradient Boosting,GF_02224,5,3.497501961790523e-07
Gradient Boosting,GF_02225,5,0.0
Gradient Boosting,GF_02226,5,6.610386028688984e-10
Gradient Boosting,GF_02227,5,3.801793802472274e-05
Gradient Boosting,GF_02228,5,3.5135107638725653e-13
Gradient Boosting,GF_02229,5,0.0
Gradient Boosting,GF_02230,5,0.0005297231224908
Gradient Boosting,GF_02260,5,0.0277618887003963
Gradient Boosting,GF_02261,5,0.0
Gradient Boosting,GF_02262,5,0.0
Gradient Boosting,GF_02263,5,0.0
Gradient Boosting,GF_02264,5,0.0
Gradient Boosting,GF_02266,5,0.0343012280865049
Logistic Regression,GF_00002,1,0.0652531102607873
Logistic Regression,GF_00008,1,0.0365188452021664
Logistic Regression,GF_00011,1,0.1747840419880431
Logistic Regression,GF_00012,1,0.1449904917519886
Logistic Regression,GF_00013,1,0.0477828596082191
Logistic Regression,GF_00014,1,0.0461658828918201
Logistic Regression,GF_00015,1,0.0162473285459394
Logistic Regression,GF_00017,1,0.0919234789441877
Logistic Regression,GF_00018,1,0.0845293826021855
Logistic Regression,GF_00036,1,0.0781455840808415
Logistic Regression,GF_00043,1,0.1040919202247495
Logistic Regression,GF_00044,1,0.2201764061509407
Logistic Regression,GF_00046,1,0.0029123992703643
Logistic Regression,GF_00047,1,0.0074949616769654
Logistic Regression,GF_00048,1,0.0652529908152304
Logistic Regression,GF_00049,1,0.0373955688316346
Logistic Regression,GF_00051,1,0.0302980225708726
Logistic Regression,GF_00052,1,0.0039986006065517
Logistic Regression,GF_00071,1,0.0048052069863462
Logistic Regression,GF_00072,1,0.0255876852240482
Logistic Regression,GF_00073,1,0.0604154947124305
Logistic Regression,GF_00074,1,0.0013924538856999
Logistic Regression,GF_00075,1,0.0611833397535772
Logistic Regression,GF_00076,1,0.1416527290529875
Logistic Regression,GF_00077,1,0.0907231976324583
Logistic Regression,GF_00078,1,0.0038958688362536
Logistic Regression,GF_00079,1,0.0674207748255188
Logistic Regression,GF_00080,1,0.2015026369197441
Logistic Regression,GF_00081,1,0.1162914749732632
Logistic Regression,GF_00082,1,0.1180242250295405
Logistic Regression,GF_00083,1,0.1687295097356548
Logistic Regression,GF_00084,1,0.016505404477432
Logistic Regression,GF_00085,1,0.0009805242151845
Logistic Regression,GF_00087,1,0.0047903257112184
Logistic Regression,GF_00088,1,0.0098196164780733
Logistic Regression,GF_00093,1,0.0200106396324289
Logistic Regression,GF_00094,1,0.0686544096555907
Logistic Regression,GF_00104,1,0.0312014423861108
Logistic Regression,GF_00105,1,0.0764633207770422
Logistic Regression,GF_00106,1,7.105976161870105e-05
Logistic Regression,GF_00107,1,0.1283769491878293
Logistic Regression,GF_00108,1,0.0304566167074785
Logistic Regression,GF_00109,1,0.0063094419774855
Logistic Regression,GF_00110,1,0.0833962147739814
Logistic Regression,GF_00111,1,0.0356602614358528
Logistic Regression,GF_00112,1,0.0347262024151741
Logistic Regression,GF_00113,1,0.0069818087468847
Logistic Regression,GF_00114,1,0.1274409883183614
Logistic Regression,GF_00115,1,0.0089209995845625
Logistic Regression,GF_00116,1,0.0512705469087039
Logistic Regression,GF_00117,1,0.0037901988636515
Logistic Regression,GF_00120,1,0.0635129421182878
Logistic Regression,GF_00121,1,0.0114256174041213
Logistic Regression,GF_00122,1,0.058152453540476
Logistic Regression,GF_00123,1,0.0753552099207764
Logistic Regression,GF_00124,1,0.004455100891687
Logistic Regression,GF_00125,1,0.0580614401702406
Logistic Regression,GF_00136,1,0.0390111652518057
Logistic Regression,GF_00137,1,0.007514863947854
Logistic Regression,GF_00138,1,0.0034063684702808
Logistic Regression,GF_00139,1,0.0515877958838143
Logistic Regression,GF_00141,1,0.1073017480605312
Logistic Regression,GF_00142,1,0.001248465847168
Logistic Regression,GF_00143,1,0.0816634521555059
Logistic Regression,GF_00155,1,0.0536324369993857
Logistic Regression,GF_00164,1,0.1161953461984671
Logistic Regression,GF_00170,1,0.1189123892319431
Logistic Regression,GF_00175,1,0.5399346445047372
Logistic Regression,GF_00178,1,0.032542351625444
Logistic Regression,GF_00179,1,0.0969769821991975
Logistic Regression,GF_00180,1,0.0803973404307495
Logistic Regression,GF_00185,1,0.0163713536492799
Logistic Regression,GF_00208,1,0.0915327291514357
Logistic Regression,GF_00220,1,0.0464647473780407
Logistic Regression,GF_00228,1,0.0453550211381478
Logistic Regression,GF_00229,1,0.0007758628421776
Logistic Regression,GF_00235,1,0.1430150665076923
Logistic Regression,GF_00244,1,0.0007604382355165
Logistic Regression,GF_00250,1,0.0397372409093919
Logistic Regression,GF_00251,1,0.0396512151905073
Logistic Regression,GF_00262,1,0.0278110983077578
Logistic Regression,GF_00281,1,0.055725842930786
Logistic Regression,GF_00290,1,0.1113540208521964
Logistic Regression,GF_00296,1,0.10402687441395
Logistic Regression,GF_00300,1,0.1425857869692369
Logistic Regression,GF_00302,1,0.2069240280892812
Logistic Regression,GF_00303,1,0.0205933082801367
Logistic Regression,GF_00305,1,0.0568191888858815
Logistic Regression,GF_00309,1,0.0832645649597253
Logistic Regression,GF_00310,1,0.0588398002617192
Logistic Regression,GF_00311,1,0.134585955292031
Logistic Regression,GF_00312,1,0.0078851642151738
Logistic Regression,GF_00313,1,0.038127465421269
Logistic Regression,GF_00314,1,0.0279276113890006
Logistic Regression,GF_00315,1,0.1984915377326191
Logistic Regression,GF_00316,1,0.1336232736191399
Logistic Regression,GF_00317,1,0.1353949148016242
Logistic Regression,GF_00318,1,0.0829844814177657
Logistic Regression,GF_00319,1,0.0250319288319066
Logistic Regression,GF_00320,1,0.0576136743033169
Logistic Regression,GF_00321,1,0.0371569368976351
Logistic Regression,GF_00323,1,0.0808866310266124
Logistic Regression,GF_00324,1,0.1187655327908889
Logistic Regression,GF_00325,1,0.0331371031293417
Logistic Regression,GF_00326,1,0.1442464303776132
Logistic Regression,GF_00327,1,0.1334863492656612
Logistic Regression,GF_00329,1,0.0426775631530614
Logistic Regression,GF_00330,1,0.1125742884615591
Logistic Regression,GF_00331,1,0.0621119804603726
Logistic Regression,GF_00332,1,0.0180774963861599
Logistic Regression,GF_00333,1,0.0694391143759706
Logistic Regression,GF_00335,1,0.0109973965585255
Logistic Regression,GF_00336,1,0.0683221988128709
Logistic Regression,GF_00338,1,0.0715701103094682
Logistic Regression,GF_00339,1,0.0279476717423327
Logistic Regression,GF_00340,1,0.0169716267202174
Logistic Regression,GF_00341,1,0.0292309992168875
Logistic Regression,GF_00342,1,0.0657939342298027
Logistic Regression,GF_00343,1,0.1383120443182722
Logistic Regression,GF_00344,1,0.1564561563901738
Logistic Regression,GF_00346,1,0.0361206238870707
Logistic Regression,GF_00347,1,0.0219904241360687
Logistic Regression,GF_00348,1,0.0755847538043886
Logistic Regression,GF_00349,1,0.1554079130559729
Logistic Regression,GF_00350,1,0.0342816295228507
Logistic Regression,GF_00351,1,0.0412996439635348
Logistic Regression,GF_00352,1,0.1132833532299507
Logistic Regression,GF_00353,1,0.0008068685865815
Logistic Regression,GF_00355,1,0.0759436852659603
Logistic Regression,GF_00358,1,0.1079969591283026
Logistic Regression,GF_00360,1,0.0085195985719716
Logistic Regression,GF_00362,1,0.0130902540939166
Logistic Regression,GF_00363,1,0.1931822555482302
Logistic Regression,GF_00364,1,0.0017359308090826
Logistic Regression,GF_00365,1,0.0217364036511026
Logistic Regression,GF_00369,1,0.0262515438786431
Logistic Regression,GF_00381,1,0.0010436872174166
Logistic Regression,GF_00384,1,0.0367718242876231
Logistic Regression,GF_00385,1,0.0152951757533945
Logistic Regression,GF_00386,1,0.0587978499211113
Logistic Regression,GF_00387,1,0.0155512508733847
Logistic Regression,GF_00388,1,0.0783820939822025
Logistic Regression,GF_00389,1,0.0521740915940789
Logistic Regression,GF_00390,1,0.0534100904475238
Logistic Regression,GF_00391,1,0.019825244752542
Logistic Regression,GF_00393,1,0.1292110799623584
Logistic Regression,GF_00394,1,0.0748879251132501
Logistic Regression,GF_00395,1,0.0337966640378965
Logistic Regression,GF_00396,1,0.1269522182159929
Logistic Regression,GF_00400,1,0.0326353472073125
Logistic Regression,GF_00401,1,0.112424319884883
Logistic Regression,GF_00402,1,0.1403342706332591
Logistic Regression,GF_00403,1,0.0329181849382098
Logistic Regression,GF_00404,1,0.030603880869142
Logistic Regression,GF_00405,1,0.0122657442855341
Logistic Regression,GF_00406,1,0.077427287695086
Logistic Regression,GF_00407,1,0.0147253500942155
Logistic Regression,GF_00408,1,0.0524057992948271
Logistic Regression,GF_00409,1,0.0264417859639658
Logistic Regression,GF_00410,1,0.06837155993475
Logistic Regression,GF_00413,1,0.0094824735503146
Logistic Regression,GF_00414,1,0.046486124197421
Logistic Regression,GF_00415,1,0.0520422676668418
Logistic Regression,GF_00417,1,0.017024656468176
Logistic Regression,GF_00418,1,0.1106267428345519
Logistic Regression,GF_00419,1,0.0102877805386273
Logistic Regression,GF_00421,1,0.0235237740527965
Logistic Regression,GF_00422,1,0.0176514613047005
Logistic Regression,GF_00424,1,0.0633001079407577
Logistic Regression,GF_00426,1,0.2921434259356537
Logistic Regression,GF_00427,1,0.0199951854342278
Logistic Regression,GF_00428,1,0.0298292982496129
Logistic Regression,GF_00429,1,0.062783861575607
Logistic Regression,GF_00430,1,0.0930196901111031
Logistic Regression,GF_00431,1,0.0592850310410408
Logistic Regression,GF_00432,1,0.0864571418640659
Logistic Regression,GF_00433,1,0.0022480124349223
Logistic Regression,GF_00434,1,0.0578390336592822
Logistic Regression,GF_00435,1,0.1673843484007766
Logistic Regression,GF_00436,1,0.0777551853065733
Logistic Regression,GF_00437,1,0.1640003667306599
Logistic Regression,GF_00438,1,0.0654388008085668
Logistic Regression,GF_00440,1,0.0831784727631456
Logistic Regression,GF_00441,1,0.1263103268867694
Logistic Regression,GF_00455,1,0.1746207001791599
Logistic Regression,GF_00457,1,0.0418643896252596
Logistic Regression,GF_00458,1,0.1310846841979006
Logistic Regression,GF_00471,1,0.0383067258425302
Logistic Regression,GF_00472,1,0.0003898238812446
Logistic Regression,GF_00477,1,0.1253027757858633
Logistic Regression,GF_00480,1,0.0350991072026934
Logistic Regression,GF_00482,1,0.0686257568871858
Logistic Regression,GF_00488,1,0.0875120065677367
Logistic Regression,GF_00489,1,0.1173450345481464
Logistic Regression,GF_00503,1,0.0207767143815372
Logistic Regression,GF_00522,1,0.0135409307728002
Logistic Regression,GF_00523,1,0.1148200785937069
Logistic Regression,GF_00524,1,0.0498391001326171
Logistic Regression,GF_00525,1,0.0907231976324583
Logistic Regression,GF_00527,1,0.0612787413263917
Logistic Regression,GF_00528,1,0.0907231976324583
Logistic Regression,GF_00529,1,0.0292559684729866
Logistic Regression,GF_00530,1,0.0946675097238528
Logistic Regression,GF_00531,1,0.0708488933387449
Logistic Regression,GF_00536,1,0.148218211891801
Logistic Regression,GF_00538,1,0.1044158939534046
Logistic Regression,GF_00546,1,0.1003799004302081
Logistic Regression,GF_00547,1,0.0324718462452323
Logistic Regression,GF_00548,1,0.0663759036916898
Logistic Regression,GF_00549,1,0.0617407566519586
Logistic Regression,GF_00564,1,0.0488787585071149
Logistic Regression,GF_00565,1,0.0235101316457713
Logistic Regression,GF_00566,1,0.052087080210436
Logistic Regression,GF_00569,1,0.048537409149595
Logistic Regression,GF_00570,1,0.0276119901140138
Logistic Regression,GF_00572,1,0.0749237280135536
Logistic Regression,GF_00574,1,0.0362754240829876
Logistic Regression,GF_00578,1,0.0606199021759798
Logistic Regression,GF_00580,1,0.0634905437455495
Logistic Regression,GF_00588,1,0.098080506474487
Logistic Regression,GF_00594,1,0.1725727608629445
Logistic Regression,GF_00595,1,0.1099683929868548
Logistic Regression,GF_00599,1,0.0991693830438975
Logistic Regression,GF_00600,1,0.1187929154959028
Logistic Regression,GF_00601,1,0.1305305695738648
Logistic Regression,GF_00603,1,0.1722128926104339
Logistic Regression,GF_00604,1,0.137803181998283
Logistic Regression,GF_00605,1,0.017830439942682
Logistic Regression,GF_00606,1,0.054020140345298
Logistic Regression,GF_00607,1,0.0211901037742844
Logistic Regression,GF_00608,1,0.1251827108625476
Logistic Regression,GF_00609,1,0.0055125009465717
Logistic Regression,GF_00611,1,0.1465222542989976
Logistic Regression,GF_00612,1,0.0534754513101172
Logistic Regression,GF_00613,1,0.0912806395877254
Logistic Regression,GF_00614,1,0.0109146031130246
Logistic Regression,GF_00615,1,0.0210205603271746
Logistic Regression,GF_00616,1,0.1186727616588482
Logistic Regression,GF_00617,1,0.0091390456016495
Logistic Regression,GF_00618,1,0.1814415886868547
Logistic Regression,GF_00619,1,0.0173453963499939
Logistic Regression,GF_00620,1,0.0707454610687088
Logistic Regression,GF_00621,1,0.0650534783421146
Logistic Regression,GF_00622,1,0.2117688413400334
Logistic Regression,GF_00623,1,0.0731447172665271
Logistic Regression,GF_00624,1,0.005367138704447
Logistic Regression,GF_00632,1,0.0653641945265491
Logistic Regression,GF_00633,1,0.0271151729187717
Logistic Regression,GF_00635,1,0.0361898951373539
Logistic Regression,GF_00636,1,0.0817483108920545
Logistic Regression,GF_00637,1,0.0227077204425114
Logistic Regression,GF_00638,1,0.0386829664111602
Logistic Regression,GF_00640,1,0.0441457430304215
Logistic Regression,GF_00641,1,0.0118726763007139
Logistic Regression,GF_00642,1,0.0244299859515196
Logistic Regression,GF_00643,1,0.0765423968957736
Logistic Regression,GF_00655,1,0.0372197422408244
Logistic Regression,GF_00658,1,0.0593792131856324
Logistic Regression,GF_00659,1,0.0202316077475732
Logistic Regression,GF_00661,1,0.2027164406483649
Logistic Regression,GF_00669,1,0.1166324160965156
Logistic Regression,GF_00676,1,0.0193433875327565
Logistic Regression,GF_00680,1,0.0610676415069921
Logistic Regression,GF_00681,1,0.1012935029946889
Logistic Regression,GF_00682,1,0.1152786948791014
Logistic Regression,GF_00683,1,0.1010490917277301
Logistic Regression,GF_00684,1,0.3659941965431877
Logistic Regression,GF_00687,1,0.1236010801069623
Logistic Regression,GF_00688,1,0.0446310209207186
Logistic Regression,GF_00695,1,0.0336071016373262
Logistic Regression,GF_00699,1,0.030868558304149
Logistic Regression,GF_00702,1,0.4386505987324791
Logistic Regression,GF_00709,1,0.009198907517064
Logistic Regression,GF_00722,1,0.0829718630722785
Logistic Regression,GF_00723,1,0.1317444902632254
Logistic Regression,GF_00724,1,0.0060662077875296
Logistic Regression,GF_00725,1,0.0034307712462584
Logistic Regression,GF_00726,1,0.0412171861005016
Logistic Regression,GF_00727,1,0.0045085072374851
Logistic Regression,GF_00728,1,0.0143825534885786
Logistic Regression,GF_00729,1,0.0248334158369008
Logistic Regression,GF_00732,1,0.0240313837064527
Logistic Regression,GF_00736,1,0.1852101892269186
Logistic Regression,GF_00740,1,0.0130886911315506
Logistic Regression,GF_00741,1,0.0132575414153717
Logistic Regression,GF_00744,1,0.0465579350832534
Logistic Regression,GF_00751,1,0.0933182129418845
Logistic Regression,GF_00755,1,0.0829133962580451
Logistic Regression,GF_00756,1,0.073319891968836
Logistic Regression,GF_00761,1,0.1103010053543363
Logistic Regression,GF_00771,1,0.1270055005132223
Logistic Regression,GF_00773,1,0.0268603881317413
Logistic Regression,GF_00776,1,0.1112806094528458
Logistic Regression,GF_00777,1,0.0093880109005447
Logistic Regression,GF_00785,1,0.0194146865524718
Logistic Regression,GF_00796,1,0.1231621942874598
Logistic Regression,GF_00810,1,0.0842846967872281
Logistic Regression,GF_00811,1,0.0911733581764879
Logistic Regression,GF_00813,1,0.0533968097076525
Logistic Regression,GF_00814,1,0.1035641094646951
Logistic Regression,GF_00816,1,0.0661936331620633
Logistic Regression,GF_00819,1,0.1962073221535798
Logistic Regression,GF_00828,1,0.1210389231770474
Logistic Regression,GF_00843,1,0.0813255424645623
Logistic Regression,GF_00845,1,0.0138822946045683
Logistic Regression,GF_00856,1,0.2365374889111905
Logistic Regression,GF_00857,1,0.0919317024034498
Logistic Regression,GF_00860,1,0.0115601822490394
Logistic Regression,GF_00864,1,0.0489560775824639
Logistic Regression,GF_00866,1,0.1737092233780504
Logistic Regression,GF_00867,1,0.0769842372838587
Logistic Regression,GF_00868,1,0.0105662693086005
Logistic Regression,GF_00869,1,0.0552441817347603
Logistic Regression,GF_00870,1,0.0400093443185581
Logistic Regression,GF_00871,1,0.0703970099241293
Logistic Regression,GF_00872,1,0.031330880657805
Logistic Regression,GF_00873,1,0.0605261934877197
Logistic Regression,GF_00874,1,0.0420823996433358
Logistic Regression,GF_00887,1,0.0273251636316619
Logistic Regression,GF_00888,1,0.1811876919791162
Logistic Regression,GF_00895,1,0.1408014819896786
Logistic Regression,GF_00916,1,0.0047888555214644
Logistic Regression,GF_00927,1,0.041458942760779
Logistic Regression,GF_00931,1,0.2040735533553918
Logistic Regression,GF_00932,1,0.0618727763487921
Logistic Regression,GF_00933,1,0.0226036609845459
Logistic Regression,GF_00946,1,0.0066900235043547
Logistic Regression,GF_00947,1,0.0100250630907092
Logistic Regression,GF_00949,1,0.1352991913754868
Logistic Regression,GF_00957,1,0.2314731717493932
Logistic Regression,GF_00958,1,0.0454660947793957
Logistic Regression,GF_00959,1,0.0796986508501773
Logistic Regression,GF_00960,1,0.0004198025223802
Logistic Regression,GF_00963,1,0.0695221547063659
Logistic Regression,GF_00966,1,0.0369506598260822
Logistic Regression,GF_00968,1,0.0965530244899036
Logistic Regression,GF_00969,1,0.0572631128811086
Logistic Regression,GF_00970,1,0.0706305257154814
Logistic Regression,GF_00971,1,0.1256911263039233
Logistic Regression,GF_00972,1,0.0214872732073323
Logistic Regression,GF_00982,1,0.3716800317494738
Logistic Regression,GF_01004,1,0.0273851535450509
Logistic Regression,GF_01005,1,0.1016429052630379
Logistic Regression,GF_01012,1,0.0709227897955082
Logistic Regression,GF_01026,1,0.1324648588070126
Logistic Regression,GF_01027,1,0.0433152352861724
Logistic Regression,GF_01028,1,0.0223782612302272
Logistic Regression,GF_01054,1,0.1456116280028421
Logistic Regression,GF_01230,1,0.0419751915218952
Logistic Regression,GF_01231,1,0.0022484773462075
Logistic Regression,GF_01232,1,0.0860331415584267
Logistic Regression,GF_01233,1,0.0626048494810126
Logistic Regression,GF_01234,1,0.145963183868865
Logistic Regression,GF_01235,1,0.100366589831964
Logistic Regression,GF_01236,1,0.0115941828585268
Logistic Regression,GF_01237,1,0.0302365977169235
Logistic Regression,GF_01239,1,0.1626520569996171
Logistic Regression,GF_01240,1,0.0023749090936621
Logistic Regression,GF_01241,1,0.0571772112925425
Logistic Regression,GF_01242,1,0.0431755400023761
Logistic Regression,GF_01244,1,0.0696916972246579
Logistic Regression,GF_01245,1,0.1049744473841855
Logistic Regression,GF_01246,1,0.1046326296737845
Logistic Regression,GF_01247,1,0.0550453701673434
Logistic Regression,GF_01248,1,0.0592590235620247
Logistic Regression,GF_01266,1,0.1126240591040027
Logistic Regression,GF_01287,1,0.0651625030763229
Logistic Regression,GF_01290,1,0.0907231976324583
Logistic Regression,GF_01291,1,0.050929979817422
Logistic Regression,GF_01292,1,0.0936415097806327
Logistic Regression,GF_01293,1,0.0229385573111903
Logistic Regression,GF_01297,1,0.0
Logistic Regression,GF_01306,1,0.043491935960477
Logistic Regression,GF_01314,1,0.0280517789063077
Logistic Regression,GF_01315,1,0.0577287965021492
Logistic Regression,GF_01327,1,0.1444616451816607
Logistic Regression,GF_01328,1,0.3856207931086837
Logistic Regression,GF_01329,1,0.0720600489868855
Logistic Regression,GF_01330,1,0.0673490310287307
Logistic Regression,GF_01331,1,0.1472085733811043
Logistic Regression,GF_01332,1,0.1689365894441928
Logistic Regression,GF_01333,1,0.0355022076539285
Logistic Regression,GF_01334,1,0.0281652754109003
Logistic Regression,GF_01336,1,0.0425683619389136
Logistic Regression,GF_01337,1,0.0940663977093412
Logistic Regression,GF_01338,1,0.0336337006222285
Logistic Regression,GF_01359,1,0.0156589214039119
Logistic Regression,GF_01372,1,5.490760942577794e-05
Logistic Regression,GF_01374,1,0.0838194122965784
Logistic Regression,GF_01375,1,0.0404186871033658
Logistic Regression,GF_01376,1,0.0759925718121181
Logistic Regression,GF_01377,1,0.1127505400101063
Logistic Regression,GF_01379,1,0.1504609381317278
Logistic Regression,GF_01381,1,0.1089060642589405
Logistic Regression,GF_01382,1,0.0588367119772406
Logistic Regression,GF_01383,1,0.0497907952429292
Logistic Regression,GF_01385,1,0.0462377879965181
Logistic Regression,GF_01386,1,0.0180234431359233
Logistic Regression,GF_01387,1,0.0035268772209791
Logistic Regression,GF_01390,1,0.005711167529066
Logistic Regression,GF_01391,1,0.1713355596778737
Logistic Regression,GF_01393,1,0.0704320160319963
Logistic Regression,GF_01394,1,0.174676155101829
Logistic Regression,GF_01395,1,0.096994344444372
Logistic Regression,GF_01396,1,0.0890051594586739
Logistic Regression,GF_01397,1,0.0513910247025629
Logistic Regression,GF_01399,1,0.1485992843583446
Logistic Regression,GF_01400,1,0.0563770044604174
Logistic Regression,GF_01401,1,0.0156676582732991
Logistic Regression,GF_01404,1,0.0239283362887751
Logistic Regression,GF_01409,1,0.0216504835476644
Logistic Regression,GF_01425,1,0.1992324285284576
Logistic Regression,GF_01426,1,0.0706701198498258
Logistic Regression,GF_01428,1,0.0430479605154378
Logistic Regression,GF_01439,1,0.055270030440256
Logistic Regression,GF_01445,1,0.0539508025216869
Logistic Regression,GF_01446,1,0.1032241740386474
Logistic Regression,GF_01447,1,0.121612498459261
Logistic Regression,GF_01448,1,0.0552663836455311
Logistic Regression,GF_01449,1,0.0416089505416144
Logistic Regression,GF_01456,1,0.1089331672149771
Logistic Regression,GF_01458,1,0.0947605993488904
Logistic Regression,GF_01460,1,0.0398524880842982
Logistic Regression,GF_01461,1,0.0196484989349737
Logistic Regression,GF_01462,1,0.1717054217319375
Logistic Regression,GF_01466,1,0.035343037263872
Logistic Regression,GF_01476,1,0.0257515200096378
Logistic Regression,GF_01477,1,0.0057736476431463
Logistic Regression,GF_01479,1,0.0029460802531122
Logistic Regression,GF_01480,1,0.1805350996115093
Logistic Regression,GF_01481,1,0.1155521614333234
Logistic Regression,GF_01487,1,0.0609923203408889
Logistic Regression,GF_01502,1,0.0119830919485367
Logistic Regression,GF_01504,1,0.101992876461343
Logistic Regression,GF_01512,1,0.0852728464476225
Logistic Regression,GF_01514,1,0.1613220078078459
Logistic Regression,GF_01527,1,0.027476170367298
Logistic Regression,GF_01534,1,0.0403236042533343
Logistic Regression,GF_01535,1,0.0630548231134024
Logistic Regression,GF_01536,1,0.0002391074882118
Logistic Regression,GF_01537,1,0.1187378346012586
Logistic Regression,GF_01538,1,0.0018805970530982
Logistic Regression,GF_01539,1,0.1389392560179337
Logistic Regression,GF_01540,1,0.0174662237376082
Logistic Regression,GF_01541,1,0.0681118454661686
Logistic Regression,GF_01542,1,0.0035787564994681
Logistic Regression,GF_01543,1,0.0585265803816944
Logistic Regression,GF_01544,1,0.0422401185757225
Logistic Regression,GF_01547,1,0.0801600293740394
Logistic Regression,GF_01549,1,0.0702639852964834
Logistic Regression,GF_01550,1,0.1504308219445175
Logistic Regression,GF_01552,1,0.0084536626825415
Logistic Regression,GF_01553,1,0.1170887625038003
Logistic Regression,GF_01579,1,0.0126969674720838
Logistic Regression,GF_01580,1,0.1991766700471825
Logistic Regression,GF_01583,1,0.121426575175166
Logistic Regression,GF_01584,1,0.0344266941539151
Logistic Regression,GF_01591,1,0.0523929991467603
Logistic Regression,GF_01592,1,0.0725765646183608
Logistic Regression,GF_01616,1,0.0036356563955689
Logistic Regression,GF_01617,1,0.0158452522596382
Logistic Regression,GF_01618,1,0.1412121720237551
Logistic Regression,GF_01619,1,0.123782490742865
Logistic Regression,GF_01620,1,0.1294177831496799
Logistic Regression,GF_01621,1,0.0195944338264466
Logistic Regression,GF_01623,1,0.0252726342105984
Logistic Regression,GF_01625,1,0.0890925683382864
Logistic Regression,GF_01626,1,0.0996392400078582
Logistic Regression,GF_01627,1,0.1516273498134004
Logistic Regression,GF_01628,1,0.0195894268017752
Logistic Regression,GF_01629,1,0.0520175879683446
Logistic Regression,GF_01630,1,0.0977262773557567
Logistic Regression,GF_01634,1,0.0551314589667837
Logistic Regression,GF_01635,1,0.0049115803848681
Logistic Regression,GF_01636,1,0.0787970262216884
Logistic Regression,GF_01637,1,0.040785712808793
Logistic Regression,GF_01638,1,0.2019472713486007
Logistic Regression,GF_01639,1,0.0006602181218267
Logistic Regression,GF_01641,1,0.0485605836954631
Logistic Regression,GF_01648,1,0.0262625975881839
Logistic Regression,GF_01659,1,0.3497209925007146
Logistic Regression,GF_01661,1,0.0677039338817858
Logistic Regression,GF_01672,1,0.0246019822171033
Logistic Regression,GF_01673,1,0.2586856220070883
Logistic Regression,GF_01674,1,0.1156846242073204
Logistic Regression,GF_01675,1,0.0371395745564725
Logistic Regression,GF_01676,1,0.0525707184106789
Logistic Regression,GF_01677,1,0.0537484289641158
Logistic Regression,GF_01678,1,0.0755012068489753
Logistic Regression,GF_01679,1,0.0796434115106422
Logistic Regression,GF_01680,1,0.0768468004354006
Logistic Regression,GF_01681,1,0.0290559953396385
Logistic Regression,GF_01683,1,0.0768228388611719
Logistic Regression,GF_01684,1,0.1186487165277418
Logistic Regression,GF_01685,1,0.07239336836168
Logistic Regression,GF_01688,1,0.0074332508159137
Logistic Regression,GF_01689,1,0.0200984604066874
Logistic Regression,GF_01690,1,0.0748468152046177
Logistic Regression,GF_01691,1,0.1843086576471262
Logistic Regression,GF_01692,1,0.0544813827577502
Logistic Regression,GF_01693,1,0.0236669771405633
Logistic Regression,GF_01732,1,0.0444865458643443
Logistic Regression,GF_01733,1,0.1449876160675049
Logistic Regression,GF_01734,1,0.2140823893142891
Logistic Regression,GF_01735,1,0.0826089066275217
Logistic Regression,GF_01736,1,0.0889087720051211
Logistic Regression,GF_01737,1,0.1210293267319162
Logistic Regression,GF_01741,1,0.0126333207661993
Logistic Regression,GF_01742,1,0.0356671593154962
Logistic Regression,GF_01745,1,0.0775230282029707
Logistic Regression,GF_01763,1,0.1070438242117375
Logistic Regression,GF_01783,1,0.3979514360990178
Logistic Regression,GF_01799,1,0.1275904172537883
Logistic Regression,GF_01801,1,0.0053824903788606
Logistic Regression,GF_01802,1,0.0913023535491479
Logistic Regression,GF_01803,1,0.011078958975448
Logistic Regression,GF_01805,1,0.0878838131676325
Logistic Regression,GF_01806,1,0.1193098598926877
Logistic Regression,GF_01807,1,0.1174034399555872
Logistic Regression,GF_01808,1,0.0842497385765652
Logistic Regression,GF_01809,1,0.0936801767711874
Logistic Regression,GF_01810,1,0.0036015211997389
Logistic Regression,GF_01811,1,0.019958447561202
Logistic Regression,GF_01812,1,0.0075383146212353
Logistic Regression,GF_01813,1,0.0693397528900394
Logistic Regression,GF_01814,1,0.0375614445673826
Logistic Regression,GF_01815,1,0.0432812515746445
Logistic Regression,GF_01816,1,0.0778708953415356
Logistic Regression,GF_01818,1,0.045582955329967
Logistic Regression,GF_01819,1,0.0475964192149629
Logistic Regression,GF_01822,1,5.825161775318378e-05
Logistic Regression,GF_01823,1,0.0677991040631594
Logistic Regression,GF_01834,1,0.2304368288127357
Logistic Regression,GF_01836,1,0.0105871953591579
Logistic Regression,GF_01837,1,0.0538753189592727
Logistic Regression,GF_01840,1,0.0254042906763748
Logistic Regression,GF_01841,1,0.1113764619374974
Logistic Regression,GF_01842,1,0.0759287052537289
Logistic Regression,GF_01844,1,0.0752527515294592
Logistic Regression,GF_01856,1,0.0247323373277187
Logistic Regression,GF_01860,1,0.02112581733925
Logistic Regression,GF_01866,1,0.1095172728427233
Logistic Regression,GF_01870,1,0.0962726463748844
Logistic Regression,GF_01872,1,0.0741583928002902
Logistic Regression,GF_01885,1,0.0633160632247399
Logistic Regression,GF_01897,1,0.1171833989406876
Logistic Regression,GF_01898,1,0.0317637088052085
Logistic Regression,GF_01899,1,0.0
Logistic Regression,GF_01900,1,0.0229605648617701
Logistic Regression,GF_01901,1,0.0620736431190766
Logistic Regression,GF_01902,1,0.0893715886182412
Logistic Regression,GF_01904,1,0.1401120804068684
Logistic Regression,GF_01919,1,0.0069166660605253
Logistic Regression,GF_01921,1,0.0001928974054996
Logistic Regression,GF_01923,1,0.0249198263604854
Logistic Regression,GF_01925,1,0.0754851364032909
Logistic Regression,GF_01926,1,0.0469174689988707
Logistic Regression,GF_01927,1,0.3359048396064887
Logistic Regression,GF_01928,1,0.1322282951095715
Logistic Regression,GF_01929,1,0.017726551289317
Logistic Regression,GF_01930,1,0.2138753466148311
Logistic Regression,GF_01945,1,0.0
Logistic Regression,GF_02041,1,0.0836617650827268
Logistic Regression,GF_02059,1,0.3401518352803286
Logistic Regression,GF_02060,1,0.0766399781772604
Logistic Regression,GF_02069,1,0.0681120004422333
Logistic Regression,GF_02070,1,0.0341485613857414
Logistic Regression,GF_02071,1,0.0903527921375331
Logistic Regression,GF_02072,1,0.0515531849904523
Logistic Regression,GF_02074,1,0.0865723341927463
Logistic Regression,GF_02075,1,0.2551882698335541
Logistic Regression,GF_02076,1,0.0157143865748847
Logistic Regression,GF_02084,1,0.0115526765587063
Logistic Regression,GF_02085,1,0.0491293622546872
Logistic Regression,GF_02088,1,0.0967769347004348
Logistic Regression,GF_02089,1,0.000852029078395
Logistic Regression,GF_02091,1,0.0483515547281906
Logistic Regression,GF_02092,1,0.0362396667094426
Logistic Regression,GF_02093,1,0.088287809923355
Logistic Regression,GF_02094,1,0.0131770399684862
Logistic Regression,GF_02101,1,0.011857488146328
Logistic Regression,GF_02109,1,0.1065344880304493
Logistic Regression,GF_02110,1,0.102081164902509
Logistic Regression,GF_02113,1,0.0179307826010462
Logistic Regression,GF_02122,1,0.1433620226637401
Logistic Regression,GF_02130,1,0.1430012710209083
Logistic Regression,GF_02131,1,0.0306868038049846
Logistic Regression,GF_02132,1,0.0575406050112284
Logistic Regression,GF_02136,1,0.0091850095228064
Logistic Regression,GF_02137,1,0.0484445657512547
Logistic Regression,GF_02138,1,0.0033426325904528
Logistic Regression,GF_02139,1,0.1149732631146588
Logistic Regression,GF_02140,1,0.0129954930224511
Logistic Regression,GF_02141,1,0.1829991143540938
Logistic Regression,GF_02142,1,0.0874538316896626
Logistic Regression,GF_02143,1,0.099296256666783
Logistic Regression,GF_02145,1,0.2664904212346943
Logistic Regression,GF_02152,1,0.1295723392685524
Logistic Regression,GF_02157,1,0.0768961416020791
Logistic Regression,GF_02158,1,0.0176542172822111
Logistic Regression,GF_02159,1,0.0373692135940549
Logistic Regression,GF_02172,1,0.0273953701591036
Logistic Regression,GF_02178,1,0.047978125288137
Logistic Regression,GF_02180,1,0.348715887166959
Logistic Regression,GF_02184,1,0.0025403859287307
Logistic Regression,GF_02194,1,0.005734901489687
Logistic Regression,GF_02215,1,0.0963239506714558
Logistic Regression,GF_02216,1,0.0666491816989132
Logistic Regression,GF_02217,1,0.0411423023689312
Logistic Regression,GF_02218,1,0.0025777507937928
Logistic Regression,GF_02219,1,0.0035973010094143
Logistic Regression,GF_02220,1,0.0260547352757814
Logistic Regression,GF_02222,1,0.1182750061501313
Logistic Regression,GF_02223,1,0.0070328870250902
Logistic Regression,GF_02224,1,0.0521277959134596
Logistic Regression,GF_02225,1,0.0757090837662961
Logistic Regression,GF_02226,1,0.0638870521556271
Logistic Regression,GF_02227,1,0.0240610724697967
Logistic Regression,GF_02228,1,0.0803774874789103
Logistic Regression,GF_02229,1,0.0548606402281595
Logistic Regression,GF_02230,1,0.0321975560111074
Logistic Regression,GF_02260,1,0.1824555007493107
Logistic Regression,GF_02261,1,0.1000555351970815
Logistic Regression,GF_02262,1,0.1311752950677562
Logistic Regression,GF_02263,1,0.3161709673544309
Logistic Regression,GF_02264,1,0.1231348434365376
Logistic Regression,GF_02266,1,0.0902604681092282
Logistic Regression,GF_00002,2,0.0480102404282654
Logistic Regression,GF_00008,2,0.0498942941646849
Logistic Regression,GF_00011,2,0.1844543456818955
Logistic Regression,GF_00012,2,0.1540559867594504
Logistic Regression,GF_00013,2,0.0758408440441318
Logistic Regression,GF_00014,2,0.0562852884197193
Logistic Regression,GF_00015,2,0.0119165909886167
Logistic Regression,GF_00017,2,0.0750460916659053
Logistic Regression,GF_00018,2,0.0256924882878155
Logistic Regression,GF_00036,2,0.0472351435177128
Logistic Regression,GF_00043,2,0.0613804943545162
Logistic Regression,GF_00044,2,0.1405334206797039
Logistic Regression,GF_00046,2,0.0792444489103777
Logistic Regression,GF_00047,2,0.0247226371222454
Logistic Regression,GF_00048,2,0.090131243624149
Logistic Regression,GF_00049,2,0.0631628604622812
Logistic Regression,GF_00051,2,0.0034928325579817
Logistic Regression,GF_00052,2,0.0047097293997659
Logistic Regression,GF_00071,2,0.0231661743718611
Logistic Regression,GF_00072,2,0.0328841001464861
Logistic Regression,GF_00073,2,0.0545358217893227
Logistic Regression,GF_00074,2,0.0096198675536072
Logistic Regression,GF_00075,2,0.0626796660172957
Logistic Regression,GF_00076,2,0.1050738514601343
Logistic Regression,GF_00077,2,0.1108225244265254
Logistic Regression,GF_00078,2,0.0303235200769748
Logistic Regression,GF_00079,2,0.1713924282016076
Logistic Regression,GF_00080,2,0.1730696187953395
Logistic Regression,GF_00081,2,0.1843263379694192
Logistic Regression,GF_00082,2,0.129856222886639
Logistic Regression,GF_00083,2,0.1237769352797148
Logistic Regression,GF_00084,2,0.0343872479964646
Logistic Regression,GF_00085,2,0.0229195500892319
Logistic Regression,GF_00087,2,0.0
Logistic Regression,GF_00088,2,0.0276705929918233
Logistic Regression,GF_00093,2,0.0376708144026376
Logistic Regression,GF_00094,2,0.0525393366911302
Logistic Regression,GF_00104,2,0.0117991511255362
Logistic Regression,GF_00105,2,0.0664037784089596
Logistic Regression,GF_00106,2,0.0218013968841209
Logistic Regression,GF_00107,2,0.1141846448888851
Logistic Regression,GF_00108,2,0.0077506015160052
Logistic Regression,GF_00109,2,0.0153022516400616
Logistic Regression,GF_00110,2,0.066763012949011
Logistic Regression,GF_00111,2,0.0533577203314161
Logistic Regression,GF_00112,2,0.0396122301463473
Logistic Regression,GF_00113,2,0.0154505852434982
Logistic Regression,GF_00114,2,0.1176648605974286
Logistic Regression,GF_00115,2,0.0003465562058844
Logistic Regression,GF_00116,2,0.0067092915939055
Logistic Regression,GF_00117,2,0.005881167371203
Logistic Regression,GF_00120,2,0.0415871770120486
Logistic Regression,GF_00121,2,0.0197404257153678
Logistic Regression,GF_00122,2,0.0682635374583803
Logistic Regression,GF_00123,2,0.0923528159851522
Logistic Regression,GF_00124,2,0.1092349712324665
Logistic Regression,GF_00125,2,0.0812086027549328
Logistic Regression,GF_00136,2,0.0225391702106607
Logistic Regression,GF_00137,2,0.0107773971384459
Logistic Regression,GF_00138,2,0.0046471502756313
Logistic Regression,GF_00139,2,0.0443464026414149
Logistic Regression,GF_00141,2,0.1494993434097765
Logistic Regression,GF_00142,2,0.0132814026941113
Logistic Regression,GF_00143,2,0.0843520071228748
Logistic Regression,GF_00155,2,0.0559064933720629
Logistic Regression,GF_00164,2,0.1281992542054996
Logistic Regression,GF_00170,2,0.1230562673907904
Logistic Regression,GF_00175,2,0.5340811168631349
Logistic Regression,GF_00178,2,0.038434537370959
Logistic Regression,GF_00179,2,0.093273478404219
Logistic Regression,GF_00180,2,0.0599074230512137
Logistic Regression,GF_00185,2,0.0252132804879247
Logistic Regression,GF_00208,2,0.0138755546848605
Logistic Regression,GF_00220,2,0.0338114482652907
Logistic Regression,GF_00228,2,0.0161192700984112
Logistic Regression,GF_00229,2,0.0314653690438232
Logistic Regression,GF_00235,2,0.0560926790337827
Logistic Regression,GF_00244,2,0.0378988673272586
Logistic Regression,GF_00250,2,0.0423267931131872
Logistic Regression,GF_00251,2,0.1295027493019548
Logistic Regression,GF_00262,2,0.0909079534402289
Logistic Regression,GF_00281,2,0.0271282892796026
Logistic Regression,GF_00290,2,0.0884347137100184
Logistic Regression,GF_00296,2,0.0739499569711084
Logistic Regression,GF_00300,2,0.1573312535286198
Logistic Regression,GF_00302,2,0.106490292927637
Logistic Regression,GF_00303,2,0.0775849269317255
Logistic Regression,GF_00305,2,0.039854666927367
Logistic Regression,GF_00309,2,0.092270312520573
Logistic Regression,GF_00310,2,0.0566811173834951
Logistic Regression,GF_00311,2,0.1175605560425398
Logistic Regression,GF_00312,2,0.0926515790026612
Logistic Regression,GF_00313,2,0.0596000750594805
Logistic Regression,GF_00314,2,0.0640792182292535
Logistic Regression,GF_00315,2,0.2643967243237461
Logistic Regression,GF_00316,2,0.0236200967630281
Logistic Regression,GF_00317,2,0.1296053200170628
Logistic Regression,GF_00318,2,0.0976173201918756
Logistic Regression,GF_00319,2,0.0158261757544137
Logistic Regression,GF_00320,2,0.0003647920751871
Logistic Regression,GF_00321,2,0.032887827464895
Logistic Regression,GF_00323,2,0.087546805255638
Logistic Regression,GF_00324,2,0.043573903311416
Logistic Regression,GF_00325,2,0.0340825796636395
Logistic Regression,GF_00326,2,0.1306595305466488
Logistic Regression,GF_00327,2,0.0536845384468768
Logistic Regression,GF_00329,2,0.1230011552535876
Logistic Regression,GF_00330,2,0.1319611858173656
Logistic Regression,GF_00331,2,0.0114782800829841
Logistic Regression,GF_00332,2,0.017100634900347
Logistic Regression,GF_00333,2,0.0453396134221398
Logistic Regression,GF_00335,2,0.0475421330476204
Logistic Regression,GF_00336,2,0.0286476415638037
Logistic Regression,GF_00338,2,0.005149257516884
Logistic Regression,GF_00339,2,0.0061676034976089
Logistic Regression,GF_00340,2,0.1326306942306283
Logistic Regression,GF_00341,2,0.0018723400172703
Logistic Regression,GF_00342,2,0.0242946288958445
Logistic Regression,GF_00343,2,0.1174966712519434
Logistic Regression,GF_00344,2,0.1352337462567718
Logistic Regression,GF_00346,2,0.0485032701667393
Logistic Regression,GF_00347,2,0.0596177295639529
Logistic Regression,GF_00348,2,0.0853016551699682
Logistic Regression,GF_00349,2,0.1532276404565264
Logistic Regression,GF_00350,2,0.1466326040287529
Logistic Regression,GF_00351,2,0.0109295251507254
Logistic Regression,GF_00352,2,0.0833873384572137
Logistic Regression,GF_00353,2,0.0110020725430388
Logistic Regression,GF_00355,2,0.0191699672678473
Logistic Regression,GF_00358,2,0.1195561775537907
Logistic Regression,GF_00360,2,0.0061833931735483
Logistic Regression,GF_00362,2,0.0037184242461503
Logistic Regression,GF_00363,2,0.0634199783145707
Logistic Regression,GF_00364,2,0.0235696093794117
Logistic Regression,GF_00365,2,0.0035552472683302
Logistic Regression,GF_00369,2,0.0352808988740702
Logistic Regression,GF_00381,2,0.071816087394215
Logistic Regression,GF_00384,2,0.0493976674932316
Logistic Regression,GF_00385,2,0.0266526920484449
Logistic Regression,GF_00386,2,0.0127271749281875
Logistic Regression,GF_00387,2,0.0129735255182667
Logistic Regression,GF_00388,2,0.030533098515394
Logistic Regression,GF_00389,2,0.0488857841398061
Logistic Regression,GF_00390,2,0.0094906787527118
Logistic Regression,GF_00391,2,0.0761661458198967
Logistic Regression,GF_00393,2,0.1107719354637574
Logistic Regression,GF_00394,2,0.1166867262277517
Logistic Regression,GF_00395,2,0.0258768526330476
Logistic Regression,GF_00396,2,0.0966121364843019
Logistic Regression,GF_00400,2,0.0798659085249161
Logistic Regression,GF_00401,2,0.1490337128270525
Logistic Regression,GF_00402,2,0.1149523719829009
Logistic Regression,GF_00403,2,0.0312053241259908
Logistic Regression,GF_00404,2,0.0003477602011271
Logistic Regression,GF_00405,2,0.0628010655354685
Logistic Regression,GF_00406,2,0.0551845144147345
Logistic Regression,GF_00407,2,0.0272286143273757
Logistic Regression,GF_00408,2,0.0242652483163469
Logistic Regression,GF_00409,2,0.0228021729606586
Logistic Regression,GF_00410,2,0.0490689363216984
Logistic Regression,GF_00413,2,0.054251643470928
Logistic Regression,GF_00414,2,0.0305802024053774
Logistic Regression,GF_00415,2,0.0412874016854319
Logistic Regression,GF_00417,2,0.0547443026682191
Logistic Regression,GF_00418,2,0.073906783009759
Logistic Regression,GF_00419,2,0.0229406115775018
Logistic Regression,GF_00421,2,0.000729270774615
Logistic Regression,GF_00422,2,0.0749714488623437
Logistic Regression,GF_00424,2,0.04226833800099
Logistic Regression,GF_00426,2,0.3201544915052088
Logistic Regression,GF_00427,2,0.0064370752034809
Logistic Regression,GF_00428,2,0.0078456829477824
Logistic Regression,GF_00429,2,0.0278958653460834
Logistic Regression,GF_00430,2,0.1177639052212037
Logistic Regression,GF_00431,2,0.0633534533847161
Logistic Regression,GF_00432,2,0.0383524880189913
Logistic Regression,GF_00433,2,0.0397994492000627
Logistic Regression,GF_00434,2,0.1485790988924198
Logistic Regression,GF_00435,2,0.1747825472683312
Logistic Regression,GF_00436,2,0.0033980336865451
Logistic Regression,GF_00437,2,0.0774576718678406
Logistic Regression,GF_00438,2,0.0025672649068851
Logistic Regression,GF_00440,2,0.1015251381782528
Logistic Regression,GF_00441,2,0.0965310542568263
Logistic Regression,GF_00455,2,0.2082266005434386
Logistic Regression,GF_00457,2,0.0445928008786114
Logistic Regression,GF_00458,2,0.1365088805775366
Logistic Regression,GF_00471,2,0.0638897013053427
Logistic Regression,GF_00472,2,0.0032081938543144
Logistic Regression,GF_00477,2,0.1372708014484988
Logistic Regression,GF_00480,2,0.0447307978669004
Logistic Regression,GF_00482,2,0.0816587055053826
Logistic Regression,GF_00488,2,0.0864835638664375
Logistic Regression,GF_00489,2,0.1113420347232288
Logistic Regression,GF_00503,2,0.0442362840045788
Logistic Regression,GF_00522,2,0.0260736865089362
Logistic Regression,GF_00523,2,0.1278272093851742
Logistic Regression,GF_00524,2,0.1443042692088655
Logistic Regression,GF_00525,2,0.1108225244265254
Logistic Regression,GF_00527,2,0.0742535689612475
Logistic Regression,GF_00528,2,0.1108225244265254
Logistic Regression,GF_00529,2,0.0963698444034672
Logistic Regression,GF_00530,2,0.1092092830817393
Logistic Regression,GF_00531,2,0.0254849035197987
Logistic Regression,GF_00536,2,0.0433028771295977
Logistic Regression,GF_00538,2,0.0630087764938319
Logistic Regression,GF_00546,2,0.0842393697365136
Logistic Regression,GF_00547,2,0.0484808115780068
Logistic Regression,GF_00548,2,0.1014754121620794
Logistic Regression,GF_00549,2,0.062338475331975
Logistic Regression,GF_00564,2,0.0196113862277293
Logistic Regression,GF_00565,2,0.0937005069451461
Logistic Regression,GF_00566,2,0.0499917310316478
Logistic Regression,GF_00569,2,0.0012582757802909
Logistic Regression,GF_00570,2,0.0019297134708109
Logistic Regression,GF_00572,2,0.0549558975629491
Logistic Regression,GF_00574,2,0.0390060731508992
Logistic Regression,GF_00578,2,0.0513698932709016
Logistic Regression,GF_00580,2,0.0741191775645676
Logistic Regression,GF_00588,2,0.0830996857606373
Logistic Regression,GF_00594,2,0.0165109885306737
Logistic Regression,GF_00595,2,0.0968378652217097
Logistic Regression,GF_00599,2,0.0380541411797571
Logistic Regression,GF_00600,2,0.0678543022786649
Logistic Regression,GF_00601,2,0.0946109155238161
Logistic Regression,GF_00603,2,0.1349281315354165
Logistic Regression,GF_00604,2,0.1016069558003727
Logistic Regression,GF_00605,2,0.1121291872216052
Logistic Regression,GF_00606,2,0.0614107999672392
Logistic Regression,GF_00607,2,0.0278140833729827
Logistic Regression,GF_00608,2,0.244730051704673
Logistic Regression,GF_00609,2,0.0158446612091209
Logistic Regression,GF_00611,2,0.1393371872545706
Logistic Regression,GF_00612,2,0.1489104179449555
Logistic Regression,GF_00613,2,0.0356571100238775
Logistic Regression,GF_00614,2,0.0166364901650749
Logistic Regression,GF_00615,2,0.0417597842500193
Logistic Regression,GF_00616,2,0.0969281697215617
Logistic Regression,GF_00617,2,0.0053202795071237
Logistic Regression,GF_00618,2,0.1451809345128098
Logistic Regression,GF_00619,2,0.0167211011495661
Logistic Regression,GF_00620,2,0.0794446786569868
Logistic Regression,GF_00621,2,0.0426237061532828
Logistic Regression,GF_00622,2,0.0554066313166546
Logistic Regression,GF_00623,2,0.0637175792080717
Logistic Regression,GF_00624,2,0.0573649560071021
Logistic Regression,GF_00632,2,0.0624398254216444
Logistic Regression,GF_00633,2,0.0156595856363751
Logistic Regression,GF_00635,2,0.058550603050941
Logistic Regression,GF_00636,2,0.0900887264610979
Logistic Regression,GF_00637,2,0.0157635223939366
Logistic Regression,GF_00638,2,0.0708219458890668
Logistic Regression,GF_00640,2,0.0535131953608808
Logistic Regression,GF_00641,2,0.0338968213553817
Logistic Regression,GF_00642,2,0.0759618882371788
Logistic Regression,GF_00643,2,0.0747731228633131
Logistic Regression,GF_00655,2,0.04666891691929
Logistic Regression,GF_00658,2,0.0519260134017588
Logistic Regression,GF_00659,2,0.0115248107905656
Logistic Regression,GF_00661,2,0.2478567252833376
Logistic Regression,GF_00669,2,0.0822985254744428
Logistic Regression,GF_00676,2,0.0007996271894116
Logistic Regression,GF_00680,2,0.0767891737056075
Logistic Regression,GF_00681,2,0.1025862786540876
Logistic Regression,GF_00682,2,0.194865149062276
Logistic Regression,GF_00683,2,0.0867845401195566
Logistic Regression,GF_00684,2,0.3830164165426853
Logistic Regression,GF_00687,2,0.0498879149562005
Logistic Regression,GF_00688,2,0.046849931033451
Logistic Regression,GF_00695,2,0.0451702464474976
Logistic Regression,GF_00699,2,0.0220754144060003
Logistic Regression,GF_00702,2,0.4901400117303347
Logistic Regression,GF_00709,2,0.0314530305622001
Logistic Regression,GF_00722,2,0.0588731672723695
Logistic Regression,GF_00723,2,0.1413583632033693
Logistic Regression,GF_00724,2,0.0414046600665928
Logistic Regression,GF_00725,2,0.0252586628993107
Logistic Regression,GF_00726,2,0.0657792114063156
Logistic Regression,GF_00727,2,0.0056979379499856
Logistic Regression,GF_00728,2,0.0238648444930322
Logistic Regression,GF_00729,2,0.0347419354712169
Logistic Regression,GF_00732,2,0.0734216493300472
Logistic Regression,GF_00736,2,0.1583821108484149
Logistic Regression,GF_00740,2,0.0116496390039801
Logistic Regression,GF_00741,2,0.0218880593149295
Logistic Regression,GF_00744,2,0.0368028809440751
Logistic Regression,GF_00751,2,0.0750727916945823
Logistic Regression,GF_00755,2,0.0650649275588983
Logistic Regression,GF_00756,2,0.0852151735019234
Logistic Regression,GF_00761,2,0.0110303384493962
Logistic Regression,GF_00771,2,0.065816650384003
Logistic Regression,GF_00773,2,0.070416029271137
Logistic Regression,GF_00776,2,0.1249770965901715
Logistic Regression,GF_00777,2,0.0454200770435492
Logistic Regression,GF_00785,2,0.013408999102347
Logistic Regression,GF_00796,2,0.1289090140460967
Logistic Regression,GF_00810,2,0.087123112563276
Logistic Regression,GF_00811,2,0.1463294149647482
Logistic Regression,GF_00813,2,0.0861813602559373
Logistic Regression,GF_00814,2,0.1440450893559787
Logistic Regression,GF_00816,2,0.1512873685735598
Logistic Regression,GF_00819,2,0.3274102333066415
Logistic Regression,GF_00828,2,0.2666934483602253
Logistic Regression,GF_00843,2,0.1533879762586365
Logistic Regression,GF_00845,2,0.0476024177698133
Logistic Regression,GF_00856,2,0.140581048830197
Logistic Regression,GF_00857,2,0.1091103115497207
Logistic Regression,GF_00860,2,0.0076305930874211
Logistic Regression,GF_00864,2,0.0328795844113326
Logistic Regression,GF_00866,2,0.1653864410768123
Logistic Regression,GF_00867,2,0.0699250508132873
Logistic Regression,GF_00868,2,0.0100868007786421
Logistic Regression,GF_00869,2,0.0009003355515891
Logistic Regression,GF_00870,2,0.0548249210114163
Logistic Regression,GF_00871,2,0.0245233261636029
Logistic Regression,GF_00872,2,0.0771550104246739
Logistic Regression,GF_00873,2,0.1096133136195676
Logistic Regression,GF_00874,2,0.0880930506799438
Logistic Regression,GF_00887,2,0.0583777793525297
Logistic Regression,GF_00888,2,0.1784861439067595
Logistic Regression,GF_00895,2,0.008492810327663
Logistic Regression,GF_00916,2,0.0466610297740744
Logistic Regression,GF_00927,2,0.0389840525163046
Logistic Regression,GF_00931,2,0.1471149952721477
Logistic Regression,GF_00932,2,0.0498942941646849
Logistic Regression,GF_00933,2,0.0438549277063367
Logistic Regression,GF_00946,2,0.0722228252838852
Logistic Regression,GF_00947,2,0.0054400327704973
Logistic Regression,GF_00949,2,0.0415533643342139
Logistic Regression,GF_00957,2,0.2222276098145866
Logistic Regression,GF_00958,2,0.1129469647212823
Logistic Regression,GF_00959,2,0.0289299447039627
Logistic Regression,GF_00960,2,0.0516135326882268
Logistic Regression,GF_00963,2,0.0405434069342779
Logistic Regression,GF_00966,2,0.0723533501842987
Logistic Regression,GF_00968,2,0.1602896384465051
Logistic Regression,GF_00969,2,0.0830995090088389
Logistic Regression,GF_00970,2,0.0120203662162464
Logistic Regression,GF_00971,2,0.2973347899233882
Logistic Regression,GF_00972,2,0.078801894257166
Logistic Regression,GF_00982,2,0.4290100516453208
Logistic Regression,GF_01004,2,0.0300743014627092
Logistic Regression,GF_01005,2,0.0468780725099902
Logistic Regression,GF_01012,2,0.0780276812027772
Logistic Regression,GF_01026,2,0.1050153536048108
Logistic Regression,GF_01027,2,0.0622592814215642
Logistic Regression,GF_01028,2,0.0166750025164355
Logistic Regression,GF_01054,2,0.1401066315057342
Logistic Regression,GF_01230,2,0.0696501139889498
Logistic Regression,GF_01231,2,0.0243538641014611
Logistic Regression,GF_01232,2,0.2280879718470158
Logistic Regression,GF_01233,2,0.0594524926017329
Logistic Regression,GF_01234,2,0.1718534060892458
Logistic Regression,GF_01235,2,0.1160462293012215
Logistic Regression,GF_01236,2,0.0345714914396027
Logistic Regression,GF_01237,2,0.0130925863233962
Logistic Regression,GF_01239,2,0.196134483741778
Logistic Regression,GF_01240,2,0.0291369156703612
Logistic Regression,GF_01241,2,0.0108539558569725
Logistic Regression,GF_01242,2,0.0162501119027491
Logistic Regression,GF_01244,2,0.0691460784634529
Logistic Regression,GF_01245,2,0.0774745795811837
Logistic Regression,GF_01246,2,0.15814109492136
Logistic Regression,GF_01247,2,0.0508135063062413
Logistic Regression,GF_01248,2,0.1084061724464809
Logistic Regression,GF_01266,2,0.1133923989971563
Logistic Regression,GF_01287,2,0.0432976014162048
Logistic Regression,GF_01290,2,0.0894294271468954
Logistic Regression,GF_01291,2,0.0268841120193593
Logistic Regression,GF_01292,2,0.064994970661335
Logistic Regression,GF_01293,2,0.0707417739789081
Logistic Regression,GF_01297,2,0.0
Logistic Regression,GF_01306,2,0.1113545273906678
Logistic Regression,GF_01314,2,0.0122223818301413
Logistic Regression,GF_01315,2,0.053062113299713
Logistic Regression,GF_01327,2,0.11614298501722
Logistic Regression,GF_01328,2,0.3692372013409319
Logistic Regression,GF_01329,2,0.013510920005844
Logistic Regression,GF_01330,2,0.115198327246077
Logistic Regression,GF_01331,2,0.1508692161680444
Logistic Regression,GF_01332,2,0.1610315473919936
Logistic Regression,GF_01333,2,0.0676902132815879
Logistic Regression,GF_01334,2,0.0162822361458932
Logistic Regression,GF_01336,2,0.0516565172204829
Logistic Regression,GF_01337,2,0.1021438449755215
Logistic Regression,GF_01338,2,0.0436626214875974
Logistic Regression,GF_01359,2,0.048360582645193
Logistic Regression,GF_01372,2,0.0950267445346659
Logistic Regression,GF_01374,2,0.0689989007345413
Logistic Regression,GF_01375,2,0.0129046638919567
Logistic Regression,GF_01376,2,0.0168585023692379
Logistic Regression,GF_01377,2,0.0921283782652778
Logistic Regression,GF_01379,2,0.1747724508701127
Logistic Regression,GF_01381,2,0.1105052738344033
Logistic Regression,GF_01382,2,0.0020375269549458
Logistic Regression,GF_01383,2,0.0908507274725108
Logistic Regression,GF_01385,2,0.0764636365783516
Logistic Regression,GF_01386,2,0.0020417371500501
Logistic Regression,GF_01387,2,0.0006786488521673
Logistic Regression,GF_01390,2,0.065901961934342
Logistic Regression,GF_01391,2,0.1352752541542173
Logistic Regression,GF_01393,2,0.0420386573162053
Logistic Regression,GF_01394,2,0.1076489208945997
Logistic Regression,GF_01395,2,0.0646816960577264
Logistic Regression,GF_01396,2,0.0525040500763014
Logistic Regression,GF_01397,2,0.010309979183946
Logistic Regression,GF_01399,2,0.2540491328660146
Logistic Regression,GF_01400,2,0.0177585537669779
Logistic Regression,GF_01401,2,0.0830179798028971
Logistic Regression,GF_01404,2,0.0545477914883773
Logistic Regression,GF_01409,2,0.0973635037792875
Logistic Regression,GF_01425,2,0.0995011171961845
Logistic Regression,GF_01426,2,0.021116874443018
Logistic Regression,GF_01428,2,0.0315899212735035
Logistic Regression,GF_01439,2,0.0606046450423871
Logistic Regression,GF_01445,2,0.0737940427513816
Logistic Regression,GF_01446,2,0.0891129457799118
Logistic Regression,GF_01447,2,0.0631977482289097
Logistic Regression,GF_01448,2,0.0733603730722484
Logistic Regression,GF_01449,2,0.0134287195233319
Logistic Regression,GF_01456,2,0.1674838155080339
Logistic Regression,GF_01458,2,0.1041997489087522
Logistic Regression,GF_01460,2,0.0327376302765507
Logistic Regression,GF_01461,2,0.0132450196190672
Logistic Regression,GF_01462,2,0.1886149120082764
Logistic Regression,GF_01466,2,0.0148579012613223
Logistic Regression,GF_01476,2,0.1991093392579285
Logistic Regression,GF_01477,2,0.0138529700520453
Logistic Regression,GF_01479,2,0.0318308869431501
Logistic Regression,GF_01480,2,0.1708691552360775
Logistic Regression,GF_01481,2,0.1455940230363674
Logistic Regression,GF_01487,2,0.0732209791797323
Logistic Regression,GF_01502,2,0.0226033312304678
Logistic Regression,GF_01504,2,0.0894277006574326
Logistic Regression,GF_01512,2,0.1101484455428813
Logistic Regression,GF_01514,2,0.0420477672356489
Logistic Regression,GF_01527,2,0.0199827637750327
Logistic Regression,GF_01534,2,0.0528129709158924
Logistic Regression,GF_01535,2,0.048212929543044
Logistic Regression,GF_01536,2,0.0162001801123541
Logistic Regression,GF_01537,2,0.1236096223115974
Logistic Regression,GF_01538,2,0.0135461605878605
Logistic Regression,GF_01539,2,0.0824234559797553
Logistic Regression,GF_01540,2,0.084886186886822
Logistic Regression,GF_01541,2,0.0353867771244936
Logistic Regression,GF_01542,2,0.00363881008093
Logistic Regression,GF_01543,2,0.0808857764882903
Logistic Regression,GF_01544,2,0.0059974817775365
Logistic Regression,GF_01547,2,0.1224902880904299
Logistic Regression,GF_01549,2,0.070768431909455
Logistic Regression,GF_01550,2,0.0750619295846958
Logistic Regression,GF_01552,2,0.0178971393419441
Logistic Regression,GF_01553,2,0.0260396968064239
Logistic Regression,GF_01579,2,0.0065533023480135
Logistic Regression,GF_01580,2,0.1780682071126549
Logistic Regression,GF_01583,2,0.2172760968327948
Logistic Regression,GF_01584,2,0.0529816089644732
Logistic Regression,GF_01591,2,0.0687750431466561
Logistic Regression,GF_01592,2,0.1338906480051276
Logistic Regression,GF_01616,2,0.0665330268087313
Logistic Regression,GF_01617,2,0.0249244588477173
Logistic Regression,GF_01618,2,0.0831656893780868
Logistic Regression,GF_01619,2,0.1863044737205142
Logistic Regression,GF_01620,2,0.1842378164881899
Logistic Regression,GF_01621,2,0.0433810952381523
Logistic Regression,GF_01623,2,0.0459833915890431
Logistic Regression,GF_01625,2,0.097504796622649
Logistic Regression,GF_01626,2,0.0497974253705487
Logistic Regression,GF_01627,2,0.067778235537492
Logistic Regression,GF_01628,2,0.1169589701562193
Logistic Regression,GF_01629,2,0.09771856832744
Logistic Regression,GF_01630,2,0.0417929714283548
Logistic Regression,GF_01634,2,0.012055852464325
Logistic Regression,GF_01635,2,0.0146237102168775
Logistic Regression,GF_01636,2,0.0600179685563541
Logistic Regression,GF_01637,2,0.1328727462893823
Logistic Regression,GF_01638,2,0.1145578900283429
Logistic Regression,GF_01639,2,0.037022951144148
Logistic Regression,GF_01641,2,0.0275431502208945
Logistic Regression,GF_01648,2,0.0451556182447538
Logistic Regression,GF_01659,2,0.2223112659682228
Logistic Regression,GF_01661,2,0.0608563374336391
Logistic Regression,GF_01672,2,0.0455882615179245
Logistic Regression,GF_01673,2,0.2357279213583378
Logistic Regression,GF_01674,2,0.0321872410194065
Logistic Regression,GF_01675,2,0.0112992537240579
Logistic Regression,GF_01676,2,0.0085318393806377
Logistic Regression,GF_01677,2,0.0765627427101
Logistic Regression,GF_01678,2,0.1205684289831891
Logistic Regression,GF_01679,2,0.0097709120907324
Logistic Regression,GF_01680,2,0.0801353136880927
Logistic Regression,GF_01681,2,0.0203056177418238
Logistic Regression,GF_01683,2,0.024583695338744
Logistic Regression,GF_01684,2,0.0485202035490283
Logistic Regression,GF_01685,2,0.1068367179073055
Logistic Regression,GF_01688,2,0.0784758572507389
Logistic Regression,GF_01689,2,0.0696961905484941
Logistic Regression,GF_01690,2,0.0194027092166198
Logistic Regression,GF_01691,2,0.1574394867879554
Logistic Regression,GF_01692,2,0.0528294975284514
Logistic Regression,GF_01693,2,0.0725526718822373
Logistic Regression,GF_01732,2,0.0105651716049461
Logistic Regression,GF_01733,2,0.1149584622880179
Logistic Regression,GF_01734,2,0.2049588980144281
Logistic Regression,GF_01735,2,0.0287383225642433
Logistic Regression,GF_01736,2,0.1394192993920825
Logistic Regression,GF_01737,2,0.1188140918385897
Logistic Regression,GF_01741,2,0.0146132102681332
Logistic Regression,GF_01742,2,0.0137222960441828
Logistic Regression,GF_01745,2,0.0724979103819703
Logistic Regression,GF_01763,2,0.12118126355622
Logistic Regression,GF_01783,2,0.3783568517864979
Logistic Regression,GF_01799,2,0.2470156360129305
Logistic Regression,GF_01801,2,0.0153048769285171
Logistic Regression,GF_01802,2,0.0706558545218706
Logistic Regression,GF_01803,2,0.0162200324641782
Logistic Regression,GF_01805,2,0.0900833378588447
Logistic Regression,GF_01806,2,0.0486152421273485
Logistic Regression,GF_01807,2,0.0464603811015268
Logistic Regression,GF_01808,2,0.0598045062156519
Logistic Regression,GF_01809,2,0.1076469003336238
Logistic Regression,GF_01810,2,0.0080812650696855
Logistic Regression,GF_01811,2,0.0046501912289473
Logistic Regression,GF_01812,2,0.0270060265150178
Logistic Regression,GF_01813,2,0.0291173494615408
Logistic Regression,GF_01814,2,0.0552554486630724
Logistic Regression,GF_01815,2,0.0720572205877679
Logistic Regression,GF_01816,2,0.1025224177328257
Logistic Regression,GF_01818,2,0.0822530213864022
Logistic Regression,GF_01819,2,0.0117195014288716
Logistic Regression,GF_01822,2,0.0882339662100187
Logistic Regression,GF_01823,2,0.0459600262899475
Logistic Regression,GF_01834,2,0.2148290438639478
Logistic Regression,GF_01836,2,0.0060512487272591
Logistic Regression,GF_01837,2,0.0428432777293958
Logistic Regression,GF_01840,2,0.0869732084645181
Logistic Regression,GF_01841,2,0.0597514231719842
Logistic Regression,GF_01842,2,0.0293692177600615
Logistic Regression,GF_01844,2,0.0492519102019958
Logistic Regression,GF_01856,2,0.0978507225236056
Logistic Regression,GF_01860,2,0.0084925704869367
Logistic Regression,GF_01866,2,0.1056595497840606
Logistic Regression,GF_01870,2,0.1129549411302099
Logistic Regression,GF_01872,2,0.0176977172761646
Logistic Regression,GF_01885,2,0.0463448393961469
Logistic Regression,GF_01897,2,0.1244121630148312
Logistic Regression,GF_01898,2,0.0678761169573467
Logistic Regression,GF_01899,2,0.0
Logistic Regression,GF_01900,2,0.0247931746726319
Logistic Regression,GF_01901,2,0.0551724447903234
Logistic Regression,GF_01902,2,0.0201407168746131
Logistic Regression,GF_01904,2,0.1374973034208175
Logistic Regression,GF_01919,2,0.021586352237083
Logistic Regression,GF_01921,2,0.1054176423832756
Logistic Regression,GF_01923,2,0.0123277158900722
Logistic Regression,GF_01925,2,0.0536403715214914
Logistic Regression,GF_01926,2,0.0404285671977567
Logistic Regression,GF_01927,2,0.3346297424773793
Logistic Regression,GF_01928,2,0.1977825697367425
Logistic Regression,GF_01929,2,0.0249234659908024
Logistic Regression,GF_01930,2,0.1541382645018361
Logistic Regression,GF_01945,2,0.0
Logistic Regression,GF_02041,2,0.0417953604022031
Logistic Regression,GF_02059,2,0.2184451491677825
Logistic Regression,GF_02060,2,0.075794174085734
Logistic Regression,GF_02069,2,0.1146386417628871
Logistic Regression,GF_02070,2,0.0282748705644561
Logistic Regression,GF_02071,2,0.1371799087623007
Logistic Regression,GF_02072,2,0.127084859654795
Logistic Regression,GF_02074,2,0.1081320031326655
Logistic Regression,GF_02075,2,0.2500027570926704
Logistic Regression,GF_02076,2,0.0049088025421829
Logistic Regression,GF_02084,2,0.0197671854806123
Logistic Regression,GF_02085,2,0.0291281914975344
Logistic Regression,GF_02088,2,0.1899200917467949
Logistic Regression,GF_02089,2,0.0345354891082775
Logistic Regression,GF_02091,2,0.0119323463712843
Logistic Regression,GF_02092,2,0.0486390850009468
Logistic Regression,GF_02093,2,0.0380628557474442
Logistic Regression,GF_02094,2,0.0155606298209996
Logistic Regression,GF_02101,2,0.0082412578021022
Logistic Regression,GF_02109,2,0.0632190657105693
Logistic Regression,GF_02110,2,0.0835035282969828
Logistic Regression,GF_02113,2,0.02435954274217
Logistic Regression,GF_02122,2,0.0097254397467102
Logistic Regression,GF_02130,2,0.1455323301246249
Logistic Regression,GF_02131,2,0.0510762952109169
Logistic Regression,GF_02132,2,0.0444681934286238
Logistic Regression,GF_02136,2,0.0213186706386167
Logistic Regression,GF_02137,2,0.0384522848978267
Logistic Regression,GF_02138,2,0.0030689219445415
Logistic Regression,GF_02139,2,0.0070511659690209
Logistic Regression,GF_02140,2,0.0567662876252262
Logistic Regression,GF_02141,2,0.2078594218427764
Logistic Regression,GF_02142,2,0.0384136777933519
Logistic Regression,GF_02143,2,0.1077305454090077
Logistic Regression,GF_02145,2,0.2312029593823868
Logistic Regression,GF_02152,2,0.1931142774842889
Logistic Regression,GF_02157,2,0.061603413092201
Logistic Regression,GF_02158,2,0.010563914559441
Logistic Regression,GF_02159,2,0.0220570810669865
Logistic Regression,GF_02172,2,0.1145753168747785
Logistic Regression,GF_02178,2,0.0457832957865047
Logistic Regression,GF_02180,2,0.324751179829191
Logistic Regression,GF_02184,2,0.0063702155883522
Logistic Regression,GF_02194,2,0.0024784150656371
Logistic Regression,GF_02215,2,0.1383438314722911
Logistic Regression,GF_02216,2,0.0868385914774162
Logistic Regression,GF_02217,2,0.0712741517040586
Logistic Regression,GF_02218,2,0.0141125731282888
Logistic Regression,GF_02219,2,0.0452929211029972
Logistic Regression,GF_02220,2,0.0373015465233383
Logistic Regression,GF_02222,2,0.1241680607481058
Logistic Regression,GF_02223,2,0.0202656419765889
Logistic Regression,GF_02224,2,0.0288492504680152
Logistic Regression,GF_02225,2,0.0826269028565647
Logistic Regression,GF_02226,2,0.2024175256711731
Logistic Regression,GF_02227,2,0.0416100153970567
Logistic Regression,GF_02228,2,0.1046485885534754
Logistic Regression,GF_02229,2,0.0575212811800035
Logistic Regression,GF_02230,2,0.0313221636882439
Logistic Regression,GF_02260,2,0.1802154725666052
Logistic Regression,GF_02261,2,0.0626695354845465
Logistic Regression,GF_02262,2,0.1524971665003057
Logistic Regression,GF_02263,2,0.3376282108794419
Logistic Regression,GF_02264,2,0.1372926133892152
Logistic Regression,GF_02266,2,0.0669574595018421
Logistic Regression,GF_00002,3,0.0161194073732217
Logistic Regression,GF_00008,3,0.0133803839553511
Logistic Regression,GF_00011,3,0.1936337601286062
Logistic Regression,GF_00012,3,0.1396490392332593
Logistic Regression,GF_00013,3,0.0680323809035693
Logistic Regression,GF_00014,3,0.0839697846265287
Logistic Regression,GF_00015,3,0.0098446802397205
Logistic Regression,GF_00017,3,0.0699755813849052
Logistic Regression,GF_00018,3,0.0222801819273804
Logistic Regression,GF_00036,3,0.0562694728448628
Logistic Regression,GF_00043,3,0.131779863732095
Logistic Regression,GF_00044,3,0.1656447817245192
Logistic Regression,GF_00046,3,0.0734680570872086
Logistic Regression,GF_00047,3,0.0448759362435518
Logistic Regression,GF_00048,3,0.0313371220835262
Logistic Regression,GF_00049,3,0.1396688478632903
Logistic Regression,GF_00051,3,0.0427009732584729
Logistic Regression,GF_00052,3,0.0590066061794333
Logistic Regression,GF_00071,3,0.0189921309561515
Logistic Regression,GF_00072,3,0.0032792463101161
Logistic Regression,GF_00073,3,0.0155172054529358
Logistic Regression,GF_00074,3,0.0102210763592258
Logistic Regression,GF_00075,3,0.0432162200492025
Logistic Regression,GF_00076,3,0.0972835177279302
Logistic Regression,GF_00077,3,0.0839697846265287
Logistic Regression,GF_00078,3,0.0380908893970758
Logistic Regression,GF_00079,3,0.1028585747459878
Logistic Regression,GF_00080,3,0.1969596611295708
Logistic Regression,GF_00081,3,0.0887607873455157
Logistic Regression,GF_00082,3,0.1449797482863879
Logistic Regression,GF_00083,3,0.1579434393715083
Logistic Regression,GF_00084,3,0.050180513034185
Logistic Regression,GF_00085,3,0.0522633733138165
Logistic Regression,GF_00087,3,0.004905213257467
Logistic Regression,GF_00088,3,0.039634207329313
Logistic Regression,GF_00093,3,0.0368529436792283
Logistic Regression,GF_00094,3,0.0184271172868505
Logistic Regression,GF_00104,3,0.1116154357080022
Logistic Regression,GF_00105,3,0.0224993578187027
Logistic Regression,GF_00106,3,0.013244749888357
Logistic Regression,GF_00107,3,0.1385875989633052
Logistic Regression,GF_00108,3,0.0668829707674807
Logistic Regression,GF_00109,3,0.0008404564667843
Logistic Regression,GF_00110,3,0.0965947046700888
Logistic Regression,GF_00111,3,0.0230933551535617
Logistic Regression,GF_00112,3,0.0851946108294952
Logistic Regression,GF_00113,3,0.0170635573729156
Logistic Regression,GF_00114,3,0.0072784738302724
Logistic Regression,GF_00115,3,0.0273175906052589
Logistic Regression,GF_00116,3,0.0031026236012765
Logistic Regression,GF_00117,3,0.0002703040372527
Logistic Regression,GF_00120,3,0.0547033311113678
Logistic Regression,GF_00121,3,0.011119819866758
Logistic Regression,GF_00122,3,0.1094808421862984
Logistic Regression,GF_00123,3,0.0839697846265287
Logistic Regression,GF_00124,3,0.0606385380504916
Logistic Regression,GF_00125,3,0.1066344320216796
Logistic Regression,GF_00136,3,0.0111964372775526
Logistic Regression,GF_00137,3,0.0105048984815415
Logistic Regression,GF_00138,3,0.0091581197432626
Logistic Regression,GF_00139,3,0.0610864096853364
Logistic Regression,GF_00141,3,0.0065454616826232
Logistic Regression,GF_00142,3,0.0058308305419545
Logistic Regression,GF_00143,3,0.0954462118181503
Logistic Regression,GF_00155,3,0.0609424520995124
Logistic Regression,GF_00164,3,0.0687580182025661
Logistic Regression,GF_00170,3,0.0015331086459728
Logistic Regression,GF_00175,3,0.5432275582855577
Logistic Regression,GF_00178,3,0.0085813478057688
Logistic Regression,GF_00179,3,0.0191864945268371
Logistic Regression,GF_00180,3,0.1331421599849612
Logistic Regression,GF_00185,3,0.0588668187329069
Logistic Regression,GF_00208,3,0.00932551768758
Logistic Regression,GF_00220,3,0.0886048527323175
Logistic Regression,GF_00228,3,0.0033907006540039
Logistic Regression,GF_00229,3,0.0838800846800918
Logistic Regression,GF_00235,3,0.0770900616514875
Logistic Regression,GF_00244,3,0.0778946927814289
Logistic Regression,GF_00250,3,0.042671625496207
Logistic Regression,GF_00251,3,0.0414889612883146
Logistic Regression,GF_00262,3,0.0795603640978497
Logistic Regression,GF_00281,3,0.027310817925028
Logistic Regression,GF_00290,3,0.096302330659858
Logistic Regression,GF_00296,3,0.0234733569805367
Logistic Regression,GF_00300,3,0.1187944001248192
Logistic Regression,GF_00302,3,0.1177242172686113
Logistic Regression,GF_00303,3,0.0377421170738405
Logistic Regression,GF_00305,3,0.0579651136916087
Logistic Regression,GF_00309,3,0.1054376211018064
Logistic Regression,GF_00310,3,0.0346543619226591
Logistic Regression,GF_00311,3,0.0767901294480026
Logistic Regression,GF_00312,3,0.1393044831231482
Logistic Regression,GF_00313,3,0.0160089917922807
Logistic Regression,GF_00314,3,0.0600076917996253
Logistic Regression,GF_00315,3,0.1726270434926751
Logistic Regression,GF_00316,3,0.0970897729375041
Logistic Regression,GF_00317,3,0.0627993336262747
Logistic Regression,GF_00318,3,0.1206171680303642
Logistic Regression,GF_00319,3,0.002484161681784
Logistic Regression,GF_00320,3,0.084614895783878
Logistic Regression,GF_00321,3,0.0136409173169745
Logistic Regression,GF_00323,3,0.0589707538979478
Logistic Regression,GF_00324,3,0.017621539933078
Logistic Regression,GF_00325,3,0.0241194465270835
Logistic Regression,GF_00326,3,0.0838819294919524
Logistic Regression,GF_00327,3,0.077769334344225
Logistic Regression,GF_00329,3,0.0504809984763601
Logistic Regression,GF_00330,3,0.0730591046561147
Logistic Regression,GF_00331,3,0.0134859662781818
Logistic Regression,GF_00332,3,0.019708647360212
Logistic Regression,GF_00333,3,0.0359680462602366
Logistic Regression,GF_00335,3,0.0280371160928174
Logistic Regression,GF_00336,3,0.0534355116674758
Logistic Regression,GF_00338,3,0.0113109100771579
Logistic Regression,GF_00339,3,0.0448170836476174
Logistic Regression,GF_00340,3,0.0671660136241106
Logistic Regression,GF_00341,3,0.0338073085954622
Logistic Regression,GF_00342,3,0.0904125308930763
Logistic Regression,GF_00343,3,0.1092866234397663
Logistic Regression,GF_00344,3,0.1838665496286053
Logistic Regression,GF_00346,3,0.0059080030314
Logistic Regression,GF_00347,3,0.0981412234562648
Logistic Regression,GF_00348,3,0.2361815797334763
Logistic Regression,GF_00349,3,0.1074805396968937
Logistic Regression,GF_00350,3,0.0865305479877722
Logistic Regression,GF_00351,3,0.0784857110795979
Logistic Regression,GF_00352,3,0.0447964294108431
Logistic Regression,GF_00353,3,0.0137281363383025
Logistic Regression,GF_00355,3,0.0307206591485273
Logistic Regression,GF_00358,3,0.0795618956131595
Logistic Regression,GF_00360,3,0.031499900500068
Logistic Regression,GF_00362,3,0.0743132316465096
Logistic Regression,GF_00363,3,0.1328722696093432
Logistic Regression,GF_00364,3,0.0576400777100363
Logistic Regression,GF_00365,3,0.0328810098650987
Logistic Regression,GF_00369,3,0.0182544363859016
Logistic Regression,GF_00381,3,0.0431741296049215
Logistic Regression,GF_00384,3,0.0262098193678771
Logistic Regression,GF_00385,3,0.0173779048562102
Logistic Regression,GF_00386,3,0.0075321077728562
Logistic Regression,GF_00387,3,0.0342211918099912
Logistic Regression,GF_00388,3,0.0662795978818225
Logistic Regression,GF_00389,3,0.088588523956497
Logistic Regression,GF_00390,3,0.0043072164315809
Logistic Regression,GF_00391,3,0.0353784243286367
Logistic Regression,GF_00393,3,0.1119885995815576
Logistic Regression,GF_00394,3,0.0806667144973805
Logistic Regression,GF_00395,3,0.0188552713208286
Logistic Regression,GF_00396,3,0.0658717655958015
Logistic Regression,GF_00400,3,0.0666478056699505
Logistic Regression,GF_00401,3,0.0152643932705824
Logistic Regression,GF_00402,3,0.1858669369241629
Logistic Regression,GF_00403,3,0.0311437947955189
Logistic Regression,GF_00404,3,0.096026995999157
Logistic Regression,GF_00405,3,0.0351438262607047
Logistic Regression,GF_00406,3,0.0805891756531791
Logistic Regression,GF_00407,3,0.0775142764761677
Logistic Regression,GF_00408,3,0.0195419660663047
Logistic Regression,GF_00409,3,0.0452003378358007
Logistic Regression,GF_00410,3,0.0782036664840696
Logistic Regression,GF_00413,3,0.040274467831721
Logistic Regression,GF_00414,3,0.0262436352690257
Logistic Regression,GF_00415,3,0.0229125838677606
Logistic Regression,GF_00417,3,0.0114362667240291
Logistic Regression,GF_00418,3,0.0857595658565127
Logistic Regression,GF_00419,3,0.0860759063998913
Logistic Regression,GF_00421,3,0.0479606128363331
Logistic Regression,GF_00422,3,0.0022728819634867
Logistic Regression,GF_00424,3,0.0645571419589302
Logistic Regression,GF_00426,3,0.3593454770220284
Logistic Regression,GF_00427,3,0.0387516744016897
Logistic Regression,GF_00428,3,0.0001514484997233
Logistic Regression,GF_00429,3,0.1272814265541368
Logistic Regression,GF_00430,3,0.1514294642375197
Logistic Regression,GF_00431,3,0.0816912006238596
Logistic Regression,GF_00432,3,0.0904759634535433
Logistic Regression,GF_00433,3,0.0345700194758822
Logistic Regression,GF_00434,3,0.1585529981697339
Logistic Regression,GF_00435,3,0.129736075395123
Logistic Regression,GF_00436,3,0.068494894187338
Logistic Regression,GF_00437,3,0.0811475071432819
Logistic Regression,GF_00438,3,0.0120844331928003
Logistic Regression,GF_00440,3,0.0670244701696609
Logistic Regression,GF_00441,3,0.0779061980629711
Logistic Regression,GF_00455,3,0.1029222764962493
Logistic Regression,GF_00457,3,0.0115392081064276
Logistic Regression,GF_00458,3,0.1340720414018949
Logistic Regression,GF_00471,3,0.041067843580789
Logistic Regression,GF_00472,3,0.0562648868191028
Logistic Regression,GF_00477,3,0.0984945812816941
Logistic Regression,GF_00480,3,0.0436638791204762
Logistic Regression,GF_00482,3,0.0454802758096963
Logistic Regression,GF_00488,3,0.1151239398496575
Logistic Regression,GF_00489,3,0.0231516118888129
Logistic Regression,GF_00503,3,0.0324415849641808
Logistic Regression,GF_00522,3,0.0530003102582195
Logistic Regression,GF_00523,3,0.1178230526227882
Logistic Regression,GF_00524,3,0.0955041125569211
Logistic Regression,GF_00525,3,0.0839697846265287
Logistic Regression,GF_00527,3,0.0719438573235938
Logistic Regression,GF_00528,3,0.0839697846265287
Logistic Regression,GF_00529,3,0.0677747365976913
Logistic Regression,GF_00530,3,0.0693552086600545
Logistic Regression,GF_00531,3,0.0147018276110868
Logistic Regression,GF_00536,3,0.2432954999509625
Logistic Regression,GF_00538,3,0.0569730400735716
Logistic Regression,GF_00546,3,0.0540334925621518
Logistic Regression,GF_00547,3,0.0358760836588388
Logistic Regression,GF_00548,3,0.0624349434803475
Logistic Regression,GF_00549,3,0.0020174043875098
Logistic Regression,GF_00564,3,0.010724915631981
Logistic Regression,GF_00565,3,0.1218183984867424
Logistic Regression,GF_00566,3,0.0588167720022917
Logistic Regression,GF_00569,3,0.0366582109664712
Logistic Regression,GF_00570,3,0.0270158108789402
Logistic Regression,GF_00572,3,0.0215552707215435
Logistic Regression,GF_00574,3,0.0365049640329779
Logistic Regression,GF_00578,3,0.0266385887947525
Logistic Regression,GF_00580,3,0.1150368246136823
Logistic Regression,GF_00588,3,0.03888069837531
Logistic Regression,GF_00594,3,0.1160748391457126
Logistic Regression,GF_00595,3,0.1588551155657622
Logistic Regression,GF_00599,3,0.0964272159258939
Logistic Regression,GF_00600,3,0.0887726358688804
Logistic Regression,GF_00601,3,0.0651577007982345
Logistic Regression,GF_00603,3,0.0418250225777826
Logistic Regression,GF_00604,3,0.1045750920002148
Logistic Regression,GF_00605,3,0.0359196326111139
Logistic Regression,GF_00606,3,0.0126435495806961
Logistic Regression,GF_00607,3,0.0345682988469711
Logistic Regression,GF_00608,3,0.1334200879901858
Logistic Regression,GF_00609,3,0.0182475598297574
Logistic Regression,GF_00611,3,0.2105133200424962
Logistic Regression,GF_00612,3,0.1087676760824588
Logistic Regression,GF_00613,3,0.0255602075632232
Logistic Regression,GF_00614,3,0.0144427154031301
Logistic Regression,GF_00615,3,0.0126211901697324
Logistic Regression,GF_00616,3,0.0890822800458472
Logistic Regression,GF_00617,3,0.0187903848120925
Logistic Regression,GF_00618,3,0.0391608331711654
Logistic Regression,GF_00619,3,0.0458536237136029
Logistic Regression,GF_00620,3,0.0486532707321392
Logistic Regression,GF_00621,3,0.0429891785347597
Logistic Regression,GF_00622,3,0.1018316809627364
Logistic Regression,GF_00623,3,0.0102514136210023
Logistic Regression,GF_00624,3,0.0419210032286833
Logistic Regression,GF_00632,3,0.1567152257151985
Logistic Regression,GF_00633,3,0.0179558277684213
Logistic Regression,GF_00635,3,0.0542364751839781
Logistic Regression,GF_00636,3,0.0191351628816904
Logistic Regression,GF_00637,3,0.0689692615948749
Logistic Regression,GF_00638,3,0.0423468834753785
Logistic Regression,GF_00640,3,0.0722233682187249
Logistic Regression,GF_00641,3,0.0152752330527069
Logistic Regression,GF_00642,3,0.0352528835514661
Logistic Regression,GF_00643,3,0.0014608259365868
Logistic Regression,GF_00655,3,0.0191882293123384
Logistic Regression,GF_00658,3,0.0187995495309852
Logistic Regression,GF_00659,3,0.0474652777879203
Logistic Regression,GF_00661,3,0.136256708098196
Logistic Regression,GF_00669,3,0.1152986776706174
Logistic Regression,GF_00676,3,0.0288994576508549
Logistic Regression,GF_00680,3,0.0689328025419578
Logistic Regression,GF_00681,3,0.045026118149804
Logistic Regression,GF_00682,3,0.0709824973429314
Logistic Regression,GF_00683,3,0.0807436145430736
Logistic Regression,GF_00684,3,0.3816876804233596
Logistic Regression,GF_00687,3,0.1059249678082075
Logistic Regression,GF_00688,3,0.0014330660006149
Logistic Regression,GF_00695,3,0.0275833468527943
Logistic Regression,GF_00699,3,0.0238971553474676
Logistic Regression,GF_00702,3,0.0659262765782499
Logistic Regression,GF_00709,3,0.0091371884331682
Logistic Regression,GF_00722,3,0.0049301246045168
Logistic Regression,GF_00723,3,0.0907381530111818
Logistic Regression,GF_00724,3,0.0482556745903767
Logistic Regression,GF_00725,3,0.0596220807660093
Logistic Regression,GF_00726,3,0.0982388161543398
Logistic Regression,GF_00727,3,0.0162783939208532
Logistic Regression,GF_00728,3,0.0490132113688776
Logistic Regression,GF_00729,3,0.0076066873178371
Logistic Regression,GF_00732,3,0.0504166515468917
Logistic Regression,GF_00736,3,0.0225109625729746
Logistic Regression,GF_00740,3,0.0025804570206613
Logistic Regression,GF_00741,3,0.0401309754176712
Logistic Regression,GF_00744,3,0.0425028855157446
Logistic Regression,GF_00751,3,0.0632899058967887
Logistic Regression,GF_00755,3,0.0942712761144629
Logistic Regression,GF_00756,3,0.0939266482010821
Logistic Regression,GF_00761,3,0.1138212142980976
Logistic Regression,GF_00771,3,0.0427638579009136
Logistic Regression,GF_00773,3,0.0056371033499331
Logistic Regression,GF_00776,3,0.1865496262005307
Logistic Regression,GF_00777,3,0.0940201716487835
Logistic Regression,GF_00785,3,0.0322682737859869
Logistic Regression,GF_00796,3,0.0772357802541169
Logistic Regression,GF_00810,3,0.0550195149064827
Logistic Regression,GF_00811,3,0.0590486077958048
Logistic Regression,GF_00813,3,0.0348677032317561
Logistic Regression,GF_00814,3,0.0791963570438389
Logistic Regression,GF_00816,3,0.0438338993897092
Logistic Regression,GF_00819,3,0.1475529115097667
Logistic Regression,GF_00828,3,0.1009664315185827
Logistic Regression,GF_00843,3,0.0230208148209689
Logistic Regression,GF_00845,3,0.0183369916509793
Logistic Regression,GF_00856,3,0.2649439423747156
Logistic Regression,GF_00857,3,0.1105588345038047
Logistic Regression,GF_00860,3,0.023340451301153
Logistic Regression,GF_00864,3,0.0035470987570906
Logistic Regression,GF_00866,3,0.175877528908201
Logistic Regression,GF_00867,3,0.0642105345007388
Logistic Regression,GF_00868,3,0.002484161681784
Logistic Regression,GF_00869,3,0.0641437876372539
Logistic Regression,GF_00870,3,0.0176009440603358
Logistic Regression,GF_00871,3,0.0407444716921362
Logistic Regression,GF_00872,3,0.0137055987524953
Logistic Regression,GF_00873,3,0.1087861071391388
Logistic Regression,GF_00874,3,0.0102796074213949
Logistic Regression,GF_00887,3,0.0625418900915056
Logistic Regression,GF_00888,3,0.1668401045528576
Logistic Regression,GF_00895,3,0.1193533068845515
Logistic Regression,GF_00916,3,0.0058407912035672
Logistic Regression,GF_00927,3,0.0702512406087341
Logistic Regression,GF_00931,3,0.1781705774140334
Logistic Regression,GF_00932,3,0.0450924527457083
Logistic Regression,GF_00933,3,0.0215828522590521
Logistic Regression,GF_00946,3,0.0156535575580928
Logistic Regression,GF_00947,3,0.0230933551535617
Logistic Regression,GF_00949,3,0.0068106653157493
Logistic Regression,GF_00957,3,0.1511389315405306
Logistic Regression,GF_00958,3,0.0032270857247631
Logistic Regression,GF_00959,3,0.1247961634585836
Logistic Regression,GF_00960,3,0.0465967360582491
Logistic Regression,GF_00963,3,0.0079755217750832
Logistic Regression,GF_00966,3,0.0388463565626583
Logistic Regression,GF_00968,3,0.1299704967205046
Logistic Regression,GF_00969,3,0.0246879635419689
Logistic Regression,GF_00970,3,0.0856595727008248
Logistic Regression,GF_00971,3,0.2740424829618357
Logistic Regression,GF_00972,3,0.0443524980270948
Logistic Regression,GF_00982,3,0.3195338265033636
Logistic Regression,GF_01004,3,0.0106073279411825
Logistic Regression,GF_01005,3,0.0869713345388398
Logistic Regression,GF_01012,3,0.0506830682384259
Logistic Regression,GF_01026,3,0.0421186653500125
Logistic Regression,GF_01027,3,0.0544242882345922
Logistic Regression,GF_01028,3,0.039350157647689
Logistic Regression,GF_01054,3,0.1038422326376773
Logistic Regression,GF_01230,3,0.0154990751893334
Logistic Regression,GF_01231,3,0.0626837565197357
Logistic Regression,GF_01232,3,0.1016228738083024
Logistic Regression,GF_01233,3,0.1152540392257229
Logistic Regression,GF_01234,3,0.007319574107975
Logistic Regression,GF_01235,3,0.0952079675001366
Logistic Regression,GF_01236,3,0.0868319766009001
Logistic Regression,GF_01237,3,0.0180055154988615
Logistic Regression,GF_01239,3,0.180617430754885
Logistic Regression,GF_01240,3,0.0572232917147038
Logistic Regression,GF_01241,3,0.0026923564723704
Logistic Regression,GF_01242,3,0.0302559261913881
Logistic Regression,GF_01244,3,0.1213116907848818
Logistic Regression,GF_01245,3,0.0788081903939687
Logistic Regression,GF_01246,3,0.027368976082394
Logistic Regression,GF_01247,3,0.0151503437997045
Logistic Regression,GF_01248,3,0.1729387589285546
Logistic Regression,GF_01266,3,0.0577828376601604
Logistic Regression,GF_01287,3,0.0807667069890678
Logistic Regression,GF_01290,3,0.0550144260786181
Logistic Regression,GF_01291,3,0.0255549934317955
Logistic Regression,GF_01292,3,0.090860373989989
Logistic Regression,GF_01293,3,0.024039201916558
Logistic Regression,GF_01297,3,0.0
Logistic Regression,GF_01306,3,0.0768757530759041
Logistic Regression,GF_01314,3,0.0082934992912953
Logistic Regression,GF_01315,3,0.1227391029721571
Logistic Regression,GF_01327,3,0.1472627106871189
Logistic Regression,GF_01328,3,0.2382354643906195
Logistic Regression,GF_01329,3,0.0687185487058591
Logistic Regression,GF_01330,3,0.1111648083049017
Logistic Regression,GF_01331,3,0.1959071997074922
Logistic Regression,GF_01332,3,0.1565453417424542
Logistic Regression,GF_01333,3,0.0629515475079313
Logistic Regression,GF_01334,3,0.0293907354658353
Logistic Regression,GF_01336,3,0.0688973742185518
Logistic Regression,GF_01337,3,0.1066996023971836
Logistic Regression,GF_01338,3,0.0444168751523328
Logistic Regression,GF_01359,3,0.0023434604525406
Logistic Regression,GF_01372,3,0.0698600447397256
Logistic Regression,GF_01374,3,0.0534986667123184
Logistic Regression,GF_01375,3,0.0151223703374039
Logistic Regression,GF_01376,3,0.1130789925411276
Logistic Regression,GF_01377,3,0.0666445864853763
Logistic Regression,GF_01379,3,0.0911093833987183
Logistic Regression,GF_01381,3,0.0556886949314191
Logistic Regression,GF_01382,3,0.1359211661778249
Logistic Regression,GF_01383,3,0.0924801750354298
Logistic Regression,GF_01385,3,0.0798211469518442
Logistic Regression,GF_01386,3,0.0395848744581631
Logistic Regression,GF_01387,3,0.018630786799976
Logistic Regression,GF_01390,3,0.0388673340448768
Logistic Regression,GF_01391,3,0.1366253365791097
Logistic Regression,GF_01393,3,0.0201743005766418
Logistic Regression,GF_01394,3,0.0964848755402804
Logistic Regression,GF_01395,3,0.0558479145584755
Logistic Regression,GF_01396,3,0.0555718004204478
Logistic Regression,GF_01397,3,0.0241229412264224
Logistic Regression,GF_01399,3,0.1352595599067428
Logistic Regression,GF_01400,3,0.0048009895151156
Logistic Regression,GF_01401,3,0.0003835752899056
Logistic Regression,GF_01404,3,0.1025565503398506
Logistic Regression,GF_01409,3,0.1114328683406792
Logistic Regression,GF_01425,3,0.1391401986410146
Logistic Regression,GF_01426,3,0.0334165915743073
Logistic Regression,GF_01428,3,0.0024208417225718
Logistic Regression,GF_01439,3,0.0020342842872695
Logistic Regression,GF_01445,3,0.0166075228087173
Logistic Regression,GF_01446,3,0.0797940261475479
Logistic Regression,GF_01447,3,0.0504215025037201
Logistic Regression,GF_01448,3,0.1308235879761252
Logistic Regression,GF_01449,3,0.0449494633715499
Logistic Regression,GF_01456,3,0.126634179372863
Logistic Regression,GF_01458,3,0.0904330664325679
Logistic Regression,GF_01460,3,0.0397368299558189
Logistic Regression,GF_01461,3,0.0312283709017673
Logistic Regression,GF_01462,3,0.2080257811415714
Logistic Regression,GF_01466,3,0.0303789946174181
Logistic Regression,GF_01476,3,0.0126957141950456
Logistic Regression,GF_01477,3,0.0426117971218381
Logistic Regression,GF_01479,3,0.0069865859033698
Logistic Regression,GF_01480,3,0.2287347277004082
Logistic Regression,GF_01481,3,0.1110407384914555
Logistic Regression,GF_01487,3,0.0550463312874643
Logistic Regression,GF_01502,3,0.0274980365020891
Logistic Regression,GF_01504,3,0.1336480822464703
Logistic Regression,GF_01512,3,0.1311080617566495
Logistic Regression,GF_01514,3,0.0073790603852024
Logistic Regression,GF_01527,3,0.04362054376028
Logistic Regression,GF_01534,3,0.0133501749371588
Logistic Regression,GF_01535,3,0.0687687864370378
Logistic Regression,GF_01536,3,0.0517175918973273
Logistic Regression,GF_01537,3,0.1503081064375948
Logistic Regression,GF_01538,3,0.0810704462420519
Logistic Regression,GF_01539,3,0.2289963008743489
Logistic Regression,GF_01540,3,0.027786164107066
Logistic Regression,GF_01541,3,0.0375703618883512
Logistic Regression,GF_01542,3,0.0309251179672773
Logistic Regression,GF_01543,3,0.0870385292619747
Logistic Regression,GF_01544,3,0.0504038073870341
Logistic Regression,GF_01547,3,0.03983757324594
Logistic Regression,GF_01549,3,0.0495149332841326
Logistic Regression,GF_01550,3,0.1231866062446133
Logistic Regression,GF_01552,3,0.0315654241873968
Logistic Regression,GF_01553,3,0.0466240137418869
Logistic Regression,GF_01579,3,0.0018973859902422
Logistic Regression,GF_01580,3,0.1423988106235607
Logistic Regression,GF_01583,3,0.0478828844590835
Logistic Regression,GF_01584,3,0.2589816680783294
Logistic Regression,GF_01591,3,0.0325637156371285
Logistic Regression,GF_01592,3,0.1301873276413264
Logistic Regression,GF_01616,3,0.0890854551075093
Logistic Regression,GF_01617,3,0.1025760214030625
Logistic Regression,GF_01618,3,0.1949877464163148
Logistic Regression,GF_01619,3,0.1512604866022344
Logistic Regression,GF_01620,3,0.0772003414829611
Logistic Regression,GF_01621,3,0.0010767742354736
Logistic Regression,GF_01623,3,0.0886632143384317
Logistic Regression,GF_01625,3,0.0832357402652146
Logistic Regression,GF_01626,3,0.0550599237384806
Logistic Regression,GF_01627,3,0.102663623892098
Logistic Regression,GF_01628,3,0.0157161015550036
Logistic Regression,GF_01629,3,0.0396725699556474
Logistic Regression,GF_01630,3,0.1271742105899794
Logistic Regression,GF_01634,3,0.0464339023744507
Logistic Regression,GF_01635,3,0.0270164221114087
Logistic Regression,GF_01636,3,0.0435450229926158
Logistic Regression,GF_01637,3,0.084615136144119
Logistic Regression,GF_01638,3,0.1129487424132175
Logistic Regression,GF_01639,3,0.0446904059319311
Logistic Regression,GF_01641,3,0.0216726568214459
Logistic Regression,GF_01648,3,0.0998961138684999
Logistic Regression,GF_01659,3,0.20560072618115
Logistic Regression,GF_01661,3,0.0266272800463464
Logistic Regression,GF_01672,3,0.0025539356711336
Logistic Regression,GF_01673,3,0.0354786444837233
Logistic Regression,GF_01674,3,0.0487026762713427
Logistic Regression,GF_01675,3,0.0161210725705616
Logistic Regression,GF_01676,3,0.0342465738580822
Logistic Regression,GF_01677,3,0.0424193100747748
Logistic Regression,GF_01678,3,0.1014294255679705
Logistic Regression,GF_01679,3,0.0555826310663685
Logistic Regression,GF_01680,3,0.0030315877559122
Logistic Regression,GF_01681,3,0.0078324404059614
Logistic Regression,GF_01683,3,0.0326557434761577
Logistic Regression,GF_01684,3,0.0864471452437929
Logistic Regression,GF_01685,3,0.1437307885009565
Logistic Regression,GF_01688,3,0.0064841868410504
Logistic Regression,GF_01689,3,0.0121629068298652
Logistic Regression,GF_01690,3,0.0349774837499123
Logistic Regression,GF_01691,3,0.1062872117269261
Logistic Regression,GF_01692,3,0.0243836350371346
Logistic Regression,GF_01693,3,0.0163213004816183
Logistic Regression,GF_01732,3,0.0491718012649738
Logistic Regression,GF_01733,3,0.0936847602207877
Logistic Regression,GF_01734,3,0.1338570910760438
Logistic Regression,GF_01735,3,0.0244005309264786
Logistic Regression,GF_01736,3,0.0155790152706838
Logistic Regression,GF_01737,3,0.0795939650457145
Logistic Regression,GF_01741,3,0.0026463908677758
Logistic Regression,GF_01742,3,0.0527141026323168
Logistic Regression,GF_01745,3,0.0771564765331683
Logistic Regression,GF_01763,3,0.0705932276197946
Logistic Regression,GF_01783,3,0.4121229522874581
Logistic Regression,GF_01799,3,0.1637393305299451
Logistic Regression,GF_01801,3,0.0508719091919431
Logistic Regression,GF_01802,3,0.0398217771804746
Logistic Regression,GF_01803,3,0.0011907507829083
Logistic Regression,GF_01805,3,0.1139735202925507
Logistic Regression,GF_01806,3,0.1012904842775108
Logistic Regression,GF_01807,3,0.0809849976488613
Logistic Regression,GF_01808,3,0.113648186529185
Logistic Regression,GF_01809,3,0.0943015334276688
Logistic Regression,GF_01810,3,0.0110152507983621
Logistic Regression,GF_01811,3,0.029399265243966
Logistic Regression,GF_01812,3,0.0374369266991916
Logistic Regression,GF_01813,3,0.0187395442356466
Logistic Regression,GF_01814,3,0.000932728099639
Logistic Regression,GF_01815,3,0.0324830725369989
Logistic Regression,GF_01816,3,0.0933226633207952
Logistic Regression,GF_01818,3,0.0173401816946044
Logistic Regression,GF_01819,3,0.006144408580972
Logistic Regression,GF_01822,3,0.0422740027764914
Logistic Regression,GF_01823,3,0.0108517779969029
Logistic Regression,GF_01834,3,0.1644711782102099
Logistic Regression,GF_01836,3,0.0129780809674919
Logistic Regression,GF_01837,3,0.0557103799309312
Logistic Regression,GF_01840,3,0.0173764127112989
Logistic Regression,GF_01841,3,0.0193238115822854
Logistic Regression,GF_01842,3,0.0310207197244942
Logistic Regression,GF_01844,3,0.0387149893946099
Logistic Regression,GF_01856,3,0.0419274630308081
Logistic Regression,GF_01860,3,0.0329918214812628
Logistic Regression,GF_01866,3,0.0537172572671631
Logistic Regression,GF_01870,3,0.1207727506611734
Logistic Regression,GF_01872,3,0.069740661257248
Logistic Regression,GF_01885,3,0.0209835312644009
Logistic Regression,GF_01897,3,0.0082695934911222
Logistic Regression,GF_01898,3,0.0077686328760905
Logistic Regression,GF_01899,3,0.0
Logistic Regression,GF_01900,3,0.0268043565586341
Logistic Regression,GF_01901,3,0.0268583369748687
Logistic Regression,GF_01902,3,0.0810663229201196
Logistic Regression,GF_01904,3,0.1259810311959474
Logistic Regression,GF_01919,3,0.021792878436295
Logistic Regression,GF_01921,3,0.0300541748854555
Logistic Regression,GF_01923,3,0.010262895471769
Logistic Regression,GF_01925,3,0.1232366909606924
Logistic Regression,GF_01926,3,0.1343614641039408
Logistic Regression,GF_01927,3,0.0503554460887166
Logistic Regression,GF_01928,3,0.0834030440270533
Logistic Regression,GF_01929,3,0.0383501691191407
Logistic Regression,GF_01930,3,0.2019478563548409
Logistic Regression,GF_01945,3,0.0
Logistic Regression,GF_02041,3,0.0188981974064489
Logistic Regression,GF_02059,3,0.2027129629789662
Logistic Regression,GF_02060,3,0.0508098343488642
Logistic Regression,GF_02069,3,0.0957878186600932
Logistic Regression,GF_02070,3,0.0324443113776805
Logistic Regression,GF_02071,3,0.103479396038603
Logistic Regression,GF_02072,3,0.1468996687607988
Logistic Regression,GF_02074,3,0.0447054539665943
Logistic Regression,GF_02075,3,0.2571151028934563
Logistic Regression,GF_02076,3,0.0222376854343469
Logistic Regression,GF_02084,3,0.0127498418596696
Logistic Regression,GF_02085,3,0.0353846278657721
Logistic Regression,GF_02088,3,0.0773266105326552
Logistic Regression,GF_02089,3,0.0340857529452511
Logistic Regression,GF_02091,3,0.0085248877307757
Logistic Regression,GF_02092,3,0.0196443033266908
Logistic Regression,GF_02093,3,0.0674580168207206
Logistic Regression,GF_02094,3,0.0060053207282253
Logistic Regression,GF_02101,3,0.0206877002069403
Logistic Regression,GF_02109,3,0.0759749358585837
Logistic Regression,GF_02110,3,0.0932188715509104
Logistic Regression,GF_02113,3,0.0384337944750461
Logistic Regression,GF_02122,3,0.0536084029899673
Logistic Regression,GF_02130,3,0.1187080065296774
Logistic Regression,GF_02131,3,0.0134849200814106
Logistic Regression,GF_02132,3,0.1271964925564776
Logistic Regression,GF_02136,3,0.0063643089862566
Logistic Regression,GF_02137,3,0.0876906040067228
Logistic Regression,GF_02138,3,0.0458181788514692
Logistic Regression,GF_02139,3,0.0455017736817814
Logistic Regression,GF_02140,3,0.0029322880473606
Logistic Regression,GF_02141,3,0.2119461774485043
Logistic Regression,GF_02142,3,0.1307391588665247
Logistic Regression,GF_02143,3,0.1197603951243376
Logistic Regression,GF_02145,3,0.2324749253129256
Logistic Regression,GF_02152,3,0.1316343913301191
Logistic Regression,GF_02157,3,0.0156526388094507
Logistic Regression,GF_02158,3,0.0950666313549885
Logistic Regression,GF_02159,3,0.0538650382324063
Logistic Regression,GF_02172,3,0.0724438194210854
Logistic Regression,GF_02178,3,0.0353156134931746
Logistic Regression,GF_02180,3,0.0437902967556562
Logistic Regression,GF_02184,3,0.0633877507155893
Logistic Regression,GF_02194,3,0.0180333081481065
Logistic Regression,GF_02215,3,0.0590255941722362
Logistic Regression,GF_02216,3,0.1621539279338156
Logistic Regression,GF_02217,3,0.0017448468355318
Logistic Regression,GF_02218,3,0.0254486436961129
Logistic Regression,GF_02219,3,0.0621460230491967
Logistic Regression,GF_02220,3,0.0029572575704496
Logistic Regression,GF_02222,3,0.1232580700527889
Logistic Regression,GF_02223,3,0.0054451453159227
Logistic Regression,GF_02224,3,0.0168892205759235
Logistic Regression,GF_02225,3,0.0700159679147668
Logistic Regression,GF_02226,3,0.108760718959413
Logistic Regression,GF_02227,3,0.0046708100234479
Logistic Regression,GF_02228,3,0.0871845786972409
Logistic Regression,GF_02229,3,0.1057186570882454
Logistic Regression,GF_02230,3,0.1099408889581544
Logistic Regression,GF_02260,3,0.13025866972314
Logistic Regression,GF_02261,3,0.1280465218968801
Logistic Regression,GF_02262,3,0.0869175773170866
Logistic Regression,GF_02263,3,0.2710349261011748
Logistic Regression,GF_02264,3,0.0975823864356452
Logistic Regression,GF_02266,3,0.0712868349695635
Logistic Regression,GF_00002,4,0.0178200549001295
Logistic Regression,GF_00008,4,0.0363979551538895
Logistic Regression,GF_00011,4,0.0489657927501061
Logistic Regression,GF_00012,4,0.0604047077582564
Logistic Regression,GF_00013,4,0.0032515289185802
Logistic Regression,GF_00014,4,0.0591106867374689
Logistic Regression,GF_00015,4,0.0036509461627608
Logistic Regression,GF_00017,4,0.0066974450068861
Logistic Regression,GF_00018,4,0.0504714976246283
Logistic Regression,GF_00036,4,0.0730889779121398
Logistic Regression,GF_00043,4,0.0473802659005892
Logistic Regression,GF_00044,4,0.0180705023676797
Logistic Regression,GF_00046,4,0.0513922355341946
Logistic Regression,GF_00047,4,0.0342136782752553
Logistic Regression,GF_00048,4,0.0791506368337254
Logistic Regression,GF_00049,4,0.0914372543819501
Logistic Regression,GF_00051,4,0.0307371830338196
Logistic Regression,GF_00052,4,0.0529397669625052
Logistic Regression,GF_00071,4,0.003067137407039
Logistic Regression,GF_00072,4,0.0513711118681237
Logistic Regression,GF_00073,4,0.02708264296158
Logistic Regression,GF_00074,4,0.0044239131205889
Logistic Regression,GF_00075,4,0.1210125908446377
Logistic Regression,GF_00076,4,0.0274125463422078
Logistic Regression,GF_00077,4,0.1195646759630238
Logistic Regression,GF_00078,4,0.0316251482064914
Logistic Regression,GF_00079,4,0.0551377621864541
Logistic Regression,GF_00080,4,0.2360947999670592
Logistic Regression,GF_00081,4,0.1283576016991789
Logistic Regression,GF_00082,4,0.0712760976329353
Logistic Regression,GF_00083,4,0.0517802032048166
Logistic Regression,GF_00084,4,0.071557162516163
Logistic Regression,GF_00085,4,0.0456226789446893
Logistic Regression,GF_00087,4,0.0039826542608165
Logistic Regression,GF_00088,4,0.0455241744697975
Logistic Regression,GF_00093,4,0.0168690284562333
Logistic Regression,GF_00094,4,0.0319167777424951
Logistic Regression,GF_00104,4,0.0079598842207877
Logistic Regression,GF_00105,4,0.0350396936056239
Logistic Regression,GF_00106,4,0.0020657137346367
Logistic Regression,GF_00107,4,0.2076891844758804
Logistic Regression,GF_00108,4,0.0286219953496699
Logistic Regression,GF_00109,4,0.0287255688237794
Logistic Regression,GF_00110,4,0.0581803745392232
Logistic Regression,GF_00111,4,0.0409265099512162
Logistic Regression,GF_00112,4,0.0937537599271711
Logistic Regression,GF_00113,4,0.0026382063000334
Logistic Regression,GF_00114,4,0.112260703617258
Logistic Regression,GF_00115,4,0.0556665862968002
Logistic Regression,GF_00116,4,0.0313594273186173
Logistic Regression,GF_00117,4,0.008546301596442
Logistic Regression,GF_00120,4,0.0483009611052715
Logistic Regression,GF_00121,4,0.0094204604988244
Logistic Regression,GF_00122,4,0.0290925749931672
Logistic Regression,GF_00123,4,0.0927471788387633
Logistic Regression,GF_00124,4,0.0567907301710068
Logistic Regression,GF_00125,4,0.1349658768323539
Logistic Regression,GF_00136,4,0.0381379456371191
Logistic Regression,GF_00137,4,0.0360944399428221
Logistic Regression,GF_00138,4,0.0343694904536336
Logistic Regression,GF_00139,4,0.0092909055603983
Logistic Regression,GF_00141,4,0.1138744282195318
Logistic Regression,GF_00142,4,0.0275708520592722
Logistic Regression,GF_00143,4,0.0048071898634807
Logistic Regression,GF_00155,4,0.0494087990948691
Logistic Regression,GF_00164,4,0.0344300674691961
Logistic Regression,GF_00170,4,0.0634192544465343
Logistic Regression,GF_00175,4,0.5083072072629145
Logistic Regression,GF_00178,4,0.015013035112759
Logistic Regression,GF_00179,4,0.0655217780704034
Logistic Regression,GF_00180,4,0.1100035287194645
Logistic Regression,GF_00185,4,0.0023676217553586
Logistic Regression,GF_00208,4,0.007626736322999
Logistic Regression,GF_00220,4,0.124412053022399
Logistic Regression,GF_00228,4,0.0598599384690078
Logistic Regression,GF_00229,4,0.015736002144484
Logistic Regression,GF_00235,4,0.1361759781937692
Logistic Regression,GF_00244,4,0.1009484964123586
Logistic Regression,GF_00250,4,0.1170976208436256
Logistic Regression,GF_00251,4,0.0505839619981149
Logistic Regression,GF_00262,4,0.0609807388967592
Logistic Regression,GF_00281,4,0.0427079710939712
Logistic Regression,GF_00290,4,0.044960444290202
Logistic Regression,GF_00296,4,0.0857761820994776
Logistic Regression,GF_00300,4,0.1472320468648468
Logistic Regression,GF_00302,4,0.176497617860803
Logistic Regression,GF_00303,4,0.0827256221351537
Logistic Regression,GF_00305,4,0.0755801824595001
Logistic Regression,GF_00309,4,0.0756814159732339
Logistic Regression,GF_00310,4,0.0576525081991758
Logistic Regression,GF_00311,4,0.0916200545017604
Logistic Regression,GF_00312,4,0.1211419101858556
Logistic Regression,GF_00313,4,0.0222537346953991
Logistic Regression,GF_00314,4,0.0477246188889082
Logistic Regression,GF_00315,4,0.1895697226107894
Logistic Regression,GF_00316,4,0.0260717123837637
Logistic Regression,GF_00317,4,0.0850329913971114
Logistic Regression,GF_00318,4,0.1231682743247471
Logistic Regression,GF_00319,4,0.0089871850087451
Logistic Regression,GF_00320,4,0.0843882431198765
Logistic Regression,GF_00321,4,0.0106108063179815
Logistic Regression,GF_00323,4,0.1074678264429566
Logistic Regression,GF_00324,4,0.1173942070642819
Logistic Regression,GF_00325,4,0.032685269984656
Logistic Regression,GF_00326,4,0.0359139297792481
Logistic Regression,GF_00327,4,0.0717465435088838
Logistic Regression,GF_00329,4,0.10343296035102
Logistic Regression,GF_00330,4,0.0956589148354899
Logistic Regression,GF_00331,4,0.0434550569519115
Logistic Regression,GF_00332,4,0.0509717943266249
Logistic Regression,GF_00333,4,0.0666848007832603
Logistic Regression,GF_00335,4,0.0587227253488897
Logistic Regression,GF_00336,4,0.0563202147723626
Logistic Regression,GF_00338,4,0.0026606586547234
Logistic Regression,GF_00339,4,0.0306671669431038
Logistic Regression,GF_00340,4,0.0885364670771935
Logistic Regression,GF_00341,4,0.050759452835794
Logistic Regression,GF_00342,4,0.0102502148130022
Logistic Regression,GF_00343,4,0.0496380860435674
Logistic Regression,GF_00344,4,0.0337519497320555
Logistic Regression,GF_00346,4,0.0008050805936861
Logistic Regression,GF_00347,4,0.0375325298513678
Logistic Regression,GF_00348,4,0.1077861160797987
Logistic Regression,GF_00349,4,0.1134993147073803
Logistic Regression,GF_00350,4,0.0420300617502441
Logistic Regression,GF_00351,4,0.0815087435827801
Logistic Regression,GF_00352,4,0.0913771844173194
Logistic Regression,GF_00353,4,0.0191912328470226
Logistic Regression,GF_00355,4,0.0186002883100911
Logistic Regression,GF_00358,4,0.0349740808173964
Logistic Regression,GF_00360,4,0.0314843348770627
Logistic Regression,GF_00362,4,0.01003720072345
Logistic Regression,GF_00363,4,0.0558977205814911
Logistic Regression,GF_00364,4,0.0057181522543757
Logistic Regression,GF_00365,4,0.0446243298341857
Logistic Regression,GF_00369,4,0.0408143611204947
Logistic Regression,GF_00381,4,0.0382943241130381
Logistic Regression,GF_00384,4,0.0304081971704857
Logistic Regression,GF_00385,4,0.0431537797684112
Logistic Regression,GF_00386,4,0.005133029188583
Logistic Regression,GF_00387,4,0.0978071383181985
Logistic Regression,GF_00388,4,0.0339279263197715
Logistic Regression,GF_00389,4,0.0864992495975729
Logistic Regression,GF_00390,4,0.0331651620110218
Logistic Regression,GF_00391,4,0.0823725110680354
Logistic Regression,GF_00393,4,0.0604267770706319
Logistic Regression,GF_00394,4,0.1002352591584081
Logistic Regression,GF_00395,4,0.0687596778815065
Logistic Regression,GF_00396,4,0.1364898440378367
Logistic Regression,GF_00400,4,0.0329741962296531
Logistic Regression,GF_00401,4,0.0872050466078698
Logistic Regression,GF_00402,4,0.0114770887377107
Logistic Regression,GF_00403,4,0.0145721397306005
Logistic Regression,GF_00404,4,0.0152354106157203
Logistic Regression,GF_00405,4,0.0266761439351362
Logistic Regression,GF_00406,4,0.145399914269989
Logistic Regression,GF_00407,4,0.0222243233318274
Logistic Regression,GF_00408,4,0.004600601023481
Logistic Regression,GF_00409,4,0.0012418196466899
Logistic Regression,GF_00410,4,0.0135806467968094
Logistic Regression,GF_00413,4,0.0101098305387923
Logistic Regression,GF_00414,4,0.1572898718250425
Logistic Regression,GF_00415,4,0.0496547313147087
Logistic Regression,GF_00417,4,0.0592197971063451
Logistic Regression,GF_00418,4,0.0540641578437922
Logistic Regression,GF_00419,4,0.0395601189365884
Logistic Regression,GF_00421,4,0.052335849019949
Logistic Regression,GF_00422,4,0.0236370666538144
Logistic Regression,GF_00424,4,0.0003086018249819
Logistic Regression,GF_00426,4,0.3058000647734295
Logistic Regression,GF_00427,4,0.0062738756926004
Logistic Regression,GF_00428,4,0.0046069725124542
Logistic Regression,GF_00429,4,0.0687759037816912
Logistic Regression,GF_00430,4,0.0044641978813695
Logistic Regression,GF_00431,4,0.0437219567135851
Logistic Regression,GF_00432,4,0.1439087599703866
Logistic Regression,GF_00433,4,0.0143497786204995
Logistic Regression,GF_00434,4,0.0560993297425962
Logistic Regression,GF_00435,4,0.0520183913899953
Logistic Regression,GF_00436,4,0.0042762429496287
Logistic Regression,GF_00437,4,0.1453456153581515
Logistic Regression,GF_00438,4,0.0095215507565851
Logistic Regression,GF_00440,4,0.1065793170995315
Logistic Regression,GF_00441,4,0.0215940833791749
Logistic Regression,GF_00455,4,0.138206759797332
Logistic Regression,GF_00457,4,0.0025308510397955
Logistic Regression,GF_00458,4,0.1461900355533913
Logistic Regression,GF_00471,4,0.0413512260099202
Logistic Regression,GF_00472,4,0.021819761629976
Logistic Regression,GF_00477,4,0.0024333037354098
Logistic Regression,GF_00480,4,0.0752684232692095
Logistic Regression,GF_00482,4,0.1067657394937978
Logistic Regression,GF_00488,4,0.0984713257466367
Logistic Regression,GF_00489,4,0.0584007617105175
Logistic Regression,GF_00503,4,0.0204323824595773
Logistic Regression,GF_00522,4,0.0030561820462041
Logistic Regression,GF_00523,4,0.0340241208623885
Logistic Regression,GF_00524,4,0.1103635630846608
Logistic Regression,GF_00525,4,0.1195646759630238
Logistic Regression,GF_00527,4,0.0950595154753437
Logistic Regression,GF_00528,4,0.1195646759630238
Logistic Regression,GF_00529,4,0.0842990213289413
Logistic Regression,GF_00530,4,0.0881521115176445
Logistic Regression,GF_00531,4,0.0083799493079537
Logistic Regression,GF_00536,4,0.0408978191950184
Logistic Regression,GF_00538,4,0.0416025758845329
Logistic Regression,GF_00546,4,0.047505449565682
Logistic Regression,GF_00547,4,0.0412992634013148
Logistic Regression,GF_00548,4,0.0909047436553428
Logistic Regression,GF_00549,4,0.1240981384247504
Logistic Regression,GF_00564,4,0.05332763223276
Logistic Regression,GF_00565,4,0.0540042444085347
Logistic Regression,GF_00566,4,0.0252510591864407
Logistic Regression,GF_00569,4,0.0500931180809354
Logistic Regression,GF_00570,4,0.0008023824258476
Logistic Regression,GF_00572,4,0.0112382662974178
Logistic Regression,GF_00574,4,0.0028722453433015
Logistic Regression,GF_00578,4,0.0568563430398155
Logistic Regression,GF_00580,4,0.0702623959671011
Logistic Regression,GF_00588,4,0.0702409759407245
Logistic Regression,GF_00594,4,0.1108794932608991
Logistic Regression,GF_00595,4,0.120754000828914
Logistic Regression,GF_00599,4,0.0068155742105645
Logistic Regression,GF_00600,4,0.0127776658751766
Logistic Regression,GF_00601,4,0.0783070663019295
Logistic Regression,GF_00603,4,0.0654545891173817
Logistic Regression,GF_00604,4,0.0409704375306984
Logistic Regression,GF_00605,4,0.0370696579553197
Logistic Regression,GF_00606,4,0.0100985932897649
Logistic Regression,GF_00607,4,0.0453225366605975
Logistic Regression,GF_00608,4,0.216369262585678
Logistic Regression,GF_00609,4,0.0236244884676507
Logistic Regression,GF_00611,4,0.0573875656728909
Logistic Regression,GF_00612,4,0.1088824825548528
Logistic Regression,GF_00613,4,0.0902355924721271
Logistic Regression,GF_00614,4,0.0580099817606849
Logistic Regression,GF_00615,4,0.1337313002558942
Logistic Regression,GF_00616,4,0.0792801098914903
Logistic Regression,GF_00617,4,0.0733576677988263
Logistic Regression,GF_00618,4,0.10523716994309
Logistic Regression,GF_00619,4,0.01514307874238
Logistic Regression,GF_00620,4,0.083801144351006
Logistic Regression,GF_00621,4,0.0464881224027665
Logistic Regression,GF_00622,4,0.0269693581312366
Logistic Regression,GF_00623,4,0.0319755697397024
Logistic Regression,GF_00624,4,0.008551430288221
Logistic Regression,GF_00632,4,0.0527762742461856
Logistic Regression,GF_00633,4,0.0668812400207299
Logistic Regression,GF_00635,4,0.0514843320890331
Logistic Regression,GF_00636,4,0.1402331073949723
Logistic Regression,GF_00637,4,0.0367016006401742
Logistic Regression,GF_00638,4,0.0626586644887973
Logistic Regression,GF_00640,4,0.0870453355772848
Logistic Regression,GF_00641,4,0.0263579629210202
Logistic Regression,GF_00642,4,0.0463485557632563
Logistic Regression,GF_00643,4,0.03178670694993
Logistic Regression,GF_00655,4,0.0902772618212078
Logistic Regression,GF_00658,4,0.0432453882961564
Logistic Regression,GF_00659,4,0.0057034626552565
Logistic Regression,GF_00661,4,0.1358883303227724
Logistic Regression,GF_00669,4,0.0009251265284499
Logistic Regression,GF_00676,4,0.051280080563859
Logistic Regression,GF_00680,4,0.0117004893082153
Logistic Regression,GF_00681,4,0.1796719056518696
Logistic Regression,GF_00682,4,0.1376738240806453
Logistic Regression,GF_00683,4,0.0638284126163498
Logistic Regression,GF_00684,4,0.4080481949876293
Logistic Regression,GF_00687,4,0.0222008270383928
Logistic Regression,GF_00688,4,0.0524716530644273
Logistic Regression,GF_00695,4,0.0624495483834701
Logistic Regression,GF_00699,4,0.0661428276900934
Logistic Regression,GF_00702,4,0.4323810315047746
Logistic Regression,GF_00709,4,0.0781652766394954
Logistic Regression,GF_00722,4,0.0197653518147148
Logistic Regression,GF_00723,4,0.0943416377985823
Logistic Regression,GF_00724,4,0.1020257916293679
Logistic Regression,GF_00725,4,0.0263242533202979
Logistic Regression,GF_00726,4,0.0235158031938764
Logistic Regression,GF_00727,4,0.0388363514011333
Logistic Regression,GF_00728,4,0.1114609774475966
Logistic Regression,GF_00729,4,0.0465100020241734
Logistic Regression,GF_00732,4,0.0728442616952877
Logistic Regression,GF_00736,4,0.0983013851535764
Logistic Regression,GF_00740,4,0.005089600347441
Logistic Regression,GF_00741,4,0.0325040097889707
Logistic Regression,GF_00744,4,0.0281572169879905
Logistic Regression,GF_00751,4,0.0406131161797267
Logistic Regression,GF_00755,4,0.0063888950276013
Logistic Regression,GF_00756,4,0.0800248833657138
Logistic Regression,GF_00761,4,0.0963578016025796
Logistic Regression,GF_00771,4,0.1577278922853102
Logistic Regression,GF_00773,4,0.033281427724897
Logistic Regression,GF_00776,4,0.1820455536593714
Logistic Regression,GF_00777,4,0.055566280845572
Logistic Regression,GF_00785,4,0.0233354652069176
Logistic Regression,GF_00796,4,0.1015885690115531
Logistic Regression,GF_00810,4,0.0870586399431194
Logistic Regression,GF_00811,4,0.0811888358087069
Logistic Regression,GF_00813,4,0.0720854230314375
Logistic Regression,GF_00814,4,0.0377170284667431
Logistic Regression,GF_00816,4,0.022648693422072
Logistic Regression,GF_00819,4,0.0707125787568968
Logistic Regression,GF_00828,4,0.1107871279451758
Logistic Regression,GF_00843,4,0.1134381844383228
Logistic Regression,GF_00845,4,0.018603757507068
Logistic Regression,GF_00856,4,0.212895813656929
Logistic Regression,GF_00857,4,0.1554145859826671
Logistic Regression,GF_00860,4,0.0589567331336552
Logistic Regression,GF_00864,4,0.0202794131275642
Logistic Regression,GF_00866,4,0.1068038278982449
Logistic Regression,GF_00867,4,0.0180308324628771
Logistic Regression,GF_00868,4,0.0015066797335971
Logistic Regression,GF_00869,4,0.0264212539595974
Logistic Regression,GF_00870,4,0.0254387998400455
Logistic Regression,GF_00871,4,0.0297487595232605
Logistic Regression,GF_00872,4,0.014045988966532
Logistic Regression,GF_00873,4,0.1287714596178362
Logistic Regression,GF_00874,4,0.0657422402309411
Logistic Regression,GF_00887,4,0.1178332745392331
Logistic Regression,GF_00888,4,0.1937506530775595
Logistic Regression,GF_00895,4,0.0458905709118537
Logistic Regression,GF_00916,4,0.0896295418022439
Logistic Regression,GF_00927,4,0.0199030036831777
Logistic Regression,GF_00931,4,0.190671782900123
Logistic Regression,GF_00932,4,0.06125921646444
Logistic Regression,GF_00933,4,0.0594773956141682
Logistic Regression,GF_00946,4,0.1055895372883148
Logistic Regression,GF_00947,4,0.0124321194113924
Logistic Regression,GF_00949,4,0.0446137211060716
Logistic Regression,GF_00957,4,0.1140596326968857
Logistic Regression,GF_00958,4,0.0925298258680794
Logistic Regression,GF_00959,4,0.0954254492761785
Logistic Regression,GF_00960,4,0.0577877868267553
Logistic Regression,GF_00963,4,0.0845021655987491
Logistic Regression,GF_00966,4,0.0788870747886024
Logistic Regression,GF_00968,4,0.0070643803749318
Logistic Regression,GF_00969,4,0.0151152738886423
Logistic Regression,GF_00970,4,0.0418118429069931
Logistic Regression,GF_00971,4,0.059039906832485
Logistic Regression,GF_00972,4,0.0045374334254995
Logistic Regression,GF_00982,4,0.4869950922470289
Logistic Regression,GF_01004,4,0.0137703969509058
Logistic Regression,GF_01005,4,0.0936961581461693
Logistic Regression,GF_01012,4,0.1176999390107224
Logistic Regression,GF_01026,4,0.0298898182495433
Logistic Regression,GF_01027,4,0.0792923486133873
Logistic Regression,GF_01028,4,0.0709563922955662
Logistic Regression,GF_01054,4,0.0623940492583689
Logistic Regression,GF_01230,4,0.064257027492761
Logistic Regression,GF_01231,4,0.0105859617281145
Logistic Regression,GF_01232,4,0.2385805985806612
Logistic Regression,GF_01233,4,0.0210154363135922
Logistic Regression,GF_01234,4,0.1155615480556518
Logistic Regression,GF_01235,4,0.0306982501670861
Logistic Regression,GF_01236,4,0.0438562631473233
Logistic Regression,GF_01237,4,0.0224429755152138
Logistic Regression,GF_01239,4,0.1201887190247516
Logistic Regression,GF_01240,4,0.0360693771458282
Logistic Regression,GF_01241,4,0.0968713077175047
Logistic Regression,GF_01242,4,0.0473155558185725
Logistic Regression,GF_01244,4,0.1190320195505644
Logistic Regression,GF_01245,4,0.039028116980305
Logistic Regression,GF_01246,4,0.0327152707866528
Logistic Regression,GF_01247,4,0.0363830614715209
Logistic Regression,GF_01248,4,0.1164696300176547
Logistic Regression,GF_01266,4,0.093819418244368
Logistic Regression,GF_01287,4,0.106488664999277
Logistic Regression,GF_01290,4,0.0924295571900971
Logistic Regression,GF_01291,4,0.0228197369645421
Logistic Regression,GF_01292,4,0.0059539749491223
Logistic Regression,GF_01293,4,0.0521723814008116
Logistic Regression,GF_01297,4,0.0
Logistic Regression,GF_01306,4,0.0144331590490512
Logistic Regression,GF_01314,4,0.0564234382343727
Logistic Regression,GF_01315,4,0.0361497451531632
Logistic Regression,GF_01327,4,0.1450096916502818
Logistic Regression,GF_01328,4,0.3153190223234446
Logistic Regression,GF_01329,4,0.055891067690715
Logistic Regression,GF_01330,4,0.0178580026390017
Logistic Regression,GF_01331,4,0.1744723093686379
Logistic Regression,GF_01332,4,0.3327382726097791
Logistic Regression,GF_01333,4,0.048858937210973
Logistic Regression,GF_01334,4,0.035108090049059
Logistic Regression,GF_01336,4,0.0448421060480135
Logistic Regression,GF_01337,4,0.1057291897055515
Logistic Regression,GF_01338,4,0.0121461533230471
Logistic Regression,GF_01359,4,0.0436922867834105
Logistic Regression,GF_01372,4,0.0625772360623149
Logistic Regression,GF_01374,4,0.0492576129444122
Logistic Regression,GF_01375,4,0.0486103671586988
Logistic Regression,GF_01376,4,0.0323384018352792
Logistic Regression,GF_01377,4,0.0965458477518118
Logistic Regression,GF_01379,4,0.1506837886497158
Logistic Regression,GF_01381,4,0.1277053792018092
Logistic Regression,GF_01382,4,0.0237991033352206
Logistic Regression,GF_01383,4,0.0286153816610795
Logistic Regression,GF_01385,4,0.0691472237692748
Logistic Regression,GF_01386,4,0.0458286093786663
Logistic Regression,GF_01387,4,0.0372084446134854
Logistic Regression,GF_01390,4,0.016554556393079
Logistic Regression,GF_01391,4,0.138350421834753
Logistic Regression,GF_01393,4,0.0131432305231207
Logistic Regression,GF_01394,4,0.0725518849967541
Logistic Regression,GF_01395,4,0.0023234227302385
Logistic Regression,GF_01396,4,0.0571581167944964
Logistic Regression,GF_01397,4,0.0383287741837089
Logistic Regression,GF_01399,4,0.0400738499537032
Logistic Regression,GF_01400,4,0.1118924134859987
Logistic Regression,GF_01401,4,0.0066265543405633
Logistic Regression,GF_01404,4,0.022234003938004
Logistic Regression,GF_01409,4,0.0020073244931089
Logistic Regression,GF_01425,4,0.1780461236608068
Logistic Regression,GF_01426,4,0.0712479111678377
Logistic Regression,GF_01428,4,0.012047517545883
Logistic Regression,GF_01439,4,0.0361526172859368
Logistic Regression,GF_01445,4,0.1061564543090324
Logistic Regression,GF_01446,4,0.0870110525909428
Logistic Regression,GF_01447,4,0.0060527458032274
Logistic Regression,GF_01448,4,0.0078417184033926
Logistic Regression,GF_01449,4,0.0690531356794446
Logistic Regression,GF_01456,4,0.0781644378446899
Logistic Regression,GF_01458,4,0.0786027229376221
Logistic Regression,GF_01460,4,0.1059750540540534
Logistic Regression,GF_01461,4,0.074702474192098
Logistic Regression,GF_01462,4,0.2209934514438633
Logistic Regression,GF_01466,4,0.0267288670958264
Logistic Regression,GF_01476,4,0.2365365888984287
Logistic Regression,GF_01477,4,0.0254699449896145
Logistic Regression,GF_01479,4,0.093290110852921
Logistic Regression,GF_01480,4,0.2252409561461421
Logistic Regression,GF_01481,4,0.0645035018772512
Logistic Regression,GF_01487,4,0.0422012692820198
Logistic Regression,GF_01502,4,0.0105825280053756
Logistic Regression,GF_01504,4,0.042097435457665
Logistic Regression,GF_01512,4,0.2357341003874939
Logistic Regression,GF_01514,4,0.0668805800334395
Logistic Regression,GF_01527,4,0.0298232499214075
Logistic Regression,GF_01534,4,0.0544454269446517
Logistic Regression,GF_01535,4,0.039380809526097
Logistic Regression,GF_01536,4,0.0361496495172138
Logistic Regression,GF_01537,4,0.092467467940821
Logistic Regression,GF_01538,4,0.040170901389855
Logistic Regression,GF_01539,4,0.0878822193696718
Logistic Regression,GF_01540,4,0.0289922987896165
Logistic Regression,GF_01541,4,0.0932629281966456
Logistic Regression,GF_01542,4,0.0151890493428753
Logistic Regression,GF_01543,4,0.06065536854434
Logistic Regression,GF_01544,4,0.0127812791807888
Logistic Regression,GF_01547,4,0.038088360096672
Logistic Regression,GF_01549,4,0.0737910877281933
Logistic Regression,GF_01550,4,0.1823362423490323
Logistic Regression,GF_01552,4,0.0197202767667421
Logistic Regression,GF_01553,4,0.1663613612492876
Logistic Regression,GF_01579,4,0.0095873223062047
Logistic Regression,GF_01580,4,0.0727232072765115
Logistic Regression,GF_01583,4,0.0731747511355707
Logistic Regression,GF_01584,4,0.1477441819125295
Logistic Regression,GF_01591,4,0.0340334835739862
Logistic Regression,GF_01592,4,0.1293788553246214
Logistic Regression,GF_01616,4,0.0201928838093748
Logistic Regression,GF_01617,4,0.0256184719826609
Logistic Regression,GF_01618,4,0.0833552149962683
Logistic Regression,GF_01619,4,0.3216063044419239
Logistic Regression,GF_01620,4,0.095630454312107
Logistic Regression,GF_01621,4,0.0833968184892356
Logistic Regression,GF_01623,4,0.1531814664893514
Logistic Regression,GF_01625,4,0.0261004555262526
Logistic Regression,GF_01626,4,0.0390033122399643
Logistic Regression,GF_01627,4,0.0484151452651117
Logistic Regression,GF_01628,4,0.0150449714604042
Logistic Regression,GF_01629,4,0.009815388239755
Logistic Regression,GF_01630,4,0.127511214825386
Logistic Regression,GF_01634,4,0.0426692042718436
Logistic Regression,GF_01635,4,0.005064622153339
Logistic Regression,GF_01636,4,0.0624165566325877
Logistic Regression,GF_01637,4,0.097735369927
Logistic Regression,GF_01638,4,0.0991736180889853
Logistic Regression,GF_01639,4,0.0096875507792738
Logistic Regression,GF_01641,4,8.178099782338007e-06
Logistic Regression,GF_01648,4,0.0724750856419368
Logistic Regression,GF_01659,4,0.1918057672429901
Logistic Regression,GF_01661,4,0.0443761503209604
Logistic Regression,GF_01672,4,0.0046442808131051
Logistic Regression,GF_01673,4,0.3109217206445189
Logistic Regression,GF_01674,4,0.083633346858935
Logistic Regression,GF_01675,4,0.0645019830187172
Logistic Regression,GF_01676,4,0.0512574551026355
Logistic Regression,GF_01677,4,0.0291948849738734
Logistic Regression,GF_01678,4,0.0417676960775827
Logistic Regression,GF_01679,4,0.0617241782556283
Logistic Regression,GF_01680,4,0.045540929112924
Logistic Regression,GF_01681,4,0.0918916581449492
Logistic Regression,GF_01683,4,0.0440895041815423
Logistic Regression,GF_01684,4,0.0237536399726676
Logistic Regression,GF_01685,4,0.0110442775129773
Logistic Regression,GF_01688,4,0.0607515799975304
Logistic Regression,GF_01689,4,0.0123270228567699
Logistic Regression,GF_01690,4,0.0817204804829047
Logistic Regression,GF_01691,4,0.1977547250177019
Logistic Regression,GF_01692,4,0.0680706411735464
Logistic Regression,GF_01693,4,0.0193916233973987
Logistic Regression,GF_01732,4,0.0009963996399598
Logistic Regression,GF_01733,4,0.0835933393863195
Logistic Regression,GF_01734,4,0.090558753815192
Logistic Regression,GF_01735,4,0.110281303024731
Logistic Regression,GF_01736,4,0.0471225304177136
Logistic Regression,GF_01737,4,0.0905561151556123
Logistic Regression,GF_01741,4,0.0532829983818378
Logistic Regression,GF_01742,4,0.085266130357751
Logistic Regression,GF_01745,4,0.1224043420435174
Logistic Regression,GF_01763,4,0.0534724500268318
Logistic Regression,GF_01783,4,0.3530448903261016
Logistic Regression,GF_01799,4,0.1091154103710053
Logistic Regression,GF_01801,4,0.0087531392802114
Logistic Regression,GF_01802,4,0.070380875643579
Logistic Regression,GF_01803,4,0.008546301596442
Logistic Regression,GF_01805,4,0.1175856173682693
Logistic Regression,GF_01806,4,0.1402834456055828
Logistic Regression,GF_01807,4,0.15538006756084
Logistic Regression,GF_01808,4,0.0173273348669312
Logistic Regression,GF_01809,4,0.074469985881058
Logistic Regression,GF_01810,4,0.0522036505421851
Logistic Regression,GF_01811,4,0.0315127153097404
Logistic Regression,GF_01812,4,0.0399847235199095
Logistic Regression,GF_01813,4,0.0178221959503321
Logistic Regression,GF_01814,4,0.003067137407039
Logistic Regression,GF_01815,4,0.1247175902381487
Logistic Regression,GF_01816,4,0.0808967194490097
Logistic Regression,GF_01818,4,0.0111791546841134
Logistic Regression,GF_01819,4,0.0580459235833917
Logistic Regression,GF_01822,4,0.0672768641302415
Logistic Regression,GF_01823,4,0.043011509190518
Logistic Regression,GF_01834,4,0.1870958964846034
Logistic Regression,GF_01836,4,0.0584354922024055
Logistic Regression,GF_01837,4,0.0310397478201349
Logistic Regression,GF_01840,4,0.0878284124743974
Logistic Regression,GF_01841,4,0.037788597235675
Logistic Regression,GF_01842,4,0.004363460679613
Logistic Regression,GF_01844,4,0.0436514254978628
Logistic Regression,GF_01856,4,0.0120445987756602
Logistic Regression,GF_01860,4,0.0249489116531493
Logistic Regression,GF_01866,4,0.0694397205346137
Logistic Regression,GF_01870,4,0.1135638793002042
Logistic Regression,GF_01872,4,0.0688176329601448
Logistic Regression,GF_01885,4,0.0528318941502254
Logistic Regression,GF_01897,4,0.1825691861187061
Logistic Regression,GF_01898,4,0.0161649311925468
Logistic Regression,GF_01899,4,0.0
Logistic Regression,GF_01900,4,0.0088281437291619
Logistic Regression,GF_01901,4,0.0087657287308468
Logistic Regression,GF_01902,4,0.0336775417685798
Logistic Regression,GF_01904,4,0.1009778282681308
Logistic Regression,GF_01919,4,0.0234629495040596
Logistic Regression,GF_01921,4,0.0800982537047081
Logistic Regression,GF_01923,4,0.0279928269122786
Logistic Regression,GF_01925,4,0.0185009440619249
Logistic Regression,GF_01926,4,0.073711467936545
Logistic Regression,GF_01927,4,0.4223603649265038
Logistic Regression,GF_01928,4,0.1277908254414541
Logistic Regression,GF_01929,4,0.012228870822705
Logistic Regression,GF_01930,4,0.0520008779577662
Logistic Regression,GF_01945,4,0.0
Logistic Regression,GF_02041,4,0.1133202995948715
Logistic Regression,GF_02059,4,0.1904277696975133
Logistic Regression,GF_02060,4,0.0180487666339811
Logistic Regression,GF_02069,4,0.0737233044460348
Logistic Regression,GF_02070,4,0.0708309153677731
Logistic Regression,GF_02071,4,0.0110778758925512
Logistic Regression,GF_02072,4,0.0007649150536761
Logistic Regression,GF_02074,4,0.0353267485962941
Logistic Regression,GF_02075,4,0.250336477371043
Logistic Regression,GF_02076,4,0.024379834053501
Logistic Regression,GF_02084,4,0.0184426412265791
Logistic Regression,GF_02085,4,0.0177311155012533
Logistic Regression,GF_02088,4,0.1884210777670266
Logistic Regression,GF_02089,4,0.0831848053831761
Logistic Regression,GF_02091,4,0.0184505993828077
Logistic Regression,GF_02092,4,0.0192912611737081
Logistic Regression,GF_02093,4,0.0857289245171156
Logistic Regression,GF_02094,4,0.0321814866741342
Logistic Regression,GF_02101,4,0.0414347814248119
Logistic Regression,GF_02109,4,0.0925115205600279
Logistic Regression,GF_02110,4,0.1241140366771638
Logistic Regression,GF_02113,4,0.0524343903568641
Logistic Regression,GF_02122,4,0.0698415781635075
Logistic Regression,GF_02130,4,0.0294123001162934
Logistic Regression,GF_02131,4,0.0542668158199595
Logistic Regression,GF_02132,4,0.2233669349928821
Logistic Regression,GF_02136,4,0.0433060289096401
Logistic Regression,GF_02137,4,0.0764651568073499
Logistic Regression,GF_02138,4,0.0177499897003869
Logistic Regression,GF_02139,4,0.0672250815914582
Logistic Regression,GF_02140,4,0.0424675288068863
Logistic Regression,GF_02141,4,0.1887712698366004
Logistic Regression,GF_02142,4,0.2068620062670677
Logistic Regression,GF_02143,4,0.1185162045763221
Logistic Regression,GF_02145,4,0.2681723922697769
Logistic Regression,GF_02152,4,0.1386239380081217
Logistic Regression,GF_02157,4,0.054630410950906
Logistic Regression,GF_02158,4,0.0295662576266289
Logistic Regression,GF_02159,4,0.0053627011823075
Logistic Regression,GF_02172,4,0.1910771329998528
Logistic Regression,GF_02178,4,0.0736041979023652
Logistic Regression,GF_02180,4,0.335978461378308
Logistic Regression,GF_02184,4,0.0044594962665921
Logistic Regression,GF_02194,4,0.0129146715714101
Logistic Regression,GF_02215,4,0.089735893497001
Logistic Regression,GF_02216,4,0.1212945203051724
Logistic Regression,GF_02217,4,0.0329255174855195
Logistic Regression,GF_02218,4,0.0133201525623315
Logistic Regression,GF_02219,4,0.0791467498445548
Logistic Regression,GF_02220,4,0.0323495535654972
Logistic Regression,GF_02222,4,0.0476679270821962
Logistic Regression,GF_02223,4,0.0512220045514951
Logistic Regression,GF_02224,4,0.0111850059534102
Logistic Regression,GF_02225,4,0.0589777277686189
Logistic Regression,GF_02226,4,0.0652855894444786
Logistic Regression,GF_02227,4,0.098952239715456
Logistic Regression,GF_02228,4,0.0933154632798958
Logistic Regression,GF_02229,4,0.0285935347493801
Logistic Regression,GF_02230,4,0.0254308422249195
Logistic Regression,GF_02260,4,0.1621214033914009
Logistic Regression,GF_02261,4,0.1325680875746482
Logistic Regression,GF_02262,4,0.2602447135513359
Logistic Regression,GF_02263,4,0.3535036068241123
Logistic Regression,GF_02264,4,0.124717952250842
Logistic Regression,GF_02266,4,0.0521251470984652
Logistic Regression,GF_00002,5,0.014821504106822
Logistic Regression,GF_00008,5,0.0221698389137004
Logistic Regression,GF_00011,5,0.0731633745565511
Logistic Regression,GF_00012,5,0.0829972591109483
Logistic Regression,GF_00013,5,0.0575824576509439
Logistic Regression,GF_00014,5,0.0724926921585385
Logistic Regression,GF_00015,5,0.0178525291543037
Logistic Regression,GF_00017,5,0.0887833244074035
Logistic Regression,GF_00018,5,0.161636313552848
Logistic Regression,GF_00036,5,0.1139804920920565
Logistic Regression,GF_00043,5,0.0614607528886322
Logistic Regression,GF_00044,5,0.1183314197232326
Logistic Regression,GF_00046,5,0.0226742615339522
Logistic Regression,GF_00047,5,0.0794469036407135
Logistic Regression,GF_00048,5,0.0481585847385858
Logistic Regression,GF_00049,5,0.0846101954087045
Logistic Regression,GF_00051,5,0.0284878794274802
Logistic Regression,GF_00052,5,0.0446927468717128
Logistic Regression,GF_00071,5,0.0302537298362378
Logistic Regression,GF_00072,5,0.0112475971030846
Logistic Regression,GF_00073,5,0.0645907070476425
Logistic Regression,GF_00074,5,0.0101747696118151
Logistic Regression,GF_00075,5,0.055014274587396
Logistic Regression,GF_00076,5,0.0694944528632277
Logistic Regression,GF_00077,5,0.1025044670675713
Logistic Regression,GF_00078,5,0.0102528046845784
Logistic Regression,GF_00079,5,0.0450424754062381
Logistic Regression,GF_00080,5,0.1256996231346136
Logistic Regression,GF_00081,5,0.1797894981592947
Logistic Regression,GF_00082,5,0.2297835205841997
Logistic Regression,GF_00083,5,0.2143402884698141
Logistic Regression,GF_00084,5,0.1226179737380877
Logistic Regression,GF_00085,5,0.0945453135384898
Logistic Regression,GF_00087,5,0.0051794164422835
Logistic Regression,GF_00088,5,0.0315914235428675
Logistic Regression,GF_00093,5,0.0218844093004086
Logistic Regression,GF_00094,5,0.0444525701636565
Logistic Regression,GF_00104,5,0.0593640957622501
Logistic Regression,GF_00105,5,0.0200300453080769
Logistic Regression,GF_00106,5,0.0388798977256687
Logistic Regression,GF_00107,5,0.1413260997735811
Logistic Regression,GF_00108,5,0.1189304598534804
Logistic Regression,GF_00109,5,0.0020245003436593
Logistic Regression,GF_00110,5,0.0011165328287359
Logistic Regression,GF_00111,5,0.0206072603201506
Logistic Regression,GF_00112,5,0.0198392615047206
Logistic Regression,GF_00113,5,0.0401229011913434
Logistic Regression,GF_00114,5,0.1244298666371516
Logistic Regression,GF_00115,5,0.033087874034926
Logistic Regression,GF_00116,5,0.0490217067209709
Logistic Regression,GF_00117,5,0.0205317825613502
Logistic Regression,GF_00120,5,0.0414798430568422
Logistic Regression,GF_00121,5,0.0020245003436593
Logistic Regression,GF_00122,5,0.0104899785999569
Logistic Regression,GF_00123,5,0.0899905092202217
Logistic Regression,GF_00124,5,0.0545781037591556
Logistic Regression,GF_00125,5,0.0036645542407017
Logistic Regression,GF_00136,5,0.0215134065451304
Logistic Regression,GF_00137,5,0.0494074374959131
Logistic Regression,GF_00138,5,0.0675902349872197
Logistic Regression,GF_00139,5,0.0265983807048681
Logistic Regression,GF_00141,5,0.1608303052697269
Logistic Regression,GF_00142,5,0.0232662078412489
Logistic Regression,GF_00143,5,0.0630247032328761
Logistic Regression,GF_00155,5,0.0289559154487964
Logistic Regression,GF_00164,5,0.0678622358448598
Logistic Regression,GF_00170,5,0.0623060191681204
Logistic Regression,GF_00175,5,0.182964907000926
Logistic Regression,GF_00178,5,0.0316640756393576
Logistic Regression,GF_00179,5,0.0985885859642551
Logistic Regression,GF_00180,5,0.1095611008290495
Logistic Regression,GF_00185,5,0.02746119547436
Logistic Regression,GF_00208,5,0.0561933056681744
Logistic Regression,GF_00220,5,0.0730142347543968
Logistic Regression,GF_00228,5,0.0375330606222434
Logistic Regression,GF_00229,5,0.0202420272269886
Logistic Regression,GF_00235,5,0.1105674567865417
Logistic Regression,GF_00244,5,0.1428713934460053
Logistic Regression,GF_00250,5,0.085452782930505
Logistic Regression,GF_00251,5,0.0915182072796403
Logistic Regression,GF_00262,5,0.0551990563882481
Logistic Regression,GF_00281,5,0.0510652202132064
Logistic Regression,GF_00290,5,0.0768358283477892
Logistic Regression,GF_00296,5,0.1207838819278423
Logistic Regression,GF_00300,5,0.0223390580433683
Logistic Regression,GF_00302,5,0.1262899592897527
Logistic Regression,GF_00303,5,0.072055556327944
Logistic Regression,GF_00305,5,0.0038695842372681
Logistic Regression,GF_00309,5,0.1269268621137877
Logistic Regression,GF_00310,5,0.0582187700609231
Logistic Regression,GF_00311,5,0.0871547286060825
Logistic Regression,GF_00312,5,0.0184460000928041
Logistic Regression,GF_00313,5,0.0528923076593511
Logistic Regression,GF_00314,5,0.0103557127447502
Logistic Regression,GF_00315,5,0.255754322144373
Logistic Regression,GF_00316,5,0.0692357834777034
Logistic Regression,GF_00317,5,0.0990131853302703
Logistic Regression,GF_00318,5,0.0086526009518495
Logistic Regression,GF_00319,5,0.0518257070198498
Logistic Regression,GF_00320,5,0.0006853134564114
Logistic Regression,GF_00321,5,0.0516703771840802
Logistic Regression,GF_00323,5,0.0452881305001733
Logistic Regression,GF_00324,5,0.0412297317340024
Logistic Regression,GF_00325,5,0.0856420927953822
Logistic Regression,GF_00326,5,0.1605711055322517
Logistic Regression,GF_00327,5,0.0381685038536466
Logistic Regression,GF_00329,5,0.0766959557055835
Logistic Regression,GF_00330,5,0.1037605004177585
Logistic Regression,GF_00331,5,0.0547574097956604
Logistic Regression,GF_00332,5,0.0688552804434974
Logistic Regression,GF_00333,5,0.0274918630388362
Logistic Regression,GF_00335,5,0.0147233401338476
Logistic Regression,GF_00336,5,0.0029052823690148
Logistic Regression,GF_00338,5,0.017657832506785
Logistic Regression,GF_00339,5,0.0578654155830004
Logistic Regression,GF_00340,5,0.0157651844894935
Logistic Regression,GF_00341,5,0.000489424488189
Logistic Regression,GF_00342,5,0.0346202246527579
Logistic Regression,GF_00343,5,0.1044044042245786
Logistic Regression,GF_00344,5,0.1200018537216235
Logistic Regression,GF_00346,5,0.0131450149496113
Logistic Regression,GF_00347,5,0.0179813407406543
Logistic Regression,GF_00348,5,0.0342365509634433
Logistic Regression,GF_00349,5,0.1060922508136822
Logistic Regression,GF_00350,5,0.0713011631879973
Logistic Regression,GF_00351,5,0.0337303768725816
Logistic Regression,GF_00352,5,0.0391574377391612
Logistic Regression,GF_00353,5,0.0133893141017622
Logistic Regression,GF_00355,5,0.0273867303659421
Logistic Regression,GF_00358,5,0.0968077994432436
Logistic Regression,GF_00360,5,0.1083701567693195
Logistic Regression,GF_00362,5,0.0056877236302309
Logistic Regression,GF_00363,5,0.177606519192439
Logistic Regression,GF_00364,5,0.0550730027146381
Logistic Regression,GF_00365,5,0.0002113603709818
Logistic Regression,GF_00369,5,0.0344938622535977
Logistic Regression,GF_00381,5,0.0167890329790559
Logistic Regression,GF_00384,5,0.0430116538774047
Logistic Regression,GF_00385,5,0.0066332529896387
Logistic Regression,GF_00386,5,0.0231779630780818
Logistic Regression,GF_00387,5,0.0135311783891977
Logistic Regression,GF_00388,5,0.0415888888415295
Logistic Regression,GF_00389,5,0.0086450402902764
Logistic Regression,GF_00390,5,0.0019751816681228
Logistic Regression,GF_00391,5,0.0423058007211147
Logistic Regression,GF_00393,5,0.1252966414952776
Logistic Regression,GF_00394,5,0.1286898200102316
Logistic Regression,GF_00395,5,0.0613921007632592
Logistic Regression,GF_00396,5,0.1268994795019817
Logistic Regression,GF_00400,5,0.0342730602817372
Logistic Regression,GF_00401,5,0.1318067554176606
Logistic Regression,GF_00402,5,0.1408325441456505
Logistic Regression,GF_00403,5,0.0008075596932645
Logistic Regression,GF_00404,5,0.0070367471736695
Logistic Regression,GF_00405,5,0.0843882828689317
Logistic Regression,GF_00406,5,0.1035822151252103
Logistic Regression,GF_00407,5,0.0056025210284146
Logistic Regression,GF_00408,5,0.0098995567934816
Logistic Regression,GF_00409,5,0.0990630383665587
Logistic Regression,GF_00410,5,0.0428858087195255
Logistic Regression,GF_00413,5,0.0390753701866298
Logistic Regression,GF_00414,5,0.0335819499574482
Logistic Regression,GF_00415,5,0.033305083222053
Logistic Regression,GF_00417,5,0.0062393267051226
Logistic Regression,GF_00418,5,0.0767173790825526
Logistic Regression,GF_00419,5,0.0055478292797077
Logistic Regression,GF_00421,5,0.0420318605555443
Logistic Regression,GF_00422,5,0.0325887623050552
Logistic Regression,GF_00424,5,0.0745945454001345
Logistic Regression,GF_00426,5,0.0346710121403983
Logistic Regression,GF_00427,5,0.0255640751596356
Logistic Regression,GF_00428,5,0.0325391220699029
Logistic Regression,GF_00429,5,0.1190454115652548
Logistic Regression,GF_00430,5,0.1372911593363295
Logistic Regression,GF_00431,5,0.0803962354617428
Logistic Regression,GF_00432,5,0.0962674065199039
Logistic Regression,GF_00433,5,0.0130471259707957
Logistic Regression,GF_00434,5,0.0954396196529794
Logistic Regression,GF_00435,5,0.144757359257403
Logistic Regression,GF_00436,5,0.0070268027633396
Logistic Regression,GF_00437,5,0.0751552281545244
Logistic Regression,GF_00438,5,0.0410480193600036
Logistic Regression,GF_00440,5,0.1948971698557449
Logistic Regression,GF_00441,5,0.131139455213192
Logistic Regression,GF_00455,5,0.1181553753961542
Logistic Regression,GF_00457,5,0.0483146170314615
Logistic Regression,GF_00458,5,0.1195429924415538
Logistic Regression,GF_00471,5,0.036324101295979
Logistic Regression,GF_00472,5,0.0183660930929723
Logistic Regression,GF_00477,5,0.1865080369576394
Logistic Regression,GF_00480,5,0.0191504086789845
Logistic Regression,GF_00482,5,0.0432159947671148
Logistic Regression,GF_00488,5,0.0616196385295082
Logistic Regression,GF_00489,5,0.06761443019056
Logistic Regression,GF_00503,5,0.0709888134373943
Logistic Regression,GF_00522,5,0.0199316166513461
Logistic Regression,GF_00523,5,0.1720682819658779
Logistic Regression,GF_00524,5,0.053672517136956
Logistic Regression,GF_00525,5,0.1025044670675713
Logistic Regression,GF_00527,5,0.0703526209698489
Logistic Regression,GF_00528,5,0.1025044670675713
Logistic Regression,GF_00529,5,0.0295156300532605
Logistic Regression,GF_00530,5,0.1461709055628591
Logistic Regression,GF_00531,5,0.0771839897041349
Logistic Regression,GF_00536,5,0.1455342225575401
Logistic Regression,GF_00538,5,0.0005693393751363
Logistic Regression,GF_00546,5,0.1077918218540647
Logistic Regression,GF_00547,5,0.05695648013996
Logistic Regression,GF_00548,5,0.0653545283989398
Logistic Regression,GF_00549,5,0.0145721073597333
Logistic Regression,GF_00564,5,0.0202114030052081
Logistic Regression,GF_00565,5,0.0349260392133419
Logistic Regression,GF_00566,5,0.0118944417279063
Logistic Regression,GF_00569,5,0.0266667669658707
Logistic Regression,GF_00570,5,0.0686190340093128
Logistic Regression,GF_00572,5,0.0410841399599073
Logistic Regression,GF_00574,5,0.0812660803475047
Logistic Regression,GF_00578,5,0.0529561994312368
Logistic Regression,GF_00580,5,0.0377924241762675
Logistic Regression,GF_00588,5,0.0945654228202003
Logistic Regression,GF_00594,5,0.1215804714998807
Logistic Regression,GF_00595,5,0.1458012416970099
Logistic Regression,GF_00599,5,0.0053152697903453
Logistic Regression,GF_00600,5,0.1112423454741379
Logistic Regression,GF_00601,5,0.1028534926962522
Logistic Regression,GF_00603,5,0.1311258437020328
Logistic Regression,GF_00604,5,0.1136021415452537
Logistic Regression,GF_00605,5,0.0571842457005313
Logistic Regression,GF_00606,5,0.0214630907758612
Logistic Regression,GF_00607,5,0.033429936610875
Logistic Regression,GF_00608,5,0.2204196846290246
Logistic Regression,GF_00609,5,0.0373195310326856
Logistic Regression,GF_00611,5,0.0481588146641985
Logistic Regression,GF_00612,5,0.0163369786054948
Logistic Regression,GF_00613,5,0.0815035803699663
Logistic Regression,GF_00614,5,0.0090903238322043
Logistic Regression,GF_00615,5,0.0449720096030538
Logistic Regression,GF_00616,5,0.1108826417823153
Logistic Regression,GF_00617,5,0.0739438604428059
Logistic Regression,GF_00618,5,0.0732700431977667
Logistic Regression,GF_00619,5,0.046561511614496
Logistic Regression,GF_00620,5,0.0231135670503777
Logistic Regression,GF_00621,5,0.0908986372346094
Logistic Regression,GF_00622,5,0.0330130901220604
Logistic Regression,GF_00623,5,0.0661170230197885
Logistic Regression,GF_00624,5,0.0448068947134456
Logistic Regression,GF_00632,5,0.0634446660429564
Logistic Regression,GF_00633,5,0.1472069770737635
Logistic Regression,GF_00635,5,0.0011839089625472
Logistic Regression,GF_00636,5,0.0763504362293262
Logistic Regression,GF_00637,5,0.0170978161996042
Logistic Regression,GF_00638,5,0.0413766305296124
Logistic Regression,GF_00640,5,0.0625811709671597
Logistic Regression,GF_00641,5,0.0310388701180607
Logistic Regression,GF_00642,5,0.0549783745220072
Logistic Regression,GF_00643,5,0.1670964439527639
Logistic Regression,GF_00655,5,0.0307329667356808
Logistic Regression,GF_00658,5,0.0035676927216483
Logistic Regression,GF_00659,5,0.00086530002141
Logistic Regression,GF_00661,5,0.1293132211734944
Logistic Regression,GF_00669,5,0.0934682424796709
Logistic Regression,GF_00676,5,0.0045452160255504
Logistic Regression,GF_00680,5,0.0701284346726937
Logistic Regression,GF_00681,5,0.0812945411027499
Logistic Regression,GF_00682,5,0.1140671473456406
Logistic Regression,GF_00683,5,0.0882905062047029
Logistic Regression,GF_00684,5,0.0964144684301195
Logistic Regression,GF_00687,5,0.1051747915266956
Logistic Regression,GF_00688,5,0.0158639381614637
Logistic Regression,GF_00695,5,0.0271373412844628
Logistic Regression,GF_00699,5,0.0255351316618688
Logistic Regression,GF_00702,5,0.3613838371312067
Logistic Regression,GF_00709,5,0.0740567643795723
Logistic Regression,GF_00722,5,0.0286096611284877
Logistic Regression,GF_00723,5,0.0917641322994278
Logistic Regression,GF_00724,5,0.0480209129587213
Logistic Regression,GF_00725,5,0.0686208590398149
Logistic Regression,GF_00726,5,0.0442425749941083
Logistic Regression,GF_00727,5,0.0059998361701116
Logistic Regression,GF_00728,5,0.0459503411427765
Logistic Regression,GF_00729,5,0.0180542179315687
Logistic Regression,GF_00732,5,0.0621039812981722
Logistic Regression,GF_00736,5,0.1690611182959955
Logistic Regression,GF_00740,5,0.013959971415495
Logistic Regression,GF_00741,5,0.0219065314774751
Logistic Regression,GF_00744,5,0.0062495861711678
Logistic Regression,GF_00751,5,0.0540376022276452
Logistic Regression,GF_00755,5,0.0209271039543841
Logistic Regression,GF_00756,5,0.0535894302273671
Logistic Regression,GF_00761,5,0.1244886056691558
Logistic Regression,GF_00771,5,0.0569939616593543
Logistic Regression,GF_00773,5,0.0666279904014442
Logistic Regression,GF_00776,5,0.0438495761934375
Logistic Regression,GF_00777,5,0.0195126357758231
Logistic Regression,GF_00785,5,0.0138298198847093
Logistic Regression,GF_00796,5,0.1235653245177376
Logistic Regression,GF_00810,5,0.1127060621794522
Logistic Regression,GF_00811,5,0.1420987557535605
Logistic Regression,GF_00813,5,0.0653545283989398
Logistic Regression,GF_00814,5,0.0742054405323965
Logistic Regression,GF_00816,5,0.0904773914388673
Logistic Regression,GF_00819,5,0.1588737118566752
Logistic Regression,GF_00828,5,0.1412872995789977
Logistic Regression,GF_00843,5,0.0133671912948323
Logistic Regression,GF_00845,5,0.0262234540162387
Logistic Regression,GF_00856,5,0.2488381184615777
Logistic Regression,GF_00857,5,0.0644654052390788
Logistic Regression,GF_00860,5,0.0948829006025105
Logistic Regression,GF_00864,5,0.022618624332866
Logistic Regression,GF_00866,5,0.1785637441645125
Logistic Regression,GF_00867,5,0.0572988036165421
Logistic Regression,GF_00868,5,0.019904564511157
Logistic Regression,GF_00869,5,0.0129209167189498
Logistic Regression,GF_00870,5,0.0789507202921919
Logistic Regression,GF_00871,5,0.1547827245408455
Logistic Regression,GF_00872,5,0.08378840821157
Logistic Regression,GF_00873,5,0.0353429738398198
Logistic Regression,GF_00874,5,0.0996893861886958
Logistic Regression,GF_00887,5,0.0260599964711028
Logistic Regression,GF_00888,5,0.0121405547319912
Logistic Regression,GF_00895,5,0.1039963783206956
Logistic Regression,GF_00916,5,0.0303614438235507
Logistic Regression,GF_00927,5,0.0039556348715482
Logistic Regression,GF_00931,5,0.0828168329180356
Logistic Regression,GF_00932,5,0.0518257070198498
Logistic Regression,GF_00933,5,0.0052040885824341
Logistic Regression,GF_00946,5,0.0804082087942829
Logistic Regression,GF_00947,5,0.0230621227593276
Logistic Regression,GF_00949,5,0.0238776821586841
Logistic Regression,GF_00957,5,0.1614025492832743
Logistic Regression,GF_00958,5,0.1178098826145725
Logistic Regression,GF_00959,5,0.1778142407828369
Logistic Regression,GF_00960,5,0.0723637614638108
Logistic Regression,GF_00963,5,0.0275327197828629
Logistic Regression,GF_00966,5,0.0983797015718987
Logistic Regression,GF_00968,5,0.0622645957210193
Logistic Regression,GF_00969,5,0.0296675340128785
Logistic Regression,GF_00970,5,0.0259769787530381
Logistic Regression,GF_00971,5,0.1914156453091826
Logistic Regression,GF_00972,5,0.0177329974677923
Logistic Regression,GF_00982,5,0.2897514913385999
Logistic Regression,GF_01004,5,0.0603032948365659
Logistic Regression,GF_01005,5,0.0477176588108489
Logistic Regression,GF_01012,5,0.0861416143292761
Logistic Regression,GF_01026,5,0.0750766448166592
Logistic Regression,GF_01027,5,0.0437666321408695
Logistic Regression,GF_01028,5,0.0109142775337255
Logistic Regression,GF_01054,5,0.1048244226825493
Logistic Regression,GF_01230,5,0.0089331808013845
Logistic Regression,GF_01231,5,0.0032639694567135
Logistic Regression,GF_01232,5,0.1188709556835122
Logistic Regression,GF_01233,5,0.0811748606093109
Logistic Regression,GF_01234,5,0.1896700522422999
Logistic Regression,GF_01235,5,0.1092273216927716
Logistic Regression,GF_01236,5,0.0017516399421371
Logistic Regression,GF_01237,5,0.0107146255407768
Logistic Regression,GF_01239,5,0.1855512203056333
Logistic Regression,GF_01240,5,2.491780526846319e-05
Logistic Regression,GF_01241,5,0.0724012021678683
Logistic Regression,GF_01242,5,0.0657308315239591
Logistic Regression,GF_01244,5,0.0495783629111754
Logistic Regression,GF_01245,5,0.044470460317229
Logistic Regression,GF_01246,5,0.1450129172208184
Logistic Regression,GF_01247,5,0.0172332116413642
Logistic Regression,GF_01248,5,0.0679128114356772
Logistic Regression,GF_01266,5,0.0727420152396545
Logistic Regression,GF_01287,5,0.0210806973843123
Logistic Regression,GF_01290,5,0.0775747230443627
Logistic Regression,GF_01291,5,0.0437463680594542
Logistic Regression,GF_01292,5,0.1454200497047454
Logistic Regression,GF_01293,5,0.0197716647595972
Logistic Regression,GF_01297,5,0.0
Logistic Regression,GF_01306,5,0.0009910319971924
Logistic Regression,GF_01314,5,0.0464218656884634
Logistic Regression,GF_01315,5,0.0581520368087181
Logistic Regression,GF_01327,5,0.1105765654455316
Logistic Regression,GF_01328,5,0.3448088730303573
Logistic Regression,GF_01329,5,0.0519379763017364
Logistic Regression,GF_01330,5,0.0338229522659553
Logistic Regression,GF_01331,5,0.1638361633054663
Logistic Regression,GF_01332,5,0.0489669528971563
Logistic Regression,GF_01333,5,0.0669629467520118
Logistic Regression,GF_01334,5,0.0019875043528034
Logistic Regression,GF_01336,5,0.0610379829076182
Logistic Regression,GF_01337,5,0.0495026616215919
Logistic Regression,GF_01338,5,0.066172457197671
Logistic Regression,GF_01359,5,0.06283269919799
Logistic Regression,GF_01372,5,0.017471592015158
Logistic Regression,GF_01374,5,0.0947434343036764
Logistic Regression,GF_01375,5,0.0689761297514358
Logistic Regression,GF_01376,5,0.0624487903334725
Logistic Regression,GF_01377,5,0.077395422982139
Logistic Regression,GF_01379,5,0.1346458404517405
Logistic Regression,GF_01381,5,0.0189344191574019
Logistic Regression,GF_01382,5,0.2466831069956475
Logistic Regression,GF_01383,5,0.1048581483629323
Logistic Regression,GF_01385,5,0.1227650944191578
Logistic Regression,GF_01386,5,0.0189694787382529
Logistic Regression,GF_01387,5,0.0037527770501118
Logistic Regression,GF_01390,5,0.0492502276723785
Logistic Regression,GF_01391,5,0.1235632936515301
Logistic Regression,GF_01393,5,0.0470699883508704
Logistic Regression,GF_01394,5,0.0628972247053927
Logistic Regression,GF_01395,5,0.0548133965332696
Logistic Regression,GF_01396,5,0.0546899079375112
Logistic Regression,GF_01397,5,0.0399855878541927
Logistic Regression,GF_01399,5,0.0767953373161651
Logistic Regression,GF_01400,5,0.0471610399064956
Logistic Regression,GF_01401,5,0.0521936834530832
Logistic Regression,GF_01404,5,0.0366193020347846
Logistic Regression,GF_01409,5,0.0739699643833557
Logistic Regression,GF_01425,5,0.1819568878565966
Logistic Regression,GF_01426,5,0.0863152483825424
Logistic Regression,GF_01428,5,0.0210802846720923
Logistic Regression,GF_01439,5,0.003934671579028
Logistic Regression,GF_01445,5,0.0288392598809294
Logistic Regression,GF_01446,5,0.0543796591439701
Logistic Regression,GF_01447,5,0.0313914060534528
Logistic Regression,GF_01448,5,0.0508345004189298
Logistic Regression,GF_01449,5,0.0109106586944297
Logistic Regression,GF_01456,5,0.1020938606258298
Logistic Regression,GF_01458,5,0.0245688907392953
Logistic Regression,GF_01460,5,0.0782688256525327
Logistic Regression,GF_01461,5,0.0359405283533579
Logistic Regression,GF_01462,5,0.0984984091331035
Logistic Regression,GF_01466,5,0.0131723183541513
Logistic Regression,GF_01476,5,0.1384294815206299
Logistic Regression,GF_01477,5,0.0093675479113724
Logistic Regression,GF_01479,5,0.0080788320921704
Logistic Regression,GF_01480,5,0.1312809269940707
Logistic Regression,GF_01481,5,0.0993780607589808
Logistic Regression,GF_01487,5,0.0008406265959694
Logistic Regression,GF_01502,5,0.0208557292401878
Logistic Regression,GF_01504,5,0.1323680667320916
Logistic Regression,GF_01512,5,0.0663364921457078
Logistic Regression,GF_01514,5,0.1025651384387867
Logistic Regression,GF_01527,5,0.0420173425379585
Logistic Regression,GF_01534,5,0.0302537298362378
Logistic Regression,GF_01535,5,0.0539685752553663
Logistic Regression,GF_01536,5,0.0467738647034766
Logistic Regression,GF_01537,5,0.1388157940125463
Logistic Regression,GF_01538,5,0.0789215695795972
Logistic Regression,GF_01539,5,0.1672033109423667
Logistic Regression,GF_01540,5,0.0657407867076991
Logistic Regression,GF_01541,5,0.0157502387126566
Logistic Regression,GF_01542,5,0.0175737511400154
Logistic Regression,GF_01543,5,0.1497732588705372
Logistic Regression,GF_01544,5,0.0041055770555296
Logistic Regression,GF_01547,5,0.0968378956649781
Logistic Regression,GF_01549,5,0.0258882123961745
Logistic Regression,GF_01550,5,0.0774906109104066
Logistic Regression,GF_01552,5,0.0072744751479926
Logistic Regression,GF_01553,5,0.1523979931149995
Logistic Regression,GF_01579,5,0.0
Logistic Regression,GF_01580,5,0.1753205903601596
Logistic Regression,GF_01583,5,0.1717322478517496
Logistic Regression,GF_01584,5,0.2165256150431417
Logistic Regression,GF_01591,5,0.0066103651440091
Logistic Regression,GF_01592,5,0.1521760436271798
Logistic Regression,GF_01616,5,0.0021404814267892
Logistic Regression,GF_01617,5,0.0080542111759839
Logistic Regression,GF_01618,5,0.156743632955491
Logistic Regression,GF_01619,5,0.0319831027329123
Logistic Regression,GF_01620,5,0.0167372831656762
Logistic Regression,GF_01621,5,0.0199020349292057
Logistic Regression,GF_01623,5,0.008710670302113
Logistic Regression,GF_01625,5,0.1488297658250406
Logistic Regression,GF_01626,5,0.0600397831001652
Logistic Regression,GF_01627,5,0.0690056822258467
Logistic Regression,GF_01628,5,0.0299054291678194
Logistic Regression,GF_01629,5,0.0142436325815497
Logistic Regression,GF_01630,5,0.1648120264718416
Logistic Regression,GF_01634,5,0.0014071825781193
Logistic Regression,GF_01635,5,0.0040316912946305
Logistic Regression,GF_01636,5,0.0653711391330438
Logistic Regression,GF_01637,5,0.0224912190489532
Logistic Regression,GF_01638,5,0.1630793613913193
Logistic Regression,GF_01639,5,0.0066316164025089
Logistic Regression,GF_01641,5,0.0335424031266806
Logistic Regression,GF_01648,5,0.0267572350588476
Logistic Regression,GF_01659,5,0.0745380818091819
Logistic Regression,GF_01661,5,0.0459866295351837
Logistic Regression,GF_01672,5,0.044422548162143
Logistic Regression,GF_01673,5,0.3077908671572426
Logistic Regression,GF_01674,5,0.0559471763603202
Logistic Regression,GF_01675,5,0.0070975980747383
Logistic Regression,GF_01676,5,0.0401499877955054
Logistic Regression,GF_01677,5,0.0625609485674788
Logistic Regression,GF_01678,5,0.183377593058086
Logistic Regression,GF_01679,5,0.0172383623653119
Logistic Regression,GF_01680,5,0.0627959739799716
Logistic Regression,GF_01681,5,0.0245995163308944
Logistic Regression,GF_01683,5,0.0492777470464338
Logistic Regression,GF_01684,5,0.0647612325349052
Logistic Regression,GF_01685,5,0.0291239223588608
Logistic Regression,GF_01688,5,0.0075922697678907
Logistic Regression,GF_01689,5,0.0011719419490549
Logistic Regression,GF_01690,5,0.1065070814025222
Logistic Regression,GF_01691,5,0.2124348068906735
Logistic Regression,GF_01692,5,0.0479771933438203
Logistic Regression,GF_01693,5,0.1119526074339157
Logistic Regression,GF_01732,5,0.0488163854886197
Logistic Regression,GF_01733,5,0.193369415968331
Logistic Regression,GF_01734,5,0.1452838270532934
Logistic Regression,GF_01735,5,0.1092653431076714
Logistic Regression,GF_01736,5,0.1626765806727948
Logistic Regression,GF_01737,5,0.0905660929770885
Logistic Regression,GF_01741,5,0.0447136605440561
Logistic Regression,GF_01742,5,0.0446498644293029
Logistic Regression,GF_01745,5,0.0832968008021312
Logistic Regression,GF_01763,5,0.0989415902314586
Logistic Regression,GF_01783,5,0.1340734221086122
Logistic Regression,GF_01799,5,0.1605183649594588
Logistic Regression,GF_01801,5,0.0075004348746255
Logistic Regression,GF_01802,5,0.0350776404075605
Logistic Regression,GF_01803,5,0.0020245003436593
Logistic Regression,GF_01805,5,0.1107213958685597
Logistic Regression,GF_01806,5,0.0607339519062105
Logistic Regression,GF_01807,5,0.0909339832497211
Logistic Regression,GF_01808,5,0.1175649633443247
Logistic Regression,GF_01809,5,0.0984609934865578
Logistic Regression,GF_01810,5,0.064796192105275
Logistic Regression,GF_01811,5,0.0145929611537005
Logistic Regression,GF_01812,5,0.011896375609807
Logistic Regression,GF_01813,5,0.0273147195796678
Logistic Regression,GF_01814,5,0.0862359025262112
Logistic Regression,GF_01815,5,0.0999976788750429
Logistic Regression,GF_01816,5,0.075505533713818
Logistic Regression,GF_01818,5,0.0518966979522678
Logistic Regression,GF_01819,5,0.0898741668138752
Logistic Regression,GF_01822,5,0.1575832371312618
Logistic Regression,GF_01823,5,0.0409220201957363
Logistic Regression,GF_01834,5,0.1150398253156388
Logistic Regression,GF_01836,5,0.0121543919800894
Logistic Regression,GF_01837,5,0.0374183112676545
Logistic Regression,GF_01840,5,0.120334320802849
Logistic Regression,GF_01841,5,0.186995356942567
Logistic Regression,GF_01842,5,0.0091730014069903
Logistic Regression,GF_01844,5,0.052875170891963
Logistic Regression,GF_01856,5,0.013428478818392
Logistic Regression,GF_01860,5,0.0370865554908439
Logistic Regression,GF_01866,5,0.1023737768655633
Logistic Regression,GF_01870,5,0.0318913772002671
Logistic Regression,GF_01872,5,0.0203962391949824
Logistic Regression,GF_01885,5,0.0102992111622468
Logistic Regression,GF_01897,5,0.0130306776295421
Logistic Regression,GF_01898,5,0.0645990911234606
Logistic Regression,GF_01899,5,0.0
Logistic Regression,GF_01900,5,0.0662292015432165
Logistic Regression,GF_01901,5,0.0664072975040206
Logistic Regression,GF_01902,5,0.1590855079651494
Logistic Regression,GF_01904,5,0.1757959128455329
Logistic Regression,GF_01919,5,0.0211665820635042
Logistic Regression,GF_01921,5,0.0678102136060743
Logistic Regression,GF_01923,5,0.0159712928646238
Logistic Regression,GF_01925,5,0.0288116684538129
Logistic Regression,GF_01926,5,0.0066770824215706
Logistic Regression,GF_01927,5,0.294247694334829
Logistic Regression,GF_01928,5,0.1984515529366341
Logistic Regression,GF_01929,5,0.0102381705263909
Logistic Regression,GF_01930,5,0.1294388599361954
Logistic Regression,GF_01945,5,0.0
Logistic Regression,GF_02041,5,0.0934015077015667
Logistic Regression,GF_02059,5,0.0753180114631247
Logistic Regression,GF_02060,5,0.0108050313907597
Logistic Regression,GF_02069,5,0.184664213133227
Logistic Regression,GF_02070,5,0.0828216907157963
Logistic Regression,GF_02071,5,0.0336117884553419
Logistic Regression,GF_02072,5,0.0815373953308411
Logistic Regression,GF_02074,5,0.0228483390622536
Logistic Regression,GF_02075,5,0.0696802400126207
Logistic Regression,GF_02076,5,0.0439062980905085
Logistic Regression,GF_02084,5,0.0811678309311859
Logistic Regression,GF_02085,5,0.0507190565278399
Logistic Regression,GF_02088,5,0.0963021116440926
Logistic Regression,GF_02089,5,0.0752815842110113
Logistic Regression,GF_02091,5,0.0503584453453293
Logistic Regression,GF_02092,5,0.0606935029299824
Logistic Regression,GF_02093,5,0.0810644720019605
Logistic Regression,GF_02094,5,0.0229292741777813
Logistic Regression,GF_02101,5,0.0083698336932331
Logistic Regression,GF_02109,5,0.1355979508137852
Logistic Regression,GF_02110,5,0.0977686175366726
Logistic Regression,GF_02113,5,0.0373376740178096
Logistic Regression,GF_02122,5,0.0783498526136714
Logistic Regression,GF_02130,5,0.10439869564315
Logistic Regression,GF_02131,5,0.0075805555960117
Logistic Regression,GF_02132,5,0.0335264925445352
Logistic Regression,GF_02136,5,0.0087764113377846
Logistic Regression,GF_02137,5,0.0449818439118641
Logistic Regression,GF_02138,5,0.0718777106731016
Logistic Regression,GF_02139,5,0.0740450376315386
Logistic Regression,GF_02140,5,0.0461795683196413
Logistic Regression,GF_02141,5,0.2024631644315834
Logistic Regression,GF_02142,5,0.1040624412001756
Logistic Regression,GF_02143,5,0.0595260464414601
Logistic Regression,GF_02145,5,0.1699168482532721
Logistic Regression,GF_02152,5,0.1440245484207309
Logistic Regression,GF_02157,5,0.0662796047009412
Logistic Regression,GF_02158,5,0.0311246222028469
Logistic Regression,GF_02159,5,0.0426204273242054
Logistic Regression,GF_02172,5,0.0592978753945123
Logistic Regression,GF_02178,5,0.0554428211776766
Logistic Regression,GF_02180,5,0.3387018647994813
Logistic Regression,GF_02184,5,0.0215618402024246
Logistic Regression,GF_02194,5,0.0227862324371811
Logistic Regression,GF_02215,5,0.1015887814727505
Logistic Regression,GF_02216,5,0.0466434115718315
Logistic Regression,GF_02217,5,0.0281739083227804
Logistic Regression,GF_02218,5,0.0201556538242956
Logistic Regression,GF_02219,5,0.1013615052343739
Logistic Regression,GF_02220,5,0.0492653759492231
Logistic Regression,GF_02222,5,0.1004621333815193
Logistic Regression,GF_02223,5,0.0241937509334263
Logistic Regression,GF_02224,5,0.065974017989328
Logistic Regression,GF_02225,5,0.0721851244958693
Logistic Regression,GF_02226,5,0.0754369820738631
Logistic Regression,GF_02227,5,0.0076424879594293
Logistic Regression,GF_02228,5,0.0492616091367224
Logistic Regression,GF_02229,5,0.0118887847617441
Logistic Regression,GF_02230,5,0.0540450627122367
Logistic Regression,GF_02260,5,0.2276629880950864
Logistic Regression,GF_02261,5,0.1160491526484898
Logistic Regression,GF_02262,5,0.0167181174569854
Logistic Regression,GF_02263,5,0.0076827462760698
Logistic Regression,GF_02264,5,0.0804422081961396
Logistic Regression,GF_02266,5,0.1207215425951753
XGBoost,GF_00002,1,0.0068699098192155
XGBoost,GF_00008,1,0.0
XGBoost,GF_00011,1,0.0086046559736132
XGBoost,GF_00012,1,0.0
XGBoost,GF_00013,1,0.0
XGBoost,GF_00014,1,0.0
XGBoost,GF_00015,1,0.0010871371487155
XGBoost,GF_00017,1,0.0
XGBoost,GF_00018,1,0.0045426259748637
XGBoost,GF_00036,1,0.0
XGBoost,GF_00043,1,0.0006802167627029
XGBoost,GF_00044,1,0.0043852403759956
XGBoost,GF_00046,1,0.0
XGBoost,GF_00047,1,0.0
XGBoost,GF_00048,1,2.0339306502137333e-05
XGBoost,GF_00049,1,0.0
XGBoost,GF_00051,1,0.0
XGBoost,GF_00052,1,0.0
XGBoost,GF_00071,1,0.0
XGBoost,GF_00072,1,0.0
XGBoost,GF_00073,1,0.0
XGBoost,GF_00074,1,0.0
XGBoost,GF_00075,1,0.0
XGBoost,GF_00076,1,0.0
XGBoost,GF_00077,1,0.0
XGBoost,GF_00078,1,0.0
XGBoost,GF_00079,1,0.0016991480952128
XGBoost,GF_00080,1,0.0051369783468544
XGBoost,GF_00081,1,0.0001983648107852
XGBoost,GF_00082,1,0.0009348433231934
XGBoost,GF_00083,1,0.0025951655115932
XGBoost,GF_00084,1,0.0013862667838111
XGBoost,GF_00085,1,0.0018658193293958
XGBoost,GF_00087,1,0.0
XGBoost,GF_00088,1,0.0
XGBoost,GF_00093,1,0.0
XGBoost,GF_00094,1,0.0008993793162517
XGBoost,GF_00104,1,0.0073465416207909
XGBoost,GF_00105,1,0.0
XGBoost,GF_00106,1,0.0
XGBoost,GF_00107,1,0.0005197630962356
XGBoost,GF_00108,1,0.0
XGBoost,GF_00109,1,0.0
XGBoost,GF_00110,1,0.0006695855408906
XGBoost,GF_00111,1,0.0
XGBoost,GF_00112,1,0.0011003906838595
XGBoost,GF_00113,1,0.0
XGBoost,GF_00114,1,0.0013840204337611
XGBoost,GF_00115,1,0.0
XGBoost,GF_00116,1,0.0
XGBoost,GF_00117,1,0.0
XGBoost,GF_00120,1,0.0
XGBoost,GF_00121,1,0.0
XGBoost,GF_00122,1,0.0001925320975715
XGBoost,GF_00123,1,0.0
XGBoost,GF_00124,1,0.0
XGBoost,GF_00125,1,0.0
XGBoost,GF_00136,1,0.0007653943030163
XGBoost,GF_00137,1,0.0
XGBoost,GF_00138,1,0.0
XGBoost,GF_00139,1,0.0
XGBoost,GF_00141,1,0.0017274111742153
XGBoost,GF_00142,1,0.0
XGBoost,GF_00143,1,0.0
XGBoost,GF_00155,1,0.0
XGBoost,GF_00164,1,0.0068744700402021
XGBoost,GF_00170,1,0.0
XGBoost,GF_00175,1,0.0019149736035615
XGBoost,GF_00178,1,0.0
XGBoost,GF_00179,1,0.0
XGBoost,GF_00180,1,0.0014283530181273
XGBoost,GF_00185,1,0.0
XGBoost,GF_00208,1,0.0
XGBoost,GF_00220,1,0.0
XGBoost,GF_00228,1,0.0
XGBoost,GF_00229,1,0.0007632213528268
XGBoost,GF_00235,1,0.003263016231358
XGBoost,GF_00244,1,0.0
XGBoost,GF_00250,1,0.0
XGBoost,GF_00251,1,0.0
XGBoost,GF_00262,1,0.0
XGBoost,GF_00281,1,0.0
XGBoost,GF_00290,1,0.0
XGBoost,GF_00296,1,0.0017830854048952
XGBoost,GF_00300,1,0.0190568845719099
XGBoost,GF_00302,1,0.001673464779742
XGBoost,GF_00303,1,0.0
XGBoost,GF_00305,1,0.0004423355858307
XGBoost,GF_00309,1,0.0
XGBoost,GF_00310,1,0.0021735411137342
XGBoost,GF_00311,1,0.0027183855418115
XGBoost,GF_00312,1,0.0
XGBoost,GF_00313,1,0.0020509844180196
XGBoost,GF_00314,1,0.0
XGBoost,GF_00315,1,0.0025312604848295
XGBoost,GF_00316,1,0.0005136274849064
XGBoost,GF_00317,1,0.0
XGBoost,GF_00318,1,0.0
XGBoost,GF_00319,1,0.0
XGBoost,GF_00320,1,0.0
XGBoost,GF_00321,1,0.0
XGBoost,GF_00323,1,0.0005945477751083
XGBoost,GF_00324,1,0.0
XGBoost,GF_00325,1,0.0
XGBoost,GF_00326,1,0.001860816613771
XGBoost,GF_00327,1,0.0009401717688888
XGBoost,GF_00329,1,0.0
XGBoost,GF_00330,1,0.0041846227832138
XGBoost,GF_00331,1,0.0
XGBoost,GF_00332,1,0.0
XGBoost,GF_00333,1,6.544792995555326e-05
XGBoost,GF_00335,1,0.0
XGBoost,GF_00336,1,0.0
XGBoost,GF_00338,1,0.0
XGBoost,GF_00339,1,0.0
XGBoost,GF_00340,1,0.0002182807802455
XGBoost,GF_00341,1,0.0
XGBoost,GF_00342,1,0.0007271225331351
XGBoost,GF_00343,1,0.0061506479978561
XGBoost,GF_00344,1,0.0013733182568103
XGBoost,GF_00346,1,0.0
XGBoost,GF_00347,1,0.0
XGBoost,GF_00348,1,0.0048519941046833
XGBoost,GF_00349,1,0.0020081207621842
XGBoost,GF_00350,1,0.0
XGBoost,GF_00351,1,0.0193144176155328
XGBoost,GF_00352,1,0.00081085547572
XGBoost,GF_00353,1,0.0
XGBoost,GF_00355,1,0.0
XGBoost,GF_00358,1,0.0009321054094471
XGBoost,GF_00360,1,0.0
XGBoost,GF_00362,1,0.0
XGBoost,GF_00363,1,0.0019693144131451
XGBoost,GF_00364,1,0.0
XGBoost,GF_00365,1,0.0
XGBoost,GF_00369,1,0.0
XGBoost,GF_00381,1,0.0
XGBoost,GF_00384,1,0.0
XGBoost,GF_00385,1,0.0
XGBoost,GF_00386,1,0.0
XGBoost,GF_00387,1,0.0
XGBoost,GF_00388,1,0.0
XGBoost,GF_00389,1,0.0
XGBoost,GF_00390,1,0.0
XGBoost,GF_00391,1,0.0
XGBoost,GF_00393,1,0.0
XGBoost,GF_00394,1,0.0
XGBoost,GF_00395,1,0.0003575732407625
XGBoost,GF_00396,1,0.000425785256084
XGBoost,GF_00400,1,0.0014255724381655
XGBoost,GF_00401,1,0.0
XGBoost,GF_00402,1,0.0018087907228618
XGBoost,GF_00403,1,0.0
XGBoost,GF_00404,1,0.0
XGBoost,GF_00405,1,0.0022504925727844
XGBoost,GF_00406,1,0.0001263889134861
XGBoost,GF_00407,1,0.0
XGBoost,GF_00408,1,0.0
XGBoost,GF_00409,1,0.0021033124066889
XGBoost,GF_00410,1,0.0022130457218736
XGBoost,GF_00413,1,0.0
XGBoost,GF_00414,1,0.0034139486961066
XGBoost,GF_00415,1,0.0
XGBoost,GF_00417,1,0.0
XGBoost,GF_00418,1,0.0
XGBoost,GF_00419,1,0.0
XGBoost,GF_00421,1,0.0
XGBoost,GF_00422,1,0.0032957617659121
XGBoost,GF_00424,1,0.0
XGBoost,GF_00426,1,0.0003729521704372
XGBoost,GF_00427,1,0.0
XGBoost,GF_00428,1,0.0
XGBoost,GF_00429,1,0.0
XGBoost,GF_00430,1,0.0
XGBoost,GF_00431,1,0.0
XGBoost,GF_00432,1,0.0019873555283993
XGBoost,GF_00433,1,0.0090958792716264
XGBoost,GF_00434,1,0.0003273748152423
XGBoost,GF_00435,1,0.0
XGBoost,GF_00436,1,0.0
XGBoost,GF_00437,1,0.0187461990863084
XGBoost,GF_00438,1,0.0
XGBoost,GF_00440,1,0.0
XGBoost,GF_00441,1,0.0
XGBoost,GF_00455,1,0.0024159639142453
XGBoost,GF_00457,1,0.0
XGBoost,GF_00458,1,0.0
XGBoost,GF_00471,1,0.0
XGBoost,GF_00472,1,0.0
XGBoost,GF_00477,1,0.0
XGBoost,GF_00480,1,0.0
XGBoost,GF_00482,1,0.0
XGBoost,GF_00488,1,0.0005646725185215
XGBoost,GF_00489,1,0.0020912534091621
XGBoost,GF_00503,1,0.0
XGBoost,GF_00522,1,0.0
XGBoost,GF_00523,1,0.0018589192768558
XGBoost,GF_00524,1,0.001361709088087
XGBoost,GF_00525,1,0.0
XGBoost,GF_00527,1,0.0
XGBoost,GF_00528,1,0.0
XGBoost,GF_00529,1,0.0
XGBoost,GF_00530,1,0.0
XGBoost,GF_00531,1,0.0004823776253033
XGBoost,GF_00536,1,0.0011225842172279
XGBoost,GF_00538,1,0.0028923326171934
XGBoost,GF_00546,1,0.0009382229181937
XGBoost,GF_00547,1,0.0050134952180087
XGBoost,GF_00548,1,0.0
XGBoost,GF_00549,1,0.0
XGBoost,GF_00564,1,0.0
XGBoost,GF_00565,1,0.0
XGBoost,GF_00566,1,0.0
XGBoost,GF_00569,1,0.0
XGBoost,GF_00570,1,0.0
XGBoost,GF_00572,1,0.0
XGBoost,GF_00574,1,0.0
XGBoost,GF_00578,1,0.0
XGBoost,GF_00580,1,0.0092135313898324
XGBoost,GF_00588,1,0.0001814007846405
XGBoost,GF_00594,1,0.0
XGBoost,GF_00595,1,0.0
XGBoost,GF_00599,1,0.0027266638353466
XGBoost,GF_00600,1,0.0
XGBoost,GF_00601,1,0.0
XGBoost,GF_00603,1,0.0008809891878627
XGBoost,GF_00604,1,0.0022712461650371
XGBoost,GF_00605,1,0.0
XGBoost,GF_00606,1,0.0
XGBoost,GF_00607,1,0.0
XGBoost,GF_00608,1,0.0035623195581138
XGBoost,GF_00609,1,0.0
XGBoost,GF_00611,1,0.0
XGBoost,GF_00612,1,0.0013428399106487
XGBoost,GF_00613,1,0.0033231994602829
XGBoost,GF_00614,1,0.0
XGBoost,GF_00615,1,0.0
XGBoost,GF_00616,1,0.0
XGBoost,GF_00617,1,0.0
XGBoost,GF_00618,1,0.0007189961033873
XGBoost,GF_00619,1,0.0037481018807739
XGBoost,GF_00620,1,0.0
XGBoost,GF_00621,1,0.0
XGBoost,GF_00622,1,0.0145878782495856
XGBoost,GF_00623,1,0.0098087582737207
XGBoost,GF_00624,1,0.0
XGBoost,GF_00632,1,0.0
XGBoost,GF_00633,1,0.0
XGBoost,GF_00635,1,0.0
XGBoost,GF_00636,1,0.000164238968864
XGBoost,GF_00637,1,0.0014900472015142
XGBoost,GF_00638,1,0.0
XGBoost,GF_00640,1,0.0
XGBoost,GF_00641,1,0.0
XGBoost,GF_00642,1,0.0024521613959223
XGBoost,GF_00643,1,0.0
XGBoost,GF_00655,1,0.0
XGBoost,GF_00658,1,0.0
XGBoost,GF_00659,1,0.0
XGBoost,GF_00661,1,0.0010281516006216
XGBoost,GF_00669,1,0.0
XGBoost,GF_00676,1,0.0
XGBoost,GF_00680,1,0.0
XGBoost,GF_00681,1,0.0
XGBoost,GF_00682,1,0.0
XGBoost,GF_00683,1,0.0
XGBoost,GF_00684,1,0.0014993392396718
XGBoost,GF_00687,1,0.0009849893394857
XGBoost,GF_00688,1,0.0
XGBoost,GF_00695,1,0.0
XGBoost,GF_00699,1,0.0
XGBoost,GF_00702,1,0.0012645786628127
XGBoost,GF_00709,1,0.0
XGBoost,GF_00722,1,0.0025341024156659
XGBoost,GF_00723,1,0.0
XGBoost,GF_00724,1,0.0
XGBoost,GF_00725,1,0.0
XGBoost,GF_00726,1,0.0006241781520657
XGBoost,GF_00727,1,0.0
XGBoost,GF_00728,1,0.0
XGBoost,GF_00729,1,0.0
XGBoost,GF_00732,1,0.0
XGBoost,GF_00736,1,0.0003118697204627
XGBoost,GF_00740,1,0.0029439327772706
XGBoost,GF_00741,1,0.0
XGBoost,GF_00744,1,0.0
XGBoost,GF_00751,1,0.0012073317775502
XGBoost,GF_00755,1,0.0001221081765834
XGBoost,GF_00756,1,0.002085767686367
XGBoost,GF_00761,1,0.0
XGBoost,GF_00771,1,0.0264048408716917
XGBoost,GF_00773,1,0.0122232800349593
XGBoost,GF_00776,1,0.0016113242600113
XGBoost,GF_00777,1,0.0
XGBoost,GF_00785,1,0.0
XGBoost,GF_00796,1,0.0015592591371387
XGBoost,GF_00810,1,0.0
XGBoost,GF_00811,1,0.0010931976139545
XGBoost,GF_00813,1,0.0
XGBoost,GF_00814,1,0.0
XGBoost,GF_00816,1,0.0004848201351705
XGBoost,GF_00819,1,0.0
XGBoost,GF_00828,1,0.0
XGBoost,GF_00843,1,0.0
XGBoost,GF_00845,1,0.0
XGBoost,GF_00856,1,0.0143886487931013
XGBoost,GF_00857,1,0.0013231484917923
XGBoost,GF_00860,1,0.0
XGBoost,GF_00864,1,0.0004838928580284
XGBoost,GF_00866,1,0.0018484684405848
XGBoost,GF_00867,1,0.0
XGBoost,GF_00868,1,0.0
XGBoost,GF_00869,1,0.0
XGBoost,GF_00870,1,0.0010853696148842
XGBoost,GF_00871,1,0.0
XGBoost,GF_00872,1,0.0
XGBoost,GF_00873,1,0.0037963597569614
XGBoost,GF_00874,1,0.0003131289849989
XGBoost,GF_00887,1,0.0
XGBoost,GF_00888,1,0.0
XGBoost,GF_00895,1,0.0
XGBoost,GF_00916,1,0.0
XGBoost,GF_00927,1,0.0
XGBoost,GF_00931,1,0.0152551960200071
XGBoost,GF_00932,1,0.0
XGBoost,GF_00933,1,0.0
XGBoost,GF_00946,1,0.0
XGBoost,GF_00947,1,0.0
XGBoost,GF_00949,1,0.0
XGBoost,GF_00957,1,0.0030400224495679
XGBoost,GF_00958,1,0.0007506599649786
XGBoost,GF_00959,1,0.0
XGBoost,GF_00960,1,0.0
XGBoost,GF_00963,1,0.0
XGBoost,GF_00966,1,0.0
XGBoost,GF_00968,1,0.0013108566636219
XGBoost,GF_00969,1,0.0
XGBoost,GF_00970,1,0.0002848295262083
XGBoost,GF_00971,1,0.0039380523376166
XGBoost,GF_00972,1,0.0
XGBoost,GF_00982,1,0.0014478883240371
XGBoost,GF_01004,1,0.0
XGBoost,GF_01005,1,0.0009288661531172
XGBoost,GF_01012,1,0.0
XGBoost,GF_01026,1,0.0
XGBoost,GF_01027,1,0.0
XGBoost,GF_01028,1,0.0
XGBoost,GF_01054,1,0.001704740920104
XGBoost,GF_01230,1,0.0005501423729583
XGBoost,GF_01231,1,0.0
XGBoost,GF_01232,1,0.0
XGBoost,GF_01233,1,0.0
XGBoost,GF_01234,1,0.0007591111352667
XGBoost,GF_01235,1,0.0
XGBoost,GF_01236,1,0.0
XGBoost,GF_01237,1,0.0
XGBoost,GF_01239,1,0.0006622028304263
XGBoost,GF_01240,1,0.0
XGBoost,GF_01241,1,0.0
XGBoost,GF_01242,1,0.0
XGBoost,GF_01244,1,0.0081536332145333
XGBoost,GF_01245,1,0.0009601609199307
XGBoost,GF_01246,1,0.0013825735077261
XGBoost,GF_01247,1,0.0
XGBoost,GF_01248,1,0.0018344913842156
XGBoost,GF_01266,1,0.0031753303483128
XGBoost,GF_01287,1,0.0579382628202438
XGBoost,GF_01290,1,0.0
XGBoost,GF_01291,1,0.0
XGBoost,GF_01292,1,0.0005838890210725
XGBoost,GF_01293,1,0.0
XGBoost,GF_01297,1,0.0
XGBoost,GF_01306,1,0.0
XGBoost,GF_01314,1,0.0
XGBoost,GF_01315,1,0.0
XGBoost,GF_01327,1,8.428707951679826e-05
XGBoost,GF_01328,1,0.003046040656045
XGBoost,GF_01329,1,0.0
XGBoost,GF_01330,1,0.0
XGBoost,GF_01331,1,0.0044195735827088
XGBoost,GF_01332,1,0.0003383625298738
XGBoost,GF_01333,1,0.0
XGBoost,GF_01334,1,0.0
XGBoost,GF_01336,1,0.0
XGBoost,GF_01337,1,0.0005795109318569
XGBoost,GF_01338,1,0.0
XGBoost,GF_01359,1,0.0
XGBoost,GF_01372,1,0.0
XGBoost,GF_01374,1,0.0
XGBoost,GF_01375,1,0.0
XGBoost,GF_01376,1,0.0
XGBoost,GF_01377,1,0.0
XGBoost,GF_01379,1,0.0005170041695237
XGBoost,GF_01381,1,0.0012579712783917
XGBoost,GF_01382,1,0.0015397769166156
XGBoost,GF_01383,1,0.0045439903624355
XGBoost,GF_01385,1,0.0
XGBoost,GF_01386,1,0.0
XGBoost,GF_01387,1,0.0
XGBoost,GF_01390,1,0.0
XGBoost,GF_01391,1,0.0012671904405578
XGBoost,GF_01393,1,0.0
XGBoost,GF_01394,1,0.0006747470470145
XGBoost,GF_01395,1,0.0
XGBoost,GF_01396,1,0.00114178028889
XGBoost,GF_01397,1,0.0
XGBoost,GF_01399,1,0.0054571395739912
XGBoost,GF_01400,1,0.0016254569636657
XGBoost,GF_01401,1,0.0
XGBoost,GF_01404,1,0.0
XGBoost,GF_01409,1,0.0
XGBoost,GF_01425,1,0.0009592362330295
XGBoost,GF_01426,1,0.1634202301502227
XGBoost,GF_01428,1,0.0002246439253212
XGBoost,GF_01439,1,0.0
XGBoost,GF_01445,1,0.0
XGBoost,GF_01446,1,0.0011618265416473
XGBoost,GF_01447,1,0.0
XGBoost,GF_01448,1,0.0
XGBoost,GF_01449,1,0.0
XGBoost,GF_01456,1,0.0004368621157482
XGBoost,GF_01458,1,0.0
XGBoost,GF_01460,1,0.0
XGBoost,GF_01461,1,0.0004838457680307
XGBoost,GF_01462,1,0.0
XGBoost,GF_01466,1,0.0
XGBoost,GF_01476,1,0.0
XGBoost,GF_01477,1,0.009445397183299
XGBoost,GF_01479,1,0.0
XGBoost,GF_01480,1,0.0032558150123804
XGBoost,GF_01481,1,0.0029558464884757
XGBoost,GF_01487,1,0.0
XGBoost,GF_01502,1,0.0
XGBoost,GF_01504,1,0.0
XGBoost,GF_01512,1,0.0005309882108122
XGBoost,GF_01514,1,0.0
XGBoost,GF_01527,1,0.0008767473627813
XGBoost,GF_01534,1,0.0
XGBoost,GF_01535,1,0.0
XGBoost,GF_01536,1,0.0
XGBoost,GF_01537,1,0.0
XGBoost,GF_01538,1,0.0
XGBoost,GF_01539,1,0.0011874586343765
XGBoost,GF_01540,1,0.000123995472677
XGBoost,GF_01541,1,0.0
XGBoost,GF_01542,1,0.0076961838640272
XGBoost,GF_01543,1,0.000403204554459
XGBoost,GF_01544,1,0.0
XGBoost,GF_01547,1,0.0013921688077971
XGBoost,GF_01549,1,0.0015013550873845
XGBoost,GF_01550,1,0.0
XGBoost,GF_01552,1,0.0
XGBoost,GF_01553,1,0.0001897907932288
XGBoost,GF_01579,1,0.0
XGBoost,GF_01580,1,0.0056838896125555
XGBoost,GF_01583,1,0.0
XGBoost,GF_01584,1,0.0013858928577974
XGBoost,GF_01591,1,0.0003017521521542
XGBoost,GF_01592,1,0.0128417247906327
XGBoost,GF_01616,1,0.0
XGBoost,GF_01617,1,0.001109602744691
XGBoost,GF_01618,1,0.0006034496473148
XGBoost,GF_01619,1,0.0
XGBoost,GF_01620,1,0.0
XGBoost,GF_01621,1,0.0
XGBoost,GF_01623,1,0.0
XGBoost,GF_01625,1,0.0
XGBoost,GF_01626,1,0.0018057255074381
XGBoost,GF_01627,1,0.0016467195237055
XGBoost,GF_01628,1,0.0
XGBoost,GF_01629,1,0.0004735272377729
XGBoost,GF_01630,1,0.0
XGBoost,GF_01634,1,0.0
XGBoost,GF_01635,1,0.0
XGBoost,GF_01636,1,0.0
XGBoost,GF_01637,1,0.0
XGBoost,GF_01638,1,0.0050249453634023
XGBoost,GF_01639,1,0.0
XGBoost,GF_01641,1,0.000124869053252
XGBoost,GF_01648,1,0.0010812612017616
XGBoost,GF_01659,1,0.0022123872768133
XGBoost,GF_01661,1,0.0
XGBoost,GF_01672,1,0.0
XGBoost,GF_01673,1,0.0006274151382967
XGBoost,GF_01674,1,0.0
XGBoost,GF_01675,1,0.0
XGBoost,GF_01676,1,0.0007033877191133
XGBoost,GF_01677,1,0.0
XGBoost,GF_01678,1,0.0017406179104
XGBoost,GF_01679,1,0.0
XGBoost,GF_01680,1,0.0
XGBoost,GF_01681,1,0.0038320061285048
XGBoost,GF_01683,1,0.0
XGBoost,GF_01684,1,0.0
XGBoost,GF_01685,1,0.0008203217294067
XGBoost,GF_01688,1,0.0
XGBoost,GF_01689,1,0.0
XGBoost,GF_01690,1,0.0
XGBoost,GF_01691,1,0.0061536906287074
XGBoost,GF_01692,1,0.0
XGBoost,GF_01693,1,0.0014767528045922
XGBoost,GF_01732,1,0.0
XGBoost,GF_01733,1,0.0048306342214345
XGBoost,GF_01734,1,0.0029109977185726
XGBoost,GF_01735,1,0.0
XGBoost,GF_01736,1,0.0003376203821972
XGBoost,GF_01737,1,0.0129060074687004
XGBoost,GF_01741,1,0.0028865626081824
XGBoost,GF_01742,1,0.0055701844394207
XGBoost,GF_01745,1,0.0
XGBoost,GF_01763,1,0.0003639188944362
XGBoost,GF_01783,1,0.0044950568117201
XGBoost,GF_01799,1,0.0
XGBoost,GF_01801,1,0.0
XGBoost,GF_01802,1,0.0015282664680853
XGBoost,GF_01803,1,0.0
XGBoost,GF_01805,1,0.0014391846489161
XGBoost,GF_01806,1,0.0
XGBoost,GF_01807,1,0.0007233343785628
XGBoost,GF_01808,1,0.0
XGBoost,GF_01809,1,0.0001938798086484
XGBoost,GF_01810,1,0.0002364821848459
XGBoost,GF_01811,1,0.0
XGBoost,GF_01812,1,0.0
XGBoost,GF_01813,1,0.0
XGBoost,GF_01814,1,0.0
XGBoost,GF_01815,1,0.0009228613926097
XGBoost,GF_01816,1,0.0
XGBoost,GF_01818,1,0.0
XGBoost,GF_01819,1,0.0
XGBoost,GF_01822,1,0.0
XGBoost,GF_01823,1,0.0
XGBoost,GF_01834,1,0.0081653101369738
XGBoost,GF_01836,1,0.0007857133168727
XGBoost,GF_01837,1,0.0
XGBoost,GF_01840,1,5.370097824197728e-06
XGBoost,GF_01841,1,0.0001632356870686
XGBoost,GF_01842,1,0.0
XGBoost,GF_01844,1,0.0
XGBoost,GF_01856,1,0.0
XGBoost,GF_01860,1,0.0
XGBoost,GF_01866,1,0.0
XGBoost,GF_01870,1,0.0
XGBoost,GF_01872,1,0.0
XGBoost,GF_01885,1,0.0
XGBoost,GF_01897,1,0.0002285386290168
XGBoost,GF_01898,1,0.0012965584173798
XGBoost,GF_01899,1,0.0
XGBoost,GF_01900,1,0.0
XGBoost,GF_01901,1,0.0
XGBoost,GF_01902,1,0.0
XGBoost,GF_01904,1,0.0
XGBoost,GF_01919,1,0.0
XGBoost,GF_01921,1,0.0
XGBoost,GF_01923,1,0.0
XGBoost,GF_01925,1,0.0
XGBoost,GF_01926,1,0.0
XGBoost,GF_01927,1,0.0007804366759955
XGBoost,GF_01928,1,0.0007233276264742
XGBoost,GF_01929,1,0.0
XGBoost,GF_01930,1,0.0005088103935122
XGBoost,GF_01945,1,0.0
XGBoost,GF_02041,1,0.000591121497564
XGBoost,GF_02059,1,0.0
XGBoost,GF_02060,1,0.0
XGBoost,GF_02069,1,0.0019703370053321
XGBoost,GF_02070,1,0.0004454329027794
XGBoost,GF_02071,1,0.1549411565065384
XGBoost,GF_02072,1,0.0037004749756306
XGBoost,GF_02074,1,0.0
XGBoost,GF_02075,1,0.0010870235273614
XGBoost,GF_02076,1,0.0
XGBoost,GF_02084,1,0.0
XGBoost,GF_02085,1,0.0
XGBoost,GF_02088,1,0.0100084403529763
XGBoost,GF_02089,1,0.0148920034989714
XGBoost,GF_02091,1,0.0
XGBoost,GF_02092,1,0.0
XGBoost,GF_02093,1,0.0
XGBoost,GF_02094,1,0.0
XGBoost,GF_02101,1,0.0
XGBoost,GF_02109,1,0.0
XGBoost,GF_02110,1,0.0
XGBoost,GF_02113,1,0.0
XGBoost,GF_02122,1,0.0
XGBoost,GF_02130,1,0.0
XGBoost,GF_02131,1,0.0
XGBoost,GF_02132,1,0.0
XGBoost,GF_02136,1,0.0
XGBoost,GF_02137,1,0.0
XGBoost,GF_02138,1,0.0
XGBoost,GF_02139,1,0.0042094122618436
XGBoost,GF_02140,1,0.0
XGBoost,GF_02141,1,0.0009920072043314
XGBoost,GF_02142,1,0.0
XGBoost,GF_02143,1,0.00134839117527
XGBoost,GF_02145,1,0.0011605517938733
XGBoost,GF_02152,1,0.0003666300035547
XGBoost,GF_02157,1,0.0004928759299218
XGBoost,GF_02158,1,0.0
XGBoost,GF_02159,1,0.0
XGBoost,GF_02172,1,0.0
XGBoost,GF_02178,1,0.0045976126566529
XGBoost,GF_02180,1,0.0006618287297897
XGBoost,GF_02184,1,0.000513331615366
XGBoost,GF_02194,1,0.0
XGBoost,GF_02215,1,0.0
XGBoost,GF_02216,1,0.0
XGBoost,GF_02217,1,0.0
XGBoost,GF_02218,1,0.0002556101826485
XGBoost,GF_02219,1,0.0
XGBoost,GF_02220,1,0.0
XGBoost,GF_02222,1,0.0046524689532816
XGBoost,GF_02223,1,0.0
XGBoost,GF_02224,1,0.0
XGBoost,GF_02225,1,0.0
XGBoost,GF_02226,1,0.0042211236432194
XGBoost,GF_02227,1,0.0
XGBoost,GF_02228,1,0.0
XGBoost,GF_02229,1,0.0
XGBoost,GF_02230,1,0.0
XGBoost,GF_02260,1,0.0044987276196479
XGBoost,GF_02261,1,0.0
XGBoost,GF_02262,1,0.0003809000481851
XGBoost,GF_02263,1,0.0006352559430524
XGBoost,GF_02264,1,0.0021381636615842
XGBoost,GF_02266,1,0.0
XGBoost,GF_00002,2,0.0
XGBoost,GF_00008,2,0.0
XGBoost,GF_00011,2,0.0037894949782639
XGBoost,GF_00012,2,0.0052976803854107
XGBoost,GF_00013,2,0.0032189411576837
XGBoost,GF_00014,2,0.0044376696459949
XGBoost,GF_00015,2,0.0012769178720191
XGBoost,GF_00017,2,0.0
XGBoost,GF_00018,2,0.0004560327215585
XGBoost,GF_00036,2,0.0024687589611858
XGBoost,GF_00043,2,0.0010503939120098
XGBoost,GF_00044,2,0.0028002571780234
XGBoost,GF_00046,2,0.0005144912283867
XGBoost,GF_00047,2,0.0
XGBoost,GF_00048,2,0.0
XGBoost,GF_00049,2,0.0002063693391392
XGBoost,GF_00051,2,0.0081250360235571
XGBoost,GF_00052,2,0.0
XGBoost,GF_00071,2,0.0
XGBoost,GF_00072,2,0.0
XGBoost,GF_00073,2,0.0
XGBoost,GF_00074,2,0.0
XGBoost,GF_00075,2,0.0
XGBoost,GF_00076,2,0.0
XGBoost,GF_00077,2,0.0
XGBoost,GF_00078,2,0.0
XGBoost,GF_00079,2,0.0042120497673749
XGBoost,GF_00080,2,0.0410369113087654
XGBoost,GF_00081,2,0.001217360375449
XGBoost,GF_00082,2,6.919896259205416e-05
XGBoost,GF_00083,2,0.0
XGBoost,GF_00084,2,0.0
XGBoost,GF_00085,2,0.0013896044110879
XGBoost,GF_00087,2,0.0
XGBoost,GF_00088,2,0.0
XGBoost,GF_00093,2,0.0
XGBoost,GF_00094,2,0.0007778741419315
XGBoost,GF_00104,2,0.0001538078940939
XGBoost,GF_00105,2,0.0011076730443164
XGBoost,GF_00106,2,0.0008938307291828
XGBoost,GF_00107,2,0.0
XGBoost,GF_00108,2,0.0
XGBoost,GF_00109,2,0.0
XGBoost,GF_00110,2,0.0
XGBoost,GF_00111,2,0.0
XGBoost,GF_00112,2,0.0004921010113321
XGBoost,GF_00113,2,0.0
XGBoost,GF_00114,2,0.0033995490521192
XGBoost,GF_00115,2,0.0
XGBoost,GF_00116,2,0.0
XGBoost,GF_00117,2,0.0
XGBoost,GF_00120,2,0.0
XGBoost,GF_00121,2,0.0
XGBoost,GF_00122,2,0.0033746464177966
XGBoost,GF_00123,2,0.0
XGBoost,GF_00124,2,0.0
XGBoost,GF_00125,2,0.0
XGBoost,GF_00136,2,0.0
XGBoost,GF_00137,2,0.0
XGBoost,GF_00138,2,0.0
XGBoost,GF_00139,2,0.0
XGBoost,GF_00141,2,0.0004011093988083
XGBoost,GF_00142,2,0.0
XGBoost,GF_00143,2,0.0003046690835617
XGBoost,GF_00155,2,0.0
XGBoost,GF_00164,2,0.007140306290239
XGBoost,GF_00170,2,0.0
XGBoost,GF_00175,2,0.0046691973693668
XGBoost,GF_00178,2,0.0062021478079259
XGBoost,GF_00179,2,0.0
XGBoost,GF_00180,2,0.0062591698952019
XGBoost,GF_00185,2,0.0055291061289608
XGBoost,GF_00208,2,0.0
XGBoost,GF_00220,2,0.0022117011249065
XGBoost,GF_00228,2,0.0
XGBoost,GF_00229,2,0.0
XGBoost,GF_00235,2,0.0
XGBoost,GF_00244,2,0.0
XGBoost,GF_00250,2,0.0
XGBoost,GF_00251,2,0.0
XGBoost,GF_00262,2,0.0
XGBoost,GF_00281,2,0.0
XGBoost,GF_00290,2,0.0
XGBoost,GF_00296,2,0.0006839077104814
XGBoost,GF_00300,2,0.015540100634098
XGBoost,GF_00302,2,0.0023542009294033
XGBoost,GF_00303,2,0.0
XGBoost,GF_00305,2,0.0
XGBoost,GF_00309,2,0.0
XGBoost,GF_00310,2,0.0
XGBoost,GF_00311,2,0.0
XGBoost,GF_00312,2,0.0007530770963057
XGBoost,GF_00313,2,0.0025006239302456
XGBoost,GF_00314,2,0.0
XGBoost,GF_00315,2,0.0031523625366389
XGBoost,GF_00316,2,0.0006850670906715
XGBoost,GF_00317,2,0.0009108031517826
XGBoost,GF_00318,2,0.0021860592532902
XGBoost,GF_00319,2,0.0
XGBoost,GF_00320,2,0.0
XGBoost,GF_00321,2,0.0
XGBoost,GF_00323,2,0.0009211129508912
XGBoost,GF_00324,2,0.0
XGBoost,GF_00325,2,0.0
XGBoost,GF_00326,2,0.0
XGBoost,GF_00327,2,0.0042112926021218
XGBoost,GF_00329,2,0.0008668776717968
XGBoost,GF_00330,2,0.0009562578052282
XGBoost,GF_00331,2,0.0
XGBoost,GF_00332,2,0.0
XGBoost,GF_00333,2,0.0
XGBoost,GF_00335,2,0.0
XGBoost,GF_00336,2,0.0
XGBoost,GF_00338,2,0.0
XGBoost,GF_00339,2,0.0075798272155225
XGBoost,GF_00340,2,0.0023884680122137
XGBoost,GF_00341,2,0.0
XGBoost,GF_00342,2,0.0003088316007051
XGBoost,GF_00343,2,0.0
XGBoost,GF_00344,2,0.0006489611696451
XGBoost,GF_00346,2,0.0
XGBoost,GF_00347,2,0.0027892016805708
XGBoost,GF_00348,2,0.0043246583081781
XGBoost,GF_00349,2,0.0
XGBoost,GF_00350,2,0.0
XGBoost,GF_00351,2,0.0
XGBoost,GF_00352,2,0.0003706207498908
XGBoost,GF_00353,2,0.0
XGBoost,GF_00355,2,0.0
XGBoost,GF_00358,2,0.0045881462283432
XGBoost,GF_00360,2,0.0
XGBoost,GF_00362,2,0.0
XGBoost,GF_00363,2,0.0
XGBoost,GF_00364,2,0.0
XGBoost,GF_00365,2,0.0
XGBoost,GF_00369,2,0.0
XGBoost,GF_00381,2,0.0
XGBoost,GF_00384,2,0.0
XGBoost,GF_00385,2,0.0
XGBoost,GF_00386,2,0.0
XGBoost,GF_00387,2,0.0
XGBoost,GF_00388,2,0.0
XGBoost,GF_00389,2,0.0
XGBoost,GF_00390,2,0.0
XGBoost,GF_00391,2,0.0
XGBoost,GF_00393,2,0.0
XGBoost,GF_00394,2,0.0
XGBoost,GF_00395,2,0.0007321830489672
XGBoost,GF_00396,2,0.0
XGBoost,GF_00400,2,0.0
XGBoost,GF_00401,2,0.0078953821212053
XGBoost,GF_00402,2,0.001180991763249
XGBoost,GF_00403,2,0.0
XGBoost,GF_00404,2,0.0
XGBoost,GF_00405,2,0.0
XGBoost,GF_00406,2,0.0
XGBoost,GF_00407,2,0.0
XGBoost,GF_00408,2,0.0
XGBoost,GF_00409,2,0.0
XGBoost,GF_00410,2,0.0
XGBoost,GF_00413,2,0.0
XGBoost,GF_00414,2,0.0009432034566998
XGBoost,GF_00415,2,0.0
XGBoost,GF_00417,2,0.0
XGBoost,GF_00418,2,0.0
XGBoost,GF_00419,2,0.0
XGBoost,GF_00421,2,0.0
XGBoost,GF_00422,2,0.0035489357542246
XGBoost,GF_00424,2,0.0004792575491592
XGBoost,GF_00426,2,0.0009419819689355
XGBoost,GF_00427,2,0.004403474740684
XGBoost,GF_00428,2,0.0
XGBoost,GF_00429,2,0.0
XGBoost,GF_00430,2,0.0
XGBoost,GF_00431,2,0.0
XGBoost,GF_00432,2,0.0
XGBoost,GF_00433,2,0.0
XGBoost,GF_00434,2,0.0005685209762305
XGBoost,GF_00435,2,0.0009434252860955
XGBoost,GF_00436,2,0.000131964625325
XGBoost,GF_00437,2,0.0126034589484334
XGBoost,GF_00438,2,0.0018369047902524
XGBoost,GF_00440,2,0.0006546627846546
XGBoost,GF_00441,2,0.0
XGBoost,GF_00455,2,0.0013497899053618
XGBoost,GF_00457,2,0.0
XGBoost,GF_00458,2,0.0
XGBoost,GF_00471,2,0.0
XGBoost,GF_00472,2,0.0
XGBoost,GF_00477,2,0.0
XGBoost,GF_00480,2,0.0
XGBoost,GF_00482,2,0.0
XGBoost,GF_00488,2,0.0
XGBoost,GF_00489,2,0.0042778048664331
XGBoost,GF_00503,2,0.0068404739722609
XGBoost,GF_00522,2,0.0
XGBoost,GF_00523,2,0.0003727855801116
XGBoost,GF_00524,2,0.0061912243254482
XGBoost,GF_00525,2,0.0
XGBoost,GF_00527,2,0.0
XGBoost,GF_00528,2,0.0
XGBoost,GF_00529,2,0.0
XGBoost,GF_00530,2,0.0
XGBoost,GF_00531,2,0.0
XGBoost,GF_00536,2,0.0015304007101804
XGBoost,GF_00538,2,0.003262965939939
XGBoost,GF_00546,2,0.0023482656106352
XGBoost,GF_00547,2,0.0
XGBoost,GF_00548,2,0.0
XGBoost,GF_00549,2,0.0
XGBoost,GF_00564,2,0.0019404328195378
XGBoost,GF_00565,2,0.0078180851414799
XGBoost,GF_00566,2,0.0077475402504205
XGBoost,GF_00569,2,0.0
XGBoost,GF_00570,2,0.0
XGBoost,GF_00572,2,0.0
XGBoost,GF_00574,2,0.0
XGBoost,GF_00578,2,0.0
XGBoost,GF_00580,2,0.0
XGBoost,GF_00588,2,0.005307272542268
XGBoost,GF_00594,2,0.0
XGBoost,GF_00595,2,0.0005737912724725
XGBoost,GF_00599,2,0.0
XGBoost,GF_00600,2,0.0
XGBoost,GF_00601,2,0.0
XGBoost,GF_00603,2,0.00145395018626
XGBoost,GF_00604,2,0.001997796818614
XGBoost,GF_00605,2,0.117639847099781
XGBoost,GF_00606,2,1.0337882486055603e-05
XGBoost,GF_00607,2,0.0
XGBoost,GF_00608,2,0.0051583107560873
XGBoost,GF_00609,2,0.0013469391269609
XGBoost,GF_00611,2,0.0
XGBoost,GF_00612,2,0.0008215038105845
XGBoost,GF_00613,2,0.0
XGBoost,GF_00614,2,0.0
XGBoost,GF_00615,2,0.0060848146677017
XGBoost,GF_00616,2,0.0
XGBoost,GF_00617,2,0.0003863886522594
XGBoost,GF_00618,2,0.0015866874018684
XGBoost,GF_00619,2,0.0
XGBoost,GF_00620,2,0.0002407496795058
XGBoost,GF_00621,2,0.0
XGBoost,GF_00622,2,0.024669324979186
XGBoost,GF_00623,2,0.0
XGBoost,GF_00624,2,0.0
XGBoost,GF_00632,2,0.0012306292774155
XGBoost,GF_00633,2,0.0
XGBoost,GF_00635,2,0.0
XGBoost,GF_00636,2,0.0031586615368723
XGBoost,GF_00637,2,0.001619225484319
XGBoost,GF_00638,2,0.0
XGBoost,GF_00640,2,0.0
XGBoost,GF_00641,2,0.0
XGBoost,GF_00642,2,0.0009067514329217
XGBoost,GF_00643,2,0.0008839419460855
XGBoost,GF_00655,2,0.0
XGBoost,GF_00658,2,0.0
XGBoost,GF_00659,2,0.0
XGBoost,GF_00661,2,0.0008343664812855
XGBoost,GF_00669,2,0.0015043660532683
XGBoost,GF_00676,2,0.0
XGBoost,GF_00680,2,0.0
XGBoost,GF_00681,2,0.0020876792259514
XGBoost,GF_00682,2,0.0007986834389157
XGBoost,GF_00683,2,0.0
XGBoost,GF_00684,2,0.002214299282059
XGBoost,GF_00687,2,0.0062338472343981
XGBoost,GF_00688,2,0.0066728899255394
XGBoost,GF_00695,2,0.0
XGBoost,GF_00699,2,0.0
XGBoost,GF_00702,2,0.0
XGBoost,GF_00709,2,0.0
XGBoost,GF_00722,2,0.0
XGBoost,GF_00723,2,0.0081250313669443
XGBoost,GF_00724,2,0.0
XGBoost,GF_00725,2,0.0
XGBoost,GF_00726,2,0.0
XGBoost,GF_00727,2,0.0
XGBoost,GF_00728,2,0.0024690851569175
XGBoost,GF_00729,2,0.0007469404954463
XGBoost,GF_00732,2,0.0
XGBoost,GF_00736,2,0.0048546004109084
XGBoost,GF_00740,2,5.268847235129215e-05
XGBoost,GF_00741,2,0.0
XGBoost,GF_00744,2,0.0
XGBoost,GF_00751,2,0.0
XGBoost,GF_00755,2,0.0
XGBoost,GF_00756,2,0.004181595519185
XGBoost,GF_00761,2,0.0
XGBoost,GF_00771,2,0.003832449670881
XGBoost,GF_00773,2,0.0016561780357733
XGBoost,GF_00776,2,0.0
XGBoost,GF_00777,2,0.0
XGBoost,GF_00785,2,0.0
XGBoost,GF_00796,2,0.0063617057166993
XGBoost,GF_00810,2,0.0
XGBoost,GF_00811,2,0.0006529884994961
XGBoost,GF_00813,2,0.0
XGBoost,GF_00814,2,0.0015537691069766
XGBoost,GF_00816,2,0.0
XGBoost,GF_00819,2,0.0106313489377498
XGBoost,GF_00828,2,0.0033764776308089
XGBoost,GF_00843,2,0.0
XGBoost,GF_00845,2,0.0
XGBoost,GF_00856,2,0.0029690582305192
XGBoost,GF_00857,2,0.0008384673274122
XGBoost,GF_00860,2,0.0
XGBoost,GF_00864,2,0.0004727617488242
XGBoost,GF_00866,2,0.0033821044489741
XGBoost,GF_00867,2,0.0012867775512859
XGBoost,GF_00868,2,0.0
XGBoost,GF_00869,2,0.0011092957574874
XGBoost,GF_00870,2,0.0095601556822657
XGBoost,GF_00871,2,0.0
XGBoost,GF_00872,2,0.0
XGBoost,GF_00873,2,0.0022639331873506
XGBoost,GF_00874,2,0.0007620185497216
XGBoost,GF_00887,2,0.0
XGBoost,GF_00888,2,0.0
XGBoost,GF_00895,2,0.0
XGBoost,GF_00916,2,0.0003573008289095
XGBoost,GF_00927,2,0.0
XGBoost,GF_00931,2,0.0
XGBoost,GF_00932,2,0.0
XGBoost,GF_00933,2,0.0
XGBoost,GF_00946,2,0.0
XGBoost,GF_00947,2,0.0
XGBoost,GF_00949,2,0.0
XGBoost,GF_00957,2,0.001317796530202
XGBoost,GF_00958,2,0.0
XGBoost,GF_00959,2,0.0
XGBoost,GF_00960,2,0.0
XGBoost,GF_00963,2,0.0
XGBoost,GF_00966,2,0.0
XGBoost,GF_00968,2,0.0045382031239569
XGBoost,GF_00969,2,0.0
XGBoost,GF_00970,2,0.0
XGBoost,GF_00971,2,0.0037480611354112
XGBoost,GF_00972,2,0.0
XGBoost,GF_00982,2,0.0030397286172956
XGBoost,GF_01004,2,0.0
XGBoost,GF_01005,2,0.0
XGBoost,GF_01012,2,0.0
XGBoost,GF_01026,2,0.0
XGBoost,GF_01027,2,0.0
XGBoost,GF_01028,2,0.0
XGBoost,GF_01054,2,0.002411400899291
XGBoost,GF_01230,2,0.0
XGBoost,GF_01231,2,0.0
XGBoost,GF_01232,2,0.0109075643122196
XGBoost,GF_01233,2,0.0001232477516168
XGBoost,GF_01234,2,0.0013742331648245
XGBoost,GF_01235,2,0.0
XGBoost,GF_01236,2,0.0
XGBoost,GF_01237,2,2.1101586753502488e-05
XGBoost,GF_01239,2,0.0009107901714742
XGBoost,GF_01240,2,0.0003263659018557
XGBoost,GF_01241,2,0.0
XGBoost,GF_01242,2,0.0
XGBoost,GF_01244,2,0.0
XGBoost,GF_01245,2,0.0091725075617432
XGBoost,GF_01246,2,0.000634794414509
XGBoost,GF_01247,2,0.0
XGBoost,GF_01248,2,0.0009027469204738
XGBoost,GF_01266,2,0.0
XGBoost,GF_01287,2,0.0
XGBoost,GF_01290,2,0.0
XGBoost,GF_01291,2,0.0
XGBoost,GF_01292,2,0.0002744758676271
XGBoost,GF_01293,2,0.0
XGBoost,GF_01297,2,0.0
XGBoost,GF_01306,2,0.0007803115295246
XGBoost,GF_01314,2,0.0
XGBoost,GF_01315,2,0.0
XGBoost,GF_01327,2,0.0
XGBoost,GF_01328,2,0.0081968018785119
XGBoost,GF_01329,2,0.0
XGBoost,GF_01330,2,0.0
XGBoost,GF_01331,2,0.0029308889061212
XGBoost,GF_01332,2,0.0
XGBoost,GF_01333,2,0.0
XGBoost,GF_01334,2,0.0
XGBoost,GF_01336,2,0.0
XGBoost,GF_01337,2,0.1002263948321342
XGBoost,GF_01338,2,0.0
XGBoost,GF_01359,2,0.0
XGBoost,GF_01372,2,0.0
XGBoost,GF_01374,2,0.0001174759454443
XGBoost,GF_01375,2,0.0
XGBoost,GF_01376,2,0.0
XGBoost,GF_01377,2,0.0
XGBoost,GF_01379,2,0.0011609104694798
XGBoost,GF_01381,2,0.0010103366803377
XGBoost,GF_01382,2,0.0003261615347582
XGBoost,GF_01383,2,0.0
XGBoost,GF_01385,2,0.0
XGBoost,GF_01386,2,0.0
XGBoost,GF_01387,2,0.0
XGBoost,GF_01390,2,0.0
XGBoost,GF_01391,2,0.0049469280056655
XGBoost,GF_01393,2,0.0098693426698446
XGBoost,GF_01394,2,0.0
XGBoost,GF_01395,2,0.0
XGBoost,GF_01396,2,0.0
XGBoost,GF_01397,2,0.0
XGBoost,GF_01399,2,0.004070168826729
XGBoost,GF_01400,2,0.0
XGBoost,GF_01401,2,0.0012413302902132
XGBoost,GF_01404,2,0.0
XGBoost,GF_01409,2,0.0
XGBoost,GF_01425,2,0.0
XGBoost,GF_01426,2,0.0
XGBoost,GF_01428,2,0.0
XGBoost,GF_01439,2,0.0
XGBoost,GF_01445,2,0.0
XGBoost,GF_01446,2,0.0
XGBoost,GF_01447,2,0.0
XGBoost,GF_01448,2,0.0008968336042016
XGBoost,GF_01449,2,0.0
XGBoost,GF_01456,2,0.0030891494825482
XGBoost,GF_01458,2,0.0
XGBoost,GF_01460,2,0.0
XGBoost,GF_01461,2,0.0002729530096985
XGBoost,GF_01462,2,0.001312362961471
XGBoost,GF_01466,2,0.0
XGBoost,GF_01476,2,0.0
XGBoost,GF_01477,2,0.0
XGBoost,GF_01479,2,0.0
XGBoost,GF_01480,2,0.0060864421539008
XGBoost,GF_01481,2,0.0138480868190526
XGBoost,GF_01487,2,0.0
XGBoost,GF_01502,2,0.0
XGBoost,GF_01504,2,0.0
XGBoost,GF_01512,2,0.0005801851511932
XGBoost,GF_01514,2,0.0
XGBoost,GF_01527,2,0.0
XGBoost,GF_01534,2,0.0
XGBoost,GF_01535,2,0.0
XGBoost,GF_01536,2,0.0
XGBoost,GF_01537,2,0.0
XGBoost,GF_01538,2,0.000847648945637
XGBoost,GF_01539,2,0.0
XGBoost,GF_01540,2,0.0004558236396405
XGBoost,GF_01541,2,0.0
XGBoost,GF_01542,2,0.0
XGBoost,GF_01543,2,0.0
XGBoost,GF_01544,2,0.0041985427960753
XGBoost,GF_01547,2,0.0
XGBoost,GF_01549,2,0.0004843373899348
XGBoost,GF_01550,2,0.0
XGBoost,GF_01552,2,0.0
XGBoost,GF_01553,2,0.0001595828798599
XGBoost,GF_01579,2,0.0
XGBoost,GF_01580,2,0.0061487364582717
XGBoost,GF_01583,2,0.0010237948736175
XGBoost,GF_01584,2,0.0017737783491611
XGBoost,GF_01591,2,0.0004542274109553
XGBoost,GF_01592,2,0.0011758889304473
XGBoost,GF_01616,2,0.0034392846282571
XGBoost,GF_01617,2,0.0051850546151399
XGBoost,GF_01618,2,0.0004482835065573
XGBoost,GF_01619,2,0.0
XGBoost,GF_01620,2,0.0005315023008733
XGBoost,GF_01621,2,0.0
XGBoost,GF_01623,2,0.0019872325938194
XGBoost,GF_01625,2,0.0
XGBoost,GF_01626,2,0.0018047674093395
XGBoost,GF_01627,2,0.0
XGBoost,GF_01628,2,0.0024245623499155
XGBoost,GF_01629,2,0.0003319423121865
XGBoost,GF_01630,2,0.0
XGBoost,GF_01634,2,0.0
XGBoost,GF_01635,2,0.0
XGBoost,GF_01636,2,0.0001517252094345
XGBoost,GF_01637,2,0.0596433319151401
XGBoost,GF_01638,2,0.0
XGBoost,GF_01639,2,0.0
XGBoost,GF_01641,2,0.0
XGBoost,GF_01648,2,0.0
XGBoost,GF_01659,2,0.0
XGBoost,GF_01661,2,0.0
XGBoost,GF_01672,2,0.0
XGBoost,GF_01673,2,0.0010433088755235
XGBoost,GF_01674,2,0.0
XGBoost,GF_01675,2,0.0
XGBoost,GF_01676,2,0.0017945345025509
XGBoost,GF_01677,2,0.0
XGBoost,GF_01678,2,0.0007905014790594
XGBoost,GF_01679,2,0.0
XGBoost,GF_01680,2,0.0
XGBoost,GF_01681,2,0.0
XGBoost,GF_01683,2,0.0
XGBoost,GF_01684,2,0.0
XGBoost,GF_01685,2,0.0052806637249886
XGBoost,GF_01688,2,0.0073826159350574
XGBoost,GF_01689,2,0.0003861653094645
XGBoost,GF_01690,2,0.0
XGBoost,GF_01691,2,0.0058442428708076
XGBoost,GF_01692,2,0.0014552116626873
XGBoost,GF_01693,2,0.0001220155827468
XGBoost,GF_01732,2,0.0
XGBoost,GF_01733,2,0.0016105113318189
XGBoost,GF_01734,2,0.0028999478090554
XGBoost,GF_01735,2,0.0
XGBoost,GF_01736,2,0.0006064331391826
XGBoost,GF_01737,2,0.0026159428525716
XGBoost,GF_01741,2,0.0029743169434368
XGBoost,GF_01742,2,0.0
XGBoost,GF_01745,2,0.0
XGBoost,GF_01763,2,0.0007392560946755
XGBoost,GF_01783,2,0.0056975409388542
XGBoost,GF_01799,2,0.0
XGBoost,GF_01801,2,0.0004613437922671
XGBoost,GF_01802,2,0.0
XGBoost,GF_01803,2,0.0
XGBoost,GF_01805,2,0.0
XGBoost,GF_01806,2,0.0018609586404636
XGBoost,GF_01807,2,0.0003204615786671
XGBoost,GF_01808,2,0.0
XGBoost,GF_01809,2,0.0002879872045014
XGBoost,GF_01810,2,0.0
XGBoost,GF_01811,2,0.0001339334266958
XGBoost,GF_01812,2,0.0
XGBoost,GF_01813,2,0.0
XGBoost,GF_01814,2,0.0
XGBoost,GF_01815,2,0.0012590035330504
XGBoost,GF_01816,2,0.0003002965531777
XGBoost,GF_01818,2,0.0
XGBoost,GF_01819,2,0.0
XGBoost,GF_01822,2,0.0
XGBoost,GF_01823,2,0.0
XGBoost,GF_01834,2,0.0027106169145554
XGBoost,GF_01836,2,0.0
XGBoost,GF_01837,2,0.0
XGBoost,GF_01840,2,0.0003318519738968
XGBoost,GF_01841,2,0.0
XGBoost,GF_01842,2,0.0
XGBoost,GF_01844,2,0.0
XGBoost,GF_01856,2,0.0
XGBoost,GF_01860,2,0.0
XGBoost,GF_01866,2,0.0
XGBoost,GF_01870,2,0.0
XGBoost,GF_01872,2,0.0
XGBoost,GF_01885,2,0.007543075364083
XGBoost,GF_01897,2,0.0020532542839646
XGBoost,GF_01898,2,0.0
XGBoost,GF_01899,2,0.0
XGBoost,GF_01900,2,0.0
XGBoost,GF_01901,2,0.0
XGBoost,GF_01902,2,0.0
XGBoost,GF_01904,2,0.0
XGBoost,GF_01919,2,0.0
XGBoost,GF_01921,2,0.0
XGBoost,GF_01923,2,0.0
XGBoost,GF_01925,2,0.0012868156190961
XGBoost,GF_01926,2,0.0008546622120775
XGBoost,GF_01927,2,0.001255432376638
XGBoost,GF_01928,2,0.0014086250448599
XGBoost,GF_01929,2,0.0
XGBoost,GF_01930,2,0.0009862646693363
XGBoost,GF_01945,2,0.0
XGBoost,GF_02041,2,0.0
XGBoost,GF_02059,2,0.0
XGBoost,GF_02060,2,0.0
XGBoost,GF_02069,2,0.0075078983791172
XGBoost,GF_02070,2,0.0
XGBoost,GF_02071,2,0.0643022581934928
XGBoost,GF_02072,2,0.0002760329807642
XGBoost,GF_02074,2,0.0
XGBoost,GF_02075,2,0.0014704330824315
XGBoost,GF_02076,2,0.0
XGBoost,GF_02084,2,0.0
XGBoost,GF_02085,2,0.0
XGBoost,GF_02088,2,0.0041261697188019
XGBoost,GF_02089,2,2.285885602759663e-05
XGBoost,GF_02091,2,0.0
XGBoost,GF_02092,2,0.0
XGBoost,GF_02093,2,0.0
XGBoost,GF_02094,2,0.0
XGBoost,GF_02101,2,0.0
XGBoost,GF_02109,2,0.002503311028704
XGBoost,GF_02110,2,0.0
XGBoost,GF_02113,2,0.0
XGBoost,GF_02122,2,0.0
XGBoost,GF_02130,2,0.0009668637067079
XGBoost,GF_02131,2,0.0
XGBoost,GF_02132,2,0.0
XGBoost,GF_02136,2,0.0
XGBoost,GF_02137,2,0.0
XGBoost,GF_02138,2,0.0
XGBoost,GF_02139,2,8.01718415459618e-05
XGBoost,GF_02140,2,0.0005543658044189
XGBoost,GF_02141,2,0.0049120583571493
XGBoost,GF_02142,2,0.0
XGBoost,GF_02143,2,0.0010739148128777
XGBoost,GF_02145,2,0.0008771936409175
XGBoost,GF_02152,2,0.0034943525679409
XGBoost,GF_02157,2,0.0065739168785512
XGBoost,GF_02158,2,0.0001612823107279
XGBoost,GF_02159,2,0.0
XGBoost,GF_02172,2,0.0012200940400362
XGBoost,GF_02178,2,0.0015052937669679
XGBoost,GF_02180,2,0.0006839300622232
XGBoost,GF_02184,2,0.0
XGBoost,GF_02194,2,0.0
XGBoost,GF_02215,2,0.0
XGBoost,GF_02216,2,0.0020732458215206
XGBoost,GF_02217,2,0.0
XGBoost,GF_02218,2,0.0002657701261341
XGBoost,GF_02219,2,0.0
XGBoost,GF_02220,2,0.0
XGBoost,GF_02222,2,0.0
XGBoost,GF_02223,2,0.0
XGBoost,GF_02224,2,0.0
XGBoost,GF_02225,2,0.0
XGBoost,GF_02226,2,0.0030877438839524
XGBoost,GF_02227,2,0.0
XGBoost,GF_02228,2,0.0
XGBoost,GF_02229,2,0.0
XGBoost,GF_02230,2,0.0004725321196019
XGBoost,GF_02260,2,0.0013851514086127
XGBoost,GF_02261,2,0.0
XGBoost,GF_02262,2,0.0007693554507568
XGBoost,GF_02263,2,0.0006740587996318
XGBoost,GF_02264,2,8.28534466563724e-05
XGBoost,GF_02266,2,0.0005745163070969
XGBoost,GF_00002,3,0.0
XGBoost,GF_00008,3,0.0
XGBoost,GF_00011,3,0.0016816988354548
XGBoost,GF_00012,3,0.0045339651405811
XGBoost,GF_00013,3,0.0010637446539476
XGBoost,GF_00014,3,0.0
XGBoost,GF_00015,3,0.0002106339961756
XGBoost,GF_00017,3,0.0
XGBoost,GF_00018,3,0.0
XGBoost,GF_00036,3,0.0008329814299941
XGBoost,GF_00043,3,0.001375546795316
XGBoost,GF_00044,3,0.0037901618052273
XGBoost,GF_00046,3,0.0004451539716683
XGBoost,GF_00047,3,0.0024149490054696
XGBoost,GF_00048,3,0.0
XGBoost,GF_00049,3,0.0
XGBoost,GF_00051,3,0.0
XGBoost,GF_00052,3,0.0
XGBoost,GF_00071,3,0.0
XGBoost,GF_00072,3,0.0
XGBoost,GF_00073,3,0.0
XGBoost,GF_00074,3,0.0
XGBoost,GF_00075,3,0.0
XGBoost,GF_00076,3,0.0
XGBoost,GF_00077,3,0.0
XGBoost,GF_00078,3,0.0
XGBoost,GF_00079,3,0.0006079087615944
XGBoost,GF_00080,3,0.0135170118883252
XGBoost,GF_00081,3,0.0015895074466243
XGBoost,GF_00082,3,0.0
XGBoost,GF_00083,3,0.0034345898311585
XGBoost,GF_00084,3,0.0017455416964367
XGBoost,GF_00085,3,0.0005758134648203
XGBoost,GF_00087,3,0.0
XGBoost,GF_00088,3,0.0
XGBoost,GF_00093,3,0.0
XGBoost,GF_00094,3,0.023422434926033
XGBoost,GF_00104,3,0.0004215787630528
XGBoost,GF_00105,3,0.0
XGBoost,GF_00106,3,0.0007593837217427
XGBoost,GF_00107,3,0.003072353079915
XGBoost,GF_00108,3,0.0
XGBoost,GF_00109,3,0.0
XGBoost,GF_00110,3,0.0
XGBoost,GF_00111,3,0.0
XGBoost,GF_00112,3,0.0
XGBoost,GF_00113,3,0.0
XGBoost,GF_00114,3,0.0
XGBoost,GF_00115,3,0.0
XGBoost,GF_00116,3,0.0
XGBoost,GF_00117,3,0.0
XGBoost,GF_00120,3,0.0
XGBoost,GF_00121,3,0.0
XGBoost,GF_00122,3,0.002945234067738
XGBoost,GF_00123,3,0.0
XGBoost,GF_00124,3,0.0
XGBoost,GF_00125,3,0.0003489503578748
XGBoost,GF_00136,3,0.0
XGBoost,GF_00137,3,0.000677800795529
XGBoost,GF_00138,3,0.0
XGBoost,GF_00139,3,0.0
XGBoost,GF_00141,3,0.0
XGBoost,GF_00142,3,0.0
XGBoost,GF_00143,3,0.0
XGBoost,GF_00155,3,0.0
XGBoost,GF_00164,3,0.0048738536424934
XGBoost,GF_00170,3,0.0
XGBoost,GF_00175,3,0.001674338360317
XGBoost,GF_00178,3,0.0
XGBoost,GF_00179,3,0.0
XGBoost,GF_00180,3,0.0003878457355313
XGBoost,GF_00185,3,0.0
XGBoost,GF_00208,3,0.0
XGBoost,GF_00220,3,0.0
XGBoost,GF_00228,3,0.0
XGBoost,GF_00229,3,0.0
XGBoost,GF_00235,3,0.0
XGBoost,GF_00244,3,0.0
XGBoost,GF_00250,3,0.0
XGBoost,GF_00251,3,0.0004731060180347
XGBoost,GF_00262,3,0.0
XGBoost,GF_00281,3,0.0
XGBoost,GF_00290,3,0.0
XGBoost,GF_00296,3,0.0
XGBoost,GF_00300,3,0.0123410942032933
XGBoost,GF_00302,3,0.0
XGBoost,GF_00303,3,0.0
XGBoost,GF_00305,3,0.0
XGBoost,GF_00309,3,0.0013034660369157
XGBoost,GF_00310,3,0.0
XGBoost,GF_00311,3,0.0
XGBoost,GF_00312,3,0.0006973808049224
XGBoost,GF_00313,3,0.0
XGBoost,GF_00314,3,0.0
XGBoost,GF_00315,3,0.0044263242743909
XGBoost,GF_00316,3,0.0001778581208782
XGBoost,GF_00317,3,0.0004813067207578
XGBoost,GF_00318,3,0.0
XGBoost,GF_00319,3,0.0
XGBoost,GF_00320,3,0.0
XGBoost,GF_00321,3,0.0003891627711709
XGBoost,GF_00323,3,0.0008605577168054
XGBoost,GF_00324,3,0.0
XGBoost,GF_00325,3,0.0014710274990648
XGBoost,GF_00326,3,0.0
XGBoost,GF_00327,3,0.0
XGBoost,GF_00329,3,0.0022643830161541
XGBoost,GF_00330,3,0.0
XGBoost,GF_00331,3,0.0
XGBoost,GF_00332,3,0.0
XGBoost,GF_00333,3,0.0042532780207693
XGBoost,GF_00335,3,0.0
XGBoost,GF_00336,3,0.0
XGBoost,GF_00338,3,0.0
XGBoost,GF_00339,3,0.0
XGBoost,GF_00340,3,0.0005577690317295
XGBoost,GF_00341,3,0.0
XGBoost,GF_00342,3,0.0001651875354582
XGBoost,GF_00343,3,0.0029507663566619
XGBoost,GF_00344,3,0.0012198619078844
XGBoost,GF_00346,3,0.0
XGBoost,GF_00347,3,0.0047575994394719
XGBoost,GF_00348,3,0.0058670318685472
XGBoost,GF_00349,3,0.0
XGBoost,GF_00350,3,0.0013575102202594
XGBoost,GF_00351,3,0.0
XGBoost,GF_00352,3,0.0009025028557516
XGBoost,GF_00353,3,0.0
XGBoost,GF_00355,3,0.0
XGBoost,GF_00358,3,0.0034586307592689
XGBoost,GF_00360,3,0.0
XGBoost,GF_00362,3,0.0
XGBoost,GF_00363,3,0.0079763988032937
XGBoost,GF_00364,3,0.0
XGBoost,GF_00365,3,0.0
XGBoost,GF_00369,3,0.0
XGBoost,GF_00381,3,0.0
XGBoost,GF_00384,3,0.0
XGBoost,GF_00385,3,0.0
XGBoost,GF_00386,3,0.0
XGBoost,GF_00387,3,0.0
XGBoost,GF_00388,3,0.0
XGBoost,GF_00389,3,0.0
XGBoost,GF_00390,3,0.0
XGBoost,GF_00391,3,0.0
XGBoost,GF_00393,3,0.0
XGBoost,GF_00394,3,0.0
XGBoost,GF_00395,3,0.0081476289778947
XGBoost,GF_00396,3,0.0
XGBoost,GF_00400,3,0.0047101266682147
XGBoost,GF_00401,3,0.0
XGBoost,GF_00402,3,0.0
XGBoost,GF_00403,3,0.0
XGBoost,GF_00404,3,0.0017673668917268
XGBoost,GF_00405,3,0.0
XGBoost,GF_00406,3,0.0647939965128898
XGBoost,GF_00407,3,0.0
XGBoost,GF_00408,3,0.0
XGBoost,GF_00409,3,0.0
XGBoost,GF_00410,3,0.0
XGBoost,GF_00413,3,0.000183447584277
XGBoost,GF_00414,3,0.0021227162797003
XGBoost,GF_00415,3,0.0
XGBoost,GF_00417,3,0.0
XGBoost,GF_00418,3,0.0
XGBoost,GF_00419,3,0.0
XGBoost,GF_00421,3,0.0
XGBoost,GF_00422,3,0.0
XGBoost,GF_00424,3,0.0081655774265527
XGBoost,GF_00426,3,0.0004917774931527
XGBoost,GF_00427,3,0.0009944225894287
XGBoost,GF_00428,3,0.0
XGBoost,GF_00429,3,0.0
XGBoost,GF_00430,3,0.0002987106854561
XGBoost,GF_00431,3,0.0
XGBoost,GF_00432,3,0.0004178122035227
XGBoost,GF_00433,3,0.0
XGBoost,GF_00434,3,0.0001901809009723
XGBoost,GF_00435,3,0.0006498474394902
XGBoost,GF_00436,3,0.0
XGBoost,GF_00437,3,0.026037324219942
XGBoost,GF_00438,3,0.0002275455044582
XGBoost,GF_00440,3,0.0
XGBoost,GF_00441,3,0.0
XGBoost,GF_00455,3,0.0004013214784208
XGBoost,GF_00457,3,0.0
XGBoost,GF_00458,3,0.0
XGBoost,GF_00471,3,0.0
XGBoost,GF_00472,3,0.0
XGBoost,GF_00477,3,0.0004524749529082
XGBoost,GF_00480,3,0.0
XGBoost,GF_00482,3,0.0
XGBoost,GF_00488,3,0.0004084627144038
XGBoost,GF_00489,3,0.0
XGBoost,GF_00503,3,0.0
XGBoost,GF_00522,3,0.0029551009647548
XGBoost,GF_00523,3,0.0024588382802903
XGBoost,GF_00524,3,0.0008598692365922
XGBoost,GF_00525,3,0.0
XGBoost,GF_00527,3,0.0
XGBoost,GF_00528,3,0.0
XGBoost,GF_00529,3,0.0
XGBoost,GF_00530,3,0.0
XGBoost,GF_00531,3,0.0
XGBoost,GF_00536,3,0.0010266971075907
XGBoost,GF_00538,3,0.0
XGBoost,GF_00546,3,0.0
XGBoost,GF_00547,3,0.0004109426809009
XGBoost,GF_00548,3,0.0
XGBoost,GF_00549,3,0.0
XGBoost,GF_00564,3,0.0
XGBoost,GF_00565,3,0.0005445661372505
XGBoost,GF_00566,3,0.0
XGBoost,GF_00569,3,0.0
XGBoost,GF_00570,3,0.0027590808458626
XGBoost,GF_00572,3,0.0
XGBoost,GF_00574,3,0.0
XGBoost,GF_00578,3,0.0
XGBoost,GF_00580,3,0.0
XGBoost,GF_00588,3,0.0
XGBoost,GF_00594,3,0.0
XGBoost,GF_00595,3,0.0021889156196266
XGBoost,GF_00599,3,0.0012881867587566
XGBoost,GF_00600,3,0.0
XGBoost,GF_00601,3,0.0
XGBoost,GF_00603,3,0.0
XGBoost,GF_00604,3,0.0035858913324773
XGBoost,GF_00605,3,0.0
XGBoost,GF_00606,3,0.0017410990549251
XGBoost,GF_00607,3,5.7148437917931005e-05
XGBoost,GF_00608,3,0.0084780249744653
XGBoost,GF_00609,3,0.0
XGBoost,GF_00611,3,0.0
XGBoost,GF_00612,3,0.0009802107233554
XGBoost,GF_00613,3,0.0
XGBoost,GF_00614,3,0.0
XGBoost,GF_00615,3,0.0
XGBoost,GF_00616,3,0.0
XGBoost,GF_00617,3,0.0009464959148317
XGBoost,GF_00618,3,0.0
XGBoost,GF_00619,3,0.0
XGBoost,GF_00620,3,0.0
XGBoost,GF_00621,3,0.0
XGBoost,GF_00622,3,0.0034337029792368
XGBoost,GF_00623,3,0.0
XGBoost,GF_00624,3,0.0
XGBoost,GF_00632,3,0.001560726435855
XGBoost,GF_00633,3,0.0
XGBoost,GF_00635,3,0.0
XGBoost,GF_00636,3,0.0
XGBoost,GF_00637,3,0.0
XGBoost,GF_00638,3,0.0
XGBoost,GF_00640,3,0.0
XGBoost,GF_00641,3,0.0
XGBoost,GF_00642,3,0.0
XGBoost,GF_00643,3,0.0
XGBoost,GF_00655,3,0.0
XGBoost,GF_00658,3,0.0
XGBoost,GF_00659,3,0.0
XGBoost,GF_00661,3,0.000633311283309
XGBoost,GF_00669,3,0.0
XGBoost,GF_00676,3,0.0
XGBoost,GF_00680,3,0.0
XGBoost,GF_00681,3,6.256927008507773e-05
XGBoost,GF_00682,3,0.0
XGBoost,GF_00683,3,0.0
XGBoost,GF_00684,3,0.0005895028007216
XGBoost,GF_00687,3,0.0014652626123279
XGBoost,GF_00688,3,0.0020813290029764
XGBoost,GF_00695,3,0.0
XGBoost,GF_00699,3,0.0
XGBoost,GF_00702,3,0.0
XGBoost,GF_00709,3,0.0
XGBoost,GF_00722,3,0.0
XGBoost,GF_00723,3,0.0087226312607526
XGBoost,GF_00724,3,0.0003111590049229
XGBoost,GF_00725,3,0.0
XGBoost,GF_00726,3,0.0037967187818139
XGBoost,GF_00727,3,0.0
XGBoost,GF_00728,3,0.0022625664714723
XGBoost,GF_00729,3,0.0
XGBoost,GF_00732,3,0.0
XGBoost,GF_00736,3,0.0023173131048679
XGBoost,GF_00740,3,0.0016738504637032
XGBoost,GF_00741,3,0.0
XGBoost,GF_00744,3,0.0
XGBoost,GF_00751,3,0.0
XGBoost,GF_00755,3,0.0067735076881945
XGBoost,GF_00756,3,0.0
XGBoost,GF_00761,3,0.0
XGBoost,GF_00771,3,0.001365496427752
XGBoost,GF_00773,3,0.0011513113277032
XGBoost,GF_00776,3,0.0058276746422052
XGBoost,GF_00777,3,0.0005420372472144
XGBoost,GF_00785,3,0.0
XGBoost,GF_00796,3,0.0016480365302413
XGBoost,GF_00810,3,0.0
XGBoost,GF_00811,3,0.0
XGBoost,GF_00813,3,0.0
XGBoost,GF_00814,3,0.0
XGBoost,GF_00816,3,0.0
XGBoost,GF_00819,3,0.0016084479866549
XGBoost,GF_00828,3,0.0015400972915813
XGBoost,GF_00843,3,0.0
XGBoost,GF_00845,3,0.0
XGBoost,GF_00856,3,0.0052473857067525
XGBoost,GF_00857,3,0.0007159092347137
XGBoost,GF_00860,3,0.0
XGBoost,GF_00864,3,0.0010202612029388
XGBoost,GF_00866,3,0.0009081723401322
XGBoost,GF_00867,3,0.0
XGBoost,GF_00868,3,0.0
XGBoost,GF_00869,3,0.0
XGBoost,GF_00870,3,3.568458487279713e-05
XGBoost,GF_00871,3,0.0
XGBoost,GF_00872,3,0.0
XGBoost,GF_00873,3,0.0
XGBoost,GF_00874,3,0.0005320009076967
XGBoost,GF_00887,3,0.0
XGBoost,GF_00888,3,0.0
XGBoost,GF_00895,3,0.0
XGBoost,GF_00916,3,0.0
XGBoost,GF_00927,3,0.0
XGBoost,GF_00931,3,0.0
XGBoost,GF_00932,3,0.0
XGBoost,GF_00933,3,0.0
XGBoost,GF_00946,3,0.0
XGBoost,GF_00947,3,0.0
XGBoost,GF_00949,3,0.0
XGBoost,GF_00957,3,0.0017009323928505
XGBoost,GF_00958,3,0.0
XGBoost,GF_00959,3,0.0
XGBoost,GF_00960,3,8.6032239778433e-05
XGBoost,GF_00963,3,0.0
XGBoost,GF_00966,3,0.0
XGBoost,GF_00968,3,0.003949143923819
XGBoost,GF_00969,3,0.0
XGBoost,GF_00970,3,0.0013243885478004
XGBoost,GF_00971,3,0.0019902598578482
XGBoost,GF_00972,3,0.0
XGBoost,GF_00982,3,0.0018728002905845
XGBoost,GF_01004,3,0.0
XGBoost,GF_01005,3,0.0003942063194699
XGBoost,GF_01012,3,0.0
XGBoost,GF_01026,3,0.0
XGBoost,GF_01027,3,0.0
XGBoost,GF_01028,3,0.0003865426406264
XGBoost,GF_01054,3,0.0
XGBoost,GF_01230,3,0.0
XGBoost,GF_01231,3,0.0
XGBoost,GF_01232,3,0.0
XGBoost,GF_01233,3,0.0
XGBoost,GF_01234,3,0.0
XGBoost,GF_01235,3,0.0
XGBoost,GF_01236,3,0.0004800817696377
XGBoost,GF_01237,3,0.0
XGBoost,GF_01239,3,0.0011886552674695
XGBoost,GF_01240,3,0.0012623216025531
XGBoost,GF_01241,3,0.0
XGBoost,GF_01242,3,0.0
XGBoost,GF_01244,3,0.0
XGBoost,GF_01245,3,0.0
XGBoost,GF_01246,3,0.0
XGBoost,GF_01247,3,0.0
XGBoost,GF_01248,3,0.0028409759979695
XGBoost,GF_01266,3,0.0
XGBoost,GF_01287,3,0.0
XGBoost,GF_01290,3,0.0
XGBoost,GF_01291,3,0.0
XGBoost,GF_01292,3,0.0003882781311403
XGBoost,GF_01293,3,0.0
XGBoost,GF_01297,3,0.0
XGBoost,GF_01306,3,0.0
XGBoost,GF_01314,3,0.0
XGBoost,GF_01315,3,0.0
XGBoost,GF_01327,3,0.0022210055030882
XGBoost,GF_01328,3,0.0079606203362345
XGBoost,GF_01329,3,0.0
XGBoost,GF_01330,3,0.0101555036380887
XGBoost,GF_01331,3,0.0025035478174686
XGBoost,GF_01332,3,0.0034637781791388
XGBoost,GF_01333,3,0.0006126699154265
XGBoost,GF_01334,3,0.0
XGBoost,GF_01336,3,0.0
XGBoost,GF_01337,3,0.0473865754902362
XGBoost,GF_01338,3,0.0
XGBoost,GF_01359,3,0.0
XGBoost,GF_01372,3,0.0
XGBoost,GF_01374,3,0.0053026885725557
XGBoost,GF_01375,3,0.0
XGBoost,GF_01376,3,0.008797563612461
XGBoost,GF_01377,3,0.0
XGBoost,GF_01379,3,0.0
XGBoost,GF_01381,3,0.0010933839948847
XGBoost,GF_01382,3,0.0028221374377608
XGBoost,GF_01383,3,0.0107820825651288
XGBoost,GF_01385,3,0.0
XGBoost,GF_01386,3,0.0
XGBoost,GF_01387,3,0.0
XGBoost,GF_01390,3,0.0013981190277263
XGBoost,GF_01391,3,0.0007932891603559
XGBoost,GF_01393,3,0.0006255245534703
XGBoost,GF_01394,3,0.0001140069725806
XGBoost,GF_01395,3,0.0
XGBoost,GF_01396,3,8.849795267451555e-05
XGBoost,GF_01397,3,0.0
XGBoost,GF_01399,3,0.008175347931683
XGBoost,GF_01400,3,0.0
XGBoost,GF_01401,3,0.0094958143308758
XGBoost,GF_01404,3,0.0
XGBoost,GF_01409,3,0.0008686712244525
XGBoost,GF_01425,3,0.0001618270762264
XGBoost,GF_01426,3,0.1990234553813934
XGBoost,GF_01428,3,0.0
XGBoost,GF_01439,3,0.0
XGBoost,GF_01445,3,0.0
XGBoost,GF_01446,3,0.0
XGBoost,GF_01447,3,0.0
XGBoost,GF_01448,3,0.0023202756419777
XGBoost,GF_01449,3,0.0
XGBoost,GF_01456,3,0.0004906621179543
XGBoost,GF_01458,3,0.0
XGBoost,GF_01460,3,0.0
XGBoost,GF_01461,3,0.000895096163731
XGBoost,GF_01462,3,0.0
XGBoost,GF_01466,3,0.0033420640975236
XGBoost,GF_01476,3,0.0
XGBoost,GF_01477,3,0.0
XGBoost,GF_01479,3,0.0
XGBoost,GF_01480,3,0.0019208799349144
XGBoost,GF_01481,3,0.0054206233471632
XGBoost,GF_01487,3,0.0
XGBoost,GF_01502,3,0.0
XGBoost,GF_01504,3,0.0040252460166811
XGBoost,GF_01512,3,0.0007456285529769
XGBoost,GF_01514,3,0.0
XGBoost,GF_01527,3,0.0008086974848993
XGBoost,GF_01534,3,0.0
XGBoost,GF_01535,3,0.0
XGBoost,GF_01536,3,0.0
XGBoost,GF_01537,3,0.002690966008231
XGBoost,GF_01538,3,0.0
XGBoost,GF_01539,3,0.0039256191812455
XGBoost,GF_01540,3,0.0008187692146748
XGBoost,GF_01541,3,0.0
XGBoost,GF_01542,3,0.0
XGBoost,GF_01543,3,0.0019984522368758
XGBoost,GF_01544,3,0.0048506669700145
XGBoost,GF_01547,3,0.0
XGBoost,GF_01549,3,0.0
XGBoost,GF_01550,3,0.0
XGBoost,GF_01552,3,0.0002054965880233
XGBoost,GF_01553,3,0.0002936899254564
XGBoost,GF_01579,3,0.0
XGBoost,GF_01580,3,0.0071495180018246
XGBoost,GF_01583,3,0.0001333211112068
XGBoost,GF_01584,3,0.0008439804660156
XGBoost,GF_01591,3,0.0005091299535706
XGBoost,GF_01592,3,0.0
XGBoost,GF_01616,3,0.0
XGBoost,GF_01617,3,0.0037481479812413
XGBoost,GF_01618,3,0.0012245434336364
XGBoost,GF_01619,3,0.0
XGBoost,GF_01620,3,0.0
XGBoost,GF_01621,3,0.0
XGBoost,GF_01623,3,0.0002083411964122
XGBoost,GF_01625,3,0.0
XGBoost,GF_01626,3,0.0
XGBoost,GF_01627,3,0.0
XGBoost,GF_01628,3,0.0
XGBoost,GF_01629,3,0.0
XGBoost,GF_01630,3,0.0017267480725422
XGBoost,GF_01634,3,0.0
XGBoost,GF_01635,3,0.0
XGBoost,GF_01636,3,0.0
XGBoost,GF_01637,3,0.0003775845980271
XGBoost,GF_01638,3,0.0
XGBoost,GF_01639,3,0.0
XGBoost,GF_01641,3,0.0
XGBoost,GF_01648,3,0.0
XGBoost,GF_01659,3,0.0043766796588897
XGBoost,GF_01661,3,0.0
XGBoost,GF_01672,3,0.0
XGBoost,GF_01673,3,0.0
XGBoost,GF_01674,3,0.0
XGBoost,GF_01675,3,0.0
XGBoost,GF_01676,3,0.0
XGBoost,GF_01677,3,0.0
XGBoost,GF_01678,3,0.0
XGBoost,GF_01679,3,0.0
XGBoost,GF_01680,3,0.0
XGBoost,GF_01681,3,0.0
XGBoost,GF_01683,3,0.0
XGBoost,GF_01684,3,0.0
XGBoost,GF_01685,3,0.0010229427134618
XGBoost,GF_01688,3,0.0
XGBoost,GF_01689,3,0.0
XGBoost,GF_01690,3,0.0
XGBoost,GF_01691,3,0.0
XGBoost,GF_01692,3,0.0
XGBoost,GF_01693,3,0.0
XGBoost,GF_01732,3,0.0
XGBoost,GF_01733,3,0.0
XGBoost,GF_01734,3,0.0067532937973737
XGBoost,GF_01735,3,0.0
XGBoost,GF_01736,3,0.0
XGBoost,GF_01737,3,0.0
XGBoost,GF_01741,3,0.0
XGBoost,GF_01742,3,0.0
XGBoost,GF_01745,3,0.0
XGBoost,GF_01763,3,9.239991777576506e-05
XGBoost,GF_01783,3,0.0121490862220525
XGBoost,GF_01799,3,0.0
XGBoost,GF_01801,3,0.0007652295753359
XGBoost,GF_01802,3,0.0
XGBoost,GF_01803,3,0.0
XGBoost,GF_01805,3,0.0
XGBoost,GF_01806,3,0.0
XGBoost,GF_01807,3,0.0013716141693294
XGBoost,GF_01808,3,0.0294369310140609
XGBoost,GF_01809,3,0.0005853828042745
XGBoost,GF_01810,3,0.0
XGBoost,GF_01811,3,0.0
XGBoost,GF_01812,3,0.0
XGBoost,GF_01813,3,0.0039019456598907
XGBoost,GF_01814,3,0.0
XGBoost,GF_01815,3,0.0
XGBoost,GF_01816,3,0.0034355474635958
XGBoost,GF_01818,3,0.0006330664036795
XGBoost,GF_01819,3,0.0046459212899208
XGBoost,GF_01822,3,0.0
XGBoost,GF_01823,3,0.0
XGBoost,GF_01834,3,0.0043043363839387
XGBoost,GF_01836,3,0.0
XGBoost,GF_01837,3,0.0
XGBoost,GF_01840,3,0.0
XGBoost,GF_01841,3,0.0
XGBoost,GF_01842,3,0.0
XGBoost,GF_01844,3,0.0
XGBoost,GF_01856,3,0.0
XGBoost,GF_01860,3,0.0
XGBoost,GF_01866,3,0.0
XGBoost,GF_01870,3,0.0
XGBoost,GF_01872,3,0.0
XGBoost,GF_01885,3,0.0
XGBoost,GF_01897,3,0.0
XGBoost,GF_01898,3,0.0
XGBoost,GF_01899,3,0.0
XGBoost,GF_01900,3,0.0
XGBoost,GF_01901,3,0.0004205256118439
XGBoost,GF_01902,3,0.0008370529394596
XGBoost,GF_01904,3,0.0
XGBoost,GF_01919,3,0.0
XGBoost,GF_01921,3,0.0
XGBoost,GF_01923,3,0.0
XGBoost,GF_01925,3,0.0
XGBoost,GF_01926,3,0.0039664655923843
XGBoost,GF_01927,3,0.0
XGBoost,GF_01928,3,0.0
XGBoost,GF_01929,3,0.0
XGBoost,GF_01930,3,0.0011591430520638
XGBoost,GF_01945,3,0.0
XGBoost,GF_02041,3,0.0
XGBoost,GF_02059,3,0.0030320691876113
XGBoost,GF_02060,3,0.0
XGBoost,GF_02069,3,0.0029200895223766
XGBoost,GF_02070,3,0.0004290700890123
XGBoost,GF_02071,3,0.1215796396136283
XGBoost,GF_02072,3,0.0
XGBoost,GF_02074,3,0.0
XGBoost,GF_02075,3,0.0011488852323964
XGBoost,GF_02076,3,0.0
XGBoost,GF_02084,3,0.0005155940307304
XGBoost,GF_02085,3,0.0
XGBoost,GF_02088,3,0.0
XGBoost,GF_02089,3,0.000300372717902
XGBoost,GF_02091,3,0.0
XGBoost,GF_02092,3,0.0
XGBoost,GF_02093,3,0.0100504290312528
XGBoost,GF_02094,3,0.0
XGBoost,GF_02101,3,0.0
XGBoost,GF_02109,3,0.0
XGBoost,GF_02110,3,0.0
XGBoost,GF_02113,3,0.0
XGBoost,GF_02122,3,0.0049425601027905
XGBoost,GF_02130,3,0.0012485985644161
XGBoost,GF_02131,3,0.0
XGBoost,GF_02132,3,0.0
XGBoost,GF_02136,3,0.0
XGBoost,GF_02137,3,0.0
XGBoost,GF_02138,3,0.0
XGBoost,GF_02139,3,0.0013587516732513
XGBoost,GF_02140,3,0.0
XGBoost,GF_02141,3,0.0048551382496953
XGBoost,GF_02142,3,0.0
XGBoost,GF_02143,3,0.0
XGBoost,GF_02145,3,0.000512026832439
XGBoost,GF_02152,3,0.0110941650345921
XGBoost,GF_02157,3,0.0
XGBoost,GF_02158,3,0.0
XGBoost,GF_02159,3,0.0
XGBoost,GF_02172,3,0.0
XGBoost,GF_02178,3,0.0
XGBoost,GF_02180,3,0.0074992449954152
XGBoost,GF_02184,3,0.0009571652044542
XGBoost,GF_02194,3,0.0
XGBoost,GF_02215,3,0.0
XGBoost,GF_02216,3,0.0005778024205937
XGBoost,GF_02217,3,0.0
XGBoost,GF_02218,3,0.0
XGBoost,GF_02219,3,0.0
XGBoost,GF_02220,3,0.0011582119623199
XGBoost,GF_02222,3,0.0
XGBoost,GF_02223,3,0.0
XGBoost,GF_02224,3,0.0
XGBoost,GF_02225,3,0.0
XGBoost,GF_02226,3,0.0044811200350522
XGBoost,GF_02227,3,0.0
XGBoost,GF_02228,3,0.0
XGBoost,GF_02229,3,0.0026822490617632
XGBoost,GF_02230,3,0.0018237467156723
XGBoost,GF_02260,3,0.0
XGBoost,GF_02261,3,0.0
XGBoost,GF_02262,3,7.805138011462986e-05
XGBoost,GF_02263,3,0.000982663128525
XGBoost,GF_02264,3,0.0002062864077743
XGBoost,GF_02266,3,0.0
XGBoost,GF_00002,4,9.654046880314128e-05
XGBoost,GF_00008,4,0.0
XGBoost,GF_00011,4,0.0
XGBoost,GF_00012,4,0.0
XGBoost,GF_00013,4,0.0
XGBoost,GF_00014,4,0.0
XGBoost,GF_00015,4,0.0005858006770722
XGBoost,GF_00017,4,0.0
XGBoost,GF_00018,4,0.0
XGBoost,GF_00036,4,0.0
XGBoost,GF_00043,4,0.0
XGBoost,GF_00044,4,0.0
XGBoost,GF_00046,4,0.0010636552469804
XGBoost,GF_00047,4,0.000198166933842
XGBoost,GF_00048,4,0.0
XGBoost,GF_00049,4,0.0
XGBoost,GF_00051,4,0.0
XGBoost,GF_00052,4,0.0
XGBoost,GF_00071,4,0.0
XGBoost,GF_00072,4,0.0
XGBoost,GF_00073,4,0.0
XGBoost,GF_00074,4,0.0
XGBoost,GF_00075,4,0.0
XGBoost,GF_00076,4,0.0
XGBoost,GF_00077,4,0.0093376375734806
XGBoost,GF_00078,4,0.001815193449147
XGBoost,GF_00079,4,0.0003005026082973
XGBoost,GF_00080,4,0.0062481597997248
XGBoost,GF_00081,4,0.0017817434854805
XGBoost,GF_00082,4,0.0
XGBoost,GF_00083,4,0.0
XGBoost,GF_00084,4,0.0
XGBoost,GF_00085,4,0.0113874822854995
XGBoost,GF_00087,4,0.0
XGBoost,GF_00088,4,0.0
XGBoost,GF_00093,4,0.0
XGBoost,GF_00094,4,0.0
XGBoost,GF_00104,4,0.0010054553858935
XGBoost,GF_00105,4,0.0
XGBoost,GF_00106,4,0.0
XGBoost,GF_00107,4,0.0058661978691816
XGBoost,GF_00108,4,0.0
XGBoost,GF_00109,4,0.0
XGBoost,GF_00110,4,0.0
XGBoost,GF_00111,4,0.0
XGBoost,GF_00112,4,0.0008380304207094
XGBoost,GF_00113,4,0.0
XGBoost,GF_00114,4,0.0
XGBoost,GF_00115,4,0.0320830345153808
XGBoost,GF_00116,4,0.0
XGBoost,GF_00117,4,0.0
XGBoost,GF_00120,4,0.0
XGBoost,GF_00121,4,0.0
XGBoost,GF_00122,4,0.0026240174192935
XGBoost,GF_00123,4,0.0
XGBoost,GF_00124,4,0.0
XGBoost,GF_00125,4,0.0079662958160042
XGBoost,GF_00136,4,0.002390282228589
XGBoost,GF_00137,4,0.0
XGBoost,GF_00138,4,0.0
XGBoost,GF_00139,4,0.0
XGBoost,GF_00141,4,0.0
XGBoost,GF_00142,4,0.0
XGBoost,GF_00143,4,0.0
XGBoost,GF_00155,4,0.0
XGBoost,GF_00164,4,0.0
XGBoost,GF_00170,4,0.0
XGBoost,GF_00175,4,0.0018909289501607
XGBoost,GF_00178,4,0.0
XGBoost,GF_00179,4,0.0
XGBoost,GF_00180,4,0.0002721795463003
XGBoost,GF_00185,4,0.0
XGBoost,GF_00208,4,0.0
XGBoost,GF_00220,4,0.0
XGBoost,GF_00228,4,0.0
XGBoost,GF_00229,4,0.0
XGBoost,GF_00235,4,0.0075359251350164
XGBoost,GF_00244,4,0.0
XGBoost,GF_00250,4,0.0
XGBoost,GF_00251,4,0.0
XGBoost,GF_00262,4,0.0
XGBoost,GF_00281,4,0.0
XGBoost,GF_00290,4,0.0
XGBoost,GF_00296,4,0.0045179342851042
XGBoost,GF_00300,4,0.002186580793932
XGBoost,GF_00302,4,0.001906260382384
XGBoost,GF_00303,4,0.0024672267027199
XGBoost,GF_00305,4,0.0
XGBoost,GF_00309,4,0.0005580993019975
XGBoost,GF_00310,4,0.0
XGBoost,GF_00311,4,0.0
XGBoost,GF_00312,4,0.0018537058494985
XGBoost,GF_00313,4,0.0
XGBoost,GF_00314,4,0.0
XGBoost,GF_00315,4,0.0036929030902683
XGBoost,GF_00316,4,0.0
XGBoost,GF_00317,4,0.0001798750599846
XGBoost,GF_00318,4,0.0
XGBoost,GF_00319,4,0.0
XGBoost,GF_00320,4,0.0199772622436285
XGBoost,GF_00321,4,0.0015250769210979
XGBoost,GF_00323,4,0.0026539412792772
XGBoost,GF_00324,4,0.0001974217739189
XGBoost,GF_00325,4,0.0
XGBoost,GF_00326,4,0.0
XGBoost,GF_00327,4,0.0004005910013802
XGBoost,GF_00329,4,0.0136734107509255
XGBoost,GF_00330,4,0.0009080595336854
XGBoost,GF_00331,4,0.0
XGBoost,GF_00332,4,0.0
XGBoost,GF_00333,4,0.0005830654408782
XGBoost,GF_00335,4,0.000227443058975
XGBoost,GF_00336,4,0.0
XGBoost,GF_00338,4,0.0
XGBoost,GF_00339,4,0.0
XGBoost,GF_00340,4,0.0011952159693464
XGBoost,GF_00341,4,0.0
XGBoost,GF_00342,4,0.0003925737401004
XGBoost,GF_00343,4,0.0
XGBoost,GF_00344,4,0.0006705904961563
XGBoost,GF_00346,4,0.0
XGBoost,GF_00347,4,0.0006776746595278
XGBoost,GF_00348,4,0.0
XGBoost,GF_00349,4,0.0
XGBoost,GF_00350,4,0.0
XGBoost,GF_00351,4,0.0
XGBoost,GF_00352,4,0.0123081533238291
XGBoost,GF_00353,4,0.0
XGBoost,GF_00355,4,0.0
XGBoost,GF_00358,4,0.0
XGBoost,GF_00360,4,0.0
XGBoost,GF_00362,4,0.0
XGBoost,GF_00363,4,0.0010966345435008
XGBoost,GF_00364,4,0.0
XGBoost,GF_00365,4,0.0
XGBoost,GF_00369,4,0.0
XGBoost,GF_00381,4,0.0
XGBoost,GF_00384,4,0.0
XGBoost,GF_00385,4,0.0
XGBoost,GF_00386,4,0.0
XGBoost,GF_00387,4,0.0
XGBoost,GF_00388,4,0.0
XGBoost,GF_00389,4,0.0
XGBoost,GF_00390,4,0.0052048065699636
XGBoost,GF_00391,4,0.0
XGBoost,GF_00393,4,0.0
XGBoost,GF_00394,4,0.0
XGBoost,GF_00395,4,0.0
XGBoost,GF_00396,4,0.0040613068267703
XGBoost,GF_00400,4,0.000193454849068
XGBoost,GF_00401,4,0.0
XGBoost,GF_00402,4,0.0
XGBoost,GF_00403,4,0.0
XGBoost,GF_00404,4,0.0
XGBoost,GF_00405,4,0.0
XGBoost,GF_00406,4,0.0378871373832225
XGBoost,GF_00407,4,0.0
XGBoost,GF_00408,4,0.0
XGBoost,GF_00409,4,0.016232743859291
XGBoost,GF_00410,4,0.0
XGBoost,GF_00413,4,0.0
XGBoost,GF_00414,4,0.0030675779562443
XGBoost,GF_00415,4,0.0
XGBoost,GF_00417,4,0.0
XGBoost,GF_00418,4,0.0
XGBoost,GF_00419,4,0.0
XGBoost,GF_00421,4,0.0
XGBoost,GF_00422,4,0.0003221879014745
XGBoost,GF_00424,4,0.0
XGBoost,GF_00426,4,0.0006694211624562
XGBoost,GF_00427,4,0.0004030831623822
XGBoost,GF_00428,4,0.0
XGBoost,GF_00429,4,0.0016813505208119
XGBoost,GF_00430,4,0.0
XGBoost,GF_00431,4,0.0
XGBoost,GF_00432,4,0.0015658941119909
XGBoost,GF_00433,4,0.0
XGBoost,GF_00434,4,0.0007268571062013
XGBoost,GF_00435,4,0.0
XGBoost,GF_00436,4,0.0044330805540084
XGBoost,GF_00437,4,0.0092168636620044
XGBoost,GF_00438,4,0.0
XGBoost,GF_00440,4,0.0
XGBoost,GF_00441,4,0.0
XGBoost,GF_00455,4,0.0013715360546484
XGBoost,GF_00457,4,0.0
XGBoost,GF_00458,4,0.0
XGBoost,GF_00471,4,0.0022256083320826
XGBoost,GF_00472,4,0.0
XGBoost,GF_00477,4,0.0
XGBoost,GF_00480,4,0.0
XGBoost,GF_00482,4,0.0
XGBoost,GF_00488,4,0.0
XGBoost,GF_00489,4,0.0
XGBoost,GF_00503,4,0.0
XGBoost,GF_00522,4,0.0
XGBoost,GF_00523,4,0.0
XGBoost,GF_00524,4,0.0011680017923936
XGBoost,GF_00525,4,0.0
XGBoost,GF_00527,4,0.0
XGBoost,GF_00528,4,0.0
XGBoost,GF_00529,4,0.0
XGBoost,GF_00530,4,0.0
XGBoost,GF_00531,4,0.0008432330796495
XGBoost,GF_00536,4,0.0005909404135309
XGBoost,GF_00538,4,0.0014584326418116
XGBoost,GF_00546,4,0.0011781757930293
XGBoost,GF_00547,4,0.0160307399928569
XGBoost,GF_00548,4,0.0
XGBoost,GF_00549,4,0.0
XGBoost,GF_00564,4,0.0
XGBoost,GF_00565,4,0.0006537935114465
XGBoost,GF_00566,4,0.0024601139593869
XGBoost,GF_00569,4,0.0
XGBoost,GF_00570,4,0.0
XGBoost,GF_00572,4,0.0
XGBoost,GF_00574,4,0.0
XGBoost,GF_00578,4,0.0
XGBoost,GF_00580,4,0.0
XGBoost,GF_00588,4,0.0
XGBoost,GF_00594,4,0.0017456171335652
XGBoost,GF_00595,4,0.0
XGBoost,GF_00599,4,0.0
XGBoost,GF_00600,4,0.0
XGBoost,GF_00601,4,0.0
XGBoost,GF_00603,4,0.0064218048937618
XGBoost,GF_00604,4,0.0
XGBoost,GF_00605,4,0.0
XGBoost,GF_00606,4,0.0
XGBoost,GF_00607,4,0.0
XGBoost,GF_00608,4,0.008076180703938
XGBoost,GF_00609,4,0.0
XGBoost,GF_00611,4,0.0032433997839689
XGBoost,GF_00612,4,0.0
XGBoost,GF_00613,4,0.0
XGBoost,GF_00614,4,0.0
XGBoost,GF_00615,4,0.0
XGBoost,GF_00616,4,0.0
XGBoost,GF_00617,4,0.0006785651785321
XGBoost,GF_00618,4,0.0011106564197689
XGBoost,GF_00619,4,0.0
XGBoost,GF_00620,4,0.0
XGBoost,GF_00621,4,0.0
XGBoost,GF_00622,4,0.0027877776883542
XGBoost,GF_00623,4,0.0
XGBoost,GF_00624,4,0.0
XGBoost,GF_00632,4,0.0011106312740594
XGBoost,GF_00633,4,0.0
XGBoost,GF_00635,4,0.0
XGBoost,GF_00636,4,0.0226423684507608
XGBoost,GF_00637,4,0.0016161742387339
XGBoost,GF_00638,4,0.0
XGBoost,GF_00640,4,0.0
XGBoost,GF_00641,4,0.0
XGBoost,GF_00642,4,0.0006363638676702
XGBoost,GF_00643,4,0.0
XGBoost,GF_00655,4,0.0
XGBoost,GF_00658,4,0.0
XGBoost,GF_00659,4,0.0
XGBoost,GF_00661,4,0.0018211127026006
XGBoost,GF_00669,4,0.0
XGBoost,GF_00676,4,0.0023735233116894
XGBoost,GF_00680,4,0.0
XGBoost,GF_00681,4,0.001044584903866
XGBoost,GF_00682,4,0.00117014197167
XGBoost,GF_00683,4,0.0
XGBoost,GF_00684,4,0.0033787994179874
XGBoost,GF_00687,4,0.0
XGBoost,GF_00688,4,0.0
XGBoost,GF_00695,4,0.0
XGBoost,GF_00699,4,0.0
XGBoost,GF_00702,4,0.0
XGBoost,GF_00709,4,0.0
XGBoost,GF_00722,4,0.0
XGBoost,GF_00723,4,0.0
XGBoost,GF_00724,4,0.0
XGBoost,GF_00725,4,0.0
XGBoost,GF_00726,4,0.0
XGBoost,GF_00727,4,0.0
XGBoost,GF_00728,4,0.0
XGBoost,GF_00729,4,0.0
XGBoost,GF_00732,4,0.0
XGBoost,GF_00736,4,0.000177952228114
XGBoost,GF_00740,4,5.536562457564287e-05
XGBoost,GF_00741,4,0.0002185001503676
XGBoost,GF_00744,4,0.0
XGBoost,GF_00751,4,0.0
XGBoost,GF_00755,4,0.0
XGBoost,GF_00756,4,0.0007015878800302
XGBoost,GF_00761,4,0.0003246479027438
XGBoost,GF_00771,4,0.0144533347338438
XGBoost,GF_00773,4,0.0038131852634251
XGBoost,GF_00776,4,0.0065454300493001
XGBoost,GF_00777,4,0.0014707593945786
XGBoost,GF_00785,4,0.0
XGBoost,GF_00796,4,0.0018906256882473
XGBoost,GF_00810,4,0.0
XGBoost,GF_00811,4,0.0
XGBoost,GF_00813,4,0.0
XGBoost,GF_00814,4,0.0
XGBoost,GF_00816,4,0.0
XGBoost,GF_00819,4,0.0
XGBoost,GF_00828,4,0.0
XGBoost,GF_00843,4,0.0
XGBoost,GF_00845,4,0.0
XGBoost,GF_00856,4,0.0060528279282152
XGBoost,GF_00857,4,0.00170621171128
XGBoost,GF_00860,4,0.0
XGBoost,GF_00864,4,0.000173076550709
XGBoost,GF_00866,4,0.0016165442066267
XGBoost,GF_00867,4,0.0
XGBoost,GF_00868,4,0.0
XGBoost,GF_00869,4,0.0
XGBoost,GF_00870,4,0.0
XGBoost,GF_00871,4,0.0
XGBoost,GF_00872,4,0.0
XGBoost,GF_00873,4,0.0019219055538997
XGBoost,GF_00874,4,0.0008297992171719
XGBoost,GF_00887,4,0.0617863200604915
XGBoost,GF_00888,4,0.0
XGBoost,GF_00895,4,0.0
XGBoost,GF_00916,4,0.0015682009980082
XGBoost,GF_00927,4,0.0
XGBoost,GF_00931,4,0.0
XGBoost,GF_00932,4,0.0
XGBoost,GF_00933,4,0.0002771056897472
XGBoost,GF_00946,4,0.0
XGBoost,GF_00947,4,0.0
XGBoost,GF_00949,4,0.0
XGBoost,GF_00957,4,0.0008043237612582
XGBoost,GF_00958,4,0.0
XGBoost,GF_00959,4,0.0044645927846431
XGBoost,GF_00960,4,0.0
XGBoost,GF_00963,4,0.0
XGBoost,GF_00966,4,0.0
XGBoost,GF_00968,4,0.0
XGBoost,GF_00969,4,0.0
XGBoost,GF_00970,4,0.0
XGBoost,GF_00971,4,0.0033020924311131
XGBoost,GF_00972,4,0.0
XGBoost,GF_00982,4,0.0019729062914848
XGBoost,GF_01004,4,0.0
XGBoost,GF_01005,4,0.0
XGBoost,GF_01012,4,0.0
XGBoost,GF_01026,4,0.0
XGBoost,GF_01027,4,0.0
XGBoost,GF_01028,4,0.0
XGBoost,GF_01054,4,0.0
XGBoost,GF_01230,4,0.0047336337156593
XGBoost,GF_01231,4,0.0
XGBoost,GF_01232,4,0.0
XGBoost,GF_01233,4,0.0
XGBoost,GF_01234,4,0.0022661418188363
XGBoost,GF_01235,4,0.0
XGBoost,GF_01236,4,0.0
XGBoost,GF_01237,4,0.0011040536919608
XGBoost,GF_01239,4,0.0007619468378834
XGBoost,GF_01240,4,0.0
XGBoost,GF_01241,4,0.0
XGBoost,GF_01242,4,0.0
XGBoost,GF_01244,4,0.0
XGBoost,GF_01245,4,0.0010665389709174
XGBoost,GF_01246,4,0.0001498108467785
XGBoost,GF_01247,4,0.0
XGBoost,GF_01248,4,0.0060380795039236
XGBoost,GF_01266,4,0.0
XGBoost,GF_01287,4,0.0
XGBoost,GF_01290,4,0.0
XGBoost,GF_01291,4,0.0
XGBoost,GF_01292,4,0.00099212967325
XGBoost,GF_01293,4,0.0
XGBoost,GF_01297,4,0.0
XGBoost,GF_01306,4,0.0005377135821618
XGBoost,GF_01314,4,0.0
XGBoost,GF_01315,4,0.0
XGBoost,GF_01327,4,0.003381515154615
XGBoost,GF_01328,4,0.0131433811038732
XGBoost,GF_01329,4,0.0
XGBoost,GF_01330,4,0.0
XGBoost,GF_01331,4,0.001662926049903
XGBoost,GF_01332,4,0.0020555260125547
XGBoost,GF_01333,4,0.0
XGBoost,GF_01334,4,0.0
XGBoost,GF_01336,4,0.0
XGBoost,GF_01337,4,0.0617632158100605
XGBoost,GF_01338,4,0.0
XGBoost,GF_01359,4,0.0
XGBoost,GF_01372,4,0.0002066390297841
XGBoost,GF_01374,4,0.0014997140970081
XGBoost,GF_01375,4,0.0
XGBoost,GF_01376,4,0.001869334722869
XGBoost,GF_01377,4,0.0006111591355875
XGBoost,GF_01379,4,0.0008839608053676
XGBoost,GF_01381,4,0.0029724931810051
XGBoost,GF_01382,4,0.0
XGBoost,GF_01383,4,0.0089839054271578
XGBoost,GF_01385,4,0.0
XGBoost,GF_01386,4,0.1799709945917129
XGBoost,GF_01387,4,0.0
XGBoost,GF_01390,4,0.0
XGBoost,GF_01391,4,0.0014126680325716
XGBoost,GF_01393,4,0.0
XGBoost,GF_01394,4,0.0
XGBoost,GF_01395,4,0.0
XGBoost,GF_01396,4,0.0
XGBoost,GF_01397,4,0.0
XGBoost,GF_01399,4,0.0018419086700305
XGBoost,GF_01400,4,0.0005229209200479
XGBoost,GF_01401,4,0.0
XGBoost,GF_01404,4,0.0
XGBoost,GF_01409,4,0.0
XGBoost,GF_01425,4,0.0020941433031111
XGBoost,GF_01426,4,0.0
XGBoost,GF_01428,4,0.0
XGBoost,GF_01439,4,0.0
XGBoost,GF_01445,4,0.0007043320219963
XGBoost,GF_01446,4,0.0
XGBoost,GF_01447,4,0.0
XGBoost,GF_01448,4,0.0
XGBoost,GF_01449,4,0.0
XGBoost,GF_01456,4,0.0005844198167324
XGBoost,GF_01458,4,0.0025413918774574
XGBoost,GF_01460,4,0.0
XGBoost,GF_01461,4,0.0006967011140659
XGBoost,GF_01462,4,0.0051217591390013
XGBoost,GF_01466,4,0.0
XGBoost,GF_01476,4,0.0046432255767285
XGBoost,GF_01477,4,0.0
XGBoost,GF_01479,4,0.0
XGBoost,GF_01480,4,0.004553971812129
XGBoost,GF_01481,4,0.0
XGBoost,GF_01487,4,0.0
XGBoost,GF_01502,4,0.0
XGBoost,GF_01504,4,0.0
XGBoost,GF_01512,4,0.0015384028665721
XGBoost,GF_01514,4,0.0
XGBoost,GF_01527,4,0.0
XGBoost,GF_01534,4,0.0
XGBoost,GF_01535,4,0.0
XGBoost,GF_01536,4,0.0
XGBoost,GF_01537,4,0.0
XGBoost,GF_01538,4,0.0
XGBoost,GF_01539,4,0.0
XGBoost,GF_01540,4,0.0
XGBoost,GF_01541,4,0.0017005684785544
XGBoost,GF_01542,4,0.0001194551005028
XGBoost,GF_01543,4,0.0081021608784794
XGBoost,GF_01544,4,0.0
XGBoost,GF_01547,4,0.0
XGBoost,GF_01549,4,0.0
XGBoost,GF_01550,4,0.0047301799058914
XGBoost,GF_01552,4,0.0
XGBoost,GF_01553,4,0.0016133305616676
XGBoost,GF_01579,4,0.0
XGBoost,GF_01580,4,0.0009118921589106
XGBoost,GF_01583,4,0.0
XGBoost,GF_01584,4,0.0027111878152936
XGBoost,GF_01591,4,0.0015732385218143
XGBoost,GF_01592,4,0.0
XGBoost,GF_01616,4,0.0
XGBoost,GF_01617,4,0.0
XGBoost,GF_01618,4,0.0034845622722059
XGBoost,GF_01619,4,0.0061984350904822
XGBoost,GF_01620,4,0.0
XGBoost,GF_01621,4,0.0
XGBoost,GF_01623,4,0.0
XGBoost,GF_01625,4,0.0
XGBoost,GF_01626,4,0.0
XGBoost,GF_01627,4,0.0
XGBoost,GF_01628,4,0.0
XGBoost,GF_01629,4,0.0
XGBoost,GF_01630,4,0.0
XGBoost,GF_01634,4,0.0
XGBoost,GF_01635,4,0.0
XGBoost,GF_01636,4,0.0
XGBoost,GF_01637,4,0.0052090575918555
XGBoost,GF_01638,4,0.0
XGBoost,GF_01639,4,0.0
XGBoost,GF_01641,4,0.0
XGBoost,GF_01648,4,0.0006909872754476
XGBoost,GF_01659,4,0.0037932177074253
XGBoost,GF_01661,4,0.0
XGBoost,GF_01672,4,0.0
XGBoost,GF_01673,4,0.0011877530487254
XGBoost,GF_01674,4,0.0
XGBoost,GF_01675,4,0.0
XGBoost,GF_01676,4,0.0
XGBoost,GF_01677,4,0.0
XGBoost,GF_01678,4,0.0
XGBoost,GF_01679,4,0.0
XGBoost,GF_01680,4,0.0018668276024982
XGBoost,GF_01681,4,0.0
XGBoost,GF_01683,4,0.0
XGBoost,GF_01684,4,0.0
XGBoost,GF_01685,4,0.0
XGBoost,GF_01688,4,0.0
XGBoost,GF_01689,4,0.0005336491158232
XGBoost,GF_01690,4,0.0007616165676154
XGBoost,GF_01691,4,0.0011787834810093
XGBoost,GF_01692,4,0.0
XGBoost,GF_01693,4,0.0
XGBoost,GF_01732,4,0.0
XGBoost,GF_01733,4,0.0068249180912971
XGBoost,GF_01734,4,0.000785911863204
XGBoost,GF_01735,4,0.0005384606774896
XGBoost,GF_01736,4,0.0
XGBoost,GF_01737,4,0.0
XGBoost,GF_01741,4,0.0050654136575758
XGBoost,GF_01742,4,0.0001697544794296
XGBoost,GF_01745,4,0.0023500032257288
XGBoost,GF_01763,4,0.0
XGBoost,GF_01783,4,0.0123502323403954
XGBoost,GF_01799,4,0.0
XGBoost,GF_01801,4,0.0
XGBoost,GF_01802,4,0.0
XGBoost,GF_01803,4,0.0
XGBoost,GF_01805,4,0.0
XGBoost,GF_01806,4,0.0
XGBoost,GF_01807,4,0.0009425771422684
XGBoost,GF_01808,4,0.0
XGBoost,GF_01809,4,0.0002981692086905
XGBoost,GF_01810,4,0.0
XGBoost,GF_01811,4,0.0
XGBoost,GF_01812,4,0.0
XGBoost,GF_01813,4,0.0
XGBoost,GF_01814,4,0.0
XGBoost,GF_01815,4,0.0012821581913158
XGBoost,GF_01816,4,0.0003006397746503
XGBoost,GF_01818,4,0.0
XGBoost,GF_01819,4,0.0006360810948535
XGBoost,GF_01822,4,0.0
XGBoost,GF_01823,4,0.0
XGBoost,GF_01834,4,0.0006787664606235
XGBoost,GF_01836,4,0.0033374547492712
XGBoost,GF_01837,4,0.0
XGBoost,GF_01840,4,0.0
XGBoost,GF_01841,4,0.0
XGBoost,GF_01842,4,0.0
XGBoost,GF_01844,4,0.0
XGBoost,GF_01856,4,0.0
XGBoost,GF_01860,4,0.0
XGBoost,GF_01866,4,0.0
XGBoost,GF_01870,4,0.0109256142750382
XGBoost,GF_01872,4,0.0
XGBoost,GF_01885,4,0.0
XGBoost,GF_01897,4,0.0034338815603405
XGBoost,GF_01898,4,0.0
XGBoost,GF_01899,4,0.0
XGBoost,GF_01900,4,0.0
XGBoost,GF_01901,4,0.0
XGBoost,GF_01902,4,0.0
XGBoost,GF_01904,4,0.0
XGBoost,GF_01919,4,0.0
XGBoost,GF_01921,4,0.0065641980618238
XGBoost,GF_01923,4,0.0
XGBoost,GF_01925,4,0.0
XGBoost,GF_01926,4,0.0
XGBoost,GF_01927,4,0.0028118793852627
XGBoost,GF_01928,4,0.0006359286489896
XGBoost,GF_01929,4,0.0
XGBoost,GF_01930,4,0.0001451419957447
XGBoost,GF_01945,4,0.0
XGBoost,GF_02041,4,0.0013038908364251
XGBoost,GF_02059,4,0.0027425456792116
XGBoost,GF_02060,4,0.0
XGBoost,GF_02069,4,0.0
XGBoost,GF_02070,4,0.0007276562973856
XGBoost,GF_02071,4,0.0
XGBoost,GF_02072,4,0.0044048125855624
XGBoost,GF_02074,4,0.0
XGBoost,GF_02075,4,0.0011918115196749
XGBoost,GF_02076,4,0.0
XGBoost,GF_02084,4,0.000713518471457
XGBoost,GF_02085,4,0.0
XGBoost,GF_02088,4,0.0033319783397018
XGBoost,GF_02089,4,0.0
XGBoost,GF_02091,4,0.0
XGBoost,GF_02092,4,0.0009473979589529
XGBoost,GF_02093,4,0.0
XGBoost,GF_02094,4,0.0001328571088379
XGBoost,GF_02101,4,0.0
XGBoost,GF_02109,4,0.0
XGBoost,GF_02110,4,0.0
XGBoost,GF_02113,4,0.0
XGBoost,GF_02122,4,0.0008151324000209
XGBoost,GF_02130,4,0.0
XGBoost,GF_02131,4,0.0
XGBoost,GF_02132,4,0.0
XGBoost,GF_02136,4,0.0
XGBoost,GF_02137,4,0.0
XGBoost,GF_02138,4,0.0
XGBoost,GF_02139,4,0.0
XGBoost,GF_02140,4,0.0
XGBoost,GF_02141,4,0.0368505157530307
XGBoost,GF_02142,4,0.0101466346532106
XGBoost,GF_02143,4,0.0010498827323317
XGBoost,GF_02145,4,0.0008173388778232
XGBoost,GF_02152,4,0.0005485848523676
XGBoost,GF_02157,4,0.0
XGBoost,GF_02158,4,0.0
XGBoost,GF_02159,4,0.0
XGBoost,GF_02172,4,0.0006740328390151
XGBoost,GF_02178,4,0.0
XGBoost,GF_02180,4,0.0019268483156338
XGBoost,GF_02184,4,0.0006928524235263
XGBoost,GF_02194,4,0.0
XGBoost,GF_02215,4,0.0
XGBoost,GF_02216,4,0.0029072486795485
XGBoost,GF_02217,4,0.0
XGBoost,GF_02218,4,0.0
XGBoost,GF_02219,4,0.0
XGBoost,GF_02220,4,0.0003876669215969
XGBoost,GF_02222,4,0.0
XGBoost,GF_02223,4,0.0
XGBoost,GF_02224,4,0.0
XGBoost,GF_02225,4,0.0
XGBoost,GF_02226,4,0.02874924428761
XGBoost,GF_02227,4,0.0
XGBoost,GF_02228,4,0.0
XGBoost,GF_02229,4,0.0
XGBoost,GF_02230,4,0.0006989660905674
XGBoost,GF_02260,4,0.0061059477739036
XGBoost,GF_02261,4,0.0012140354374423
XGBoost,GF_02262,4,0.0015316833741962
XGBoost,GF_02263,4,0.0012638270854949
XGBoost,GF_02264,4,0.0
XGBoost,GF_02266,4,0.0
XGBoost,GF_00002,5,0.0
XGBoost,GF_00008,5,0.0
XGBoost,GF_00011,5,0.0027218584436923
XGBoost,GF_00012,5,0.0
XGBoost,GF_00013,5,0.0
XGBoost,GF_00014,5,0.0
XGBoost,GF_00015,5,0.0
XGBoost,GF_00017,5,0.0
XGBoost,GF_00018,5,0.0016239025862887
XGBoost,GF_00036,5,4.7044697566889226e-05
XGBoost,GF_00043,5,0.0
XGBoost,GF_00044,5,0.0020526200532913
XGBoost,GF_00046,5,0.0032854413148015
XGBoost,GF_00047,5,0.001424059853889
XGBoost,GF_00048,5,0.0
XGBoost,GF_00049,5,4.758382056024857e-05
XGBoost,GF_00051,5,0.0
XGBoost,GF_00052,5,0.0
XGBoost,GF_00071,5,0.0
XGBoost,GF_00072,5,0.0
XGBoost,GF_00073,5,0.0
XGBoost,GF_00074,5,0.0
XGBoost,GF_00075,5,0.0
XGBoost,GF_00076,5,0.0
XGBoost,GF_00077,5,0.0
XGBoost,GF_00078,5,0.0
XGBoost,GF_00079,5,0.0025104254018515
XGBoost,GF_00080,5,0.0011690104147419
XGBoost,GF_00081,5,0.0006876671104691
XGBoost,GF_00082,5,0.005522274877876
XGBoost,GF_00083,5,0.0
XGBoost,GF_00084,5,0.0
XGBoost,GF_00085,5,0.0
XGBoost,GF_00087,5,0.0
XGBoost,GF_00088,5,0.0
XGBoost,GF_00093,5,0.0
XGBoost,GF_00094,5,0.0
XGBoost,GF_00104,5,0.0
XGBoost,GF_00105,5,0.0
XGBoost,GF_00106,5,0.0
XGBoost,GF_00107,5,0.0
XGBoost,GF_00108,5,0.0
XGBoost,GF_00109,5,0.0
XGBoost,GF_00110,5,0.0
XGBoost,GF_00111,5,0.0
XGBoost,GF_00112,5,0.0003715897037182
XGBoost,GF_00113,5,0.0
XGBoost,GF_00114,5,0.0
XGBoost,GF_00115,5,0.0
XGBoost,GF_00116,5,0.0
XGBoost,GF_00117,5,0.0
XGBoost,GF_00120,5,0.0
XGBoost,GF_00121,5,0.0
XGBoost,GF_00122,5,0.0013415194116532
XGBoost,GF_00123,5,0.0
XGBoost,GF_00124,5,9.5706207503099e-05
XGBoost,GF_00125,5,0.0
XGBoost,GF_00136,5,0.0
XGBoost,GF_00137,5,0.0
XGBoost,GF_00138,5,0.0
XGBoost,GF_00139,5,0.0
XGBoost,GF_00141,5,0.0006439607823267
XGBoost,GF_00142,5,0.0
XGBoost,GF_00143,5,0.0
XGBoost,GF_00155,5,0.0
XGBoost,GF_00164,5,0.058727141469717
XGBoost,GF_00170,5,0.0
XGBoost,GF_00175,5,0.0027114439290016
XGBoost,GF_00178,5,0.0
XGBoost,GF_00179,5,0.0
XGBoost,GF_00180,5,0.0007065427489578
XGBoost,GF_00185,5,0.0
XGBoost,GF_00208,5,0.0
XGBoost,GF_00220,5,0.0
XGBoost,GF_00228,5,0.0
XGBoost,GF_00229,5,0.0
XGBoost,GF_00235,5,0.0023213142994791
XGBoost,GF_00244,5,0.0
XGBoost,GF_00250,5,0.0018694133032113
XGBoost,GF_00251,5,0.0042602643370628
XGBoost,GF_00262,5,0.0
XGBoost,GF_00281,5,0.0
XGBoost,GF_00290,5,0.0
XGBoost,GF_00296,5,0.0008300751796923
XGBoost,GF_00300,5,0.0
XGBoost,GF_00302,5,0.0006920876330696
XGBoost,GF_00303,5,0.0
XGBoost,GF_00305,5,0.0
XGBoost,GF_00309,5,0.0
XGBoost,GF_00310,5,0.0
XGBoost,GF_00311,5,0.0
XGBoost,GF_00312,5,0.0
XGBoost,GF_00313,5,0.0017391662113368
XGBoost,GF_00314,5,0.0
XGBoost,GF_00315,5,0.0016985054826363
XGBoost,GF_00316,5,0.0
XGBoost,GF_00317,5,0.0
XGBoost,GF_00318,5,0.0
XGBoost,GF_00319,5,0.0
XGBoost,GF_00320,5,0.0
XGBoost,GF_00321,5,0.0
XGBoost,GF_00323,5,0.0002361375372856
XGBoost,GF_00324,5,0.0
XGBoost,GF_00325,5,0.0
XGBoost,GF_00326,5,0.0036636770237237
XGBoost,GF_00327,5,0.0007469800766557
XGBoost,GF_00329,5,0.0
XGBoost,GF_00330,5,0.0068132444284856
XGBoost,GF_00331,5,0.0
XGBoost,GF_00332,5,0.0
XGBoost,GF_00333,5,0.0
XGBoost,GF_00335,5,0.0
XGBoost,GF_00336,5,0.0011930183973163
XGBoost,GF_00338,5,0.0
XGBoost,GF_00339,5,0.0003130778786726
XGBoost,GF_00340,5,0.004480542615056
XGBoost,GF_00341,5,0.0
XGBoost,GF_00342,5,0.0
XGBoost,GF_00343,5,0.0170499198138713
XGBoost,GF_00344,5,0.0006987457163631
XGBoost,GF_00346,5,0.0
XGBoost,GF_00347,5,0.0002682307967916
XGBoost,GF_00348,5,0.0043136505410075
XGBoost,GF_00349,5,0.0
XGBoost,GF_00350,5,0.0
XGBoost,GF_00351,5,0.0
XGBoost,GF_00352,5,0.0
XGBoost,GF_00353,5,0.0
XGBoost,GF_00355,5,0.0
XGBoost,GF_00358,5,0.0002702117199078
XGBoost,GF_00360,5,0.0
XGBoost,GF_00362,5,0.0
XGBoost,GF_00363,5,0.0010989942820742
XGBoost,GF_00364,5,0.0
XGBoost,GF_00365,5,0.0
XGBoost,GF_00369,5,0.0
XGBoost,GF_00381,5,0.0
XGBoost,GF_00384,5,0.0
XGBoost,GF_00385,5,0.0
XGBoost,GF_00386,5,0.0
XGBoost,GF_00387,5,0.0
XGBoost,GF_00388,5,0.0
XGBoost,GF_00389,5,0.0
XGBoost,GF_00390,5,0.0
XGBoost,GF_00391,5,0.0
XGBoost,GF_00393,5,0.0
XGBoost,GF_00394,5,0.0
XGBoost,GF_00395,5,0.0
XGBoost,GF_00396,5,0.0007721530273556
XGBoost,GF_00400,5,0.004141972400248
XGBoost,GF_00401,5,0.0002914090000558
XGBoost,GF_00402,5,0.0023663158062845
XGBoost,GF_00403,5,0.0
XGBoost,GF_00404,5,0.0
XGBoost,GF_00405,5,0.0011458810186013
XGBoost,GF_00406,5,0.0
XGBoost,GF_00407,5,0.0
XGBoost,GF_00408,5,0.0
XGBoost,GF_00409,5,0.0010782708413898
XGBoost,GF_00410,5,0.0
XGBoost,GF_00413,5,0.0
XGBoost,GF_00414,5,0.0045048459433019
XGBoost,GF_00415,5,0.0
XGBoost,GF_00417,5,0.0
XGBoost,GF_00418,5,0.0
XGBoost,GF_00419,5,0.0
XGBoost,GF_00421,5,0.0
XGBoost,GF_00422,5,0.0012276880443096
XGBoost,GF_00424,5,0.0
XGBoost,GF_00426,5,0.0
XGBoost,GF_00427,5,0.0
XGBoost,GF_00428,5,0.000842347391881
XGBoost,GF_00429,5,0.0009861330036073
XGBoost,GF_00430,5,0.0001081761874957
XGBoost,GF_00431,5,0.0010047106770798
XGBoost,GF_00432,5,0.0
XGBoost,GF_00433,5,0.0
XGBoost,GF_00434,5,0.00076661829371
XGBoost,GF_00435,5,0.000489147088956
XGBoost,GF_00436,5,0.0
XGBoost,GF_00437,5,0.001681090448983
XGBoost,GF_00438,5,0.0010805296478793
XGBoost,GF_00440,5,0.0
XGBoost,GF_00441,5,0.0
XGBoost,GF_00455,5,0.0043470100499689
XGBoost,GF_00457,5,0.0
XGBoost,GF_00458,5,0.0
XGBoost,GF_00471,5,0.0019516376778483
XGBoost,GF_00472,5,0.0
XGBoost,GF_00477,5,0.0050049764104187
XGBoost,GF_00480,5,0.0
XGBoost,GF_00482,5,0.0
XGBoost,GF_00488,5,0.00013301569561
XGBoost,GF_00489,5,0.0002762813819572
XGBoost,GF_00503,5,0.0
XGBoost,GF_00522,5,0.0
XGBoost,GF_00523,5,0.0027613965794444
XGBoost,GF_00524,5,0.0029716005083173
XGBoost,GF_00525,5,0.0
XGBoost,GF_00527,5,0.0
XGBoost,GF_00528,5,0.0
XGBoost,GF_00529,5,0.0
XGBoost,GF_00530,5,0.0004750398220494
XGBoost,GF_00531,5,0.0002745366946328
XGBoost,GF_00536,5,0.0005556975374929
XGBoost,GF_00538,5,0.0
XGBoost,GF_00546,5,0.0013173623010516
XGBoost,GF_00547,5,0.0017504197312518
XGBoost,GF_00548,5,0.0
XGBoost,GF_00549,5,0.0
XGBoost,GF_00564,5,0.0004138037911616
XGBoost,GF_00565,5,0.0
XGBoost,GF_00566,5,0.0002598800929263
XGBoost,GF_00569,5,0.0
XGBoost,GF_00570,5,0.0
XGBoost,GF_00572,5,0.0
XGBoost,GF_00574,5,0.0
XGBoost,GF_00578,5,0.0
XGBoost,GF_00580,5,0.0026577720418572
XGBoost,GF_00588,5,4.931027797283605e-05
XGBoost,GF_00594,5,0.0
XGBoost,GF_00595,5,0.0015230970457196
XGBoost,GF_00599,5,0.0
XGBoost,GF_00600,5,0.0014756306773051
XGBoost,GF_00601,5,0.000334045413183
XGBoost,GF_00603,5,0.0003891788655892
XGBoost,GF_00604,5,0.0019236125517636
XGBoost,GF_00605,5,0.0002685896179173
XGBoost,GF_00606,5,0.0029112494084984
XGBoost,GF_00607,5,0.0
XGBoost,GF_00608,5,0.0006108289817348
XGBoost,GF_00609,5,0.0
XGBoost,GF_00611,5,0.0
XGBoost,GF_00612,5,0.0001664867158979
XGBoost,GF_00613,5,0.0
XGBoost,GF_00614,5,0.0
XGBoost,GF_00615,5,0.0
XGBoost,GF_00616,5,0.0
XGBoost,GF_00617,5,0.0
XGBoost,GF_00618,5,0.0004464449302759
XGBoost,GF_00619,5,0.0
XGBoost,GF_00620,5,0.0
XGBoost,GF_00621,5,0.0
XGBoost,GF_00622,5,0.0
XGBoost,GF_00623,5,0.0
XGBoost,GF_00624,5,0.0
XGBoost,GF_00632,5,0.0009154764120467
XGBoost,GF_00633,5,0.0006017358391545
XGBoost,GF_00635,5,0.0
XGBoost,GF_00636,5,0.0003079018206335
XGBoost,GF_00637,5,0.0001157994047389
XGBoost,GF_00638,5,0.0
XGBoost,GF_00640,5,0.0
XGBoost,GF_00641,5,0.0
XGBoost,GF_00642,5,0.0
XGBoost,GF_00643,5,0.0015218630433082
XGBoost,GF_00655,5,0.0
XGBoost,GF_00658,5,0.0
XGBoost,GF_00659,5,0.0
XGBoost,GF_00661,5,0.0009827819885686
XGBoost,GF_00669,5,0.001264906139113
XGBoost,GF_00676,5,0.0
XGBoost,GF_00680,5,0.0
XGBoost,GF_00681,5,0.0
XGBoost,GF_00682,5,0.0
XGBoost,GF_00683,5,0.0
XGBoost,GF_00684,5,0.0
XGBoost,GF_00687,5,0.0
XGBoost,GF_00688,5,0.0
XGBoost,GF_00695,5,0.0
XGBoost,GF_00699,5,0.0
XGBoost,GF_00702,5,0.0
XGBoost,GF_00709,5,0.0
XGBoost,GF_00722,5,0.0
XGBoost,GF_00723,5,0.0
XGBoost,GF_00724,5,0.0
XGBoost,GF_00725,5,0.0
XGBoost,GF_00726,5,0.0
XGBoost,GF_00727,5,0.0
XGBoost,GF_00728,5,0.0
XGBoost,GF_00729,5,0.0
XGBoost,GF_00732,5,0.0
XGBoost,GF_00736,5,0.0
XGBoost,GF_00740,5,0.0
XGBoost,GF_00741,5,0.0
XGBoost,GF_00744,5,0.0
XGBoost,GF_00751,5,0.0
XGBoost,GF_00755,5,0.0
XGBoost,GF_00756,5,0.0
XGBoost,GF_00761,5,0.0094989007338881
XGBoost,GF_00771,5,0.0005378554342314
XGBoost,GF_00773,5,0.0062695741653442
XGBoost,GF_00776,5,0.0
XGBoost,GF_00777,5,0.0
XGBoost,GF_00785,5,0.0
XGBoost,GF_00796,5,0.0004631435440387
XGBoost,GF_00810,5,0.0
XGBoost,GF_00811,5,0.0
XGBoost,GF_00813,5,0.0
XGBoost,GF_00814,5,0.0
XGBoost,GF_00816,5,0.0
XGBoost,GF_00819,5,0.0
XGBoost,GF_00828,5,0.0020252780523151
XGBoost,GF_00843,5,0.0
XGBoost,GF_00845,5,0.0
XGBoost,GF_00856,5,0.0040078801102936
XGBoost,GF_00857,5,0.0048732198774814
XGBoost,GF_00860,5,0.0
XGBoost,GF_00864,5,0.0004311324155423
XGBoost,GF_00866,5,0.0017666904022917
XGBoost,GF_00867,5,0.0
XGBoost,GF_00868,5,0.0
XGBoost,GF_00869,5,0.0001917192857945
XGBoost,GF_00870,5,0.0
XGBoost,GF_00871,5,0.0
XGBoost,GF_00872,5,0.0
XGBoost,GF_00873,5,0.0
XGBoost,GF_00874,5,0.0004716759140137
XGBoost,GF_00887,5,0.0
XGBoost,GF_00888,5,0.0001773790136212
XGBoost,GF_00895,5,0.0
XGBoost,GF_00916,5,0.0006984989158809
XGBoost,GF_00927,5,0.0
XGBoost,GF_00931,5,0.0
XGBoost,GF_00932,5,0.0
XGBoost,GF_00933,5,0.0
XGBoost,GF_00946,5,0.0
XGBoost,GF_00947,5,0.0
XGBoost,GF_00949,5,0.0
XGBoost,GF_00957,5,0.0008494025678373
XGBoost,GF_00958,5,0.0006187639664858
XGBoost,GF_00959,5,0.0009094577981159
XGBoost,GF_00960,5,6.759243115084246e-05
XGBoost,GF_00963,5,0.0
XGBoost,GF_00966,5,0.0
XGBoost,GF_00968,5,0.0
XGBoost,GF_00969,5,0.0
XGBoost,GF_00970,5,0.0
XGBoost,GF_00971,5,0.0008616851409897
XGBoost,GF_00972,5,0.0
XGBoost,GF_00982,5,0.0009710407466627
XGBoost,GF_01004,5,0.0
XGBoost,GF_01005,5,0.0013108534039929
XGBoost,GF_01012,5,0.0
XGBoost,GF_01026,5,0.0
XGBoost,GF_01027,5,0.0
XGBoost,GF_01028,5,0.0003968925739172
XGBoost,GF_01054,5,0.0016012541018426
XGBoost,GF_01230,5,0.0001900308998301
XGBoost,GF_01231,5,0.0
XGBoost,GF_01232,5,0.0
XGBoost,GF_01233,5,0.0
XGBoost,GF_01234,5,0.00044630173943
XGBoost,GF_01235,5,0.0
XGBoost,GF_01236,5,0.0
XGBoost,GF_01237,5,0.0003847813350148
XGBoost,GF_01239,5,0.0006540333270095
XGBoost,GF_01240,5,0.0012312057660892
XGBoost,GF_01241,5,0.0
XGBoost,GF_01242,5,0.0011463863775134
XGBoost,GF_01244,5,0.0
XGBoost,GF_01245,5,0.0034157827030867
XGBoost,GF_01246,5,0.0003598099865484
XGBoost,GF_01247,5,0.0
XGBoost,GF_01248,5,0.0
XGBoost,GF_01266,5,0.0
XGBoost,GF_01287,5,0.0
XGBoost,GF_01290,5,0.0
XGBoost,GF_01291,5,0.0002748903061728
XGBoost,GF_01292,5,0.0004979390068911
XGBoost,GF_01293,5,0.0
XGBoost,GF_01297,5,0.0
XGBoost,GF_01306,5,0.0
XGBoost,GF_01314,5,0.0
XGBoost,GF_01315,5,0.0
XGBoost,GF_01327,5,0.0010915236780419
XGBoost,GF_01328,5,0.0072352667339146
XGBoost,GF_01329,5,5.9343943576095626e-05
XGBoost,GF_01330,5,0.0003835411334875
XGBoost,GF_01331,5,0.0010033132275566
XGBoost,GF_01332,5,0.0
XGBoost,GF_01333,5,0.0
XGBoost,GF_01334,5,0.0
XGBoost,GF_01336,5,0.0
XGBoost,GF_01337,5,0.0358826108276844
XGBoost,GF_01338,5,0.0003732745244633
XGBoost,GF_01359,5,0.0
XGBoost,GF_01372,5,0.0
XGBoost,GF_01374,5,7.459038170054555e-05
XGBoost,GF_01375,5,0.0
XGBoost,GF_01376,5,0.0034880433231592
XGBoost,GF_01377,5,0.0001435407466487
XGBoost,GF_01379,5,0.0005402780370786
XGBoost,GF_01381,5,0.0
XGBoost,GF_01382,5,0.0031779333949089
XGBoost,GF_01383,5,0.0063347313553094
XGBoost,GF_01385,5,0.0010336684063076
XGBoost,GF_01386,5,0.2386355698108673
XGBoost,GF_01387,5,0.0
XGBoost,GF_01390,5,0.0
XGBoost,GF_01391,5,0.0025290786288678
XGBoost,GF_01393,5,0.0
XGBoost,GF_01394,5,0.0
XGBoost,GF_01395,5,0.0
XGBoost,GF_01396,5,0.0005511642084456
XGBoost,GF_01397,5,0.0
XGBoost,GF_01399,5,0.0003603021323215
XGBoost,GF_01400,5,0.0
XGBoost,GF_01401,5,0.0
XGBoost,GF_01404,5,0.0
XGBoost,GF_01409,5,0.0037934780120849
XGBoost,GF_01425,5,0.0012966614449396
XGBoost,GF_01426,5,0.0951623246073722
XGBoost,GF_01428,5,0.0
XGBoost,GF_01439,5,0.0
XGBoost,GF_01445,5,0.0
XGBoost,GF_01446,5,0.0
XGBoost,GF_01447,5,0.0
XGBoost,GF_01448,5,0.0008710807887837
XGBoost,GF_01449,5,0.0
XGBoost,GF_01456,5,0.0008907857118174
XGBoost,GF_01458,5,0.0
XGBoost,GF_01460,5,0.0
XGBoost,GF_01461,5,0.0
XGBoost,GF_01462,5,0.0029092980548739
XGBoost,GF_01466,5,0.0
XGBoost,GF_01476,5,0.0011704188073053
XGBoost,GF_01477,5,0.0037203882820904
XGBoost,GF_01479,5,0.0
XGBoost,GF_01480,5,0.0
XGBoost,GF_01481,5,0.0
XGBoost,GF_01487,5,0.1532587707042694
XGBoost,GF_01502,5,0.0
XGBoost,GF_01504,5,0.0
XGBoost,GF_01512,5,0.0010671293130144
XGBoost,GF_01514,5,0.0
XGBoost,GF_01527,5,0.0
XGBoost,GF_01534,5,0.0
XGBoost,GF_01535,5,0.0
XGBoost,GF_01536,5,0.0
XGBoost,GF_01537,5,0.0
XGBoost,GF_01538,5,0.0002605149929877
XGBoost,GF_01539,5,0.0
XGBoost,GF_01540,5,0.0
XGBoost,GF_01541,5,0.0
XGBoost,GF_01542,5,0.0080741140991449
XGBoost,GF_01543,5,0.0117339054122567
XGBoost,GF_01544,5,0.0
XGBoost,GF_01547,5,0.0002748994447756
XGBoost,GF_01549,5,0.0
XGBoost,GF_01550,5,0.0008631153032183
XGBoost,GF_01552,5,0.0
XGBoost,GF_01553,5,0.0
XGBoost,GF_01579,5,0.0
XGBoost,GF_01580,5,0.0017229032237082
XGBoost,GF_01583,5,0.0004443730576895
XGBoost,GF_01584,5,0.0
XGBoost,GF_01591,5,0.0
XGBoost,GF_01592,5,0.0068491059355437
XGBoost,GF_01616,5,0.0
XGBoost,GF_01617,5,0.0
XGBoost,GF_01618,5,0.0004914820310659
XGBoost,GF_01619,5,0.0
XGBoost,GF_01620,5,3.3768861612770706e-05
XGBoost,GF_01621,5,0.0
XGBoost,GF_01623,5,0.0008188714273273
XGBoost,GF_01625,5,0.0010224706493318
XGBoost,GF_01626,5,0.0008165319450199
XGBoost,GF_01627,5,0.0
XGBoost,GF_01628,5,0.0
XGBoost,GF_01629,5,0.0007012676796875
XGBoost,GF_01630,5,0.0
XGBoost,GF_01634,5,0.0
XGBoost,GF_01635,5,0.0
XGBoost,GF_01636,5,0.0
XGBoost,GF_01637,5,0.0
XGBoost,GF_01638,5,0.008651646785438
XGBoost,GF_01639,5,0.0
XGBoost,GF_01641,5,0.0
XGBoost,GF_01648,5,0.0008312075515277
XGBoost,GF_01659,5,0.0
XGBoost,GF_01661,5,0.0026116445660591
XGBoost,GF_01672,5,0.0
XGBoost,GF_01673,5,0.0004857326566707
XGBoost,GF_01674,5,0.0004429320688359
XGBoost,GF_01675,5,0.0
XGBoost,GF_01676,5,0.0002051647461485
XGBoost,GF_01677,5,0.0
XGBoost,GF_01678,5,0.0
XGBoost,GF_01679,5,0.0
XGBoost,GF_01680,5,0.0
XGBoost,GF_01681,5,0.0
XGBoost,GF_01683,5,0.0
XGBoost,GF_01684,5,0.0
XGBoost,GF_01685,5,0.0
XGBoost,GF_01688,5,0.0011735543375834
XGBoost,GF_01689,5,0.0050281262956559
XGBoost,GF_01690,5,0.0006111025577411
XGBoost,GF_01691,5,0.0003383832809049
XGBoost,GF_01692,5,0.0003369234909769
XGBoost,GF_01693,5,0.0001965081173693
XGBoost,GF_01732,5,0.0011308391112834
XGBoost,GF_01733,5,0.0002708708052523
XGBoost,GF_01734,5,0.002429012209177
XGBoost,GF_01735,5,0.0013637883821502
XGBoost,GF_01736,5,0.0009932543616741
XGBoost,GF_01737,5,0.0
XGBoost,GF_01741,5,0.0004737010749522
XGBoost,GF_01742,5,0.0
XGBoost,GF_01745,5,0.0
XGBoost,GF_01763,5,0.0037727057933807
XGBoost,GF_01783,5,0.0
XGBoost,GF_01799,5,0.0
XGBoost,GF_01801,5,0.0
XGBoost,GF_01802,5,0.0
XGBoost,GF_01803,5,0.0
XGBoost,GF_01805,5,0.0
XGBoost,GF_01806,5,0.0
XGBoost,GF_01807,5,0.0004268384072929
XGBoost,GF_01808,5,0.0054735904559493
XGBoost,GF_01809,5,0.0006398831028491
XGBoost,GF_01810,5,0.0
XGBoost,GF_01811,5,0.0
XGBoost,GF_01812,5,0.0
XGBoost,GF_01813,5,2.6620118660503067e-05
XGBoost,GF_01814,5,0.0
XGBoost,GF_01815,5,0.0035860803909599
XGBoost,GF_01816,5,0.0002634142292663
XGBoost,GF_01818,5,0.0028387715574353
XGBoost,GF_01819,5,0.0122487852349877
XGBoost,GF_01822,5,0.0006347851012833
XGBoost,GF_01823,5,0.0
XGBoost,GF_01834,5,0.0014239909360185
XGBoost,GF_01836,5,0.0023436073679476
XGBoost,GF_01837,5,0.0
XGBoost,GF_01840,5,0.0015495084226131
XGBoost,GF_01841,5,0.0151149528101086
XGBoost,GF_01842,5,0.0
XGBoost,GF_01844,5,0.0
XGBoost,GF_01856,5,0.0
XGBoost,GF_01860,5,0.0
XGBoost,GF_01866,5,0.0
XGBoost,GF_01870,5,0.0
XGBoost,GF_01872,5,0.0
XGBoost,GF_01885,5,0.0
XGBoost,GF_01897,5,0.0
XGBoost,GF_01898,5,0.0
XGBoost,GF_01899,5,0.0
XGBoost,GF_01900,5,0.0
XGBoost,GF_01901,5,0.0
XGBoost,GF_01902,5,0.0011522666318342
XGBoost,GF_01904,5,0.0019237457308918
XGBoost,GF_01919,5,0.0
XGBoost,GF_01921,5,0.0
XGBoost,GF_01923,5,0.0
XGBoost,GF_01925,5,0.0007751924567855
XGBoost,GF_01926,5,0.0
XGBoost,GF_01927,5,0.001219950383529
XGBoost,GF_01928,5,0.000612857111264
XGBoost,GF_01929,5,0.0
XGBoost,GF_01930,5,0.0030205778311938
XGBoost,GF_01945,5,0.0
XGBoost,GF_02041,5,0.0008670822717249
XGBoost,GF_02059,5,0.0
XGBoost,GF_02060,5,0.0
XGBoost,GF_02069,5,0.0029972726479172
XGBoost,GF_02070,5,0.0014716567238792
XGBoost,GF_02071,5,0.0
XGBoost,GF_02072,5,0.0
XGBoost,GF_02074,5,0.0
XGBoost,GF_02075,5,0.0002563199668657
XGBoost,GF_02076,5,0.0
XGBoost,GF_02084,5,0.0
XGBoost,GF_02085,5,0.0
XGBoost,GF_02088,5,0.0
XGBoost,GF_02089,5,0.0
XGBoost,GF_02091,5,0.0
XGBoost,GF_02092,5,0.0002517522370908
XGBoost,GF_02093,5,0.0
XGBoost,GF_02094,5,0.0
XGBoost,GF_02101,5,0.0
XGBoost,GF_02109,5,0.0
XGBoost,GF_02110,5,0.0
XGBoost,GF_02113,5,0.0
XGBoost,GF_02122,5,0.0005130513454787
XGBoost,GF_02130,5,0.0021463634911924
XGBoost,GF_02131,5,0.0
XGBoost,GF_02132,5,0.0
XGBoost,GF_02136,5,0.0
XGBoost,GF_02137,5,0.0
XGBoost,GF_02138,5,0.0
XGBoost,GF_02139,5,0.0094838552176952
XGBoost,GF_02140,5,0.0001153212579083
XGBoost,GF_02141,5,0.0013049246044829
XGBoost,GF_02142,5,0.0006423453451134
XGBoost,GF_02143,5,0.0
XGBoost,GF_02145,5,0.0045646135695278
XGBoost,GF_02152,5,0.0027843629941344
XGBoost,GF_02157,5,0.0002068608446279
XGBoost,GF_02158,5,0.0
XGBoost,GF_02159,5,0.0
XGBoost,GF_02172,5,0.0
XGBoost,GF_02178,5,0.0016080636996775
XGBoost,GF_02180,5,0.0014185401378199
XGBoost,GF_02184,5,0.0
XGBoost,GF_02194,5,0.0
XGBoost,GF_02215,5,0.0
XGBoost,GF_02216,5,0.0006041539600118
XGBoost,GF_02217,5,0.0003984706127084
XGBoost,GF_02218,5,0.0
XGBoost,GF_02219,5,0.0
XGBoost,GF_02220,5,0.0007551436428911
XGBoost,GF_02222,5,0.0
XGBoost,GF_02223,5,0.0
XGBoost,GF_02224,5,0.0
XGBoost,GF_02225,5,0.0
XGBoost,GF_02226,5,0.0055904402397572
XGBoost,GF_02227,5,0.0
XGBoost,GF_02228,5,0.0
XGBoost,GF_02229,5,0.0
XGBoost,GF_02230,5,0.0007168042939156
XGBoost,GF_02260,5,0.0032636257819831
XGBoost,GF_02261,5,0.0004500008362811
XGBoost,GF_02262,5,0.0032123096752911
XGBoost,GF_02263,5,0.0
XGBoost,GF_02264,5,0.0
XGBoost,GF_02266,5,0.0153140388429164
